date,days_out,margin,dem_prob,rep_prob,rating,lean,gcb,fundamentals,pres_2024,swing_24_26,dem_pct,rep_pct,oth_pct,rcv,threeway,same_party,oth_party,ind_name,ind_prob,ind_pct,cand1_prob,poll_dem,poll_rep,poll_count,polling_avg,polling_weight,dem_funds,rep_funds,ind_funds,environment,demo_env_adj,trump_approve,trump_net,dem_vap_white,dem_vap_black,dem_vap_hispanic,dem_vap_asian,dem_vap_native,dem_vap_pacific,dem_age_20_29,dem_age_30_39,dem_age_40_49,dem_age_50_59,dem_age_60_69,dem_age_70_79,dem_age_80_plus,dem_educ_no_hs,dem_educ_hs,dem_educ_some_college,dem_educ_associate,dem_educ_bachelor,dem_educ_master,dem_educ_professional,dem_educ_doctorate,dem_inc_u10k,dem_inc_10_15k,dem_inc_15_20k,dem_inc_20_25k,dem_inc_25_30k,dem_inc_30_35k,dem_inc_35_40k,dem_inc_40_45k,dem_inc_45_50k,dem_inc_50_60k,dem_inc_60_75k,dem_inc_75_100k,dem_inc_100_125k,dem_inc_125_150k,dem_inc_150_200k,dem_inc_200k_plus,ind_party_label
2026-01-01,306,-59.4,0.0,100.0,Safe R,-54.16,3.05,-59.2,-54.43,-4.97,19.5,76.54,1.98,False,False,,IND,Mark Cohen,0.0,1.98,0.0,,,0,,0.0,55101,1777414,33064,-51.63,-0.53,65.3,34.0,16.7,57.7,32.7,34.5,28.3,28.3,26.0,23.4,18.9,16.3,16.3,17.1,17.1,20.5,16.0,17.8,18.7,24.1,29.4,27.6,31.2,24.0,23.1,23.1,22.2,21.3,20.4,19.5,18.6,18.6,17.8,17.8,17.8,18.6,18.6,19.5,20.4,Independent
2026-01-02,305,-59.37,0.0,100.0,Safe R,-54.15,3.07,-59.17,-54.43,-4.94,19.51,76.53,1.98,False,False,,IND,Mark Cohen,0.0,1.98,0.0,,,0,,0.0,55101,1777414,33064,-51.61,-0.53,65.3,34.0,16.7,57.7,32.8,34.5,28.3,28.3,26.1,23.4,18.9,16.3,16.3,17.2,17.2,20.5,16.1,17.8,18.7,24.1,29.4,27.6,31.2,24.0,23.1,23.1,22.2,21.3,20.4,19.5,18.7,18.7,17.8,17.8,17.8,18.7,18.7,19.5,20.4,Independent
2026-01-03,304,-59.37,0.0,100.0,Safe R,-54.15,3.07,-59.17,-54.43,-4.94,19.51,76.53,1.98,False,False,,IND,Mark Cohen,0.0,1.98,0.0,,,0,,0.0,55101,1777414,33064,-51.61,-0.53,65.3,34.0,16.7,57.7,32.8,34.5,28.3,28.3,26.1,23.4,18.9,16.3,16.3,17.2,17.2,20.5,16.1,17.8,18.7,24.1,29.4,27.6,31.2,24.0,23.1,23.1,22.2,21.3,20.4,19.5,18.7,18.7,17.8,17.8,17.8,18.7,18.7,19.5,20.4,Independent
2026-01-04,303,-59.45,0.0,100.0,Safe R,-54.17,3.01,-59.25,-54.43,-5.02,19.47,76.57,1.98,False,False,,IND,Mark Cohen,0.0,1.98,0.0,,,0,,0.0,55101,1777414,33064,-51.67,-0.53,65.4,34.2,16.7,57.6,32.7,34.5,28.3,28.3,26.0,23.3,18.9,16.2,16.2,17.1,17.1,20.5,16.0,17.8,18.7,24.0,29.4,27.6,31.1,24.0,23.1,23.1,22.2,21.3,20.4,19.5,18.6,18.6,17.7,17.7,17.7,18.6,18.6,19.5,20.4,Independent
2026-01-05,302,-59.37,0.0,100.0,Safe R,-54.15,3.07,-59.17,-54.43,-4.94,19.51,76.53,1.98,False,False,,IND,Mark Cohen,0.0,1.98,0.0,,,0,,0.0,55101,1777414,33064,-51.61,-0.53,65.4,34.2,16.7,57.7,32.8,34.5,28.3,28.3,26.1,23.4,18.9,16.3,16.3,17.2,17.2,20.5,16.1,17.8,18.7,24.1,29.4,27.6,31.2,24.0,23.1,23.1,22.2,21.3,20.4,19.5,18.7,18.7,17.8,17.8,17.8,18.7,18.7,19.5,20.4,Independent
2026-01-06,301,-59.36,0.0,100.0,Safe R,-54.15,3.08,-59.16,-54.43,-4.93,19.52,76.52,1.98,False,False,,IND,Mark Cohen,0.0,1.98,0.0,,,0,,0.0,55101,1777414,33064,-51.6,-0.53,65.4,34.2,16.7,57.7,32.8,34.5,28.3,28.3,26.1,23.4,18.9,16.3,16.3,17.2,17.2,20.5,16.1,17.8,18.7,24.1,29.4,27.6,31.2,24.0,23.1,23.1,22.2,21.3,20.4,19.6,18.7,18.7,17.8,17.8,17.8,18.7,18.7,19.6,20.4,Independent
2026-01-07,300,-59.4,0.0,100.0,Safe R,-54.16,3.05,-59.2,-54.43,-4.97,19.5,76.54,1.98,False,False,,IND,Mark Cohen,0.0,1.98,0.0,,,0,,0.0,55101,1777414,33064,-51.63,-0.53,65.4,34.1,16.7,57.7,32.7,34.5,28.3,28.3,26.0,23.4,18.9,16.3,16.3,17.1,17.1,20.5,16.0,17.8,18.7,24.1,29.4,27.6,31.2,24.0,23.1,23.1,22.2,21.3,20.4,19.5,18.6,18.6,17.8,17.8,17.8,18.6,18.6,19.5,20.4,Independent
2026-01-08,299,-59.42,0.0,100.0,Safe R,-54.16,3.03,-59.22,-54.43,-4.99,19.49,76.55,1.98,False,False,,IND,Mark Cohen,0.0,1.98,0.0,,,0,,0.0,55101,1777414,33064,-51.65,-0.53,65.4,34.1,16.7,57.6,32.7,34.5,28.3,28.3,26.0,23.4,18.9,16.2,16.2,17.1,17.1,20.5,16.0,17.8,18.7,24.0,29.4,27.6,31.2,24.0,23.1,23.1,22.2,21.3,20.4,19.5,18.6,18.6,17.7,17.7,17.7,18.6,18.6,19.5,20.4,Independent
2026-01-09,298,-59.38,0.0,100.0,Safe R,-54.16,3.06,-59.19,-54.43,-4.95,19.5,76.54,1.98,False,False,,IND,Mark Cohen,0.0,1.98,0.0,,,0,,0.0,55101,1777414,33064,-51.62,-0.53,65.4,34.1,16.7,57.7,32.7,34.5,28.3,28.3,26.0,23.4,18.9,16.3,16.3,17.1,17.1,20.5,16.0,17.8,18.7,24.1,29.4,27.6,31.2,24.0,23.1,23.1,22.2,21.3,20.4,19.5,18.6,18.6,17.8,17.8,17.8,18.6,18.6,19.5,20.4,Independent
2026-01-10,297,-59.38,0.0,100.0,Safe R,-54.16,3.06,-59.19,-54.43,-4.95,19.5,76.54,1.98,False,False,,IND,Mark Cohen,0.0,1.98,0.0,,,0,,0.0,55101,1777414,33064,-51.62,-0.53,65.4,34.1,16.7,57.7,32.7,34.5,28.3,28.3,26.0,23.4,18.9,16.3,16.3,17.1,17.1,20.5,16.0,17.8,18.7,24.1,29.4,27.6,31.2,24.0,23.1,23.1,22.2,21.3,20.4,19.5,18.6,18.6,17.8,17.8,17.8,18.6,18.6,19.5,20.4,Independent
2026-01-11,296,-59.4,0.0,100.0,Safe R,-54.16,3.05,-59.2,-54.43,-4.97,19.5,76.54,1.98,False,False,,IND,Mark Cohen,0.0,1.98,0.0,,,0,,0.0,55101,1777414,33064,-51.63,-0.53,65.3,33.9,16.7,57.7,32.7,34.5,28.3,28.3,26.0,23.4,18.9,16.3,16.3,17.1,17.1,20.5,16.0,17.8,18.7,24.1,29.4,27.6,31.2,24.0,23.1,23.1,22.2,21.3,20.4,19.5,18.6,18.6,17.8,17.8,17.8,18.6,18.6,19.5,20.4,Independent
2026-01-12,295,-59.31,0.0,100.0,Safe R,-54.14,3.12,-59.11,-54.43,-4.88,19.54,76.5,1.98,False,False,,IND,Mark Cohen,0.0,1.98,0.0,,,0,,0.0,55101,1777414,33064,-51.56,-0.53,65.2,33.8,16.8,57.7,32.8,34.6,28.3,28.3,26.1,23.4,19.0,16.3,16.3,17.2,17.2,20.5,16.1,17.9,18.8,24.1,29.4,27.7,31.2,24.0,23.1,23.1,22.2,21.4,20.5,19.6,18.7,18.7,17.8,17.8,17.8,18.7,18.7,19.6,20.5,Independent
2026-01-13,294,-59.37,0.0,100.0,Safe R,-54.15,3.07,-59.17,-54.43,-4.94,19.51,76.53,1.98,False,False,,IND,Mark Cohen,0.0,1.98,0.0,,,0,,0.0,55101,1777414,33064,-51.61,-0.53,65.1,33.6,16.7,57.7,32.8,34.5,28.3,28.3,26.1,23.4,18.9,16.3,16.3,17.2,17.2,20.5,16.1,17.8,18.7,24.1,29.4,27.6,31.2,24.0,23.1,23.1,22.2,21.3,20.4,19.5,18.7,18.7,17.8,17.8,17.8,18.7,18.7,19.5,20.4,Independent
2026-01-14,293,-59.4,0.0,100.0,Safe R,-54.16,3.05,-59.2,-54.43,-4.97,19.5,76.54,1.98,False,False,,IND,Mark Cohen,0.0,1.98,0.0,,,0,,0.0,55101,1777414,33064,-51.63,-0.53,65.2,33.6,16.7,57.7,32.7,34.5,28.3,28.3,26.0,23.4,18.9,16.3,16.3,17.1,17.1,20.5,16.0,17.8,18.7,24.1,29.4,27.6,31.2,24.0,23.1,23.1,22.2,21.3,20.4,19.5,18.6,18.6,17.8,17.8,17.8,18.6,18.6,19.5,20.4,Independent
2026-01-15,292,-59.35,0.0,100.0,Safe R,-54.15,3.09,-59.15,-54.43,-4.92,19.52,76.52,1.98,False,False,,IND,Mark Cohen,0.0,1.98,0.0,,,0,,0.0,55101,1777414,33064,-51.59,-0.53,65.2,33.7,16.7,57.7,32.8,34.5,28.3,28.3,26.1,23.4,18.9,16.3,16.3,17.2,17.2,20.5,16.1,17.8,18.7,24.1,29.4,27.6,31.2,24.0,23.1,23.1,22.2,21.3,20.4,19.6,18.7,18.7,17.8,17.8,17.8,18.7,18.7,19.6,20.4,Independent
2026-01-16,291,-59.35,0.0,100.0,Safe R,-54.15,3.09,-59.15,-54.43,-4.92,19.52,76.52,1.98,False,False,,IND,Mark Cohen,0.0,1.98,0.0,,,0,,0.0,55101,1777414,33064,-51.59,-0.53,65.2,33.6,16.7,57.7,32.8,34.5,28.3,28.3,26.1,23.4,18.9,16.3,16.3,17.2,17.2,20.5,16.1,17.8,18.7,24.1,29.4,27.6,31.2,24.0,23.1,23.1,22.2,21.3,20.4,19.6,18.7,18.7,17.8,17.8,17.8,18.7,18.7,19.6,20.4,Independent
2026-01-17,290,-59.27,0.0,100.0,Safe R,-54.13,3.15,-59.07,-54.43,-4.84,19.56,76.48,1.98,False,False,,IND,Mark Cohen,0.0,1.98,0.0,,,0,,0.0,55101,1777414,33064,-51.53,-0.53,65.1,33.5,16.8,57.7,32.8,34.6,28.4,28.4,26.1,23.4,19.0,16.3,16.3,17.2,17.2,20.6,16.1,17.9,18.8,24.1,29.5,27.7,31.2,24.0,23.2,23.2,22.3,21.4,20.5,19.6,18.7,18.7,17.8,17.8,17.8,18.7,18.7,19.6,20.5,Independent
2026-01-18,289,-59.32,0.0,100.0,Safe R,-54.14,3.11,-59.12,-54.43,-4.89,19.53,76.51,1.98,False,False,,IND,Mark Cohen,0.0,1.98,0.0,,,0,,0.0,55101,1777414,33064,-51.57,-0.53,65.1,33.5,16.8,57.7,32.8,34.6,28.3,28.3,26.1,23.4,19.0,16.3,16.3,17.2,17.2,20.5,16.1,17.9,18.7,24.1,29.4,27.6,31.2,24.0,23.1,23.1,22.2,21.3,20.5,19.6,18.7,18.7,17.8,17.8,17.8,18.7,18.7,19.6,20.5,Independent
2026-01-19,288,-59.32,0.0,100.0,Safe R,-54.14,3.11,-59.12,-54.43,-4.89,19.53,76.51,1.98,False,False,,IND,Mark Cohen,0.0,1.98,0.0,,,0,,0.0,55101,1777414,33064,-51.57,-0.53,65.1,33.6,16.8,57.7,32.8,34.6,28.3,28.3,26.1,23.4,19.0,16.3,16.3,17.2,17.2,20.5,16.1,17.9,18.7,24.1,29.4,27.6,31.2,24.0,23.1,23.1,22.2,21.3,20.5,19.6,18.7,18.7,17.8,17.8,17.8,18.7,18.7,19.6,20.5,Independent
2026-01-20,287,-59.27,0.0,100.0,Safe R,-54.13,3.15,-59.07,-54.43,-4.84,19.56,76.48,1.98,False,False,,IND,Mark Cohen,0.0,1.98,0.0,,,0,,0.0,55101,1777414,33064,-51.53,-0.53,65.0,33.4,16.8,57.7,32.8,34.6,28.4,28.4,26.1,23.4,19.0,16.3,16.3,17.2,17.2,20.6,16.1,17.9,18.8,24.1,29.5,27.7,31.2,24.0,23.2,23.2,22.3,21.4,20.5,19.6,18.7,18.7,17.8,17.8,17.8,18.7,18.7,19.6,20.5,Independent
2026-01-21,286,-59.21,0.0,100.0,Safe R,-54.12,3.2,-59.01,-54.43,-4.78,19.59,76.45,1.98,False,False,,IND,Mark Cohen,0.0,1.98,0.0,,,0,,0.0,55101,1777414,33064,-51.48,-0.53,65.0,33.4,16.8,57.8,32.8,34.6,28.4,28.4,26.1,23.5,19.0,16.3,16.3,17.2,17.2,20.6,16.1,17.9,18.8,24.1,29.5,27.7,31.3,24.1,23.2,23.2,22.3,21.4,20.5,19.6,18.7,18.7,17.8,17.8,17.8,18.7,18.7,19.6,20.5,Independent
2026-01-22,285,-59.21,0.0,100.0,Safe R,-54.12,3.2,-59.01,-54.43,-4.78,19.59,76.45,1.98,False,False,,IND,Mark Cohen,0.0,1.98,0.0,,,0,,0.0,55101,1777414,33064,-51.48,-0.53,65.0,33.3,16.8,57.8,32.8,34.6,28.4,28.4,26.1,23.5,19.0,16.3,16.3,17.2,17.2,20.6,16.1,17.9,18.8,24.1,29.5,27.7,31.3,24.1,23.2,23.2,22.3,21.4,20.5,19.6,18.7,18.7,17.8,17.8,17.8,18.7,18.7,19.6,20.5,Independent
2026-01-23,284,-59.21,0.0,100.0,Safe R,-54.12,3.2,-59.01,-54.43,-4.78,19.59,76.45,1.98,False,False,,IND,Mark Cohen,0.0,1.98,0.0,,,0,,0.0,55101,1777414,33064,-51.48,-0.53,65.0,33.3,16.8,57.8,32.8,34.6,28.4,28.4,26.1,23.5,19.0,16.3,16.3,17.2,17.2,20.6,16.1,17.9,18.8,24.1,29.5,27.7,31.3,24.1,23.2,23.2,22.3,21.4,20.5,19.6,18.7,18.7,17.8,17.8,17.8,18.7,18.7,19.6,20.5,Independent
2026-01-24,283,-59.16,0.0,100.0,Safe R,-54.11,3.24,-58.96,-54.43,-4.73,19.61,76.43,1.98,False,False,,IND,Mark Cohen,0.0,1.98,0.0,,,0,,0.0,55101,1777414,33064,-51.44,-0.53,65.0,33.3,16.8,57.8,32.9,34.6,28.4,28.4,26.2,23.5,19.0,16.4,16.4,17.3,17.3,20.6,16.2,17.9,18.8,24.2,29.5,27.7,31.3,24.1,23.2,23.2,22.3,21.4,20.5,19.6,18.8,18.8,17.9,17.9,17.9,18.8,18.8,19.6,20.5,Independent
2026-01-25,282,-59.28,0.0,100.0,Safe R,-54.14,3.14,-59.09,-54.43,-4.85,19.55,76.49,1.98,False,False,,IND,Mark Cohen,0.0,1.98,0.0,,,0,,0.0,55101,1777414,33064,-51.54,-0.53,65.0,33.2,16.8,57.7,32.8,34.6,28.3,28.3,26.1,23.4,19.0,16.3,16.3,17.2,17.2,20.5,16.1,17.9,18.8,24.1,29.4,27.7,31.2,24.0,23.1,23.1,22.3,21.4,20.5,19.6,18.7,18.7,17.8,17.8,17.8,18.7,18.7,19.6,20.5,Independent
2026-01-26,281,-59.26,0.0,100.0,Safe R,-54.13,3.16,-59.06,-54.43,-4.83,19.56,76.48,1.98,False,False,,IND,Mark Cohen,0.0,1.98,0.0,,,0,,0.0,55101,1777414,33064,-51.52,-0.53,64.8,33.0,16.8,57.7,32.8,34.6,28.4,28.4,26.1,23.4,19.0,16.3,16.3,17.2,17.2,20.6,16.1,17.9,18.8,24.1,29.5,27.7,31.2,24.0,23.2,23.2,22.3,21.4,20.5,19.6,18.7,18.7,17.8,17.8,17.8,18.7,18.7,19.6,20.5,Independent
2026-01-27,280,-59.2,0.0,100.0,Safe R,-54.12,3.21,-59.0,-54.43,-4.77,19.59,76.45,1.98,False,False,,IND,Mark Cohen,0.0,1.98,0.0,,,0,,0.0,55101,1777414,33064,-51.47,-0.53,64.8,32.9,16.8,57.8,32.8,34.6,28.4,28.4,26.1,23.5,19.0,16.3,16.3,17.2,17.2,20.6,16.1,17.9,18.8,24.1,29.5,27.7,31.3,24.1,23.2,23.2,22.3,21.4,20.5,19.6,18.7,18.7,17.8,17.8,17.8,18.7,18.7,19.6,20.5,Independent
2026-01-28,279,-59.18,0.0,100.0,Safe R,-54.12,3.22,-58.99,-54.43,-4.75,19.6,76.44,1.98,False,False,,IND,Mark Cohen,0.0,1.98,0.0,,,0,,0.0,55101,1777414,33064,-51.46,-0.53,64.9,32.9,16.8,57.8,32.8,34.6,28.4,28.4,26.1,23.5,19.0,16.4,16.4,17.2,17.2,20.6,16.1,17.9,18.8,24.2,29.5,27.7,31.3,24.1,23.2,23.2,22.3,21.4,20.5,19.6,18.7,18.7,17.9,17.9,17.9,18.7,18.7,19.6,20.5,Independent
2026-01-29,278,-59.2,0.0,100.0,Safe R,-54.12,3.21,-59.0,-54.43,-4.77,19.59,76.45,1.98,False,False,,IND,Mark Cohen,0.0,1.98,0.0,,,0,,0.0,55101,1777414,33064,-51.47,-0.53,64.9,33.0,16.8,57.8,32.8,34.6,28.4,28.4,26.1,23.5,19.0,16.3,16.3,17.2,17.2,20.6,16.1,17.9,18.8,24.1,29.5,27.7,31.3,24.1,23.2,23.2,22.3,21.4,20.5,19.6,18.7,18.7,17.8,17.8,17.8,18.7,18.7,19.6,20.5,Independent
2026-01-30,277,-59.15,0.0,100.0,Safe R,-54.11,3.25,-58.95,-54.43,-4.72,19.62,76.42,1.98,False,False,,IND,Mark Cohen,0.0,1.98,0.0,,,0,,0.0,55101,1777414,33064,-51.43,-0.53,64.8,32.9,16.8,57.8,32.9,34.6,28.4,28.4,26.2,23.5,19.0,16.4,16.4,17.3,17.3,20.6,16.2,17.9,18.8,24.2,29.5,27.7,31.3,24.1,23.2,23.2,22.3,21.4,20.5,19.7,18.8,18.8,17.9,17.9,17.9,18.8,18.8,19.7,20.5,Independent
2026-01-31,276,-59.18,0.0,100.0,Safe R,-54.12,3.22,-58.99,-54.43,-4.75,19.6,76.44,1.98,False,False,,IND,Mark Cohen,0.0,1.98,0.0,,,0,,0.0,55101,1777414,33064,-51.46,-0.53,64.9,33.0,16.8,57.8,32.8,34.6,28.4,28.4,26.1,23.5,19.0,16.4,16.4,17.2,17.2,20.6,16.1,17.9,18.8,24.2,29.5,27.7,31.3,24.1,23.2,23.2,22.3,21.4,20.5,19.6,18.7,18.7,17.9,17.9,17.9,18.7,18.7,19.6,20.5,Independent
2026-02-01,275,-59.32,0.0,100.0,Safe R,-54.14,3.11,-59.12,-54.43,-4.89,19.53,76.51,1.98,False,False,,IND,Mark Cohen,0.0,1.98,0.0,,,0,,0.0,55101,1777414,33064,-51.57,-0.53,64.9,33.1,16.8,57.7,32.8,34.6,28.3,28.3,26.1,23.4,19.0,16.3,16.3,17.2,17.2,20.5,16.1,17.9,18.7,24.1,29.4,27.6,31.2,24.0,23.1,23.1,22.2,21.3,20.5,19.6,18.7,18.7,17.8,17.8,17.8,18.7,18.7,19.6,20.5,Independent
2026-02-02,274,-59.33,0.0,100.0,Safe R,-54.15,3.1,-59.14,-54.43,-4.9,19.53,76.51,1.98,False,False,,IND,Mark Cohen,0.0,1.98,0.0,,,0,,0.0,55101,1777414,33064,-51.58,-0.53,64.8,32.9,16.8,57.7,32.8,34.6,28.3,28.3,26.1,23.4,19.0,16.3,16.3,17.2,17.2,20.5,16.1,17.9,18.7,24.1,29.4,27.6,31.2,24.0,23.1,23.1,22.2,21.3,20.5,19.6,18.7,18.7,17.8,17.8,17.8,18.7,18.7,19.6,20.5,Independent
2026-02-03,273,-59.33,0.0,100.0,Safe R,-54.15,3.1,-59.14,-54.43,-4.9,19.53,76.51,1.98,False,False,,IND,Mark Cohen,0.0,1.98,0.0,,,0,,0.0,55101,1777414,33064,-51.58,-0.53,64.8,32.9,16.8,57.7,32.8,34.6,28.3,28.3,26.1,23.4,19.0,16.3,16.3,17.2,17.2,20.5,16.1,17.9,18.7,24.1,29.4,27.6,31.2,24.0,23.1,23.1,22.2,21.3,20.5,19.6,18.7,18.7,17.8,17.8,17.8,18.7,18.7,19.6,20.5,Independent
2026-02-04,272,-59.32,0.0,100.0,Safe R,-54.14,3.11,-59.12,-54.43,-4.89,19.53,76.51,1.98,False,False,,IND,Mark Cohen,0.0,1.98,0.0,,,0,,0.0,55101,1777414,33064,-51.57,-0.53,64.8,33.0,16.8,57.7,32.8,34.6,28.3,28.3,26.1,23.4,19.0,16.3,16.3,17.2,17.2,20.5,16.1,17.9,18.7,24.1,29.4,27.6,31.2,24.0,23.1,23.1,22.2,21.3,20.5,19.6,18.7,18.7,17.8,17.8,17.8,18.7,18.7,19.6,20.5,Independent
2026-02-05,271,-59.36,0.0,100.0,Safe R,-54.15,3.08,-59.16,-54.43,-4.93,19.52,76.52,1.98,False,False,,IND,Mark Cohen,0.0,1.98,0.0,,,0,,0.0,55101,1777414,33064,-51.6,-0.53,64.8,33.0,16.7,57.7,32.8,34.5,28.3,28.3,26.1,23.4,18.9,16.3,16.3,17.2,17.2,20.5,16.1,17.8,18.7,24.1,29.4,27.6,31.2,24.0,23.1,23.1,22.2,21.3,20.4,19.6,18.7,18.7,17.8,17.8,17.8,18.7,18.7,19.6,20.4,Independent
2026-02-06,270,-59.32,0.0,100.0,Safe R,-54.14,3.11,-59.12,-54.43,-4.89,19.53,76.51,1.98,False,False,,IND,Mark Cohen,0.0,1.98,0.0,,,0,,0.0,55101,1777414,33064,-51.57,-0.53,64.8,32.9,16.8,57.7,32.8,34.6,28.3,28.3,26.1,23.4,19.0,16.3,16.3,17.2,17.2,20.5,16.1,17.9,18.7,24.1,29.4,27.6,31.2,24.0,23.1,23.1,22.2,21.3,20.5,19.6,18.7,18.7,17.8,17.8,17.8,18.7,18.7,19.6,20.5,Independent
2026-02-07,269,-59.31,0.0,100.0,Safe R,-54.14,3.12,-59.11,-54.43,-4.88,19.54,76.5,1.98,False,False,,IND,Mark Cohen,0.0,1.98,0.0,,,0,,0.0,55101,1777414,33064,-51.56,-0.53,64.8,32.9,16.8,57.7,32.8,34.6,28.3,28.3,26.1,23.4,19.0,16.3,16.3,17.2,17.2,20.5,16.1,17.9,18.8,24.1,29.4,27.7,31.2,24.0,23.1,23.1,22.2,21.4,20.5,19.6,18.7,18.7,17.8,17.8,17.8,18.7,18.7,19.6,20.5,Independent
2026-02-08,268,-59.33,0.0,100.0,Safe R,-54.15,3.1,-59.14,-54.43,-4.9,19.53,76.51,1.98,False,False,,IND,Mark Cohen,0.0,1.98,0.0,,,0,,0.0,55101,1777414,33064,-51.58,-0.53,64.6,32.6,16.8,57.7,32.8,34.6,28.3,28.3,26.1,23.4,19.0,16.3,16.3,17.2,17.2,20.5,16.1,17.9,18.7,24.1,29.4,27.6,31.2,24.0,23.1,23.1,22.2,21.3,20.5,19.6,18.7,18.7,17.8,17.8,17.8,18.7,18.7,19.6,20.5,Independent
2026-02-09,267,-59.27,0.0,100.0,Safe R,-54.13,3.15,-59.07,-54.43,-4.84,19.56,76.48,1.98,False,False,,IND,Mark Cohen,0.0,1.98,0.0,,,0,,0.0,55101,1777414,33064,-51.53,-0.53,64.6,32.6,16.8,57.7,32.8,34.6,28.4,28.4,26.1,23.4,19.0,16.3,16.3,17.2,17.2,20.6,16.1,17.9,18.8,24.1,29.5,27.7,31.2,24.0,23.2,23.2,22.3,21.4,20.5,19.6,18.7,18.7,17.8,17.8,17.8,18.7,18.7,19.6,20.5,Independent
2026-02-10,266,-59.25,0.0,100.0,Safe R,-54.13,3.17,-59.05,-54.43,-4.82,19.57,76.47,1.98,False,False,,IND,Mark Cohen,0.0,1.98,0.0,,,0,,0.0,55101,1777414,33064,-51.51,-0.53,64.6,32.6,16.8,57.7,32.8,34.6,28.4,28.4,26.1,23.4,19.0,16.3,16.3,17.2,17.2,20.6,16.1,17.9,18.8,24.1,29.5,27.7,31.2,24.1,23.2,23.2,22.3,21.4,20.5,19.6,18.7,18.7,17.8,17.8,17.8,18.7,18.7,19.6,20.5,Independent
2026-02-11,265,-59.28,0.0,100.0,Safe R,-54.14,3.14,-59.09,-54.43,-4.85,19.55,76.49,1.98,False,False,,IND,Mark Cohen,0.0,1.98,0.0,,,0,,0.0,55101,1777414,33064,-51.54,-0.53,64.6,32.6,16.8,57.7,32.8,34.6,28.3,28.3,26.1,23.4,19.0,16.3,16.3,17.2,17.2,20.5,16.1,17.9,18.8,24.1,29.4,27.7,31.2,24.0,23.1,23.1,22.3,21.4,20.5,19.6,18.7,18.7,17.8,17.8,17.8,18.7,18.7,19.6,20.5,Independent
2026-02-12,264,-59.26,0.0,100.0,Safe R,-54.13,3.16,-59.06,-54.43,-4.83,19.56,76.48,1.98,False,False,,IND,Mark Cohen,0.0,1.98,0.0,,,0,,0.0,55101,1777414,33064,-51.52,-0.53,64.6,32.6,16.8,57.7,32.8,34.6,28.4,28.4,26.1,23.4,19.0,16.3,16.3,17.2,17.2,20.6,16.1,17.9,18.8,24.1,29.5,27.7,31.2,24.0,23.2,23.2,22.3,21.4,20.5,19.6,18.7,18.7,17.8,17.8,17.8,18.7,18.7,19.6,20.5,Independent
2026-02-13,263,-59.25,0.0,100.0,Safe R,-54.13,3.17,-59.05,-54.43,-4.82,19.57,76.47,1.98,False,False,,IND,Mark Cohen,0.0,1.98,0.0,,,0,,0.0,55101,1777414,33064,-51.51,-0.53,64.6,32.6,16.8,57.7,32.8,34.6,28.4,28.4,26.1,23.4,19.0,16.3,16.3,17.2,17.2,20.6,16.1,17.9,18.8,24.1,29.5,27.7,31.2,24.1,23.2,23.2,22.3,21.4,20.5,19.6,18.7,18.7,17.8,17.8,17.8,18.7,18.7,19.6,20.5,Independent
2026-02-14,262,-59.25,0.0,100.0,Safe R,-54.13,3.17,-59.05,-54.43,-4.82,19.57,76.47,1.98,False,False,,IND,Mark Cohen,0.0,1.98,0.0,,,0,,0.0,55101,1777414,33064,-51.51,-0.53,64.6,32.6,16.8,57.7,32.8,34.6,28.4,28.4,26.1,23.4,19.0,16.3,16.3,17.2,17.2,20.6,16.1,17.9,18.8,24.1,29.5,27.7,31.2,24.1,23.2,23.2,22.3,21.4,20.5,19.6,18.7,18.7,17.8,17.8,17.8,18.7,18.7,19.6,20.5,Independent
2026-02-15,261,-59.25,0.0,100.0,Safe R,-54.13,3.17,-59.05,-54.43,-4.82,19.57,76.47,1.98,False,False,,IND,Mark Cohen,0.0,1.98,0.0,,,0,,0.0,55101,1777414,33064,-51.51,-0.53,64.6,32.6,16.8,57.7,32.8,34.6,28.4,28.4,26.1,23.4,19.0,16.3,16.3,17.2,17.2,20.6,16.1,17.9,18.8,24.1,29.5,27.7,31.2,24.1,23.2,23.2,22.3,21.4,20.5,19.6,18.7,18.7,17.8,17.8,17.8,18.7,18.7,19.6,20.5,Independent
2026-02-16,260,-59.2,0.0,100.0,Safe R,-54.12,3.21,-59.0,-54.43,-4.77,19.59,76.45,1.98,False,False,,IND,Mark Cohen,0.0,1.98,0.0,,,0,,0.0,55101,1777414,33064,-51.47,-0.53,64.6,32.4,16.8,57.8,32.8,34.6,28.4,28.4,26.1,23.5,19.0,16.3,16.3,17.2,17.2,20.6,16.1,17.9,18.8,24.1,29.5,27.7,31.3,24.1,23.2,23.2,22.3,21.4,20.5,19.6,18.7,18.7,17.8,17.8,17.8,18.7,18.7,19.6,20.5,Independent
2026-02-17,259,-59.25,0.0,100.0,Safe R,-54.13,3.17,-59.05,-54.43,-4.82,19.57,76.47,1.98,False,False,,IND,Mark Cohen,0.0,1.98,0.0,,,0,,0.0,55101,1777414,33064,-51.51,-0.53,64.5,32.3,16.8,57.7,32.8,34.6,28.4,28.4,26.1,23.4,19.0,16.3,16.3,17.2,17.2,20.6,16.1,17.9,18.8,24.1,29.5,27.7,31.2,24.1,23.2,23.2,22.3,21.4,20.5,19.6,18.7,18.7,17.8,17.8,17.8,18.7,18.7,19.6,20.5,Independent
2026-02-18,258,-59.21,0.0,100.0,Safe R,-54.12,3.2,-59.01,-54.43,-4.78,19.59,76.45,1.98,False,False,,IND,Mark Cohen,0.0,1.98,0.0,,,0,,0.0,55101,1777414,33064,-51.48,-0.53,64.6,32.3,16.8,57.8,32.8,34.6,28.4,28.4,26.1,23.5,19.0,16.3,16.3,17.2,17.2,20.6,16.1,17.9,18.8,24.1,29.5,27.7,31.3,24.1,23.2,23.2,22.3,21.4,20.5,19.6,18.7,18.7,17.8,17.8,17.8,18.7,18.7,19.6,20.5,Independent
2026-02-19,257,-59.2,0.0,100.0,Safe R,-54.12,3.21,-59.0,-54.43,-4.77,19.59,76.45,1.98,False,False,,IND,Mark Cohen,0.0,1.98,0.0,,,0,,0.0,55101,1777414,33064,-51.47,-0.53,64.6,32.5,16.8,57.8,32.8,34.6,28.4,28.4,26.1,23.5,19.0,16.3,16.3,17.2,17.2,20.6,16.1,17.9,18.8,24.1,29.5,27.7,31.3,24.1,23.2,23.2,22.3,21.4,20.5,19.6,18.7,18.7,17.8,17.8,17.8,18.7,18.7,19.6,20.5,Independent
2026-02-20,256,-59.13,0.0,100.0,Safe R,-54.11,3.26,-58.94,-54.43,-4.7,19.62,76.42,1.98,False,False,,IND,Mark Cohen,0.0,1.98,0.0,,,0,,0.0,55101,1777414,33064,-51.42,-0.53,64.4,32.0,16.8,57.8,32.9,34.6,28.4,28.4,26.2,23.5,19.0,16.4,16.4,17.3,17.3,20.6,16.2,17.9,18.8,24.2,29.5,27.7,31.3,24.1,23.2,23.2,22.3,21.4,20.5,19.7,18.8,18.8,17.9,17.9,17.9,18.8,18.8,19.7,20.5,Independent
2026-02-21,255,-59.12,0.0,100.0,Safe R,-54.1,3.27,-58.92,-54.43,-4.69,19.63,76.41,1.98,False,False,,IND,Mark Cohen,0.0,1.98,0.0,,,0,,0.0,55101,1777414,33064,-51.41,-0.53,64.4,32.0,16.9,57.8,32.9,34.7,28.4,28.4,26.2,23.5,19.1,16.4,16.4,17.3,17.3,20.6,16.2,18.0,18.8,24.2,29.5,27.7,31.3,24.1,23.2,23.2,22.3,21.4,20.6,19.7,18.8,18.8,17.9,17.9,17.9,18.8,18.8,19.7,20.6,Independent
2026-02-22,254,-59.08,0.0,100.0,Safe R,-54.1,3.3,-58.89,-54.43,-4.65,19.65,76.39,1.98,False,False,,IND,Mark Cohen,0.0,1.98,0.0,,,0,,0.0,55101,1777414,33064,-51.38,-0.53,64.5,32.2,16.9,57.8,32.9,34.7,28.4,28.4,26.2,23.5,19.1,16.4,16.4,17.3,17.3,20.6,16.2,18.0,18.9,24.2,29.5,27.8,31.3,24.1,23.2,23.2,22.4,21.5,20.6,19.7,18.8,18.8,17.9,17.9,17.9,18.8,18.8,19.7,20.6,Independent
2026-02-23,253,-59.15,0.0,100.0,Safe R,-54.11,3.25,-58.95,-54.43,-4.72,19.62,76.42,1.98,False,False,,IND,Mark Cohen,0.0,1.98,0.0,,,0,,0.0,55101,1777414,33064,-51.43,-0.53,64.5,32.0,16.8,57.8,32.9,34.6,28.4,28.4,26.2,23.5,19.0,16.4,16.4,17.3,17.3,20.6,16.2,17.9,18.8,24.2,29.5,27.7,31.3,24.1,23.2,23.2,22.3,21.4,20.5,19.7,18.8,18.8,17.9,17.9,17.9,18.8,18.8,19.7,20.5,Independent
2026-02-24,252,-59.11,0.0,100.0,Safe R,-54.1,3.28,-58.91,-54.43,-4.68,19.64,76.4,1.98,False,False,,IND,Mark Cohen,0.0,1.98,0.0,,,0,,0.0,55101,1777414,33064,-51.4,-0.53,64.5,32.0,16.9,57.8,32.9,34.7,28.4,28.4,26.2,23.5,19.1,16.4,16.4,17.3,17.3,20.6,16.2,18.0,18.9,24.2,29.5,27.8,31.3,24.1,23.2,23.2,22.3,21.5,20.6,19.7,18.8,18.8,17.9,17.9,17.9,18.8,18.8,19.7,20.6,Independent
2026-02-25,251,-59.11,0.0,100.0,Safe R,-54.1,3.28,-58.91,-54.43,-4.68,19.64,76.4,1.98,False,False,,IND,Mark Cohen,0.0,1.98,0.0,,,0,,0.0,55101,1777414,33064,-51.4,-0.53,64.5,32.0,16.9,57.8,32.9,34.7,28.4,28.4,26.2,23.5,19.1,16.4,16.4,17.3,17.3,20.6,16.2,18.0,18.9,24.2,29.5,27.8,31.3,24.1,23.2,23.2,22.3,21.5,20.6,19.7,18.8,18.8,17.9,17.9,17.9,18.8,18.8,19.7,20.6,Independent
2026-02-26,250,-59.13,0.0,100.0,Safe R,-54.11,3.26,-58.94,-54.43,-4.7,19.62,76.42,1.98,False,False,,IND,Mark Cohen,0.0,1.98,0.0,,,0,,0.0,55101,1777414,33064,-51.42,-0.53,64.6,32.2,16.8,57.8,32.9,34.6,28.4,28.4,26.2,23.5,19.0,16.4,16.4,17.3,17.3,20.6,16.2,17.9,18.8,24.2,29.5,27.7,31.3,24.1,23.2,23.2,22.3,21.4,20.5,19.7,18.8,18.8,17.9,17.9,17.9,18.8,18.8,19.7,20.5,Independent
2026-02-27,249,-59.13,0.0,100.0,Safe R,-54.11,3.26,-58.94,-54.43,-4.7,19.62,76.42,1.98,False,False,,IND,Mark Cohen,0.0,1.98,0.0,,,0,,0.0,55101,1777414,33064,-51.42,-0.53,64.6,32.4,16.8,57.8,32.9,34.6,28.4,28.4,26.2,23.5,19.0,16.4,16.4,17.3,17.3,20.6,16.2,17.9,18.8,24.2,29.5,27.7,31.3,24.1,23.2,23.2,22.3,21.4,20.5,19.7,18.8,18.8,17.9,17.9,17.9,18.8,18.8,19.7,20.5,Independent
2026-02-28,248,-59.13,0.0,100.0,Safe R,-54.11,3.26,-58.94,-54.43,-4.7,19.62,76.42,1.98,False,False,,IND,Mark Cohen,0.0,1.98,0.0,,,0,,0.0,55101,1777414,33064,-51.42,-0.53,64.7,32.5,16.8,57.8,32.9,34.6,28.4,28.4,26.2,23.5,19.0,16.4,16.4,17.3,17.3,20.6,16.2,17.9,18.8,24.2,29.5,27.7,31.3,24.1,23.2,23.2,22.3,21.4,20.5,19.7,18.8,18.8,17.9,17.9,17.9,18.8,18.8,19.7,20.5,Independent
2026-03-01,247,-59.12,0.0,100.0,Safe R,-54.1,3.27,-58.92,-54.43,-4.69,19.63,76.41,1.98,False,False,,IND,Mark Cohen,0.0,1.98,0.0,,,0,,0.0,55101,1777414,33064,-51.41,-0.53,64.6,32.3,16.9,57.8,32.9,34.7,28.4,28.4,26.2,23.5,19.1,16.4,16.4,17.3,17.3,20.6,16.2,18.0,18.8,24.2,29.5,27.7,31.3,24.1,23.2,23.2,22.3,21.4,20.6,19.7,18.8,18.8,17.9,17.9,17.9,18.8,18.8,19.7,20.6,Independent
2026-03-02,246,-59.06,0.0,100.0,Safe R,-54.09,3.32,-58.86,-54.43,-4.63,19.66,76.38,1.98,False,False,,IND,Mark Cohen,0.0,1.98,0.0,,,0,,0.0,55101,1777414,33064,-51.36,-0.53,64.7,32.3,16.9,57.8,32.9,34.7,28.5,28.5,26.2,23.5,19.1,16.4,16.4,17.3,17.3,20.7,16.2,18.0,18.9,24.2,29.6,27.8,31.3,24.1,23.3,23.3,22.4,21.5,20.6,19.7,18.8,18.8,17.9,17.9,17.9,18.8,18.8,19.7,20.6,Independent
2026-03-03,245,-59.1,0.0,100.0,Safe R,-54.1,3.29,-58.9,-54.43,-4.67,19.64,76.4,1.98,False,False,,IND,Mark Cohen,0.0,1.98,0.0,,,0,,0.0,55101,1777414,33064,-51.39,-0.53,64.7,32.4,16.9,57.8,32.9,34.7,28.4,28.4,26.2,23.5,19.1,16.4,16.4,17.3,17.3,20.6,16.2,18.0,18.9,24.2,29.5,27.8,31.3,24.1,23.2,23.2,22.3,21.5,20.6,19.7,18.8,18.8,17.9,17.9,17.9,18.8,18.8,19.7,20.6,Independent
2026-03-04,244,-58.93,0.0,100.0,Safe R,-54.07,3.42,-58.74,-54.43,-4.5,19.72,76.32,1.98,False,False,,IND,Mark Cohen,0.0,1.98,0.0,,,0,,0.0,55101,1777414,33064,-51.26,-0.53,64.6,32.3,16.9,57.9,33.0,34.8,28.5,28.5,26.3,23.6,19.1,16.5,16.5,17.4,17.4,20.7,16.3,18.0,18.9,24.3,29.6,27.8,31.4,24.2,23.3,23.3,22.4,21.5,20.6,19.8,18.9,18.9,18.0,18.0,18.0,18.9,18.9,19.8,20.6,Independent
2026-03-05,243,-58.96,0.0,100.0,Safe R,-54.07,3.4,-58.76,-54.43,-4.53,19.71,76.33,1.98,False,False,,IND,Mark Cohen,0.0,1.98,0.0,,,0,,0.0,55101,1777414,33064,-51.28,-0.53,64.6,32.4,16.9,57.9,33.0,34.7,28.5,28.5,26.3,23.6,19.1,16.5,16.5,17.3,17.3,20.7,16.3,18.0,18.9,24.3,29.6,27.8,31.4,24.2,23.3,23.3,22.4,21.5,20.6,19.7,18.9,18.9,18.0,18.0,18.0,18.9,18.9,19.7,20.6,Independent
2026-03-06,242,-59.01,0.0,100.0,Safe R,-54.08,3.36,-58.81,-54.43,-4.58,19.68,76.36,1.98,False,False,,IND,Mark Cohen,0.0,1.98,0.0,,,0,,0.0,55101,1777414,33064,-51.32,-0.53,64.6,32.4,16.9,57.9,32.9,34.7,28.5,28.5,26.2,23.6,19.1,16.4,16.4,17.3,17.3,20.7,16.2,18.0,18.9,24.2,29.6,27.8,31.4,24.2,23.3,23.3,22.4,21.5,20.6,19.7,18.8,18.8,17.9,17.9,17.9,18.8,18.8,19.7,20.6,Independent
2026-03-07,241,-59.01,0.0,100.0,Safe R,-54.08,3.36,-58.81,-54.43,-4.58,19.68,76.36,1.98,False,False,,IND,Mark Cohen,0.0,1.98,0.0,,,0,,0.0,55101,1777414,33064,-51.32,-0.53,64.6,32.4,16.9,57.9,32.9,34.7,28.5,28.5,26.2,23.6,19.1,16.4,16.4,17.3,17.3,20.7,16.2,18.0,18.9,24.2,29.6,27.8,31.4,24.2,23.3,23.3,22.4,21.5,20.6,19.7,18.8,18.8,17.9,17.9,17.9,18.8,18.8,19.7,20.6,Independent
2026-03-08,240,-58.97,0.0,100.0,Safe R,-54.07,3.39,-58.77,-54.43,-4.54,19.7,76.34,1.98,False,False,,IND,Mark Cohen,0.0,1.98,0.0,,,0,,0.0,55101,1777414,33064,-51.29,-0.53,64.5,32.3,16.9,57.9,33.0,34.7,28.5,28.5,26.2,23.6,19.1,16.4,16.4,17.3,17.3,20.7,16.2,18.0,18.9,24.3,29.6,27.8,31.4,24.2,23.3,23.3,22.4,21.5,20.6,19.7,18.8,18.8,18.0,18.0,18.0,18.8,18.8,19.7,20.6,Independent
2026-03-09,239,-59.03,0.0,100.0,Safe R,-54.09,3.34,-58.84,-54.43,-4.6,19.67,76.37,1.98,False,False,,IND,Mark Cohen,0.0,1.98,0.0,,,0,,0.0,55101,1777414,33064,-51.34,-0.53,64.5,32.4,16.9,57.9,32.9,34.7,28.5,28.5,26.2,23.5,19.1,16.4,16.4,17.3,17.3,20.7,16.2,18.0,18.9,24.2,29.6,27.8,31.4,24.2,23.3,23.3,22.4,21.5,20.6,19.7,18.8,18.8,17.9,17.9,17.9,18.8,18.8,19.7,20.6,Independent
2026-03-10,238,-58.96,0.0,100.0,Safe R,-54.07,3.4,-58.76,-54.43,-4.53,19.71,76.33,1.98,False,False,,IND,Mark Cohen,0.0,1.98,0.0,,,0,,0.0,55101,1777414,33064,-51.28,-0.53,64.5,32.4,16.9,57.9,33.0,34.7,28.5,28.5,26.3,23.6,19.1,16.5,16.5,17.3,17.3,20.7,16.3,18.0,18.9,24.3,29.6,27.8,31.4,24.2,23.3,23.3,22.4,21.5,20.6,19.7,18.9,18.9,18.0,18.0,18.0,18.9,18.9,19.7,20.6,Independent
2026-03-11,237,-58.95,0.0,100.0,Safe R,-54.07,3.41,-58.75,-54.43,-4.52,19.71,76.33,1.98,False,False,,IND,Mark Cohen,0.0,1.98,0.0,,,0,,0.0,55101,1777414,33064,-51.27,-0.53,64.5,32.4,16.9,57.9,33.0,34.7,28.5,28.5,26.3,23.6,19.1,16.5,16.5,17.3,17.3,20.7,16.3,18.0,18.9,24.3,29.6,27.8,31.4,24.2,23.3,23.3,22.4,21.5,20.6,19.7,18.9,18.9,18.0,18.0,18.0,18.9,18.9,19.7,20.6,Independent
2026-03-12,236,-59.0,0.0,100.0,Safe R,-54.08,3.37,-58.8,-54.43,-4.57,19.69,76.35,1.98,False,False,,IND,Mark Cohen,0.0,1.98,0.0,,,0,,0.0,55101,1777414,33064,-51.31,-0.53,64.5,32.4,16.9,57.9,32.9,34.7,28.5,28.5,26.2,23.6,19.1,16.4,16.4,17.3,17.3,20.7,16.2,18.0,18.9,24.2,29.6,27.8,31.4,24.2,23.3,23.3,22.4,21.5,20.6,19.7,18.8,18.8,17.9,17.9,17.9,18.8,18.8,19.7,20.6,Independent
2026-03-13,235,-58.98,0.0,100.0,Safe R,-54.08,3.38,-58.79,-54.43,-4.55,19.7,76.34,1.98,False,False,,IND,Mark Cohen,0.0,1.98,0.0,,,0,,0.0,55101,1777414,33064,-51.3,-0.53,64.5,32.4,16.9,57.9,33.0,34.7,28.5,28.5,26.2,23.6,19.1,16.4,16.4,17.3,17.3,20.7,16.2,18.0,18.9,24.3,29.6,27.8,31.4,24.2,23.3,23.3,22.4,21.5,20.6,19.7,18.8,18.8,18.0,18.0,18.0,18.8,18.8,19.7,20.6,Independent
2026-03-14,234,-58.95,0.0,100.0,Safe R,-54.07,3.41,-58.75,-54.43,-4.52,19.71,76.33,1.98,False,False,,IND,Mark Cohen,0.0,1.98,0.0,,,0,,0.0,55101,1777414,33064,-51.27,-0.53,64.5,32.4,16.9,57.9,33.0,34.7,28.5,28.5,26.3,23.6,19.1,16.5,16.5,17.3,17.3,20.7,16.3,18.0,18.9,24.3,29.6,27.8,31.4,24.2,23.3,23.3,22.4,21.5,20.6,19.7,18.9,18.9,18.0,18.0,18.0,18.9,18.9,19.7,20.6,Independent
2026-03-15,233,-59.0,0.0,100.0,Safe R,-54.08,3.37,-58.8,-54.43,-4.57,19.69,76.35,1.98,False,False,,IND,Mark Cohen,0.0,1.98,0.0,,,0,,0.0,55101,1777414,33064,-51.31,-0.53,64.5,32.4,16.9,57.9,32.9,34.7,28.5,28.5,26.2,23.6,19.1,16.4,16.4,17.3,17.3,20.7,16.2,18.0,18.9,24.2,29.6,27.8,31.4,24.2,23.3,23.3,22.4,21.5,20.6,19.7,18.8,18.8,17.9,17.9,17.9,18.8,18.8,19.7,20.6,Independent
2026-03-16,232,-58.9,0.0,100.0,Safe R,-54.06,3.45,-58.7,-54.43,-4.47,19.74,76.3,1.98,False,False,,IND,Mark Cohen,0.0,1.98,0.0,,,0,,0.0,55101,1777414,33064,-51.23,-0.53,64.3,32.2,17.0,57.9,33.0,34.8,28.5,28.5,26.3,23.6,19.2,16.5,16.5,17.4,17.4,20.7,16.3,18.1,19.0,24.3,29.6,27.9,31.4,24.2,23.3,23.3,22.4,21.6,20.7,19.8,18.9,18.9,18.0,18.0,18.0,18.9,18.9,19.8,20.7,Independent
2026-03-17,231,-58.77,0.0,100.0,Safe R,-54.03,3.55,-58.57,-54.43,-4.34,19.8,76.24,1.98,False,False,,IND,Mark Cohen,0.0,1.98,0.0,,,0,,0.0,55101,1777414,33064,-51.13,-0.53,64.4,32.2,17.0,58.0,33.1,34.8,28.6,28.6,26.3,23.7,19.2,16.5,16.5,17.4,17.4,20.8,16.3,18.1,19.0,24.4,29.7,27.9,31.5,24.3,23.4,23.4,22.5,21.6,20.7,19.8,18.9,18.9,18.1,18.1,18.1,18.9,18.9,19.8,20.7,Independent
2026-03-18,230,-58.81,0.0,100.0,Safe R,-54.04,3.52,-58.61,-54.43,-4.38,19.78,76.26,1.98,False,False,,IND,Mark Cohen,0.0,1.98,0.0,,,0,,0.0,55101,1777414,33064,-51.16,-0.53,64.3,32.2,17.0,58.0,33.0,34.8,28.6,28.6,26.3,23.7,19.2,16.5,16.5,17.4,17.4,20.8,16.3,18.1,19.0,24.3,29.7,27.9,31.5,24.3,23.4,23.4,22.5,21.6,20.7,19.8,18.9,18.9,18.0,18.0,18.0,18.9,18.9,19.8,20.7,Independent
2026-03-19,229,-58.82,0.0,100.0,Safe R,-54.04,3.51,-58.62,-54.43,-4.39,19.77,76.27,1.98,False,False,,IND,Mark Cohen,0.0,1.98,0.0,,,0,,0.0,55101,1777414,33064,-51.17,-0.53,64.3,32.1,17.0,58.0,33.0,34.8,28.6,28.6,26.3,23.6,19.2,16.5,16.5,17.4,17.4,20.8,16.3,18.1,19.0,24.3,29.7,27.9,31.5,24.3,23.4,23.4,22.5,21.6,20.7,19.8,18.9,18.9,18.0,18.0,18.0,18.9,18.9,19.8,20.7,Independent
2026-03-20,228,-58.78,0.0,100.0,Safe R,-54.04,3.54,-58.59,-54.43,-4.35,19.79,76.25,1.98,False,False,,IND,Mark Cohen,0.0,1.98,0.0,,,0,,0.0,55101,1777414,33064,-51.14,-0.53,64.2,31.9,17.0,58.0,33.0,34.8,28.6,28.6,26.3,23.7,19.2,16.5,16.5,17.4,17.4,20.8,16.3,18.1,19.0,24.4,29.7,27.9,31.5,24.3,23.4,23.4,22.5,21.6,20.7,19.8,18.9,18.9,18.0,18.0,18.0,18.9,18.9,19.8,20.7,Independent
2026-03-21,227,-58.83,0.0,100.0,Safe R,-54.05,3.5,-58.64,-54.43,-4.4,19.77,76.27,1.98,False,False,,IND,Mark Cohen,0.0,1.98,0.0,,,0,,0.0,55101,1777414,33064,-51.18,-0.53,64.2,31.9,17.0,58.0,33.0,34.8,28.6,28.6,26.3,23.6,19.2,16.5,16.5,17.4,17.4,20.8,16.3,18.1,19.0,24.3,29.7,27.9,31.5,24.3,23.4,23.4,22.5,21.6,20.7,19.8,18.9,18.9,18.0,18.0,18.0,18.9,18.9,19.8,20.7,Independent
2026-03-22,226,-58.77,0.0,100.0,Safe R,-54.03,3.55,-58.57,-54.43,-4.34,19.8,76.24,1.98,False,False,,IND,Mark Cohen,0.0,1.98,0.0,,,0,,0.0,55101,1777414,33064,-51.13,-0.53,64.3,32.0,17.0,58.0,33.1,34.8,28.6,28.6,26.3,23.7,19.2,16.5,16.5,17.4,17.4,20.8,16.3,18.1,19.0,24.4,29.7,27.9,31.5,24.3,23.4,23.4,22.5,21.6,20.7,19.8,18.9,18.9,18.1,18.1,18.1,18.9,18.9,19.8,20.7,Independent
2026-03-23,225,-58.68,0.0,100.0,Safe R,-54.02,3.62,-58.49,-54.43,-4.25,19.84,76.2,1.98,False,False,,IND,Mark Cohen,0.0,1.98,0.0,,,0,,0.0,55101,1777414,33064,-51.06,-0.53,64.1,31.5,17.1,58.1,33.1,34.9,28.6,28.6,26.4,23.7,19.3,16.6,16.6,17.5,17.5,20.8,16.4,18.2,19.1,24.4,29.7,28.0,31.5,24.3,23.4,23.4,22.6,21.7,20.8,19.9,19.0,19.0,18.1,18.1,18.1,19.0,19.0,19.9,20.8,Independent
2026-03-24,224,-58.73,0.0,100.0,Safe R,-54.03,3.58,-58.54,-54.43,-4.3,19.82,76.22,1.98,False,False,,IND,Mark Cohen,0.0,1.98,0.0,,,0,,0.0,55101,1777414,33064,-51.1,-0.53,64.1,31.6,17.0,58.0,33.1,34.9,28.6,28.6,26.4,23.7,19.2,16.6,16.6,17.5,17.5,20.8,16.4,18.1,19.0,24.4,29.7,27.9,31.5,24.3,23.4,23.4,22.5,21.6,20.7,19.9,19.0,19.0,18.1,18.1,18.1,19.0,19.0,19.9,20.7,Independent
2026-03-25,223,-58.71,0.0,100.0,Safe R,-54.02,3.6,-58.51,-54.43,-4.28,19.83,76.21,1.98,False,False,,IND,Mark Cohen,0.0,1.98,0.0,,,0,,0.0,55101,1777414,33064,-51.08,-0.53,63.9,31.3,17.0,58.0,33.1,34.9,28.6,28.6,26.4,23.7,19.3,16.6,16.6,17.5,17.5,20.8,16.4,18.2,19.0,24.4,29.7,28.0,31.5,24.3,23.4,23.4,22.5,21.6,20.8,19.9,19.0,19.0,18.1,18.1,18.1,19.0,19.0,19.9,20.8,Independent
2026-03-26,222,-58.68,0.0,100.0,Safe R,-54.02,3.62,-58.49,-54.43,-4.25,19.84,76.2,1.98,False,False,,IND,Mark Cohen,0.0,1.98,0.0,,,0,,0.0,55101,1777414,33064,-51.06,-0.53,64.0,31.4,17.1,58.1,33.1,34.9,28.6,28.6,26.4,23.7,19.3,16.6,16.6,17.5,17.5,20.8,16.4,18.2,19.1,24.4,29.7,28.0,31.5,24.3,23.4,23.4,22.6,21.7,20.8,19.9,19.0,19.0,18.1,18.1,18.1,19.0,19.0,19.9,20.8,Independent
2026-03-27,221,-58.73,0.0,100.0,Safe R,-54.03,3.58,-58.54,-54.43,-4.3,19.82,76.22,1.98,False,False,,IND,Mark Cohen,0.0,1.98,0.0,,,0,,0.0,55101,1777414,33064,-51.1,-0.53,64.0,31.4,17.0,58.0,33.1,34.9,28.6,28.6,26.4,23.7,19.2,16.6,16.6,17.5,17.5,20.8,16.4,18.1,19.0,24.4,29.7,27.9,31.5,24.3,23.4,23.4,22.5,21.6,20.7,19.9,19.0,19.0,18.1,18.1,18.1,19.0,19.0,19.9,20.7,Independent
2026-03-28,220,-58.67,0.0,100.0,Safe R,-54.01,3.63,-58.47,-54.43,-4.24,19.85,76.19,1.98,False,False,,IND,Mark Cohen,0.0,1.98,0.0,,,0,,0.0,55101,1777414,33064,-51.05,-0.53,64.0,31.4,17.1,58.1,33.1,34.9,28.7,28.7,26.4,23.7,19.3,16.6,16.6,17.5,17.5,20.8,16.4,18.2,19.1,24.4,29.8,28.0,31.5,24.3,23.5,23.5,22.6,21.7,20.8,19.9,19.0,19.0,18.1,18.1,18.1,19.0,19.0,19.9,20.8,Independent
2026-03-29,219,-58.66,0.0,100.0,Safe R,-54.01,3.64,-58.46,-54.43,-4.23,19.85,76.19,1.98,False,False,,IND,Mark Cohen,0.0,1.98,0.0,,,0,,0.0,55101,1777414,33064,-51.04,-0.53,64.0,31.5,17.1,58.1,33.1,34.9,28.7,28.7,26.4,23.7,19.3,16.6,16.6,17.5,17.5,20.8,16.4,18.2,19.1,24.4,29.8,28.0,31.5,24.3,23.5,23.5,22.6,21.7,20.8,19.9,19.0,19.0,18.1,18.1,18.1,19.0,19.0,19.9,20.8,Independent
2026-03-30,218,-58.66,0.0,100.0,Safe R,-54.01,3.64,-58.46,-54.43,-4.23,19.85,76.19,1.98,False,False,,IND,Mark Cohen,0.0,1.98,0.0,,,0,,0.0,55101,1777414,33064,-51.04,-0.53,63.8,31.1,17.1,58.1,33.1,34.9,28.7,28.7,26.4,23.7,19.3,16.6,16.6,17.5,17.5,20.8,16.4,18.2,19.1,24.4,29.8,28.0,31.5,24.3,23.5,23.5,22.6,21.7,20.8,19.9,19.0,19.0,18.1,18.1,18.1,19.0,19.0,19.9,20.8,Independent
2026-03-31,217,-58.65,0.0,100.0,Safe R,-54.01,3.65,-58.45,-54.43,-4.22,19.86,76.18,1.98,False,False,,IND,Mark Cohen,0.0,1.98,0.0,,,0,,0.0,55101,1777414,33064,-51.03,-0.53,63.8,31.1,17.1,58.1,33.1,34.9,28.7,28.7,26.4,23.7,19.3,16.6,16.6,17.5,17.5,20.9,16.4,18.2,19.1,24.4,29.8,28.0,31.6,24.4,23.5,23.5,22.6,21.7,20.8,19.9,19.0,19.0,18.1,18.1,18.1,19.0,19.0,19.9,20.8,Independent
2026-04-01,216,-58.61,0.0,100.0,Safe R,-54.0,3.68,-58.41,-54.43,-4.18,19.88,76.16,1.98,False,False,,IND,Mark Cohen,0.0,1.98,0.0,,,0,,0.0,55101,1777414,33064,-51.0,-0.53,63.8,31.1,17.1,58.1,33.1,34.9,28.7,28.7,26.4,23.8,19.3,16.6,16.6,17.5,17.5,20.9,16.4,18.2,19.1,24.4,29.8,28.0,31.6,24.4,23.5,23.5,22.6,21.7,20.8,19.9,19.0,19.0,18.1,18.1,18.1,19.0,19.0,19.9,20.8,Independent
2026-04-02,215,-58.62,0.0,100.0,Safe R,-54.0,3.67,-58.42,-54.43,-4.19,19.87,76.17,1.98,False,False,,IND,Mark Cohen,0.0,1.98,0.0,,,0,,0.0,55101,1777414,33064,-51.01,-0.53,63.8,31.1,17.1,58.1,33.1,34.9,28.7,28.7,26.4,23.7,19.3,16.6,16.6,17.5,17.5,20.9,16.4,18.2,19.1,24.4,29.8,28.0,31.6,24.4,23.5,23.5,22.6,21.7,20.8,19.9,19.0,19.0,18.1,18.1,18.1,19.0,19.0,19.9,20.8,Independent
2026-04-03,214,-58.6,0.0,100.0,Safe R,-54.0,3.69,-58.4,-54.43,-4.17,19.88,76.16,1.98,False,False,,IND,Mark Cohen,0.0,1.98,0.0,,,0,,0.0,55101,1777414,33064,-50.99,-0.53,63.8,31.2,17.1,58.1,33.1,34.9,28.7,28.7,26.4,23.8,19.3,16.6,16.6,17.5,17.5,20.9,16.4,18.2,19.1,24.4,29.8,28.0,31.6,24.4,23.5,23.5,22.6,21.7,20.8,19.9,19.0,19.0,18.1,18.1,18.1,19.0,19.0,19.9,20.8,Independent
2026-04-04,213,-58.6,0.0,100.0,Safe R,-54.0,3.69,-58.4,-54.43,-4.17,19.88,76.16,1.98,False,False,,IND,Mark Cohen,0.0,1.98,0.0,,,0,,0.0,55101,1777414,33064,-50.99,-0.53,63.8,31.2,17.1,58.1,33.1,34.9,28.7,28.7,26.4,23.8,19.3,16.6,16.6,17.5,17.5,20.9,16.4,18.2,19.1,24.4,29.8,28.0,31.6,24.4,23.5,23.5,22.6,21.7,20.8,19.9,19.0,19.0,18.1,18.1,18.1,19.0,19.0,19.9,20.8,Independent
2026-04-05,212,-57.4,0.0,100.0,Safe R,-53.76,4.65,-57.2,-54.43,-2.97,20.46,75.58,1.98,False,False,,IND,Mark Cohen,0.0,1.98,0.0,,,0,,0.0,55101,1777414,33064,-50.03,-0.53,63.8,31.2,17.7,58.8,33.8,35.5,29.3,29.3,27.0,24.3,19.9,17.2,17.2,18.1,18.1,21.5,17.0,18.8,19.7,25.0,30.4,28.6,32.2,25.0,24.1,24.1,23.2,22.3,21.4,20.5,19.6,19.6,18.7,18.7,18.7,19.6,19.6,20.5,21.4,Independent
2026-04-06,211,-57.46,0.0,100.0,Safe R,-53.77,4.6,-57.26,-54.43,-3.03,20.43,75.61,1.98,False,False,,IND,Mark Cohen,0.0,1.98,0.0,,,0,,0.0,55101,1777414,33064,-50.08,-0.53,63.8,31.3,17.6,58.7,33.7,35.5,29.3,29.3,27.0,24.3,19.8,17.2,17.2,18.1,18.1,21.4,17.0,18.7,19.6,25.0,30.4,28.6,32.2,24.9,24.0,24.0,23.1,22.3,21.4,20.5,19.6,19.6,18.7,18.7,18.7,19.6,19.6,20.5,21.4,Independent
2026-04-07,210,-57.35,0.0,100.0,Safe R,-52.72,3.66,-57.15,-54.43,-2.92,20.48,75.56,1.98,False,False,,IND,Mark Cohen,0.0,1.98,0.0,,,0,,0.0,55101,1777414,33064,-51.02,-0.53,63.8,31.3,17.7,58.8,33.8,35.6,29.3,29.3,27.0,24.4,19.9,17.2,17.2,18.1,18.1,21.5,17.0,18.8,19.7,25.1,30.4,28.6,32.2,25.0,24.1,24.1,23.2,22.3,21.4,20.5,19.6,19.6,18.7,18.7,18.7,19.6,19.6,20.5,21.4,Independent
2026-04-08,209,-57.35,0.0,100.0,Safe R,-52.72,3.66,-57.15,-54.43,-2.92,20.48,75.56,1.98,False,False,,IND,Mark Cohen,0.0,1.98,0.0,,,0,,0.0,55101,1777414,33064,-51.02,-0.53,63.8,31.3,17.7,58.8,33.8,35.6,29.3,29.3,27.0,24.4,19.9,17.2,17.2,18.1,18.1,21.5,17.0,18.8,19.7,25.1,30.4,28.6,32.2,25.0,24.1,24.1,23.2,22.3,21.4,20.5,19.6,19.6,18.7,18.7,18.7,19.6,19.6,20.5,21.4,Independent
2026-04-09,208,-57.31,0.0,100.0,Safe R,-52.71,3.69,-57.11,-54.43,-2.88,20.5,75.54,1.98,False,False,,IND,Mark Cohen,0.0,1.98,0.0,,,0,,0.0,55101,1777414,33064,-50.99,-0.53,63.8,31.3,17.7,58.8,33.8,35.6,29.3,29.3,27.1,24.4,19.9,17.2,17.2,18.1,18.1,21.5,17.0,18.8,19.7,25.1,30.4,28.6,32.2,25.0,24.1,24.1,23.2,22.3,21.4,20.5,19.6,19.6,18.7,18.7,18.7,19.6,19.6,20.5,21.4,Independent
2026-04-10,207,-57.3,0.0,100.0,Safe R,-52.71,3.7,-57.1,-54.43,-2.87,20.5,75.54,1.98,False,False,,IND,Mark Cohen,0.0,1.98,0.0,,,0,,0.0,55101,1777414,33064,-50.98,-0.53,63.8,31.2,17.7,58.8,33.8,35.6,29.3,29.3,27.1,24.4,19.9,17.2,17.2,18.1,18.1,21.5,17.0,18.8,19.7,25.1,30.4,28.6,32.2,25.0,24.1,24.1,23.2,22.3,21.4,20.5,19.6,19.6,18.7,18.7,18.7,19.6,19.6,20.5,21.4,Independent
2026-04-11,206,-56.16,0.0,100.0,Safe R,-52.51,4.64,-55.96,-54.43,-1.73,21.05,74.99,1.98,False,False,,IND,Mark Cohen,0.0,1.98,0.0,,,0,,0.0,55101,1777414,33064,-50.04,-0.53,63.8,31.2,18.3,59.5,34.4,36.2,29.9,29.9,27.6,24.9,20.5,17.8,17.8,18.7,18.7,22.1,17.6,19.4,20.3,25.6,31.0,29.2,32.8,25.6,24.7,24.7,23.8,22.9,22.0,21.1,20.2,20.2,19.3,19.3,19.3,20.2,20.2,21.1,22.0,Independent
2026-04-12,205,-56.18,0.0,100.0,Safe R,-52.52,4.62,-55.99,-54.43,-1.75,21.04,75.0,1.98,False,False,,IND,Mark Cohen,0.0,1.98,0.0,,,0,,0.0,55101,1777414,33064,-50.06,-0.53,63.9,31.3,18.2,59.5,34.4,36.2,29.9,29.9,27.6,24.9,20.5,17.8,17.8,18.7,18.7,22.0,17.6,19.4,20.2,25.6,31.0,29.2,32.8,25.6,24.7,24.7,23.8,22.9,22.0,21.1,20.2,20.2,19.3,19.3,19.3,20.2,20.2,21.1,22.0,Independent
2026-04-13,204,-57.27,0.0,100.0,Safe R,-52.71,3.72,-57.08,-54.43,-2.84,20.52,75.52,1.98,False,False,,IND,Mark Cohen,0.0,1.98,0.0,,,0,,0.0,55101,1777414,33064,-50.96,-0.53,63.7,31.1,17.7,58.9,33.8,35.6,29.4,29.4,27.1,24.4,19.9,17.3,17.3,18.2,18.2,21.5,17.0,18.8,19.7,25.1,30.5,28.7,32.2,25.0,24.1,24.1,23.2,22.3,21.5,20.6,19.7,19.7,18.8,18.8,18.8,19.7,19.7,20.6,21.5,Independent
2026-04-14,203,-57.24,0.0,100.0,Safe R,-52.7,3.75,-57.04,-54.43,-2.81,20.53,75.51,1.98,False,False,,IND,Mark Cohen,0.0,1.98,0.0,,,0,,0.0,55101,1777414,33064,-50.93,-0.53,63.7,31.0,17.7,58.9,33.8,35.6,29.4,29.4,27.1,24.4,19.9,17.3,17.3,18.2,18.2,21.5,17.1,18.8,19.7,25.1,30.5,28.7,32.3,25.0,24.1,24.1,23.2,22.4,21.5,20.6,19.7,19.7,18.8,18.8,18.8,19.7,19.7,20.6,21.5,Independent
2026-04-15,202,-57.22,0.0,100.0,Safe R,-52.7,3.76,-57.03,-54.43,-2.79,20.54,75.5,1.98,False,False,,IND,Mark Cohen,0.0,1.98,0.0,,,0,,0.0,55101,1777414,33064,-50.92,-0.53,63.7,31.0,17.8,58.9,33.8,35.6,29.4,29.4,27.1,24.4,20.0,17.3,17.3,18.2,18.2,21.5,17.1,18.9,19.8,25.1,30.5,28.7,32.3,25.0,24.2,24.2,23.3,22.4,21.5,20.6,19.7,19.7,18.8,18.8,18.8,19.7,19.7,20.6,21.5,Independent
2026-04-16,201,-57.2,0.0,100.0,Safe R,-52.69,3.78,-57.0,-54.43,-2.77,20.55,75.49,1.98,False,False,,IND,Mark Cohen,0.0,1.98,0.0,,,0,,0.0,55101,1777414,33064,-50.9,-0.53,63.7,30.8,17.8,58.9,33.9,35.6,29.4,29.4,27.1,24.4,20.0,17.3,17.3,18.2,18.2,21.5,17.1,18.9,19.8,25.1,30.5,28.7,32.3,25.1,24.2,24.2,23.3,22.4,21.5,20.6,19.7,19.7,18.8,18.8,18.8,19.7,19.7,20.6,21.5,Independent
2026-04-17,200,-56.08,0.0,100.0,Safe R,-52.49,4.7,-55.88,-54.43,-1.65,21.09,74.95,1.98,False,False,,IND,Mark Cohen,0.0,1.98,0.0,,,0,,0.0,55101,1777414,33064,-49.98,-0.53,63.7,30.8,18.3,59.5,34.4,36.2,29.9,29.9,27.7,25.0,20.5,17.8,17.8,18.7,18.7,22.1,17.6,19.4,20.3,25.7,31.1,29.3,32.8,25.6,24.7,24.7,23.8,22.9,22.0,21.1,20.2,20.2,19.3,19.3,19.3,20.2,20.2,21.1,22.0,Independent
2026-04-18,199,-56.08,0.0,100.0,Safe R,-52.49,4.7,-55.88,-54.43,-1.65,21.09,74.95,1.98,False,False,,IND,Mark Cohen,0.0,1.98,0.0,,,0,,0.0,55101,1777414,33064,-49.98,-0.53,63.7,30.9,18.3,59.5,34.4,36.2,29.9,29.9,27.7,25.0,20.5,17.8,17.8,18.7,18.7,22.1,17.6,19.4,20.3,25.7,31.1,29.3,32.8,25.6,24.7,24.7,23.8,22.9,22.0,21.1,20.2,20.2,19.3,19.3,19.3,20.2,20.2,21.1,22.0,Independent
2026-04-19,198,-57.17,0.0,100.0,Safe R,-52.69,3.8,-56.98,-54.43,-2.74,20.56,75.48,1.98,False,False,,IND,Mark Cohen,0.0,1.98,0.0,,,0,,0.0,55101,1777414,33064,-50.88,-0.53,63.6,30.8,17.8,58.9,33.9,35.7,29.4,29.4,27.1,24.4,20.0,17.3,17.3,18.2,18.2,21.6,17.1,18.9,19.8,25.1,30.5,28.7,32.3,25.1,24.2,24.2,23.3,22.4,21.5,20.6,19.7,19.7,18.8,18.8,18.8,19.7,19.7,20.6,21.5,Independent
2026-04-20,197,-57.17,0.0,100.0,Safe R,-52.69,3.8,-56.98,-54.43,-2.74,20.56,75.48,1.98,False,False,,IND,Mark Cohen,0.0,1.98,0.0,,,0,,0.0,55101,1777414,33064,-50.88,-0.53,63.3,30.2,17.8,58.9,33.9,35.7,29.4,29.4,27.1,24.4,20.0,17.3,17.3,18.2,18.2,21.6,17.1,18.9,19.8,25.1,30.5,28.7,32.3,25.1,24.2,24.2,23.3,22.4,21.5,20.6,19.7,19.7,18.8,18.8,18.8,19.7,19.7,20.6,21.5,Independent
2026-04-21,196,-57.17,0.0,100.0,Safe R,-52.69,3.8,-56.98,-54.43,-2.74,20.56,75.48,1.98,False,False,,IND,Mark Cohen,0.0,1.98,0.0,,,0,,0.0,55101,1777414,33064,-50.88,-0.53,63.3,30.2,17.8,58.9,33.9,35.7,29.4,29.4,27.1,24.4,20.0,17.3,17.3,18.2,18.2,21.6,17.1,18.9,19.8,25.1,30.5,28.7,32.3,25.1,24.2,24.2,23.3,22.4,21.5,20.6,19.7,19.7,18.8,18.8,18.8,19.7,19.7,20.6,21.5,Independent
2026-04-22,195,-57.17,0.0,100.0,Safe R,-52.69,3.8,-56.98,-54.43,-2.74,20.56,75.48,1.98,False,False,,IND,Mark Cohen,0.0,1.98,0.0,,,0,,0.0,55101,1777414,33064,-50.88,-0.53,63.3,30.2,17.8,58.9,33.9,35.7,29.4,29.4,27.1,24.4,20.0,17.3,17.3,18.2,18.2,21.6,17.1,18.9,19.8,25.1,30.5,28.7,32.3,25.1,24.2,24.2,23.3,22.4,21.5,20.6,19.7,19.7,18.8,18.8,18.8,19.7,19.7,20.6,21.5,Independent
2026-04-23,194,-56.06,0.0,100.0,Safe R,-52.49,4.72,-55.86,-54.43,-1.63,21.1,74.94,1.98,False,False,,IND,Mark Cohen,0.0,1.98,0.0,,,0,,0.0,55101,1777414,33064,-49.96,-0.53,63.3,30.1,18.3,59.5,34.4,36.2,30.0,30.0,27.7,25.0,20.5,17.8,17.8,18.7,18.7,22.1,17.6,19.4,20.3,25.7,31.1,29.3,32.9,25.6,24.7,24.7,23.8,22.9,22.0,21.1,20.2,20.2,19.3,19.3,19.3,20.2,20.2,21.1,22.0,Independent
2026-04-24,193,-56.05,0.0,100.0,Safe R,-52.49,4.73,-55.85,-54.43,-1.62,21.11,74.93,1.98,False,False,,IND,Mark Cohen,0.0,1.98,0.0,,,0,,0.0,55101,1777414,33064,-49.95,-0.53,63.4,30.2,18.3,59.5,34.4,36.2,30.0,30.0,27.7,25.0,20.5,17.8,17.8,18.7,18.7,22.1,17.6,19.4,20.3,25.7,31.1,29.3,32.9,25.6,24.7,24.7,23.8,22.9,22.0,21.1,20.3,20.3,19.4,19.4,19.4,20.3,20.3,21.1,22.0,Independent
2026-04-25,192,-57.12,0.0,100.0,Safe R,-52.68,3.84,-56.93,-54.43,-2.69,20.59,75.45,1.98,False,False,,IND,Mark Cohen,0.0,1.98,0.0,,,0,,0.0,55101,1777414,33064,-50.84,-0.53,63.4,30.2,17.8,58.9,33.9,35.7,29.4,29.4,27.2,24.5,20.0,17.3,17.3,18.2,18.2,21.6,17.1,18.9,19.8,25.2,30.5,28.7,32.3,25.1,24.2,24.2,23.3,22.4,21.5,20.6,19.7,19.7,18.8,18.8,18.8,19.7,19.7,20.6,21.5,Independent
2026-04-26,191,-57.09,0.0,100.0,Safe R,-52.67,3.87,-56.89,-54.43,-2.66,20.61,75.43,1.98,False,False,,IND,Mark Cohen,0.0,1.98,0.0,,,0,,0.0,55101,1777414,33064,-50.81,-0.53,63.2,29.9,17.8,59.0,33.9,35.7,29.4,29.4,27.2,24.5,20.0,17.3,17.3,18.2,18.2,21.6,17.1,18.9,19.8,25.2,30.6,28.8,32.3,25.1,24.2,24.2,23.3,22.4,21.5,20.6,19.8,19.8,18.9,18.9,18.9,19.8,19.8,20.6,21.5,Independent
2026-04-27,190,-57.11,0.0,100.0,Safe R,-52.68,3.85,-56.92,-54.43,-2.68,20.59,75.45,1.98,False,False,,IND,Mark Cohen,0.0,1.98,0.0,,,0,,0.0,55101,1777414,33064,-50.83,-0.53,63.2,29.7,17.8,58.9,33.9,35.7,29.4,29.4,27.2,24.5,20.0,17.3,17.3,18.2,18.2,21.6,17.1,18.9,19.8,25.2,30.5,28.7,32.3,25.1,24.2,24.2,23.3,22.4,21.5,20.6,19.7,19.7,18.8,18.8,18.8,19.7,19.7,20.6,21.5,Independent
2026-04-28,189,-57.1,0.0,100.0,Safe R,-52.67,3.86,-56.9,-54.43,-2.67,20.6,75.44,1.98,False,False,,IND,Mark Cohen,0.0,1.98,0.0,,,0,,0.0,55101,1777414,33064,-50.82,-0.53,63.2,29.6,17.8,58.9,33.9,35.7,29.4,29.4,27.2,24.5,20.0,17.3,17.3,18.2,18.2,21.6,17.1,18.9,19.8,25.2,30.5,28.8,32.3,25.1,24.2,24.2,23.3,22.4,21.5,20.6,19.7,19.7,18.8,18.8,18.8,19.7,19.7,20.6,21.5,Independent
2026-04-29,188,-56.02,0.0,100.0,Safe R,-52.48,4.75,-55.82,-54.43,-1.59,21.12,74.92,1.98,False,False,,IND,Mark Cohen,0.0,1.98,0.0,,,0,,0.0,55101,1777414,33064,-49.93,-0.53,63.2,29.6,18.3,59.5,34.5,36.2,30.0,30.0,27.7,25.0,20.5,17.8,17.8,18.7,18.7,22.1,17.6,19.4,20.3,25.7,31.1,29.3,32.9,25.6,24.7,24.7,23.8,22.9,22.1,21.2,20.3,20.3,19.4,19.4,19.4,20.3,20.3,21.2,22.1,Independent
2026-04-30,187,-55.92,0.0,100.0,Safe R,-52.46,4.83,-55.72,-54.43,-1.49,21.17,74.87,1.98,False,False,,IND,Mark Cohen,0.0,1.98,0.0,,,0,,0.0,55101,1777414,33064,-49.85,-0.53,63.1,29.6,18.4,59.6,34.5,36.3,30.0,30.0,27.8,25.1,20.6,17.9,17.9,18.8,18.8,22.2,17.7,19.5,20.4,25.8,31.1,29.3,32.9,25.7,24.8,24.8,23.9,23.0,22.1,21.2,20.3,20.3,19.4,19.4,19.4,20.3,20.3,21.2,22.1,Independent
2026-05-01,186,-56.49,0.0,100.0,Safe R,-52.56,4.36,-56.29,-54.43,-2.06,20.9,75.14,1.98,False,False,,IND,Mark Cohen,0.0,1.98,0.0,,,0,,0.0,55101,1777414,33064,-50.32,-0.53,63.1,29.6,18.1,59.3,34.2,36.0,29.7,29.7,27.5,24.8,20.3,17.6,17.6,18.5,18.5,21.9,17.4,19.2,20.1,25.5,30.9,29.1,32.6,25.4,24.5,24.5,23.6,22.7,21.8,20.9,20.0,20.0,19.1,19.1,19.1,20.0,20.0,20.9,21.8,Independent
2026-05-02,185,-56.49,0.0,100.0,Safe R,-52.56,4.36,-56.29,-54.43,-2.06,20.9,75.14,1.98,False,False,,IND,Mark Cohen,0.0,1.98,0.0,,,0,,0.0,55101,1777414,33064,-50.32,-0.53,63.1,29.6,18.1,59.3,34.2,36.0,29.7,29.7,27.5,24.8,20.3,17.6,17.6,18.5,18.5,21.9,17.4,19.2,20.1,25.5,30.9,29.1,32.6,25.4,24.5,24.5,23.6,22.7,21.8,20.9,20.0,20.0,19.1,19.1,19.1,20.0,20.0,20.9,21.8,Independent
2026-05-03,184,-56.53,0.0,100.0,Safe R,-52.57,4.33,-56.33,-54.43,-2.1,20.88,75.16,1.98,False,False,,IND,Mark Cohen,0.0,1.98,0.0,,,0,,0.0,55101,1777414,33064,-50.35,-0.53,63.2,29.7,18.1,59.3,34.2,36.0,29.7,29.7,27.5,24.8,20.3,17.6,17.6,18.5,18.5,21.9,17.4,19.2,20.1,25.5,30.8,29.0,32.6,25.4,24.5,24.5,23.6,22.7,21.8,20.9,20.0,20.0,19.1,19.1,19.1,20.0,20.0,20.9,21.8,Independent
2026-05-04,183,-55.58,0.0,100.0,Safe R,-52.4,5.11,-55.38,-54.43,-1.15,21.33,74.71,1.98,False,False,,IND,Mark Cohen,0.0,1.98,0.0,,,0,,0.0,55101,1777414,33064,-49.57,-0.53,63.0,29.4,18.5,59.8,34.7,36.5,30.2,30.2,27.9,25.2,20.7,18.1,18.1,19.0,19.0,22.3,17.8,19.6,20.5,25.9,31.3,29.5,33.1,25.9,25.0,25.0,24.1,23.2,22.3,21.4,20.5,20.5,19.6,19.6,19.6,20.5,20.5,21.4,22.3,Independent
2026-05-05,182,-55.59,0.0,100.0,Safe R,-52.41,5.1,-55.4,-54.43,-1.16,21.32,74.72,1.98,False,False,,IND,Mark Cohen,0.0,1.98,0.0,,,0,,0.0,55101,1777414,33064,-49.58,-0.53,63.1,29.4,18.5,59.8,34.7,36.5,30.2,30.2,27.9,25.2,20.7,18.0,18.0,18.9,18.9,22.3,17.8,19.6,20.5,25.9,31.3,29.5,33.1,25.8,24.9,24.9,24.0,23.2,22.3,21.4,20.5,20.5,19.6,19.6,19.6,20.5,20.5,21.4,22.3,Independent
2026-05-06,181,-55.53,0.0,100.0,Safe R,-52.39,5.15,-55.33,-54.43,-1.1,21.35,74.69,1.98,False,False,,IND,Mark Cohen,0.0,1.98,0.0,,,0,,0.0,55101,1777414,33064,-49.53,-0.53,63.1,29.4,18.6,59.8,34.7,36.5,30.2,30.2,27.9,25.3,20.8,18.1,18.1,19.0,19.0,22.4,17.9,19.7,20.6,25.9,31.3,29.5,33.1,25.9,25.0,25.0,24.1,23.2,22.3,21.4,20.5,20.5,19.6,19.6,19.6,20.5,20.5,21.4,22.3,Independent
2026-05-07,180,-56.31,0.0,100.0,Safe R,-52.52,4.5,-56.11,-54.43,-1.88,20.98,75.06,1.98,False,False,,IND,Mark Cohen,0.0,1.98,0.0,,,0,,0.0,55101,1777414,33064,-50.18,-0.53,63.1,29.4,18.2,59.4,34.3,36.1,29.8,29.8,27.6,24.9,20.4,17.7,17.7,18.6,18.6,22.0,17.5,19.3,20.2,25.6,30.9,29.1,32.7,25.5,24.6,24.6,23.7,22.8,21.9,21.0,20.1,20.1,19.2,19.2,19.2,20.1,20.1,21.0,21.9,Independent
2026-05-08,179,-56.31,0.0,100.0,Safe R,-52.52,4.5,-56.11,-54.43,-1.88,20.98,75.06,1.98,False,False,,IND,Mark Cohen,0.0,1.98,0.0,,,0,,0.0,55101,1777414,33064,-50.18,-0.53,63.1,29.4,18.2,59.4,34.3,36.1,29.8,29.8,27.6,24.9,20.4,17.7,17.7,18.6,18.6,22.0,17.5,19.3,20.2,25.6,30.9,29.1,32.7,25.5,24.6,24.6,23.7,22.8,21.9,21.0,20.1,20.1,19.2,19.2,19.2,20.1,20.1,21.0,21.9,Independent
2026-05-09,178,-56.3,0.0,100.0,Safe R,-52.52,4.51,-56.1,-54.43,-1.87,20.99,75.05,1.98,False,False,,IND,Mark Cohen,0.0,1.98,0.0,,,0,,0.0,55101,1777414,33064,-50.17,-0.53,63.1,29.4,18.2,59.4,34.3,36.1,29.8,29.8,27.6,24.9,20.4,17.7,17.7,18.6,18.6,22.0,17.5,19.3,20.2,25.6,30.9,29.2,32.7,25.5,24.6,24.6,23.7,22.8,21.9,21.0,20.1,20.1,19.2,19.2,19.2,20.1,20.1,21.0,21.9,Independent
2026-05-10,177,-55.44,0.0,100.0,Safe R,-52.37,5.22,-55.24,-54.43,-1.01,21.4,74.64,1.98,False,False,,IND,Mark Cohen,0.0,1.98,0.0,,,0,,0.0,55101,1777414,33064,-49.46,-0.53,63.1,29.5,18.6,59.9,34.8,36.5,30.3,30.3,28.0,25.3,20.8,18.1,18.1,19.0,19.0,22.4,17.9,19.7,20.6,26.0,31.4,29.6,33.2,25.9,25.0,25.0,24.1,23.2,22.3,21.4,20.5,20.5,19.6,19.6,19.6,20.5,20.5,21.4,22.3,Independent
2026-05-11,176,-55.45,0.0,100.0,Safe R,-52.38,5.21,-55.26,-54.43,-1.02,21.39,74.65,1.98,False,False,,IND,Mark Cohen,0.0,1.98,0.0,,,0,,0.0,55101,1777414,33064,-49.47,-0.53,63.0,29.2,18.6,59.9,34.7,36.5,30.3,30.3,28.0,25.3,20.8,18.1,18.1,19.0,19.0,22.4,17.9,19.7,20.6,26.0,31.4,29.6,33.2,25.9,25.0,25.0,24.1,23.2,22.3,21.4,20.5,20.5,19.6,19.6,19.6,20.5,20.5,21.4,22.3,Independent
2026-05-12,175,-55.42,0.0,100.0,Safe R,-52.37,5.24,-55.22,-54.43,-0.99,21.41,74.63,1.98,False,False,,IND,Mark Cohen,0.0,1.98,0.0,,,0,,0.0,55101,1777414,33064,-49.44,-0.53,63.0,29.2,18.6,59.9,34.8,36.6,30.3,30.3,28.0,25.3,20.8,18.1,18.1,19.0,19.0,22.4,17.9,19.7,20.6,26.0,31.4,29.6,33.2,25.9,25.0,25.0,24.1,23.2,22.3,21.4,20.5,20.5,19.7,19.7,19.7,20.5,20.5,21.4,22.3,Independent
2026-05-13,174,-56.37,0.0,100.0,Safe R,-52.54,4.45,-56.18,-54.43,-1.94,20.95,75.09,1.98,False,False,,IND,Mark Cohen,0.0,1.98,0.0,,,0,,0.0,55101,1777414,33064,-50.23,-0.53,63.0,29.2,18.2,59.4,34.3,36.1,29.8,29.8,27.5,24.8,20.4,17.7,17.7,18.6,18.6,22.0,17.5,19.3,20.2,25.5,30.9,29.1,32.7,25.5,24.6,24.6,23.7,22.8,21.9,21.0,20.1,20.1,19.2,19.2,19.2,20.1,20.1,21.0,21.9,Independent
2026-05-14,173,-56.36,0.0,100.0,Safe R,-52.53,4.46,-56.16,-54.43,-1.93,20.96,75.08,1.98,False,False,,IND,Mark Cohen,0.0,1.98,0.0,,,0,,0.0,55101,1777414,33064,-50.22,-0.53,63.1,29.3,18.2,59.4,34.3,36.1,29.8,29.8,27.5,24.9,20.4,17.7,17.7,18.6,18.6,22.0,17.5,19.3,20.2,25.5,30.9,29.1,32.7,25.5,24.6,24.6,23.7,22.8,21.9,21.0,20.1,20.1,19.2,19.2,19.2,20.1,20.1,21.0,21.9,Independent
2026-05-15,172,-56.18,0.0,100.0,Safe R,-52.49,4.6,-55.98,-54.43,-1.75,21.04,75.0,1.98,False,False,,IND,Mark Cohen,0.0,1.98,0.0,,,0,,0.0,55101,1777414,33064,-50.08,-0.53,62.9,28.9,18.2,59.5,34.4,36.2,29.9,29.9,27.6,24.9,20.5,17.8,17.8,18.7,18.7,22.0,17.6,19.4,20.2,25.6,31.0,29.2,32.8,25.6,24.7,24.7,23.8,22.9,22.0,21.1,20.2,20.2,19.3,19.3,19.3,20.2,20.2,21.1,22.0,Independent
2026-05-16,171,-55.27,0.0,100.0,Safe R,-52.34,5.35,-55.08,-54.43,-0.84,21.48,74.56,1.98,False,False,,IND,Mark Cohen,0.0,1.98,0.0,,,0,,0.0,55101,1777414,33064,-49.33,-0.53,62.9,28.9,18.7,60.0,34.8,36.6,30.3,30.3,28.1,25.4,20.9,18.2,18.2,19.1,19.1,22.5,18.0,19.8,20.7,26.1,31.5,29.7,33.3,26.0,25.1,25.1,24.2,23.3,22.4,21.5,20.6,20.6,19.7,19.7,19.7,20.6,20.6,21.5,22.4,Independent
2026-05-17,170,-55.32,0.0,100.0,Safe R,-52.35,5.31,-55.13,-54.43,-0.89,21.45,74.59,1.98,False,False,,IND,Mark Cohen,0.0,1.98,0.0,,,0,,0.0,55101,1777414,33064,-49.37,-0.53,62.9,29.0,18.7,59.9,34.8,36.6,30.3,30.3,28.0,25.4,20.9,18.2,18.2,19.1,19.1,22.5,18.0,19.8,20.7,26.0,31.4,29.6,33.2,26.0,25.1,25.1,24.2,23.3,22.4,21.5,20.6,20.6,19.7,19.7,19.7,20.6,20.6,21.5,22.4,Independent
2026-05-18,169,-55.15,0.0,100.0,Safe R,-52.31,5.45,-54.95,-54.43,-0.72,21.54,74.5,1.98,False,False,,IND,Mark Cohen,0.0,1.98,0.0,,,0,,0.0,55101,1777414,33064,-49.23,-0.53,62.7,28.5,18.7,60.0,34.9,36.7,30.4,30.4,28.1,25.4,21.0,18.3,18.3,19.2,19.2,22.5,18.1,19.9,20.7,26.1,31.5,29.7,33.3,26.1,25.2,25.2,24.3,23.4,22.5,21.6,20.7,20.7,19.8,19.8,19.8,20.7,20.7,21.6,22.5,Independent
2026-05-19,168,-56.03,0.0,100.0,Safe R,-52.46,4.72,-55.83,-54.43,-1.6,21.11,74.93,1.98,False,False,,IND,Mark Cohen,0.0,1.98,0.0,,,0,,0.0,55101,1777414,33064,-49.96,-0.53,62.6,28.4,18.3,59.5,34.4,36.2,30.0,30.0,27.7,25.0,20.5,17.8,17.8,18.7,18.7,22.1,17.6,19.4,20.3,25.7,31.1,29.3,32.9,25.6,24.7,24.7,23.8,22.9,22.0,21.1,20.3,20.3,19.4,19.4,19.4,20.3,20.3,21.1,22.0,Independent
2026-05-20,167,-56.02,0.0,100.0,Safe R,-52.46,4.73,-55.82,-54.43,-1.59,21.12,74.92,1.98,False,False,,IND,Mark Cohen,0.0,1.98,0.0,,,0,,0.0,55101,1777414,33064,-49.95,-0.53,62.5,28.2,18.3,59.5,34.5,36.2,30.0,30.0,27.7,25.0,20.5,17.8,17.8,18.7,18.7,22.1,17.6,19.4,20.3,25.7,31.1,29.3,32.9,25.6,24.7,24.7,23.8,22.9,22.1,21.2,20.3,20.3,19.4,19.4,19.4,20.3,20.3,21.2,22.1,Independent
2026-05-21,166,-56.02,0.0,100.0,Safe R,-52.46,4.73,-55.82,-54.43,-1.59,21.12,74.92,1.98,False,False,,IND,Mark Cohen,0.0,1.98,0.0,,,0,,0.0,55101,1777414,33064,-49.95,-0.53,62.5,28.3,18.3,59.5,34.5,36.2,30.0,30.0,27.7,25.0,20.5,17.8,17.8,18.7,18.7,22.1,17.6,19.4,20.3,25.7,31.1,29.3,32.9,25.6,24.7,24.7,23.8,22.9,22.1,21.2,20.3,20.3,19.4,19.4,19.4,20.3,20.3,21.2,22.1,Independent
2026-05-22,165,-55.12,0.0,100.0,Safe R,-52.3,5.47,-54.92,-54.43,-0.69,21.55,74.49,1.98,False,False,,IND,Mark Cohen,0.0,1.98,0.0,,,0,,0.0,55101,1777414,33064,-49.21,-0.53,62.6,28.3,18.7,60.0,34.9,36.7,30.4,30.4,28.1,25.5,21.0,18.3,18.3,19.2,19.2,22.6,18.1,19.9,20.8,26.1,31.5,29.7,33.3,26.1,25.2,25.2,24.3,23.4,22.5,21.6,20.7,20.7,19.8,19.8,19.8,20.7,20.7,21.6,22.5,Independent
2026-05-23,164,-55.13,0.0,100.0,Safe R,-52.31,5.46,-54.94,-54.43,-0.7,21.54,74.5,1.98,False,False,,IND,Mark Cohen,0.0,1.98,0.0,,,0,,0.0,55101,1777414,33064,-49.22,-0.53,62.6,28.3,18.7,60.0,34.9,36.7,30.4,30.4,28.1,25.4,21.0,18.3,18.3,19.2,19.2,22.5,18.1,19.9,20.7,26.1,31.5,29.7,33.3,26.1,25.2,25.2,24.3,23.4,22.5,21.6,20.7,20.7,19.8,19.8,19.8,20.7,20.7,21.6,22.5,Independent
2026-05-24,163,-55.16,0.0,100.0,Safe R,-52.31,5.44,-54.96,-54.43,-0.73,21.53,74.51,1.98,False,False,,IND,Mark Cohen,0.0,1.98,0.0,,,0,,0.0,55101,1777414,33064,-49.24,-0.53,62.6,28.4,18.7,60.0,34.9,36.7,30.4,30.4,28.1,25.4,20.9,18.3,18.3,19.2,19.2,22.5,18.0,19.8,20.7,26.1,31.5,29.7,33.3,26.1,25.2,25.2,24.3,23.4,22.5,21.6,20.7,20.7,19.8,19.8,19.8,20.7,20.7,21.6,22.5,Independent
2026-05-25,162,-56.01,0.0,100.0,Safe R,-52.46,4.74,-55.81,-54.43,-1.58,21.13,74.91,1.98,False,False,,IND,Mark Cohen,0.0,1.98,0.0,,,0,,0.0,55101,1777414,33064,-49.94,-0.53,62.6,28.5,18.3,59.6,34.5,36.3,30.0,30.0,27.7,25.0,20.5,17.9,17.9,18.8,18.8,22.1,17.7,19.4,20.3,25.7,31.1,29.3,32.9,25.6,24.8,24.8,23.9,23.0,22.1,21.2,20.3,20.3,19.4,19.4,19.4,20.3,20.3,21.2,22.1,Independent
2026-05-26,161,-56.07,0.0,100.0,Safe R,-52.47,4.69,-55.87,-54.43,-1.64,21.09,74.95,1.98,False,False,,IND,Mark Cohen,0.0,1.98,0.0,,,0,,0.0,55101,1777414,33064,-49.99,-0.53,62.6,28.5,18.3,59.5,34.4,36.2,29.9,29.9,27.7,25.0,20.5,17.8,17.8,18.7,18.7,22.1,17.6,19.4,20.3,25.7,31.1,29.3,32.8,25.6,24.7,24.7,23.8,22.9,22.0,21.1,20.2,20.2,19.3,19.3,19.3,20.2,20.2,21.1,22.0,Independent
2026-05-27,160,-56.06,0.0,100.0,Safe R,-52.47,4.7,-55.86,-54.43,-1.63,21.1,74.94,1.98,False,False,,IND,Mark Cohen,0.0,1.98,0.0,,,0,,0.0,55101,1777414,33064,-49.98,-0.53,62.6,28.5,18.3,59.5,34.4,36.2,30.0,30.0,27.7,25.0,20.5,17.8,17.8,18.7,18.7,22.1,17.6,19.4,20.3,25.7,31.1,29.3,32.9,25.6,24.7,24.7,23.8,22.9,22.0,21.1,20.2,20.2,19.3,19.3,19.3,20.2,20.2,21.1,22.0,Independent
2026-05-28,159,-55.2,0.0,100.0,Safe R,-52.32,5.41,-55.0,-54.43,-0.77,21.51,74.53,1.98,False,False,,IND,Mark Cohen,0.0,1.98,0.0,,,0,,0.0,55101,1777414,33064,-49.27,-0.53,62.6,28.5,18.7,60.0,34.9,36.7,30.4,30.4,28.1,25.4,20.9,18.2,18.2,19.1,19.1,22.5,18.0,19.8,20.7,26.1,31.5,29.7,33.3,26.0,25.1,25.1,24.2,23.3,22.4,21.5,20.6,20.6,19.8,19.8,19.8,20.6,20.6,21.5,22.4,Independent
2026-05-29,158,-55.21,0.0,100.0,Safe R,-52.32,5.4,-55.01,-54.43,-0.78,21.51,74.53,1.98,False,False,,IND,Mark Cohen,0.0,1.98,0.0,,,0,,0.0,55101,1777414,33064,-49.28,-0.53,62.6,28.5,18.7,60.0,34.9,36.7,30.4,30.4,28.1,25.4,20.9,18.2,18.2,19.1,19.1,22.5,18.0,19.8,20.7,26.1,31.5,29.7,33.3,26.0,25.1,25.1,24.2,23.3,22.4,21.5,20.6,20.6,19.8,19.8,19.8,20.6,20.6,21.5,22.4,Independent
2026-05-30,157,-55.17,0.0,100.0,Safe R,-52.32,5.43,-54.98,-54.43,-0.74,21.53,74.51,1.98,False,False,,IND,Mark Cohen,0.0,1.98,0.0,,,0,,0.0,55101,1777414,33064,-49.25,-0.53,62.6,28.5,18.7,60.0,34.9,36.7,30.4,30.4,28.1,25.4,20.9,18.3,18.3,19.2,19.2,22.5,18.0,19.8,20.7,26.1,31.5,29.7,33.3,26.1,25.2,25.2,24.3,23.4,22.5,21.6,20.7,20.7,19.8,19.8,19.8,20.7,20.7,21.6,22.5,Independent
2026-05-31,156,-56.08,0.0,100.0,Safe R,-52.48,4.68,-55.89,-54.43,-1.65,21.09,74.95,1.98,False,False,,IND,Mark Cohen,0.0,1.98,0.0,,,0,,0.0,55101,1777414,33064,-50.0,-0.53,62.7,28.7,18.3,59.5,34.4,36.2,29.9,29.9,27.7,25.0,20.5,17.8,17.8,18.7,18.7,22.1,17.6,19.4,20.3,25.7,31.1,29.3,32.8,25.6,24.7,24.7,23.8,22.9,22.0,21.1,20.2,20.2,19.3,19.3,19.3,20.2,20.2,21.1,22.0,Independent
2026-06-01,155,-55.24,0.0,100.0,Safe R,-52.33,5.38,-55.04,-54.43,-0.81,21.5,74.54,1.98,False,False,,IND,Mark Cohen,0.0,1.98,0.0,,,0,,0.0,55101,1777414,33064,-49.3,-0.53,62.7,28.6,18.7,60.0,34.9,36.7,30.4,30.4,28.1,25.4,20.9,18.2,18.2,19.1,19.1,22.5,18.0,19.8,20.7,26.1,31.5,29.7,33.3,26.0,25.1,25.1,24.2,23.3,22.4,21.5,20.6,20.6,19.7,19.7,19.7,20.6,20.6,21.5,22.4,Independent
2026-06-02,154,-55.22,0.0,100.0,Safe R,-52.33,5.39,-55.03,-54.43,-0.79,21.5,74.54,1.98,False,False,,IND,Mark Cohen,0.0,1.98,0.0,,,0,,0.0,55101,1777414,33064,-49.29,-0.53,62.7,28.6,18.7,60.0,34.9,36.7,30.4,30.4,28.1,25.4,20.9,18.2,18.2,19.1,19.1,22.5,18.0,19.8,20.7,26.1,31.5,29.7,33.3,26.0,25.1,25.1,24.2,23.3,22.4,21.5,20.6,20.6,19.7,19.7,19.7,20.6,20.6,21.5,22.4,Independent
2026-06-03,153,-55.22,0.0,100.0,Safe R,-52.32,5.39,-55.02,-54.43,-0.79,21.5,74.54,1.98,False,False,,IND,Mark Cohen,0.0,1.98,0.0,,,0,,0.0,55101,1777414,33064,-49.29,-0.53,62.7,28.6,18.7,60.0,34.9,36.7,30.4,30.4,28.1,25.4,20.9,18.2,18.2,19.1,19.1,22.5,18.0,19.8,20.7,26.1,31.5,29.7,33.3,26.0,25.1,25.1,24.2,23.3,22.4,21.5,20.6,20.6,19.7,19.7,19.7,20.6,20.6,21.5,22.4,Independent
2026-06-04,152,-55.21,0.0,100.0,Safe R,-52.32,5.4,-55.01,-54.43,-0.78,21.51,74.53,1.98,False,False,,IND,Mark Cohen,0.0,1.98,0.0,,,0,,0.0,55101,1777414,33064,-49.28,-0.53,62.7,28.6,18.7,60.0,34.9,36.7,30.4,30.4,28.1,25.4,20.9,18.2,18.2,19.1,19.1,22.5,18.0,19.8,20.7,26.1,31.5,29.7,33.3,26.0,25.1,25.1,24.2,23.3,22.4,21.5,20.6,20.6,19.8,19.8,19.8,20.6,20.6,21.5,22.4,Independent
2026-06-05,151,-55.26,0.0,100.0,Safe R,-52.33,5.36,-55.06,-54.43,-0.83,21.48,74.56,1.98,False,False,,IND,Mark Cohen,0.0,1.98,0.0,,,0,,0.0,55101,1777414,33064,-49.32,-0.53,62.7,28.6,18.7,60.0,34.8,36.6,30.3,30.3,28.1,25.4,20.9,18.2,18.2,19.1,19.1,22.5,18.0,19.8,20.7,26.1,31.5,29.7,33.3,26.0,25.1,25.1,24.2,23.3,22.4,21.5,20.6,20.6,19.7,19.7,19.7,20.6,20.6,21.5,22.4,Independent
2026-06-06,150,-55.27,0.0,100.0,Safe R,-52.33,5.35,-55.07,-54.43,-0.84,21.48,74.56,1.98,False,False,,IND,Mark Cohen,0.0,1.98,0.0,,,0,,0.0,55101,1777414,33064,-49.33,-0.53,62.7,28.6,18.7,60.0,34.8,36.6,30.3,30.3,28.1,25.4,20.9,18.2,18.2,19.1,19.1,22.5,18.0,19.8,20.7,26.1,31.5,29.7,33.3,26.0,25.1,25.1,24.2,23.3,22.4,21.5,20.6,20.6,19.7,19.7,19.7,20.6,20.6,21.5,22.4,Independent
2026-06-07,149,-55.28,0.0,100.0,Safe R,-52.34,5.35,-55.08,-54.43,-0.85,21.48,74.56,1.98,False,False,,IND,Mark Cohen,0.0,1.98,0.0,,,0,,0.0,55101,1777414,33064,-49.33,-0.53,62.7,28.7,18.7,60.0,34.8,36.6,30.3,30.3,28.1,25.4,20.9,18.2,18.2,19.1,19.1,22.5,18.0,19.8,20.7,26.1,31.5,29.7,33.3,26.0,25.1,25.1,24.2,23.3,22.4,21.5,20.6,20.6,19.7,19.7,19.7,20.6,20.6,21.5,22.4,Independent
2026-06-08,148,-55.22,0.0,100.0,Safe R,-52.33,5.39,-55.03,-54.43,-0.79,21.5,74.54,1.98,False,False,,IND,Mark Cohen,0.0,1.98,0.0,,,0,,0.0,55101,1777414,33064,-49.29,-0.53,62.7,28.6,18.7,60.0,34.9,36.7,30.4,30.4,28.1,25.4,20.9,18.2,18.2,19.1,19.1,22.5,18.0,19.8,20.7,26.1,31.5,29.7,33.3,26.0,25.1,25.1,24.2,23.3,22.4,21.5,20.6,20.6,19.7,19.7,19.7,20.6,20.6,21.5,22.4,Independent
2026-06-09,147,-55.25,0.0,100.0,Safe R,-52.33,5.37,-55.05,-54.43,-0.82,21.49,74.55,1.98,False,False,,IND,Mark Cohen,0.0,1.98,0.0,,,0,,0.0,55101,1777414,33064,-49.31,-0.53,62.7,28.6,18.7,60.0,34.8,36.6,30.4,30.4,28.1,25.4,20.9,18.2,18.2,19.1,19.1,22.5,18.0,19.8,20.7,26.1,31.5,29.7,33.3,26.0,25.1,25.1,24.2,23.3,22.4,21.5,20.6,20.6,19.7,19.7,19.7,20.6,20.6,21.5,22.4,Independent
2026-06-10,146,-55.25,0.0,100.0,Safe R,-52.33,5.37,-55.05,-54.43,-0.82,21.49,74.55,1.98,False,False,,IND,Mark Cohen,0.0,1.98,0.0,,,0,,0.0,55101,1777414,33064,-49.31,-0.53,62.8,28.7,18.7,60.0,34.8,36.6,30.4,30.4,28.1,25.4,20.9,18.2,18.2,19.1,19.1,22.5,18.0,19.8,20.7,26.1,31.5,29.7,33.3,26.0,25.1,25.1,24.2,23.3,22.4,21.5,20.6,20.6,19.7,19.7,19.7,20.6,20.6,21.5,22.4,Independent
2026-06-11,145,-55.28,0.0,100.0,Safe R,-52.34,5.34,-55.09,-54.43,-0.85,21.47,74.57,1.98,False,False,,IND,Mark Cohen,0.0,1.98,0.0,,,0,,0.0,55101,1777414,33064,-49.34,-0.53,62.7,28.6,18.7,60.0,34.8,36.6,30.3,30.3,28.1,25.4,20.9,18.2,18.2,19.1,19.1,22.5,18.0,19.8,20.7,26.1,31.4,29.7,33.2,26.0,25.1,25.1,24.2,23.3,22.4,21.5,20.6,20.6,19.7,19.7,19.7,20.6,20.6,21.5,22.4,Independent
2026-06-12,144,-55.28,0.0,100.0,Safe R,-52.34,5.34,-55.09,-54.43,-0.85,21.47,74.57,1.98,False,False,,IND,Mark Cohen,0.0,1.98,0.0,,,0,,0.0,55101,1777414,33064,-49.34,-0.53,62.7,28.6,18.7,60.0,34.8,36.6,30.3,30.3,28.1,25.4,20.9,18.2,18.2,19.1,19.1,22.5,18.0,19.8,20.7,26.1,31.4,29.7,33.2,26.0,25.1,25.1,24.2,23.3,22.4,21.5,20.6,20.6,19.7,19.7,19.7,20.6,20.6,21.5,22.4,Independent
2026-06-13,143,-55.22,0.0,100.0,Safe R,-52.33,5.39,-55.03,-54.43,-0.79,21.5,74.54,1.98,False,False,,IND,Mark Cohen,0.0,1.98,0.0,,,0,,0.0,55101,1777414,33064,-49.29,-0.53,62.7,28.6,18.7,60.0,34.9,36.7,30.4,30.4,28.1,25.4,20.9,18.2,18.2,19.1,19.1,22.5,18.0,19.8,20.7,26.1,31.5,29.7,33.3,26.0,25.1,25.1,24.2,23.3,22.4,21.5,20.6,20.6,19.7,19.7,19.7,20.6,20.6,21.5,22.4,Independent
2026-06-14,142,-55.21,0.0,100.0,Safe R,-52.32,5.4,-55.01,-54.43,-0.78,21.51,74.53,1.98,False,False,,IND,Mark Cohen,0.0,1.98,0.0,,,0,,0.0,55101,1777414,33064,-49.28,-0.53,62.7,28.6,18.7,60.0,34.9,36.7,30.4,30.4,28.1,25.4,20.9,18.2,18.2,19.1,19.1,22.5,18.0,19.8,20.7,26.1,31.5,29.7,33.3,26.0,25.1,25.1,24.2,23.3,22.4,21.5,20.6,20.6,19.8,19.8,19.8,20.6,20.6,21.5,22.4,Independent
2026-06-15,141,-55.34,0.0,100.0,Safe R,-52.35,5.3,-55.14,-54.43,-0.91,21.45,74.59,1.98,False,False,,IND,Mark Cohen,0.0,1.98,0.0,,,0,,0.0,55101,1777414,33064,-49.38,-0.53,62.8,28.5,18.7,59.9,34.8,36.6,30.3,30.3,28.0,25.4,20.9,18.2,18.2,19.1,19.1,22.5,18.0,19.8,20.7,26.0,31.4,29.6,33.2,26.0,25.1,25.1,24.2,23.3,22.4,21.5,20.6,20.6,19.7,19.7,19.7,20.6,20.6,21.5,22.4,Independent
2026-06-16,140,-55.36,0.0,100.0,Safe R,-52.35,5.28,-55.16,-54.43,-0.93,21.44,74.6,1.98,False,False,,IND,Mark Cohen,0.0,1.98,0.0,,,0,,0.0,55101,1777414,33064,-49.4,-0.53,62.8,28.6,18.6,59.9,34.8,36.6,30.3,30.3,28.0,25.3,20.9,18.2,18.2,19.1,19.1,22.4,18.0,19.8,20.6,26.0,31.4,29.6,33.2,26.0,25.1,25.1,24.2,23.3,22.4,21.5,20.6,20.6,19.7,19.7,19.7,20.6,20.6,21.5,22.4,Independent
2026-06-17,139,-55.33,0.0,100.0,Safe R,-52.35,5.31,-55.13,-54.43,-0.9,21.45,74.59,1.98,False,False,,IND,Mark Cohen,0.0,1.98,0.0,,,0,,0.0,55101,1777414,33064,-49.37,-0.53,62.7,28.4,18.7,59.9,34.8,36.6,30.3,30.3,28.0,25.4,20.9,18.2,18.2,19.1,19.1,22.5,18.0,19.8,20.7,26.0,31.4,29.6,33.2,26.0,25.1,25.1,24.2,23.3,22.4,21.5,20.6,20.6,19.7,19.7,19.7,20.6,20.6,21.5,22.4,Independent
2026-06-18,138,-55.36,0.0,100.0,Safe R,-52.35,5.28,-55.16,-54.43,-0.93,21.44,74.6,1.98,False,False,,IND,Mark Cohen,0.0,1.98,0.0,,,0,,0.0,55101,1777414,33064,-49.4,-0.53,62.7,28.4,18.6,59.9,34.8,36.6,30.3,30.3,28.0,25.3,20.9,18.2,18.2,19.1,19.1,22.4,18.0,19.8,20.6,26.0,31.4,29.6,33.2,26.0,25.1,25.1,24.2,23.3,22.4,21.5,20.6,20.6,19.7,19.7,19.7,20.6,20.6,21.5,22.4,Independent
2026-06-19,137,-55.3,0.0,100.0,Safe R,-52.34,5.33,-55.1,-54.43,-0.87,21.46,74.58,1.98,False,False,,IND,Mark Cohen,0.0,1.98,0.0,,,0,,0.0,55101,1777414,33064,-49.35,-0.53,62.7,28.3,18.7,59.9,34.8,36.6,30.3,30.3,28.1,25.4,20.9,18.2,18.2,19.1,19.1,22.5,18.0,19.8,20.7,26.1,31.4,29.6,33.2,26.0,25.1,25.1,24.2,23.3,22.4,21.5,20.6,20.6,19.7,19.7,19.7,20.6,20.6,21.5,22.4,Independent
2026-06-20,136,-55.3,0.0,100.0,Safe R,-52.34,5.33,-55.1,-54.43,-0.87,21.46,74.58,1.98,False,False,,IND,Mark Cohen,0.0,1.98,0.0,,,0,,0.0,55101,1777414,33064,-49.35,-0.53,62.6,28.1,18.7,59.9,34.8,36.6,30.3,30.3,28.1,25.4,20.9,18.2,18.2,19.1,19.1,22.5,18.0,19.8,20.7,26.1,31.4,29.6,33.2,26.0,25.1,25.1,24.2,23.3,22.4,21.5,20.6,20.6,19.7,19.7,19.7,20.6,20.6,21.5,22.4,Independent
2026-06-21,135,-55.33,0.0,100.0,Safe R,-52.35,5.31,-55.13,-54.43,-0.9,21.45,74.59,1.98,False,False,,IND,Mark Cohen,0.0,1.98,0.0,,,0,,0.0,55101,1777414,33064,-49.37,-0.53,62.7,28.3,18.7,59.9,34.8,36.6,30.3,30.3,28.0,25.4,20.9,18.2,18.2,19.1,19.1,22.5,18.0,19.8,20.7,26.0,31.4,29.6,33.2,26.0,25.1,25.1,24.2,23.3,22.4,21.5,20.6,20.6,19.7,19.7,19.7,20.6,20.6,21.5,22.4,Independent
2026-06-22,134,-55.35,0.0,100.0,Safe R,-52.35,5.29,-55.15,-54.43,-0.92,21.44,74.6,1.98,False,False,,IND,Mark Cohen,0.0,1.98,0.0,,,0,,0.0,55101,1777414,33064,-49.39,-0.53,62.6,28.2,18.6,59.9,34.8,36.6,30.3,30.3,28.0,25.3,20.9,18.2,18.2,19.1,19.1,22.4,18.0,19.8,20.6,26.0,31.4,29.6,33.2,26.0,25.1,25.1,24.2,23.3,22.4,21.5,20.6,20.6,19.7,19.7,19.7,20.6,20.6,21.5,22.4,Independent
2026-06-23,133,-55.3,0.0,100.0,Safe R,-52.34,5.33,-55.1,-54.43,-0.87,21.46,74.58,1.98,False,False,,IND,Mark Cohen,0.0,1.98,0.0,,,0,,0.0,55101,1777414,33064,-49.35,-0.53,62.5,28.1,18.7,59.9,34.8,36.6,30.3,30.3,28.1,25.4,20.9,18.2,18.2,19.1,19.1,22.5,18.0,19.8,20.7,26.1,31.4,29.6,33.2,26.0,25.1,25.1,24.2,23.3,22.4,21.5,20.6,20.6,19.7,19.7,19.7,20.6,20.6,21.5,22.4,Independent
2026-06-24,132,-55.34,0.0,100.0,Safe R,-52.35,5.3,-55.14,-54.43,-0.91,21.45,74.59,1.98,False,False,,IND,Mark Cohen,0.0,1.98,0.0,,,0,,0.0,55101,1777414,33064,-49.38,-0.53,62.5,28.1,18.7,59.9,34.8,36.6,30.3,30.3,28.0,25.4,20.9,18.2,18.2,19.1,19.1,22.5,18.0,19.8,20.7,26.0,31.4,29.6,33.2,26.0,25.1,25.1,24.2,23.3,22.4,21.5,20.6,20.6,19.7,19.7,19.7,20.6,20.6,21.5,22.4,Independent
2026-06-25,131,-55.29,0.0,100.0,Safe R,-52.34,5.34,-55.09,-54.43,-0.86,21.47,74.57,1.98,False,False,,IND,Mark Cohen,0.0,1.98,0.0,,,0,,0.0,55101,1777414,33064,-49.34,-0.53,62.5,28.1,18.7,60.0,34.8,36.6,30.3,30.3,28.1,25.4,20.9,18.2,18.2,19.1,19.1,22.5,18.0,19.8,20.7,26.1,31.4,29.7,33.2,26.0,25.1,25.1,24.2,23.3,22.4,21.5,20.6,20.6,19.7,19.7,19.7,20.6,20.6,21.5,22.4,Independent
2026-06-26,130,-55.25,0.0,100.0,Safe R,-52.33,5.37,-55.05,-54.43,-0.82,21.49,74.55,1.98,False,False,,IND,Mark Cohen,0.0,1.98,0.0,,,0,,0.0,55101,1777414,33064,-49.31,-0.53,62.5,28.4,18.7,60.0,34.8,36.6,30.4,30.4,28.1,25.4,20.9,18.2,18.2,19.1,19.1,22.5,18.0,19.8,20.7,26.1,31.5,29.7,33.3,26.0,25.1,25.1,24.2,23.3,22.4,21.5,20.6,20.6,19.7,19.7,19.7,20.6,20.6,21.5,22.4,Independent
2026-06-27,129,-55.26,0.0,100.0,Safe R,-52.34,5.36,-55.07,-54.43,-0.83,21.48,74.56,1.98,False,False,,IND,Mark Cohen,0.0,1.98,0.0,,,0,,0.0,55101,1777414,33064,-49.32,-0.53,62.5,28.4,18.7,60.0,34.8,36.6,30.3,30.3,28.1,25.4,20.9,18.2,18.2,19.1,19.1,22.5,18.0,19.8,20.7,26.1,31.5,29.7,33.3,26.0,25.1,25.1,24.2,23.3,22.4,21.5,20.6,20.6,19.7,19.7,19.7,20.6,20.6,21.5,22.4,Independent
2026-06-28,128,-55.32,0.0,100.0,Safe R,-52.35,5.31,-55.13,-54.43,-0.89,21.45,74.59,1.98,False,False,,IND,Mark Cohen,0.0,1.98,0.0,,,0,,0.0,55101,1777414,33064,-49.37,-0.53,62.6,28.5,18.7,59.9,34.8,36.6,30.3,30.3,28.0,25.4,20.9,18.2,18.2,19.1,19.1,22.5,18.0,19.8,20.7,26.0,31.4,29.6,33.2,26.0,25.1,25.1,24.2,23.3,22.4,21.5,20.6,20.6,19.7,19.7,19.7,20.6,20.6,21.5,22.4,Independent
2026-06-29,127,-55.34,0.0,100.0,Safe R,-52.35,5.3,-55.14,-54.43,-0.91,21.45,74.59,1.98,False,False,,IND,Mark Cohen,0.0,1.98,0.0,,,0,,0.0,55101,1777414,33064,-49.38,-0.53,62.6,28.5,18.7,59.9,34.8,36.6,30.3,30.3,28.0,25.4,20.9,18.2,18.2,19.1,19.1,22.5,18.0,19.8,20.7,26.0,31.4,29.6,33.2,26.0,25.1,25.1,24.2,23.3,22.4,21.5,20.6,20.6,19.7,19.7,19.7,20.6,20.6,21.5,22.4,Independent
2026-06-30,126,-55.35,0.0,100.0,Safe R,-52.35,5.29,-55.15,-54.43,-0.92,21.44,74.6,1.98,False,False,,IND,Mark Cohen,0.0,1.98,0.0,,,0,,0.0,55101,1777414,33064,-49.39,-0.53,62.6,28.5,18.6,59.9,34.8,36.6,30.3,30.3,28.0,25.3,20.9,18.2,18.2,19.1,19.1,22.4,18.0,19.8,20.6,26.0,31.4,29.6,33.2,26.0,25.1,25.1,24.2,23.3,22.4,21.5,20.6,20.6,19.7,19.7,19.7,20.6,20.6,21.5,22.4,Independent
2026-07-01,125,-55.86,0.0,100.0,Safe R,-52.44,4.87,-55.66,-54.43,-1.43,21.2,74.84,1.98,False,False,,IND,Mark Cohen,0.0,1.98,0.0,,,0,,0.0,55101,1777414,33064,-49.81,-0.53,62.6,28.5,18.4,59.6,34.5,36.3,30.1,30.1,27.8,25.1,20.6,17.9,17.9,18.8,18.8,22.2,17.7,19.5,20.4,25.8,31.2,29.4,33.0,25.7,24.8,24.8,23.9,23.0,22.1,21.2,20.3,20.3,19.4,19.4,19.4,20.3,20.3,21.2,22.1,Independent
2026-07-02,124,-55.82,0.0,100.0,Safe R,-52.43,4.9,-55.62,-54.43,-1.39,21.21,74.83,1.98,False,False,,IND,Mark Cohen,0.0,1.98,0.0,,,0,,0.0,55101,1777414,33064,-49.78,-0.53,62.6,28.6,18.4,59.7,34.6,36.3,30.1,30.1,27.8,25.1,20.6,17.9,17.9,18.8,18.8,22.2,17.7,19.5,20.4,25.8,31.2,29.4,33.0,25.7,24.8,24.8,23.9,23.0,22.1,21.2,20.4,20.4,19.5,19.5,19.5,20.4,20.4,21.2,22.1,Independent
2026-07-03,123,-55.82,0.0,100.0,Safe R,-52.43,4.9,-55.62,-54.43,-1.39,21.21,74.83,1.98,False,False,,IND,Mark Cohen,0.0,1.98,0.0,,,0,,0.0,55101,1777414,33064,-49.78,-0.53,62.6,28.6,18.4,59.7,34.6,36.3,30.1,30.1,27.8,25.1,20.6,17.9,17.9,18.8,18.8,22.2,17.7,19.5,20.4,25.8,31.2,29.4,33.0,25.7,24.8,24.8,23.9,23.0,22.1,21.2,20.4,20.4,19.5,19.5,19.5,20.4,20.4,21.2,22.1,Independent
2026-07-04,122,-55.81,0.0,100.0,Safe R,-52.43,4.91,-55.61,-54.43,-1.38,21.22,74.82,1.98,False,False,,IND,Mark Cohen,0.0,1.98,0.0,,,0,,0.0,55101,1777414,33064,-49.77,-0.53,62.6,28.6,18.4,59.7,34.6,36.4,30.1,30.1,27.8,25.1,20.6,17.9,17.9,18.8,18.8,22.2,17.7,19.5,20.4,25.8,31.2,29.4,33.0,25.7,24.8,24.8,23.9,23.1,22.2,21.3,20.4,20.4,19.5,19.5,19.5,20.4,20.4,21.3,22.2,Independent
2026-07-05,121,-55.87,0.0,100.0,Safe R,-52.45,4.86,-55.68,-54.43,-1.44,21.19,74.85,1.98,False,False,,IND,Mark Cohen,0.0,1.98,0.0,,,0,,0.0,55101,1777414,33064,-49.82,-0.53,62.6,28.6,18.4,59.6,34.5,36.3,30.0,30.0,27.8,25.1,20.6,17.9,17.9,18.8,18.8,22.2,17.7,19.5,20.4,25.8,31.2,29.4,32.9,25.7,24.8,24.8,23.9,23.0,22.1,21.2,20.3,20.3,19.4,19.4,19.4,20.3,20.3,21.2,22.1,Independent
2026-07-06,120,-55.9,0.0,100.0,Safe R,-52.45,4.84,-55.7,-54.43,-1.47,21.18,74.86,1.98,False,False,,IND,Mark Cohen,0.0,1.98,0.0,,,0,,0.0,55101,1777414,33064,-49.84,-0.53,62.7,28.8,18.4,59.6,34.5,36.3,30.0,30.0,27.8,25.1,20.6,17.9,17.9,18.8,18.8,22.2,17.7,19.5,20.4,25.8,31.1,29.4,32.9,25.7,24.8,24.8,23.9,23.0,22.1,21.2,20.3,20.3,19.4,19.4,19.4,20.3,20.3,21.2,22.1,Independent
2026-07-07,119,-55.9,0.0,100.0,Safe R,-52.45,4.84,-55.7,-54.43,-1.47,21.18,74.86,1.98,False,False,,IND,Mark Cohen,0.0,1.98,0.0,,,0,,0.0,55101,1777414,33064,-49.84,-0.53,62.8,28.9,18.4,59.6,34.5,36.3,30.0,30.0,27.8,25.1,20.6,17.9,17.9,18.8,18.8,22.2,17.7,19.5,20.4,25.8,31.1,29.4,32.9,25.7,24.8,24.8,23.9,23.0,22.1,21.2,20.3,20.3,19.4,19.4,19.4,20.3,20.3,21.2,22.1,Independent
2026-07-08,118,-55.89,0.0,100.0,Safe R,-52.45,4.85,-55.69,-54.43,-1.46,21.18,74.86,1.98,False,False,,IND,Mark Cohen,0.0,1.98,0.0,,,0,,0.0,55101,1777414,33064,-49.83,-0.53,62.8,28.9,18.4,59.6,34.5,36.3,30.0,30.0,27.8,25.1,20.6,17.9,17.9,18.8,18.8,22.2,17.7,19.5,20.4,25.8,31.1,29.4,32.9,25.7,24.8,24.8,23.9,23.0,22.1,21.2,20.3,20.3,19.4,19.4,19.4,20.3,20.3,21.2,22.1,Independent
2026-07-09,117,-55.89,0.0,100.0,Safe R,-52.45,4.85,-55.69,-54.43,-1.46,21.18,74.86,1.98,False,False,,IND,Mark Cohen,0.0,1.98,0.0,,,0,,0.0,55101,1777414,33064,-49.83,-0.53,62.8,28.9,18.4,59.6,34.5,36.3,30.0,30.0,27.8,25.1,20.6,17.9,17.9,18.8,18.8,22.2,17.7,19.5,20.4,25.8,31.1,29.4,32.9,25.7,24.8,24.8,23.9,23.0,22.1,21.2,20.3,20.3,19.4,19.4,19.4,20.3,20.3,21.2,22.1,Independent
2026-07-10,116,-55.89,0.0,100.0,Safe R,-52.45,4.85,-55.69,-54.43,-1.46,21.18,74.86,1.98,False,False,,IND,Mark Cohen,0.0,1.98,0.0,,,0,,0.0,55101,1777414,33064,-49.83,-0.53,62.8,28.9,18.4,59.6,34.5,36.3,30.0,30.0,27.8,25.1,20.6,17.9,17.9,18.8,18.8,22.2,17.7,19.5,20.4,25.8,31.1,29.4,32.9,25.7,24.8,24.8,23.9,23.0,22.1,21.2,20.3,20.3,19.4,19.4,19.4,20.3,20.3,21.2,22.1,Independent
2026-07-11,115,-55.89,0.0,100.0,Safe R,-52.45,4.85,-55.69,-54.43,-1.46,21.18,74.86,1.98,False,False,,IND,Mark Cohen,0.0,1.98,0.0,,,0,,0.0,55101,1777414,33064,-49.83,-0.53,62.8,28.9,18.4,59.6,34.5,36.3,30.0,30.0,27.8,25.1,20.6,17.9,17.9,18.8,18.8,22.2,17.7,19.5,20.4,25.8,31.1,29.4,32.9,25.7,24.8,24.8,23.9,23.0,22.1,21.2,20.3,20.3,19.4,19.4,19.4,20.3,20.3,21.2,22.1,Independent
2026-07-12,114,-55.95,0.0,100.0,Safe R,-52.46,4.8,-55.75,-54.43,-1.52,21.15,74.89,1.98,False,False,,IND,Mark Cohen,0.0,1.98,0.0,,,0,,0.0,55101,1777414,33064,-49.88,-0.53,62.6,28.5,18.4,59.6,34.5,36.3,30.0,30.0,27.7,25.0,20.6,17.9,17.9,18.8,18.8,22.2,17.7,19.5,20.4,25.7,31.1,29.3,32.9,25.7,24.8,24.8,23.9,23.0,22.1,21.2,20.3,20.3,19.4,19.4,19.4,20.3,20.3,21.2,22.1,Independent
2026-07-13,113,-56.0,0.0,100.0,Safe R,-52.47,4.76,-55.8,-54.43,-1.57,21.13,74.91,1.98,False,False,,IND,Mark Cohen,0.0,1.98,0.0,,,0,,0.0,55101,1777414,33064,-49.92,-0.53,62.7,28.6,18.3,59.6,34.5,36.3,30.0,30.0,27.7,25.0,20.5,17.9,17.9,18.8,18.8,22.1,17.7,19.4,20.3,25.7,31.1,29.3,32.9,25.6,24.8,24.8,23.9,23.0,22.1,21.2,20.3,20.3,19.4,19.4,19.4,20.3,20.3,21.2,22.1,Independent
2026-07-14,112,-56.0,0.0,100.0,Safe R,-52.48,4.76,-55.81,-54.43,-1.57,21.13,74.91,1.98,False,False,,IND,Mark Cohen,0.0,1.98,0.0,,,0,,0.0,55101,1777414,33064,-49.92,-0.53,62.7,28.6,18.3,59.6,34.5,36.3,30.0,30.0,27.7,25.0,20.5,17.9,17.9,18.8,18.8,22.1,17.7,19.4,20.3,25.7,31.1,29.3,32.9,25.6,24.8,24.8,23.9,23.0,22.1,21.2,20.3,20.3,19.4,19.4,19.4,20.3,20.3,21.2,22.1,Independent
2026-07-15,111,-55.99,0.0,100.0,Safe R,-52.47,4.77,-55.79,-54.43,-1.56,21.13,74.91,1.98,False,False,,IND,Mark Cohen,0.0,1.98,0.0,,,0,,0.0,55101,1777414,33064,-49.91,-0.53,62.7,28.6,18.3,59.6,34.5,36.3,30.0,30.0,27.7,25.0,20.5,17.9,17.9,18.8,18.8,22.1,17.7,19.4,20.3,25.7,31.1,29.3,32.9,25.6,24.8,24.8,23.9,23.0,22.1,21.2,20.3,20.3,19.4,19.4,19.4,20.3,20.3,21.2,22.1,Independent
2026-07-16,110,-55.99,0.0,100.0,Safe R,-52.47,4.77,-55.79,-54.43,-1.56,21.13,74.91,1.98,False,False,,IND,Mark Cohen,0.0,1.98,0.0,,,0,,0.0,55101,1777414,33064,-49.91,-0.53,62.7,28.6,18.3,59.6,34.5,36.3,30.0,30.0,27.7,25.0,20.5,17.9,17.9,18.8,18.8,22.1,17.7,19.4,20.3,25.7,31.1,29.3,32.9,25.6,24.8,24.8,23.9,23.0,22.1,21.2,20.3,20.3,19.4,19.4,19.4,20.3,20.3,21.2,22.1,Independent
2026-07-17,109,-55.93,0.0,100.0,Safe R,-52.46,4.82,-55.73,-54.43,-1.5,21.16,74.88,1.98,False,False,,IND,Mark Cohen,0.0,1.98,0.0,,,0,,0.0,55101,1777414,33064,-49.86,-0.53,62.7,28.5,18.4,59.6,34.5,36.3,30.0,30.0,27.7,25.1,20.6,17.9,17.9,18.8,18.8,22.2,17.7,19.5,20.4,25.7,31.1,29.3,32.9,25.7,24.8,24.8,23.9,23.0,22.1,21.2,20.3,20.3,19.4,19.4,19.4,20.3,20.3,21.2,22.1,Independent
2026-07-18,108,-55.91,0.0,100.0,Safe R,-52.46,4.83,-55.72,-54.43,-1.48,21.17,74.87,1.98,False,False,,IND,Mark Cohen,0.0,1.98,0.0,,,0,,0.0,55101,1777414,33064,-49.85,-0.53,62.7,28.5,18.4,59.6,34.5,36.3,30.0,30.0,27.8,25.1,20.6,17.9,17.9,18.8,18.8,22.2,17.7,19.5,20.4,25.8,31.1,29.3,32.9,25.7,24.8,24.8,23.9,23.0,22.1,21.2,20.3,20.3,19.4,19.4,19.4,20.3,20.3,21.2,22.1,Independent
2026-07-19,107,-55.98,0.0,100.0,Safe R,-52.47,4.78,-55.78,-54.43,-1.55,21.14,74.9,1.98,False,False,,IND,Mark Cohen,0.0,1.98,0.0,,,0,,0.0,55101,1777414,33064,-49.9,-0.53,62.8,28.7,18.3,59.6,34.5,36.3,30.0,30.0,27.7,25.0,20.6,17.9,17.9,18.8,18.8,22.1,17.7,19.5,20.3,25.7,31.1,29.3,32.9,25.7,24.8,24.8,23.9,23.0,22.1,21.2,20.3,20.3,19.4,19.4,19.4,20.3,20.3,21.2,22.1,Independent
2026-07-20,106,-55.7,0.0,100.0,Safe R,-52.41,5.0,-55.5,-54.43,-1.27,21.27,74.77,1.98,False,False,,IND,Mark Cohen,0.0,1.98,0.0,,,0,,0.0,55101,1777414,33064,-49.68,-0.53,62.7,28.5,18.5,59.7,34.6,36.4,30.1,30.1,27.9,25.2,20.7,18.0,18.0,18.9,18.9,22.3,17.8,19.6,20.5,25.9,31.2,29.4,33.0,25.8,24.9,24.9,24.0,23.1,22.2,21.3,20.4,20.4,19.5,19.5,19.5,20.4,20.4,21.3,22.2,Independent
2026-07-21,105,-55.69,0.0,100.0,Safe R,-52.41,5.01,-55.49,-54.43,-1.26,21.28,74.76,1.98,False,False,,IND,Mark Cohen,0.0,1.98,0.0,,,0,,0.0,55101,1777414,33064,-49.67,-0.53,62.7,28.5,18.5,59.7,34.6,36.4,30.1,30.1,27.9,25.2,20.7,18.0,18.0,18.9,18.9,22.3,17.8,19.6,20.5,25.9,31.2,29.5,33.0,25.8,24.9,24.9,24.0,23.1,22.2,21.3,20.4,20.4,19.5,19.5,19.5,20.4,20.4,21.3,22.2,Independent
2026-07-22,104,-55.66,0.0,100.0,Safe R,-52.4,5.03,-55.46,-54.43,-1.23,21.29,74.75,1.98,False,False,,IND,Mark Cohen,0.0,1.98,0.0,,,0,,0.0,55101,1777414,33064,-49.65,-0.53,62.7,28.5,18.5,59.7,34.6,36.4,30.2,30.2,27.9,25.2,20.7,18.0,18.0,18.9,18.9,22.3,17.8,19.6,20.5,25.9,31.3,29.5,33.1,25.8,24.9,24.9,24.0,23.1,22.2,21.3,20.4,20.4,19.5,19.5,19.5,20.4,20.4,21.3,22.2,Independent
2026-07-23,103,-55.65,0.0,100.0,Safe R,-52.4,5.04,-55.45,-54.43,-1.22,21.3,74.74,1.98,False,False,,IND,Mark Cohen,0.0,1.98,0.0,,,0,,0.0,55101,1777414,33064,-49.64,-0.53,62.7,28.5,18.5,59.8,34.6,36.4,30.2,30.2,27.9,25.2,20.7,18.0,18.0,18.9,18.9,22.3,17.8,19.6,20.5,25.9,31.3,29.5,33.1,25.8,24.9,24.9,24.0,23.1,22.2,21.3,20.4,20.4,19.5,19.5,19.5,20.4,20.4,21.3,22.2,Independent
2026-07-24,102,-55.61,0.0,100.0,Safe R,-52.39,5.07,-55.41,-54.43,-1.18,21.32,74.72,1.98,False,False,,IND,Mark Cohen,0.0,1.98,0.0,,,0,,0.0,55101,1777414,33064,-49.61,-0.53,62.7,28.5,18.5,59.8,34.7,36.5,30.2,30.2,27.9,25.2,20.7,18.0,18.0,18.9,18.9,22.3,17.8,19.6,20.5,25.9,31.3,29.5,33.1,25.8,24.9,24.9,24.0,23.2,22.3,21.4,20.5,20.5,19.6,19.6,19.6,20.5,20.5,21.4,22.3,Independent
2026-07-25,101,-55.61,0.0,100.0,Safe R,-52.39,5.07,-55.41,-54.43,-1.18,21.32,74.72,1.98,False,False,,IND,Mark Cohen,0.0,1.98,0.0,,,0,,0.0,55101,1777414,33064,-49.61,-0.53,62.7,28.5,18.5,59.8,34.7,36.5,30.2,30.2,27.9,25.2,20.7,18.0,18.0,18.9,18.9,22.3,17.8,19.6,20.5,25.9,31.3,29.5,33.1,25.8,24.9,24.9,24.0,23.2,22.3,21.4,20.5,20.5,19.6,19.6,19.6,20.5,20.5,21.4,22.3,Independent
2026-07-26,100,-55.66,0.0,100.0,Safe R,-52.4,5.03,-55.46,-54.43,-1.23,21.29,74.75,1.98,False,False,,IND,Mark Cohen,0.0,1.98,0.0,,,0,,0.0,55101,1777414,33064,-49.65,-0.53,62.7,28.4,18.5,59.7,34.6,36.4,30.2,30.2,27.9,25.2,20.7,18.0,18.0,18.9,18.9,22.3,17.8,19.6,20.5,25.9,31.3,29.5,33.1,25.8,24.9,24.9,24.0,23.1,22.2,21.3,20.4,20.4,19.5,19.5,19.5,20.4,20.4,21.3,22.2,Independent
2026-07-27,99,-55.54,0.0,100.0,Safe R,-52.38,5.13,-55.34,-54.43,-1.11,21.35,74.69,1.98,False,False,,IND,Mark Cohen,0.0,1.98,0.0,,,0,,0.0,55101,1777414,33064,-49.55,-0.53,62.2,27.5,18.6,59.8,34.7,36.5,30.2,30.2,27.9,25.3,20.8,18.1,18.1,19.0,19.0,22.4,17.9,19.7,20.6,25.9,31.3,29.5,33.1,25.9,25.0,25.0,24.1,23.2,22.3,21.4,20.5,20.5,19.6,19.6,19.6,20.5,20.5,21.4,22.3,Independent
2026-07-28,98,-55.52,0.0,100.0,Safe R,-52.38,5.14,-55.33,-54.43,-1.09,21.36,74.68,1.98,False,False,,IND,Mark Cohen,0.0,1.98,0.0,,,0,,0.0,55101,1777414,33064,-49.54,-0.53,62.2,27.5,18.6,59.8,34.7,36.5,30.2,30.2,28.0,25.3,20.8,18.1,18.1,19.0,19.0,22.4,17.9,19.7,20.6,26.0,31.3,29.5,33.1,25.9,25.0,25.0,24.1,23.2,22.3,21.4,20.5,20.5,19.6,19.6,19.6,20.5,20.5,21.4,22.3,Independent
2026-07-29,97,-55.56,0.0,100.0,Safe R,-52.38,5.11,-55.36,-54.43,-1.13,21.34,74.7,1.98,False,False,,IND,Mark Cohen,0.0,1.98,0.0,,,0,,0.0,55101,1777414,33064,-49.57,-0.53,62.3,27.6,18.5,59.8,34.7,36.5,30.2,30.2,27.9,25.2,20.8,18.1,18.1,19.0,19.0,22.3,17.9,19.7,20.5,25.9,31.3,29.5,33.1,25.9,25.0,25.0,24.1,23.2,22.3,21.4,20.5,20.5,19.6,19.6,19.6,20.5,20.5,21.4,22.3,Independent
2026-07-30,96,-55.56,0.0,100.0,Safe R,-52.38,5.11,-55.36,-54.43,-1.13,21.34,74.7,1.98,False,False,,IND,Mark Cohen,0.0,1.98,0.0,,,0,,0.0,55101,1777414,33064,-49.57,-0.53,62.3,27.6,18.5,59.8,34.7,36.5,30.2,30.2,27.9,25.2,20.8,18.1,18.1,19.0,19.0,22.3,17.9,19.7,20.5,25.9,31.3,29.5,33.1,25.9,25.0,25.0,24.1,23.2,22.3,21.4,20.5,20.5,19.6,19.6,19.6,20.5,20.5,21.4,22.3,Independent
2026-07-31,95,-55.56,0.0,100.0,Safe R,-52.38,5.11,-55.36,-54.43,-1.13,21.34,74.7,1.98,False,False,,IND,Mark Cohen,0.0,1.98,0.0,,,0,,0.0,55101,1777414,33064,-49.57,-0.53,62.3,27.6,18.5,59.8,34.7,36.5,30.2,30.2,27.9,25.2,20.8,18.1,18.1,19.0,19.0,22.3,17.9,19.7,20.5,25.9,31.3,29.5,33.1,25.9,25.0,25.0,24.1,23.2,22.3,21.4,20.5,20.5,19.6,19.6,19.6,20.5,20.5,21.4,22.3,Independent
2026-08-01,94,-55.83,0.0,100.0,Safe R,-52.43,4.89,-55.63,-54.43,-1.4,21.21,74.83,1.98,False,False,,IND,Mark Cohen,0.0,1.98,0.0,,,0,,0.0,55101,1777414,33064,-49.79,-0.53,62.3,27.6,18.4,59.7,34.6,36.3,30.1,30.1,27.8,25.1,20.6,17.9,17.9,18.8,18.8,22.2,17.7,19.5,20.4,25.8,31.2,29.4,33.0,25.7,24.8,24.8,23.9,23.0,22.1,21.2,20.4,20.4,19.5,19.5,19.5,20.4,20.4,21.2,22.1,Independent
2026-08-02,93,-55.85,0.0,100.0,Safe R,-52.44,4.87,-55.66,-54.43,-1.42,21.2,74.84,1.98,False,False,,IND,Mark Cohen,0.0,1.98,0.0,,,0,,0.0,55101,1777414,33064,-49.81,-0.53,62.4,27.8,18.4,59.6,34.5,36.3,30.1,30.1,27.8,25.1,20.6,17.9,17.9,18.8,18.8,22.2,17.7,19.5,20.4,25.8,31.2,29.4,33.0,25.7,24.8,24.8,23.9,23.0,22.1,21.2,20.3,20.3,19.4,19.4,19.4,20.3,20.3,21.2,22.1,Independent
2026-08-03,92,-55.81,0.0,100.0,Safe R,-52.43,4.91,-55.61,-54.43,-1.38,21.22,74.82,1.98,False,False,,IND,Mark Cohen,0.0,1.98,0.0,,,0,,0.0,55101,1777414,33064,-49.77,-0.53,62.3,27.6,18.4,59.7,34.6,36.4,30.1,30.1,27.8,25.1,20.6,17.9,17.9,18.8,18.8,22.2,17.7,19.5,20.4,25.8,31.2,29.4,33.0,25.7,24.8,24.8,23.9,23.1,22.2,21.3,20.4,20.4,19.5,19.5,19.5,20.4,20.4,21.3,22.2,Independent
2026-08-04,91,-55.76,0.0,100.0,Safe R,-52.42,4.95,-55.56,-54.43,-1.33,21.25,74.79,1.98,False,False,,IND,Mark Cohen,0.0,1.98,0.0,,,0,,0.0,55101,1777414,33064,-49.73,-0.53,62.3,27.6,18.5,59.7,34.6,36.4,30.1,30.1,27.8,25.2,20.7,18.0,18.0,18.9,18.9,22.3,17.8,19.6,20.5,25.8,31.2,29.4,33.0,25.8,24.9,24.9,24.0,23.1,22.2,21.3,20.4,20.4,19.5,19.5,19.5,20.4,20.4,21.3,22.2,Independent
2026-08-05,90,-55.73,0.0,100.0,Safe R,-52.41,4.97,-55.53,-54.43,-1.3,21.26,74.78,1.98,False,False,,IND,Mark Cohen,0.0,1.98,0.0,,,0,,0.0,55101,1777414,33064,-49.71,-0.53,62.3,27.6,18.5,59.7,34.6,36.4,30.1,30.1,27.9,25.2,20.7,18.0,18.0,18.9,18.9,22.3,17.8,19.6,20.5,25.8,31.2,29.4,33.0,25.8,24.9,24.9,24.0,23.1,22.2,21.3,20.4,20.4,19.5,19.5,19.5,20.4,20.4,21.3,22.2,Independent
2026-08-06,89,-55.72,0.0,100.0,Safe R,-52.41,4.98,-55.52,-54.43,-1.29,21.26,74.78,1.98,False,False,,IND,Mark Cohen,0.0,1.98,0.0,,,0,,0.0,55101,1777414,33064,-49.7,-0.53,62.3,27.6,18.5,59.7,34.6,36.4,30.1,30.1,27.9,25.2,20.7,18.0,18.0,18.9,18.9,22.3,17.8,19.6,20.5,25.8,31.2,29.4,33.0,25.8,24.9,24.9,24.0,23.1,22.2,21.3,20.4,20.4,19.5,19.5,19.5,20.4,20.4,21.3,22.2,Independent
2026-08-07,88,-55.73,0.0,100.0,Safe R,-52.41,4.97,-55.53,-54.43,-1.3,21.26,74.78,1.98,False,False,,IND,Mark Cohen,0.0,1.98,0.0,,,0,,0.0,55101,1777414,33064,-49.71,-0.53,62.3,27.6,18.5,59.7,34.6,36.4,30.1,30.1,27.9,25.2,20.7,18.0,18.0,18.9,18.9,22.3,17.8,19.6,20.5,25.8,31.2,29.4,33.0,25.8,24.9,24.9,24.0,23.1,22.2,21.3,20.4,20.4,19.5,19.5,19.5,20.4,20.4,21.3,22.2,Independent
2026-08-08,87,-55.73,0.0,100.0,Safe R,-52.41,4.97,-55.53,-54.43,-1.3,21.26,74.78,1.98,False,False,,IND,Mark Cohen,0.0,1.98,0.0,,,0,,0.0,55101,1777414,33064,-49.71,-0.53,62.3,27.6,18.5,59.7,34.6,36.4,30.1,30.1,27.9,25.2,20.7,18.0,18.0,18.9,18.9,22.3,17.8,19.6,20.5,25.8,31.2,29.4,33.0,25.8,24.9,24.9,24.0,23.1,22.2,21.3,20.4,20.4,19.5,19.5,19.5,20.4,20.4,21.3,22.2,Independent
2026-08-09,86,-55.74,0.0,100.0,Safe R,-52.42,4.96,-55.55,-54.43,-1.31,21.25,74.79,1.98,False,False,,IND,Mark Cohen,0.0,1.98,0.0,,,0,,0.0,55101,1777414,33064,-49.72,-0.53,62.3,27.6,18.5,59.7,34.6,36.4,30.1,30.1,27.8,25.2,20.7,18.0,18.0,18.9,18.9,22.3,17.8,19.6,20.5,25.8,31.2,29.4,33.0,25.8,24.9,24.9,24.0,23.1,22.2,21.3,20.4,20.4,19.5,19.5,19.5,20.4,20.4,21.3,22.2,Independent
2026-08-10,85,-55.67,0.0,100.0,Safe R,-52.4,5.02,-55.47,-54.43,-1.24,21.29,74.75,1.98,False,False,,IND,Mark Cohen,0.0,1.98,0.0,,,0,,0.0,55101,1777414,33064,-49.66,-0.53,62.3,27.6,18.5,59.7,34.6,36.4,30.2,30.2,27.9,25.2,20.7,18.0,18.0,18.9,18.9,22.3,17.8,19.6,20.5,25.9,31.3,29.5,33.1,25.8,24.9,24.9,24.0,23.1,22.2,21.3,20.4,20.4,19.5,19.5,19.5,20.4,20.4,21.3,22.2,Independent
2026-08-11,84,-55.62,0.0,100.0,Safe R,-52.39,5.06,-55.42,-54.43,-1.19,21.31,74.73,1.98,False,False,,IND,Mark Cohen,0.0,1.98,0.0,,,0,,0.0,55101,1777414,33064,-49.62,-0.53,62.2,27.6,18.5,59.8,34.7,36.4,30.2,30.2,27.9,25.2,20.7,18.0,18.0,18.9,18.9,22.3,17.8,19.6,20.5,25.9,31.3,29.5,33.1,25.8,24.9,24.9,24.0,23.1,22.2,21.3,20.5,20.5,19.6,19.6,19.6,20.5,20.5,21.3,22.2,Independent
2026-08-12,83,-55.61,0.0,100.0,Safe R,-52.39,5.07,-55.41,-54.43,-1.18,21.32,74.72,1.98,False,False,,IND,Mark Cohen,0.0,1.98,0.0,,,0,,0.0,55101,1777414,33064,-49.61,-0.53,62.2,27.6,18.5,59.8,34.7,36.5,30.2,30.2,27.9,25.2,20.7,18.0,18.0,18.9,18.9,22.3,17.8,19.6,20.5,25.9,31.3,29.5,33.1,25.8,24.9,24.9,24.0,23.2,22.3,21.4,20.5,20.5,19.6,19.6,19.6,20.5,20.5,21.4,22.3,Independent
2026-08-13,82,-55.66,0.0,100.0,Safe R,-52.4,5.03,-55.46,-54.43,-1.23,21.29,74.75,1.98,False,False,,IND,Mark Cohen,0.0,1.98,0.0,,,0,,0.0,55101,1777414,33064,-49.65,-0.53,62.2,27.6,18.5,59.7,34.6,36.4,30.2,30.2,27.9,25.2,20.7,18.0,18.0,18.9,18.9,22.3,17.8,19.6,20.5,25.9,31.3,29.5,33.1,25.8,24.9,24.9,24.0,23.1,22.2,21.3,20.4,20.4,19.5,19.5,19.5,20.4,20.4,21.3,22.2,Independent
2026-08-14,81,-55.64,0.0,100.0,Safe R,-52.4,5.04,-55.45,-54.43,-1.21,21.3,74.74,1.98,False,False,,IND,Mark Cohen,0.0,1.98,0.0,,,0,,0.0,55101,1777414,33064,-49.64,-0.53,62.2,27.6,18.5,59.8,34.6,36.4,30.2,30.2,27.9,25.2,20.7,18.0,18.0,18.9,18.9,22.3,17.8,19.6,20.5,25.9,31.3,29.5,33.1,25.8,24.9,24.9,24.0,23.1,22.2,21.3,20.4,20.4,19.5,19.5,19.5,20.4,20.4,21.3,22.2,Independent
2026-08-15,80,-55.62,0.0,100.0,Safe R,-52.39,5.06,-55.42,-54.43,-1.19,21.31,74.73,1.98,False,False,,IND,Mark Cohen,0.0,1.98,0.0,,,0,,0.0,55101,1777414,33064,-49.62,-0.53,62.2,27.6,18.5,59.8,34.7,36.4,30.2,30.2,27.9,25.2,20.7,18.0,18.0,18.9,18.9,22.3,17.8,19.6,20.5,25.9,31.3,29.5,33.1,25.8,24.9,24.9,24.0,23.1,22.2,21.3,20.5,20.5,19.6,19.6,19.6,20.5,20.5,21.3,22.2,Independent
2026-08-16,79,-55.66,0.0,100.0,Safe R,-52.4,5.03,-55.46,-54.43,-1.23,21.29,74.75,1.98,False,False,,IND,Mark Cohen,0.0,1.98,0.0,,,0,,0.0,55101,1777414,33064,-49.65,-0.53,62.3,27.8,18.5,59.7,34.6,36.4,30.2,30.2,27.9,25.2,20.7,18.0,18.0,18.9,18.9,22.3,17.8,19.6,20.5,25.9,31.3,29.5,33.1,25.8,24.9,24.9,24.0,23.1,22.2,21.3,20.4,20.4,19.5,19.5,19.5,20.4,20.4,21.3,22.2,Independent
2026-08-17,78,-55.56,0.0,100.0,Safe R,-52.38,5.11,-55.36,-54.43,-1.13,21.34,74.7,1.98,False,False,,IND,Mark Cohen,0.0,1.98,0.0,,,0,,0.0,55101,1777414,33064,-49.57,-0.53,62.3,27.8,18.5,59.8,34.7,36.5,30.2,30.2,27.9,25.2,20.8,18.1,18.1,19.0,19.0,22.3,17.9,19.7,20.5,25.9,31.3,29.5,33.1,25.9,25.0,25.0,24.1,23.2,22.3,21.4,20.5,20.5,19.6,19.6,19.6,20.5,20.5,21.4,22.3,Independent
2026-08-18,77,-55.55,0.0,100.0,Safe R,-52.38,5.12,-55.35,-54.43,-1.12,21.35,74.69,1.98,False,False,,IND,Mark Cohen,0.0,1.98,0.0,,,0,,0.0,55101,1777414,33064,-49.56,-0.53,62.3,27.8,18.6,59.8,34.7,36.5,30.2,30.2,27.9,25.3,20.8,18.1,18.1,19.0,19.0,22.4,17.9,19.7,20.6,25.9,31.3,29.5,33.1,25.9,25.0,25.0,24.1,23.2,22.3,21.4,20.5,20.5,19.6,19.6,19.6,20.5,20.5,21.4,22.3,Independent
2026-08-19,76,-55.55,0.0,100.0,Safe R,-52.38,5.12,-55.35,-54.43,-1.12,21.35,74.69,1.98,False,False,,IND,Mark Cohen,0.0,1.98,0.0,,,0,,0.0,55101,1777414,33064,-49.56,-0.53,62.2,27.6,18.6,59.8,34.7,36.5,30.2,30.2,27.9,25.3,20.8,18.1,18.1,19.0,19.0,22.4,17.9,19.7,20.6,25.9,31.3,29.5,33.1,25.9,25.0,25.0,24.1,23.2,22.3,21.4,20.5,20.5,19.6,19.6,19.6,20.5,20.5,21.4,22.3,Independent
2026-08-20,75,-55.55,0.0,100.0,Safe R,-52.38,5.12,-55.35,-54.43,-1.12,21.35,74.69,1.98,False,False,,IND,Mark Cohen,0.0,1.98,0.0,,,0,,0.0,55101,1777414,33064,-49.56,-0.53,62.2,27.6,18.6,59.8,34.7,36.5,30.2,30.2,27.9,25.3,20.8,18.1,18.1,19.0,19.0,22.4,17.9,19.7,20.6,25.9,31.3,29.5,33.1,25.9,25.0,25.0,24.1,23.2,22.3,21.4,20.5,20.5,19.6,19.6,19.6,20.5,20.5,21.4,22.3,Independent
2026-08-21,74,-55.52,0.0,100.0,Safe R,-52.37,5.14,-55.32,-54.43,-1.09,21.36,74.68,1.98,False,False,,IND,Mark Cohen,0.0,1.98,0.0,,,0,,0.0,55101,1777414,33064,-49.54,-0.53,62.2,27.6,18.6,59.8,34.7,36.5,30.2,30.2,28.0,25.3,20.8,18.1,18.1,19.0,19.0,22.4,17.9,19.7,20.6,26.0,31.3,29.5,33.1,25.9,25.0,25.0,24.1,23.2,22.3,21.4,20.5,20.5,19.6,19.6,19.6,20.5,20.5,21.4,22.3,Independent
2026-08-22,73,-55.48,0.0,100.0,Safe R,-52.37,5.17,-55.29,-54.43,-1.05,21.38,74.66,1.98,False,False,,IND,Mark Cohen,0.0,1.98,0.0,,,0,,0.0,55101,1777414,33064,-49.51,-0.53,62.2,27.6,18.6,59.8,34.7,36.5,30.2,30.2,28.0,25.3,20.8,18.1,18.1,19.0,19.0,22.4,17.9,19.7,20.6,26.0,31.4,29.6,33.1,25.9,25.0,25.0,24.1,23.2,22.3,21.4,20.5,20.5,19.6,19.6,19.6,20.5,20.5,21.4,22.3,Independent
2026-08-23,72,-55.48,0.0,100.0,Safe R,-52.37,5.17,-55.29,-54.43,-1.05,21.38,74.66,1.98,False,False,,IND,Mark Cohen,0.0,1.98,0.0,,,0,,0.0,55101,1777414,33064,-49.51,-0.53,62.2,27.6,18.6,59.8,34.7,36.5,30.2,30.2,28.0,25.3,20.8,18.1,18.1,19.0,19.0,22.4,17.9,19.7,20.6,26.0,31.4,29.6,33.1,25.9,25.0,25.0,24.1,23.2,22.3,21.4,20.5,20.5,19.6,19.6,19.6,20.5,20.5,21.4,22.3,Independent
2026-08-24,71,-55.46,0.0,100.0,Safe R,-52.36,5.19,-55.26,-54.43,-1.03,21.39,74.65,1.98,False,False,,IND,Mark Cohen,0.0,1.98,0.0,,,0,,0.0,55101,1777414,33064,-49.49,-0.53,62.2,27.5,18.6,59.9,34.7,36.5,30.3,30.3,28.0,25.3,20.8,18.1,18.1,19.0,19.0,22.4,17.9,19.7,20.6,26.0,31.4,29.6,33.2,25.9,25.0,25.0,24.1,23.2,22.3,21.4,20.5,20.5,19.6,19.6,19.6,20.5,20.5,21.4,22.3,Independent
2026-08-25,70,-55.47,0.0,100.0,Safe R,-52.36,5.18,-55.27,-54.43,-1.04,21.38,74.66,1.98,False,False,,IND,Mark Cohen,0.0,1.98,0.0,,,0,,0.0,55101,1777414,33064,-49.5,-0.53,62.2,27.6,18.6,59.8,34.7,36.5,30.2,30.2,28.0,25.3,20.8,18.1,18.1,19.0,19.0,22.4,17.9,19.7,20.6,26.0,31.4,29.6,33.1,25.9,25.0,25.0,24.1,23.2,22.3,21.4,20.5,20.5,19.6,19.6,19.6,20.5,20.5,21.4,22.3,Independent
2026-08-26,69,-55.4,0.0,100.0,Safe R,-52.35,5.24,-55.2,-54.43,-0.97,21.42,74.62,1.98,False,False,,IND,Mark Cohen,0.0,1.98,0.0,,,0,,0.0,55101,1777414,33064,-49.44,-0.53,62.0,27.2,18.6,59.9,34.8,36.6,30.3,30.3,28.0,25.3,20.8,18.1,18.1,19.0,19.0,22.4,17.9,19.7,20.6,26.0,31.4,29.6,33.2,25.9,25.0,25.0,24.1,23.3,22.4,21.5,20.6,20.6,19.7,19.7,19.7,20.6,20.6,21.5,22.4,Independent
2026-08-27,68,-55.38,0.0,100.0,Safe R,-52.35,5.25,-55.19,-54.43,-0.95,21.42,74.62,1.98,False,False,,IND,Mark Cohen,0.0,1.98,0.0,,,0,,0.0,55101,1777414,33064,-49.43,-0.53,62.0,27.2,18.6,59.9,34.8,36.6,30.3,30.3,28.0,25.3,20.8,18.1,18.1,19.0,19.0,22.4,17.9,19.7,20.6,26.0,31.4,29.6,33.2,25.9,25.0,25.0,24.1,23.3,22.4,21.5,20.6,20.6,19.7,19.7,19.7,20.6,20.6,21.5,22.4,Independent
2026-08-28,67,-55.34,0.0,100.0,Safe R,-52.34,5.29,-55.14,-54.43,-0.91,21.45,74.59,1.98,False,False,,IND,Mark Cohen,0.0,1.98,0.0,,,0,,0.0,55101,1777414,33064,-49.39,-0.53,62.0,27.3,18.7,59.9,34.8,36.6,30.3,30.3,28.0,25.4,20.9,18.2,18.2,19.1,19.1,22.5,18.0,19.8,20.7,26.0,31.4,29.6,33.2,26.0,25.1,25.1,24.2,23.3,22.4,21.5,20.6,20.6,19.7,19.7,19.7,20.6,20.6,21.5,22.4,Independent
2026-08-29,66,-55.35,0.0,100.0,Safe R,-52.34,5.28,-55.15,-54.43,-0.92,21.44,74.6,1.98,False,False,,IND,Mark Cohen,0.0,1.98,0.0,,,0,,0.0,55101,1777414,33064,-49.4,-0.53,62.0,27.3,18.6,59.9,34.8,36.6,30.3,30.3,28.0,25.3,20.9,18.2,18.2,19.1,19.1,22.4,18.0,19.8,20.6,26.0,31.4,29.6,33.2,26.0,25.1,25.1,24.2,23.3,22.4,21.5,20.6,20.6,19.7,19.7,19.7,20.6,20.6,21.5,22.4,Independent
2026-08-30,65,-55.44,0.0,100.0,Safe R,-52.36,5.21,-55.24,-54.43,-1.01,21.4,74.64,1.98,False,False,,IND,Mark Cohen,0.0,1.98,0.0,,,0,,0.0,55101,1777414,33064,-49.47,-0.53,62.1,27.6,18.6,59.9,34.8,36.5,30.3,30.3,28.0,25.3,20.8,18.1,18.1,19.0,19.0,22.4,17.9,19.7,20.6,26.0,31.4,29.6,33.2,25.9,25.0,25.0,24.1,23.2,22.3,21.4,20.5,20.5,19.6,19.6,19.6,20.5,20.5,21.4,22.3,Independent
2026-08-31,64,-55.44,0.0,100.0,Safe R,-52.36,5.21,-55.24,-54.43,-1.01,21.4,74.64,1.98,False,False,,IND,Mark Cohen,0.0,1.98,0.0,,,0,,0.0,55101,1777414,33064,-49.47,-0.53,62.0,27.3,18.6,59.9,34.8,36.5,30.3,30.3,28.0,25.3,20.8,18.1,18.1,19.0,19.0,22.4,17.9,19.7,20.6,26.0,31.4,29.6,33.2,25.9,25.0,25.0,24.1,23.2,22.3,21.4,20.5,20.5,19.6,19.6,19.6,20.5,20.5,21.4,22.3,Independent
2026-09-01,63,-55.39,0.0,100.0,Safe R,-52.35,5.25,-55.19,-54.43,-0.96,21.42,74.62,1.98,False,False,,IND,Mark Cohen,0.0,1.98,0.0,,,0,,0.0,55101,1777414,33064,-49.43,-0.53,62.0,27.3,18.6,59.9,34.8,36.6,30.3,30.3,28.0,25.3,20.8,18.1,18.1,19.0,19.0,22.4,17.9,19.7,20.6,26.0,31.4,29.6,33.2,25.9,25.0,25.0,24.1,23.3,22.4,21.5,20.6,20.6,19.7,19.7,19.7,20.6,20.6,21.5,22.4,Independent
2026-09-02,62,-55.08,0.0,100.0,Safe R,-52.08,5.29,-54.88,-54.43,-0.65,21.57,74.47,1.98,False,False,,IND,Mark Cohen,0.0,1.98,0.0,,,0,,0.0,55101,1777414,33064,-49.39,-0.53,62.0,27.2,18.8,60.1,34.9,36.7,30.4,30.4,28.2,25.5,21.0,18.3,18.3,19.2,19.2,22.6,18.1,19.9,20.8,26.2,31.6,29.8,33.3,26.1,25.2,25.2,24.3,23.4,22.5,21.6,20.7,20.7,19.8,19.8,19.8,20.7,20.7,21.6,22.5,Independent
2026-09-03,61,-55.01,0.0,100.0,Safe R,-52.08,5.35,-54.82,-54.43,-0.58,21.6,74.44,1.98,False,False,,IND,Mark Cohen,0.0,1.98,0.0,,,0,,0.0,55101,1777414,33064,-49.33,-0.53,62.0,27.2,18.8,60.1,35.0,36.8,30.5,30.5,28.2,25.5,21.0,18.3,18.3,19.2,19.2,22.6,18.1,19.9,20.8,26.2,31.6,29.8,33.4,26.1,25.2,25.2,24.3,23.4,22.5,21.6,20.7,20.7,19.8,19.8,19.8,20.7,20.7,21.6,22.5,Independent
2026-09-04,60,-55.02,0.0,100.0,Safe R,-52.08,5.35,-54.82,-54.43,-0.59,21.6,74.44,1.98,False,False,,IND,Mark Cohen,0.0,1.98,0.0,,,0,,0.0,55101,1777414,33064,-49.33,-0.53,62.0,27.2,18.8,60.1,35.0,36.8,30.5,30.5,28.2,25.5,21.0,18.3,18.3,19.2,19.2,22.6,18.1,19.9,20.8,26.2,31.6,29.8,33.4,26.1,25.2,25.2,24.3,23.4,22.5,21.6,20.7,20.7,19.8,19.8,19.8,20.7,20.7,21.6,22.5,Independent
2026-09-05,59,-55.01,0.0,100.0,Safe R,-52.08,5.36,-54.81,-54.43,-0.58,21.6,74.44,1.98,False,False,,IND,Mark Cohen,0.0,1.98,0.0,,,0,,0.0,55101,1777414,33064,-49.32,-0.53,62.0,27.2,18.8,60.1,35.0,36.8,30.5,30.5,28.2,25.5,21.0,18.3,18.3,19.2,19.2,22.6,18.1,19.9,20.8,26.2,31.6,29.8,33.4,26.1,25.2,25.2,24.3,23.4,22.5,21.6,20.7,20.7,19.8,19.8,19.8,20.7,20.7,21.6,22.5,Independent
2026-09-06,58,-54.85,0.0,100.0,Safe R,-52.05,5.49,-54.65,-54.43,-0.42,21.68,74.36,1.98,False,False,,IND,Mark Cohen,0.0,1.98,0.0,,,0,,0.0,55101,1777414,33064,-49.19,-0.53,61.9,27.1,18.9,60.2,35.0,36.8,30.6,30.6,28.3,25.6,21.1,18.4,18.4,19.3,19.3,22.7,18.2,20.0,20.9,26.3,31.7,29.9,33.5,26.2,25.3,25.3,24.4,23.5,22.6,21.7,20.8,20.8,19.9,19.9,19.9,20.8,20.8,21.7,22.6,Independent
2026-09-07,57,-54.89,0.0,100.0,Safe R,-52.06,5.46,-54.69,-54.43,-0.46,21.66,74.38,1.98,False,False,,IND,Mark Cohen,0.0,1.98,0.0,,,0,,0.0,55101,1777414,33064,-49.22,-0.53,61.9,27.1,18.9,60.2,35.0,36.8,30.5,30.5,28.3,25.6,21.1,18.4,18.4,19.3,19.3,22.7,18.2,20.0,20.9,26.3,31.6,29.8,33.4,26.2,25.3,25.3,24.4,23.5,22.6,21.7,20.8,20.8,19.9,19.9,19.9,20.8,20.8,21.7,22.6,Independent
2026-09-08,56,-54.8,0.0,100.0,Safe R,-52.04,5.53,-54.6,-54.43,-0.37,21.71,74.33,1.98,False,False,,IND,Mark Cohen,0.0,1.98,0.0,,,0,,0.0,55101,1777414,33064,-49.15,-0.53,61.8,27.0,18.9,60.2,35.1,36.9,30.6,30.6,28.3,25.6,21.1,18.4,18.4,19.3,19.3,22.7,18.2,20.0,20.9,26.3,31.7,29.9,33.5,26.2,25.3,25.3,24.4,23.5,22.6,21.7,20.8,20.8,20.0,20.0,20.0,20.8,20.8,21.7,22.6,Independent
2026-09-09,55,-54.5,0.0,100.0,Safe R,-51.98,5.77,-54.3,-54.43,-0.07,21.85,74.19,1.98,False,False,,IND,Mark Cohen,0.0,1.98,0.0,,,0,,0.0,55101,1777414,33064,-48.91,-0.53,61.8,26.9,19.0,60.4,35.2,37.0,30.7,30.7,28.5,25.8,21.3,18.6,18.6,19.5,19.5,22.9,18.4,20.2,21.1,26.4,31.8,30.0,33.6,26.4,25.5,25.5,24.6,23.7,22.8,21.9,21.0,21.0,20.1,20.1,20.1,21.0,21.0,21.9,22.8,Independent
2026-09-10,54,-54.52,0.0,100.0,Safe R,-51.99,5.76,-54.32,-54.43,-0.09,21.84,74.2,1.98,False,False,,IND,Mark Cohen,0.0,1.98,0.0,,,0,,0.0,55101,1777414,33064,-48.92,-0.53,61.8,26.9,19.0,60.4,35.2,37.0,30.7,30.7,28.4,25.7,21.3,18.6,18.6,19.5,19.5,22.8,18.4,20.1,21.0,26.4,31.8,30.0,33.6,26.4,25.5,25.5,24.6,23.7,22.8,21.9,21.0,21.0,20.1,20.1,20.1,21.0,21.0,21.9,22.8,Independent
2026-09-11,53,-54.44,0.0,100.0,Safe R,-51.98,5.82,-54.25,-54.43,-0.01,21.88,74.16,1.98,False,False,,IND,Mark Cohen,0.0,1.98,0.0,,,0,,0.0,55101,1777414,33064,-48.86,-0.53,61.8,26.8,19.1,60.4,35.3,37.1,30.8,30.8,28.5,25.8,21.3,18.6,18.6,19.5,19.5,22.9,18.4,20.2,21.1,26.5,31.9,30.1,33.7,26.4,25.5,25.5,24.6,23.7,22.8,21.9,21.0,21.0,20.1,20.1,20.1,21.0,21.0,21.9,22.8,Independent
2026-09-12,52,-54.43,0.0,100.0,Safe R,-51.98,5.83,-54.24,-54.43,-0.0,21.88,74.16,1.98,False,False,,IND,Mark Cohen,0.0,1.98,0.0,,,0,,0.0,55101,1777414,33064,-48.85,-0.53,61.8,26.8,19.1,60.4,35.3,37.1,30.8,30.8,28.5,25.8,21.3,18.6,18.6,19.5,19.5,22.9,18.4,20.2,21.1,26.5,31.9,30.1,33.7,26.4,25.5,25.5,24.6,23.7,22.8,21.9,21.0,21.0,20.1,20.1,20.1,21.0,21.0,21.9,22.8,Independent
2026-09-13,51,-55.08,0.0,100.0,Safe R,-52.64,5.84,-54.89,-54.43,-0.65,21.57,74.47,1.98,False,False,,IND,Mark Cohen,0.0,1.98,0.0,,,0,,0.0,55101,1777414,33064,-48.84,-0.53,61.9,27.0,18.8,60.1,34.9,36.7,30.4,30.4,28.2,25.5,21.0,18.3,18.3,19.2,19.2,22.6,18.1,19.9,20.8,26.2,31.6,29.8,33.3,26.1,25.2,25.2,24.3,23.4,22.5,21.6,20.7,20.7,19.8,19.8,19.8,20.7,20.7,21.6,22.5,Independent
2026-09-14,50,-54.65,0.0,100.0,Safe R,-52.29,5.93,-54.45,-54.43,-0.22,21.78,74.26,1.98,False,False,,IND,Mark Cohen,0.0,1.98,0.0,,,0,,0.0,55101,1777414,33064,-48.75,-0.53,62.0,26.9,19.0,60.3,35.2,36.9,30.7,30.7,28.4,25.7,21.2,18.5,18.5,19.4,19.4,22.8,18.3,20.1,21.0,26.4,31.8,30.0,33.6,26.3,25.4,25.4,24.5,23.6,22.7,21.8,20.9,20.9,20.0,20.0,20.0,20.9,20.9,21.8,22.7,Independent
2026-09-15,49,-54.44,0.0,100.0,Safe R,-52.25,6.1,-54.24,-54.43,-0.01,21.88,74.16,1.98,False,False,,IND,Mark Cohen,0.0,1.98,0.0,,,0,,0.0,55101,1777414,33064,-48.58,-0.53,61.9,26.9,19.1,60.4,35.3,37.1,30.8,30.8,28.5,25.8,21.3,18.6,18.6,19.5,19.5,22.9,18.4,20.2,21.1,26.5,31.9,30.1,33.7,26.4,25.5,25.5,24.6,23.7,22.8,21.9,21.0,21.0,20.1,20.1,20.1,21.0,21.0,21.9,22.8,Independent
2026-09-16,48,-54.46,0.0,100.0,Safe R,-52.28,6.11,-54.26,-54.43,-0.03,21.87,74.17,1.98,False,False,,IND,Mark Cohen,0.0,1.98,0.0,,,0,,0.0,55101,1777414,33064,-48.57,-0.53,61.9,26.9,19.1,60.4,35.2,37.0,30.8,30.8,28.5,25.8,21.3,18.6,18.6,19.5,19.5,22.9,18.4,20.2,21.1,26.5,31.9,30.1,33.7,26.4,25.5,25.5,24.6,23.7,22.8,21.9,21.0,21.0,20.1,20.1,20.1,21.0,21.0,21.9,22.8,Independent
2026-09-17,47,-54.41,0.0,100.0,Safe R,-52.28,6.15,-54.22,-54.43,0.02,21.89,74.15,1.98,False,False,,IND,Mark Cohen,0.0,1.98,0.0,,,0,,0.0,55101,1777414,33064,-48.53,-0.53,61.8,26.6,19.1,60.4,35.3,37.1,30.8,30.8,28.5,25.8,21.3,18.6,18.6,19.5,19.5,22.9,18.4,20.2,21.1,26.5,31.9,30.1,33.7,26.4,25.5,25.5,24.6,23.7,22.8,21.9,21.0,21.0,20.1,20.1,20.1,21.0,21.0,21.9,22.8,Independent
2026-09-18,46,-54.39,0.0,100.0,Safe R,-52.28,6.17,-54.2,-54.43,0.04,21.9,74.14,1.98,False,False,,IND,Mark Cohen,0.0,1.98,0.0,,,0,,0.0,55101,1777414,33064,-48.51,-0.53,61.8,26.6,19.1,60.4,35.3,37.1,30.8,30.8,28.5,25.8,21.3,18.6,18.6,19.5,19.5,22.9,18.4,20.2,21.1,26.5,31.9,30.1,33.7,26.4,25.5,25.5,24.6,23.7,22.8,21.9,21.0,21.0,20.1,20.1,20.1,21.0,21.0,21.9,22.8,Independent
2026-09-19,45,-54.42,0.0,100.0,Safe R,-52.28,6.15,-54.22,-54.43,0.01,21.89,74.15,1.98,False,False,,IND,Mark Cohen,0.0,1.98,0.0,,,0,,0.0,55101,1777414,33064,-48.53,-0.53,61.8,26.6,19.1,60.4,35.3,37.1,30.8,30.8,28.5,25.8,21.3,18.6,18.6,19.5,19.5,22.9,18.4,20.2,21.1,26.5,31.9,30.1,33.7,26.4,25.5,25.5,24.6,23.7,22.8,21.9,21.0,21.0,20.1,20.1,20.1,21.0,21.0,21.9,22.8,Independent
2026-09-20,44,-54.35,0.0,100.0,Safe R,-52.27,6.21,-54.15,-54.43,0.08,21.92,74.12,1.98,False,False,,IND,Mark Cohen,0.0,1.98,0.0,,,0,,0.0,55101,1777414,33064,-48.47,-0.53,61.6,26.2,19.1,60.5,35.3,37.1,30.8,30.8,28.5,25.8,21.3,18.6,18.6,19.5,19.5,22.9,18.4,20.2,21.1,26.5,31.9,30.1,33.7,26.5,25.6,25.6,24.7,23.8,22.9,22.0,21.1,21.1,20.2,20.2,20.2,21.1,21.1,22.0,22.9,Independent
2026-09-21,43,-54.14,0.0,100.0,Safe R,-52.23,6.38,-53.94,-54.43,0.29,22.02,74.02,1.98,False,False,,IND,Mark Cohen,0.0,1.98,0.0,,,0,,0.0,55101,1777414,33064,-48.3,-0.53,61.5,25.9,19.2,60.6,35.4,37.2,30.9,30.9,28.6,25.9,21.4,18.7,18.7,19.6,19.6,23.0,18.5,20.3,21.2,26.6,32.0,30.2,33.8,26.6,25.7,25.7,24.8,23.9,23.0,22.1,21.2,21.2,20.3,20.3,20.3,21.2,21.2,22.1,23.0,Independent
2026-09-22,42,-54.01,0.0,100.0,Safe R,-52.21,6.48,-53.82,-54.43,0.42,22.08,73.96,1.98,False,False,,IND,Mark Cohen,0.0,1.98,0.0,,,0,,0.0,55101,1777414,33064,-48.2,-0.53,61.5,25.9,19.3,60.7,35.5,37.3,31.0,31.0,28.7,26.0,21.5,18.8,18.8,19.7,19.7,23.1,18.6,20.4,21.3,26.7,32.1,30.3,33.9,26.6,25.7,25.7,24.8,23.9,23.0,22.1,21.2,21.2,20.3,20.3,20.3,21.2,21.2,22.1,23.0,Independent
2026-09-23,41,-54.0,0.0,100.0,Safe R,-52.21,6.49,-53.81,-54.43,0.43,22.09,73.95,1.98,False,False,,IND,Mark Cohen,0.0,1.98,0.0,,,0,,0.0,55101,1777414,33064,-48.19,-0.53,61.5,25.9,19.3,60.7,35.5,37.3,31.0,31.0,28.7,26.0,21.5,18.8,18.8,19.7,19.7,23.1,18.6,20.4,21.3,26.7,32.1,30.3,33.9,26.6,25.7,25.7,24.8,23.9,23.0,22.1,21.2,21.2,20.3,20.3,20.3,21.2,21.2,22.1,23.0,Independent
2026-09-24,40,-53.99,0.0,100.0,Safe R,-52.21,6.5,-53.8,-54.43,0.44,22.09,73.95,1.98,False,False,,IND,Mark Cohen,0.0,1.98,0.0,,,0,,0.0,55101,1777414,33064,-48.18,-0.53,61.5,25.9,19.3,60.7,35.5,37.3,31.0,31.0,28.7,26.0,21.5,18.8,18.8,19.7,19.7,23.1,18.6,20.4,21.3,26.7,32.1,30.3,33.9,26.6,25.7,25.7,24.8,23.9,23.0,22.1,21.2,21.2,20.3,20.3,20.3,21.2,21.2,22.1,23.0,Independent
2026-09-25,39,-54.01,0.0,100.0,Safe R,-52.21,6.49,-53.81,-54.43,0.42,22.09,73.95,1.98,False,False,,IND,Mark Cohen,0.0,1.98,0.0,,,0,,0.0,55101,1777414,33064,-48.19,-0.53,61.5,25.8,19.3,60.7,35.5,37.3,31.0,31.0,28.7,26.0,21.5,18.8,18.8,19.7,19.7,23.1,18.6,20.4,21.3,26.7,32.1,30.3,33.9,26.6,25.7,25.7,24.8,23.9,23.0,22.1,21.2,21.2,20.3,20.3,20.3,21.2,21.2,22.1,23.0,Independent
2026-09-26,38,-54.0,0.0,100.0,Safe R,-52.21,6.5,-53.8,-54.43,0.43,22.09,73.95,1.98,False,False,,IND,Mark Cohen,0.0,1.98,0.0,,,0,,0.0,55101,1777414,33064,-48.18,-0.53,61.5,25.8,19.3,60.7,35.5,37.3,31.0,31.0,28.7,26.0,21.5,18.8,18.8,19.7,19.7,23.1,18.6,20.4,21.3,26.7,32.1,30.3,33.9,26.6,25.7,25.7,24.8,23.9,23.0,22.1,21.2,21.2,20.3,20.3,20.3,21.2,21.2,22.1,23.0,Independent
2026-09-27,37,-53.77,0.0,100.0,Safe R,-52.17,6.68,-53.58,-54.43,0.66,22.2,73.84,1.98,False,False,,IND,Mark Cohen,0.0,1.98,0.0,,,0,,0.0,55101,1777414,33064,-48.0,-0.53,61.4,25.8,19.4,60.8,35.6,37.4,31.1,31.1,28.8,26.1,21.6,18.9,18.9,19.8,19.8,23.2,18.7,20.5,21.4,26.8,32.2,30.4,34.0,26.7,25.8,25.8,24.9,24.0,23.1,22.2,21.3,21.3,20.4,20.4,20.4,21.3,21.3,22.2,23.1,Independent
2026-09-28,36,-53.74,0.0,100.0,Safe R,-52.16,6.71,-53.54,-54.43,0.69,22.21,73.83,1.98,False,False,,IND,Mark Cohen,0.0,1.98,0.0,,,0,,0.0,55101,1777414,33064,-47.97,-0.53,61.2,25.3,19.4,60.8,35.6,37.4,31.1,31.1,28.8,26.1,21.6,18.9,18.9,19.8,19.8,23.2,18.7,20.5,21.4,26.8,32.2,30.4,34.0,26.7,25.8,25.8,24.9,24.0,23.1,22.2,21.3,21.3,20.4,20.4,20.4,21.3,21.3,22.2,23.1,Independent
2026-09-29,35,-53.73,0.0,100.0,Safe R,-52.16,6.72,-53.53,-54.43,0.7,22.22,73.82,1.98,False,False,,IND,Mark Cohen,0.0,1.98,0.0,,,0,,0.0,55101,1777414,33064,-47.96,-0.53,61.2,25.3,19.4,60.8,35.6,37.4,31.1,31.1,28.8,26.1,21.6,18.9,18.9,19.8,19.8,23.2,18.7,20.5,21.4,26.8,32.2,30.4,34.0,26.8,25.9,25.9,25.0,24.1,23.2,22.3,21.4,21.4,20.5,20.5,20.5,21.4,21.4,22.3,23.2,Independent
2026-09-30,34,-53.72,0.0,100.0,Safe R,-52.16,6.73,-53.52,-54.43,0.71,22.22,73.82,1.98,False,False,,IND,Mark Cohen,0.0,1.98,0.0,,,0,,0.0,55101,1777414,33064,-47.95,-0.53,61.2,25.3,19.4,60.8,35.6,37.4,31.1,31.1,28.8,26.1,21.6,18.9,18.9,19.8,19.8,23.2,18.7,20.5,21.4,26.8,32.2,30.4,34.0,26.8,25.9,25.9,25.0,24.1,23.2,22.3,21.4,21.4,20.5,20.5,20.5,21.4,21.4,22.3,23.2,Independent
2026-10-01,33,-53.72,0.0,100.0,Safe R,-52.16,6.73,-53.52,-54.43,0.71,22.22,73.82,1.98,False,False,,IND,Mark Cohen,0.0,1.98,0.0,,,0,,0.0,55101,1777414,33064,-47.95,-0.53,61.2,25.3,19.4,60.8,35.6,37.4,31.1,31.1,28.8,26.1,21.6,18.9,18.9,19.8,19.8,23.2,18.7,20.5,21.4,26.8,32.2,30.4,34.0,26.8,25.9,25.9,25.0,24.1,23.2,22.3,21.4,21.4,20.5,20.5,20.5,21.4,21.4,22.3,23.2,Independent
