date,days_out,margin,dem_prob,rep_prob,rating,lean,gcb,fundamentals,pres_2024,swing_24_26,dem_pct,rep_pct,oth_pct,rcv,threeway,same_party,oth_party,ind_name,ind_prob,ind_pct,cand1_prob,poll_dem,poll_rep,poll_count,polling_avg,polling_weight,dem_funds,rep_funds,ind_funds,environment,demo_env_adj,trump_approve,trump_net,dem_vap_white,dem_vap_black,dem_vap_hispanic,dem_vap_asian,dem_vap_native,dem_vap_pacific,dem_age_20_29,dem_age_30_39,dem_age_40_49,dem_age_50_59,dem_age_60_69,dem_age_70_79,dem_age_80_plus,dem_educ_no_hs,dem_educ_hs,dem_educ_some_college,dem_educ_associate,dem_educ_bachelor,dem_educ_master,dem_educ_professional,dem_educ_doctorate,dem_inc_u10k,dem_inc_10_15k,dem_inc_15_20k,dem_inc_20_25k,dem_inc_25_30k,dem_inc_30_35k,dem_inc_35_40k,dem_inc_40_45k,dem_inc_45_50k,dem_inc_50_60k,dem_inc_60_75k,dem_inc_75_100k,dem_inc_100_125k,dem_inc_125_150k,dem_inc_150_200k,dem_inc_200k_plus,ind_party_label
2026-01-01,306,7.66,76.8,23.2,Likely D,4.65,3.05,7.86,4.68,2.97,52.67,45.17,0.0,False,False,,LIB,Eric Michael Foreman,0.0,2.16,0.0,46.5,40.5,1,3.65,0.15,2668287,2034386,0,7.35,-0.36,40.2,-16.2,45.0,89.2,62.3,64.2,57.5,57.5,59.0,56.1,51.3,48.5,48.5,49.4,49.4,52.0,47.2,49.1,50.1,55.8,61.6,59.7,63.5,57.5,56.6,56.6,55.6,54.7,53.7,52.7,51.8,51.8,50.8,50.8,50.8,51.8,51.8,52.7,53.7,Libertarian
2026-01-02,305,7.68,76.8,23.2,Likely D,4.66,3.07,7.88,4.68,3.0,52.68,45.16,0.0,False,False,,LIB,Eric Michael Foreman,0.0,2.16,0.0,46.5,40.5,1,3.65,0.15,2668287,2034386,0,7.37,-0.36,40.2,-16.2,45.0,89.2,62.3,64.2,57.5,57.5,59.0,56.2,51.4,48.5,48.5,49.4,49.4,52.0,47.2,49.1,50.1,55.8,61.6,59.7,63.5,57.6,56.6,56.6,55.6,54.7,53.7,52.7,51.8,51.8,50.8,50.8,50.8,51.8,51.8,52.7,53.7,Libertarian
2026-01-03,304,7.68,76.8,23.2,Likely D,4.66,3.07,7.88,4.68,3.0,52.68,45.16,0.0,False,False,,LIB,Eric Michael Foreman,0.0,2.16,0.0,46.5,40.5,1,3.65,0.15,2668287,2034386,0,7.37,-0.36,40.2,-16.2,45.0,89.2,62.3,64.2,57.5,57.5,59.0,56.2,51.4,48.5,48.5,49.4,49.4,52.0,47.2,49.1,50.1,55.8,61.6,59.7,63.5,57.6,56.6,56.6,55.6,54.7,53.7,52.7,51.8,51.8,50.8,50.8,50.8,51.8,51.8,52.7,53.7,Libertarian
2026-01-04,303,7.59,76.6,23.4,Likely D,4.64,3.01,7.81,4.68,2.91,52.64,45.2,0.0,False,False,,LIB,Eric Michael Foreman,0.0,2.16,0.0,46.5,40.5,1,3.51,0.15,2668287,2034386,0,7.31,-0.36,40.3,-15.9,44.9,89.1,62.2,64.2,57.4,57.4,59.0,56.1,51.3,48.4,48.4,49.4,49.4,52.0,47.2,49.1,50.0,55.8,61.6,59.6,63.5,57.5,56.6,56.6,55.6,54.6,53.7,52.7,51.7,51.7,50.8,50.8,50.8,51.7,51.7,52.7,53.7,Libertarian
2026-01-05,302,7.67,76.8,23.2,Likely D,4.66,3.07,7.88,4.68,2.99,52.67,45.17,0.0,False,False,,LIB,Eric Michael Foreman,0.0,2.16,0.0,46.5,40.5,1,3.6,0.15,2668287,2034386,0,7.37,-0.36,40.3,-16.0,45.0,89.2,62.3,64.2,57.5,57.5,59.0,56.1,51.3,48.5,48.5,49.4,49.4,52.0,47.2,49.1,50.1,55.8,61.6,59.7,63.5,57.5,56.6,56.6,55.6,54.7,53.7,52.7,51.8,51.8,50.8,50.8,50.8,51.8,51.8,52.7,53.7,Libertarian
2026-01-06,301,7.68,76.8,23.2,Likely D,4.66,3.08,7.89,4.68,3.0,52.68,45.16,0.0,False,False,,LIB,Eric Michael Foreman,0.0,2.16,0.0,46.5,40.5,1,3.6,0.15,2668287,2034386,0,7.38,-0.36,40.3,-16.0,45.0,89.2,62.3,64.2,57.5,57.5,59.0,56.2,51.4,48.5,48.5,49.4,49.4,52.0,47.2,49.1,50.1,55.8,61.6,59.7,63.5,57.6,56.6,56.6,55.6,54.7,53.7,52.7,51.8,51.8,50.8,50.8,50.8,51.8,51.8,52.7,53.7,Libertarian
2026-01-07,300,7.65,76.7,23.3,Likely D,4.65,3.05,7.86,4.68,2.97,52.66,45.18,0.0,False,False,,LIB,Eric Michael Foreman,0.0,2.16,0.0,46.5,40.5,1,3.6,0.15,2668287,2034386,0,7.35,-0.36,40.3,-16.1,45.0,89.2,62.3,64.2,57.5,57.5,59.0,56.1,51.3,48.5,48.5,49.4,49.4,52.0,47.2,49.1,50.1,55.8,61.6,59.7,63.5,57.5,56.6,56.6,55.6,54.7,53.7,52.7,51.8,51.8,50.8,50.8,50.8,51.8,51.8,52.7,53.7,Libertarian
2026-01-08,299,7.63,76.7,23.3,Likely D,4.65,3.03,7.83,4.68,2.95,52.65,45.19,0.0,False,False,,LIB,Eric Michael Foreman,0.0,2.16,0.0,46.5,40.5,1,3.61,0.15,2668287,2034386,0,7.33,-0.36,40.3,-16.1,45.0,89.1,62.2,64.2,57.4,57.4,59.0,56.1,51.3,48.4,48.4,49.4,49.4,52.0,47.2,49.1,50.1,55.8,61.6,59.7,63.5,57.5,56.6,56.6,55.6,54.6,53.7,52.7,51.8,51.8,50.8,50.8,50.8,51.8,51.8,52.7,53.7,Libertarian
2026-01-09,298,7.66,76.8,23.2,Likely D,4.65,3.06,7.87,4.68,2.98,52.67,45.17,0.0,False,False,,LIB,Eric Michael Foreman,0.0,2.16,0.0,46.5,40.5,1,3.61,0.15,2668287,2034386,0,7.36,-0.36,40.3,-16.0,45.0,89.2,62.3,64.2,57.5,57.5,59.0,56.1,51.3,48.5,48.5,49.4,49.4,52.0,47.2,49.1,50.1,55.8,61.6,59.7,63.5,57.5,56.6,56.6,55.6,54.7,53.7,52.7,51.8,51.8,50.8,50.8,50.8,51.8,51.8,52.7,53.7,Libertarian
2026-01-10,297,7.66,76.8,23.2,Likely D,4.65,3.06,7.87,4.68,2.98,52.67,45.17,0.0,False,False,,LIB,Eric Michael Foreman,0.0,2.16,0.0,46.5,40.5,1,3.61,0.15,2668287,2034386,0,7.36,-0.36,40.3,-16.0,45.0,89.2,62.3,64.2,57.5,57.5,59.0,56.1,51.3,48.5,48.5,49.4,49.4,52.0,47.2,49.1,50.1,55.8,61.6,59.7,63.5,57.5,56.6,56.6,55.6,54.7,53.7,52.7,51.8,51.8,50.8,50.8,50.8,51.8,51.8,52.7,53.7,Libertarian
2026-01-11,296,7.64,76.7,23.3,Likely D,4.65,3.05,7.86,4.68,2.96,52.66,45.18,0.0,False,False,,LIB,Eric Michael Foreman,0.0,2.16,0.0,46.5,40.5,1,3.52,0.15,2668287,2034386,0,7.35,-0.36,40.2,-16.2,45.0,89.2,62.3,64.2,57.5,57.5,59.0,56.1,51.3,48.5,48.5,49.4,49.4,52.0,47.2,49.1,50.1,55.8,61.6,59.7,63.5,57.5,56.6,56.6,55.6,54.7,53.7,52.7,51.8,51.8,50.8,50.8,50.8,51.8,51.8,52.7,53.7,Libertarian
2026-01-12,295,7.73,77.0,23.0,Likely D,4.67,3.12,7.94,4.68,3.05,52.7,45.14,0.0,False,False,,LIB,Eric Michael Foreman,0.0,2.16,0.0,46.5,40.5,1,3.64,0.15,2668287,2034386,0,7.42,-0.36,40.2,-16.4,45.0,89.2,62.3,64.2,57.5,57.5,59.1,56.2,51.4,48.5,48.5,49.5,49.5,52.0,47.2,49.1,50.1,55.9,61.6,59.7,63.5,57.6,56.6,56.6,55.7,54.7,53.7,52.8,51.8,51.8,50.8,50.8,50.8,51.8,51.8,52.8,53.7,Libertarian
2026-01-13,294,7.67,76.8,23.2,Likely D,4.66,3.07,7.88,4.68,2.99,52.67,45.17,0.0,False,False,,LIB,Eric Michael Foreman,0.0,2.16,0.0,46.5,40.5,1,3.6,0.15,2668287,2034386,0,7.37,-0.36,40.1,-16.6,45.0,89.2,62.3,64.2,57.5,57.5,59.0,56.1,51.3,48.5,48.5,49.4,49.4,52.0,47.2,49.1,50.1,55.8,61.6,59.7,63.5,57.5,56.6,56.6,55.6,54.7,53.7,52.7,51.8,51.8,50.8,50.8,50.8,51.8,51.8,52.7,53.7,Libertarian
2026-01-14,293,7.65,76.8,23.2,Likely D,4.65,3.05,7.86,4.68,2.97,52.66,45.18,0.0,False,False,,LIB,Eric Michael Foreman,0.0,2.16,0.0,46.5,40.5,1,3.61,0.15,2668287,2034386,0,7.35,-0.36,40.1,-16.5,45.0,89.2,62.3,64.2,57.5,57.5,59.0,56.1,51.3,48.5,48.5,49.4,49.4,52.0,47.2,49.1,50.1,55.8,61.6,59.7,63.5,57.5,56.6,56.6,55.6,54.7,53.7,52.7,51.8,51.8,50.8,50.8,50.8,51.8,51.8,52.7,53.7,Libertarian
2026-01-15,292,7.7,76.9,23.1,Likely D,4.66,3.09,7.91,4.68,3.02,52.69,45.15,0.0,False,False,,LIB,Eric Michael Foreman,0.0,2.16,0.0,46.5,40.5,1,3.64,0.15,2668287,2034386,0,7.39,-0.36,40.1,-16.5,45.0,89.2,62.3,64.2,57.5,57.5,59.0,56.2,51.4,48.5,48.5,49.4,49.4,52.0,47.2,49.1,50.1,55.9,61.6,59.7,63.5,57.6,56.6,56.6,55.6,54.7,53.7,52.8,51.8,51.8,50.8,50.8,50.8,51.8,51.8,52.8,53.7,Libertarian
2026-01-16,291,7.7,76.9,23.1,Likely D,4.66,3.09,7.91,4.68,3.02,52.69,45.15,0.0,False,False,,LIB,Eric Michael Foreman,0.0,2.16,0.0,46.5,40.5,1,3.64,0.15,2668287,2034386,0,7.39,-0.36,40.1,-16.6,45.0,89.2,62.3,64.2,57.5,57.5,59.0,56.2,51.4,48.5,48.5,49.4,49.4,52.0,47.2,49.1,50.1,55.9,61.6,59.7,63.5,57.6,56.6,56.6,55.6,54.7,53.7,52.8,51.8,51.8,50.8,50.8,50.8,51.8,51.8,52.8,53.7,Libertarian
2026-01-17,290,7.78,77.1,22.9,Likely D,4.68,3.15,7.98,4.68,3.09,52.72,45.12,0.0,False,False,,LIB,Eric Michael Foreman,0.0,2.16,0.0,46.5,40.5,1,3.73,0.15,2668287,2034386,0,7.45,-0.36,40.0,-16.7,45.0,89.2,62.3,64.2,57.5,57.5,59.1,56.2,51.4,48.5,48.5,49.5,49.5,52.0,47.2,49.2,50.1,55.9,61.6,59.7,63.6,57.6,56.6,56.6,55.7,54.7,53.8,52.8,51.8,51.8,50.9,50.9,50.9,51.8,51.8,52.8,53.8,Libertarian
2026-01-18,289,7.71,76.9,23.1,Likely D,4.67,3.11,7.93,4.68,3.03,52.69,45.15,0.0,False,False,,LIB,Eric Michael Foreman,0.0,2.16,0.0,46.5,40.5,1,3.58,0.15,2668287,2034386,0,7.41,-0.36,40.1,-16.6,45.0,89.2,62.3,64.2,57.5,57.5,59.0,56.2,51.4,48.5,48.5,49.4,49.4,52.0,47.2,49.1,50.1,55.9,61.6,59.7,63.5,57.6,56.6,56.6,55.6,54.7,53.7,52.8,51.8,51.8,50.8,50.8,50.8,51.8,51.8,52.8,53.7,Libertarian
2026-01-19,288,7.72,77.0,23.0,Likely D,4.67,3.11,7.93,4.68,3.04,52.7,45.14,0.0,False,False,,LIB,Eric Michael Foreman,0.0,2.16,0.0,46.5,40.5,1,3.66,0.15,2668287,2034386,0,7.41,-0.36,40.1,-16.5,45.0,89.2,62.3,64.2,57.5,57.5,59.1,56.2,51.4,48.5,48.5,49.5,49.5,52.0,47.2,49.1,50.1,55.9,61.6,59.7,63.5,57.6,56.6,56.6,55.7,54.7,53.7,52.8,51.8,51.8,50.8,50.8,50.8,51.8,51.8,52.8,53.7,Libertarian
2026-01-20,287,7.79,77.2,22.8,Likely D,4.68,3.15,7.98,4.68,3.11,52.73,45.11,0.0,False,False,,LIB,Eric Michael Foreman,0.0,2.16,0.0,46.5,40.5,1,3.82,0.15,2668287,2034386,0,7.45,-0.36,39.9,-16.8,45.0,89.2,62.3,64.2,57.5,57.5,59.1,56.2,51.4,48.5,48.5,49.5,49.5,52.1,47.2,49.2,50.1,55.9,61.7,59.7,63.6,57.6,56.6,56.6,55.7,54.7,53.8,52.8,51.8,51.8,50.9,50.9,50.9,51.8,51.8,52.8,53.8,Libertarian
2026-01-21,286,7.84,77.3,22.7,Likely D,4.69,3.2,8.04,4.68,3.16,52.76,45.08,0.0,False,False,,LIB,Eric Michael Foreman,0.0,2.16,0.0,46.5,40.5,1,3.82,0.15,2668287,2034386,0,7.5,-0.36,40.0,-16.7,45.1,89.3,62.4,64.3,57.6,57.6,59.1,56.2,51.4,48.6,48.6,49.5,49.5,52.1,47.3,49.2,50.2,55.9,61.7,59.8,63.6,57.6,56.7,56.7,55.7,54.8,53.8,52.8,51.9,51.9,50.9,50.9,50.9,51.9,51.9,52.8,53.8,Libertarian
2026-01-22,285,7.85,77.3,22.7,Likely D,4.69,3.2,8.04,4.68,3.17,52.76,45.08,0.0,False,False,,LIB,Eric Michael Foreman,0.0,2.16,0.0,46.5,40.5,1,3.87,0.15,2668287,2034386,0,7.5,-0.36,39.9,-16.9,45.1,89.3,62.4,64.3,57.6,57.6,59.1,56.2,51.4,48.6,48.6,49.5,49.5,52.1,47.3,49.2,50.2,55.9,61.7,59.8,63.6,57.6,56.7,56.7,55.7,54.8,53.8,52.8,51.9,51.9,50.9,50.9,50.9,51.9,51.9,52.8,53.8,Libertarian
2026-01-23,284,7.85,77.3,22.7,Likely D,4.69,3.2,8.04,4.68,3.17,52.76,45.08,0.0,False,False,,LIB,Eric Michael Foreman,0.0,2.16,0.0,46.5,40.5,1,3.87,0.15,2668287,2034386,0,7.5,-0.36,39.9,-16.9,45.1,89.3,62.4,64.3,57.6,57.6,59.1,56.2,51.4,48.6,48.6,49.5,49.5,52.1,47.3,49.2,50.2,55.9,61.7,59.8,63.6,57.6,56.7,56.7,55.7,54.8,53.8,52.8,51.9,51.9,50.9,50.9,50.9,51.9,51.9,52.8,53.8,Libertarian
2026-01-24,283,7.89,77.5,22.5,Likely D,4.7,3.24,8.09,4.68,3.21,52.78,45.06,0.0,False,False,,LIB,Eric Michael Foreman,0.0,2.16,0.0,46.5,40.5,1,3.87,0.15,2668287,2034386,0,7.54,-0.36,39.9,-16.9,45.1,89.3,62.4,64.3,57.6,57.6,59.1,56.3,51.5,48.6,48.6,49.5,49.5,52.1,47.3,49.2,50.2,55.9,61.7,59.8,63.6,57.7,56.7,56.7,55.7,54.8,53.8,52.8,51.9,51.9,50.9,50.9,50.9,51.9,51.9,52.8,53.8,Libertarian
2026-01-25,282,7.76,77.1,22.9,Likely D,4.67,3.14,7.97,4.68,3.08,52.72,45.12,0.0,False,False,,LIB,Eric Michael Foreman,0.0,2.16,0.0,46.5,40.5,1,3.72,0.15,2668287,2034386,0,7.44,-0.36,39.9,-16.9,45.0,89.2,62.3,64.2,57.5,57.5,59.1,56.2,51.4,48.5,48.5,49.5,49.5,52.0,47.2,49.2,50.1,55.9,61.6,59.7,63.6,57.6,56.6,56.6,55.7,54.7,53.8,52.8,51.8,51.8,50.9,50.9,50.9,51.8,51.8,52.8,53.8,Libertarian
2026-01-26,281,7.8,77.2,22.8,Likely D,4.68,3.16,7.99,4.68,3.11,52.73,45.11,0.0,False,False,,LIB,Eric Michael Foreman,0.0,2.16,0.0,46.5,40.5,1,3.79,0.15,2668287,2034386,0,7.46,-0.36,39.8,-17.2,45.0,89.2,62.3,64.2,57.5,57.5,59.1,56.2,51.4,48.5,48.5,49.5,49.5,52.1,47.2,49.2,50.1,55.9,61.7,59.7,63.6,57.6,56.6,56.6,55.7,54.7,53.8,52.8,51.8,51.8,50.9,50.9,50.9,51.8,51.8,52.8,53.8,Libertarian
2026-01-27,280,7.85,77.3,22.7,Likely D,4.69,3.21,8.06,4.68,3.17,52.76,45.08,0.0,False,False,,LIB,Eric Michael Foreman,0.0,2.16,0.0,46.5,40.5,1,3.8,0.15,2668287,2034386,0,7.51,-0.36,39.8,-17.2,45.1,89.3,62.4,64.3,57.6,57.6,59.1,56.2,51.4,48.6,48.6,49.5,49.5,52.1,47.3,49.2,50.2,55.9,61.7,59.8,63.6,57.6,56.7,56.7,55.7,54.8,53.8,52.8,51.9,51.9,50.9,50.9,50.9,51.9,51.9,52.8,53.8,Libertarian
2026-01-28,279,7.87,77.4,22.6,Likely D,4.69,3.22,8.07,4.68,3.19,52.77,45.07,0.0,False,False,,LIB,Eric Michael Foreman,0.0,2.16,0.0,46.5,40.5,1,3.87,0.15,2668287,2034386,0,7.52,-0.36,39.8,-17.2,45.1,89.3,62.4,64.3,57.6,57.6,59.1,56.2,51.4,48.6,48.6,49.5,49.5,52.1,47.3,49.2,50.2,55.9,61.7,59.8,63.6,57.6,56.7,56.7,55.7,54.8,53.8,52.8,51.9,51.9,50.9,50.9,50.9,51.9,51.9,52.8,53.8,Libertarian
2026-01-29,278,7.86,77.4,22.6,Likely D,4.69,3.21,8.06,4.68,3.18,52.76,45.08,0.0,False,False,,LIB,Eric Michael Foreman,0.0,2.16,0.0,46.5,40.5,1,3.86,0.15,2668287,2034386,0,7.51,-0.36,39.9,-17.1,45.1,89.3,62.4,64.3,57.6,57.6,59.1,56.2,51.4,48.6,48.6,49.5,49.5,52.1,47.3,49.2,50.2,55.9,61.7,59.8,63.6,57.6,56.7,56.7,55.7,54.8,53.8,52.8,51.9,51.9,50.9,50.9,50.9,51.9,51.9,52.8,53.8,Libertarian
2026-01-30,277,7.9,77.5,22.5,Likely D,4.7,3.25,8.11,4.68,3.22,52.79,45.05,0.0,False,False,,LIB,Eric Michael Foreman,0.0,2.16,0.0,46.5,40.5,1,3.86,0.15,2668287,2034386,0,7.55,-0.36,39.8,-17.2,45.1,89.3,62.4,64.3,57.6,57.6,59.1,56.3,51.5,48.6,48.6,49.5,49.5,52.1,47.3,49.2,50.2,56.0,61.7,59.8,63.6,57.7,56.7,56.7,55.7,54.8,53.8,52.9,51.9,51.9,50.9,50.9,50.9,51.9,51.9,52.9,53.8,Libertarian
2026-01-31,276,7.87,77.4,22.6,Likely D,4.69,3.22,8.07,4.68,3.19,52.77,45.07,0.0,False,False,,LIB,Eric Michael Foreman,0.0,2.16,0.0,46.5,40.5,1,3.86,0.15,2668287,2034386,0,7.52,-0.36,39.8,-17.2,45.1,89.3,62.4,64.3,57.6,57.6,59.1,56.2,51.4,48.6,48.6,49.5,49.5,52.1,47.3,49.2,50.2,55.9,61.7,59.8,63.6,57.6,56.7,56.7,55.7,54.8,53.8,52.8,51.9,51.9,50.9,50.9,50.9,51.9,51.9,52.8,53.8,Libertarian
2026-02-01,275,7.75,77.0,23.0,Likely D,4.67,3.11,7.93,4.68,3.06,52.71,45.13,0.0,False,False,,LIB,Eric Michael Foreman,0.0,2.16,0.0,46.5,40.5,1,3.82,0.15,2668287,2034386,0,7.41,-0.36,39.9,-17.1,45.0,89.2,62.3,64.2,57.5,57.5,59.1,56.2,51.4,48.5,48.5,49.5,49.5,52.0,47.2,49.2,50.1,55.9,61.6,59.7,63.6,57.6,56.6,56.6,55.7,54.7,53.7,52.8,51.8,51.8,50.9,50.9,50.9,51.8,51.8,52.8,53.7,Libertarian
2026-02-02,274,7.73,77.0,23.0,Likely D,4.66,3.1,7.92,4.68,3.05,52.7,45.14,0.0,False,False,,LIB,Eric Michael Foreman,0.0,2.16,0.0,46.5,40.5,1,3.8,0.15,2668287,2034386,0,7.4,-0.36,39.7,-17.2,45.0,89.2,62.3,64.2,57.5,57.5,59.1,56.2,51.4,48.5,48.5,49.5,49.5,52.0,47.2,49.1,50.1,55.9,61.6,59.7,63.5,57.6,56.6,56.6,55.7,54.7,53.7,52.8,51.8,51.8,50.8,50.8,50.8,51.8,51.8,52.8,53.7,Libertarian
2026-02-03,273,7.73,77.0,23.0,Likely D,4.66,3.1,7.92,4.68,3.05,52.7,45.14,0.0,False,False,,LIB,Eric Michael Foreman,0.0,2.16,0.0,46.5,40.5,1,3.8,0.15,2668287,2034386,0,7.4,-0.36,39.7,-17.2,45.0,89.2,62.3,64.2,57.5,57.5,59.1,56.2,51.4,48.5,48.5,49.5,49.5,52.0,47.2,49.1,50.1,55.9,61.6,59.7,63.5,57.6,56.6,56.6,55.7,54.7,53.7,52.8,51.8,51.8,50.8,50.8,50.8,51.8,51.8,52.8,53.7,Libertarian
2026-02-04,272,7.75,77.0,23.0,Likely D,4.67,3.11,7.93,4.68,3.06,52.71,45.13,0.0,False,False,,LIB,Eric Michael Foreman,0.0,2.16,0.0,46.5,40.5,1,3.81,0.15,2668287,2034386,0,7.41,-0.36,39.7,-17.2,45.0,89.2,62.3,64.2,57.5,57.5,59.1,56.2,51.4,48.5,48.5,49.5,49.5,52.0,47.2,49.2,50.1,55.9,61.6,59.7,63.6,57.6,56.6,56.6,55.7,54.7,53.7,52.8,51.8,51.8,50.9,50.9,50.9,51.8,51.8,52.8,53.7,Libertarian
2026-02-05,271,7.72,76.9,23.1,Likely D,4.66,3.08,7.89,4.68,3.03,52.69,45.15,0.0,False,False,,LIB,Eric Michael Foreman,0.0,2.16,0.0,46.5,40.5,1,3.82,0.15,2668287,2034386,0,7.38,-0.36,39.8,-17.2,45.0,89.2,62.3,64.2,57.5,57.5,59.0,56.2,51.4,48.5,48.5,49.4,49.4,52.0,47.2,49.1,50.1,55.9,61.6,59.7,63.5,57.6,56.6,56.6,55.6,54.7,53.7,52.8,51.8,51.8,50.8,50.8,50.8,51.8,51.8,52.8,53.7,Libertarian
2026-02-06,270,7.75,77.0,23.0,Likely D,4.67,3.11,7.93,4.68,3.06,52.71,45.13,0.0,False,False,,LIB,Eric Michael Foreman,0.0,2.16,0.0,46.5,40.5,1,3.82,0.15,2668287,2034386,0,7.41,-0.36,39.7,-17.2,45.0,89.2,62.3,64.2,57.5,57.5,59.1,56.2,51.4,48.5,48.5,49.5,49.5,52.0,47.2,49.2,50.1,55.9,61.6,59.7,63.6,57.6,56.6,56.6,55.7,54.7,53.7,52.8,51.8,51.8,50.9,50.9,50.9,51.8,51.8,52.8,53.7,Libertarian
2026-02-07,269,7.76,77.1,22.9,Likely D,4.67,3.12,7.94,4.68,3.07,52.72,45.12,0.0,False,False,,LIB,Eric Michael Foreman,0.0,2.16,0.0,46.5,40.5,1,3.82,0.15,2668287,2034386,0,7.42,-0.36,39.7,-17.2,45.0,89.2,62.3,64.2,57.5,57.5,59.1,56.2,51.4,48.5,48.5,49.5,49.5,52.0,47.2,49.2,50.1,55.9,61.6,59.7,63.6,57.6,56.6,56.6,55.7,54.7,53.8,52.8,51.8,51.8,50.9,50.9,50.9,51.8,51.8,52.8,53.8,Libertarian
2026-02-08,268,7.73,77.0,23.0,Likely D,4.66,3.1,7.92,4.68,3.04,52.7,45.14,0.0,False,False,,LIB,Eric Michael Foreman,0.0,2.16,0.0,46.5,40.5,1,3.75,0.15,2668287,2034386,0,7.4,-0.36,39.6,-17.6,45.0,89.2,62.3,64.2,57.5,57.5,59.1,56.2,51.4,48.5,48.5,49.5,49.5,52.0,47.2,49.1,50.1,55.9,61.6,59.7,63.5,57.6,56.6,56.6,55.7,54.7,53.7,52.8,51.8,51.8,50.8,50.8,50.8,51.8,51.8,52.8,53.7,Libertarian
2026-02-09,267,7.79,77.2,22.8,Likely D,4.68,3.15,7.98,4.68,3.11,52.73,45.11,0.0,False,False,,LIB,Eric Michael Foreman,0.0,2.16,0.0,46.5,40.5,1,3.85,0.15,2668287,2034386,0,7.45,-0.36,39.6,-17.5,45.0,89.2,62.3,64.2,57.5,57.5,59.1,56.2,51.4,48.5,48.5,49.5,49.5,52.1,47.2,49.2,50.1,55.9,61.7,59.7,63.6,57.6,56.6,56.6,55.7,54.7,53.8,52.8,51.8,51.8,50.9,50.9,50.9,51.8,51.8,52.8,53.8,Libertarian
2026-02-10,266,7.82,77.3,22.7,Likely D,4.68,3.17,8.01,4.68,3.14,52.75,45.09,0.0,False,False,,LIB,Eric Michael Foreman,0.0,2.16,0.0,46.5,40.5,1,3.91,0.15,2668287,2034386,0,7.47,-0.36,39.5,-17.6,45.1,89.2,62.3,64.3,57.5,57.5,59.1,56.2,51.4,48.5,48.5,49.5,49.5,52.1,47.3,49.2,50.2,55.9,61.7,59.8,63.6,57.6,56.7,56.7,55.7,54.7,53.8,52.8,51.9,51.9,50.9,50.9,50.9,51.9,51.9,52.8,53.8,Libertarian
2026-02-11,265,7.79,77.2,22.8,Likely D,4.67,3.14,7.97,4.68,3.11,52.73,45.11,0.0,False,False,,LIB,Eric Michael Foreman,0.0,2.16,0.0,46.5,40.5,1,3.91,0.15,2668287,2034386,0,7.44,-0.36,39.5,-17.6,45.0,89.2,62.3,64.2,57.5,57.5,59.1,56.2,51.4,48.5,48.5,49.5,49.5,52.1,47.2,49.2,50.1,55.9,61.7,59.7,63.6,57.6,56.6,56.6,55.7,54.7,53.8,52.8,51.8,51.8,50.9,50.9,50.9,51.8,51.8,52.8,53.8,Libertarian
2026-02-12,264,7.81,77.2,22.8,Likely D,4.68,3.16,7.99,4.68,3.13,52.74,45.1,0.0,False,False,,LIB,Eric Michael Foreman,0.0,2.16,0.0,46.5,40.5,1,3.89,0.15,2668287,2034386,0,7.46,-0.36,39.5,-17.6,45.0,89.2,62.3,64.3,57.5,57.5,59.1,56.2,51.4,48.5,48.5,49.5,49.5,52.1,47.3,49.2,50.1,55.9,61.7,59.7,63.6,57.6,56.7,56.7,55.7,54.7,53.8,52.8,51.8,51.8,50.9,50.9,50.9,51.8,51.8,52.8,53.8,Libertarian
2026-02-13,263,7.82,77.3,22.7,Likely D,4.68,3.17,8.01,4.68,3.14,52.75,45.09,0.0,False,False,,LIB,Eric Michael Foreman,0.0,2.16,0.0,46.5,40.5,1,3.89,0.15,2668287,2034386,0,7.47,-0.36,39.6,-17.6,45.1,89.2,62.3,64.3,57.5,57.5,59.1,56.2,51.4,48.5,48.5,49.5,49.5,52.1,47.3,49.2,50.2,55.9,61.7,59.8,63.6,57.6,56.7,56.7,55.7,54.7,53.8,52.8,51.9,51.9,50.9,50.9,50.9,51.9,51.9,52.8,53.8,Libertarian
2026-02-14,262,7.82,77.3,22.7,Likely D,4.68,3.17,8.01,4.68,3.14,52.75,45.09,0.0,False,False,,LIB,Eric Michael Foreman,0.0,2.16,0.0,46.5,40.5,1,3.89,0.15,2668287,2034386,0,7.47,-0.36,39.6,-17.6,45.1,89.2,62.3,64.3,57.5,57.5,59.1,56.2,51.4,48.5,48.5,49.5,49.5,52.1,47.3,49.2,50.2,55.9,61.7,59.8,63.6,57.6,56.7,56.7,55.7,54.7,53.8,52.8,51.9,51.9,50.9,50.9,50.9,51.9,51.9,52.8,53.8,Libertarian
2026-02-15,261,7.82,77.3,22.7,Likely D,4.68,3.17,8.01,4.68,3.14,52.75,45.09,0.0,False,False,,LIB,Eric Michael Foreman,0.0,2.16,0.0,46.5,40.5,1,3.89,0.15,2668287,2034386,0,7.47,-0.36,39.6,-17.6,45.1,89.2,62.3,64.3,57.5,57.5,59.1,56.2,51.4,48.5,48.5,49.5,49.5,52.1,47.3,49.2,50.2,55.9,61.7,59.8,63.6,57.6,56.7,56.7,55.7,54.7,53.8,52.8,51.9,51.9,50.9,50.9,50.9,51.9,51.9,52.8,53.8,Libertarian
2026-02-16,260,7.87,77.4,22.6,Likely D,4.69,3.21,8.06,4.68,3.19,52.77,45.07,0.0,False,False,,LIB,Eric Michael Foreman,0.0,2.16,0.0,46.5,40.5,1,3.96,0.15,2668287,2034386,0,7.51,-0.36,39.5,-17.7,45.1,89.3,62.4,64.3,57.6,57.6,59.1,56.2,51.4,48.6,48.6,49.5,49.5,52.1,47.3,49.2,50.2,55.9,61.7,59.8,63.6,57.6,56.7,56.7,55.7,54.8,53.8,52.8,51.9,51.9,50.9,50.9,50.9,51.9,51.9,52.8,53.8,Libertarian
2026-02-17,259,7.83,77.3,22.7,Likely D,4.68,3.17,8.01,4.68,3.14,52.75,45.09,0.0,False,False,,LIB,Eric Michael Foreman,0.0,2.16,0.0,46.5,40.5,1,3.93,0.15,2668287,2034386,0,7.47,-0.36,39.5,-17.8,45.1,89.2,62.3,64.3,57.5,57.5,59.1,56.2,51.4,48.5,48.5,49.5,49.5,52.1,47.3,49.2,50.2,55.9,61.7,59.8,63.6,57.6,56.7,56.7,55.7,54.7,53.8,52.8,51.9,51.9,50.9,50.9,50.9,51.9,51.9,52.8,53.8,Libertarian
2026-02-18,258,7.86,77.4,22.6,Likely D,4.69,3.2,8.04,4.68,3.18,52.77,45.07,0.0,False,False,,LIB,Eric Michael Foreman,0.0,2.16,0.0,46.5,40.5,1,3.94,0.15,2668287,2034386,0,7.5,-0.36,39.5,-17.8,45.1,89.3,62.4,64.3,57.6,57.6,59.1,56.2,51.4,48.6,48.6,49.5,49.5,52.1,47.3,49.2,50.2,55.9,61.7,59.8,63.6,57.6,56.7,56.7,55.7,54.8,53.8,52.8,51.9,51.9,50.9,50.9,50.9,51.9,51.9,52.8,53.8,Libertarian
2026-02-19,257,7.87,77.4,22.6,Likely D,4.69,3.21,8.06,4.68,3.19,52.77,45.07,0.0,False,False,,LIB,Eric Michael Foreman,0.0,2.16,0.0,46.5,40.5,1,3.95,0.15,2668287,2034386,0,7.51,-0.36,39.5,-17.7,45.1,89.3,62.4,64.3,57.6,57.6,59.1,56.2,51.4,48.6,48.6,49.5,49.5,52.1,47.3,49.2,50.2,55.9,61.7,59.8,63.6,57.6,56.7,56.7,55.7,54.8,53.8,52.8,51.9,51.9,50.9,50.9,50.9,51.9,51.9,52.8,53.8,Libertarian
2026-02-20,256,7.94,77.6,22.4,Likely D,4.7,3.26,8.12,4.68,3.26,52.81,45.03,0.0,False,False,,LIB,Eric Michael Foreman,0.0,2.16,0.0,46.5,40.5,1,4.06,0.15,2668287,2034386,0,7.56,-0.36,39.3,-18.2,45.1,89.3,62.4,64.3,57.6,57.6,59.2,56.3,51.5,48.6,48.6,49.6,49.6,52.1,47.3,49.2,50.2,56.0,61.7,59.8,63.7,57.7,56.7,56.7,55.8,54.8,53.8,52.9,51.9,51.9,51.0,51.0,51.0,51.9,51.9,52.9,53.8,Libertarian
2026-02-21,255,7.95,77.6,22.4,Likely D,4.71,3.27,8.13,4.68,3.27,52.81,45.03,0.0,False,False,,LIB,Eric Michael Foreman,0.0,2.16,0.0,46.5,40.5,1,4.06,0.15,2668287,2034386,0,7.57,-0.36,39.3,-18.2,45.1,89.3,62.4,64.3,57.6,57.6,59.2,56.3,51.5,48.6,48.6,49.6,49.6,52.1,47.3,49.2,50.2,56.0,61.7,59.8,63.7,57.7,56.7,56.7,55.8,54.8,53.8,52.9,51.9,51.9,51.0,51.0,51.0,51.9,51.9,52.9,53.8,Libertarian
2026-02-22,254,7.99,77.8,22.2,Likely D,4.71,3.3,8.17,4.68,3.31,52.83,45.01,0.0,False,False,,LIB,Eric Michael Foreman,0.0,2.16,0.0,46.5,40.5,1,4.12,0.15,2668287,2034386,0,7.6,-0.36,39.4,-18.0,45.1,89.3,62.4,64.3,57.6,57.6,59.2,56.3,51.5,48.6,48.6,49.6,49.6,52.2,47.3,49.3,50.2,56.0,61.8,59.8,63.7,57.7,56.7,56.7,55.8,54.8,53.9,52.9,51.9,51.9,51.0,51.0,51.0,51.9,51.9,52.9,53.9,Libertarian
2026-02-23,253,7.93,77.6,22.4,Likely D,4.7,3.25,8.11,4.68,3.25,52.8,45.04,0.0,False,False,,LIB,Eric Michael Foreman,0.0,2.16,0.0,46.5,40.5,1,4.08,0.15,2668287,2034386,0,7.55,-0.36,39.4,-18.2,45.1,89.3,62.4,64.3,57.6,57.6,59.2,56.3,51.5,48.6,48.6,49.6,49.6,52.1,47.3,49.2,50.2,56.0,61.7,59.8,63.7,57.7,56.7,56.7,55.8,54.8,53.8,52.9,51.9,51.9,50.9,50.9,50.9,51.9,51.9,52.9,53.8,Libertarian
2026-02-24,252,7.97,77.7,22.3,Likely D,4.71,3.28,8.14,4.68,3.28,52.82,45.02,0.0,False,False,,LIB,Eric Michael Foreman,0.0,2.16,0.0,46.5,40.5,1,4.08,0.15,2668287,2034386,0,7.58,-0.36,39.4,-18.2,45.1,89.3,62.4,64.3,57.6,57.6,59.2,56.3,51.5,48.6,48.6,49.6,49.6,52.1,47.3,49.3,50.2,56.0,61.7,59.8,63.7,57.7,56.7,56.7,55.8,54.8,53.9,52.9,51.9,51.9,51.0,51.0,51.0,51.9,51.9,52.9,53.9,Libertarian
2026-02-25,251,7.97,77.7,22.3,Likely D,4.71,3.28,8.14,4.68,3.28,52.82,45.02,0.0,False,False,,LIB,Eric Michael Foreman,0.0,2.16,0.0,46.5,40.5,1,4.08,0.15,2668287,2034386,0,7.58,-0.36,39.4,-18.1,45.1,89.3,62.4,64.3,57.6,57.6,59.2,56.3,51.5,48.6,48.6,49.6,49.6,52.1,47.3,49.3,50.2,56.0,61.7,59.8,63.7,57.7,56.7,56.7,55.8,54.8,53.9,52.9,51.9,51.9,51.0,51.0,51.0,51.9,51.9,52.9,53.9,Libertarian
2026-02-26,250,7.94,77.6,22.4,Likely D,4.7,3.26,8.12,4.68,3.26,52.8,45.04,0.0,False,False,,LIB,Eric Michael Foreman,0.0,2.16,0.0,46.5,40.5,1,4.04,0.15,2668287,2034386,0,7.56,-0.36,39.5,-17.9,45.1,89.3,62.4,64.3,57.6,57.6,59.2,56.3,51.5,48.6,48.6,49.6,49.6,52.1,47.3,49.2,50.2,56.0,61.7,59.8,63.7,57.7,56.7,56.7,55.8,54.8,53.8,52.9,51.9,51.9,50.9,50.9,50.9,51.9,51.9,52.9,53.8,Libertarian
2026-02-27,249,7.94,77.6,22.4,Likely D,4.7,3.26,8.12,4.68,3.25,52.8,45.04,0.0,False,False,,LIB,Eric Michael Foreman,0.0,2.16,0.0,46.5,40.5,1,4.03,0.15,2668287,2034386,0,7.56,-0.36,39.6,-17.8,45.1,89.3,62.4,64.3,57.6,57.6,59.2,56.3,51.5,48.6,48.6,49.6,49.6,52.1,47.3,49.2,50.2,56.0,61.7,59.8,63.7,57.7,56.7,56.7,55.8,54.8,53.8,52.9,51.9,51.9,50.9,50.9,50.9,51.9,51.9,52.9,53.8,Libertarian
2026-02-28,248,7.94,77.6,22.4,Likely D,4.7,3.26,8.12,4.68,3.25,52.8,45.04,0.0,False,False,,LIB,Eric Michael Foreman,0.0,2.16,0.0,46.5,40.5,1,4.03,0.15,2668287,2034386,0,7.56,-0.36,39.6,-17.7,45.1,89.3,62.4,64.3,57.6,57.6,59.2,56.3,51.5,48.6,48.6,49.6,49.6,52.1,47.3,49.2,50.2,56.0,61.7,59.8,63.7,57.7,56.7,56.7,55.8,54.8,53.8,52.9,51.9,51.9,50.9,50.9,50.9,51.9,51.9,52.9,53.8,Libertarian
2026-03-01,247,7.95,77.6,22.4,Likely D,4.71,3.27,8.13,4.68,3.27,52.81,45.03,0.0,False,False,,LIB,Eric Michael Foreman,0.0,2.16,0.0,46.5,40.5,1,4.03,0.15,2668287,2034386,0,7.57,-0.36,39.6,-17.8,45.1,89.3,62.4,64.3,57.6,57.6,59.2,56.3,51.5,48.6,48.6,49.6,49.6,52.1,47.3,49.2,50.2,56.0,61.7,59.8,63.7,57.7,56.7,56.7,55.8,54.8,53.8,52.9,51.9,51.9,51.0,51.0,51.0,51.9,51.9,52.9,53.8,Libertarian
2026-03-02,246,8.01,77.8,22.2,Likely D,4.72,3.32,8.19,4.68,3.32,52.84,45.0,0.0,False,False,,LIB,Eric Michael Foreman,0.0,2.16,0.0,46.5,40.5,1,4.06,0.15,2668287,2034386,0,7.62,-0.36,39.6,-17.8,45.1,89.3,62.4,64.4,57.6,57.6,59.2,56.3,51.5,48.6,48.6,49.6,49.6,52.2,47.4,49.3,50.2,56.0,61.8,59.8,63.7,57.7,56.8,56.8,55.8,54.8,53.9,52.9,51.9,51.9,51.0,51.0,51.0,51.9,51.9,52.9,53.9,Libertarian
2026-03-03,245,7.98,77.7,22.3,Likely D,4.71,3.29,8.16,4.68,3.29,52.82,45.02,0.0,False,False,,LIB,Eric Michael Foreman,0.0,2.16,0.0,46.5,40.5,1,4.08,0.15,2668287,2034386,0,7.59,-0.36,39.6,-17.7,45.1,89.3,62.4,64.3,57.6,57.6,59.2,56.3,51.5,48.6,48.6,49.6,49.6,52.1,47.3,49.3,50.2,56.0,61.7,59.8,63.7,57.7,56.7,56.7,55.8,54.8,53.9,52.9,51.9,51.9,51.0,51.0,51.0,51.9,51.9,52.9,53.9,Libertarian
2026-03-04,244,8.14,78.2,21.8,Likely D,4.74,3.42,8.32,4.68,3.46,52.9,44.94,0.0,False,False,,LIB,Eric Michael Foreman,0.0,2.16,0.0,46.5,40.5,1,4.27,0.15,2668287,2034386,0,7.72,-0.36,39.5,-17.8,45.2,89.4,62.5,64.4,57.7,57.7,59.3,56.4,51.6,48.7,48.7,49.7,49.7,52.2,47.4,49.3,50.3,56.1,61.8,59.9,63.8,57.8,56.8,56.8,55.9,54.9,53.9,53.0,52.0,52.0,51.0,51.0,51.0,52.0,52.0,53.0,53.9,Libertarian
2026-03-05,243,8.11,78.1,21.9,Likely D,4.74,3.4,8.29,4.68,3.43,52.89,44.95,0.0,False,False,,LIB,Eric Michael Foreman,0.0,2.16,0.0,46.5,40.5,1,4.2,0.15,2668287,2034386,0,7.7,-0.36,39.5,-17.8,45.2,89.4,62.5,64.4,57.7,57.7,59.2,56.4,51.6,48.7,48.7,49.6,49.6,52.2,47.4,49.3,50.3,56.1,61.8,59.9,63.7,57.8,56.8,56.8,55.8,54.9,53.9,53.0,52.0,52.0,51.0,51.0,51.0,52.0,52.0,53.0,53.9,Libertarian
2026-03-06,242,8.07,78.0,22.0,Likely D,4.73,3.36,8.24,4.68,3.39,52.87,44.97,0.0,False,False,,LIB,Eric Michael Foreman,0.0,2.16,0.0,46.5,40.5,1,4.2,0.15,2668287,2034386,0,7.66,-0.36,39.5,-17.8,45.2,89.4,62.5,64.4,57.7,57.7,59.2,56.3,51.5,48.7,48.7,49.6,49.6,52.2,47.4,49.3,50.3,56.0,61.8,59.9,63.7,57.7,56.8,56.8,55.8,54.9,53.9,52.9,52.0,52.0,51.0,51.0,51.0,52.0,52.0,52.9,53.9,Libertarian
2026-03-07,241,8.07,78.0,22.0,Likely D,4.73,3.36,8.24,4.68,3.39,52.87,44.97,0.0,False,False,,LIB,Eric Michael Foreman,0.0,2.16,0.0,46.5,40.5,1,4.19,0.15,2668287,2034386,0,7.66,-0.36,39.5,-17.7,45.2,89.4,62.5,64.4,57.7,57.7,59.2,56.3,51.5,48.7,48.7,49.6,49.6,52.2,47.4,49.3,50.3,56.0,61.8,59.9,63.7,57.7,56.8,56.8,55.8,54.9,53.9,52.9,52.0,52.0,51.0,51.0,51.0,52.0,52.0,52.9,53.9,Libertarian
2026-03-08,240,8.1,78.1,21.9,Likely D,4.74,3.39,8.28,4.68,3.42,52.88,44.96,0.0,False,False,,LIB,Eric Michael Foreman,0.0,2.16,0.0,46.5,40.5,1,4.18,0.15,2668287,2034386,0,7.69,-0.36,39.4,-17.8,45.2,89.4,62.5,64.4,57.7,57.7,59.2,56.4,51.6,48.7,48.7,49.6,49.6,52.2,47.4,49.3,50.3,56.0,61.8,59.9,63.7,57.8,56.8,56.8,55.8,54.9,53.9,52.9,52.0,52.0,51.0,51.0,51.0,52.0,52.0,52.9,53.9,Libertarian
2026-03-09,239,8.04,77.9,22.1,Likely D,4.72,3.34,8.22,4.68,3.36,52.85,44.99,0.0,False,False,,LIB,Eric Michael Foreman,0.0,2.16,0.0,46.5,40.5,1,4.16,0.15,2668287,2034386,0,7.64,-0.36,39.5,-17.8,45.2,89.3,62.4,64.4,57.6,57.6,59.2,56.3,51.5,48.6,48.6,49.6,49.6,52.2,47.4,49.3,50.3,56.0,61.8,59.9,63.7,57.7,56.8,56.8,55.8,54.8,53.9,52.9,52.0,52.0,51.0,51.0,51.0,52.0,52.0,52.9,53.9,Libertarian
2026-03-10,238,8.11,78.1,21.9,Likely D,4.74,3.4,8.29,4.68,3.43,52.89,44.95,0.0,False,False,,LIB,Eric Michael Foreman,0.0,2.16,0.0,46.5,40.5,1,4.18,0.15,2668287,2034386,0,7.7,-0.36,39.4,-17.8,45.2,89.4,62.5,64.4,57.7,57.7,59.2,56.4,51.6,48.7,48.7,49.6,49.6,52.2,47.4,49.3,50.3,56.1,61.8,59.9,63.7,57.8,56.8,56.8,55.8,54.9,53.9,53.0,52.0,52.0,51.0,51.0,51.0,52.0,52.0,53.0,53.9,Libertarian
2026-03-11,237,8.12,78.1,21.9,Likely D,4.74,3.41,8.31,4.68,3.44,52.89,44.95,0.0,False,False,,LIB,Eric Michael Foreman,0.0,2.16,0.0,46.5,40.5,1,4.18,0.15,2668287,2034386,0,7.71,-0.36,39.4,-17.8,45.2,89.4,62.5,64.4,57.7,57.7,59.2,56.4,51.6,48.7,48.7,49.6,49.6,52.2,47.4,49.3,50.3,56.1,61.8,59.9,63.7,57.8,56.8,56.8,55.8,54.9,53.9,53.0,52.0,52.0,51.0,51.0,51.0,52.0,52.0,53.0,53.9,Libertarian
2026-03-12,236,8.08,78.0,22.0,Likely D,4.73,3.37,8.26,4.68,3.39,52.87,44.97,0.0,False,False,,LIB,Eric Michael Foreman,0.0,2.16,0.0,46.5,40.5,1,4.17,0.15,2668287,2034386,0,7.67,-0.36,39.4,-17.7,45.2,89.4,62.5,64.4,57.7,57.7,59.2,56.3,51.5,48.7,48.7,49.6,49.6,52.2,47.4,49.3,50.3,56.0,61.8,59.9,63.7,57.7,56.8,56.8,55.8,54.9,53.9,52.9,52.0,52.0,51.0,51.0,51.0,52.0,52.0,52.9,53.9,Libertarian
2026-03-13,235,8.09,78.0,22.0,Likely D,4.73,3.38,8.27,4.68,3.4,52.88,44.96,0.0,False,False,,LIB,Eric Michael Foreman,0.0,2.16,0.0,46.5,40.5,1,4.17,0.15,2668287,2034386,0,7.68,-0.36,39.4,-17.7,45.2,89.4,62.5,64.4,57.7,57.7,59.2,56.4,51.6,48.7,48.7,49.6,49.6,52.2,47.4,49.3,50.3,56.0,61.8,59.9,63.7,57.8,56.8,56.8,55.8,54.9,53.9,52.9,52.0,52.0,51.0,51.0,51.0,52.0,52.0,52.9,53.9,Libertarian
2026-03-14,234,8.12,78.1,21.9,Likely D,4.74,3.41,8.31,4.68,3.44,52.89,44.95,0.0,False,False,,LIB,Eric Michael Foreman,0.0,2.16,0.0,46.5,40.5,1,4.17,0.15,2668287,2034386,0,7.71,-0.36,39.4,-17.7,45.2,89.4,62.5,64.4,57.7,57.7,59.2,56.4,51.6,48.7,48.7,49.6,49.6,52.2,47.4,49.3,50.3,56.1,61.8,59.9,63.7,57.8,56.8,56.8,55.8,54.9,53.9,53.0,52.0,52.0,51.0,51.0,51.0,52.0,52.0,53.0,53.9,Libertarian
2026-03-15,233,8.08,78.0,22.0,Likely D,4.73,3.37,8.26,4.68,3.39,52.87,44.97,0.0,False,False,,LIB,Eric Michael Foreman,0.0,2.16,0.0,46.5,40.5,1,4.17,0.15,2668287,2034386,0,7.67,-0.36,39.4,-17.8,45.2,89.4,62.5,64.4,57.7,57.7,59.2,56.3,51.5,48.7,48.7,49.6,49.6,52.2,47.4,49.3,50.3,56.0,61.8,59.9,63.7,57.7,56.8,56.8,55.8,54.9,53.9,52.9,52.0,52.0,51.0,51.0,51.0,52.0,52.0,52.9,53.9,Libertarian
2026-03-16,232,8.17,78.3,21.7,Likely D,4.75,3.45,8.36,4.68,3.49,52.92,44.92,0.0,False,False,,LIB,Eric Michael Foreman,0.0,2.16,0.0,46.5,40.5,1,4.24,0.15,2668287,2034386,0,7.75,-0.36,39.3,-18.0,45.2,89.4,62.5,64.4,57.7,57.7,59.3,56.4,51.6,48.7,48.7,49.7,49.7,52.2,47.4,49.4,50.3,56.1,61.8,59.9,63.8,57.8,56.8,56.8,55.9,54.9,54.0,53.0,52.0,52.0,51.1,51.1,51.1,52.0,52.0,53.0,54.0,Libertarian
2026-03-17,231,8.31,78.7,21.3,Likely D,4.78,3.55,8.48,4.68,3.62,52.98,44.86,0.0,False,False,,LIB,Eric Michael Foreman,0.0,2.16,0.0,46.5,40.5,1,4.43,0.15,2668287,2034386,0,7.85,-0.36,39.3,-17.9,45.3,89.5,62.6,64.5,57.8,57.8,59.3,56.5,51.7,48.8,48.8,49.7,49.7,52.3,47.5,49.4,50.4,56.1,61.9,60.0,63.8,57.9,56.9,56.9,55.9,55.0,54.0,53.0,52.1,52.1,51.1,51.1,51.1,52.1,52.1,53.0,54.0,Libertarian
2026-03-18,230,8.28,78.6,21.4,Likely D,4.77,3.52,8.44,4.68,3.59,52.97,44.87,0.0,False,False,,LIB,Eric Michael Foreman,0.0,2.16,0.0,46.5,40.5,1,4.45,0.15,2668287,2034386,0,7.82,-0.36,39.3,-18.0,45.3,89.5,62.6,64.5,57.8,57.8,59.3,56.4,51.6,48.8,48.8,49.7,49.7,52.3,47.5,49.4,50.4,56.1,61.9,60.0,63.8,57.8,56.9,56.9,55.9,55.0,54.0,53.0,52.1,52.1,51.1,51.1,51.1,52.1,52.1,53.0,54.0,Libertarian
2026-03-19,229,8.26,78.5,21.5,Likely D,4.77,3.51,8.43,4.68,3.58,52.96,44.88,0.0,False,False,,LIB,Eric Michael Foreman,0.0,2.16,0.0,46.5,40.5,1,4.41,0.15,2668287,2034386,0,7.81,-0.36,39.3,-18.0,45.3,89.5,62.6,64.5,57.8,57.8,59.3,56.4,51.6,48.7,48.7,49.7,49.7,52.3,47.5,49.4,50.4,56.1,61.9,60.0,63.8,57.8,56.9,56.9,55.9,55.0,54.0,53.0,52.1,52.1,51.1,51.1,51.1,52.1,52.1,53.0,54.0,Libertarian
2026-03-20,228,8.29,78.6,21.4,Likely D,4.77,3.54,8.47,4.68,3.61,52.98,44.86,0.0,False,False,,LIB,Eric Michael Foreman,0.0,2.16,0.0,46.5,40.5,1,4.39,0.15,2668287,2034386,0,7.84,-0.36,39.2,-18.2,45.3,89.5,62.6,64.5,57.8,57.8,59.3,56.5,51.7,48.8,48.8,49.7,49.7,52.3,47.5,49.4,50.4,56.1,61.9,60.0,63.8,57.9,56.9,56.9,55.9,55.0,54.0,53.0,52.1,52.1,51.1,51.1,51.1,52.1,52.1,53.0,54.0,Libertarian
2026-03-21,227,8.25,78.5,21.5,Likely D,4.76,3.5,8.42,4.68,3.56,52.95,44.89,0.0,False,False,,LIB,Eric Michael Foreman,0.0,2.16,0.0,46.5,40.5,1,4.39,0.15,2668287,2034386,0,7.8,-0.36,39.2,-18.2,45.3,89.4,62.5,64.5,57.7,57.7,59.3,56.4,51.6,48.7,48.7,49.7,49.7,52.3,47.5,49.4,50.4,56.1,61.9,60.0,63.8,57.8,56.9,56.9,55.9,54.9,54.0,53.0,52.1,52.1,51.1,51.1,51.1,52.1,52.1,53.0,54.0,Libertarian
2026-03-22,226,8.3,78.7,21.3,Likely D,4.78,3.55,8.48,4.68,3.62,52.98,44.86,0.0,False,False,,LIB,Eric Michael Foreman,0.0,2.16,0.0,46.5,40.5,1,4.42,0.15,2668287,2034386,0,7.85,-0.36,39.2,-18.2,45.3,89.5,62.6,64.5,57.8,57.8,59.3,56.5,51.7,48.8,48.8,49.7,49.7,52.3,47.5,49.4,50.4,56.1,61.9,60.0,63.8,57.9,56.9,56.9,55.9,55.0,54.0,53.0,52.1,52.1,51.1,51.1,51.1,52.1,52.1,53.0,54.0,Libertarian
2026-03-23,225,8.4,78.9,21.1,Likely D,4.79,3.62,8.57,4.68,3.71,53.03,44.81,0.0,False,False,,LIB,Eric Michael Foreman,0.0,2.16,0.0,46.5,40.5,1,4.53,0.15,2668287,2034386,0,7.92,-0.36,39.0,-18.6,45.3,89.5,62.6,64.5,57.8,57.8,59.4,56.5,51.7,48.8,48.8,49.8,49.8,52.4,47.5,49.5,50.4,56.2,62.0,60.0,63.9,57.9,56.9,56.9,56.0,55.0,54.1,53.1,52.1,52.1,51.2,51.2,51.2,52.1,52.1,53.1,54.1,Libertarian
2026-03-24,224,8.35,78.8,21.2,Likely D,4.78,3.58,8.52,4.68,3.67,53.01,44.83,0.0,False,False,,LIB,Eric Michael Foreman,0.0,2.16,0.0,46.5,40.5,1,4.53,0.15,2668287,2034386,0,7.88,-0.36,39.0,-18.5,45.3,89.5,62.6,64.5,57.8,57.8,59.4,56.5,51.7,48.8,48.8,49.8,49.8,52.3,47.5,49.4,50.4,56.2,61.9,60.0,63.9,57.9,56.9,56.9,56.0,55.0,54.0,53.1,52.1,52.1,51.2,51.2,51.2,52.1,52.1,53.1,54.0,Libertarian
2026-03-25,223,8.37,78.9,21.1,Likely D,4.79,3.6,8.54,4.68,3.69,53.02,44.82,0.0,False,False,,LIB,Eric Michael Foreman,0.0,2.16,0.0,46.5,40.5,1,4.53,0.15,2668287,2034386,0,7.9,-0.36,38.9,-18.8,45.3,89.5,62.6,64.5,57.8,57.8,59.4,56.5,51.7,48.8,48.8,49.8,49.8,52.3,47.5,49.5,50.4,56.2,62.0,60.0,63.9,57.9,56.9,56.9,56.0,55.0,54.1,53.1,52.1,52.1,51.2,51.2,51.2,52.1,52.1,53.1,54.1,Libertarian
2026-03-26,222,8.39,78.9,21.1,Likely D,4.79,3.62,8.57,4.68,3.71,53.03,44.81,0.0,False,False,,LIB,Eric Michael Foreman,0.0,2.16,0.0,46.5,40.5,1,4.51,0.15,2668287,2034386,0,7.92,-0.36,38.9,-18.7,45.3,89.5,62.6,64.5,57.8,57.8,59.4,56.5,51.7,48.8,48.8,49.8,49.8,52.4,47.5,49.5,50.4,56.2,62.0,60.0,63.9,57.9,56.9,56.9,56.0,55.0,54.1,53.1,52.1,52.1,51.2,51.2,51.2,52.1,52.1,53.1,54.1,Libertarian
2026-03-27,221,8.35,78.8,21.2,Likely D,4.78,3.58,8.52,4.68,3.67,53.0,44.84,0.0,False,False,,LIB,Eric Michael Foreman,0.0,2.16,0.0,46.5,40.5,1,4.51,0.15,2668287,2034386,0,7.88,-0.36,38.9,-18.7,45.3,89.5,62.6,64.5,57.8,57.8,59.4,56.5,51.7,48.8,48.8,49.8,49.8,52.3,47.5,49.4,50.4,56.2,61.9,60.0,63.9,57.9,56.9,56.9,56.0,55.0,54.0,53.1,52.1,52.1,51.1,51.1,51.1,52.1,52.1,53.1,54.0,Libertarian
2026-03-28,220,8.4,78.9,21.1,Likely D,4.8,3.63,8.58,4.68,3.72,53.03,44.81,0.0,False,False,,LIB,Eric Michael Foreman,0.0,2.16,0.0,46.5,40.5,1,4.51,0.15,2668287,2034386,0,7.93,-0.36,38.9,-18.7,45.3,89.5,62.6,64.5,57.8,57.8,59.4,56.5,51.7,48.8,48.8,49.8,49.8,52.4,47.5,49.5,50.4,56.2,62.0,60.0,63.9,57.9,56.9,56.9,56.0,55.0,54.1,53.1,52.1,52.1,51.2,51.2,51.2,52.1,52.1,53.1,54.1,Libertarian
2026-03-29,219,8.41,79.0,21.0,Likely D,4.8,3.64,8.59,4.68,3.73,53.04,44.8,0.0,False,False,,LIB,Eric Michael Foreman,0.0,2.16,0.0,46.5,40.5,1,4.51,0.15,2668287,2034386,0,7.94,-0.36,38.9,-18.6,45.3,89.5,62.6,64.6,57.8,57.8,59.4,56.5,51.7,48.8,48.8,49.8,49.8,52.4,47.6,49.5,50.4,56.2,62.0,60.0,63.9,57.9,57.0,57.0,56.0,55.0,54.1,53.1,52.1,52.1,51.2,51.2,51.2,52.1,52.1,53.1,54.1,Libertarian
2026-03-30,218,8.42,79.0,21.0,Likely D,4.8,3.64,8.59,4.68,3.74,53.04,44.8,0.0,False,False,,LIB,Eric Michael Foreman,0.0,2.16,0.0,46.5,40.5,1,4.58,0.15,2668287,2034386,0,7.94,-0.36,38.7,-19.1,45.3,89.5,62.6,64.6,57.8,57.8,59.4,56.5,51.7,48.8,48.8,49.8,49.8,52.4,47.6,49.5,50.4,56.2,62.0,60.0,63.9,57.9,57.0,57.0,56.0,55.0,54.1,53.1,52.1,52.1,51.2,51.2,51.2,52.1,52.1,53.1,54.1,Libertarian
2026-03-31,217,8.43,79.0,21.0,Likely D,4.8,3.65,8.61,4.68,3.75,53.05,44.79,0.0,False,False,,LIB,Eric Michael Foreman,0.0,2.16,0.0,46.5,40.5,1,4.58,0.15,2668287,2034386,0,7.95,-0.36,38.8,-19.0,45.4,89.6,62.6,64.6,57.8,57.8,59.4,56.5,51.7,48.8,48.8,49.8,49.8,52.4,47.6,49.5,50.5,56.2,62.0,60.1,63.9,57.9,57.0,57.0,56.0,55.0,54.1,53.1,52.2,52.2,51.2,51.2,51.2,52.2,52.2,53.1,54.1,Libertarian
2026-04-01,216,8.47,79.1,20.9,Likely D,4.81,3.68,8.64,4.68,3.78,53.06,44.78,0.0,False,False,,LIB,Eric Michael Foreman,0.0,2.16,0.0,46.5,40.5,1,4.58,0.15,2668287,2034386,0,7.98,-0.36,38.8,-19.0,45.4,89.6,62.7,64.6,57.9,57.9,59.4,56.5,51.7,48.8,48.8,49.8,49.8,52.4,47.6,49.5,50.5,56.2,62.0,60.1,63.9,57.9,57.0,57.0,56.0,55.1,54.1,53.1,52.2,52.2,51.2,51.2,51.2,52.2,52.2,53.1,54.1,Libertarian
2026-04-02,215,8.46,79.1,20.9,Likely D,4.81,3.67,8.63,4.68,3.77,53.06,44.78,0.0,False,False,,LIB,Eric Michael Foreman,0.0,2.16,0.0,46.5,40.5,1,4.58,0.15,2668287,2034386,0,7.97,-0.36,38.7,-19.0,45.4,89.6,62.7,64.6,57.9,57.9,59.4,56.5,51.7,48.8,48.8,49.8,49.8,52.4,47.6,49.5,50.5,56.2,62.0,60.1,63.9,57.9,57.0,57.0,56.0,55.1,54.1,53.1,52.2,52.2,51.2,51.2,51.2,52.2,52.2,53.1,54.1,Libertarian
2026-04-03,214,8.48,79.2,20.8,Likely D,4.81,3.69,8.66,4.68,3.8,53.07,44.77,0.0,False,False,,LIB,Eric Michael Foreman,0.0,2.16,0.0,46.5,40.5,1,4.6,0.15,2668287,2034386,0,7.99,-0.36,38.7,-19.0,45.4,89.6,62.7,64.6,57.9,57.9,59.4,56.5,51.7,48.9,48.9,49.8,49.8,52.4,47.6,49.5,50.5,56.2,62.0,60.1,63.9,57.9,57.0,57.0,56.0,55.1,54.1,53.1,52.2,52.2,51.2,51.2,51.2,52.2,52.2,53.1,54.1,Libertarian
2026-04-04,213,8.48,79.2,20.8,Likely D,4.81,3.69,8.66,4.68,3.8,53.07,44.77,0.0,False,False,,LIB,Eric Michael Foreman,0.0,2.16,0.0,46.5,40.5,1,4.6,0.15,2668287,2034386,0,7.99,-0.36,38.7,-19.0,45.4,89.6,62.7,64.6,57.9,57.9,59.4,56.5,51.7,48.9,48.9,49.8,49.8,52.4,47.6,49.5,50.5,56.2,62.0,60.1,63.9,57.9,57.0,57.0,56.0,55.1,54.1,53.1,52.2,52.2,51.2,51.2,51.2,52.2,52.2,53.1,54.1,Libertarian
2026-04-05,212,9.5,81.9,18.1,Likely D,5.05,4.65,9.86,4.68,4.82,53.57,44.27,0.0,False,False,,LIB,Eric Michael Foreman,0.0,2.16,0.0,46.5,40.5,1,4.6,0.15,2668287,2034386,0,8.95,-0.36,38.7,-19.0,45.9,90.1,63.2,65.1,58.4,58.4,59.9,57.0,52.2,49.4,49.4,50.3,50.3,52.9,48.1,50.0,51.0,56.7,62.5,60.6,64.4,58.4,57.5,57.5,56.5,55.6,54.6,53.6,52.7,52.7,51.7,51.7,51.7,52.7,52.7,53.6,54.6,Libertarian
2026-04-06,211,9.43,81.7,18.3,Likely D,5.04,4.6,9.79,4.68,4.75,53.54,44.3,0.0,False,False,,LIB,Eric Michael Foreman,0.0,2.16,0.0,46.5,40.5,1,4.51,0.15,2668287,2034386,0,8.9,-0.36,38.8,-18.8,45.8,90.1,63.1,65.1,58.3,58.3,59.9,57.0,52.2,49.3,49.3,50.3,50.3,52.9,48.1,50.0,50.9,56.7,62.5,60.6,64.4,58.4,57.5,57.5,56.5,55.5,54.6,53.6,52.6,52.6,51.7,51.7,51.7,52.6,52.6,53.6,54.6,Libertarian
2026-04-07,210,9.53,81.9,18.1,Likely D,6.09,3.66,9.9,4.68,4.84,53.58,44.26,0.0,False,False,,LIB,Eric Michael Foreman,0.0,2.16,0.0,46.5,40.5,1,4.51,0.15,2668287,2034386,0,7.96,-0.36,38.7,-18.9,45.9,90.1,63.2,65.1,58.4,58.4,59.9,57.1,52.3,49.4,49.4,50.3,50.3,52.9,48.1,50.0,51.0,56.7,62.5,60.6,64.4,58.5,57.5,57.5,56.5,55.6,54.6,53.6,52.7,52.7,51.7,51.7,51.7,52.7,52.7,53.6,54.6,Libertarian
2026-04-08,209,9.53,81.9,18.1,Likely D,6.09,3.66,9.9,4.68,4.84,53.58,44.26,0.0,False,False,,LIB,Eric Michael Foreman,0.0,2.16,0.0,46.5,40.5,1,4.51,0.15,2668287,2034386,0,7.96,-0.36,38.7,-18.8,45.9,90.1,63.2,65.1,58.4,58.4,59.9,57.1,52.3,49.4,49.4,50.3,50.3,52.9,48.1,50.0,51.0,56.7,62.5,60.6,64.4,58.5,57.5,57.5,56.5,55.6,54.6,53.6,52.7,52.7,51.7,51.7,51.7,52.7,52.7,53.6,54.6,Libertarian
2026-04-09,208,9.57,82.0,18.0,Likely D,6.1,3.69,9.94,4.68,4.88,53.6,44.24,0.0,False,False,,LIB,Eric Michael Foreman,0.0,2.16,0.0,46.5,40.5,1,4.57,0.15,2668287,2034386,0,7.99,-0.36,38.8,-18.8,45.9,90.1,63.2,65.1,58.4,58.4,60.0,57.1,52.3,49.4,49.4,50.3,50.3,52.9,48.1,50.0,51.0,56.8,62.5,60.6,64.5,58.5,57.5,57.5,56.6,55.6,54.6,53.7,52.7,52.7,51.7,51.7,51.7,52.7,52.7,53.7,54.6,Libertarian
2026-04-10,207,9.58,82.1,17.9,Likely D,6.1,3.7,9.95,4.68,4.9,53.61,44.23,0.0,False,False,,LIB,Eric Michael Foreman,0.0,2.16,0.0,46.5,40.5,1,4.57,0.15,2668287,2034386,0,8.0,-0.36,38.7,-18.9,45.9,90.1,63.2,65.1,58.4,58.4,60.0,57.1,52.3,49.4,49.4,50.4,50.4,52.9,48.1,50.0,51.0,56.8,62.5,60.6,64.5,58.5,57.5,57.5,56.6,55.6,54.6,53.7,52.7,52.7,51.8,51.8,51.8,52.7,52.7,53.7,54.6,Libertarian
2026-04-11,206,10.55,84.4,15.6,Likely D,6.3,4.64,11.09,4.68,5.86,54.08,43.76,0.0,False,False,,LIB,Eric Michael Foreman,0.0,2.16,0.0,46.5,40.5,1,4.57,0.15,2668287,2034386,0,8.94,-0.36,38.7,-18.9,46.4,90.6,63.7,65.6,58.9,58.9,60.4,57.6,52.8,49.9,49.9,50.8,50.8,53.4,48.6,50.5,51.5,57.2,63.0,61.1,64.9,59.0,58.0,58.0,57.0,56.1,55.1,54.1,53.2,53.2,52.2,52.2,52.2,53.2,53.2,54.1,55.1,Libertarian
2026-04-12,205,10.52,84.3,15.7,Likely D,6.29,4.62,11.07,4.68,5.84,54.07,43.77,0.0,False,False,,LIB,Eric Michael Foreman,0.0,2.16,0.0,46.5,40.5,1,4.53,0.15,2668287,2034386,0,8.92,-0.36,38.8,-18.8,46.4,90.6,63.7,65.6,58.9,58.9,60.4,57.5,52.7,49.9,49.9,50.8,50.8,53.4,48.6,50.5,51.5,57.2,63.0,61.1,64.9,58.9,58.0,58.0,57.0,56.1,55.1,54.1,53.2,53.2,52.2,52.2,52.2,53.2,53.2,54.1,55.1,Libertarian
2026-04-13,204,9.6,82.1,17.9,Likely D,6.1,3.72,9.98,4.68,4.92,53.62,44.22,0.0,False,False,,LIB,Eric Michael Foreman,0.0,2.16,0.0,46.5,40.5,1,4.57,0.15,2668287,2034386,0,8.02,-0.36,38.7,-19.1,45.9,90.1,63.2,65.1,58.4,58.4,60.0,57.1,52.3,49.4,49.4,50.4,50.4,52.9,48.1,50.1,51.0,56.8,62.6,60.6,64.5,58.5,57.5,57.5,56.6,55.6,54.7,53.7,52.7,52.7,51.8,51.8,51.8,52.7,52.7,53.7,54.7,Libertarian
2026-04-14,203,9.64,82.2,17.8,Likely D,6.11,3.75,10.02,4.68,4.96,53.64,44.2,0.0,False,False,,LIB,Eric Michael Foreman,0.0,2.16,0.0,46.5,40.5,1,4.63,0.15,2668287,2034386,0,8.05,-0.36,38.6,-19.2,45.9,90.2,63.2,65.2,58.4,58.4,60.0,57.1,52.3,49.4,49.4,50.4,50.4,53.0,48.2,50.1,51.0,56.8,62.6,60.7,64.5,58.5,57.6,57.6,56.6,55.6,54.7,53.7,52.7,52.7,51.8,51.8,51.8,52.7,52.7,53.7,54.7,Libertarian
2026-04-15,202,9.65,82.3,17.7,Likely D,6.11,3.76,10.03,4.68,4.97,53.64,44.2,0.0,False,False,,LIB,Eric Michael Foreman,0.0,2.16,0.0,46.5,40.5,1,4.64,0.15,2668287,2034386,0,8.06,-0.36,38.6,-19.2,45.9,90.2,63.2,65.2,58.4,58.4,60.0,57.1,52.3,49.4,49.4,50.4,50.4,53.0,48.2,50.1,51.0,56.8,62.6,60.7,64.5,58.5,57.6,57.6,56.6,55.6,54.7,53.7,52.7,52.7,51.8,51.8,51.8,52.7,52.7,53.7,54.7,Libertarian
2026-04-16,201,9.68,82.3,17.7,Likely D,6.12,3.78,10.06,4.68,5.0,53.66,44.18,0.0,False,False,,LIB,Eric Michael Foreman,0.0,2.16,0.0,46.5,40.5,1,4.68,0.15,2668287,2034386,0,8.08,-0.36,38.6,-19.3,46.0,90.2,63.3,65.2,58.5,58.5,60.0,57.1,52.3,49.4,49.4,50.4,50.4,53.0,48.2,50.1,51.1,56.8,62.6,60.7,64.5,58.5,57.6,57.6,56.6,55.7,54.7,53.7,52.8,52.8,51.8,51.8,51.8,52.8,52.8,53.7,54.7,Libertarian
2026-04-17,200,10.63,84.6,15.4,Likely D,6.32,4.7,11.17,4.68,5.95,54.12,43.72,0.0,False,False,,LIB,Eric Michael Foreman,0.0,2.16,0.0,46.5,40.5,1,4.68,0.15,2668287,2034386,0,9.0,-0.36,38.6,-19.3,46.4,90.6,63.7,65.6,58.9,58.9,60.5,57.6,52.8,49.9,49.9,50.9,50.9,53.4,48.6,50.6,51.5,57.3,63.1,61.1,65.0,59.0,58.0,58.0,57.1,56.1,55.2,54.2,53.2,53.2,52.3,52.3,52.3,53.2,53.2,54.2,55.2,Libertarian
2026-04-18,199,10.63,84.6,15.4,Likely D,6.32,4.7,11.17,4.68,5.95,54.12,43.72,0.0,False,False,,LIB,Eric Michael Foreman,0.0,2.16,0.0,46.5,40.5,1,4.67,0.15,2668287,2034386,0,9.0,-0.36,38.6,-19.3,46.4,90.6,63.7,65.6,58.9,58.9,60.5,57.6,52.8,49.9,49.9,50.9,50.9,53.4,48.6,50.6,51.5,57.3,63.1,61.1,65.0,59.0,58.0,58.0,57.1,56.1,55.2,54.2,53.2,53.2,52.3,52.3,52.3,53.2,53.2,54.2,55.2,Libertarian
2026-04-19,198,9.7,82.4,17.6,Likely D,6.12,3.8,10.08,4.68,5.02,53.67,44.17,0.0,False,False,,LIB,Eric Michael Foreman,0.0,2.16,0.0,46.5,40.5,1,4.69,0.15,2668287,2034386,0,8.1,-0.36,38.6,-19.4,46.0,90.2,63.3,65.2,58.5,58.5,60.0,57.1,52.3,49.5,49.5,50.4,50.4,53.0,48.2,50.1,51.1,56.8,62.6,60.7,64.5,58.5,57.6,57.6,56.6,55.7,54.7,53.7,52.8,52.8,51.8,51.8,51.8,52.8,52.8,53.7,54.7,Libertarian
2026-04-20,197,9.7,82.4,17.6,Likely D,6.12,3.8,10.08,4.68,5.01,53.66,44.18,0.0,False,False,,LIB,Eric Michael Foreman,0.0,2.16,0.0,46.5,40.5,1,4.65,0.15,2668287,2034386,0,8.1,-0.36,38.3,-20.0,46.0,90.2,63.3,65.2,58.5,58.5,60.0,57.1,52.3,49.4,49.4,50.4,50.4,53.0,48.2,50.1,51.1,56.8,62.6,60.7,64.5,58.5,57.6,57.6,56.6,55.7,54.7,53.7,52.8,52.8,51.8,51.8,51.8,52.8,52.8,53.7,54.7,Libertarian
2026-04-21,196,9.7,82.4,17.6,Likely D,6.12,3.8,10.08,4.68,5.01,53.66,44.18,0.0,False,False,,LIB,Eric Michael Foreman,0.0,2.16,0.0,46.5,40.5,1,4.65,0.15,2668287,2034386,0,8.1,-0.36,38.3,-20.0,46.0,90.2,63.3,65.2,58.5,58.5,60.0,57.1,52.3,49.4,49.4,50.4,50.4,53.0,48.2,50.1,51.1,56.8,62.6,60.7,64.5,58.5,57.6,57.6,56.6,55.7,54.7,53.7,52.8,52.8,51.8,51.8,51.8,52.8,52.8,53.7,54.7,Libertarian
2026-04-22,195,9.7,82.4,17.6,Likely D,6.12,3.8,10.08,4.68,5.01,53.66,44.18,0.0,False,False,,LIB,Eric Michael Foreman,0.0,2.16,0.0,46.5,40.5,1,4.65,0.15,2668287,2034386,0,8.1,-0.36,38.3,-20.0,46.0,90.2,63.3,65.2,58.5,58.5,60.0,57.1,52.3,49.4,49.4,50.4,50.4,53.0,48.2,50.1,51.1,56.8,62.6,60.7,64.5,58.5,57.6,57.6,56.6,55.7,54.7,53.7,52.8,52.8,51.8,51.8,51.8,52.8,52.8,53.7,54.7,Libertarian
2026-04-23,194,10.65,84.6,15.4,Likely D,6.32,4.72,11.19,4.68,5.97,54.13,43.71,0.0,False,False,,LIB,Eric Michael Foreman,0.0,2.16,0.0,46.5,40.5,1,4.68,0.15,2668287,2034386,0,9.02,-0.36,38.3,-20.0,46.4,90.7,63.7,65.7,58.9,58.9,60.5,57.6,52.8,49.9,49.9,50.9,50.9,53.5,48.6,50.6,51.5,57.3,63.1,61.1,65.0,59.0,58.0,58.0,57.1,56.1,55.2,54.2,53.2,53.2,52.3,52.3,52.3,53.2,53.2,54.2,55.2,Libertarian
2026-04-24,193,10.66,84.7,15.3,Likely D,6.32,4.73,11.21,4.68,5.98,54.13,43.71,0.0,False,False,,LIB,Eric Michael Foreman,0.0,2.16,0.0,46.5,40.5,1,4.68,0.15,2668287,2034386,0,9.03,-0.36,38.3,-20.0,46.4,90.7,63.7,65.7,58.9,58.9,60.5,57.6,52.8,49.9,49.9,50.9,50.9,53.5,48.6,50.6,51.5,57.3,63.1,61.1,65.0,59.0,58.0,58.0,57.1,56.1,55.2,54.2,53.2,53.2,52.3,52.3,52.3,53.2,53.2,54.2,55.2,Libertarian
2026-04-25,192,9.74,82.5,17.5,Likely D,6.13,3.84,10.13,4.68,5.06,53.69,44.15,0.0,False,False,,LIB,Eric Michael Foreman,0.0,2.16,0.0,46.5,40.5,1,4.68,0.15,2668287,2034386,0,8.14,-0.36,38.3,-20.0,46.0,90.2,63.3,65.2,58.5,58.5,60.1,57.2,52.4,49.5,49.5,50.4,50.4,53.0,48.2,50.1,51.1,56.9,62.6,60.7,64.5,58.6,57.6,57.6,56.6,55.7,54.7,53.8,52.8,52.8,51.8,51.8,51.8,52.8,52.8,53.8,54.7,Libertarian
2026-04-26,191,9.78,82.6,17.4,Likely D,6.14,3.87,10.17,4.68,5.1,53.71,44.13,0.0,False,False,,LIB,Eric Michael Foreman,0.0,2.16,0.0,46.5,40.5,1,4.74,0.15,2668287,2034386,0,8.17,-0.36,38.1,-20.3,46.0,90.2,63.3,65.2,58.5,58.5,60.1,57.2,52.4,49.5,49.5,50.5,50.5,53.0,48.2,50.1,51.1,56.9,62.6,60.7,64.6,58.6,57.6,57.6,56.7,55.7,54.7,53.8,52.8,52.8,51.9,51.9,51.9,52.8,52.8,53.8,54.7,Libertarian
2026-04-27,190,9.75,82.5,17.5,Likely D,6.13,3.85,10.14,4.68,5.07,53.69,44.15,0.0,False,False,,LIB,Eric Michael Foreman,0.0,2.16,0.0,46.5,40.5,1,4.68,0.15,2668287,2034386,0,8.15,-0.36,38.1,-20.4,46.0,90.2,63.3,65.2,58.5,58.5,60.1,57.2,52.4,49.5,49.5,50.4,50.4,53.0,48.2,50.1,51.1,56.9,62.6,60.7,64.5,58.6,57.6,57.6,56.6,55.7,54.7,53.8,52.8,52.8,51.8,51.8,51.8,52.8,52.8,53.8,54.7,Libertarian
2026-04-28,189,9.76,82.6,17.4,Likely D,6.14,3.86,10.15,4.68,5.08,53.7,44.14,0.0,False,False,,LIB,Eric Michael Foreman,0.0,2.16,0.0,46.5,40.5,1,4.69,0.15,2668287,2034386,0,8.16,-0.36,38.1,-20.5,46.0,90.2,63.3,65.2,58.5,58.5,60.1,57.2,52.4,49.5,49.5,50.4,50.4,53.0,48.2,50.1,51.1,56.9,62.6,60.7,64.6,58.6,57.6,57.6,56.7,55.7,54.7,53.8,52.8,52.8,51.8,51.8,51.8,52.8,52.8,53.8,54.7,Libertarian
2026-04-29,188,10.68,84.7,15.3,Likely D,6.33,4.75,11.23,4.68,6.0,54.15,43.69,0.0,False,False,,LIB,Eric Michael Foreman,0.0,2.16,0.0,46.5,40.5,1,4.69,0.15,2668287,2034386,0,9.05,-0.36,38.1,-20.5,46.4,90.7,63.8,65.7,58.9,58.9,60.5,57.6,52.8,49.9,49.9,50.9,50.9,53.5,48.7,50.6,51.5,57.3,63.1,61.2,65.0,59.0,58.1,58.1,57.1,56.1,55.2,54.2,53.3,53.3,52.3,52.3,52.3,53.3,53.3,54.2,55.2,Libertarian
2026-04-30,187,10.8,85.0,15.0,Likely D,6.35,4.83,11.34,4.68,6.12,54.2,43.64,0.0,False,False,,LIB,Eric Michael Foreman,0.0,2.16,0.0,46.5,40.5,1,4.87,0.15,2668287,2034386,0,9.13,-0.36,38.1,-20.6,46.5,90.7,63.8,65.7,59.0,59.0,60.6,57.7,52.9,50.0,50.0,50.9,50.9,53.5,48.7,50.6,51.6,57.4,63.1,61.2,65.1,59.1,58.1,58.1,57.2,56.2,55.2,54.3,53.3,53.3,52.3,52.3,52.3,53.3,53.3,54.3,55.2,Libertarian
2026-05-01,186,10.31,83.9,16.1,Likely D,6.25,4.36,10.77,4.68,5.63,53.97,43.87,0.0,False,False,,LIB,Eric Michael Foreman,0.0,2.16,0.0,46.5,40.5,1,4.87,0.15,2668287,2034386,0,8.66,-0.36,38.0,-20.6,46.3,90.5,63.6,65.5,58.8,58.8,60.3,57.4,52.6,49.8,49.8,50.7,50.7,53.3,48.5,50.4,51.4,57.1,62.9,61.0,64.8,58.8,57.9,57.9,56.9,56.0,55.0,54.0,53.1,53.1,52.1,52.1,52.1,53.1,53.1,54.0,55.0,Libertarian
2026-05-02,185,10.31,83.9,16.1,Likely D,6.25,4.36,10.77,4.68,5.63,53.97,43.87,0.0,False,False,,LIB,Eric Michael Foreman,0.0,2.16,0.0,46.5,40.5,1,4.87,0.15,2668287,2034386,0,8.66,-0.36,38.0,-20.6,46.3,90.5,63.6,65.5,58.8,58.8,60.3,57.4,52.6,49.8,49.8,50.7,50.7,53.3,48.5,50.4,51.4,57.1,62.9,61.0,64.8,58.8,57.9,57.9,56.9,56.0,55.0,54.0,53.1,53.1,52.1,52.1,52.1,53.1,53.1,54.0,55.0,Libertarian
2026-05-03,184,10.27,83.8,16.2,Likely D,6.24,4.33,10.73,4.68,5.59,53.94,43.9,0.0,False,False,,LIB,Eric Michael Foreman,0.0,2.16,0.0,46.5,40.5,1,4.79,0.15,2668287,2034386,0,8.63,-0.36,38.1,-20.4,46.2,90.5,63.5,65.5,58.7,58.7,60.3,57.4,52.6,49.7,49.7,50.7,50.7,53.3,48.5,50.4,51.3,57.1,62.9,61.0,64.8,58.8,57.9,57.9,56.9,55.9,55.0,54.0,53.0,53.0,52.1,52.1,52.1,53.0,53.0,54.0,55.0,Libertarian
2026-05-04,183,11.07,85.6,14.4,Likely D,6.41,5.11,11.67,4.68,6.38,54.33,43.51,0.0,False,False,,LIB,Eric Michael Foreman,0.0,2.16,0.0,46.5,40.5,1,4.75,0.15,2668287,2034386,0,9.41,-0.36,38.0,-20.8,46.6,90.9,63.9,65.9,59.1,59.1,60.7,57.8,53.0,50.1,50.1,51.1,51.1,53.7,48.8,50.8,51.7,57.5,63.3,61.3,65.2,59.2,58.2,58.2,57.3,56.3,55.4,54.4,53.4,53.4,52.5,52.5,52.5,53.4,53.4,54.4,55.4,Libertarian
2026-05-05,182,11.06,85.6,14.4,Likely D,6.4,5.1,11.66,4.68,6.37,54.33,43.51,0.0,False,False,,LIB,Eric Michael Foreman,0.0,2.16,0.0,46.5,40.5,1,4.75,0.15,2668287,2034386,0,9.4,-0.36,38.0,-20.7,46.6,90.9,63.9,65.9,59.1,59.1,60.7,57.8,53.0,50.1,50.1,51.1,51.1,53.7,48.8,50.8,51.7,57.5,63.3,61.3,65.2,59.2,58.2,58.2,57.3,56.3,55.4,54.4,53.4,53.4,52.5,52.5,52.5,53.4,53.4,54.4,55.4,Libertarian
2026-05-06,181,11.11,85.7,14.3,Likely D,6.42,5.15,11.72,4.68,6.43,54.36,43.48,0.0,False,False,,LIB,Eric Michael Foreman,0.0,2.16,0.0,46.5,40.5,1,4.79,0.15,2668287,2034386,0,9.45,-0.36,38.0,-20.7,46.7,90.9,64.0,65.9,59.2,59.2,60.7,57.8,53.0,50.1,50.1,51.1,51.1,53.7,48.9,50.8,51.8,57.5,63.3,61.4,65.2,59.2,58.3,58.3,57.3,56.4,55.4,54.4,53.5,53.5,52.5,52.5,52.5,53.5,53.5,54.4,55.4,Libertarian
2026-05-07,180,10.5,84.3,15.7,Likely D,6.29,4.5,10.94,4.68,5.82,54.06,43.78,0.0,False,False,,LIB,Eric Michael Foreman,0.0,2.16,0.0,46.5,40.5,1,5.11,0.15,2668287,2034386,0,8.8,-0.36,38.0,-20.8,46.4,90.6,63.7,65.6,58.9,58.9,60.4,57.5,52.7,49.8,49.8,50.8,50.8,53.4,48.6,50.5,51.5,57.2,63.0,61.1,64.9,58.9,58.0,58.0,57.0,56.1,55.1,54.1,53.2,53.2,52.2,52.2,52.2,53.2,53.2,54.1,55.1,Libertarian
2026-05-08,179,10.5,84.3,15.7,Likely D,6.29,4.5,10.94,4.68,5.82,54.06,43.78,0.0,False,False,,LIB,Eric Michael Foreman,0.0,2.16,0.0,46.5,40.5,1,5.11,0.15,2668287,2034386,0,8.8,-0.36,38.0,-20.8,46.4,90.6,63.7,65.6,58.9,58.9,60.4,57.5,52.7,49.8,49.8,50.8,50.8,53.4,48.6,50.5,51.5,57.2,63.0,61.1,64.9,58.9,58.0,58.0,57.0,56.1,55.1,54.1,53.2,53.2,52.2,52.2,52.2,53.2,53.2,54.1,55.1,Libertarian
2026-05-09,178,10.51,84.4,15.6,Likely D,6.29,4.51,10.96,4.68,5.83,54.06,43.78,0.0,False,False,,LIB,Eric Michael Foreman,0.0,2.16,0.0,46.5,40.5,1,5.11,0.15,2668287,2034386,0,8.81,-0.36,38.0,-20.8,46.4,90.6,63.7,65.6,58.9,58.9,60.4,57.5,52.7,49.8,49.8,50.8,50.8,53.4,48.6,50.5,51.5,57.2,63.0,61.1,64.9,58.9,58.0,58.0,57.0,56.1,55.1,54.1,53.2,53.2,52.2,52.2,52.2,53.2,53.2,54.1,55.1,Libertarian
2026-05-10,177,11.22,85.9,14.1,Likely D,6.44,5.22,11.81,4.68,6.54,54.41,43.43,0.0,False,False,,LIB,Eric Michael Foreman,0.0,2.16,0.0,46.5,40.5,1,4.99,0.15,2668287,2034386,0,9.52,-0.36,38.1,-20.7,46.7,90.9,64.0,65.9,59.2,59.2,60.8,57.9,53.1,50.2,50.2,51.2,51.2,53.7,48.9,50.8,51.8,57.6,63.3,61.4,65.3,59.3,58.3,58.3,57.4,56.4,55.4,54.5,53.5,53.5,52.6,52.6,52.6,53.5,53.5,54.5,55.4,Libertarian
2026-05-11,176,11.21,85.9,14.1,Likely D,6.43,5.21,11.8,4.68,6.52,54.4,43.44,0.0,False,False,,LIB,Eric Michael Foreman,0.0,2.16,0.0,46.5,40.5,1,4.97,0.15,2668287,2034386,0,9.51,-0.36,38.0,-20.9,46.7,90.9,64.0,65.9,59.2,59.2,60.8,57.9,53.1,50.2,50.2,51.1,51.1,53.7,48.9,50.8,51.8,57.6,63.3,61.4,65.3,59.3,58.3,58.3,57.4,56.4,55.4,54.5,53.5,53.5,52.5,52.5,52.5,53.5,53.5,54.5,55.4,Libertarian
2026-05-12,175,11.24,86.0,14.0,Likely D,6.44,5.24,11.84,4.68,6.56,54.42,43.42,0.0,False,False,,LIB,Eric Michael Foreman,0.0,2.16,0.0,46.5,40.5,1,4.97,0.15,2668287,2034386,0,9.54,-0.36,38.0,-20.9,46.7,91.0,64.0,65.9,59.2,59.2,60.8,57.9,53.1,50.2,50.2,51.2,51.2,53.7,48.9,50.9,51.8,57.6,63.4,61.4,65.3,59.3,58.3,58.3,57.4,56.4,55.5,54.5,53.5,53.5,52.6,52.6,52.6,53.5,53.5,54.5,55.5,Libertarian
2026-05-13,174,10.43,84.2,15.8,Likely D,6.27,4.45,10.88,4.68,5.74,54.02,43.82,0.0,False,False,,LIB,Eric Michael Foreman,0.0,2.16,0.0,46.5,40.5,1,4.97,0.15,2668287,2034386,0,8.75,-0.36,38.0,-20.9,46.3,90.5,63.6,65.5,58.8,58.8,60.4,57.5,52.7,49.8,49.8,50.8,50.8,53.3,48.5,50.5,51.4,57.2,63.0,61.0,64.9,58.9,57.9,57.9,57.0,56.0,55.1,54.1,53.1,53.1,52.2,52.2,52.2,53.1,53.1,54.1,55.1,Libertarian
2026-05-14,173,10.44,84.2,15.8,Likely D,6.28,4.46,10.89,4.68,5.75,54.03,43.81,0.0,False,False,,LIB,Eric Michael Foreman,0.0,2.16,0.0,46.5,40.5,1,4.97,0.15,2668287,2034386,0,8.76,-0.36,38.0,-20.9,46.3,90.6,63.6,65.6,58.8,58.8,60.4,57.5,52.7,49.8,49.8,50.8,50.8,53.4,48.5,50.5,51.4,57.2,63.0,61.0,64.9,58.9,57.9,57.9,57.0,56.0,55.1,54.1,53.1,53.1,52.2,52.2,52.2,53.1,53.1,54.1,55.1,Libertarian
2026-05-15,172,10.63,84.6,15.4,Likely D,6.32,4.6,11.07,4.68,5.94,54.12,43.72,0.0,False,False,,LIB,Eric Michael Foreman,0.0,2.16,0.0,46.5,40.5,1,5.23,0.15,2668287,2034386,0,8.9,-0.36,37.8,-21.2,46.4,90.6,63.7,65.6,58.9,58.9,60.5,57.6,52.8,49.9,49.9,50.9,50.9,53.4,48.6,50.6,51.5,57.3,63.1,61.1,65.0,59.0,58.0,58.0,57.1,56.1,55.2,54.2,53.2,53.2,52.3,52.3,52.3,53.2,53.2,54.2,55.2,Libertarian
2026-05-16,171,11.4,86.3,13.7,Likely D,6.47,5.35,11.98,4.68,6.72,54.5,43.34,0.0,False,False,,LIB,Eric Michael Foreman,0.0,2.16,0.0,46.5,40.5,1,5.23,0.15,2668287,2034386,0,9.65,-0.36,37.8,-21.2,46.8,91.0,64.1,66.0,59.3,59.3,60.9,58.0,53.2,50.3,50.3,51.2,51.2,53.8,49.0,50.9,51.9,57.7,63.4,61.5,65.4,59.4,58.4,58.4,57.5,56.5,55.5,54.6,53.6,53.6,52.6,52.6,52.6,53.6,53.6,54.6,55.5,Libertarian
2026-05-17,170,11.35,86.2,13.8,Likely D,6.46,5.31,11.93,4.68,6.66,54.47,43.37,0.0,False,False,,LIB,Eric Michael Foreman,0.0,2.16,0.0,46.5,40.5,1,5.17,0.15,2668287,2034386,0,9.61,-0.36,37.9,-21.1,46.8,91.0,64.1,66.0,59.3,59.3,60.8,57.9,53.1,50.3,50.3,51.2,51.2,53.8,49.0,50.9,51.9,57.6,63.4,61.5,65.3,59.3,58.4,58.4,57.4,56.5,55.5,54.5,53.6,53.6,52.6,52.6,52.6,53.6,53.6,54.5,55.5,Libertarian
2026-05-18,169,11.53,86.6,13.4,Likely D,6.5,5.45,12.11,4.68,6.84,54.56,43.28,0.0,False,False,,LIB,Eric Michael Foreman,0.0,2.16,0.0,46.5,40.5,1,5.36,0.15,2668287,2034386,0,9.75,-0.36,37.6,-21.7,46.9,91.1,64.2,66.1,59.4,59.4,60.9,58.0,53.2,50.3,50.3,51.3,51.3,53.9,49.1,51.0,52.0,57.7,63.5,61.6,65.4,59.4,58.5,58.5,57.5,56.6,55.6,54.6,53.7,53.7,52.7,52.7,52.7,53.7,53.7,54.6,55.6,Libertarian
2026-05-19,168,10.79,85.0,15.0,Likely D,6.35,4.72,11.22,4.68,6.1,54.2,43.64,0.0,False,False,,LIB,Eric Michael Foreman,0.0,2.16,0.0,46.5,40.5,1,5.42,0.15,2668287,2034386,0,9.02,-0.36,37.6,-21.7,46.5,90.7,63.8,65.7,59.0,59.0,60.6,57.7,52.9,50.0,50.0,50.9,50.9,53.5,48.7,50.6,51.6,57.4,63.1,61.2,65.1,59.1,58.1,58.1,57.2,56.2,55.2,54.3,53.3,53.3,52.3,52.3,52.3,53.3,53.3,54.3,55.2,Libertarian
2026-05-20,167,10.79,85.0,15.0,Likely D,6.35,4.73,11.23,4.68,6.11,54.2,43.64,0.0,False,False,,LIB,Eric Michael Foreman,0.0,2.16,0.0,46.5,40.5,1,5.42,0.15,2668287,2034386,0,9.03,-0.36,37.4,-21.9,46.5,90.7,63.8,65.7,59.0,59.0,60.6,57.7,52.9,50.0,50.0,50.9,50.9,53.5,48.7,50.6,51.6,57.4,63.1,61.2,65.1,59.1,58.1,58.1,57.2,56.2,55.2,54.3,53.3,53.3,52.3,52.3,52.3,53.3,53.3,54.3,55.2,Libertarian
2026-05-21,166,10.79,85.0,15.0,Likely D,6.35,4.73,11.23,4.68,6.11,54.2,43.64,0.0,False,False,,LIB,Eric Michael Foreman,0.0,2.16,0.0,46.5,40.5,1,5.42,0.15,2668287,2034386,0,9.03,-0.36,37.5,-21.9,46.5,90.7,63.8,65.7,59.0,59.0,60.6,57.7,52.9,50.0,50.0,50.9,50.9,53.5,48.7,50.6,51.6,57.4,63.1,61.2,65.1,59.1,58.1,58.1,57.2,56.2,55.2,54.3,53.3,53.3,52.3,52.3,52.3,53.3,53.3,54.3,55.2,Libertarian
2026-05-22,165,11.56,86.7,13.3,Likely D,6.51,5.47,12.13,4.68,6.87,54.57,43.27,0.0,False,False,,LIB,Eric Michael Foreman,0.0,2.16,0.0,46.5,40.5,1,5.42,0.15,2668287,2034386,0,9.77,-0.36,37.5,-21.8,46.9,91.1,64.2,66.1,59.4,59.4,60.9,58.1,53.2,50.4,50.4,51.3,51.3,53.9,49.1,51.0,52.0,57.7,63.5,61.6,65.4,59.4,58.5,58.5,57.5,56.6,55.6,54.6,53.7,53.7,52.7,52.7,52.7,53.7,53.7,54.6,55.6,Libertarian
2026-05-23,164,11.55,86.7,13.3,Likely D,6.5,5.46,12.12,4.68,6.86,54.57,43.27,0.0,False,False,,LIB,Eric Michael Foreman,0.0,2.16,0.0,46.5,40.5,1,5.42,0.15,2668287,2034386,0,9.76,-0.36,37.5,-21.8,46.9,91.1,64.2,66.1,59.4,59.4,60.9,58.1,53.2,50.4,50.4,51.3,51.3,53.9,49.1,51.0,52.0,57.7,63.5,61.6,65.4,59.4,58.5,58.5,57.5,56.6,55.6,54.6,53.7,53.7,52.7,52.7,52.7,53.7,53.7,54.6,55.6,Libertarian
2026-05-24,163,11.51,86.6,13.4,Likely D,6.5,5.44,12.09,4.68,6.82,54.55,43.29,0.0,False,False,,LIB,Eric Michael Foreman,0.0,2.16,0.0,46.5,40.5,1,5.32,0.15,2668287,2034386,0,9.74,-0.36,37.6,-21.7,46.8,91.1,64.2,66.1,59.3,59.3,60.9,58.0,53.2,50.3,50.3,51.3,51.3,53.9,49.1,51.0,51.9,57.7,63.5,61.6,65.4,59.4,58.5,58.5,57.5,56.5,55.6,54.6,53.7,53.7,52.7,52.7,52.7,53.7,53.7,54.6,55.6,Libertarian
2026-05-25,162,10.8,85.1,14.9,Likely D,6.35,4.74,11.25,4.68,6.12,54.21,43.63,0.0,False,False,,LIB,Eric Michael Foreman,0.0,2.16,0.0,46.5,40.5,1,5.41,0.15,2668287,2034386,0,9.04,-0.36,37.6,-21.6,46.5,90.7,63.8,65.7,59.0,59.0,60.6,57.7,52.9,50.0,50.0,51.0,51.0,53.5,48.7,50.6,51.6,57.4,63.1,61.2,65.1,59.1,58.1,58.1,57.2,56.2,55.2,54.3,53.3,53.3,52.4,52.4,52.4,53.3,53.3,54.3,55.2,Libertarian
2026-05-26,161,10.73,84.9,15.1,Likely D,6.34,4.69,11.18,4.68,6.05,54.17,43.67,0.0,False,False,,LIB,Eric Michael Foreman,0.0,2.16,0.0,46.5,40.5,1,5.31,0.15,2668287,2034386,0,8.99,-0.36,37.6,-21.7,46.5,90.7,63.8,65.7,59.0,59.0,60.5,57.6,52.8,50.0,50.0,50.9,50.9,53.5,48.7,50.6,51.6,57.3,63.1,61.2,65.0,59.0,58.1,58.1,57.1,56.2,55.2,54.2,53.3,53.3,52.3,52.3,52.3,53.3,53.3,54.2,55.2,Libertarian
2026-05-27,160,10.74,84.9,15.1,Likely D,6.34,4.7,11.19,4.68,6.06,54.18,43.66,0.0,False,False,,LIB,Eric Michael Foreman,0.0,2.16,0.0,46.5,40.5,1,5.31,0.15,2668287,2034386,0,9.0,-0.36,37.6,-21.7,46.5,90.7,63.8,65.7,59.0,59.0,60.5,57.7,52.9,50.0,50.0,50.9,50.9,53.5,48.7,50.6,51.6,57.3,63.1,61.2,65.0,59.1,58.1,58.1,57.1,56.2,55.2,54.2,53.3,53.3,52.3,52.3,52.3,53.3,53.3,54.2,55.2,Libertarian
2026-05-28,159,11.47,86.5,13.5,Likely D,6.49,5.41,12.05,4.68,6.79,54.53,43.31,0.0,False,False,,LIB,Eric Michael Foreman,0.0,2.16,0.0,46.5,40.5,1,5.3,0.15,2668287,2034386,0,9.71,-0.36,37.6,-21.7,46.8,91.1,64.1,66.1,59.3,59.3,60.9,58.0,53.2,50.3,50.3,51.3,51.3,53.9,49.0,51.0,51.9,57.7,63.5,61.5,65.4,59.4,58.4,58.4,57.5,56.5,55.6,54.6,53.6,53.6,52.7,52.7,52.7,53.6,53.6,54.6,55.6,Libertarian
2026-05-29,158,11.46,86.5,13.5,Likely D,6.49,5.4,12.04,4.68,6.78,54.53,43.31,0.0,False,False,,LIB,Eric Michael Foreman,0.0,2.16,0.0,46.5,40.5,1,5.3,0.15,2668287,2034386,0,9.7,-0.36,37.6,-21.7,46.8,91.1,64.1,66.1,59.3,59.3,60.9,58.0,53.2,50.3,50.3,51.3,51.3,53.9,49.0,51.0,51.9,57.7,63.5,61.5,65.4,59.4,58.4,58.4,57.5,56.5,55.6,54.6,53.6,53.6,52.7,52.7,52.7,53.6,53.6,54.6,55.6,Libertarian
2026-05-30,157,11.49,86.6,13.4,Likely D,6.49,5.43,12.08,4.68,6.81,54.54,43.3,0.0,False,False,,LIB,Eric Michael Foreman,0.0,2.16,0.0,46.5,40.5,1,5.3,0.15,2668287,2034386,0,9.73,-0.36,37.6,-21.7,46.8,91.1,64.1,66.1,59.3,59.3,60.9,58.0,53.2,50.3,50.3,51.3,51.3,53.9,49.1,51.0,51.9,57.7,63.5,61.6,65.4,59.4,58.5,58.5,57.5,56.5,55.6,54.6,53.6,53.6,52.7,52.7,52.7,53.6,53.6,54.6,55.6,Libertarian
2026-05-31,156,10.72,84.9,15.1,Likely D,6.33,4.68,11.17,4.68,6.03,54.16,43.68,0.0,False,False,,LIB,Eric Michael Foreman,0.0,2.16,0.0,46.5,40.5,1,5.26,0.15,2668287,2034386,0,8.98,-0.36,37.7,-21.5,46.5,90.7,63.8,65.7,59.0,59.0,60.5,57.6,52.8,49.9,49.9,50.9,50.9,53.5,48.7,50.6,51.6,57.3,63.1,61.2,65.0,59.0,58.1,58.1,57.1,56.2,55.2,54.2,53.3,53.3,52.3,52.3,52.3,53.3,53.3,54.2,55.2,Libertarian
2026-06-01,155,11.43,86.4,13.6,Likely D,6.48,5.38,12.02,4.68,6.75,54.51,43.33,0.0,False,False,,LIB,Eric Michael Foreman,0.0,2.16,0.0,46.5,40.5,1,5.23,0.15,2668287,2034386,0,9.68,-0.36,37.6,-21.6,46.8,91.0,64.1,66.0,59.3,59.3,60.9,58.0,53.2,50.3,50.3,51.3,51.3,53.8,49.0,50.9,51.9,57.7,63.4,61.5,65.4,59.4,58.4,58.4,57.5,56.5,55.5,54.6,53.6,53.6,52.7,52.7,52.7,53.6,53.6,54.6,55.5,Libertarian
2026-06-02,154,11.45,86.5,13.5,Likely D,6.48,5.39,12.03,4.68,6.76,54.52,43.32,0.0,False,False,,LIB,Eric Michael Foreman,0.0,2.16,0.0,46.5,40.5,1,5.27,0.15,2668287,2034386,0,9.69,-0.36,37.6,-21.5,46.8,91.1,64.1,66.1,59.3,59.3,60.9,58.0,53.2,50.3,50.3,51.3,51.3,53.8,49.0,51.0,51.9,57.7,63.5,61.5,65.4,59.4,58.4,58.4,57.5,56.5,55.6,54.6,53.6,53.6,52.7,52.7,52.7,53.6,53.6,54.6,55.6,Libertarian
2026-06-03,153,11.45,86.5,13.5,Likely D,6.49,5.39,12.03,4.68,6.77,54.52,43.32,0.0,False,False,,LIB,Eric Michael Foreman,0.0,2.16,0.0,46.5,40.5,1,5.29,0.15,2668287,2034386,0,9.69,-0.36,37.6,-21.6,46.8,91.1,64.1,66.1,59.3,59.3,60.9,58.0,53.2,50.3,50.3,51.3,51.3,53.8,49.0,51.0,51.9,57.7,63.5,61.5,65.4,59.4,58.4,58.4,57.5,56.5,55.6,54.6,53.6,53.6,52.7,52.7,52.7,53.6,53.6,54.6,55.6,Libertarian
2026-06-04,152,11.47,86.5,13.5,Likely D,6.49,5.4,12.04,4.68,6.78,54.53,43.31,0.0,False,False,,LIB,Eric Michael Foreman,0.0,2.16,0.0,46.5,40.5,1,5.31,0.15,2668287,2034386,0,9.7,-0.36,37.6,-21.6,46.8,91.1,64.1,66.1,59.3,59.3,60.9,58.0,53.2,50.3,50.3,51.3,51.3,53.9,49.0,51.0,51.9,57.7,63.5,61.5,65.4,59.4,58.4,58.4,57.5,56.5,55.6,54.6,53.6,53.6,52.7,52.7,52.7,53.6,53.6,54.6,55.6,Libertarian
2026-06-05,151,11.42,86.4,13.6,Likely D,6.48,5.36,11.99,4.68,6.74,54.51,43.33,0.0,False,False,,LIB,Eric Michael Foreman,0.0,2.16,0.0,46.5,40.5,1,5.29,0.15,2668287,2034386,0,9.66,-0.36,37.6,-21.5,46.8,91.0,64.1,66.0,59.3,59.3,60.9,58.0,53.2,50.3,50.3,51.3,51.3,53.8,49.0,50.9,51.9,57.7,63.4,61.5,65.4,59.4,58.4,58.4,57.5,56.5,55.5,54.6,53.6,53.6,52.7,52.7,52.7,53.6,53.6,54.6,55.5,Libertarian
2026-06-06,150,11.41,86.4,13.6,Likely D,6.48,5.35,11.98,4.68,6.73,54.5,43.34,0.0,False,False,,LIB,Eric Michael Foreman,0.0,2.16,0.0,46.5,40.5,1,5.29,0.15,2668287,2034386,0,9.65,-0.36,37.6,-21.6,46.8,91.0,64.1,66.0,59.3,59.3,60.9,58.0,53.2,50.3,50.3,51.2,51.2,53.8,49.0,50.9,51.9,57.7,63.4,61.5,65.4,59.4,58.4,58.4,57.5,56.5,55.5,54.6,53.6,53.6,52.6,52.6,52.6,53.6,53.6,54.6,55.5,Libertarian
2026-06-07,149,11.39,86.4,13.6,Likely D,6.47,5.35,11.98,4.68,6.7,54.49,43.35,0.0,False,False,,LIB,Eric Michael Foreman,0.0,2.16,0.0,46.5,40.5,1,5.17,0.15,2668287,2034386,0,9.65,-0.36,37.7,-21.5,46.8,91.0,64.1,66.0,59.3,59.3,60.9,58.0,53.2,50.3,50.3,51.2,51.2,53.8,49.0,50.9,51.9,57.7,63.4,61.5,65.4,59.4,58.4,58.4,57.4,56.5,55.5,54.6,53.6,53.6,52.6,52.6,52.6,53.6,53.6,54.6,55.5,Libertarian
2026-06-08,148,11.44,86.5,13.5,Likely D,6.48,5.39,12.03,4.68,6.76,54.52,43.32,0.0,False,False,,LIB,Eric Michael Foreman,0.0,2.16,0.0,46.5,40.5,1,5.25,0.15,2668287,2034386,0,9.69,-0.36,37.6,-21.5,46.8,91.1,64.1,66.1,59.3,59.3,60.9,58.0,53.2,50.3,50.3,51.3,51.3,53.8,49.0,51.0,51.9,57.7,63.5,61.5,65.4,59.4,58.4,58.4,57.5,56.5,55.6,54.6,53.6,53.6,52.7,52.7,52.7,53.6,53.6,54.6,55.6,Libertarian
2026-06-09,147,11.42,86.4,13.6,Likely D,6.48,5.37,12.0,4.68,6.74,54.51,43.33,0.0,False,False,,LIB,Eric Michael Foreman,0.0,2.16,0.0,46.5,40.5,1,5.25,0.15,2668287,2034386,0,9.67,-0.36,37.6,-21.5,46.8,91.0,64.1,66.0,59.3,59.3,60.9,58.0,53.2,50.3,50.3,51.3,51.3,53.8,49.0,50.9,51.9,57.7,63.4,61.5,65.4,59.4,58.4,58.4,57.5,56.5,55.5,54.6,53.6,53.6,52.7,52.7,52.7,53.6,53.6,54.6,55.5,Libertarian
2026-06-10,146,11.42,86.4,13.6,Likely D,6.48,5.37,12.0,4.68,6.74,54.51,43.33,0.0,False,False,,LIB,Eric Michael Foreman,0.0,2.16,0.0,46.5,40.5,1,5.25,0.15,2668287,2034386,0,9.67,-0.36,37.7,-21.4,46.8,91.0,64.1,66.0,59.3,59.3,60.9,58.0,53.2,50.3,50.3,51.3,51.3,53.8,49.0,50.9,51.9,57.7,63.4,61.5,65.4,59.4,58.4,58.4,57.5,56.5,55.5,54.6,53.6,53.6,52.7,52.7,52.7,53.6,53.6,54.6,55.5,Libertarian
2026-06-11,145,11.39,86.4,13.6,Likely D,6.47,5.34,11.97,4.68,6.71,54.49,43.35,0.0,False,False,,LIB,Eric Michael Foreman,0.0,2.16,0.0,46.5,40.5,1,5.25,0.15,2668287,2034386,0,9.64,-0.36,37.6,-21.5,46.8,91.0,64.1,66.0,59.3,59.3,60.9,58.0,53.2,50.3,50.3,51.2,51.2,53.8,49.0,50.9,51.9,57.7,63.4,61.5,65.4,59.4,58.4,58.4,57.4,56.5,55.5,54.6,53.6,53.6,52.6,52.6,52.6,53.6,53.6,54.6,55.5,Libertarian
2026-06-12,144,11.39,86.4,13.6,Likely D,6.47,5.34,11.97,4.68,6.71,54.49,43.35,0.0,False,False,,LIB,Eric Michael Foreman,0.0,2.16,0.0,46.5,40.5,1,5.25,0.15,2668287,2034386,0,9.64,-0.36,37.6,-21.5,46.8,91.0,64.1,66.0,59.3,59.3,60.9,58.0,53.2,50.3,50.3,51.2,51.2,53.8,49.0,50.9,51.9,57.7,63.4,61.5,65.4,59.4,58.4,58.4,57.4,56.5,55.5,54.6,53.6,53.6,52.6,52.6,52.6,53.6,53.6,54.6,55.5,Libertarian
2026-06-13,143,11.44,86.5,13.5,Likely D,6.48,5.39,12.03,4.68,6.76,54.52,43.32,0.0,False,False,,LIB,Eric Michael Foreman,0.0,2.16,0.0,46.5,40.5,1,5.25,0.15,2668287,2034386,0,9.69,-0.36,37.6,-21.5,46.8,91.1,64.1,66.1,59.3,59.3,60.9,58.0,53.2,50.3,50.3,51.3,51.3,53.8,49.0,51.0,51.9,57.7,63.5,61.5,65.4,59.4,58.4,58.4,57.5,56.5,55.6,54.6,53.6,53.6,52.7,52.7,52.7,53.6,53.6,54.6,55.6,Libertarian
2026-06-14,142,11.46,86.5,13.5,Likely D,6.49,5.4,12.04,4.68,6.77,54.53,43.31,0.0,False,False,,LIB,Eric Michael Foreman,0.0,2.16,0.0,46.5,40.5,1,5.27,0.15,2668287,2034386,0,9.7,-0.36,37.6,-21.5,46.8,91.1,64.1,66.1,59.3,59.3,60.9,58.0,53.2,50.3,50.3,51.3,51.3,53.9,49.0,51.0,51.9,57.7,63.5,61.5,65.4,59.4,58.4,58.4,57.5,56.5,55.6,54.6,53.6,53.6,52.7,52.7,52.7,53.6,53.6,54.6,55.6,Libertarian
2026-06-15,141,11.33,86.2,13.8,Likely D,6.46,5.3,11.91,4.68,6.64,54.46,43.38,0.0,False,False,,LIB,Eric Michael Foreman,0.0,2.16,0.0,46.5,40.5,1,5.11,0.15,2668287,2034386,0,9.6,-0.36,37.7,-21.6,46.8,91.0,64.1,66.0,59.3,59.3,60.8,57.9,53.1,50.2,50.2,51.2,51.2,53.8,49.0,50.9,51.9,57.6,63.4,61.5,65.3,59.3,58.4,58.4,57.4,56.5,55.5,54.5,53.6,53.6,52.6,52.6,52.6,53.6,53.6,54.5,55.5,Libertarian
2026-06-16,140,11.31,86.2,13.8,Likely D,6.46,5.28,11.89,4.68,6.63,54.45,43.39,0.0,False,False,,LIB,Eric Michael Foreman,0.0,2.16,0.0,46.5,40.5,1,5.14,0.15,2668287,2034386,0,9.58,-0.36,37.7,-21.6,46.7,91.0,64.1,66.0,59.2,59.2,60.8,57.9,53.1,50.2,50.2,51.2,51.2,53.8,49.0,50.9,51.8,57.6,63.4,61.5,65.3,59.3,58.4,58.4,57.4,56.4,55.5,54.5,53.6,53.6,52.6,52.6,52.6,53.6,53.6,54.5,55.5,Libertarian
2026-06-17,139,11.34,86.3,13.7,Likely D,6.46,5.31,11.93,4.68,6.65,54.47,43.37,0.0,False,False,,LIB,Eric Michael Foreman,0.0,2.16,0.0,46.5,40.5,1,5.12,0.15,2668287,2034386,0,9.61,-0.36,37.6,-21.8,46.8,91.0,64.1,66.0,59.3,59.3,60.8,57.9,53.1,50.3,50.3,51.2,51.2,53.8,49.0,50.9,51.9,57.6,63.4,61.5,65.3,59.3,58.4,58.4,57.4,56.5,55.5,54.5,53.6,53.6,52.6,52.6,52.6,53.6,53.6,54.5,55.5,Libertarian
2026-06-18,138,11.31,86.2,13.8,Likely D,6.46,5.28,11.89,4.68,6.62,54.45,43.39,0.0,False,False,,LIB,Eric Michael Foreman,0.0,2.16,0.0,46.5,40.5,1,5.12,0.15,2668287,2034386,0,9.58,-0.36,37.7,-21.7,46.7,91.0,64.1,66.0,59.2,59.2,60.8,57.9,53.1,50.2,50.2,51.2,51.2,53.8,49.0,50.9,51.8,57.6,63.4,61.5,65.3,59.3,58.4,58.4,57.4,56.4,55.5,54.5,53.6,53.6,52.6,52.6,52.6,53.6,53.6,54.5,55.5,Libertarian
2026-06-19,137,11.36,86.3,13.7,Likely D,6.47,5.33,11.95,4.68,6.68,54.48,43.36,0.0,False,False,,LIB,Eric Michael Foreman,0.0,2.16,0.0,46.5,40.5,1,5.12,0.15,2668287,2034386,0,9.63,-0.36,37.6,-21.9,46.8,91.0,64.1,66.0,59.3,59.3,60.8,58.0,53.2,50.3,50.3,51.2,51.2,53.8,49.0,50.9,51.9,57.6,63.4,61.5,65.3,59.4,58.4,58.4,57.4,56.5,55.5,54.5,53.6,53.6,52.6,52.6,52.6,53.6,53.6,54.5,55.5,Libertarian
2026-06-20,136,11.36,86.3,13.7,Likely D,6.47,5.33,11.95,4.68,6.68,54.48,43.36,0.0,False,False,,LIB,Eric Michael Foreman,0.0,2.16,0.0,46.5,40.5,1,5.12,0.15,2668287,2034386,0,9.63,-0.36,37.5,-22.0,46.8,91.0,64.1,66.0,59.3,59.3,60.8,58.0,53.2,50.3,50.3,51.2,51.2,53.8,49.0,50.9,51.9,57.6,63.4,61.5,65.3,59.4,58.4,58.4,57.4,56.5,55.5,54.5,53.6,53.6,52.6,52.6,52.6,53.6,53.6,54.5,55.5,Libertarian
2026-06-21,135,11.34,86.3,13.7,Likely D,6.46,5.31,11.93,4.68,6.65,54.47,43.37,0.0,False,False,,LIB,Eric Michael Foreman,0.0,2.16,0.0,46.5,40.5,1,5.11,0.15,2668287,2034386,0,9.61,-0.36,37.6,-21.8,46.8,91.0,64.1,66.0,59.3,59.3,60.8,57.9,53.1,50.3,50.3,51.2,51.2,53.8,49.0,50.9,51.9,57.6,63.4,61.5,65.3,59.3,58.4,58.4,57.4,56.5,55.5,54.5,53.6,53.6,52.6,52.6,52.6,53.6,53.6,54.5,55.5,Libertarian
2026-06-22,134,11.32,86.3,13.7,Likely D,6.46,5.29,11.9,4.68,6.64,54.46,43.38,0.0,False,False,,LIB,Eric Michael Foreman,0.0,2.16,0.0,46.5,40.5,1,5.13,0.15,2668287,2034386,0,9.59,-0.36,37.5,-21.9,46.8,91.0,64.1,66.0,59.3,59.3,60.8,57.9,53.1,50.2,50.2,51.2,51.2,53.8,49.0,50.9,51.9,57.6,63.4,61.5,65.3,59.3,58.4,58.4,57.4,56.5,55.5,54.5,53.6,53.6,52.6,52.6,52.6,53.6,53.6,54.5,55.5,Libertarian
2026-06-23,133,11.36,86.3,13.7,Likely D,6.47,5.33,11.95,4.68,6.68,54.48,43.36,0.0,False,False,,LIB,Eric Michael Foreman,0.0,2.16,0.0,46.5,40.5,1,5.13,0.15,2668287,2034386,0,9.63,-0.36,37.4,-22.0,46.8,91.0,64.1,66.0,59.3,59.3,60.8,58.0,53.2,50.3,50.3,51.2,51.2,53.8,49.0,50.9,51.9,57.6,63.4,61.5,65.3,59.4,58.4,58.4,57.4,56.5,55.5,54.5,53.6,53.6,52.6,52.6,52.6,53.6,53.6,54.5,55.5,Libertarian
2026-06-24,132,11.33,86.3,13.7,Likely D,6.46,5.3,11.92,4.68,6.65,54.46,43.38,0.0,False,False,,LIB,Eric Michael Foreman,0.0,2.16,0.0,46.5,40.5,1,5.13,0.15,2668287,2034386,0,9.6,-0.36,37.4,-22.0,46.8,91.0,64.1,66.0,59.3,59.3,60.8,57.9,53.1,50.2,50.2,51.2,51.2,53.8,49.0,50.9,51.9,57.6,63.4,61.5,65.3,59.3,58.4,58.4,57.4,56.5,55.5,54.5,53.6,53.6,52.6,52.6,52.6,53.6,53.6,54.5,55.5,Libertarian
2026-06-25,131,11.37,86.4,13.6,Likely D,6.47,5.34,11.96,4.68,6.69,54.48,43.36,0.0,False,False,,LIB,Eric Michael Foreman,0.0,2.16,0.0,46.5,40.5,1,5.13,0.15,2668287,2034386,0,9.64,-0.36,37.4,-22.0,46.8,91.0,64.1,66.0,59.3,59.3,60.8,58.0,53.2,50.3,50.3,51.2,51.2,53.8,49.0,50.9,51.9,57.6,63.4,61.5,65.3,59.4,58.4,58.4,57.4,56.5,55.5,54.5,53.6,53.6,52.6,52.6,52.6,53.6,53.6,54.5,55.5,Libertarian
2026-06-26,130,11.41,86.5,13.5,Likely D,6.48,5.37,12.0,4.68,6.73,54.5,43.34,0.0,False,False,,LIB,Eric Michael Foreman,0.0,2.16,0.0,46.5,40.5,1,5.18,0.15,2668287,2034386,0,9.67,-0.36,37.5,-21.8,46.8,91.0,64.1,66.0,59.3,59.3,60.9,58.0,53.2,50.3,50.3,51.2,51.2,53.8,49.0,50.9,51.9,57.7,63.4,61.5,65.4,59.4,58.4,58.4,57.5,56.5,55.5,54.6,53.6,53.6,52.6,52.6,52.6,53.6,53.6,54.6,55.5,Libertarian
2026-06-27,129,11.4,86.4,13.6,Likely D,6.47,5.36,11.99,4.68,6.72,54.5,43.34,0.0,False,False,,LIB,Eric Michael Foreman,0.0,2.16,0.0,46.5,40.5,1,5.18,0.15,2668287,2034386,0,9.66,-0.36,37.5,-21.8,46.8,91.0,64.1,66.0,59.3,59.3,60.9,58.0,53.2,50.3,50.3,51.2,51.2,53.8,49.0,50.9,51.9,57.7,63.4,61.5,65.4,59.4,58.4,58.4,57.5,56.5,55.5,54.6,53.6,53.6,52.6,52.6,52.6,53.6,53.6,54.6,55.5,Libertarian
2026-06-28,128,11.35,86.3,13.7,Likely D,6.46,5.31,11.93,4.68,6.66,54.47,43.37,0.0,False,False,,LIB,Eric Michael Foreman,0.0,2.16,0.0,46.5,40.5,1,5.16,0.15,2668287,2034386,0,9.61,-0.36,37.6,-21.6,46.8,91.0,64.1,66.0,59.3,59.3,60.8,57.9,53.1,50.3,50.3,51.2,51.2,53.8,49.0,50.9,51.9,57.6,63.4,61.5,65.3,59.3,58.4,58.4,57.4,56.5,55.5,54.5,53.6,53.6,52.6,52.6,52.6,53.6,53.6,54.5,55.5,Libertarian
2026-06-29,127,11.32,86.3,13.7,Likely D,6.46,5.3,11.91,4.68,6.64,54.46,43.38,0.0,False,False,,LIB,Eric Michael Foreman,0.0,2.16,0.0,46.5,40.5,1,5.08,0.15,2668287,2034386,0,9.6,-0.36,37.6,-21.7,46.8,91.0,64.1,66.0,59.3,59.3,60.8,57.9,53.1,50.2,50.2,51.2,51.2,53.8,49.0,50.9,51.9,57.6,63.4,61.5,65.3,59.3,58.4,58.4,57.4,56.5,55.5,54.5,53.6,53.6,52.6,52.6,52.6,53.6,53.6,54.5,55.5,Libertarian
2026-06-30,126,11.32,86.3,13.7,Likely D,6.46,5.29,11.9,4.68,6.63,54.46,43.38,0.0,False,False,,LIB,Eric Michael Foreman,0.0,2.16,0.0,46.5,40.5,1,5.11,0.15,2668287,2034386,0,9.59,-0.36,37.5,-21.7,46.8,91.0,64.1,66.0,59.3,59.3,60.8,57.9,53.1,50.2,50.2,51.2,51.2,53.8,49.0,50.9,51.9,57.6,63.4,61.5,65.3,59.3,58.4,58.4,57.4,56.5,55.5,54.5,53.6,53.6,52.6,52.6,52.6,53.6,53.6,54.5,55.5,Libertarian
2026-07-01,125,10.89,85.3,14.7,Likely D,6.37,4.87,11.39,4.68,6.2,54.25,43.59,0.0,False,False,,LIB,Eric Michael Foreman,0.0,2.16,0.0,46.5,40.5,1,5.13,0.15,2668287,2034386,0,9.17,-0.36,37.5,-21.7,46.5,90.8,63.9,65.8,59.0,59.0,60.6,57.7,52.9,50.0,50.0,51.0,51.0,53.6,48.8,50.7,51.6,57.4,63.2,61.3,65.1,59.1,58.2,58.2,57.2,56.2,55.3,54.3,53.4,53.4,52.4,52.4,52.4,53.4,53.4,54.3,55.3,Libertarian
2026-07-02,124,10.92,85.4,14.6,Likely D,6.38,4.9,11.43,4.68,6.24,54.26,43.58,0.0,False,False,,LIB,Eric Michael Foreman,0.0,2.16,0.0,46.5,40.5,1,5.17,0.15,2668287,2034386,0,9.2,-0.36,37.6,-21.5,46.6,90.8,63.9,65.8,59.1,59.1,60.6,57.7,52.9,50.0,50.0,51.0,51.0,53.6,48.8,50.7,51.7,57.4,63.2,61.3,65.1,59.1,58.2,58.2,57.2,56.3,55.3,54.3,53.4,53.4,52.4,52.4,52.4,53.4,53.4,54.3,55.3,Libertarian
2026-07-03,123,10.92,85.4,14.6,Likely D,6.38,4.9,11.43,4.68,6.24,54.26,43.58,0.0,False,False,,LIB,Eric Michael Foreman,0.0,2.16,0.0,46.5,40.5,1,5.17,0.15,2668287,2034386,0,9.2,-0.36,37.6,-21.5,46.6,90.8,63.9,65.8,59.1,59.1,60.6,57.7,52.9,50.0,50.0,51.0,51.0,53.6,48.8,50.7,51.7,57.4,63.2,61.3,65.1,59.1,58.2,58.2,57.2,56.3,55.3,54.3,53.4,53.4,52.4,52.4,52.4,53.4,53.4,54.3,55.3,Libertarian
2026-07-04,122,10.94,85.5,14.5,Likely D,6.38,4.91,11.44,4.68,6.25,54.27,43.57,0.0,False,False,,LIB,Eric Michael Foreman,0.0,2.16,0.0,46.5,40.5,1,5.17,0.15,2668287,2034386,0,9.21,-0.36,37.6,-21.5,46.6,90.8,63.9,65.8,59.1,59.1,60.6,57.7,52.9,50.1,50.1,51.0,51.0,53.6,48.8,50.7,51.7,57.4,63.2,61.3,65.1,59.1,58.2,58.2,57.2,56.3,55.3,54.3,53.4,53.4,52.4,52.4,52.4,53.4,53.4,54.3,55.3,Libertarian
2026-07-05,121,10.87,85.3,14.7,Likely D,6.36,4.86,11.38,4.68,6.18,54.24,43.6,0.0,False,False,,LIB,Eric Michael Foreman,0.0,2.16,0.0,46.5,40.5,1,5.09,0.15,2668287,2034386,0,9.16,-0.36,37.6,-21.5,46.5,90.8,63.8,65.8,59.0,59.0,60.6,57.7,52.9,50.0,50.0,51.0,51.0,53.6,48.8,50.7,51.6,57.4,63.2,61.3,65.1,59.1,58.2,58.2,57.2,56.2,55.3,54.3,53.3,53.3,52.4,52.4,52.4,53.3,53.3,54.3,55.3,Libertarian
2026-07-06,120,10.84,85.3,14.7,Likely D,6.36,4.84,11.35,4.68,6.16,54.22,43.62,0.0,False,False,,LIB,Eric Michael Foreman,0.0,2.16,0.0,46.5,40.5,1,5.04,0.15,2668287,2034386,0,9.14,-0.36,37.6,-21.4,46.5,90.8,63.8,65.7,59.0,59.0,60.6,57.7,52.9,50.0,50.0,51.0,51.0,53.5,48.7,50.7,51.6,57.4,63.2,61.2,65.1,59.1,58.1,58.1,57.2,56.2,55.3,54.3,53.3,53.3,52.4,52.4,52.4,53.3,53.3,54.3,55.3,Libertarian
2026-07-07,119,10.84,85.3,14.7,Likely D,6.36,4.84,11.35,4.68,6.16,54.22,43.62,0.0,False,False,,LIB,Eric Michael Foreman,0.0,2.16,0.0,46.5,40.5,1,5.05,0.15,2668287,2034386,0,9.14,-0.36,37.7,-21.3,46.5,90.8,63.8,65.7,59.0,59.0,60.6,57.7,52.9,50.0,50.0,51.0,51.0,53.5,48.7,50.7,51.6,57.4,63.2,61.2,65.1,59.1,58.1,58.1,57.2,56.2,55.3,54.3,53.3,53.3,52.4,52.4,52.4,53.3,53.3,54.3,55.3,Libertarian
2026-07-08,118,10.85,85.3,14.7,Likely D,6.36,4.85,11.37,4.68,6.17,54.23,43.61,0.0,False,False,,LIB,Eric Michael Foreman,0.0,2.16,0.0,46.5,40.5,1,5.05,0.15,2668287,2034386,0,9.15,-0.36,37.7,-21.3,46.5,90.8,63.8,65.8,59.0,59.0,60.6,57.7,52.9,50.0,50.0,51.0,51.0,53.6,48.7,50.7,51.6,57.4,63.2,61.2,65.1,59.1,58.1,58.1,57.2,56.2,55.3,54.3,53.3,53.3,52.4,52.4,52.4,53.3,53.3,54.3,55.3,Libertarian
2026-07-09,117,10.85,85.3,14.7,Likely D,6.36,4.85,11.37,4.68,6.17,54.23,43.61,0.0,False,False,,LIB,Eric Michael Foreman,0.0,2.16,0.0,46.5,40.5,1,5.05,0.15,2668287,2034386,0,9.15,-0.36,37.7,-21.3,46.5,90.8,63.8,65.8,59.0,59.0,60.6,57.7,52.9,50.0,50.0,51.0,51.0,53.6,48.7,50.7,51.6,57.4,63.2,61.2,65.1,59.1,58.1,58.1,57.2,56.2,55.3,54.3,53.3,53.3,52.4,52.4,52.4,53.3,53.3,54.3,55.3,Libertarian
2026-07-10,116,10.85,85.3,14.7,Likely D,6.36,4.85,11.37,4.68,6.17,54.23,43.61,0.0,False,False,,LIB,Eric Michael Foreman,0.0,2.16,0.0,46.5,40.5,1,5.04,0.15,2668287,2034386,0,9.15,-0.36,37.7,-21.2,46.5,90.8,63.8,65.8,59.0,59.0,60.6,57.7,52.9,50.0,50.0,51.0,51.0,53.6,48.7,50.7,51.6,57.4,63.2,61.2,65.1,59.1,58.1,58.1,57.2,56.2,55.3,54.3,53.3,53.3,52.4,52.4,52.4,53.3,53.3,54.3,55.3,Libertarian
2026-07-11,115,10.85,85.3,14.7,Likely D,6.36,4.85,11.37,4.68,6.17,54.23,43.61,0.0,False,False,,LIB,Eric Michael Foreman,0.0,2.16,0.0,46.5,40.5,1,5.04,0.15,2668287,2034386,0,9.15,-0.36,37.7,-21.2,46.5,90.8,63.8,65.8,59.0,59.0,60.6,57.7,52.9,50.0,50.0,51.0,51.0,53.6,48.7,50.7,51.6,57.4,63.2,61.2,65.1,59.1,58.1,58.1,57.2,56.2,55.3,54.3,53.3,53.3,52.4,52.4,52.4,53.3,53.3,54.3,55.3,Libertarian
2026-07-12,114,10.78,85.1,14.9,Likely D,6.35,4.8,11.3,4.68,6.09,54.19,43.65,0.0,False,False,,LIB,Eric Michael Foreman,0.0,2.16,0.0,46.5,40.5,1,4.93,0.15,2668287,2034386,0,9.1,-0.36,37.6,-21.6,46.5,90.7,63.8,65.7,59.0,59.0,60.6,57.7,52.9,50.0,50.0,50.9,50.9,53.5,48.7,50.6,51.6,57.4,63.1,61.2,65.1,59.1,58.1,58.1,57.1,56.2,55.2,54.3,53.3,53.3,52.3,52.3,52.3,53.3,53.3,54.3,55.2,Libertarian
2026-07-13,113,10.73,85.0,15.0,Likely D,6.34,4.76,11.25,4.68,6.04,54.17,43.67,0.0,False,False,,LIB,Eric Michael Foreman,0.0,2.16,0.0,46.5,40.5,1,4.86,0.15,2668287,2034386,0,9.06,-0.36,37.6,-21.5,46.5,90.7,63.8,65.7,59.0,59.0,60.5,57.6,52.8,50.0,50.0,50.9,50.9,53.5,48.7,50.6,51.6,57.3,63.1,61.2,65.0,59.0,58.1,58.1,57.1,56.2,55.2,54.2,53.3,53.3,52.3,52.3,52.3,53.3,53.3,54.2,55.2,Libertarian
2026-07-14,112,10.72,85.0,15.0,Likely D,6.33,4.76,11.25,4.68,6.04,54.17,43.67,0.0,False,False,,LIB,Eric Michael Foreman,0.0,2.16,0.0,46.5,40.5,1,4.86,0.15,2668287,2034386,0,9.06,-0.36,37.6,-21.5,46.5,90.7,63.8,65.7,59.0,59.0,60.5,57.6,52.8,50.0,50.0,50.9,50.9,53.5,48.7,50.6,51.6,57.3,63.1,61.2,65.0,59.0,58.1,58.1,57.1,56.2,55.2,54.2,53.3,53.3,52.3,52.3,52.3,53.3,53.3,54.2,55.2,Libertarian
2026-07-15,111,10.73,85.1,14.9,Likely D,6.34,4.77,11.26,4.68,6.05,54.17,43.67,0.0,False,False,,LIB,Eric Michael Foreman,0.0,2.16,0.0,46.5,40.5,1,4.86,0.15,2668287,2034386,0,9.07,-0.36,37.6,-21.5,46.5,90.7,63.8,65.7,59.0,59.0,60.5,57.6,52.8,50.0,50.0,50.9,50.9,53.5,48.7,50.6,51.6,57.3,63.1,61.2,65.0,59.0,58.1,58.1,57.1,56.2,55.2,54.2,53.3,53.3,52.3,52.3,52.3,53.3,53.3,54.2,55.2,Libertarian
2026-07-16,110,10.73,85.1,14.9,Likely D,6.34,4.77,11.26,4.68,6.05,54.17,43.67,0.0,False,False,,LIB,Eric Michael Foreman,0.0,2.16,0.0,46.5,40.5,1,4.86,0.15,2668287,2034386,0,9.07,-0.36,37.6,-21.5,46.5,90.7,63.8,65.7,59.0,59.0,60.5,57.6,52.8,50.0,50.0,50.9,50.9,53.5,48.7,50.6,51.6,57.3,63.1,61.2,65.0,59.0,58.1,58.1,57.1,56.2,55.2,54.2,53.3,53.3,52.3,52.3,52.3,53.3,53.3,54.2,55.2,Libertarian
2026-07-17,109,10.8,85.2,14.8,Likely D,6.35,4.82,11.33,4.68,6.12,54.2,43.64,0.0,False,False,,LIB,Eric Michael Foreman,0.0,2.16,0.0,46.5,40.5,1,4.94,0.15,2668287,2034386,0,9.12,-0.36,37.6,-21.6,46.5,90.7,63.8,65.7,59.0,59.0,60.6,57.7,52.9,50.0,50.0,50.9,50.9,53.5,48.7,50.6,51.6,57.4,63.1,61.2,65.1,59.1,58.1,58.1,57.2,56.2,55.2,54.3,53.3,53.3,52.3,52.3,52.3,53.3,53.3,54.3,55.2,Libertarian
2026-07-18,108,10.81,85.2,14.8,Likely D,6.35,4.83,11.34,4.68,6.13,54.21,43.63,0.0,False,False,,LIB,Eric Michael Foreman,0.0,2.16,0.0,46.5,40.5,1,4.94,0.15,2668287,2034386,0,9.13,-0.36,37.6,-21.6,46.5,90.7,63.8,65.7,59.0,59.0,60.6,57.7,52.9,50.0,50.0,51.0,51.0,53.5,48.7,50.6,51.6,57.4,63.1,61.2,65.1,59.1,58.1,58.1,57.2,56.2,55.2,54.3,53.3,53.3,52.4,52.4,52.4,53.3,53.3,54.3,55.2,Libertarian
2026-07-19,107,10.74,85.1,14.9,Likely D,6.34,4.78,11.27,4.68,6.06,54.18,43.66,0.0,False,False,,LIB,Eric Michael Foreman,0.0,2.16,0.0,46.5,40.5,1,4.85,0.15,2668287,2034386,0,9.08,-0.36,37.7,-21.4,46.5,90.7,63.8,65.7,59.0,59.0,60.5,57.7,52.9,50.0,50.0,50.9,50.9,53.5,48.7,50.6,51.6,57.3,63.1,61.2,65.0,59.1,58.1,58.1,57.1,56.2,55.2,54.2,53.3,53.3,52.3,52.3,52.3,53.3,53.3,54.2,55.2,Libertarian
2026-07-20,106,11.04,85.7,14.3,Likely D,6.4,5.0,11.55,4.68,6.35,54.32,43.52,0.0,False,False,,LIB,Eric Michael Foreman,0.0,2.16,0.0,46.5,40.5,1,5.22,0.15,2668287,2034386,0,9.3,-0.36,37.6,-21.6,46.6,90.9,63.9,65.8,59.1,59.1,60.7,57.8,53.0,50.1,50.1,51.1,51.1,53.6,48.8,50.8,51.7,57.5,63.3,61.3,65.2,59.2,58.2,58.2,57.3,56.3,55.4,54.4,53.4,53.4,52.5,52.5,52.5,53.4,53.4,54.4,55.4,Libertarian
2026-07-21,105,11.05,85.8,14.2,Likely D,6.4,5.01,11.57,4.68,6.36,54.32,43.52,0.0,False,False,,LIB,Eric Michael Foreman,0.0,2.16,0.0,46.5,40.5,1,5.22,0.15,2668287,2034386,0,9.31,-0.36,37.6,-21.6,46.6,90.9,63.9,65.8,59.1,59.1,60.7,57.8,53.0,50.1,50.1,51.1,51.1,53.6,48.8,50.8,51.7,57.5,63.3,61.3,65.2,59.2,58.2,58.2,57.3,56.3,55.4,54.4,53.4,53.4,52.5,52.5,52.5,53.4,53.4,54.4,55.4,Libertarian
2026-07-22,104,11.07,85.8,14.2,Likely D,6.41,5.03,11.59,4.68,6.39,54.34,43.5,0.0,False,False,,LIB,Eric Michael Foreman,0.0,2.16,0.0,46.5,40.5,1,5.25,0.15,2668287,2034386,0,9.33,-0.36,37.6,-21.6,46.6,90.9,63.9,65.9,59.1,59.1,60.7,57.8,53.0,50.1,50.1,51.1,51.1,53.7,48.9,50.8,51.7,57.5,63.3,61.4,65.2,59.2,58.3,58.3,57.3,56.3,55.4,54.4,53.4,53.4,52.5,52.5,52.5,53.4,53.4,54.4,55.4,Libertarian
2026-07-23,103,11.08,85.9,14.1,Likely D,6.41,5.04,11.6,4.68,6.4,54.34,43.5,0.0,False,False,,LIB,Eric Michael Foreman,0.0,2.16,0.0,46.5,40.5,1,5.25,0.15,2668287,2034386,0,9.34,-0.36,37.6,-21.6,46.6,90.9,63.9,65.9,59.1,59.1,60.7,57.8,53.0,50.1,50.1,51.1,51.1,53.7,48.9,50.8,51.7,57.5,63.3,61.4,65.2,59.2,58.3,58.3,57.3,56.3,55.4,54.4,53.4,53.4,52.5,52.5,52.5,53.4,53.4,54.4,55.4,Libertarian
2026-07-24,102,11.12,86.0,14.0,Likely D,6.42,5.07,11.64,4.68,6.44,54.36,43.48,0.0,False,False,,LIB,Eric Michael Foreman,0.0,2.16,0.0,46.5,40.5,1,5.3,0.15,2668287,2034386,0,9.37,-0.36,37.6,-21.7,46.7,90.9,64.0,65.9,59.2,59.2,60.7,57.8,53.0,50.1,50.1,51.1,51.1,53.7,48.9,50.8,51.8,57.5,63.3,61.4,65.2,59.2,58.3,58.3,57.3,56.4,55.4,54.4,53.5,53.5,52.5,52.5,52.5,53.5,53.5,54.4,55.4,Libertarian
2026-07-25,101,11.12,86.0,14.0,Likely D,6.42,5.07,11.64,4.68,6.44,54.36,43.48,0.0,False,False,,LIB,Eric Michael Foreman,0.0,2.16,0.0,46.5,40.5,1,5.3,0.15,2668287,2034386,0,9.37,-0.36,37.6,-21.7,46.7,90.9,64.0,65.9,59.2,59.2,60.7,57.8,53.0,50.1,50.1,51.1,51.1,53.7,48.9,50.8,51.8,57.5,63.3,61.4,65.2,59.2,58.3,58.3,57.3,56.4,55.4,54.4,53.5,53.5,52.5,52.5,52.5,53.5,53.5,54.4,55.4,Libertarian
2026-07-26,100,11.07,85.8,14.2,Likely D,6.41,5.03,11.59,4.68,6.38,54.33,43.51,0.0,False,False,,LIB,Eric Michael Foreman,0.0,2.16,0.0,46.5,40.5,1,5.22,0.15,2668287,2034386,0,9.33,-0.36,37.6,-21.8,46.6,90.9,63.9,65.9,59.1,59.1,60.7,57.8,53.0,50.1,50.1,51.1,51.1,53.7,48.8,50.8,51.7,57.5,63.3,61.3,65.2,59.2,58.2,58.2,57.3,56.3,55.4,54.4,53.4,53.4,52.5,52.5,52.5,53.4,53.4,54.4,55.4,Libertarian
2026-07-27,99,11.19,86.1,13.9,Likely D,6.43,5.13,11.72,4.68,6.51,54.39,43.45,0.0,False,False,,LIB,Eric Michael Foreman,0.0,2.16,0.0,46.5,40.5,1,5.33,0.15,2668287,2034386,0,9.43,-0.36,37.1,-22.7,46.7,90.9,64.0,65.9,59.2,59.2,60.8,57.9,53.1,50.2,50.2,51.1,51.1,53.7,48.9,50.8,51.8,57.6,63.3,61.4,65.3,59.3,58.3,58.3,57.3,56.4,55.4,54.5,53.5,53.5,52.5,52.5,52.5,53.5,53.5,54.5,55.4,Libertarian
2026-07-28,98,11.2,86.1,13.9,Likely D,6.43,5.14,11.73,4.68,6.52,54.4,43.44,0.0,False,False,,LIB,Eric Michael Foreman,0.0,2.16,0.0,46.5,40.5,1,5.33,0.15,2668287,2034386,0,9.44,-0.36,37.1,-22.7,46.7,90.9,64.0,65.9,59.2,59.2,60.8,57.9,53.1,50.2,50.2,51.1,51.1,53.7,48.9,50.8,51.8,57.6,63.3,61.4,65.3,59.3,58.3,58.3,57.4,56.4,55.4,54.5,53.5,53.5,52.5,52.5,52.5,53.5,53.5,54.5,55.4,Libertarian
2026-07-29,97,11.16,86.1,13.9,Likely D,6.43,5.11,11.69,4.68,6.48,54.38,43.46,0.0,False,False,,LIB,Eric Michael Foreman,0.0,2.16,0.0,46.5,40.5,1,5.29,0.15,2668287,2034386,0,9.41,-0.36,37.2,-22.6,46.7,90.9,64.0,65.9,59.2,59.2,60.7,57.9,53.1,50.2,50.2,51.1,51.1,53.7,48.9,50.8,51.8,57.5,63.3,61.4,65.2,59.3,58.3,58.3,57.3,56.4,55.4,54.4,53.5,53.5,52.5,52.5,52.5,53.5,53.5,54.4,55.4,Libertarian
2026-07-30,96,11.16,86.1,13.9,Likely D,6.43,5.11,11.69,4.68,6.48,54.38,43.46,0.0,False,False,,LIB,Eric Michael Foreman,0.0,2.16,0.0,46.5,40.5,1,5.29,0.15,2668287,2034386,0,9.41,-0.36,37.2,-22.6,46.7,90.9,64.0,65.9,59.2,59.2,60.7,57.9,53.1,50.2,50.2,51.1,51.1,53.7,48.9,50.8,51.8,57.5,63.3,61.4,65.2,59.3,58.3,58.3,57.3,56.4,55.4,54.4,53.5,53.5,52.5,52.5,52.5,53.5,53.5,54.4,55.4,Libertarian
2026-07-31,95,11.16,86.1,13.9,Likely D,6.43,5.11,11.69,4.68,6.48,54.38,43.46,0.0,False,False,,LIB,Eric Michael Foreman,0.0,2.16,0.0,46.5,40.5,1,5.29,0.15,2668287,2034386,0,9.41,-0.36,37.2,-22.6,46.7,90.9,64.0,65.9,59.2,59.2,60.7,57.9,53.1,50.2,50.2,51.1,51.1,53.7,48.9,50.8,51.8,57.5,63.3,61.4,65.2,59.3,58.3,58.3,57.3,56.4,55.4,54.4,53.5,53.5,52.5,52.5,52.5,53.5,53.5,54.4,55.4,Libertarian
2026-08-01,94,10.94,85.6,14.4,Likely D,6.38,4.89,11.42,4.68,6.25,54.27,43.57,0.0,False,False,,LIB,Eric Michael Foreman,0.0,2.16,0.0,46.5,40.5,1,5.29,0.15,2668287,2034386,0,9.19,-0.36,37.2,-22.5,46.6,90.8,63.9,65.8,59.1,59.1,60.6,57.7,52.9,50.1,50.1,51.0,51.0,53.6,48.8,50.7,51.7,57.4,63.2,61.3,65.1,59.1,58.2,58.2,57.2,56.3,55.3,54.3,53.4,53.4,52.4,52.4,52.4,53.4,53.4,54.3,55.3,Libertarian
2026-08-02,93,10.91,85.5,14.5,Likely D,6.37,4.87,11.4,4.68,6.22,54.26,43.58,0.0,False,False,,LIB,Eric Michael Foreman,0.0,2.16,0.0,46.5,40.5,1,5.24,0.15,2668287,2034386,0,9.17,-0.36,37.3,-22.4,46.6,90.8,63.9,65.8,59.1,59.1,60.6,57.7,52.9,50.0,50.0,51.0,51.0,53.6,48.8,50.7,51.7,57.4,63.2,61.3,65.1,59.1,58.2,58.2,57.2,56.3,55.3,54.3,53.4,53.4,52.4,52.4,52.4,53.4,53.4,54.3,55.3,Libertarian
2026-08-03,92,10.95,85.6,14.4,Likely D,6.38,4.91,11.45,4.68,6.27,54.28,43.56,0.0,False,False,,LIB,Eric Michael Foreman,0.0,2.16,0.0,46.5,40.5,1,5.27,0.15,2668287,2034386,0,9.21,-0.36,37.2,-22.6,46.6,90.8,63.9,65.8,59.1,59.1,60.6,57.8,53.0,50.1,50.1,51.0,51.0,53.6,48.8,50.7,51.7,57.4,63.2,61.3,65.1,59.2,58.2,58.2,57.2,56.3,55.3,54.3,53.4,53.4,52.4,52.4,52.4,53.4,53.4,54.3,55.3,Libertarian
2026-08-04,91,10.99,85.7,14.3,Likely D,6.39,4.95,11.5,4.68,6.31,54.3,43.54,0.0,False,False,,LIB,Eric Michael Foreman,0.0,2.16,0.0,46.5,40.5,1,5.27,0.15,2668287,2034386,0,9.25,-0.36,37.2,-22.5,46.6,90.8,63.9,65.8,59.1,59.1,60.7,57.8,53.0,50.1,50.1,51.0,51.0,53.6,48.8,50.7,51.7,57.5,63.2,61.3,65.2,59.2,58.2,58.2,57.3,56.3,55.3,54.4,53.4,53.4,52.4,52.4,52.4,53.4,53.4,54.4,55.3,Libertarian
2026-08-05,90,11.02,85.8,14.2,Likely D,6.4,4.97,11.52,4.68,6.34,54.31,43.53,0.0,False,False,,LIB,Eric Michael Foreman,0.0,2.16,0.0,46.5,40.5,1,5.31,0.15,2668287,2034386,0,9.27,-0.36,37.2,-22.5,46.6,90.8,63.9,65.8,59.1,59.1,60.7,57.8,53.0,50.1,50.1,51.1,51.1,53.6,48.8,50.7,51.7,57.5,63.2,61.3,65.2,59.2,58.2,58.2,57.3,56.3,55.3,54.4,53.4,53.4,52.5,52.5,52.5,53.4,53.4,54.4,55.3,Libertarian
2026-08-06,89,11.03,85.8,14.2,Likely D,6.4,4.98,11.53,4.68,6.35,54.32,43.52,0.0,False,False,,LIB,Eric Michael Foreman,0.0,2.16,0.0,46.5,40.5,1,5.31,0.15,2668287,2034386,0,9.28,-0.36,37.2,-22.5,46.6,90.9,63.9,65.8,59.1,59.1,60.7,57.8,53.0,50.1,50.1,51.1,51.1,53.6,48.8,50.8,51.7,57.5,63.3,61.3,65.2,59.2,58.2,58.2,57.3,56.3,55.4,54.4,53.4,53.4,52.5,52.5,52.5,53.4,53.4,54.4,55.4,Libertarian
2026-08-07,88,11.02,85.8,14.2,Likely D,6.4,4.97,11.52,4.68,6.34,54.31,43.53,0.0,False,False,,LIB,Eric Michael Foreman,0.0,2.16,0.0,46.5,40.5,1,5.32,0.15,2668287,2034386,0,9.27,-0.36,37.2,-22.5,46.6,90.8,63.9,65.8,59.1,59.1,60.7,57.8,53.0,50.1,50.1,51.1,51.1,53.6,48.8,50.7,51.7,57.5,63.2,61.3,65.2,59.2,58.2,58.2,57.3,56.3,55.3,54.4,53.4,53.4,52.5,52.5,52.5,53.4,53.4,54.4,55.3,Libertarian
2026-08-08,87,11.02,85.8,14.2,Likely D,6.4,4.97,11.52,4.68,6.34,54.31,43.53,0.0,False,False,,LIB,Eric Michael Foreman,0.0,2.16,0.0,46.5,40.5,1,5.32,0.15,2668287,2034386,0,9.27,-0.36,37.2,-22.5,46.6,90.8,63.9,65.8,59.1,59.1,60.7,57.8,53.0,50.1,50.1,51.1,51.1,53.6,48.8,50.7,51.7,57.5,63.2,61.3,65.2,59.2,58.2,58.2,57.3,56.3,55.3,54.4,53.4,53.4,52.5,52.5,52.5,53.4,53.4,54.4,55.3,Libertarian
2026-08-09,86,11.01,85.8,14.2,Likely D,6.39,4.96,11.51,4.68,6.32,54.3,43.54,0.0,False,False,,LIB,Eric Michael Foreman,0.0,2.16,0.0,46.5,40.5,1,5.27,0.15,2668287,2034386,0,9.26,-0.36,37.2,-22.5,46.6,90.8,63.9,65.8,59.1,59.1,60.7,57.8,53.0,50.1,50.1,51.0,51.0,53.6,48.8,50.7,51.7,57.5,63.2,61.3,65.2,59.2,58.2,58.2,57.3,56.3,55.3,54.4,53.4,53.4,52.4,52.4,52.4,53.4,53.4,54.4,55.3,Libertarian
2026-08-10,85,11.07,85.9,14.1,Likely D,6.41,5.02,11.58,4.68,6.39,54.34,43.5,0.0,False,False,,LIB,Eric Michael Foreman,0.0,2.16,0.0,46.5,40.5,1,5.32,0.15,2668287,2034386,0,9.32,-0.36,37.2,-22.5,46.6,90.9,63.9,65.9,59.1,59.1,60.7,57.8,53.0,50.1,50.1,51.1,51.1,53.7,48.9,50.8,51.7,57.5,63.3,61.4,65.2,59.2,58.3,58.3,57.3,56.3,55.4,54.4,53.4,53.4,52.5,52.5,52.5,53.4,53.4,54.4,55.4,Libertarian
2026-08-11,84,11.13,86.1,13.9,Likely D,6.42,5.06,11.63,4.68,6.44,54.36,43.48,0.0,False,False,,LIB,Eric Michael Foreman,0.0,2.16,0.0,46.5,40.5,1,5.37,0.15,2668287,2034386,0,9.36,-0.36,37.1,-22.6,46.7,90.9,64.0,65.9,59.2,59.2,60.7,57.8,53.0,50.1,50.1,51.1,51.1,53.7,48.9,50.8,51.8,57.5,63.3,61.4,65.2,59.2,58.3,58.3,57.3,56.4,55.4,54.4,53.5,53.5,52.5,52.5,52.5,53.5,53.5,54.4,55.4,Libertarian
2026-08-12,83,11.14,86.1,13.9,Likely D,6.42,5.07,11.65,4.68,6.45,54.37,43.47,0.0,False,False,,LIB,Eric Michael Foreman,0.0,2.16,0.0,46.5,40.5,1,5.37,0.15,2668287,2034386,0,9.37,-0.36,37.1,-22.6,46.7,90.9,64.0,65.9,59.2,59.2,60.7,57.8,53.0,50.2,50.2,51.1,51.1,53.7,48.9,50.8,51.8,57.5,63.3,61.4,65.2,59.2,58.3,58.3,57.3,56.4,55.4,54.4,53.5,53.5,52.5,52.5,52.5,53.5,53.5,54.4,55.4,Libertarian
2026-08-13,82,11.09,86.0,14.0,Likely D,6.41,5.03,11.6,4.68,6.41,54.35,43.49,0.0,False,False,,LIB,Eric Michael Foreman,0.0,2.16,0.0,46.5,40.5,1,5.35,0.15,2668287,2034386,0,9.33,-0.36,37.2,-22.6,46.6,90.9,64.0,65.9,59.1,59.1,60.7,57.8,53.0,50.1,50.1,51.1,51.1,53.7,48.9,50.8,51.7,57.5,63.3,61.4,65.2,59.2,58.3,58.3,57.3,56.3,55.4,54.4,53.5,53.5,52.5,52.5,52.5,53.5,53.5,54.4,55.4,Libertarian
2026-08-14,81,11.1,86.0,14.0,Likely D,6.41,5.04,11.61,4.68,6.42,54.35,43.49,0.0,False,False,,LIB,Eric Michael Foreman,0.0,2.16,0.0,46.5,40.5,1,5.35,0.15,2668287,2034386,0,9.34,-0.36,37.2,-22.6,46.6,90.9,64.0,65.9,59.1,59.1,60.7,57.8,53.0,50.1,50.1,51.1,51.1,53.7,48.9,50.8,51.7,57.5,63.3,61.4,65.2,59.2,58.3,58.3,57.3,56.3,55.4,54.4,53.5,53.5,52.5,52.5,52.5,53.5,53.5,54.4,55.4,Libertarian
2026-08-15,80,11.12,86.1,13.9,Likely D,6.42,5.06,11.63,4.68,6.44,54.36,43.48,0.0,False,False,,LIB,Eric Michael Foreman,0.0,2.16,0.0,46.5,40.5,1,5.35,0.15,2668287,2034386,0,9.36,-0.36,37.2,-22.6,46.7,90.9,64.0,65.9,59.2,59.2,60.7,57.8,53.0,50.1,50.1,51.1,51.1,53.7,48.9,50.8,51.8,57.5,63.3,61.4,65.2,59.2,58.3,58.3,57.3,56.4,55.4,54.4,53.5,53.5,52.5,52.5,52.5,53.5,53.5,54.4,55.4,Libertarian
2026-08-16,79,11.08,86.0,14.0,Likely D,6.41,5.03,11.59,4.68,6.39,54.34,43.5,0.0,False,False,,LIB,Eric Michael Foreman,0.0,2.16,0.0,46.5,40.5,1,5.27,0.15,2668287,2034386,0,9.33,-0.36,37.3,-22.3,46.6,90.9,63.9,65.9,59.1,59.1,60.7,57.8,53.0,50.1,50.1,51.1,51.1,53.7,48.9,50.8,51.7,57.5,63.3,61.4,65.2,59.2,58.3,58.3,57.3,56.3,55.4,54.4,53.4,53.4,52.5,52.5,52.5,53.4,53.4,54.4,55.4,Libertarian
2026-08-17,78,11.18,86.2,13.8,Likely D,6.43,5.11,11.69,4.68,6.5,54.39,43.45,0.0,False,False,,LIB,Eric Michael Foreman,0.0,2.16,0.0,46.5,40.5,1,5.38,0.15,2668287,2034386,0,9.41,-0.36,37.2,-22.3,46.7,90.9,64.0,65.9,59.2,59.2,60.8,57.9,53.1,50.2,50.2,51.1,51.1,53.7,48.9,50.8,51.8,57.6,63.3,61.4,65.3,59.3,58.3,58.3,57.3,56.4,55.4,54.5,53.5,53.5,52.5,52.5,52.5,53.5,53.5,54.5,55.4,Libertarian
2026-08-18,77,11.19,86.3,13.7,Likely D,6.43,5.12,11.71,4.68,6.51,54.39,43.45,0.0,False,False,,LIB,Eric Michael Foreman,0.0,2.16,0.0,46.5,40.5,1,5.38,0.15,2668287,2034386,0,9.42,-0.36,37.2,-22.3,46.7,90.9,64.0,65.9,59.2,59.2,60.8,57.9,53.1,50.2,50.2,51.1,51.1,53.7,48.9,50.8,51.8,57.6,63.3,61.4,65.3,59.3,58.3,58.3,57.3,56.4,55.4,54.5,53.5,53.5,52.5,52.5,52.5,53.5,53.5,54.5,55.4,Libertarian
2026-08-19,76,11.19,86.3,13.7,Likely D,6.43,5.12,11.71,4.68,6.51,54.4,43.44,0.0,False,False,,LIB,Eric Michael Foreman,0.0,2.16,0.0,46.5,40.5,1,5.4,0.15,2668287,2034386,0,9.42,-0.36,37.1,-22.5,46.7,90.9,64.0,65.9,59.2,59.2,60.8,57.9,53.1,50.2,50.2,51.1,51.1,53.7,48.9,50.8,51.8,57.6,63.3,61.4,65.3,59.3,58.3,58.3,57.4,56.4,55.4,54.5,53.5,53.5,52.5,52.5,52.5,53.5,53.5,54.5,55.4,Libertarian
2026-08-20,75,11.19,86.3,13.7,Likely D,6.43,5.12,11.71,4.68,6.51,54.4,43.44,0.0,False,False,,LIB,Eric Michael Foreman,0.0,2.16,0.0,46.5,40.5,1,5.4,0.15,2668287,2034386,0,9.42,-0.36,37.1,-22.5,46.7,90.9,64.0,65.9,59.2,59.2,60.8,57.9,53.1,50.2,50.2,51.1,51.1,53.7,48.9,50.8,51.8,57.6,63.3,61.4,65.3,59.3,58.3,58.3,57.4,56.4,55.4,54.5,53.5,53.5,52.5,52.5,52.5,53.5,53.5,54.5,55.4,Libertarian
2026-08-21,74,11.21,86.4,13.6,Likely D,6.44,5.14,11.73,4.68,6.53,54.41,43.43,0.0,False,False,,LIB,Eric Michael Foreman,0.0,2.16,0.0,46.5,40.5,1,5.4,0.15,2668287,2034386,0,9.44,-0.36,37.1,-22.5,46.7,90.9,64.0,65.9,59.2,59.2,60.8,57.9,53.1,50.2,50.2,51.2,51.2,53.7,48.9,50.8,51.8,57.6,63.3,61.4,65.3,59.3,58.3,58.3,57.4,56.4,55.4,54.5,53.5,53.5,52.6,52.6,52.6,53.5,53.5,54.5,55.4,Libertarian
2026-08-22,73,11.25,86.4,13.6,Likely D,6.44,5.17,11.77,4.68,6.56,54.42,43.42,0.0,False,False,,LIB,Eric Michael Foreman,0.0,2.16,0.0,46.5,40.5,1,5.4,0.15,2668287,2034386,0,9.47,-0.36,37.1,-22.5,46.7,91.0,64.0,65.9,59.2,59.2,60.8,57.9,53.1,50.2,50.2,51.2,51.2,53.7,48.9,50.9,51.8,57.6,63.4,61.4,65.3,59.3,58.3,58.3,57.4,56.4,55.5,54.5,53.5,53.5,52.6,52.6,52.6,53.5,53.5,54.5,55.5,Libertarian
2026-08-23,72,11.25,86.4,13.6,Likely D,6.44,5.17,11.77,4.68,6.56,54.42,43.42,0.0,False,False,,LIB,Eric Michael Foreman,0.0,2.16,0.0,46.5,40.5,1,5.4,0.15,2668287,2034386,0,9.47,-0.36,37.1,-22.5,46.7,91.0,64.0,65.9,59.2,59.2,60.8,57.9,53.1,50.2,50.2,51.2,51.2,53.7,48.9,50.9,51.8,57.6,63.4,61.4,65.3,59.3,58.3,58.3,57.4,56.4,55.5,54.5,53.5,53.5,52.6,52.6,52.6,53.5,53.5,54.5,55.5,Libertarian
2026-08-24,71,11.27,86.5,13.5,Likely D,6.45,5.19,11.79,4.68,6.59,54.43,43.41,0.0,False,False,,LIB,Eric Michael Foreman,0.0,2.16,0.0,46.5,40.5,1,5.42,0.15,2668287,2034386,0,9.49,-0.36,37.1,-22.6,46.7,91.0,64.0,66.0,59.2,59.2,60.8,57.9,53.1,50.2,50.2,51.2,51.2,53.8,48.9,50.9,51.8,57.6,63.4,61.4,65.3,59.3,58.3,58.3,57.4,56.4,55.5,54.5,53.5,53.5,52.6,52.6,52.6,53.5,53.5,54.5,55.5,Libertarian
2026-08-25,70,11.26,86.5,13.5,Likely D,6.45,5.18,11.78,4.68,6.58,54.43,43.41,0.0,False,False,,LIB,Eric Michael Foreman,0.0,2.16,0.0,46.5,40.5,1,5.42,0.15,2668287,2034386,0,9.48,-0.36,37.1,-22.6,46.7,91.0,64.0,66.0,59.2,59.2,60.8,57.9,53.1,50.2,50.2,51.2,51.2,53.8,48.9,50.9,51.8,57.6,63.4,61.4,65.3,59.3,58.3,58.3,57.4,56.4,55.5,54.5,53.5,53.5,52.6,52.6,52.6,53.5,53.5,54.5,55.5,Libertarian
2026-08-26,69,11.33,86.7,13.3,Likely D,6.46,5.24,11.86,4.68,6.65,54.46,43.38,0.0,False,False,,LIB,Eric Michael Foreman,0.0,2.16,0.0,46.5,40.5,1,5.48,0.15,2668287,2034386,0,9.54,-0.36,36.9,-22.9,46.8,91.0,64.1,66.0,59.3,59.3,60.8,57.9,53.1,50.2,50.2,51.2,51.2,53.8,49.0,50.9,51.9,57.6,63.4,61.5,65.3,59.3,58.4,58.4,57.4,56.5,55.5,54.5,53.6,53.6,52.6,52.6,52.6,53.6,53.6,54.5,55.5,Libertarian
2026-08-27,68,11.34,86.7,13.3,Likely D,6.46,5.25,11.87,4.68,6.66,54.47,43.37,0.0,False,False,,LIB,Eric Michael Foreman,0.0,2.16,0.0,46.5,40.5,1,5.48,0.15,2668287,2034386,0,9.55,-0.36,36.9,-22.9,46.8,91.0,64.1,66.0,59.3,59.3,60.8,57.9,53.1,50.3,50.3,51.2,51.2,53.8,49.0,50.9,51.9,57.6,63.4,61.5,65.3,59.3,58.4,58.4,57.4,56.5,55.5,54.5,53.6,53.6,52.6,52.6,52.6,53.6,53.6,54.5,55.5,Libertarian
2026-08-28,67,11.38,86.8,13.2,Likely D,6.47,5.29,11.92,4.68,6.7,54.49,43.35,0.0,False,False,,LIB,Eric Michael Foreman,0.0,2.16,0.0,46.5,40.5,1,5.49,0.15,2668287,2034386,0,9.59,-0.36,36.9,-22.8,46.8,91.0,64.1,66.0,59.3,59.3,60.9,58.0,53.2,50.3,50.3,51.2,51.2,53.8,49.0,50.9,51.9,57.7,63.4,61.5,65.4,59.4,58.4,58.4,57.4,56.5,55.5,54.6,53.6,53.6,52.6,52.6,52.6,53.6,53.6,54.6,55.5,Libertarian
2026-08-29,66,11.37,86.8,13.2,Likely D,6.47,5.28,11.9,4.68,6.69,54.48,43.36,0.0,False,False,,LIB,Eric Michael Foreman,0.0,2.16,0.0,46.5,40.5,1,5.49,0.15,2668287,2034386,0,9.58,-0.36,36.9,-22.8,46.8,91.0,64.1,66.0,59.3,59.3,60.8,58.0,53.2,50.3,50.3,51.2,51.2,53.8,49.0,50.9,51.9,57.6,63.4,61.5,65.3,59.4,58.4,58.4,57.4,56.5,55.5,54.5,53.6,53.6,52.6,52.6,52.6,53.6,53.6,54.5,55.5,Libertarian
2026-08-30,65,11.28,86.6,13.4,Likely D,6.45,5.21,11.81,4.68,6.6,54.44,43.4,0.0,False,False,,LIB,Eric Michael Foreman,0.0,2.16,0.0,46.5,40.5,1,5.38,0.15,2668287,2034386,0,9.51,-0.36,37.1,-22.5,46.7,91.0,64.0,66.0,59.2,59.2,60.8,57.9,53.1,50.2,50.2,51.2,51.2,53.8,49.0,50.9,51.8,57.6,63.4,61.5,65.3,59.3,58.4,58.4,57.4,56.4,55.5,54.5,53.5,53.5,52.6,52.6,52.6,53.5,53.5,54.5,55.5,Libertarian
2026-08-31,64,11.28,86.7,13.3,Likely D,6.45,5.21,11.82,4.68,6.6,54.44,43.4,0.0,False,False,,LIB,Eric Michael Foreman,0.0,2.16,0.0,46.5,40.5,1,5.39,0.15,2668287,2034386,0,9.51,-0.36,36.9,-22.8,46.7,91.0,64.0,66.0,59.2,59.2,60.8,57.9,53.1,50.2,50.2,51.2,51.2,53.8,49.0,50.9,51.8,57.6,63.4,61.5,65.3,59.3,58.4,58.4,57.4,56.4,55.5,54.5,53.5,53.5,52.6,52.6,52.6,53.5,53.5,54.5,55.5,Libertarian
2026-09-01,63,11.33,86.8,13.2,Likely D,6.46,5.25,11.87,4.68,6.65,54.46,43.38,0.0,False,False,,LIB,Eric Michael Foreman,0.0,2.16,0.0,46.5,40.5,1,5.43,0.15,2668287,2034386,0,9.55,-0.36,37.0,-22.8,46.8,91.0,64.1,66.0,59.3,59.3,60.8,57.9,53.1,50.2,50.2,51.2,51.2,53.8,49.0,50.9,51.9,57.6,63.4,61.5,65.3,59.3,58.4,58.4,57.4,56.5,55.5,54.5,53.6,53.6,52.6,52.6,52.6,53.6,53.6,54.5,55.5,Libertarian
2026-09-02,62,11.6,87.4,12.6,Likely D,6.73,5.29,12.17,4.68,6.92,54.59,43.25,0.0,False,False,,LIB,Eric Michael Foreman,0.0,2.16,0.0,46.5,40.5,1,5.47,0.15,2668287,2034386,0,9.59,-0.36,36.9,-22.9,46.9,91.1,64.2,66.1,59.4,59.4,61.0,58.1,53.3,50.4,50.4,51.3,51.3,53.9,49.1,51.0,52.0,57.8,63.5,61.6,65.5,59.5,58.5,58.5,57.5,56.6,55.6,54.7,53.7,53.7,52.7,52.7,52.7,53.7,53.7,54.7,55.6,Libertarian
2026-09-03,61,11.66,87.5,12.5,Likely D,6.73,5.35,12.24,4.68,6.97,54.62,43.22,0.0,False,False,,LIB,Eric Michael Foreman,0.0,2.16,0.0,46.5,40.5,1,5.47,0.15,2668287,2034386,0,9.65,-0.36,36.9,-22.9,46.9,91.2,64.2,66.2,59.4,59.4,61.0,58.1,53.3,50.4,50.4,51.4,51.4,53.9,49.1,51.1,52.0,57.8,63.6,61.6,65.5,59.5,58.5,58.5,57.6,56.6,55.7,54.7,53.7,53.7,52.8,52.8,52.8,53.7,53.7,54.7,55.7,Libertarian
2026-09-04,60,11.65,87.6,12.4,Likely D,6.73,5.35,12.24,4.68,6.97,54.62,43.22,0.0,False,False,,LIB,Eric Michael Foreman,0.0,2.16,0.0,46.5,40.5,1,5.47,0.15,2668287,2034386,0,9.65,-0.36,36.9,-22.9,46.9,91.2,64.2,66.2,59.4,59.4,61.0,58.1,53.3,50.4,50.4,51.4,51.4,53.9,49.1,51.1,52.0,57.8,63.6,61.6,65.5,59.5,58.5,58.5,57.6,56.6,55.7,54.7,53.7,53.7,52.8,52.8,52.8,53.7,53.7,54.7,55.7,Libertarian
2026-09-05,59,11.66,87.6,12.4,Likely D,6.73,5.36,12.24,4.68,6.98,54.62,43.22,0.0,False,False,,LIB,Eric Michael Foreman,0.0,2.16,0.0,46.5,40.5,1,5.47,0.15,2668287,2034386,0,9.66,-0.36,36.9,-22.9,46.9,91.2,64.2,66.2,59.4,59.4,61.0,58.1,53.3,50.4,50.4,51.4,51.4,53.9,49.1,51.1,52.0,57.8,63.6,61.6,65.5,59.5,58.5,58.5,57.6,56.6,55.7,54.7,53.7,53.7,52.8,52.8,52.8,53.7,53.7,54.7,55.7,Libertarian
2026-09-06,58,11.82,88.0,12.0,Likely D,6.76,5.49,12.41,4.68,7.14,54.7,43.14,0.0,False,False,,LIB,Eric Michael Foreman,0.0,2.16,0.0,46.5,40.5,1,5.64,0.15,2668287,2034386,0,9.79,-0.36,36.8,-23.0,47.0,91.2,64.3,66.2,59.5,59.5,61.1,58.2,53.4,50.5,50.5,51.4,51.4,54.0,49.2,51.1,52.1,57.9,63.6,61.7,65.6,59.6,58.6,58.6,57.7,56.7,55.7,54.8,53.8,53.8,52.8,52.8,52.8,53.8,53.8,54.8,55.7,Libertarian
2026-09-07,57,11.79,87.9,12.1,Likely D,6.75,5.46,12.37,4.68,7.11,54.69,43.15,0.0,False,False,,LIB,Eric Michael Foreman,0.0,2.16,0.0,46.5,40.5,1,5.64,0.15,2668287,2034386,0,9.76,-0.36,36.8,-23.0,47.0,91.2,64.3,66.2,59.5,59.5,61.1,58.2,53.4,50.5,50.5,51.4,51.4,54.0,49.2,51.1,52.1,57.9,63.6,61.7,65.6,59.6,58.6,58.6,57.6,56.7,55.7,54.8,53.8,53.8,52.8,52.8,52.8,53.8,53.8,54.8,55.7,Libertarian
2026-09-08,56,11.88,88.2,11.8,Likely D,6.77,5.53,12.45,4.68,7.19,54.73,43.11,0.0,False,False,,LIB,Eric Michael Foreman,0.0,2.16,0.0,46.5,40.5,1,5.73,0.15,2668287,2034386,0,9.83,-0.36,36.8,-23.1,47.0,91.3,64.3,66.3,59.5,59.5,61.1,58.2,53.4,50.5,50.5,51.5,51.5,54.1,49.2,51.2,52.1,57.9,63.7,61.7,65.6,59.6,58.6,58.6,57.7,56.7,55.8,54.8,53.8,53.8,52.9,52.9,52.9,53.8,53.8,54.8,55.8,Libertarian
2026-09-09,55,12.17,88.7,11.3,Likely D,6.83,5.77,12.75,4.68,7.48,54.87,42.97,0.0,False,False,,LIB,Eric Michael Foreman,0.0,2.16,0.0,46.5,40.5,1,5.98,0.15,2668287,2034386,0,10.07,-0.36,36.7,-23.3,47.2,91.4,64.5,66.4,59.7,59.7,61.2,58.4,53.5,50.7,50.7,51.6,51.6,54.2,49.4,51.3,52.3,58.0,63.8,61.9,65.7,59.8,58.8,58.8,57.8,56.9,55.9,54.9,54.0,54.0,53.0,53.0,53.0,54.0,54.0,54.9,55.9,Libertarian
2026-09-10,54,12.15,88.8,11.2,Likely D,6.82,5.76,12.74,4.68,7.47,54.87,42.97,0.0,False,False,,LIB,Eric Michael Foreman,0.0,2.16,0.0,46.5,40.5,1,5.97,0.15,2668287,2034386,0,10.06,-0.36,36.7,-23.3,47.2,91.4,64.5,66.4,59.7,59.7,61.2,58.4,53.5,50.7,50.7,51.6,51.6,54.2,49.4,51.3,52.3,58.0,63.8,61.9,65.7,59.8,58.8,58.8,57.8,56.9,55.9,54.9,54.0,54.0,53.0,53.0,53.0,54.0,54.0,54.9,55.9,Libertarian
2026-09-11,53,12.22,89.0,11.0,Likely D,6.83,5.82,12.81,4.68,7.54,54.9,42.94,0.0,False,False,,LIB,Eric Michael Foreman,0.0,2.16,0.0,46.5,40.5,1,6.03,0.15,2668287,2034386,0,10.12,-0.36,36.8,-23.3,47.2,91.4,64.5,66.4,59.7,59.7,61.3,58.4,53.6,50.7,50.7,51.6,51.6,54.2,49.4,51.3,52.3,58.1,63.8,61.9,65.8,59.8,58.8,58.8,57.9,56.9,55.9,55.0,54.0,54.0,53.0,53.0,53.0,54.0,54.0,55.0,55.9,Libertarian
2026-09-12,52,12.23,89.0,11.0,Likely D,6.83,5.83,12.82,4.68,7.55,54.9,42.94,0.0,False,False,,LIB,Eric Michael Foreman,0.0,2.16,0.0,46.5,40.5,1,6.03,0.15,2668287,2034386,0,10.13,-0.36,36.8,-23.3,47.2,91.4,64.5,66.4,59.7,59.7,61.3,58.4,53.6,50.7,50.7,51.6,51.6,54.2,49.4,51.3,52.3,58.1,63.8,61.9,65.8,59.8,58.8,58.8,57.9,56.9,55.9,55.0,54.0,54.0,53.0,53.0,53.0,54.0,54.0,55.0,55.9,Libertarian
2026-09-13,51,9.65,83.5,16.5,Likely D,6.17,5.84,12.17,4.68,4.97,53.64,44.2,0.0,False,False,,LIB,Eric Michael Foreman,0.0,2.16,0.0,46.0,42.0,1,4.0,0.361,2668287,2034386,0,10.14,-0.36,36.8,-23.2,45.9,90.2,63.2,65.2,58.4,58.4,60.0,57.1,52.3,49.4,49.4,50.4,50.4,53.0,48.2,50.1,51.0,56.8,62.6,60.7,64.5,58.5,57.6,57.6,56.6,55.6,54.7,53.7,52.7,52.7,51.8,51.8,51.8,52.7,52.7,53.7,54.7,Libertarian
2026-09-14,50,10.0,84.4,15.6,Likely D,6.52,5.93,12.6,4.68,5.31,53.81,44.03,0.0,False,False,,LIB,Eric Michael Foreman,0.0,2.16,0.0,46.0,42.0,1,4.11,0.358,2668287,2034386,0,10.23,-0.36,36.9,-23.3,46.1,90.3,63.4,65.3,58.6,58.6,60.2,57.3,52.5,49.6,49.6,50.6,50.6,53.1,48.3,50.2,51.2,57.0,62.7,60.8,64.7,58.7,57.7,57.7,56.8,55.8,54.8,53.9,52.9,52.9,52.0,52.0,52.0,52.9,52.9,53.9,54.8,Libertarian
2026-09-15,49,10.22,85.0,15.0,Likely D,6.56,6.1,12.81,4.68,5.53,53.92,43.92,0.0,False,False,,LIB,Eric Michael Foreman,0.0,2.16,0.0,46.0,42.0,1,4.27,0.355,2668287,2034386,0,10.4,-0.36,36.8,-23.2,46.2,90.4,63.5,65.4,58.7,58.7,60.3,57.4,52.6,49.7,49.7,50.7,50.7,53.2,48.4,50.4,51.3,57.1,62.9,60.9,64.8,58.8,57.8,57.8,56.9,55.9,55.0,54.0,53.0,53.0,52.1,52.1,52.1,53.0,53.0,54.0,55.0,Libertarian
2026-09-16,48,10.23,85.1,14.9,Likely D,6.53,6.11,12.79,4.68,5.55,53.93,43.91,0.0,False,False,,LIB,Eric Michael Foreman,0.0,2.16,0.0,46.0,42.0,1,4.28,0.351,2668287,2034386,0,10.41,-0.36,36.8,-23.2,46.2,90.5,63.5,65.5,58.7,58.7,60.3,57.4,52.6,49.7,49.7,50.7,50.7,53.3,48.4,50.4,51.3,57.1,62.9,60.9,64.8,58.8,57.8,57.8,56.9,55.9,55.0,54.0,53.0,53.0,52.1,52.1,52.1,53.0,53.0,54.0,55.0,Libertarian
2026-09-17,47,10.3,85.4,14.6,Likely D,6.53,6.15,12.84,4.68,5.62,53.96,43.88,0.0,False,False,,LIB,Eric Michael Foreman,0.0,2.16,0.0,46.0,42.0,1,4.31,0.348,2668287,2034386,0,10.45,-0.36,36.7,-23.6,46.3,90.5,63.6,65.5,58.8,58.8,60.3,57.4,52.6,49.7,49.7,50.7,50.7,53.3,48.5,50.4,51.4,57.1,62.9,61.0,64.8,58.8,57.9,57.9,56.9,56.0,55.0,54.0,53.1,53.1,52.1,52.1,52.1,53.1,53.1,54.0,55.0,Libertarian
2026-09-18,46,10.34,85.6,14.4,Likely D,6.53,6.17,12.86,4.68,5.66,53.98,43.86,0.0,False,False,,LIB,Eric Michael Foreman,0.0,2.16,0.0,46.0,42.0,1,4.32,0.345,2668287,2034386,0,10.47,-0.36,36.7,-23.6,46.3,90.5,63.6,65.5,58.8,58.8,60.3,57.5,52.7,49.8,49.8,50.7,50.7,53.3,48.5,50.4,51.4,57.1,62.9,61.0,64.8,58.9,57.9,57.9,56.9,56.0,55.0,54.0,53.1,53.1,52.1,52.1,52.1,53.1,53.1,54.0,55.0,Libertarian
2026-09-19,45,10.35,85.7,14.3,Likely D,6.53,6.15,12.83,4.68,5.67,53.99,43.85,0.0,False,False,,LIB,Eric Michael Foreman,0.0,2.16,0.0,46.0,42.0,1,4.32,0.342,2668287,2034386,0,10.45,-0.36,36.7,-23.6,46.3,90.5,63.6,65.5,58.8,58.8,60.4,57.5,52.7,49.8,49.8,50.7,50.7,53.3,48.5,50.4,51.4,57.2,62.9,61.0,64.8,58.9,57.9,57.9,56.9,56.0,55.0,54.1,53.1,53.1,52.1,52.1,52.1,53.1,53.1,54.1,55.0,Libertarian
2026-09-20,44,10.45,86.1,13.9,Likely D,6.54,6.21,12.91,4.68,5.76,54.03,43.81,0.0,False,False,,LIB,Eric Michael Foreman,0.0,2.16,0.0,46.0,42.0,1,4.38,0.339,2668287,2034386,0,10.51,-0.36,36.6,-23.9,46.3,90.6,63.6,65.6,58.8,58.8,60.4,57.5,52.7,49.8,49.8,50.8,50.8,53.4,48.5,50.5,51.4,57.2,63.0,61.0,64.9,58.9,57.9,57.9,57.0,56.0,55.1,54.1,53.1,53.1,52.2,52.2,52.2,53.1,53.1,54.1,55.1,Libertarian
2026-09-21,43,10.67,86.7,13.3,Likely D,6.58,6.38,13.12,4.68,5.98,54.14,43.7,0.0,False,False,,LIB,Eric Michael Foreman,0.0,2.16,0.0,46.0,42.0,1,4.54,0.336,2668287,2034386,0,10.68,-0.36,36.4,-24.3,46.4,90.7,63.7,65.7,58.9,58.9,60.5,57.6,52.8,49.9,49.9,50.9,50.9,53.5,48.7,50.6,51.5,57.3,63.1,61.2,65.0,59.0,58.1,58.1,57.1,56.1,55.2,54.2,53.2,53.2,52.3,52.3,52.3,53.2,53.2,54.2,55.2,Libertarian
2026-09-22,42,10.81,87.2,12.8,Likely D,6.6,6.48,13.24,4.68,6.13,54.21,43.63,0.0,False,False,,LIB,Eric Michael Foreman,0.0,2.16,0.0,46.0,42.0,1,4.66,0.333,2668287,2034386,0,10.78,-0.36,36.4,-24.2,46.5,90.7,63.8,65.7,59.0,59.0,60.6,57.7,52.9,50.0,50.0,51.0,51.0,53.5,48.7,50.6,51.6,57.4,63.1,61.2,65.1,59.1,58.1,58.1,57.2,56.2,55.2,54.3,53.3,53.3,52.4,52.4,52.4,53.3,53.3,54.3,55.2,Libertarian
2026-09-23,41,10.84,87.4,12.6,Likely D,6.6,6.49,13.25,4.68,6.16,54.22,43.62,0.0,False,False,,LIB,Eric Michael Foreman,0.0,2.16,0.0,46.0,42.0,1,4.66,0.33,2668287,2034386,0,10.79,-0.36,36.4,-24.2,46.5,90.8,63.8,65.7,59.0,59.0,60.6,57.7,52.9,50.0,50.0,51.0,51.0,53.5,48.7,50.7,51.6,57.4,63.2,61.2,65.1,59.1,58.1,58.1,57.2,56.2,55.3,54.3,53.3,53.3,52.4,52.4,52.4,53.3,53.3,54.3,55.3,Libertarian
2026-09-24,40,10.87,87.6,12.4,Likely D,6.6,6.5,13.26,4.68,6.19,54.24,43.6,0.0,False,False,,LIB,Eric Michael Foreman,0.0,2.16,0.0,46.0,42.0,1,4.66,0.328,2668287,2034386,0,10.8,-0.36,36.4,-24.2,46.5,90.8,63.8,65.8,59.0,59.0,60.6,57.7,52.9,50.0,50.0,51.0,51.0,53.6,48.8,50.7,51.6,57.4,63.2,61.3,65.1,59.1,58.2,58.2,57.2,56.2,55.3,54.3,53.3,53.3,52.4,52.4,52.4,53.3,53.3,54.3,55.3,Libertarian
2026-09-25,39,10.89,87.8,12.2,Likely D,6.6,6.49,13.25,4.68,6.21,54.25,43.59,0.0,False,False,,LIB,Eric Michael Foreman,0.0,2.16,0.0,46.0,42.0,1,4.67,0.325,2668287,2034386,0,10.79,-0.36,36.4,-24.3,46.5,90.8,63.9,65.8,59.0,59.0,60.6,57.7,52.9,50.0,50.0,51.0,51.0,53.6,48.8,50.7,51.6,57.4,63.2,61.3,65.1,59.1,58.2,58.2,57.2,56.2,55.3,54.3,53.4,53.4,52.4,52.4,52.4,53.4,53.4,54.3,55.3,Libertarian
2026-09-26,38,10.92,88.1,11.9,Likely D,6.6,6.5,13.26,4.68,6.24,54.26,43.58,0.0,False,False,,LIB,Eric Michael Foreman,0.0,2.16,0.0,46.0,42.0,1,4.67,0.322,2668287,2034386,0,10.8,-0.36,36.4,-24.3,46.6,90.8,63.9,65.8,59.1,59.1,60.6,57.7,52.9,50.0,50.0,51.0,51.0,53.6,48.8,50.7,51.7,57.4,63.2,61.3,65.1,59.1,58.2,58.2,57.2,56.3,55.3,54.3,53.4,53.4,52.4,52.4,52.4,53.4,53.4,54.3,55.3,Libertarian
2026-09-27,37,11.15,88.8,11.2,Likely D,6.64,6.68,13.48,4.68,6.47,54.37,43.47,0.0,False,False,,LIB,Eric Michael Foreman,0.0,2.16,0.0,46.0,42.0,1,4.84,0.32,2668287,2034386,0,10.98,-0.36,36.3,-24.4,46.7,90.9,64.0,65.9,59.2,59.2,60.7,57.8,53.0,50.2,50.2,51.1,51.1,53.7,48.9,50.8,51.8,57.5,63.3,61.4,65.2,59.2,58.3,58.3,57.3,56.4,55.4,54.4,53.5,53.5,52.5,52.5,52.5,53.5,53.5,54.4,55.4,Libertarian
2026-09-28,36,11.2,89.1,10.9,Likely D,6.65,6.71,13.51,4.68,6.52,54.4,43.44,0.0,False,False,,LIB,Eric Michael Foreman,0.0,2.16,0.0,46.0,42.0,1,4.86,0.317,2668287,2034386,0,11.01,-0.36,36.1,-24.9,46.7,90.9,64.0,65.9,59.2,59.2,60.8,57.9,53.1,50.2,50.2,51.1,51.1,53.7,48.9,50.8,51.8,57.6,63.3,61.4,65.3,59.3,58.3,58.3,57.4,56.4,55.4,54.5,53.5,53.5,52.5,52.5,52.5,53.5,53.5,54.5,55.4,Libertarian
2026-09-29,35,11.23,89.4,10.6,Likely D,6.65,6.72,13.52,4.68,6.55,54.41,43.43,0.0,False,False,,LIB,Eric Michael Foreman,0.0,2.16,0.0,46.0,42.0,1,4.86,0.314,2668287,2034386,0,11.02,-0.36,36.1,-24.9,46.7,90.9,64.0,65.9,59.2,59.2,60.8,57.9,53.1,50.2,50.2,51.2,51.2,53.7,48.9,50.8,51.8,57.6,63.3,61.4,65.3,59.3,58.3,58.3,57.4,56.4,55.4,54.5,53.5,53.5,52.6,52.6,52.6,53.5,53.5,54.5,55.4,Libertarian
2026-09-30,34,11.26,89.7,10.3,Likely D,6.65,6.73,13.53,4.68,6.58,54.43,43.41,0.0,False,False,,LIB,Eric Michael Foreman,0.0,2.16,0.0,46.0,42.0,1,4.86,0.312,2668287,2034386,0,11.03,-0.36,36.1,-24.9,46.7,91.0,64.0,66.0,59.2,59.2,60.8,57.9,53.1,50.2,50.2,51.2,51.2,53.8,48.9,50.9,51.8,57.6,63.4,61.4,65.3,59.3,58.3,58.3,57.4,56.4,55.5,54.5,53.5,53.5,52.6,52.6,52.6,53.5,53.5,54.5,55.5,Libertarian
2026-10-01,33,11.28,89.9,10.1,Likely D,6.65,6.73,13.53,4.68,6.6,54.44,43.4,0.0,False,False,,LIB,Eric Michael Foreman,0.0,2.16,0.0,46.0,42.0,1,4.86,0.31,2668287,2034386,0,11.03,-0.36,36.1,-24.9,46.7,91.0,64.0,66.0,59.2,59.2,60.8,57.9,53.1,50.2,50.2,51.2,51.2,53.8,49.0,50.9,51.8,57.6,63.4,61.5,65.3,59.3,58.4,58.4,57.4,56.4,55.5,54.5,53.5,53.5,52.6,52.6,52.6,53.5,53.5,54.5,55.5,Libertarian
