date,days_out,margin,dem_prob,rep_prob,rating,lean,gcb,fundamentals,pres_2024,swing_24_26,dem_pct,rep_pct,oth_pct,rcv,threeway,same_party,oth_party,ind_name,ind_prob,ind_pct,cand1_prob,poll_dem,poll_rep,poll_count,polling_avg,polling_weight,dem_funds,rep_funds,ind_funds,environment,demo_env_adj,trump_approve,trump_net,dem_vap_white,dem_vap_black,dem_vap_hispanic,dem_vap_asian,dem_vap_native,dem_vap_pacific,dem_age_20_29,dem_age_30_39,dem_age_40_49,dem_age_50_59,dem_age_60_69,dem_age_70_79,dem_age_80_plus,dem_educ_no_hs,dem_educ_hs,dem_educ_some_college,dem_educ_associate,dem_educ_bachelor,dem_educ_master,dem_educ_professional,dem_educ_doctorate,dem_inc_u10k,dem_inc_10_15k,dem_inc_15_20k,dem_inc_20_25k,dem_inc_25_30k,dem_inc_30_35k,dem_inc_35_40k,dem_inc_40_45k,dem_inc_45_50k,dem_inc_50_60k,dem_inc_60_75k,dem_inc_75_100k,dem_inc_100_125k,dem_inc_125_150k,dem_inc_150_200k,dem_inc_200k_plus,ind_party_label
2026-01-01,306,-16.29,6.0,94.0,Likely R,-13.21,3.05,-16.65,-13.23,-3.06,39.84,55.34,2.41,False,False,,IND,Nik Sandman,0.0,2.41,0.0,,,0,,0.0,592233,2368910,0,-10.69,-0.54,47.9,-0.8,35.7,78.0,52.3,54.1,47.7,47.7,45.9,43.1,38.5,35.8,35.8,36.7,36.7,39.8,35.2,37.0,37.9,43.5,49.0,47.1,50.8,44.6,43.7,43.7,42.8,41.9,40.9,40.0,39.1,39.1,38.2,38.2,38.2,39.1,39.1,40.0,40.9,Libertarian
2026-01-02,305,-16.29,6.0,94.0,Likely R,-13.21,3.05,-16.65,-13.23,-3.06,39.84,55.34,2.41,False,False,,IND,Nik Sandman,0.0,2.41,0.0,,,0,,0.0,592233,2368910,0,-10.69,-0.54,47.9,-0.8,35.7,78.0,52.3,54.1,47.7,47.7,45.9,43.1,38.5,35.8,35.8,36.7,36.7,39.8,35.2,37.0,37.9,43.5,49.0,47.1,50.8,44.6,43.7,43.7,42.8,41.9,40.9,40.0,39.1,39.1,38.2,38.2,38.2,39.1,39.1,40.0,40.9,Libertarian
2026-01-03,304,-16.29,6.0,94.0,Likely R,-13.21,3.05,-16.65,-13.23,-3.06,39.84,55.34,2.41,False,False,,IND,Nik Sandman,0.0,2.41,0.0,,,0,,0.0,592233,2368910,0,-10.69,-0.54,47.9,-0.8,35.7,78.0,52.3,54.1,47.7,47.7,45.9,43.1,38.5,35.8,35.8,36.7,36.7,39.8,35.2,37.0,37.9,43.5,49.0,47.1,50.8,44.6,43.7,43.7,42.8,41.9,40.9,40.0,39.1,39.1,38.2,38.2,38.2,39.1,39.1,40.0,40.9,Libertarian
2026-01-04,303,-16.37,5.9,94.1,Likely R,-13.22,2.99,-16.73,-13.23,-3.14,39.8,55.38,2.41,False,False,,IND,Nik Sandman,0.0,2.41,0.0,,,0,,0.0,592233,2368910,0,-10.75,-0.54,48.0,-0.5,35.7,78.0,52.2,54.1,47.6,47.6,45.9,43.1,38.5,35.7,35.7,36.7,36.7,39.7,35.1,37.0,37.9,43.4,48.9,47.1,50.8,44.6,43.7,43.7,42.7,41.8,40.9,40.0,39.1,39.1,38.1,38.1,38.1,39.1,39.1,40.0,40.9,Libertarian
2026-01-05,302,-16.33,6.0,94.0,Likely R,-13.22,3.02,-16.69,-13.23,-3.1,39.82,55.36,2.41,False,False,,IND,Nik Sandman,0.0,2.41,0.0,,,0,,0.0,592233,2368910,0,-10.72,-0.54,48.0,-0.6,35.7,78.0,52.2,54.1,47.6,47.6,45.9,43.1,38.5,35.8,35.8,36.7,36.7,39.8,35.2,37.0,37.9,43.4,49.0,47.1,50.8,44.6,43.7,43.7,42.8,41.8,40.9,40.0,39.1,39.1,38.2,38.2,38.2,39.1,39.1,40.0,40.9,Libertarian
2026-01-06,301,-16.33,6.0,94.0,Likely R,-13.22,3.02,-16.69,-13.23,-3.1,39.82,55.36,2.41,False,False,,IND,Nik Sandman,0.0,2.41,0.0,,,0,,0.0,592233,2368910,0,-10.72,-0.54,48.0,-0.6,35.7,78.0,52.2,54.1,47.6,47.6,45.9,43.1,38.5,35.8,35.8,36.7,36.7,39.8,35.2,37.0,37.9,43.4,49.0,47.1,50.8,44.6,43.7,43.7,42.8,41.8,40.9,40.0,39.1,39.1,38.2,38.2,38.2,39.1,39.1,40.0,40.9,Libertarian
2026-01-07,300,-16.32,6.0,94.0,Likely R,-13.21,3.03,-16.68,-13.23,-3.09,39.83,55.35,2.41,False,False,,IND,Nik Sandman,0.0,2.41,0.0,,,0,,0.0,592233,2368910,0,-10.71,-0.54,48.0,-0.7,35.7,78.0,52.3,54.1,47.7,47.7,45.9,43.1,38.5,35.8,35.8,36.7,36.7,39.8,35.2,37.0,37.9,43.4,49.0,47.1,50.8,44.6,43.7,43.7,42.8,41.8,40.9,40.0,39.1,39.1,38.2,38.2,38.2,39.1,39.1,40.0,40.9,Libertarian
2026-01-08,299,-16.32,6.0,94.0,Likely R,-13.21,3.03,-16.68,-13.23,-3.09,39.83,55.35,2.41,False,False,,IND,Nik Sandman,0.0,2.41,0.0,,,0,,0.0,592233,2368910,0,-10.71,-0.54,48.0,-0.7,35.7,78.0,52.3,54.1,47.7,47.7,45.9,43.1,38.5,35.8,35.8,36.7,36.7,39.8,35.2,37.0,37.9,43.4,49.0,47.1,50.8,44.6,43.7,43.7,42.8,41.8,40.9,40.0,39.1,39.1,38.2,38.2,38.2,39.1,39.1,40.0,40.9,Libertarian
2026-01-09,298,-16.32,6.0,94.0,Likely R,-13.21,3.03,-16.68,-13.23,-3.09,39.83,55.35,2.41,False,False,,IND,Nik Sandman,0.0,2.41,0.0,,,0,,0.0,592233,2368910,0,-10.71,-0.54,48.0,-0.7,35.7,78.0,52.3,54.1,47.7,47.7,45.9,43.1,38.5,35.8,35.8,36.7,36.7,39.8,35.2,37.0,37.9,43.4,49.0,47.1,50.8,44.6,43.7,43.7,42.8,41.8,40.9,40.0,39.1,39.1,38.2,38.2,38.2,39.1,39.1,40.0,40.9,Libertarian
2026-01-10,297,-16.3,6.0,94.0,Likely R,-13.21,3.04,-16.67,-13.23,-3.08,39.83,55.35,2.41,False,False,,IND,Nik Sandman,0.0,2.41,0.0,,,0,,0.0,592233,2368910,0,-10.7,-0.54,48.0,-0.7,35.7,78.0,52.3,54.1,47.7,47.7,45.9,43.1,38.5,35.8,35.8,36.7,36.7,39.8,35.2,37.0,37.9,43.4,49.0,47.1,50.8,44.6,43.7,43.7,42.8,41.8,40.9,40.0,39.1,39.1,38.2,38.2,38.2,39.1,39.1,40.0,40.9,Libertarian
2026-01-11,296,-16.35,5.9,94.1,Likely R,-13.22,3.0,-16.72,-13.23,-3.13,39.81,55.37,2.41,False,False,,IND,Nik Sandman,0.0,2.41,0.0,,,0,,0.0,592233,2368910,0,-10.74,-0.54,47.9,-0.9,35.7,78.0,52.2,54.1,47.6,47.6,45.9,43.1,38.5,35.7,35.7,36.7,36.7,39.7,35.1,37.0,37.9,43.4,48.9,47.1,50.8,44.6,43.7,43.7,42.7,41.8,40.9,40.0,39.1,39.1,38.1,38.1,38.1,39.1,39.1,40.0,40.9,Libertarian
2026-01-12,295,-16.28,6.0,94.0,Likely R,-13.21,3.06,-16.64,-13.23,-3.05,39.84,55.34,2.41,False,False,,IND,Nik Sandman,0.0,2.41,0.0,,,0,,0.0,592233,2368910,0,-10.68,-0.54,47.8,-1.0,35.7,78.0,52.3,54.1,47.7,47.7,45.9,43.1,38.5,35.8,35.8,36.7,36.7,39.8,35.2,37.0,37.9,43.5,49.0,47.1,50.8,44.6,43.7,43.7,42.8,41.9,40.9,40.0,39.1,39.1,38.2,38.2,38.2,39.1,39.1,40.0,40.9,Libertarian
2026-01-13,294,-16.29,6.0,94.0,Likely R,-13.21,3.05,-16.65,-13.23,-3.06,39.84,55.34,2.41,False,False,,IND,Nik Sandman,0.0,2.41,0.0,,,0,,0.0,592233,2368910,0,-10.69,-0.54,47.8,-1.2,35.7,78.0,52.3,54.1,47.7,47.7,45.9,43.1,38.5,35.8,35.8,36.7,36.7,39.8,35.2,37.0,37.9,43.5,49.0,47.1,50.8,44.6,43.7,43.7,42.8,41.9,40.9,40.0,39.1,39.1,38.2,38.2,38.2,39.1,39.1,40.0,40.9,Libertarian
2026-01-14,293,-16.29,6.0,94.0,Likely R,-13.21,3.05,-16.65,-13.23,-3.06,39.84,55.34,2.41,False,False,,IND,Nik Sandman,0.0,2.41,0.0,,,0,,0.0,592233,2368910,0,-10.69,-0.54,47.8,-1.1,35.7,78.0,52.3,54.1,47.7,47.7,45.9,43.1,38.5,35.8,35.8,36.7,36.7,39.8,35.2,37.0,37.9,43.5,49.0,47.1,50.8,44.6,43.7,43.7,42.8,41.9,40.9,40.0,39.1,39.1,38.2,38.2,38.2,39.1,39.1,40.0,40.9,Libertarian
2026-01-15,292,-16.28,6.0,94.0,Likely R,-13.21,3.06,-16.64,-13.23,-3.05,39.84,55.34,2.41,False,False,,IND,Nik Sandman,0.0,2.41,0.0,,,0,,0.0,592233,2368910,0,-10.68,-0.54,47.8,-1.1,35.7,78.0,52.3,54.1,47.7,47.7,45.9,43.1,38.5,35.8,35.8,36.7,36.7,39.8,35.2,37.0,37.9,43.5,49.0,47.1,50.8,44.6,43.7,43.7,42.8,41.9,40.9,40.0,39.1,39.1,38.2,38.2,38.2,39.1,39.1,40.0,40.9,Libertarian
2026-01-16,291,-16.27,6.0,94.0,Likely R,-13.2,3.07,-16.63,-13.23,-3.04,39.85,55.33,2.41,False,False,,IND,Nik Sandman,0.0,2.41,0.0,,,0,,0.0,592233,2368910,0,-10.67,-0.54,47.8,-1.2,35.7,78.0,52.3,54.1,47.7,47.7,45.9,43.1,38.5,35.8,35.8,36.7,36.7,39.8,35.2,37.0,37.9,43.5,49.0,47.1,50.8,44.6,43.7,43.7,42.8,41.9,40.9,40.0,39.1,39.1,38.2,38.2,38.2,39.1,39.1,40.0,40.9,Libertarian
2026-01-17,290,-16.22,6.1,93.9,Likely R,-13.19,3.11,-16.58,-13.23,-2.99,39.87,55.31,2.41,False,False,,IND,Nik Sandman,0.0,2.41,0.0,,,0,,0.0,592233,2368910,0,-10.63,-0.54,47.7,-1.3,35.7,78.1,52.3,54.1,47.7,47.7,45.9,43.2,38.6,35.8,35.8,36.7,36.7,39.8,35.2,37.0,38.0,43.5,49.0,47.2,50.9,44.7,43.7,43.7,42.8,41.9,41.0,40.0,39.1,39.1,38.2,38.2,38.2,39.1,39.1,40.0,41.0,Libertarian
2026-01-18,289,-16.29,6.0,94.0,Likely R,-13.21,3.05,-16.65,-13.23,-3.06,39.84,55.34,2.41,False,False,,IND,Nik Sandman,0.0,2.41,0.0,,,0,,0.0,592233,2368910,0,-10.69,-0.54,47.7,-1.3,35.7,78.0,52.3,54.1,47.7,47.7,45.9,43.1,38.5,35.8,35.8,36.7,36.7,39.8,35.2,37.0,37.9,43.5,49.0,47.1,50.8,44.6,43.7,43.7,42.8,41.9,40.9,40.0,39.1,39.1,38.2,38.2,38.2,39.1,39.1,40.0,40.9,Libertarian
2026-01-19,288,-16.25,6.0,94.0,Likely R,-13.2,3.08,-16.62,-13.23,-3.03,39.85,55.33,2.41,False,False,,IND,Nik Sandman,0.0,2.41,0.0,,,0,,0.0,592233,2368910,0,-10.66,-0.54,47.7,-1.2,35.7,78.0,52.3,54.1,47.7,47.7,45.9,43.1,38.5,35.8,35.8,36.7,36.7,39.8,35.2,37.0,37.9,43.5,49.0,47.1,50.8,44.6,43.7,43.7,42.8,41.9,40.9,40.0,39.1,39.1,38.2,38.2,38.2,39.1,39.1,40.0,40.9,Libertarian
2026-01-20,287,-16.17,6.1,93.9,Likely R,-13.18,3.15,-16.53,-13.23,-2.94,39.9,55.28,2.41,False,False,,IND,Nik Sandman,0.0,2.41,0.0,,,0,,0.0,592233,2368910,0,-10.59,-0.54,47.6,-1.4,35.8,78.1,52.3,54.2,47.7,47.7,46.0,43.2,38.6,35.8,35.8,36.8,36.8,39.8,35.2,37.1,38.0,43.5,49.0,47.2,50.9,44.7,43.8,43.8,42.8,41.9,41.0,40.1,39.2,39.2,38.2,38.2,38.2,39.2,39.2,40.1,41.0,Libertarian
2026-01-21,286,-16.17,6.1,93.9,Likely R,-13.18,3.15,-16.53,-13.23,-2.94,39.9,55.28,2.41,False,False,,IND,Nik Sandman,0.0,2.41,0.0,,,0,,0.0,592233,2368910,0,-10.59,-0.54,47.6,-1.4,35.8,78.1,52.3,54.2,47.7,47.7,46.0,43.2,38.6,35.8,35.8,36.8,36.8,39.8,35.2,37.1,38.0,43.5,49.0,47.2,50.9,44.7,43.8,43.8,42.8,41.9,41.0,40.1,39.2,39.2,38.2,38.2,38.2,39.2,39.2,40.1,41.0,Libertarian
2026-01-22,285,-16.13,6.2,93.8,Likely R,-13.18,3.18,-16.49,-13.23,-2.9,39.91,55.27,2.41,False,False,,IND,Nik Sandman,0.0,2.41,0.0,,,0,,0.0,592233,2368910,0,-10.56,-0.54,47.6,-1.5,35.8,78.1,52.3,54.2,47.7,47.7,46.0,43.2,38.6,35.8,35.8,36.8,36.8,39.8,35.2,37.1,38.0,43.5,49.1,47.2,50.9,44.7,43.8,43.8,42.8,41.9,41.0,40.1,39.2,39.2,38.2,38.2,38.2,39.2,39.2,40.1,41.0,Libertarian
2026-01-23,284,-16.13,6.2,93.8,Likely R,-13.18,3.18,-16.49,-13.23,-2.9,39.91,55.27,2.41,False,False,,IND,Nik Sandman,0.0,2.41,0.0,,,0,,0.0,592233,2368910,0,-10.56,-0.54,47.6,-1.5,35.8,78.1,52.3,54.2,47.7,47.7,46.0,43.2,38.6,35.8,35.8,36.8,36.8,39.8,35.2,37.1,38.0,43.5,49.1,47.2,50.9,44.7,43.8,43.8,42.8,41.9,41.0,40.1,39.2,39.2,38.2,38.2,38.2,39.2,39.2,40.1,41.0,Libertarian
2026-01-24,283,-16.13,6.2,93.8,Likely R,-13.18,3.18,-16.49,-13.23,-2.9,39.91,55.27,2.41,False,False,,IND,Nik Sandman,0.0,2.41,0.0,,,0,,0.0,592233,2368910,0,-10.56,-0.54,47.6,-1.5,35.8,78.1,52.3,54.2,47.7,47.7,46.0,43.2,38.6,35.8,35.8,36.8,36.8,39.8,35.2,37.1,38.0,43.5,49.1,47.2,50.9,44.7,43.8,43.8,42.8,41.9,41.0,40.1,39.2,39.2,38.2,38.2,38.2,39.2,39.2,40.1,41.0,Libertarian
2026-01-25,282,-16.2,6.1,93.9,Likely R,-13.19,3.12,-16.57,-13.23,-2.98,39.88,55.3,2.41,False,False,,IND,Nik Sandman,0.0,2.41,0.0,,,0,,0.0,592233,2368910,0,-10.62,-0.54,47.6,-1.5,35.7,78.1,52.3,54.1,47.7,47.7,45.9,43.2,38.6,35.8,35.8,36.7,36.7,39.8,35.2,37.1,38.0,43.5,49.0,47.2,50.9,44.7,43.7,43.7,42.8,41.9,41.0,40.1,39.1,39.1,38.2,38.2,38.2,39.1,39.1,40.1,41.0,Libertarian
2026-01-26,281,-16.15,6.1,93.9,Likely R,-13.18,3.16,-16.52,-13.23,-2.93,39.9,55.28,2.41,False,False,,IND,Nik Sandman,0.0,2.41,0.0,,,0,,0.0,592233,2368910,0,-10.58,-0.54,47.5,-1.8,35.8,78.1,52.3,54.2,47.7,47.7,46.0,43.2,38.6,35.8,35.8,36.8,36.8,39.8,35.2,37.1,38.0,43.5,49.0,47.2,50.9,44.7,43.8,43.8,42.8,41.9,41.0,40.1,39.2,39.2,38.2,38.2,38.2,39.2,39.2,40.1,41.0,Libertarian
2026-01-27,280,-16.15,6.1,93.9,Likely R,-13.18,3.16,-16.52,-13.23,-2.93,39.9,55.28,2.41,False,False,,IND,Nik Sandman,0.0,2.41,0.0,,,0,,0.0,592233,2368910,0,-10.58,-0.54,47.5,-1.8,35.8,78.1,52.3,54.2,47.7,47.7,46.0,43.2,38.6,35.8,35.8,36.8,36.8,39.8,35.2,37.1,38.0,43.5,49.0,47.2,50.9,44.7,43.8,43.8,42.8,41.9,41.0,40.1,39.2,39.2,38.2,38.2,38.2,39.2,39.2,40.1,41.0,Libertarian
2026-01-28,279,-16.12,6.2,93.8,Likely R,-13.17,3.19,-16.48,-13.23,-2.89,39.92,55.26,2.41,False,False,,IND,Nik Sandman,0.0,2.41,0.0,,,0,,0.0,592233,2368910,0,-10.55,-0.54,47.5,-1.9,35.8,78.1,52.3,54.2,47.7,47.7,46.0,43.2,38.6,35.9,35.9,36.8,36.8,39.9,35.3,37.1,38.0,43.5,49.1,47.2,50.9,44.7,43.8,43.8,42.9,41.9,41.0,40.1,39.2,39.2,38.3,38.3,38.3,39.2,39.2,40.1,41.0,Libertarian
2026-01-29,278,-16.12,6.2,93.8,Likely R,-13.17,3.19,-16.48,-13.23,-2.89,39.92,55.26,2.41,False,False,,IND,Nik Sandman,0.0,2.41,0.0,,,0,,0.0,592233,2368910,0,-10.55,-0.54,47.5,-1.7,35.8,78.1,52.3,54.2,47.7,47.7,46.0,43.2,38.6,35.9,35.9,36.8,36.8,39.9,35.3,37.1,38.0,43.5,49.1,47.2,50.9,44.7,43.8,43.8,42.9,41.9,41.0,40.1,39.2,39.2,38.3,38.3,38.3,39.2,39.2,40.1,41.0,Libertarian
2026-01-30,277,-16.12,6.2,93.8,Likely R,-13.17,3.19,-16.48,-13.23,-2.89,39.92,55.26,2.41,False,False,,IND,Nik Sandman,0.0,2.41,0.0,,,0,,0.0,592233,2368910,0,-10.55,-0.54,47.5,-1.8,35.8,78.1,52.3,54.2,47.7,47.7,46.0,43.2,38.6,35.9,35.9,36.8,36.8,39.9,35.3,37.1,38.0,43.5,49.1,47.2,50.9,44.7,43.8,43.8,42.9,41.9,41.0,40.1,39.2,39.2,38.3,38.3,38.3,39.2,39.2,40.1,41.0,Libertarian
2026-01-31,276,-16.12,6.2,93.8,Likely R,-13.17,3.19,-16.48,-13.23,-2.89,39.92,55.26,2.41,False,False,,IND,Nik Sandman,0.0,2.41,0.0,,,0,,0.0,592233,2368910,0,-10.55,-0.54,47.5,-1.8,35.8,78.1,52.3,54.2,47.7,47.7,46.0,43.2,38.6,35.9,35.9,36.8,36.8,39.9,35.3,37.1,38.0,43.5,49.1,47.2,50.9,44.7,43.8,43.8,42.9,41.9,41.0,40.1,39.2,39.2,38.3,38.3,38.3,39.2,39.2,40.1,41.0,Libertarian
2026-02-01,275,-16.22,6.1,93.9,Likely R,-13.19,3.11,-16.58,-13.23,-2.99,39.87,55.31,2.41,False,False,,IND,Nik Sandman,0.0,2.41,0.0,,,0,,0.0,592233,2368910,0,-10.63,-0.54,47.5,-1.7,35.7,78.1,52.3,54.1,47.7,47.7,45.9,43.2,38.6,35.8,35.8,36.7,36.7,39.8,35.2,37.0,38.0,43.5,49.0,47.2,50.9,44.7,43.7,43.7,42.8,41.9,41.0,40.0,39.1,39.1,38.2,38.2,38.2,39.1,39.1,40.0,41.0,Libertarian
2026-02-02,274,-16.23,6.1,93.9,Likely R,-13.2,3.1,-16.59,-13.23,-3.0,39.87,55.31,2.41,False,False,,IND,Nik Sandman,0.0,2.41,0.0,,,0,,0.0,592233,2368910,0,-10.64,-0.54,47.4,-1.8,35.7,78.1,52.3,54.1,47.7,47.7,45.9,43.2,38.6,35.8,35.8,36.7,36.7,39.8,35.2,37.0,38.0,43.5,49.0,47.2,50.9,44.7,43.7,43.7,42.8,41.9,41.0,40.0,39.1,39.1,38.2,38.2,38.2,39.1,39.1,40.0,41.0,Libertarian
2026-02-03,273,-16.22,6.1,93.9,Likely R,-13.19,3.11,-16.58,-13.23,-2.99,39.87,55.31,2.41,False,False,,IND,Nik Sandman,0.0,2.41,0.0,,,0,,0.0,592233,2368910,0,-10.63,-0.54,47.4,-1.8,35.7,78.1,52.3,54.1,47.7,47.7,45.9,43.2,38.6,35.8,35.8,36.7,36.7,39.8,35.2,37.0,38.0,43.5,49.0,47.2,50.9,44.7,43.7,43.7,42.8,41.9,41.0,40.0,39.1,39.1,38.2,38.2,38.2,39.1,39.1,40.0,41.0,Libertarian
2026-02-04,272,-16.22,6.1,93.9,Likely R,-13.19,3.11,-16.58,-13.23,-2.99,39.87,55.31,2.41,False,False,,IND,Nik Sandman,0.0,2.41,0.0,,,0,,0.0,592233,2368910,0,-10.63,-0.54,47.4,-1.8,35.7,78.1,52.3,54.1,47.7,47.7,45.9,43.2,38.6,35.8,35.8,36.7,36.7,39.8,35.2,37.0,38.0,43.5,49.0,47.2,50.9,44.7,43.7,43.7,42.8,41.9,41.0,40.0,39.1,39.1,38.2,38.2,38.2,39.1,39.1,40.0,41.0,Libertarian
2026-02-05,271,-16.2,6.1,93.9,Likely R,-13.19,3.12,-16.57,-13.23,-2.98,39.88,55.3,2.41,False,False,,IND,Nik Sandman,0.0,2.41,0.0,,,0,,0.0,592233,2368910,0,-10.62,-0.54,47.4,-1.8,35.7,78.1,52.3,54.1,47.7,47.7,45.9,43.2,38.6,35.8,35.8,36.7,36.7,39.8,35.2,37.1,38.0,43.5,49.0,47.2,50.9,44.7,43.7,43.7,42.8,41.9,41.0,40.1,39.1,39.1,38.2,38.2,38.2,39.1,39.1,40.1,41.0,Libertarian
2026-02-06,270,-16.2,6.1,93.9,Likely R,-13.19,3.12,-16.57,-13.23,-2.98,39.88,55.3,2.41,False,False,,IND,Nik Sandman,0.0,2.41,0.0,,,0,,0.0,592233,2368910,0,-10.62,-0.54,47.4,-1.9,35.7,78.1,52.3,54.1,47.7,47.7,45.9,43.2,38.6,35.8,35.8,36.7,36.7,39.8,35.2,37.1,38.0,43.5,49.0,47.2,50.9,44.7,43.7,43.7,42.8,41.9,41.0,40.1,39.1,39.1,38.2,38.2,38.2,39.1,39.1,40.1,41.0,Libertarian
2026-02-07,269,-16.2,6.1,93.9,Likely R,-13.19,3.12,-16.57,-13.23,-2.98,39.88,55.3,2.41,False,False,,IND,Nik Sandman,0.0,2.41,0.0,,,0,,0.0,592233,2368910,0,-10.62,-0.54,47.4,-1.9,35.7,78.1,52.3,54.1,47.7,47.7,45.9,43.2,38.6,35.8,35.8,36.7,36.7,39.8,35.2,37.1,38.0,43.5,49.0,47.2,50.9,44.7,43.7,43.7,42.8,41.9,41.0,40.1,39.1,39.1,38.2,38.2,38.2,39.1,39.1,40.1,41.0,Libertarian
2026-02-08,268,-16.23,6.0,94.0,Likely R,-13.2,3.1,-16.59,-13.23,-3.0,39.87,55.31,2.41,False,False,,IND,Nik Sandman,0.0,2.41,0.0,,,0,,0.0,592233,2368910,0,-10.64,-0.54,47.3,-2.2,35.7,78.1,52.3,54.1,47.7,47.7,45.9,43.2,38.6,35.8,35.8,36.7,36.7,39.8,35.2,37.0,38.0,43.5,49.0,47.2,50.9,44.7,43.7,43.7,42.8,41.9,41.0,40.0,39.1,39.1,38.2,38.2,38.2,39.1,39.1,40.0,41.0,Libertarian
2026-02-09,267,-16.17,6.1,93.9,Likely R,-13.18,3.15,-16.53,-13.23,-2.94,39.9,55.28,2.41,False,False,,IND,Nik Sandman,0.0,2.41,0.0,,,0,,0.0,592233,2368910,0,-10.59,-0.54,47.3,-2.2,35.8,78.1,52.3,54.2,47.7,47.7,46.0,43.2,38.6,35.8,35.8,36.8,36.8,39.8,35.2,37.1,38.0,43.5,49.0,47.2,50.9,44.7,43.8,43.8,42.8,41.9,41.0,40.1,39.2,39.2,38.2,38.2,38.2,39.2,39.2,40.1,41.0,Libertarian
2026-02-10,266,-16.13,6.2,93.8,Likely R,-13.18,3.18,-16.49,-13.23,-2.9,39.91,55.27,2.41,False,False,,IND,Nik Sandman,0.0,2.41,0.0,,,0,,0.0,592233,2368910,0,-10.56,-0.54,47.2,-2.2,35.8,78.1,52.3,54.2,47.7,47.7,46.0,43.2,38.6,35.8,35.8,36.8,36.8,39.8,35.2,37.1,38.0,43.5,49.1,47.2,50.9,44.7,43.8,43.8,42.8,41.9,41.0,40.1,39.2,39.2,38.2,38.2,38.2,39.2,39.2,40.1,41.0,Libertarian
2026-02-11,265,-16.13,6.2,93.8,Likely R,-13.18,3.18,-16.49,-13.23,-2.9,39.91,55.27,2.41,False,False,,IND,Nik Sandman,0.0,2.41,0.0,,,0,,0.0,592233,2368910,0,-10.56,-0.54,47.2,-2.2,35.8,78.1,52.3,54.2,47.7,47.7,46.0,43.2,38.6,35.8,35.8,36.8,36.8,39.8,35.2,37.1,38.0,43.5,49.1,47.2,50.9,44.7,43.8,43.8,42.8,41.9,41.0,40.1,39.2,39.2,38.2,38.2,38.2,39.2,39.2,40.1,41.0,Libertarian
2026-02-12,264,-16.14,6.1,93.9,Likely R,-13.18,3.17,-16.5,-13.23,-2.91,39.91,55.27,2.41,False,False,,IND,Nik Sandman,0.0,2.41,0.0,,,0,,0.0,592233,2368910,0,-10.57,-0.54,47.2,-2.2,35.8,78.1,52.3,54.2,47.7,47.7,46.0,43.2,38.6,35.8,35.8,36.8,36.8,39.8,35.2,37.1,38.0,43.5,49.1,47.2,50.9,44.7,43.8,43.8,42.8,41.9,41.0,40.1,39.2,39.2,38.2,38.2,38.2,39.2,39.2,40.1,41.0,Libertarian
2026-02-13,263,-16.14,6.1,93.9,Likely R,-13.18,3.17,-16.5,-13.23,-2.91,39.91,55.27,2.41,False,False,,IND,Nik Sandman,0.0,2.41,0.0,,,0,,0.0,592233,2368910,0,-10.57,-0.54,47.2,-2.2,35.8,78.1,52.3,54.2,47.7,47.7,46.0,43.2,38.6,35.8,35.8,36.8,36.8,39.8,35.2,37.1,38.0,43.5,49.1,47.2,50.9,44.7,43.8,43.8,42.8,41.9,41.0,40.1,39.2,39.2,38.2,38.2,38.2,39.2,39.2,40.1,41.0,Libertarian
2026-02-14,262,-16.14,6.1,93.9,Likely R,-13.18,3.17,-16.5,-13.23,-2.91,39.91,55.27,2.41,False,False,,IND,Nik Sandman,0.0,2.41,0.0,,,0,,0.0,592233,2368910,0,-10.57,-0.54,47.2,-2.2,35.8,78.1,52.3,54.2,47.7,47.7,46.0,43.2,38.6,35.8,35.8,36.8,36.8,39.8,35.2,37.1,38.0,43.5,49.1,47.2,50.9,44.7,43.8,43.8,42.8,41.9,41.0,40.1,39.2,39.2,38.2,38.2,38.2,39.2,39.2,40.1,41.0,Libertarian
2026-02-15,261,-16.13,6.2,93.8,Likely R,-13.18,3.18,-16.49,-13.23,-2.9,39.91,55.27,2.41,False,False,,IND,Nik Sandman,0.0,2.41,0.0,,,0,,0.0,592233,2368910,0,-10.56,-0.54,47.2,-2.2,35.8,78.1,52.3,54.2,47.7,47.7,46.0,43.2,38.6,35.8,35.8,36.8,36.8,39.8,35.2,37.1,38.0,43.5,49.1,47.2,50.9,44.7,43.8,43.8,42.8,41.9,41.0,40.1,39.2,39.2,38.2,38.2,38.2,39.2,39.2,40.1,41.0,Libertarian
2026-02-16,260,-16.09,6.2,93.8,Likely R,-13.17,3.21,-16.45,-13.23,-2.86,39.93,55.25,2.41,False,False,,IND,Nik Sandman,0.0,2.41,0.0,,,0,,0.0,592233,2368910,0,-10.53,-0.54,47.2,-2.4,35.8,78.1,52.4,54.2,47.8,47.8,46.0,43.2,38.6,35.9,35.9,36.8,36.8,39.9,35.3,37.1,38.0,43.5,49.1,47.2,50.9,44.7,43.8,43.8,42.9,41.9,41.0,40.1,39.2,39.2,38.3,38.3,38.3,39.2,39.2,40.1,41.0,Libertarian
2026-02-17,259,-16.1,6.2,93.8,Likely R,-13.17,3.2,-16.47,-13.23,-2.88,39.93,55.25,2.41,False,False,,IND,Nik Sandman,0.0,2.41,0.0,,,0,,0.0,592233,2368910,0,-10.54,-0.54,47.2,-2.4,35.8,78.1,52.4,54.2,47.8,47.8,46.0,43.2,38.6,35.9,35.9,36.8,36.8,39.9,35.3,37.1,38.0,43.5,49.1,47.2,50.9,44.7,43.8,43.8,42.9,41.9,41.0,40.1,39.2,39.2,38.3,38.3,38.3,39.2,39.2,40.1,41.0,Libertarian
2026-02-18,258,-16.09,6.2,93.8,Likely R,-13.17,3.21,-16.45,-13.23,-2.86,39.93,55.25,2.41,False,False,,IND,Nik Sandman,0.0,2.41,0.0,,,0,,0.0,592233,2368910,0,-10.53,-0.54,47.2,-2.4,35.8,78.1,52.4,54.2,47.8,47.8,46.0,43.2,38.6,35.9,35.9,36.8,36.8,39.9,35.3,37.1,38.0,43.5,49.1,47.2,50.9,44.7,43.8,43.8,42.9,41.9,41.0,40.1,39.2,39.2,38.3,38.3,38.3,39.2,39.2,40.1,41.0,Libertarian
2026-02-19,257,-16.09,6.2,93.8,Likely R,-13.17,3.21,-16.45,-13.23,-2.86,39.93,55.25,2.41,False,False,,IND,Nik Sandman,0.0,2.41,0.0,,,0,,0.0,592233,2368910,0,-10.53,-0.54,47.2,-2.3,35.8,78.1,52.4,54.2,47.8,47.8,46.0,43.2,38.6,35.9,35.9,36.8,36.8,39.9,35.3,37.1,38.0,43.5,49.1,47.2,50.9,44.7,43.8,43.8,42.9,41.9,41.0,40.1,39.2,39.2,38.3,38.3,38.3,39.2,39.2,40.1,41.0,Libertarian
2026-02-20,256,-16.02,6.3,93.7,Likely R,-13.15,3.27,-16.38,-13.23,-2.79,39.97,55.21,2.41,False,False,,IND,Nik Sandman,0.0,2.41,0.0,,,0,,0.0,592233,2368910,0,-10.47,-0.54,47.0,-2.8,35.8,78.2,52.4,54.2,47.8,47.8,46.0,43.3,38.7,35.9,35.9,36.8,36.8,39.9,35.3,37.1,38.1,43.6,49.1,47.3,51.0,44.8,43.8,43.8,42.9,42.0,41.1,40.1,39.2,39.2,38.3,38.3,38.3,39.2,39.2,40.1,41.1,Libertarian
2026-02-21,255,-16.02,6.3,93.7,Likely R,-13.15,3.27,-16.38,-13.23,-2.79,39.97,55.21,2.41,False,False,,IND,Nik Sandman,0.0,2.41,0.0,,,0,,0.0,592233,2368910,0,-10.47,-0.54,47.0,-2.8,35.8,78.2,52.4,54.2,47.8,47.8,46.0,43.3,38.7,35.9,35.9,36.8,36.8,39.9,35.3,37.1,38.1,43.6,49.1,47.3,51.0,44.8,43.8,43.8,42.9,42.0,41.1,40.1,39.2,39.2,38.3,38.3,38.3,39.2,39.2,40.1,41.1,Libertarian
2026-02-22,254,-15.98,6.3,93.7,Likely R,-13.15,3.3,-16.34,-13.23,-2.75,39.99,55.19,2.41,False,False,,IND,Nik Sandman,0.0,2.41,0.0,,,0,,0.0,592233,2368910,0,-10.44,-0.54,47.1,-2.6,35.8,78.2,52.4,54.3,47.8,47.8,46.0,43.3,38.7,35.9,35.9,36.8,36.8,39.9,35.3,37.2,38.1,43.6,49.1,47.3,51.0,44.8,43.9,43.9,42.9,42.0,41.1,40.2,39.2,39.2,38.3,38.3,38.3,39.2,39.2,40.2,41.1,Libertarian
2026-02-23,253,-16.0,6.3,93.7,Likely R,-13.15,3.28,-16.37,-13.23,-2.78,39.97,55.21,2.41,False,False,,IND,Nik Sandman,0.0,2.41,0.0,,,0,,0.0,592233,2368910,0,-10.46,-0.54,47.1,-2.8,35.8,78.2,52.4,54.2,47.8,47.8,46.0,43.3,38.7,35.9,35.9,36.8,36.8,39.9,35.3,37.1,38.1,43.6,49.1,47.3,51.0,44.8,43.8,43.8,42.9,42.0,41.1,40.1,39.2,39.2,38.3,38.3,38.3,39.2,39.2,40.1,41.1,Libertarian
2026-02-24,252,-15.99,6.3,93.7,Likely R,-13.15,3.29,-16.35,-13.23,-2.76,39.98,55.2,2.41,False,False,,IND,Nik Sandman,0.0,2.41,0.0,,,0,,0.0,592233,2368910,0,-10.45,-0.54,47.1,-2.8,35.8,78.2,52.4,54.2,47.8,47.8,46.0,43.3,38.7,35.9,35.9,36.8,36.8,39.9,35.3,37.2,38.1,43.6,49.1,47.3,51.0,44.8,43.8,43.8,42.9,42.0,41.1,40.2,39.2,39.2,38.3,38.3,38.3,39.2,39.2,40.2,41.1,Libertarian
2026-02-25,251,-15.99,6.3,93.7,Likely R,-13.15,3.29,-16.35,-13.23,-2.76,39.98,55.2,2.41,False,False,,IND,Nik Sandman,0.0,2.41,0.0,,,0,,0.0,592233,2368910,0,-10.45,-0.54,47.1,-2.8,35.8,78.2,52.4,54.2,47.8,47.8,46.0,43.3,38.7,35.9,35.9,36.8,36.8,39.9,35.3,37.2,38.1,43.6,49.1,47.3,51.0,44.8,43.8,43.8,42.9,42.0,41.1,40.2,39.2,39.2,38.3,38.3,38.3,39.2,39.2,40.2,41.1,Libertarian
2026-02-26,250,-16.03,6.3,93.7,Likely R,-13.16,3.26,-16.39,-13.23,-2.8,39.96,55.22,2.41,False,False,,IND,Nik Sandman,0.0,2.41,0.0,,,0,,0.0,592233,2368910,0,-10.48,-0.54,47.2,-2.5,35.8,78.2,52.4,54.2,47.8,47.8,46.0,43.3,38.7,35.9,35.9,36.8,36.8,39.9,35.3,37.1,38.1,43.6,49.1,47.3,50.9,44.7,43.8,43.8,42.9,42.0,41.1,40.1,39.2,39.2,38.3,38.3,38.3,39.2,39.2,40.1,41.1,Libertarian
2026-02-27,249,-16.03,6.3,93.7,Likely R,-13.16,3.26,-16.39,-13.23,-2.8,39.96,55.22,2.41,False,False,,IND,Nik Sandman,0.0,2.41,0.0,,,0,,0.0,592233,2368910,0,-10.48,-0.54,47.2,-2.4,35.8,78.2,52.4,54.2,47.8,47.8,46.0,43.3,38.7,35.9,35.9,36.8,36.8,39.9,35.3,37.1,38.1,43.6,49.1,47.3,50.9,44.7,43.8,43.8,42.9,42.0,41.1,40.1,39.2,39.2,38.3,38.3,38.3,39.2,39.2,40.1,41.1,Libertarian
2026-02-28,248,-16.03,6.3,93.7,Likely R,-13.16,3.26,-16.39,-13.23,-2.8,39.96,55.22,2.41,False,False,,IND,Nik Sandman,0.0,2.41,0.0,,,0,,0.0,592233,2368910,0,-10.48,-0.54,47.3,-2.3,35.8,78.2,52.4,54.2,47.8,47.8,46.0,43.3,38.7,35.9,35.9,36.8,36.8,39.9,35.3,37.1,38.1,43.6,49.1,47.3,50.9,44.7,43.8,43.8,42.9,42.0,41.1,40.1,39.2,39.2,38.3,38.3,38.3,39.2,39.2,40.1,41.1,Libertarian
2026-03-01,247,-16.02,6.3,93.7,Likely R,-13.15,3.27,-16.38,-13.23,-2.79,39.97,55.21,2.41,False,False,,IND,Nik Sandman,0.0,2.41,0.0,,,0,,0.0,592233,2368910,0,-10.47,-0.54,47.3,-2.4,35.8,78.2,52.4,54.2,47.8,47.8,46.0,43.3,38.7,35.9,35.9,36.8,36.8,39.9,35.3,37.1,38.1,43.6,49.1,47.3,51.0,44.8,43.8,43.8,42.9,42.0,41.1,40.1,39.2,39.2,38.3,38.3,38.3,39.2,39.2,40.1,41.1,Libertarian
2026-03-02,246,-15.99,6.3,93.7,Likely R,-13.15,3.29,-16.35,-13.23,-2.76,39.98,55.2,2.41,False,False,,IND,Nik Sandman,0.0,2.41,0.0,,,0,,0.0,592233,2368910,0,-10.45,-0.54,47.3,-2.5,35.8,78.2,52.4,54.2,47.8,47.8,46.0,43.3,38.7,35.9,35.9,36.8,36.8,39.9,35.3,37.2,38.1,43.6,49.1,47.3,51.0,44.8,43.8,43.8,42.9,42.0,41.1,40.2,39.2,39.2,38.3,38.3,38.3,39.2,39.2,40.2,41.1,Libertarian
2026-03-03,245,-15.98,6.3,93.7,Likely R,-13.15,3.3,-16.34,-13.23,-2.75,39.99,55.19,2.41,False,False,,IND,Nik Sandman,0.0,2.41,0.0,,,0,,0.0,592233,2368910,0,-10.44,-0.54,47.3,-2.3,35.8,78.2,52.4,54.3,47.8,47.8,46.0,43.3,38.7,35.9,35.9,36.8,36.8,39.9,35.3,37.2,38.1,43.6,49.1,47.3,51.0,44.8,43.9,43.9,42.9,42.0,41.1,40.2,39.2,39.2,38.3,38.3,38.3,39.2,39.2,40.2,41.1,Libertarian
2026-03-04,244,-15.87,6.5,93.5,Likely R,-13.12,3.39,-16.23,-13.23,-2.64,40.04,55.14,2.41,False,False,,IND,Nik Sandman,0.0,2.41,0.0,,,0,,0.0,592233,2368910,0,-10.35,-0.54,47.2,-2.5,35.9,78.2,52.5,54.3,47.9,47.9,46.1,43.3,38.7,36.0,36.0,36.9,36.9,40.0,35.4,37.2,38.1,43.7,49.2,47.3,51.0,44.8,43.9,43.9,43.0,42.1,41.1,40.2,39.3,39.3,38.4,38.4,38.4,39.3,39.3,40.2,41.1,Libertarian
2026-03-05,243,-15.9,6.4,93.6,Likely R,-13.13,3.36,-16.27,-13.23,-2.68,40.02,55.16,2.41,False,False,,IND,Nik Sandman,0.0,2.41,0.0,,,0,,0.0,592233,2368910,0,-10.38,-0.54,47.2,-2.4,35.9,78.2,52.4,54.3,47.8,47.8,46.1,43.3,38.7,36.0,36.0,36.9,36.9,40.0,35.4,37.2,38.1,43.6,49.2,47.3,51.0,44.8,43.9,43.9,43.0,42.0,41.1,40.2,39.3,39.3,38.4,38.4,38.4,39.3,39.3,40.2,41.1,Libertarian
2026-03-06,242,-15.9,6.4,93.6,Likely R,-13.13,3.36,-16.27,-13.23,-2.68,40.02,55.16,2.41,False,False,,IND,Nik Sandman,0.0,2.41,0.0,,,0,,0.0,592233,2368910,0,-10.38,-0.54,47.2,-2.4,35.9,78.2,52.4,54.3,47.8,47.8,46.1,43.3,38.7,36.0,36.0,36.9,36.9,40.0,35.4,37.2,38.1,43.6,49.2,47.3,51.0,44.8,43.9,43.9,43.0,42.0,41.1,40.2,39.3,39.3,38.4,38.4,38.4,39.3,39.3,40.2,41.1,Libertarian
2026-03-07,241,-15.9,6.4,93.6,Likely R,-13.13,3.36,-16.27,-13.23,-2.68,40.02,55.16,2.41,False,False,,IND,Nik Sandman,0.0,2.41,0.0,,,0,,0.0,592233,2368910,0,-10.38,-0.54,47.2,-2.4,35.9,78.2,52.4,54.3,47.8,47.8,46.1,43.3,38.7,36.0,36.0,36.9,36.9,40.0,35.4,37.2,38.1,43.6,49.2,47.3,51.0,44.8,43.9,43.9,43.0,42.0,41.1,40.2,39.3,39.3,38.4,38.4,38.4,39.3,39.3,40.2,41.1,Libertarian
2026-03-08,240,-15.9,6.4,93.6,Likely R,-13.13,3.36,-16.27,-13.23,-2.68,40.02,55.16,2.41,False,False,,IND,Nik Sandman,0.0,2.41,0.0,,,0,,0.0,592233,2368910,0,-10.38,-0.54,47.1,-2.4,35.9,78.2,52.4,54.3,47.8,47.8,46.1,43.3,38.7,36.0,36.0,36.9,36.9,40.0,35.4,37.2,38.1,43.6,49.2,47.3,51.0,44.8,43.9,43.9,43.0,42.0,41.1,40.2,39.3,39.3,38.4,38.4,38.4,39.3,39.3,40.2,41.1,Libertarian
2026-03-09,239,-15.9,6.4,93.6,Likely R,-13.13,3.36,-16.27,-13.23,-2.68,40.02,55.16,2.41,False,False,,IND,Nik Sandman,0.0,2.41,0.0,,,0,,0.0,592233,2368910,0,-10.38,-0.54,47.1,-2.4,35.9,78.2,52.4,54.3,47.8,47.8,46.1,43.3,38.7,36.0,36.0,36.9,36.9,40.0,35.4,37.2,38.1,43.6,49.2,47.3,51.0,44.8,43.9,43.9,43.0,42.0,41.1,40.2,39.3,39.3,38.4,38.4,38.4,39.3,39.3,40.2,41.1,Libertarian
2026-03-10,238,-15.89,6.4,93.6,Likely R,-13.13,3.37,-16.25,-13.23,-2.66,40.03,55.15,2.41,False,False,,IND,Nik Sandman,0.0,2.41,0.0,,,0,,0.0,592233,2368910,0,-10.37,-0.54,47.1,-2.4,35.9,78.2,52.5,54.3,47.9,47.9,46.1,43.3,38.7,36.0,36.0,36.9,36.9,40.0,35.4,37.2,38.1,43.6,49.2,47.3,51.0,44.8,43.9,43.9,43.0,42.0,41.1,40.2,39.3,39.3,38.4,38.4,38.4,39.3,39.3,40.2,41.1,Libertarian
2026-03-11,237,-15.89,6.4,93.6,Likely R,-13.13,3.37,-16.25,-13.23,-2.66,40.03,55.15,2.41,False,False,,IND,Nik Sandman,0.0,2.41,0.0,,,0,,0.0,592233,2368910,0,-10.37,-0.54,47.1,-2.4,35.9,78.2,52.5,54.3,47.9,47.9,46.1,43.3,38.7,36.0,36.0,36.9,36.9,40.0,35.4,37.2,38.1,43.6,49.2,47.3,51.0,44.8,43.9,43.9,43.0,42.0,41.1,40.2,39.3,39.3,38.4,38.4,38.4,39.3,39.3,40.2,41.1,Libertarian
2026-03-12,236,-15.89,6.4,93.6,Likely R,-13.13,3.37,-16.25,-13.23,-2.66,40.03,55.15,2.41,False,False,,IND,Nik Sandman,0.0,2.41,0.0,,,0,,0.0,592233,2368910,0,-10.37,-0.54,47.1,-2.4,35.9,78.2,52.5,54.3,47.9,47.9,46.1,43.3,38.7,36.0,36.0,36.9,36.9,40.0,35.4,37.2,38.1,43.6,49.2,47.3,51.0,44.8,43.9,43.9,43.0,42.0,41.1,40.2,39.3,39.3,38.4,38.4,38.4,39.3,39.3,40.2,41.1,Libertarian
2026-03-13,235,-15.88,6.4,93.6,Likely R,-13.13,3.38,-16.24,-13.23,-2.65,40.03,55.15,2.41,False,False,,IND,Nik Sandman,0.0,2.41,0.0,,,0,,0.0,592233,2368910,0,-10.36,-0.54,47.1,-2.4,35.9,78.2,52.5,54.3,47.9,47.9,46.1,43.3,38.7,36.0,36.0,36.9,36.9,40.0,35.4,37.2,38.1,43.6,49.2,47.3,51.0,44.8,43.9,43.9,43.0,42.0,41.1,40.2,39.3,39.3,38.4,38.4,38.4,39.3,39.3,40.2,41.1,Libertarian
2026-03-14,234,-15.88,6.4,93.6,Likely R,-13.13,3.38,-16.24,-13.23,-2.65,40.03,55.15,2.41,False,False,,IND,Nik Sandman,0.0,2.41,0.0,,,0,,0.0,592233,2368910,0,-10.36,-0.54,47.1,-2.4,35.9,78.2,52.5,54.3,47.9,47.9,46.1,43.3,38.7,36.0,36.0,36.9,36.9,40.0,35.4,37.2,38.1,43.6,49.2,47.3,51.0,44.8,43.9,43.9,43.0,42.0,41.1,40.2,39.3,39.3,38.4,38.4,38.4,39.3,39.3,40.2,41.1,Libertarian
2026-03-15,233,-15.88,6.4,93.6,Likely R,-13.13,3.38,-16.24,-13.23,-2.65,40.03,55.15,2.41,False,False,,IND,Nik Sandman,0.0,2.41,0.0,,,0,,0.0,592233,2368910,0,-10.36,-0.54,47.1,-2.4,35.9,78.2,52.5,54.3,47.9,47.9,46.1,43.3,38.7,36.0,36.0,36.9,36.9,40.0,35.4,37.2,38.1,43.6,49.2,47.3,51.0,44.8,43.9,43.9,43.0,42.0,41.1,40.2,39.3,39.3,38.4,38.4,38.4,39.3,39.3,40.2,41.1,Libertarian
2026-03-16,232,-15.83,6.5,93.5,Likely R,-13.12,3.42,-16.19,-13.23,-2.6,40.06,55.12,2.41,False,False,,IND,Nik Sandman,0.0,2.41,0.0,,,0,,0.0,592233,2368910,0,-10.32,-0.54,47.0,-2.6,35.9,78.3,52.5,54.3,47.9,47.9,46.1,43.4,38.8,36.0,36.0,36.9,36.9,40.0,35.4,37.2,38.2,43.7,49.2,47.4,51.0,44.8,43.9,43.9,43.0,42.1,41.2,40.2,39.3,39.3,38.4,38.4,38.4,39.3,39.3,40.2,41.2,Libertarian
2026-03-17,231,-15.72,6.6,93.4,Likely R,-13.09,3.51,-16.08,-13.23,-2.49,40.11,55.07,2.41,False,False,,IND,Nik Sandman,0.0,2.41,0.0,,,0,,0.0,592233,2368910,0,-10.23,-0.54,47.0,-2.5,36.0,78.3,52.5,54.4,47.9,47.9,46.2,43.4,38.8,36.0,36.0,37.0,37.0,40.0,35.4,37.3,38.2,43.7,49.3,47.4,51.1,44.9,44.0,44.0,43.1,42.1,41.2,40.3,39.4,39.4,38.4,38.4,38.4,39.4,39.4,40.3,41.2,Libertarian
2026-03-18,230,-15.7,6.6,93.4,Likely R,-13.09,3.52,-16.07,-13.23,-2.48,40.12,55.06,2.41,False,False,,IND,Nik Sandman,0.0,2.41,0.0,,,0,,0.0,592233,2368910,0,-10.22,-0.54,46.9,-2.6,36.0,78.3,52.5,54.4,47.9,47.9,46.2,43.4,38.8,36.1,36.1,37.0,37.0,40.1,35.5,37.3,38.2,43.7,49.3,47.4,51.1,44.9,44.0,44.0,43.1,42.1,41.2,40.3,39.4,39.4,38.5,38.5,38.5,39.4,39.4,40.3,41.2,Libertarian
2026-03-19,229,-15.72,6.6,93.4,Likely R,-13.09,3.51,-16.08,-13.23,-2.49,40.11,55.07,2.41,False,False,,IND,Nik Sandman,0.0,2.41,0.0,,,0,,0.0,592233,2368910,0,-10.23,-0.54,46.9,-2.6,36.0,78.3,52.5,54.4,47.9,47.9,46.2,43.4,38.8,36.0,36.0,37.0,37.0,40.0,35.4,37.3,38.2,43.7,49.3,47.4,51.1,44.9,44.0,44.0,43.1,42.1,41.2,40.3,39.4,39.4,38.4,38.4,38.4,39.4,39.4,40.3,41.2,Libertarian
2026-03-20,228,-15.72,6.6,93.4,Likely R,-13.09,3.51,-16.08,-13.23,-2.49,40.11,55.07,2.41,False,False,,IND,Nik Sandman,0.0,2.41,0.0,,,0,,0.0,592233,2368910,0,-10.23,-0.54,46.8,-2.9,36.0,78.3,52.5,54.4,47.9,47.9,46.2,43.4,38.8,36.0,36.0,37.0,37.0,40.0,35.4,37.3,38.2,43.7,49.3,47.4,51.1,44.9,44.0,44.0,43.1,42.1,41.2,40.3,39.4,39.4,38.4,38.4,38.4,39.4,39.4,40.3,41.2,Libertarian
2026-03-21,227,-15.72,6.6,93.4,Likely R,-13.09,3.51,-16.08,-13.23,-2.49,40.11,55.07,2.41,False,False,,IND,Nik Sandman,0.0,2.41,0.0,,,0,,0.0,592233,2368910,0,-10.23,-0.54,46.8,-2.9,36.0,78.3,52.5,54.4,47.9,47.9,46.2,43.4,38.8,36.0,36.0,37.0,37.0,40.0,35.4,37.3,38.2,43.7,49.3,47.4,51.1,44.9,44.0,44.0,43.1,42.1,41.2,40.3,39.4,39.4,38.4,38.4,38.4,39.4,39.4,40.3,41.2,Libertarian
2026-03-22,226,-15.7,6.6,93.4,Likely R,-13.09,3.52,-16.07,-13.23,-2.48,40.12,55.06,2.41,False,False,,IND,Nik Sandman,0.0,2.41,0.0,,,0,,0.0,592233,2368910,0,-10.22,-0.54,46.9,-2.8,36.0,78.3,52.5,54.4,47.9,47.9,46.2,43.4,38.8,36.1,36.1,37.0,37.0,40.1,35.5,37.3,38.2,43.7,49.3,47.4,51.1,44.9,44.0,44.0,43.1,42.1,41.2,40.3,39.4,39.4,38.5,38.5,38.5,39.4,39.4,40.3,41.2,Libertarian
2026-03-23,225,-15.63,6.7,93.3,Likely R,-13.08,3.58,-15.99,-13.23,-2.4,40.15,55.03,2.41,False,False,,IND,Nik Sandman,0.0,2.41,0.0,,,0,,0.0,592233,2368910,0,-10.16,-0.54,46.7,-3.3,36.0,78.4,52.6,54.4,48.0,48.0,46.2,43.4,38.8,36.1,36.1,37.0,37.0,40.1,35.5,37.3,38.2,43.8,49.3,47.5,51.1,44.9,44.0,44.0,43.1,42.2,41.2,40.3,39.4,39.4,38.5,38.5,38.5,39.4,39.4,40.3,41.2,Libertarian
2026-03-24,224,-15.62,6.7,93.3,Likely R,-13.07,3.59,-15.98,-13.23,-2.39,40.16,55.02,2.41,False,False,,IND,Nik Sandman,0.0,2.41,0.0,,,0,,0.0,592233,2368910,0,-10.15,-0.54,46.7,-3.2,36.0,78.4,52.6,54.4,48.0,48.0,46.2,43.5,38.9,36.1,36.1,37.0,37.0,40.1,35.5,37.3,38.3,43.8,49.3,47.5,51.1,44.9,44.0,44.0,43.1,42.2,41.3,40.3,39.4,39.4,38.5,38.5,38.5,39.4,39.4,40.3,41.3,Libertarian
2026-03-25,223,-15.6,6.8,93.2,Likely R,-13.07,3.6,-15.97,-13.23,-2.38,40.16,55.02,2.41,False,False,,IND,Nik Sandman,0.0,2.41,0.0,,,0,,0.0,592233,2368910,0,-10.14,-0.54,46.5,-3.4,36.0,78.4,52.6,54.4,48.0,48.0,46.2,43.5,38.9,36.1,36.1,37.0,37.0,40.1,35.5,37.3,38.3,43.8,49.3,47.5,51.1,44.9,44.0,44.0,43.1,42.2,41.3,40.3,39.4,39.4,38.5,38.5,38.5,39.4,39.4,40.3,41.3,Libertarian
2026-03-26,222,-15.62,6.7,93.3,Likely R,-13.07,3.59,-15.98,-13.23,-2.39,40.16,55.02,2.41,False,False,,IND,Nik Sandman,0.0,2.41,0.0,,,0,,0.0,592233,2368910,0,-10.15,-0.54,46.6,-3.4,36.0,78.4,52.6,54.4,48.0,48.0,46.2,43.5,38.9,36.1,36.1,37.0,37.0,40.1,35.5,37.3,38.3,43.8,49.3,47.5,51.1,44.9,44.0,44.0,43.1,42.2,41.3,40.3,39.4,39.4,38.5,38.5,38.5,39.4,39.4,40.3,41.3,Libertarian
2026-03-27,221,-15.6,6.8,93.2,Likely R,-13.07,3.6,-15.97,-13.23,-2.38,40.16,55.02,2.41,False,False,,IND,Nik Sandman,0.0,2.41,0.0,,,0,,0.0,592233,2368910,0,-10.14,-0.54,46.6,-3.4,36.0,78.4,52.6,54.4,48.0,48.0,46.2,43.5,38.9,36.1,36.1,37.0,37.0,40.1,35.5,37.3,38.3,43.8,49.3,47.5,51.1,44.9,44.0,44.0,43.1,42.2,41.3,40.3,39.4,39.4,38.5,38.5,38.5,39.4,39.4,40.3,41.3,Libertarian
2026-03-28,220,-15.6,6.8,93.2,Likely R,-13.07,3.6,-15.97,-13.23,-2.38,40.16,55.02,2.41,False,False,,IND,Nik Sandman,0.0,2.41,0.0,,,0,,0.0,592233,2368910,0,-10.14,-0.54,46.6,-3.3,36.0,78.4,52.6,54.4,48.0,48.0,46.2,43.5,38.9,36.1,36.1,37.0,37.0,40.1,35.5,37.3,38.3,43.8,49.3,47.5,51.1,44.9,44.0,44.0,43.1,42.2,41.3,40.3,39.4,39.4,38.5,38.5,38.5,39.4,39.4,40.3,41.3,Libertarian
2026-03-29,219,-15.6,6.8,93.2,Likely R,-13.07,3.6,-15.97,-13.23,-2.38,40.16,55.02,2.41,False,False,,IND,Nik Sandman,0.0,2.41,0.0,,,0,,0.0,592233,2368910,0,-10.14,-0.54,46.6,-3.2,36.0,78.4,52.6,54.4,48.0,48.0,46.2,43.5,38.9,36.1,36.1,37.0,37.0,40.1,35.5,37.3,38.3,43.8,49.3,47.5,51.1,44.9,44.0,44.0,43.1,42.2,41.3,40.3,39.4,39.4,38.5,38.5,38.5,39.4,39.4,40.3,41.3,Libertarian
2026-03-30,218,-15.54,6.8,93.2,Likely R,-13.06,3.65,-15.9,-13.23,-2.31,40.19,54.99,2.41,False,False,,IND,Nik Sandman,0.0,2.41,0.0,,,0,,0.0,592233,2368910,0,-10.09,-0.54,46.4,-3.7,36.0,78.4,52.6,54.5,48.0,48.0,46.3,43.5,38.9,36.1,36.1,37.0,37.0,40.1,35.5,37.4,38.3,43.8,49.3,47.5,51.2,45.0,44.1,44.1,43.1,42.2,41.3,40.4,39.4,39.4,38.5,38.5,38.5,39.4,39.4,40.4,41.3,Libertarian
2026-03-31,217,-15.54,6.8,93.2,Likely R,-13.06,3.65,-15.9,-13.23,-2.31,40.19,54.99,2.41,False,False,,IND,Nik Sandman,0.0,2.41,0.0,,,0,,0.0,592233,2368910,0,-10.09,-0.54,46.4,-3.7,36.0,78.4,52.6,54.5,48.0,48.0,46.3,43.5,38.9,36.1,36.1,37.0,37.0,40.1,35.5,37.4,38.3,43.8,49.3,47.5,51.2,45.0,44.1,44.1,43.1,42.2,41.3,40.4,39.4,39.4,38.5,38.5,38.5,39.4,39.4,40.4,41.3,Libertarian
2026-04-01,216,-15.5,6.9,93.1,Likely R,-13.05,3.68,-15.87,-13.23,-2.28,40.21,54.97,2.41,False,False,,IND,Nik Sandman,0.0,2.41,0.0,,,0,,0.0,592233,2368910,0,-10.06,-0.54,46.4,-3.7,36.1,78.4,52.6,54.5,48.0,48.0,46.3,43.5,38.9,36.1,36.1,37.1,37.1,40.1,35.5,37.4,38.3,43.8,49.4,47.5,51.2,45.0,44.1,44.1,43.2,42.2,41.3,40.4,39.5,39.5,38.5,38.5,38.5,39.5,39.5,40.4,41.3,Libertarian
2026-04-02,215,-15.5,6.9,93.1,Likely R,-13.05,3.68,-15.87,-13.23,-2.28,40.21,54.97,2.41,False,False,,IND,Nik Sandman,0.0,2.41,0.0,,,0,,0.0,592233,2368910,0,-10.06,-0.54,46.4,-3.6,36.1,78.4,52.6,54.5,48.0,48.0,46.3,43.5,38.9,36.1,36.1,37.1,37.1,40.1,35.5,37.4,38.3,43.8,49.4,47.5,51.2,45.0,44.1,44.1,43.2,42.2,41.3,40.4,39.5,39.5,38.5,38.5,38.5,39.5,39.5,40.4,41.3,Libertarian
2026-04-03,214,-15.49,6.9,93.1,Likely R,-13.05,3.69,-15.85,-13.23,-2.26,40.22,54.96,2.41,False,False,,IND,Nik Sandman,0.0,2.41,0.0,,,0,,0.0,592233,2368910,0,-10.05,-0.54,46.4,-3.6,36.1,78.4,52.7,54.5,48.0,48.0,46.3,43.5,38.9,36.2,36.2,37.1,37.1,40.2,35.6,37.4,38.3,43.8,49.4,47.5,51.2,45.0,44.1,44.1,43.2,42.2,41.3,40.4,39.5,39.5,38.6,38.6,38.6,39.5,39.5,40.4,41.3,Libertarian
2026-04-04,213,-15.49,6.9,93.1,Likely R,-13.05,3.69,-15.85,-13.23,-2.26,40.22,54.96,2.41,False,False,,IND,Nik Sandman,0.0,2.41,0.0,,,0,,0.0,592233,2368910,0,-10.05,-0.54,46.4,-3.6,36.1,78.4,52.7,54.5,48.0,48.0,46.3,43.5,38.9,36.2,36.2,37.1,37.1,40.2,35.6,37.4,38.3,43.8,49.4,47.5,51.2,45.0,44.1,44.1,43.2,42.2,41.3,40.4,39.5,39.5,38.6,38.6,38.6,39.5,39.5,40.4,41.3,Libertarian
2026-04-05,212,-15.48,6.9,93.1,Likely R,-13.05,3.7,-15.84,-13.23,-2.25,40.22,54.96,2.41,False,False,,IND,Nik Sandman,0.0,2.41,0.0,,,0,,0.0,592233,2368910,0,-10.04,-0.54,46.4,-3.6,36.1,78.4,52.7,54.5,48.0,48.0,46.3,43.5,38.9,36.2,36.2,37.1,37.1,40.2,35.6,37.4,38.3,43.8,49.4,47.5,51.2,45.0,44.1,44.1,43.2,42.2,41.3,40.4,39.5,39.5,38.6,38.6,38.6,39.5,39.5,40.4,41.3,Libertarian
2026-04-06,211,-15.53,6.8,93.2,Likely R,-13.06,3.66,-15.89,-13.23,-2.3,40.2,54.98,2.41,False,False,,IND,Nik Sandman,0.0,2.41,0.0,,,0,,0.0,592233,2368910,0,-10.08,-0.54,46.5,-3.5,36.1,78.4,52.6,54.5,48.0,48.0,46.3,43.5,38.9,36.1,36.1,37.1,37.1,40.1,35.5,37.4,38.3,43.8,49.3,47.5,51.2,45.0,44.1,44.1,43.1,42.2,41.3,40.4,39.5,39.5,38.5,38.5,38.5,39.5,39.5,40.4,41.3,Libertarian
2026-04-07,210,-14.24,8.6,91.4,Likely R,-11.77,3.66,-14.61,-13.23,-1.02,40.81,54.37,2.41,False,False,,IND,Nik Sandman,0.0,2.41,0.0,,,0,,0.0,592233,2368910,0,-10.08,-0.54,46.4,-3.5,36.7,79.1,53.3,55.1,48.6,48.6,46.9,44.1,39.5,36.7,36.7,37.7,37.7,40.7,36.1,38.0,38.9,44.4,50.0,48.1,51.8,45.6,44.7,44.7,43.8,42.8,41.9,41.0,40.1,40.1,39.1,39.1,39.1,40.1,40.1,41.0,41.9,Libertarian
2026-04-08,209,-14.23,8.6,91.4,Likely R,-11.77,3.67,-14.59,-13.23,-1.0,40.82,54.36,2.41,False,False,,IND,Nik Sandman,0.0,2.41,0.0,,,0,,0.0,592233,2368910,0,-10.07,-0.54,46.4,-3.5,36.7,79.1,53.3,55.1,48.7,48.7,46.9,44.1,39.5,36.8,36.8,37.7,37.7,40.8,36.2,38.0,38.9,44.4,50.0,48.1,51.8,45.6,44.7,44.7,43.8,42.8,41.9,41.0,40.1,40.1,39.2,39.2,39.2,40.1,40.1,41.0,41.9,Libertarian
2026-04-09,208,-14.19,8.7,91.3,Likely R,-11.76,3.7,-14.56,-13.23,-0.97,40.84,54.34,2.41,False,False,,IND,Nik Sandman,0.0,2.41,0.0,,,0,,0.0,592233,2368910,0,-10.04,-0.54,46.4,-3.4,36.7,79.1,53.3,55.1,48.7,48.7,46.9,44.1,39.5,36.8,36.8,37.7,37.7,40.8,36.2,38.0,38.9,44.5,50.0,48.2,51.8,45.6,44.7,44.7,43.8,42.9,41.9,41.0,40.1,40.1,39.2,39.2,39.2,40.1,40.1,41.0,41.9,Libertarian
2026-04-10,207,-14.19,8.7,91.3,Likely R,-11.76,3.7,-14.56,-13.23,-0.97,40.84,54.34,2.41,False,False,,IND,Nik Sandman,0.0,2.41,0.0,,,0,,0.0,592233,2368910,0,-10.04,-0.54,46.4,-3.6,36.7,79.1,53.3,55.1,48.7,48.7,46.9,44.1,39.5,36.8,36.8,37.7,37.7,40.8,36.2,38.0,38.9,44.5,50.0,48.2,51.8,45.6,44.7,44.7,43.8,42.9,41.9,41.0,40.1,40.1,39.2,39.2,39.2,40.1,40.1,41.0,41.9,Libertarian
2026-04-11,206,-14.18,8.7,91.3,Likely R,-11.76,3.71,-14.54,-13.23,-0.95,40.84,54.34,2.41,False,False,,IND,Nik Sandman,0.0,2.41,0.0,,,0,,0.0,592233,2368910,0,-10.03,-0.54,46.4,-3.6,36.7,79.1,53.3,55.1,48.7,48.7,46.9,44.1,39.5,36.8,36.8,37.7,37.7,40.8,36.2,38.0,38.9,44.5,50.0,48.2,51.8,45.6,44.7,44.7,43.8,42.9,41.9,41.0,40.1,40.1,39.2,39.2,39.2,40.1,40.1,41.0,41.9,Libertarian
2026-04-12,205,-14.21,8.7,91.3,Likely R,-11.76,3.69,-14.57,-13.23,-0.98,40.83,54.35,2.41,False,False,,IND,Nik Sandman,0.0,2.41,0.0,,,0,,0.0,592233,2368910,0,-10.05,-0.54,46.5,-3.5,36.7,79.1,53.3,55.1,48.7,48.7,46.9,44.1,39.5,36.8,36.8,37.7,37.7,40.8,36.2,38.0,38.9,44.5,50.0,48.1,51.8,45.6,44.7,44.7,43.8,42.9,41.9,41.0,40.1,40.1,39.2,39.2,39.2,40.1,40.1,41.0,41.9,Libertarian
2026-04-13,204,-14.17,8.7,91.3,Likely R,-11.76,3.72,-14.53,-13.23,-0.94,40.85,54.33,2.41,False,False,,IND,Nik Sandman,0.0,2.41,0.0,,,0,,0.0,592233,2368910,0,-10.02,-0.54,46.3,-3.7,36.7,79.1,53.3,55.1,48.7,48.7,46.9,44.2,39.5,36.8,36.8,37.7,37.7,40.8,36.2,38.0,38.9,44.5,50.0,48.2,51.8,45.6,44.7,44.7,43.8,42.9,42.0,41.0,40.1,40.1,39.2,39.2,39.2,40.1,40.1,41.0,42.0,Libertarian
2026-04-14,203,-14.13,8.8,91.2,Likely R,-11.75,3.75,-14.49,-13.23,-0.9,40.86,54.32,2.41,False,False,,IND,Nik Sandman,0.0,2.41,0.0,,,0,,0.0,592233,2368910,0,-9.99,-0.54,46.3,-3.8,36.7,79.1,53.3,55.1,48.7,48.7,46.9,44.2,39.6,36.8,36.8,37.7,37.7,40.8,36.2,38.0,39.0,44.5,50.0,48.2,51.9,45.6,44.7,44.7,43.8,42.9,42.0,41.0,40.1,40.1,39.2,39.2,39.2,40.1,40.1,41.0,42.0,Libertarian
2026-04-15,202,-14.12,8.8,91.2,Likely R,-11.75,3.76,-14.48,-13.23,-0.89,40.87,54.31,2.41,False,False,,IND,Nik Sandman,0.0,2.41,0.0,,,0,,0.0,592233,2368910,0,-9.98,-0.54,46.3,-3.8,36.7,79.1,53.3,55.2,48.7,48.7,46.9,44.2,39.6,36.8,36.8,37.7,37.7,40.8,36.2,38.0,39.0,44.5,50.0,48.2,51.9,45.7,44.7,44.7,43.8,42.9,42.0,41.0,40.1,40.1,39.2,39.2,39.2,40.1,40.1,41.0,42.0,Libertarian
2026-04-16,201,-14.09,8.8,91.2,Likely R,-11.74,3.78,-14.45,-13.23,-0.86,40.88,54.3,2.41,False,False,,IND,Nik Sandman,0.0,2.41,0.0,,,0,,0.0,592233,2368910,0,-9.96,-0.54,46.3,-3.9,36.7,79.1,53.3,55.2,48.7,48.7,46.9,44.2,39.6,36.8,36.8,37.7,37.7,40.8,36.2,38.1,39.0,44.5,50.0,48.2,51.9,45.7,44.7,44.7,43.8,42.9,42.0,41.1,40.1,40.1,39.2,39.2,39.2,40.1,40.1,41.1,42.0,Libertarian
2026-04-17,200,-14.08,8.9,91.1,Likely R,-11.74,3.79,-14.44,-13.23,-0.85,40.89,54.29,2.41,False,False,,IND,Nik Sandman,0.0,2.41,0.0,,,0,,0.0,592233,2368910,0,-9.95,-0.54,46.3,-3.9,36.7,79.1,53.3,55.2,48.7,48.7,47.0,44.2,39.6,36.8,36.8,37.7,37.7,40.8,36.2,38.1,39.0,44.5,50.0,48.2,51.9,45.7,44.8,44.8,43.8,42.9,42.0,41.1,40.1,40.1,39.2,39.2,39.2,40.1,40.1,41.1,42.0,Libertarian
2026-04-18,199,-14.08,8.9,91.1,Likely R,-11.74,3.79,-14.44,-13.23,-0.85,40.89,54.29,2.41,False,False,,IND,Nik Sandman,0.0,2.41,0.0,,,0,,0.0,592233,2368910,0,-9.95,-0.54,46.3,-3.9,36.7,79.1,53.3,55.2,48.7,48.7,47.0,44.2,39.6,36.8,36.8,37.7,37.7,40.8,36.2,38.1,39.0,44.5,50.0,48.2,51.9,45.7,44.8,44.8,43.8,42.9,42.0,41.1,40.1,40.1,39.2,39.2,39.2,40.1,40.1,41.1,42.0,Libertarian
2026-04-19,198,-14.07,8.9,91.1,Likely R,-11.74,3.8,-14.43,-13.23,-0.84,40.89,54.29,2.41,False,False,,IND,Nik Sandman,0.0,2.41,0.0,,,0,,0.0,592233,2368910,0,-9.94,-0.54,46.2,-4.0,36.7,79.1,53.3,55.2,48.7,48.7,47.0,44.2,39.6,36.8,36.8,37.7,37.7,40.8,36.2,38.1,39.0,44.5,50.0,48.2,51.9,45.7,44.8,44.8,43.8,42.9,42.0,41.1,40.1,40.1,39.2,39.2,39.2,40.1,40.1,41.1,42.0,Libertarian
2026-04-20,197,-14.07,8.9,91.1,Likely R,-11.74,3.8,-14.43,-13.23,-0.84,40.89,54.29,2.41,False,False,,IND,Nik Sandman,0.0,2.41,0.0,,,0,,0.0,592233,2368910,0,-9.94,-0.54,45.9,-4.6,36.7,79.1,53.3,55.2,48.7,48.7,47.0,44.2,39.6,36.8,36.8,37.7,37.7,40.8,36.2,38.1,39.0,44.5,50.0,48.2,51.9,45.7,44.8,44.8,43.8,42.9,42.0,41.1,40.1,40.1,39.2,39.2,39.2,40.1,40.1,41.1,42.0,Libertarian
2026-04-21,196,-14.07,8.9,91.1,Likely R,-11.74,3.8,-14.43,-13.23,-0.84,40.89,54.29,2.41,False,False,,IND,Nik Sandman,0.0,2.41,0.0,,,0,,0.0,592233,2368910,0,-9.94,-0.54,45.9,-4.6,36.7,79.1,53.3,55.2,48.7,48.7,47.0,44.2,39.6,36.8,36.8,37.7,37.7,40.8,36.2,38.1,39.0,44.5,50.0,48.2,51.9,45.7,44.8,44.8,43.8,42.9,42.0,41.1,40.1,40.1,39.2,39.2,39.2,40.1,40.1,41.1,42.0,Libertarian
2026-04-22,195,-14.06,8.9,91.1,Likely R,-11.73,3.81,-14.42,-13.23,-0.83,40.9,54.28,2.41,False,False,,IND,Nik Sandman,0.0,2.41,0.0,,,0,,0.0,592233,2368910,0,-9.93,-0.54,45.9,-4.6,36.8,79.1,53.3,55.2,48.7,48.7,47.0,44.2,39.6,36.8,36.8,37.8,37.8,40.8,36.2,38.1,39.0,44.5,50.1,48.2,51.9,45.7,44.8,44.8,43.8,42.9,42.0,41.1,40.2,40.2,39.2,39.2,39.2,40.2,40.2,41.1,42.0,Libertarian
2026-04-23,194,-14.03,8.9,91.1,Likely R,-11.73,3.83,-14.39,-13.23,-0.8,40.91,54.27,2.41,False,False,,IND,Nik Sandman,0.0,2.41,0.0,,,0,,0.0,592233,2368910,0,-9.91,-0.54,45.9,-4.6,36.8,79.2,53.4,55.2,48.7,48.7,47.0,44.2,39.6,36.8,36.8,37.8,37.8,40.8,36.2,38.1,39.0,44.5,50.1,48.2,51.9,45.7,44.8,44.8,43.9,42.9,42.0,41.1,40.2,40.2,39.2,39.2,39.2,40.2,40.2,41.1,42.0,Libertarian
2026-04-24,193,-14.03,8.9,91.1,Likely R,-11.73,3.83,-14.39,-13.23,-0.8,40.91,54.27,2.41,False,False,,IND,Nik Sandman,0.0,2.41,0.0,,,0,,0.0,592233,2368910,0,-9.91,-0.54,46.0,-4.6,36.8,79.2,53.4,55.2,48.7,48.7,47.0,44.2,39.6,36.8,36.8,37.8,37.8,40.8,36.2,38.1,39.0,44.5,50.1,48.2,51.9,45.7,44.8,44.8,43.9,42.9,42.0,41.1,40.2,40.2,39.2,39.2,39.2,40.2,40.2,41.1,42.0,Libertarian
2026-04-25,192,-14.02,8.9,91.1,Likely R,-11.73,3.84,-14.38,-13.23,-0.79,40.92,54.26,2.41,False,False,,IND,Nik Sandman,0.0,2.41,0.0,,,0,,0.0,592233,2368910,0,-9.9,-0.54,46.0,-4.6,36.8,79.2,53.4,55.2,48.8,48.8,47.0,44.2,39.6,36.8,36.8,37.8,37.8,40.9,36.2,38.1,39.0,44.5,50.1,48.2,51.9,45.7,44.8,44.8,43.9,42.9,42.0,41.1,40.2,40.2,39.3,39.3,39.3,40.2,40.2,41.1,42.0,Libertarian
2026-04-26,191,-13.97,9.0,91.0,Likely R,-11.72,3.88,-14.33,-13.23,-0.74,40.94,54.24,2.41,False,False,,IND,Nik Sandman,0.0,2.41,0.0,,,0,,0.0,592233,2368910,0,-9.86,-0.54,45.8,-4.9,36.8,79.2,53.4,55.2,48.8,48.8,47.0,44.2,39.6,36.9,36.9,37.8,37.8,40.9,36.3,38.1,39.0,44.6,50.1,48.3,51.9,45.7,44.8,44.8,43.9,43.0,42.0,41.1,40.2,40.2,39.3,39.3,39.3,40.2,40.2,41.1,42.0,Libertarian
2026-04-27,190,-14.01,9.0,91.0,Likely R,-11.73,3.85,-14.37,-13.23,-0.78,40.92,54.26,2.41,False,False,,IND,Nik Sandman,0.0,2.41,0.0,,,0,,0.0,592233,2368910,0,-9.89,-0.54,45.8,-5.0,36.8,79.2,53.4,55.2,48.8,48.8,47.0,44.2,39.6,36.8,36.8,37.8,37.8,40.9,36.2,38.1,39.0,44.5,50.1,48.2,51.9,45.7,44.8,44.8,43.9,42.9,42.0,41.1,40.2,40.2,39.3,39.3,39.3,40.2,40.2,41.1,42.0,Libertarian
2026-04-28,189,-14.0,9.0,91.0,Likely R,-11.72,3.86,-14.36,-13.23,-0.77,40.93,54.25,2.41,False,False,,IND,Nik Sandman,0.0,2.41,0.0,,,0,,0.0,592233,2368910,0,-9.88,-0.54,45.8,-5.1,36.8,79.2,53.4,55.2,48.8,48.8,47.0,44.2,39.6,36.9,36.9,37.8,37.8,40.9,36.3,38.1,39.0,44.6,50.1,48.2,51.9,45.7,44.8,44.8,43.9,43.0,42.0,41.1,40.2,40.2,39.3,39.3,39.3,40.2,40.2,41.1,42.0,Libertarian
2026-04-29,188,-13.98,9.0,91.0,Likely R,-11.72,3.87,-14.35,-13.23,-0.76,40.94,54.24,2.41,False,False,,IND,Nik Sandman,0.0,2.41,0.0,,,0,,0.0,592233,2368910,0,-9.87,-0.54,45.8,-5.1,36.8,79.2,53.4,55.2,48.8,48.8,47.0,44.2,39.6,36.9,36.9,37.8,37.8,40.9,36.3,38.1,39.0,44.6,50.1,48.3,51.9,45.7,44.8,44.8,43.9,43.0,42.0,41.1,40.2,40.2,39.3,39.3,39.3,40.2,40.2,41.1,42.0,Libertarian
2026-04-30,187,-13.87,9.2,90.8,Likely R,-11.69,3.96,-14.23,-13.23,-0.64,40.99,54.19,2.41,False,False,,IND,Nik Sandman,0.0,2.41,0.0,,,0,,0.0,592233,2368910,0,-9.78,-0.54,45.7,-5.2,36.8,79.2,53.4,55.3,48.8,48.8,47.1,44.3,39.7,36.9,36.9,37.8,37.8,40.9,36.3,38.2,39.1,44.6,50.1,48.3,52.0,45.8,44.9,44.9,43.9,43.0,42.1,41.2,40.2,40.2,39.3,39.3,39.3,40.2,40.2,41.2,42.1,Libertarian
2026-05-01,186,-13.38,10.0,90.0,Likely R,-11.61,4.36,-13.74,-13.23,-0.15,41.22,53.96,2.41,False,False,,IND,Nik Sandman,0.0,2.41,0.0,,,0,,0.0,592233,2368910,0,-9.38,-0.54,45.7,-5.2,37.1,79.5,53.7,55.5,49.1,49.1,47.3,44.5,39.9,37.1,37.1,38.1,38.1,41.2,36.5,38.4,39.3,44.8,50.4,48.5,52.2,46.0,45.1,45.1,44.2,43.2,42.3,41.4,40.5,40.5,39.6,39.6,39.6,40.5,40.5,41.4,42.3,Libertarian
2026-05-02,185,-13.38,10.0,90.0,Likely R,-11.61,4.36,-13.74,-13.23,-0.15,41.22,53.96,2.41,False,False,,IND,Nik Sandman,0.0,2.41,0.0,,,0,,0.0,592233,2368910,0,-9.38,-0.54,45.7,-5.2,37.1,79.5,53.7,55.5,49.1,49.1,47.3,44.5,39.9,37.1,37.1,38.1,38.1,41.2,36.5,38.4,39.3,44.8,50.4,48.5,52.2,46.0,45.1,45.1,44.2,43.2,42.3,41.4,40.5,40.5,39.6,39.6,39.6,40.5,40.5,41.4,42.3,Libertarian
2026-05-03,184,-13.43,9.9,90.1,Likely R,-11.62,4.32,-13.8,-13.23,-0.21,41.2,53.98,2.41,False,False,,IND,Nik Sandman,0.0,2.41,0.0,,,0,,0.0,592233,2368910,0,-9.42,-0.54,45.8,-5.1,37.1,79.5,53.6,55.5,49.0,49.0,47.3,44.5,39.9,37.1,37.1,38.0,38.0,41.1,36.5,38.4,39.3,44.8,50.4,48.5,52.2,46.0,45.1,45.1,44.1,43.2,42.3,41.4,40.5,40.5,39.5,39.5,39.5,40.5,40.5,41.4,42.3,Libertarian
2026-05-04,183,-13.43,9.9,90.1,Likely R,-11.62,4.32,-13.8,-13.23,-0.21,41.2,53.98,2.41,False,False,,IND,Nik Sandman,0.0,2.41,0.0,,,0,,0.0,592233,2368910,0,-9.42,-0.54,45.7,-5.4,37.1,79.5,53.6,55.5,49.0,49.0,47.3,44.5,39.9,37.1,37.1,38.0,38.0,41.1,36.5,38.4,39.3,44.8,50.4,48.5,52.2,46.0,45.1,45.1,44.1,43.2,42.3,41.4,40.5,40.5,39.5,39.5,39.5,40.5,40.5,41.4,42.3,Libertarian
2026-05-05,182,-13.44,9.9,90.1,Likely R,-11.62,4.32,-13.8,-13.23,-0.21,41.2,53.98,2.41,False,False,,IND,Nik Sandman,0.0,2.41,0.0,,,0,,0.0,592233,2368910,0,-9.42,-0.54,45.7,-5.4,37.1,79.5,53.6,55.5,49.0,49.0,47.3,44.5,39.9,37.1,37.1,38.0,38.0,41.1,36.5,38.4,39.3,44.8,50.4,48.5,52.2,46.0,45.1,45.1,44.1,43.2,42.3,41.4,40.5,40.5,39.5,39.5,39.5,40.5,40.5,41.4,42.3,Libertarian
2026-05-06,181,-13.41,9.9,90.1,Likely R,-11.62,4.34,-13.77,-13.23,-0.18,41.21,53.97,2.41,False,False,,IND,Nik Sandman,0.0,2.41,0.0,,,0,,0.0,592233,2368910,0,-9.4,-0.54,45.7,-5.4,37.1,79.5,53.7,55.5,49.0,49.0,47.3,44.5,39.9,37.1,37.1,38.1,38.1,41.1,36.5,38.4,39.3,44.8,50.4,48.5,52.2,46.0,45.1,45.1,44.2,43.2,42.3,41.4,40.5,40.5,39.5,39.5,39.5,40.5,40.5,41.4,42.3,Libertarian
2026-05-07,180,-13.2,10.2,89.8,Likely R,-11.57,4.5,-13.57,-13.23,0.02,41.31,53.87,2.41,False,False,,IND,Nik Sandman,0.0,2.41,0.0,,,0,,0.0,592233,2368910,0,-9.24,-0.54,45.7,-5.4,37.2,79.6,53.8,55.6,49.1,49.1,47.4,44.6,40.0,37.2,37.2,38.2,38.2,41.2,36.6,38.5,39.4,44.9,50.5,48.6,52.3,46.1,45.2,45.2,44.3,43.3,42.4,41.5,40.6,40.6,39.6,39.6,39.6,40.6,40.6,41.5,42.4,Libertarian
2026-05-08,179,-13.2,10.2,89.8,Likely R,-11.57,4.5,-13.57,-13.23,0.02,41.31,53.87,2.41,False,False,,IND,Nik Sandman,0.0,2.41,0.0,,,0,,0.0,592233,2368910,0,-9.24,-0.54,45.7,-5.4,37.2,79.6,53.8,55.6,49.1,49.1,47.4,44.6,40.0,37.2,37.2,38.2,38.2,41.2,36.6,38.5,39.4,44.9,50.5,48.6,52.3,46.1,45.2,45.2,44.3,43.3,42.4,41.5,40.6,40.6,39.6,39.6,39.6,40.6,40.6,41.5,42.4,Libertarian
2026-05-09,178,-13.2,10.2,89.8,Likely R,-11.57,4.5,-13.57,-13.23,0.02,41.31,53.87,2.41,False,False,,IND,Nik Sandman,0.0,2.41,0.0,,,0,,0.0,592233,2368910,0,-9.24,-0.54,45.7,-5.4,37.2,79.6,53.8,55.6,49.1,49.1,47.4,44.6,40.0,37.2,37.2,38.2,38.2,41.2,36.6,38.5,39.4,44.9,50.5,48.6,52.3,46.1,45.2,45.2,44.3,43.3,42.4,41.5,40.6,40.6,39.6,39.6,39.6,40.6,40.6,41.5,42.4,Libertarian
2026-05-10,177,-13.27,10.1,89.9,Likely R,-11.59,4.45,-13.63,-13.23,-0.04,41.28,53.9,2.41,False,False,,IND,Nik Sandman,0.0,2.41,0.0,,,0,,0.0,592233,2368910,0,-9.29,-0.54,45.8,-5.3,37.1,79.5,53.7,55.6,49.1,49.1,47.4,44.6,40.0,37.2,37.2,38.1,38.1,41.2,36.6,38.5,39.4,44.9,50.4,48.6,52.3,46.1,45.1,45.1,44.2,43.3,42.4,41.5,40.5,40.5,39.6,39.6,39.6,40.5,40.5,41.5,42.4,Libertarian
2026-05-11,176,-12.27,11.9,88.1,Likely R,-11.59,4.45,-13.63,-13.23,0.95,41.75,53.43,2.41,False,False,,IND,Nik Sandman,0.0,2.41,0.0,38.0,45.0,1,-7.0,0.15,592233,2368910,0,-9.29,-0.54,45.7,-5.5,37.6,80.0,54.2,56.1,49.6,49.6,47.8,45.1,40.4,37.7,37.7,38.6,38.6,41.7,37.1,38.9,39.8,45.4,50.9,49.1,52.8,46.5,45.6,45.6,44.7,43.8,42.9,41.9,41.0,41.0,40.1,40.1,40.1,41.0,41.0,41.9,42.9,Libertarian
2026-05-12,175,-12.27,11.9,88.1,Likely R,-11.59,4.45,-13.63,-13.23,0.95,41.75,53.43,2.41,False,False,,IND,Nik Sandman,0.0,2.41,0.0,38.0,45.0,1,-7.0,0.15,592233,2368910,0,-9.29,-0.54,45.7,-5.5,37.6,80.0,54.2,56.1,49.6,49.6,47.8,45.1,40.4,37.7,37.7,38.6,38.6,41.7,37.1,38.9,39.8,45.4,50.9,49.1,52.8,46.5,45.6,45.6,44.7,43.8,42.9,41.9,41.0,41.0,40.1,40.1,40.1,41.0,41.0,41.9,42.9,Libertarian
2026-05-13,174,-12.27,11.9,88.1,Likely R,-11.59,4.45,-13.63,-13.23,0.95,41.75,53.43,2.41,False,False,,IND,Nik Sandman,0.0,2.41,0.0,38.0,45.0,1,-7.0,0.15,592233,2368910,0,-9.29,-0.54,45.7,-5.5,37.6,80.0,54.2,56.1,49.6,49.6,47.8,45.1,40.4,37.7,37.7,38.6,38.6,41.7,37.1,38.9,39.8,45.4,50.9,49.1,52.8,46.5,45.6,45.6,44.7,43.8,42.9,41.9,41.0,41.0,40.1,40.1,40.1,41.0,41.0,41.9,42.9,Libertarian
2026-05-14,173,-12.26,11.9,88.1,Likely R,-11.58,4.46,-13.62,-13.23,0.96,41.75,53.43,2.41,False,False,,IND,Nik Sandman,0.0,2.41,0.0,38.0,45.0,1,-7.0,0.15,592233,2368910,0,-9.28,-0.54,45.7,-5.5,37.6,80.0,54.2,56.1,49.6,49.6,47.8,45.1,40.4,37.7,37.7,38.6,38.6,41.7,37.1,38.9,39.8,45.4,50.9,49.1,52.8,46.5,45.6,45.6,44.7,43.8,42.9,41.9,41.0,41.0,40.1,40.1,40.1,41.0,41.0,41.9,42.9,Libertarian
2026-05-15,172,-12.08,12.3,87.7,Likely R,-11.55,4.59,-13.45,-13.23,1.14,41.84,53.34,2.41,False,False,,IND,Nik Sandman,0.0,2.41,0.0,38.0,45.0,1,-6.75,0.15,592233,2368910,0,-9.15,-0.54,45.5,-5.9,37.7,80.1,54.3,56.1,49.7,49.7,47.9,45.1,40.5,37.8,37.8,38.7,38.7,41.8,37.2,39.0,39.9,45.5,51.0,49.2,52.9,46.6,45.7,45.7,44.8,43.9,42.9,42.0,41.1,41.1,40.2,40.2,40.2,41.1,41.1,42.0,42.9,Libertarian
2026-05-16,171,-12.07,12.3,87.7,Likely R,-11.54,4.6,-13.44,-13.23,1.15,41.84,53.34,2.41,False,False,,IND,Nik Sandman,0.0,2.41,0.0,38.0,45.0,1,-6.75,0.15,592233,2368910,0,-9.14,-0.54,45.5,-5.9,37.7,80.1,54.3,56.1,49.7,49.7,47.9,45.1,40.5,37.8,37.8,38.7,38.7,41.8,37.2,39.0,39.9,45.5,51.0,49.2,52.9,46.6,45.7,45.7,44.8,43.9,42.9,42.0,41.1,41.1,40.2,40.2,40.2,41.1,41.1,42.0,42.9,Libertarian
2026-05-17,170,-12.12,12.2,87.8,Likely R,-11.55,4.57,-13.48,-13.23,1.11,41.82,53.36,2.41,False,False,,IND,Nik Sandman,0.0,2.41,0.0,38.0,45.0,1,-6.81,0.15,592233,2368910,0,-9.17,-0.54,45.5,-5.8,37.7,80.1,54.3,56.1,49.7,49.7,47.9,45.1,40.5,37.7,37.7,38.7,38.7,41.8,37.1,39.0,39.9,45.4,51.0,49.1,52.8,46.6,45.7,45.7,44.8,43.8,42.9,42.0,41.1,41.1,40.2,40.2,40.2,41.1,41.1,42.0,42.9,Libertarian
2026-05-18,169,-11.97,12.5,87.5,Likely R,-11.52,4.68,-13.34,-13.23,1.26,41.89,53.29,2.41,False,False,,IND,Nik Sandman,0.0,2.41,0.0,38.0,45.0,1,-6.61,0.15,592233,2368910,0,-9.06,-0.54,45.3,-6.3,37.7,80.2,54.3,56.2,49.7,49.7,48.0,45.2,40.6,37.8,37.8,38.7,38.7,41.8,37.2,39.1,40.0,45.5,51.1,49.2,52.9,46.7,45.8,45.8,44.8,43.9,43.0,42.1,41.1,41.1,40.2,40.2,40.2,41.1,41.1,42.1,43.0,Libertarian
2026-05-19,168,-11.91,12.6,87.4,Likely R,-11.51,4.72,-13.29,-13.23,1.31,41.92,53.26,2.41,False,False,,IND,Nik Sandman,0.0,2.41,0.0,38.0,45.0,1,-6.56,0.15,592233,2368910,0,-9.02,-0.54,45.2,-6.3,37.8,80.2,54.4,56.2,49.8,49.8,48.0,45.2,40.6,37.8,37.8,38.8,38.8,41.9,37.2,39.1,40.0,45.5,51.1,49.2,52.9,46.7,45.8,45.8,44.9,43.9,43.0,42.1,41.2,41.2,40.3,40.3,40.3,41.2,41.2,42.1,43.0,Libertarian
2026-05-20,167,-11.91,12.6,87.4,Likely R,-11.51,4.73,-13.28,-13.23,1.32,41.92,53.26,2.41,False,False,,IND,Nik Sandman,0.0,2.41,0.0,38.0,45.0,1,-6.56,0.15,592233,2368910,0,-9.01,-0.54,45.1,-6.5,37.8,80.2,54.4,56.2,49.8,49.8,48.0,45.2,40.6,37.8,37.8,38.8,38.8,41.9,37.2,39.1,40.0,45.5,51.1,49.2,52.9,46.7,45.8,45.8,44.9,43.9,43.0,42.1,41.2,41.2,40.3,40.3,40.3,41.2,41.2,42.1,43.0,Libertarian
2026-05-21,166,-11.91,12.6,87.4,Likely R,-11.51,4.73,-13.28,-13.23,1.32,41.92,53.26,2.41,False,False,,IND,Nik Sandman,0.0,2.41,0.0,38.0,45.0,1,-6.56,0.15,592233,2368910,0,-9.01,-0.54,45.1,-6.5,37.8,80.2,54.4,56.2,49.8,49.8,48.0,45.2,40.6,37.8,37.8,38.8,38.8,41.9,37.2,39.1,40.0,45.5,51.1,49.2,52.9,46.7,45.8,45.8,44.9,43.9,43.0,42.1,41.2,41.2,40.3,40.3,40.3,41.2,41.2,42.1,43.0,Libertarian
2026-05-22,165,-11.91,12.6,87.4,Likely R,-11.51,4.73,-13.28,-13.23,1.32,41.92,53.26,2.41,False,False,,IND,Nik Sandman,0.0,2.41,0.0,38.0,45.0,1,-6.56,0.15,592233,2368910,0,-9.01,-0.54,45.2,-6.5,37.8,80.2,54.4,56.2,49.8,49.8,48.0,45.2,40.6,37.8,37.8,38.8,38.8,41.9,37.2,39.1,40.0,45.5,51.1,49.2,52.9,46.7,45.8,45.8,44.9,43.9,43.0,42.1,41.2,41.2,40.3,40.3,40.3,41.2,41.2,42.1,43.0,Libertarian
2026-05-23,164,-11.9,12.6,87.4,Likely R,-11.51,4.74,-13.26,-13.23,1.33,41.93,53.25,2.41,False,False,,IND,Nik Sandman,0.0,2.41,0.0,38.0,45.0,1,-6.56,0.15,592233,2368910,0,-9.0,-0.54,45.2,-6.5,37.8,80.2,54.4,56.2,49.8,49.8,48.0,45.2,40.6,37.9,37.9,38.8,38.8,41.9,37.3,39.1,40.0,45.6,51.1,49.3,52.9,46.7,45.8,45.8,44.9,44.0,43.0,42.1,41.2,41.2,40.3,40.3,40.3,41.2,41.2,42.1,43.0,Libertarian
2026-05-24,163,-11.96,12.5,87.5,Likely R,-11.52,4.69,-13.33,-13.23,1.27,41.9,53.28,2.41,False,False,,IND,Nik Sandman,0.0,2.41,0.0,38.0,45.0,1,-6.65,0.15,592233,2368910,0,-9.05,-0.54,45.2,-6.3,37.7,80.2,54.4,56.2,49.7,49.7,48.0,45.2,40.6,37.8,37.8,38.7,38.7,41.8,37.2,39.1,40.0,45.5,51.1,49.2,52.9,46.7,45.8,45.8,44.8,43.9,43.0,42.1,41.2,41.2,40.2,40.2,40.2,41.2,41.2,42.1,43.0,Libertarian
2026-05-25,162,-11.9,12.6,87.4,Likely R,-11.51,4.74,-13.26,-13.23,1.33,41.93,53.25,2.41,False,False,,IND,Nik Sandman,0.0,2.41,0.0,38.0,45.0,1,-6.57,0.15,592233,2368910,0,-9.0,-0.54,45.2,-6.2,37.8,80.2,54.4,56.2,49.8,49.8,48.0,45.2,40.6,37.9,37.9,38.8,38.8,41.9,37.3,39.1,40.0,45.6,51.1,49.3,52.9,46.7,45.8,45.8,44.9,44.0,43.0,42.1,41.2,41.2,40.3,40.3,40.3,41.2,41.2,42.1,43.0,Libertarian
2026-05-26,161,-11.97,12.5,87.5,Likely R,-11.52,4.69,-13.33,-13.23,1.26,41.89,53.29,2.41,False,False,,IND,Nik Sandman,0.0,2.41,0.0,38.0,45.0,1,-6.67,0.15,592233,2368910,0,-9.05,-0.54,45.3,-6.3,37.7,80.2,54.3,56.2,49.7,49.7,48.0,45.2,40.6,37.8,37.8,38.7,38.7,41.8,37.2,39.1,40.0,45.5,51.1,49.2,52.9,46.7,45.8,45.8,44.8,43.9,43.0,42.1,41.1,41.1,40.2,40.2,40.2,41.1,41.1,42.1,43.0,Libertarian
2026-05-27,160,-11.96,12.5,87.5,Likely R,-11.52,4.7,-13.32,-13.23,1.27,41.9,53.28,2.41,False,False,,IND,Nik Sandman,0.0,2.41,0.0,38.0,45.0,1,-6.67,0.15,592233,2368910,0,-9.04,-0.54,45.3,-6.3,37.7,80.2,54.4,56.2,49.7,49.7,48.0,45.2,40.6,37.8,37.8,38.7,38.7,41.8,37.2,39.1,40.0,45.5,51.1,49.2,52.9,46.7,45.8,45.8,44.8,43.9,43.0,42.1,41.2,41.2,40.2,40.2,40.2,41.2,41.2,42.1,43.0,Libertarian
2026-05-28,159,-11.96,12.5,87.5,Likely R,-11.52,4.7,-13.32,-13.23,1.27,41.9,53.28,2.41,False,False,,IND,Nik Sandman,0.0,2.41,0.0,38.0,45.0,1,-6.67,0.15,592233,2368910,0,-9.04,-0.54,45.2,-6.3,37.7,80.2,54.4,56.2,49.7,49.7,48.0,45.2,40.6,37.8,37.8,38.7,38.7,41.8,37.2,39.1,40.0,45.5,51.1,49.2,52.9,46.7,45.8,45.8,44.8,43.9,43.0,42.1,41.2,41.2,40.2,40.2,40.2,41.2,41.2,42.1,43.0,Libertarian
2026-05-29,158,-11.96,12.5,87.5,Likely R,-11.52,4.7,-13.32,-13.23,1.27,41.9,53.28,2.41,False,False,,IND,Nik Sandman,0.0,2.41,0.0,38.0,45.0,1,-6.67,0.15,592233,2368910,0,-9.04,-0.54,45.2,-6.3,37.7,80.2,54.4,56.2,49.7,49.7,48.0,45.2,40.6,37.8,37.8,38.7,38.7,41.8,37.2,39.1,40.0,45.5,51.1,49.2,52.9,46.7,45.8,45.8,44.8,43.9,43.0,42.1,41.2,41.2,40.2,40.2,40.2,41.2,41.2,42.1,43.0,Libertarian
2026-05-30,157,-11.95,12.5,87.5,Likely R,-11.52,4.71,-13.3,-13.23,1.28,41.9,53.28,2.41,False,False,,IND,Nik Sandman,0.0,2.41,0.0,38.0,45.0,1,-6.67,0.15,592233,2368910,0,-9.03,-0.54,45.2,-6.3,37.7,80.2,54.4,56.2,49.7,49.7,48.0,45.2,40.6,37.8,37.8,38.7,38.7,41.8,37.2,39.1,40.0,45.5,51.1,49.2,52.9,46.7,45.8,45.8,44.8,43.9,43.0,42.1,41.2,41.2,40.2,40.2,40.2,41.2,41.2,42.1,43.0,Libertarian
2026-05-31,156,-11.99,12.4,87.6,Likely R,-11.53,4.68,-13.34,-13.23,1.24,41.89,53.29,2.41,False,False,,IND,Nik Sandman,0.0,2.41,0.0,38.0,45.0,1,-6.72,0.15,592233,2368910,0,-9.06,-0.54,45.3,-6.1,37.7,80.2,54.3,56.2,49.7,49.7,48.0,45.2,40.6,37.8,37.8,38.7,38.7,41.8,37.2,39.1,40.0,45.5,51.1,49.2,52.9,46.7,45.8,45.8,44.8,43.9,43.0,42.1,41.1,41.1,40.2,40.2,40.2,41.1,41.1,42.1,43.0,Libertarian
2026-06-01,155,-11.27,13.9,86.1,Likely R,-11.38,5.38,-12.49,-13.23,1.96,42.23,52.95,2.41,False,False,,IND,Nik Sandman,0.0,2.41,0.0,38.0,45.0,1,-6.74,0.15,592233,2368910,0,-8.36,-0.54,45.3,-6.2,38.1,80.5,54.7,56.5,50.1,50.1,48.3,45.5,40.9,38.2,38.2,39.1,39.1,42.2,37.6,39.4,40.3,45.9,51.4,49.6,53.2,47.0,46.1,46.1,45.2,44.3,43.3,42.4,41.5,41.5,40.6,40.6,40.6,41.5,41.5,42.4,43.3,Libertarian
2026-06-02,154,-11.25,13.9,86.1,Likely R,-11.38,5.39,-12.48,-13.23,1.97,42.23,52.95,2.41,False,False,,IND,Nik Sandman,0.0,2.41,0.0,38.0,45.0,1,-6.71,0.15,592233,2368910,0,-8.35,-0.54,45.3,-6.2,38.1,80.5,54.7,56.5,50.1,50.1,48.3,45.5,40.9,38.2,38.2,39.1,39.1,42.2,37.6,39.4,40.3,45.9,51.4,49.6,53.2,47.0,46.1,46.1,45.2,44.3,43.3,42.4,41.5,41.5,40.6,40.6,40.6,41.5,41.5,42.4,43.3,Libertarian
2026-06-03,153,-11.23,14.0,86.0,Likely R,-11.37,5.41,-12.46,-13.23,2.0,42.25,52.93,2.41,False,False,,IND,Nik Sandman,0.0,2.41,0.0,38.0,45.0,1,-6.68,0.15,592233,2368910,0,-8.33,-0.54,45.3,-6.2,38.1,80.6,54.7,56.6,50.1,50.1,48.3,45.6,40.9,38.2,38.2,39.1,39.1,42.2,37.6,39.4,40.3,45.9,51.4,49.6,53.3,47.0,46.1,46.1,45.2,44.3,43.4,42.4,41.5,41.5,40.6,40.6,40.6,41.5,41.5,42.4,43.4,Libertarian
2026-06-04,152,-11.21,14.0,86.0,Likely R,-11.37,5.42,-12.44,-13.23,2.01,42.25,52.93,2.41,False,False,,IND,Nik Sandman,0.0,2.41,0.0,38.0,45.0,1,-6.66,0.15,592233,2368910,0,-8.32,-0.54,45.3,-6.2,38.1,80.6,54.7,56.6,50.1,50.1,48.3,45.6,40.9,38.2,38.2,39.1,39.1,42.2,37.6,39.4,40.3,45.9,51.4,49.6,53.3,47.0,46.1,46.1,45.2,44.3,43.4,42.4,41.5,41.5,40.6,40.6,40.6,41.5,41.5,42.4,43.4,Libertarian
2026-06-05,151,-11.23,14.0,86.0,Likely R,-11.37,5.41,-12.46,-13.23,2.0,42.25,52.93,2.41,False,False,,IND,Nik Sandman,0.0,2.41,0.0,38.0,45.0,1,-6.68,0.15,592233,2368910,0,-8.33,-0.54,45.3,-6.2,38.1,80.6,54.7,56.6,50.1,50.1,48.3,45.6,40.9,38.2,38.2,39.1,39.1,42.2,37.6,39.4,40.3,45.9,51.4,49.6,53.3,47.0,46.1,46.1,45.2,44.3,43.4,42.4,41.5,41.5,40.6,40.6,40.6,41.5,41.5,42.4,43.4,Libertarian
2026-06-06,150,-11.23,14.0,86.0,Likely R,-11.37,5.41,-12.46,-13.23,2.0,42.25,52.93,2.41,False,False,,IND,Nik Sandman,0.0,2.41,0.0,38.0,45.0,1,-6.68,0.15,592233,2368910,0,-8.33,-0.54,45.3,-6.2,38.1,80.6,54.7,56.6,50.1,50.1,48.3,45.6,40.9,38.2,38.2,39.1,39.1,42.2,37.6,39.4,40.3,45.9,51.4,49.6,53.3,47.0,46.1,46.1,45.2,44.3,43.4,42.4,41.5,41.5,40.6,40.6,40.6,41.5,41.5,42.4,43.4,Libertarian
2026-06-07,149,-11.31,13.8,86.2,Likely R,-11.39,5.35,-12.53,-13.23,1.92,42.21,52.97,2.41,False,False,,IND,Nik Sandman,0.0,2.41,0.0,38.0,45.0,1,-6.8,0.15,592233,2368910,0,-8.39,-0.54,45.3,-6.1,38.1,80.5,54.7,56.5,50.1,50.1,48.3,45.5,40.9,38.1,38.1,39.1,39.1,42.1,37.5,39.4,40.3,45.8,51.4,49.5,53.2,47.0,46.1,46.1,45.2,44.2,43.3,42.4,41.5,41.5,40.5,40.5,40.5,41.5,41.5,42.4,43.3,Libertarian
2026-06-08,148,-11.26,13.9,86.1,Likely R,-11.38,5.39,-12.48,-13.23,1.97,42.23,52.95,2.41,False,False,,IND,Nik Sandman,0.0,2.41,0.0,38.0,45.0,1,-6.73,0.15,592233,2368910,0,-8.35,-0.54,45.3,-6.2,38.1,80.5,54.7,56.5,50.1,50.1,48.3,45.5,40.9,38.2,38.2,39.1,39.1,42.2,37.6,39.4,40.3,45.9,51.4,49.6,53.2,47.0,46.1,46.1,45.2,44.3,43.3,42.4,41.5,41.5,40.6,40.6,40.6,41.5,41.5,42.4,43.3,Libertarian
2026-06-09,147,-11.26,13.9,86.1,Likely R,-11.38,5.39,-12.48,-13.23,1.97,42.23,52.95,2.41,False,False,,IND,Nik Sandman,0.0,2.41,0.0,38.0,45.0,1,-6.73,0.15,592233,2368910,0,-8.35,-0.54,45.3,-6.2,38.1,80.5,54.7,56.5,50.1,50.1,48.3,45.5,40.9,38.2,38.2,39.1,39.1,42.2,37.6,39.4,40.3,45.9,51.4,49.6,53.2,47.0,46.1,46.1,45.2,44.3,43.3,42.4,41.5,41.5,40.6,40.6,40.6,41.5,41.5,42.4,43.3,Libertarian
2026-06-10,146,-11.26,13.9,86.1,Likely R,-11.38,5.39,-12.48,-13.23,1.97,42.23,52.95,2.41,False,False,,IND,Nik Sandman,0.0,2.41,0.0,38.0,45.0,1,-6.73,0.15,592233,2368910,0,-8.35,-0.54,45.4,-6.1,38.1,80.5,54.7,56.5,50.1,50.1,48.3,45.5,40.9,38.2,38.2,39.1,39.1,42.2,37.6,39.4,40.3,45.9,51.4,49.6,53.2,47.0,46.1,46.1,45.2,44.3,43.3,42.4,41.5,41.5,40.6,40.6,40.6,41.5,41.5,42.4,43.3,Libertarian
2026-06-11,145,-11.26,13.9,86.1,Likely R,-11.38,5.39,-12.48,-13.23,1.97,42.23,52.95,2.41,False,False,,IND,Nik Sandman,0.0,2.41,0.0,38.0,45.0,1,-6.73,0.15,592233,2368910,0,-8.35,-0.54,45.3,-6.2,38.1,80.5,54.7,56.5,50.1,50.1,48.3,45.5,40.9,38.2,38.2,39.1,39.1,42.2,37.6,39.4,40.3,45.9,51.4,49.6,53.2,47.0,46.1,46.1,45.2,44.3,43.3,42.4,41.5,41.5,40.6,40.6,40.6,41.5,41.5,42.4,43.3,Libertarian
2026-06-12,144,-11.26,13.9,86.1,Likely R,-11.38,5.39,-12.48,-13.23,1.97,42.23,52.95,2.41,False,False,,IND,Nik Sandman,0.0,2.41,0.0,38.0,45.0,1,-6.73,0.15,592233,2368910,0,-8.35,-0.54,45.3,-6.2,38.1,80.5,54.7,56.5,50.1,50.1,48.3,45.5,40.9,38.2,38.2,39.1,39.1,42.2,37.6,39.4,40.3,45.9,51.4,49.6,53.2,47.0,46.1,46.1,45.2,44.3,43.3,42.4,41.5,41.5,40.6,40.6,40.6,41.5,41.5,42.4,43.3,Libertarian
2026-06-13,143,-11.26,13.9,86.1,Likely R,-11.38,5.39,-12.48,-13.23,1.97,42.23,52.95,2.41,False,False,,IND,Nik Sandman,0.0,2.41,0.0,38.0,45.0,1,-6.73,0.15,592233,2368910,0,-8.35,-0.54,45.3,-6.2,38.1,80.5,54.7,56.5,50.1,50.1,48.3,45.5,40.9,38.2,38.2,39.1,39.1,42.2,37.6,39.4,40.3,45.9,51.4,49.6,53.2,47.0,46.1,46.1,45.2,44.3,43.3,42.4,41.5,41.5,40.6,40.6,40.6,41.5,41.5,42.4,43.3,Libertarian
2026-06-14,142,-11.24,13.9,86.1,Likely R,-11.37,5.4,-12.47,-13.23,1.99,42.24,52.94,2.41,False,False,,IND,Nik Sandman,0.0,2.41,0.0,38.0,45.0,1,-6.7,0.15,592233,2368910,0,-8.34,-0.54,45.3,-6.1,38.1,80.6,54.7,56.6,50.1,50.1,48.3,45.5,40.9,38.2,38.2,39.1,39.1,42.2,37.6,39.4,40.3,45.9,51.4,49.6,53.3,47.0,46.1,46.1,45.2,44.3,43.3,42.4,41.5,41.5,40.6,40.6,40.6,41.5,41.5,42.4,43.3,Libertarian
2026-06-15,141,-11.36,13.7,86.3,Likely R,-11.4,5.31,-12.58,-13.23,1.86,42.18,53.0,2.41,False,False,,IND,Nik Sandman,0.0,2.41,0.0,38.0,45.0,1,-6.87,0.15,592233,2368910,0,-8.43,-0.54,45.4,-6.2,38.0,80.5,54.6,56.5,50.0,50.0,48.3,45.5,40.9,38.1,38.1,39.0,39.0,42.1,37.5,39.3,40.3,45.8,51.3,49.5,53.2,47.0,46.1,46.1,45.1,44.2,43.3,42.4,41.4,41.4,40.5,40.5,40.5,41.4,41.4,42.4,43.3,Libertarian
2026-06-16,140,-11.34,13.7,86.3,Likely R,-11.39,5.33,-12.56,-13.23,1.89,42.19,52.99,2.41,False,False,,IND,Nik Sandman,0.0,2.41,0.0,38.0,45.0,1,-6.84,0.15,592233,2368910,0,-8.41,-0.54,45.4,-6.2,38.0,80.5,54.7,56.5,50.0,50.0,48.3,45.5,40.9,38.1,38.1,39.0,39.0,42.1,37.5,39.4,40.3,45.8,51.4,49.5,53.2,47.0,46.1,46.1,45.1,44.2,43.3,42.4,41.4,41.4,40.5,40.5,40.5,41.4,41.4,42.4,43.3,Libertarian
2026-06-17,139,-11.34,13.7,86.3,Likely R,-11.39,5.33,-12.56,-13.23,1.89,42.19,52.99,2.41,False,False,,IND,Nik Sandman,0.0,2.41,0.0,38.0,45.0,1,-6.85,0.15,592233,2368910,0,-8.41,-0.54,45.3,-6.4,38.0,80.5,54.7,56.5,50.0,50.0,48.3,45.5,40.9,38.1,38.1,39.0,39.0,42.1,37.5,39.4,40.3,45.8,51.4,49.5,53.2,47.0,46.1,46.1,45.1,44.2,43.3,42.4,41.4,41.4,40.5,40.5,40.5,41.4,41.4,42.4,43.3,Libertarian
2026-06-18,138,-11.34,13.7,86.3,Likely R,-11.39,5.33,-12.56,-13.23,1.89,42.19,52.99,2.41,False,False,,IND,Nik Sandman,0.0,2.41,0.0,38.0,45.0,1,-6.85,0.15,592233,2368910,0,-8.41,-0.54,45.3,-6.4,38.0,80.5,54.7,56.5,50.0,50.0,48.3,45.5,40.9,38.1,38.1,39.0,39.0,42.1,37.5,39.4,40.3,45.8,51.4,49.5,53.2,47.0,46.1,46.1,45.1,44.2,43.3,42.4,41.4,41.4,40.5,40.5,40.5,41.4,41.4,42.4,43.3,Libertarian
2026-06-19,137,-11.34,13.7,86.3,Likely R,-11.39,5.33,-12.56,-13.23,1.89,42.19,52.99,2.41,False,False,,IND,Nik Sandman,0.0,2.41,0.0,38.0,45.0,1,-6.85,0.15,592233,2368910,0,-8.41,-0.54,45.3,-6.5,38.0,80.5,54.7,56.5,50.0,50.0,48.3,45.5,40.9,38.1,38.1,39.0,39.0,42.1,37.5,39.4,40.3,45.8,51.4,49.5,53.2,47.0,46.1,46.1,45.1,44.2,43.3,42.4,41.4,41.4,40.5,40.5,40.5,41.4,41.4,42.4,43.3,Libertarian
2026-06-20,136,-11.34,13.7,86.3,Likely R,-11.39,5.33,-12.56,-13.23,1.89,42.19,52.99,2.41,False,False,,IND,Nik Sandman,0.0,2.41,0.0,38.0,45.0,1,-6.85,0.15,592233,2368910,0,-8.41,-0.54,45.2,-6.6,38.0,80.5,54.7,56.5,50.0,50.0,48.3,45.5,40.9,38.1,38.1,39.0,39.0,42.1,37.5,39.4,40.3,45.8,51.4,49.5,53.2,47.0,46.1,46.1,45.1,44.2,43.3,42.4,41.4,41.4,40.5,40.5,40.5,41.4,41.4,42.4,43.3,Libertarian
2026-06-21,135,-11.35,13.7,86.3,Likely R,-11.4,5.32,-12.57,-13.23,1.87,42.19,52.99,2.41,False,False,,IND,Nik Sandman,0.0,2.41,0.0,38.0,45.0,1,-6.87,0.15,592233,2368910,0,-8.42,-0.54,45.3,-6.4,38.0,80.5,54.7,56.5,50.0,50.0,48.3,45.5,40.9,38.1,38.1,39.0,39.0,42.1,37.5,39.4,40.3,45.8,51.4,49.5,53.2,47.0,46.1,46.1,45.1,44.2,43.3,42.4,41.4,41.4,40.5,40.5,40.5,41.4,41.4,42.4,43.3,Libertarian
2026-06-22,134,-11.33,13.7,86.3,Likely R,-11.39,5.34,-12.55,-13.23,1.9,42.2,52.98,2.41,False,False,,IND,Nik Sandman,0.0,2.41,0.0,38.0,45.0,1,-6.85,0.15,592233,2368910,0,-8.4,-0.54,45.2,-6.5,38.0,80.5,54.7,56.5,50.0,50.0,48.3,45.5,40.9,38.1,38.1,39.0,39.0,42.1,37.5,39.4,40.3,45.8,51.4,49.5,53.2,47.0,46.1,46.1,45.1,44.2,43.3,42.4,41.5,41.5,40.5,40.5,40.5,41.5,41.5,42.4,43.3,Libertarian
2026-06-23,133,-11.33,13.7,86.3,Likely R,-11.39,5.34,-12.55,-13.23,1.9,42.2,52.98,2.41,False,False,,IND,Nik Sandman,0.0,2.41,0.0,38.0,45.0,1,-6.85,0.15,592233,2368910,0,-8.4,-0.54,45.1,-6.6,38.0,80.5,54.7,56.5,50.0,50.0,48.3,45.5,40.9,38.1,38.1,39.0,39.0,42.1,37.5,39.4,40.3,45.8,51.4,49.5,53.2,47.0,46.1,46.1,45.1,44.2,43.3,42.4,41.5,41.5,40.5,40.5,40.5,41.5,41.5,42.4,43.3,Libertarian
2026-06-24,132,-11.33,13.7,86.3,Likely R,-11.39,5.34,-12.55,-13.23,1.9,42.2,52.98,2.41,False,False,,IND,Nik Sandman,0.0,2.41,0.0,38.0,45.0,1,-6.85,0.15,592233,2368910,0,-8.4,-0.54,45.1,-6.6,38.0,80.5,54.7,56.5,50.0,50.0,48.3,45.5,40.9,38.1,38.1,39.0,39.0,42.1,37.5,39.4,40.3,45.8,51.4,49.5,53.2,47.0,46.1,46.1,45.1,44.2,43.3,42.4,41.5,41.5,40.5,40.5,40.5,41.5,41.5,42.4,43.3,Libertarian
2026-06-25,131,-11.33,13.7,86.3,Likely R,-11.39,5.34,-12.55,-13.23,1.9,42.2,52.98,2.41,False,False,,IND,Nik Sandman,0.0,2.41,0.0,38.0,45.0,1,-6.85,0.15,592233,2368910,0,-8.4,-0.54,45.1,-6.6,38.0,80.5,54.7,56.5,50.0,50.0,48.3,45.5,40.9,38.1,38.1,39.0,39.0,42.1,37.5,39.4,40.3,45.8,51.4,49.5,53.2,47.0,46.1,46.1,45.1,44.2,43.3,42.4,41.5,41.5,40.5,40.5,40.5,41.5,41.5,42.4,43.3,Libertarian
2026-06-26,130,-11.29,13.8,86.2,Likely R,-11.38,5.37,-12.51,-13.23,1.94,42.22,52.96,2.41,False,False,,IND,Nik Sandman,0.0,2.41,0.0,38.0,45.0,1,-6.8,0.15,592233,2368910,0,-8.37,-0.54,45.2,-6.4,38.1,80.5,54.7,56.5,50.1,50.1,48.3,45.5,40.9,38.1,38.1,39.1,39.1,42.2,37.5,39.4,40.3,45.9,51.4,49.5,53.2,47.0,46.1,46.1,45.2,44.2,43.3,42.4,41.5,41.5,40.6,40.6,40.6,41.5,41.5,42.4,43.3,Libertarian
2026-06-27,129,-11.29,13.8,86.2,Likely R,-11.38,5.37,-12.51,-13.23,1.94,42.22,52.96,2.41,False,False,,IND,Nik Sandman,0.0,2.41,0.0,38.0,45.0,1,-6.8,0.15,592233,2368910,0,-8.37,-0.54,45.2,-6.4,38.1,80.5,54.7,56.5,50.1,50.1,48.3,45.5,40.9,38.1,38.1,39.1,39.1,42.2,37.5,39.4,40.3,45.9,51.4,49.5,53.2,47.0,46.1,46.1,45.2,44.2,43.3,42.4,41.5,41.5,40.6,40.6,40.6,41.5,41.5,42.4,43.3,Libertarian
2026-06-28,128,-11.31,13.7,86.3,Likely R,-11.39,5.35,-12.53,-13.23,1.91,42.21,52.97,2.41,False,False,,IND,Nik Sandman,0.0,2.41,0.0,38.0,45.0,1,-6.82,0.15,592233,2368910,0,-8.39,-0.54,45.2,-6.3,38.1,80.5,54.7,56.5,50.1,50.1,48.3,45.5,40.9,38.1,38.1,39.1,39.1,42.1,37.5,39.4,40.3,45.8,51.4,49.5,53.2,47.0,46.1,46.1,45.2,44.2,43.3,42.4,41.5,41.5,40.5,40.5,40.5,41.5,41.5,42.4,43.3,Libertarian
2026-06-29,127,-11.37,13.6,86.4,Likely R,-11.4,5.31,-12.59,-13.23,1.86,42.18,53.0,2.41,False,False,,IND,Nik Sandman,0.0,2.41,0.0,38.0,45.0,1,-6.9,0.15,592233,2368910,0,-8.43,-0.54,45.2,-6.3,38.0,80.5,54.6,56.5,50.0,50.0,48.3,45.5,40.9,38.1,38.1,39.0,39.0,42.1,37.5,39.3,40.3,45.8,51.3,49.5,53.2,47.0,46.1,46.1,45.1,44.2,43.3,42.4,41.4,41.4,40.5,40.5,40.5,41.4,41.4,42.4,43.3,Libertarian
2026-06-30,126,-11.34,13.7,86.3,Likely R,-11.39,5.33,-12.56,-13.23,1.89,42.19,52.99,2.41,False,False,,IND,Nik Sandman,0.0,2.41,0.0,38.0,45.0,1,-6.86,0.15,592233,2368910,0,-8.41,-0.54,45.2,-6.3,38.0,80.5,54.7,56.5,50.0,50.0,48.3,45.5,40.9,38.1,38.1,39.0,39.0,42.1,37.5,39.4,40.3,45.8,51.4,49.5,53.2,47.0,46.1,46.1,45.1,44.2,43.3,42.4,41.4,41.4,40.5,40.5,40.5,41.4,41.4,42.4,43.3,Libertarian
2026-07-01,125,-11.81,12.7,87.3,Likely R,-11.49,4.87,-13.12,-13.23,1.41,41.97,53.21,2.41,False,False,,IND,Nik Sandman,0.0,2.41,0.0,38.0,45.0,1,-6.85,0.15,592233,2368910,0,-8.87,-0.54,45.2,-6.3,37.8,80.3,54.4,56.3,49.8,49.8,48.0,45.3,40.7,37.9,37.9,38.8,38.8,41.9,37.3,39.1,40.1,45.6,51.1,49.3,53.0,46.8,45.8,45.8,44.9,44.0,43.1,42.1,41.2,41.2,40.3,40.3,40.3,41.2,41.2,42.1,43.1,Libertarian
2026-07-02,124,-11.77,12.8,87.2,Likely R,-11.48,4.9,-13.08,-13.23,1.45,41.99,53.19,2.41,False,False,,IND,Nik Sandman,0.0,2.41,0.0,38.0,45.0,1,-6.8,0.15,592233,2368910,0,-8.84,-0.54,45.2,-6.1,37.8,80.3,54.5,56.3,49.8,49.8,48.1,45.3,40.7,37.9,37.9,38.8,38.8,41.9,37.3,39.2,40.1,45.6,51.2,49.3,53.0,46.8,45.9,45.9,44.9,44.0,43.1,42.2,41.2,41.2,40.3,40.3,40.3,41.2,41.2,42.2,43.1,Libertarian
2026-07-03,123,-11.77,12.8,87.2,Likely R,-11.48,4.9,-13.08,-13.23,1.45,41.99,53.19,2.41,False,False,,IND,Nik Sandman,0.0,2.41,0.0,38.0,45.0,1,-6.8,0.15,592233,2368910,0,-8.84,-0.54,45.2,-6.1,37.8,80.3,54.5,56.3,49.8,49.8,48.1,45.3,40.7,37.9,37.9,38.8,38.8,41.9,37.3,39.2,40.1,45.6,51.2,49.3,53.0,46.8,45.9,45.9,44.9,44.0,43.1,42.2,41.2,41.2,40.3,40.3,40.3,41.2,41.2,42.2,43.1,Libertarian
2026-07-04,122,-11.77,12.8,87.2,Likely R,-11.48,4.9,-13.08,-13.23,1.45,41.99,53.19,2.41,False,False,,IND,Nik Sandman,0.0,2.41,0.0,38.0,45.0,1,-6.8,0.15,592233,2368910,0,-8.84,-0.54,45.3,-6.1,37.8,80.3,54.5,56.3,49.8,49.8,48.1,45.3,40.7,37.9,37.9,38.8,38.8,41.9,37.3,39.2,40.1,45.6,51.2,49.3,53.0,46.8,45.9,45.9,44.9,44.0,43.1,42.2,41.2,41.2,40.3,40.3,40.3,41.2,41.2,42.2,43.1,Libertarian
2026-07-05,121,-11.83,12.6,87.4,Likely R,-11.5,4.86,-13.13,-13.23,1.39,41.96,53.22,2.41,False,False,,IND,Nik Sandman,0.0,2.41,0.0,38.0,45.0,1,-6.89,0.15,592233,2368910,0,-8.88,-0.54,45.3,-6.1,37.8,80.3,54.4,56.3,49.8,49.8,48.0,45.3,40.7,37.9,37.9,38.8,38.8,41.9,37.3,39.1,40.1,45.6,51.1,49.3,53.0,46.8,45.8,45.8,44.9,44.0,43.1,42.1,41.2,41.2,40.3,40.3,40.3,41.2,41.2,42.1,43.1,Libertarian
2026-07-06,120,-11.86,12.6,87.4,Likely R,-11.5,4.84,-13.16,-13.23,1.37,41.95,53.23,2.41,False,False,,IND,Nik Sandman,0.0,2.41,0.0,38.0,45.0,1,-6.93,0.15,592233,2368910,0,-8.9,-0.54,45.3,-6.0,37.8,80.3,54.4,56.3,49.8,49.8,48.0,45.3,40.6,37.9,37.9,38.8,38.8,41.9,37.3,39.1,40.0,45.6,51.1,49.3,53.0,46.7,45.8,45.8,44.9,44.0,43.1,42.1,41.2,41.2,40.3,40.3,40.3,41.2,41.2,42.1,43.1,Libertarian
2026-07-07,119,-11.86,12.6,87.4,Likely R,-11.5,4.84,-13.16,-13.23,1.37,41.95,53.23,2.41,False,False,,IND,Nik Sandman,0.0,2.41,0.0,38.0,45.0,1,-6.93,0.15,592233,2368910,0,-8.9,-0.54,45.4,-5.9,37.8,80.3,54.4,56.3,49.8,49.8,48.0,45.3,40.6,37.9,37.9,38.8,38.8,41.9,37.3,39.1,40.0,45.6,51.1,49.3,53.0,46.7,45.8,45.8,44.9,44.0,43.1,42.1,41.2,41.2,40.3,40.3,40.3,41.2,41.2,42.1,43.1,Libertarian
2026-07-08,118,-11.85,12.6,87.4,Likely R,-11.5,4.85,-13.14,-13.23,1.38,41.95,53.23,2.41,False,False,,IND,Nik Sandman,0.0,2.41,0.0,38.0,45.0,1,-6.93,0.15,592233,2368910,0,-8.89,-0.54,45.4,-5.9,37.8,80.3,54.4,56.3,49.8,49.8,48.0,45.3,40.6,37.9,37.9,38.8,38.8,41.9,37.3,39.1,40.0,45.6,51.1,49.3,53.0,46.7,45.8,45.8,44.9,44.0,43.1,42.1,41.2,41.2,40.3,40.3,40.3,41.2,41.2,42.1,43.1,Libertarian
2026-07-09,117,-11.85,12.6,87.4,Likely R,-11.5,4.85,-13.14,-13.23,1.38,41.95,53.23,2.41,False,False,,IND,Nik Sandman,0.0,2.41,0.0,38.0,45.0,1,-6.93,0.15,592233,2368910,0,-8.89,-0.54,45.4,-5.9,37.8,80.3,54.4,56.3,49.8,49.8,48.0,45.3,40.6,37.9,37.9,38.8,38.8,41.9,37.3,39.1,40.0,45.6,51.1,49.3,53.0,46.7,45.8,45.8,44.9,44.0,43.1,42.1,41.2,41.2,40.3,40.3,40.3,41.2,41.2,42.1,43.1,Libertarian
2026-07-10,116,-11.85,12.6,87.4,Likely R,-11.5,4.85,-13.14,-13.23,1.38,41.95,53.23,2.41,False,False,,IND,Nik Sandman,0.0,2.41,0.0,38.0,45.0,1,-6.94,0.15,592233,2368910,0,-8.89,-0.54,45.4,-5.9,37.8,80.3,54.4,56.3,49.8,49.8,48.0,45.3,40.6,37.9,37.9,38.8,38.8,41.9,37.3,39.1,40.0,45.6,51.1,49.3,53.0,46.7,45.8,45.8,44.9,44.0,43.1,42.1,41.2,41.2,40.3,40.3,40.3,41.2,41.2,42.1,43.1,Libertarian
2026-07-11,115,-11.85,12.6,87.4,Likely R,-11.5,4.85,-13.14,-13.23,1.38,41.95,53.23,2.41,False,False,,IND,Nik Sandman,0.0,2.41,0.0,38.0,45.0,1,-6.94,0.15,592233,2368910,0,-8.89,-0.54,45.4,-5.9,37.8,80.3,54.4,56.3,49.8,49.8,48.0,45.3,40.6,37.9,37.9,38.8,38.8,41.9,37.3,39.1,40.0,45.6,51.1,49.3,53.0,46.7,45.8,45.8,44.9,44.0,43.1,42.1,41.2,41.2,40.3,40.3,40.3,41.2,41.2,42.1,43.1,Libertarian
2026-07-12,114,-11.92,12.4,87.6,Likely R,-11.51,4.8,-13.21,-13.23,1.3,41.92,53.26,2.41,False,False,,IND,Nik Sandman,0.0,2.41,0.0,38.0,45.0,1,-7.05,0.15,592233,2368910,0,-8.94,-0.54,45.2,-6.2,37.8,80.2,54.4,56.2,49.8,49.8,48.0,45.2,40.6,37.8,37.8,38.8,38.8,41.9,37.2,39.1,40.0,45.5,51.1,49.2,52.9,46.7,45.8,45.8,44.9,43.9,43.0,42.1,41.2,41.2,40.3,40.3,40.3,41.2,41.2,42.1,43.0,Libertarian
2026-07-13,113,-11.98,12.3,87.7,Likely R,-11.52,4.76,-13.26,-13.23,1.25,41.89,53.29,2.41,False,False,,IND,Nik Sandman,0.0,2.41,0.0,38.0,45.0,1,-7.12,0.15,592233,2368910,0,-8.98,-0.54,45.3,-6.2,37.7,80.2,54.3,56.2,49.7,49.7,48.0,45.2,40.6,37.8,37.8,38.7,38.7,41.8,37.2,39.1,40.0,45.5,51.1,49.2,52.9,46.7,45.8,45.8,44.8,43.9,43.0,42.1,41.1,41.1,40.2,40.2,40.2,41.1,41.1,42.1,43.0,Libertarian
2026-07-14,112,-11.98,12.3,87.7,Likely R,-11.53,4.76,-13.26,-13.23,1.25,41.89,53.29,2.41,False,False,,IND,Nik Sandman,0.0,2.41,0.0,38.0,45.0,1,-7.12,0.15,592233,2368910,0,-8.98,-0.54,45.3,-6.1,37.7,80.2,54.3,56.2,49.7,49.7,48.0,45.2,40.6,37.8,37.8,38.7,38.7,41.8,37.2,39.1,40.0,45.5,51.1,49.2,52.9,46.7,45.8,45.8,44.8,43.9,43.0,42.1,41.1,41.1,40.2,40.2,40.2,41.1,41.1,42.1,43.0,Libertarian
2026-07-15,111,-11.97,12.3,87.7,Likely R,-11.52,4.77,-13.25,-13.23,1.26,41.89,53.29,2.41,False,False,,IND,Nik Sandman,0.0,2.41,0.0,38.0,45.0,1,-7.12,0.15,592233,2368910,0,-8.97,-0.54,45.3,-6.1,37.7,80.2,54.3,56.2,49.7,49.7,48.0,45.2,40.6,37.8,37.8,38.7,38.7,41.8,37.2,39.1,40.0,45.5,51.1,49.2,52.9,46.7,45.8,45.8,44.8,43.9,43.0,42.1,41.1,41.1,40.2,40.2,40.2,41.1,41.1,42.1,43.0,Libertarian
2026-07-16,110,-11.97,12.3,87.7,Likely R,-11.52,4.77,-13.25,-13.23,1.26,41.89,53.29,2.41,False,False,,IND,Nik Sandman,0.0,2.41,0.0,38.0,45.0,1,-7.12,0.15,592233,2368910,0,-8.97,-0.54,45.3,-6.1,37.7,80.2,54.3,56.2,49.7,49.7,48.0,45.2,40.6,37.8,37.8,38.7,38.7,41.8,37.2,39.1,40.0,45.5,51.1,49.2,52.9,46.7,45.8,45.8,44.8,43.9,43.0,42.1,41.1,41.1,40.2,40.2,40.2,41.1,41.1,42.1,43.0,Libertarian
2026-07-17,109,-11.9,12.5,87.5,Likely R,-11.51,4.82,-13.18,-13.23,1.33,41.93,53.25,2.41,False,False,,IND,Nik Sandman,0.0,2.41,0.0,38.0,45.0,1,-7.04,0.15,592233,2368910,0,-8.92,-0.54,45.3,-6.2,37.8,80.2,54.4,56.2,49.8,49.8,48.0,45.2,40.6,37.9,37.9,38.8,38.8,41.9,37.3,39.1,40.0,45.6,51.1,49.3,52.9,46.7,45.8,45.8,44.9,44.0,43.0,42.1,41.2,41.2,40.3,40.3,40.3,41.2,41.2,42.1,43.0,Libertarian
2026-07-18,108,-11.89,12.5,87.5,Likely R,-11.51,4.83,-13.17,-13.23,1.34,41.93,53.25,2.41,False,False,,IND,Nik Sandman,0.0,2.41,0.0,38.0,45.0,1,-7.04,0.15,592233,2368910,0,-8.91,-0.54,45.3,-6.2,37.8,80.2,54.4,56.2,49.8,49.8,48.0,45.2,40.6,37.9,37.9,38.8,38.8,41.9,37.3,39.1,40.0,45.6,51.1,49.3,52.9,46.7,45.8,45.8,44.9,44.0,43.0,42.1,41.2,41.2,40.3,40.3,40.3,41.2,41.2,42.1,43.0,Libertarian
2026-07-19,107,-11.96,12.3,87.7,Likely R,-11.52,4.78,-13.24,-13.23,1.27,41.9,53.28,2.41,False,False,,IND,Nik Sandman,0.0,2.41,0.0,38.0,45.0,1,-7.12,0.15,592233,2368910,0,-8.96,-0.54,45.4,-6.1,37.7,80.2,54.4,56.2,49.7,49.7,48.0,45.2,40.6,37.8,37.8,38.7,38.7,41.8,37.2,39.1,40.0,45.5,51.1,49.2,52.9,46.7,45.8,45.8,44.8,43.9,43.0,42.1,41.2,41.2,40.2,40.2,40.2,41.2,41.2,42.1,43.0,Libertarian
2026-07-20,106,-11.66,12.9,87.1,Likely R,-11.46,5.0,-12.96,-13.23,1.56,42.04,53.14,2.41,False,False,,IND,Nik Sandman,0.0,2.41,0.0,38.0,45.0,1,-6.76,0.15,592233,2368910,0,-8.74,-0.54,45.3,-6.3,37.9,80.3,54.5,56.3,49.9,49.9,48.1,45.3,40.7,38.0,38.0,38.9,38.9,42.0,37.4,39.2,40.1,45.7,51.2,49.4,53.1,46.8,45.9,45.9,45.0,44.1,43.1,42.2,41.3,41.3,40.4,40.4,40.4,41.3,41.3,42.2,43.1,Libertarian
2026-07-21,105,-11.65,12.9,87.1,Likely R,-11.46,5.01,-12.94,-13.23,1.57,42.04,53.14,2.41,False,False,,IND,Nik Sandman,0.0,2.41,0.0,38.0,45.0,1,-6.76,0.15,592233,2368910,0,-8.73,-0.54,45.3,-6.2,37.9,80.3,54.5,56.3,49.9,49.9,48.1,45.3,40.7,38.0,38.0,38.9,38.9,42.0,37.4,39.2,40.1,45.7,51.2,49.4,53.1,46.8,45.9,45.9,45.0,44.1,43.1,42.2,41.3,41.3,40.4,40.4,40.4,41.3,41.3,42.2,43.1,Libertarian
2026-07-22,104,-11.63,13.0,87.0,Likely R,-11.45,5.03,-12.92,-13.23,1.6,42.06,53.12,2.41,False,False,,IND,Nik Sandman,0.0,2.41,0.0,38.0,45.0,1,-6.72,0.15,592233,2368910,0,-8.71,-0.54,45.3,-6.2,37.9,80.4,54.5,56.4,49.9,49.9,48.1,45.4,40.8,38.0,38.0,38.9,38.9,42.0,37.4,39.2,40.2,45.7,51.2,49.4,53.1,46.9,45.9,45.9,45.0,44.1,43.2,42.2,41.3,41.3,40.4,40.4,40.4,41.3,41.3,42.2,43.2,Libertarian
2026-07-23,103,-11.63,13.0,87.0,Likely R,-11.45,5.03,-12.92,-13.23,1.6,42.06,53.12,2.41,False,False,,IND,Nik Sandman,0.0,2.41,0.0,38.0,45.0,1,-6.72,0.15,592233,2368910,0,-8.71,-0.54,45.3,-6.2,37.9,80.4,54.5,56.4,49.9,49.9,48.1,45.4,40.8,38.0,38.0,38.9,38.9,42.0,37.4,39.2,40.2,45.7,51.2,49.4,53.1,46.9,45.9,45.9,45.0,44.1,43.2,42.2,41.3,41.3,40.4,40.4,40.4,41.3,41.3,42.2,43.2,Libertarian
2026-07-24,102,-11.57,13.1,86.9,Likely R,-11.44,5.07,-12.87,-13.23,1.65,42.08,53.1,2.41,False,False,,IND,Nik Sandman,0.0,2.41,0.0,38.0,45.0,1,-6.67,0.15,592233,2368910,0,-8.67,-0.54,45.3,-6.3,37.9,80.4,54.5,56.4,49.9,49.9,48.2,45.4,40.8,38.0,38.0,38.9,38.9,42.0,37.4,39.2,40.2,45.7,51.2,49.4,53.1,46.9,46.0,46.0,45.0,44.1,43.2,42.3,41.3,41.3,40.4,40.4,40.4,41.3,41.3,42.3,43.2,Libertarian
2026-07-25,101,-11.57,13.1,86.9,Likely R,-11.44,5.07,-12.87,-13.23,1.65,42.08,53.1,2.41,False,False,,IND,Nik Sandman,0.0,2.41,0.0,38.0,45.0,1,-6.67,0.15,592233,2368910,0,-8.67,-0.54,45.3,-6.3,37.9,80.4,54.5,56.4,49.9,49.9,48.2,45.4,40.8,38.0,38.0,38.9,38.9,42.0,37.4,39.2,40.2,45.7,51.2,49.4,53.1,46.9,46.0,46.0,45.0,44.1,43.2,42.3,41.3,41.3,40.4,40.4,40.4,41.3,41.3,42.3,43.2,Libertarian
2026-07-26,100,-11.63,13.0,87.0,Likely R,-11.45,5.03,-12.92,-13.23,1.59,42.05,53.13,2.41,False,False,,IND,Nik Sandman,0.0,2.41,0.0,38.0,45.0,1,-6.76,0.15,592233,2368910,0,-8.71,-0.54,45.3,-6.4,37.9,80.4,54.5,56.4,49.9,49.9,48.1,45.4,40.7,38.0,38.0,38.9,38.9,42.0,37.4,39.2,40.1,45.7,51.2,49.4,53.1,46.8,45.9,45.9,45.0,44.1,43.2,42.2,41.3,41.3,40.4,40.4,40.4,41.3,41.3,42.2,43.2,Libertarian
2026-07-27,99,-11.51,13.2,86.8,Likely R,-11.43,5.13,-12.79,-13.23,1.72,42.11,53.07,2.41,False,False,,IND,Nik Sandman,0.0,2.41,0.0,38.0,45.0,1,-6.64,0.15,592233,2368910,0,-8.61,-0.54,44.8,-7.3,38.0,80.4,54.6,56.4,50.0,50.0,48.2,45.4,40.8,38.0,38.0,39.0,39.0,42.0,37.4,39.3,40.2,45.7,51.3,49.4,53.1,46.9,46.0,46.0,45.1,44.1,43.2,42.3,41.4,41.4,40.4,40.4,40.4,41.4,41.4,42.3,43.2,Libertarian
2026-07-28,98,-11.51,13.2,86.8,Likely R,-11.43,5.13,-12.79,-13.23,1.72,42.11,53.07,2.41,False,False,,IND,Nik Sandman,0.0,2.41,0.0,38.0,45.0,1,-6.64,0.15,592233,2368910,0,-8.61,-0.54,44.8,-7.3,38.0,80.4,54.6,56.4,50.0,50.0,48.2,45.4,40.8,38.0,38.0,39.0,39.0,42.0,37.4,39.3,40.2,45.7,51.3,49.4,53.1,46.9,46.0,46.0,45.1,44.1,43.2,42.3,41.4,41.4,40.4,40.4,40.4,41.4,41.4,42.3,43.2,Libertarian
2026-07-29,97,-11.55,13.1,86.9,Likely R,-11.44,5.1,-12.83,-13.23,1.68,42.09,53.09,2.41,False,False,,IND,Nik Sandman,0.0,2.41,0.0,38.0,45.0,1,-6.69,0.15,592233,2368910,0,-8.64,-0.54,44.9,-7.2,37.9,80.4,54.6,56.4,49.9,49.9,48.2,45.4,40.8,38.0,38.0,38.9,38.9,42.0,37.4,39.3,40.2,45.7,51.3,49.4,53.1,46.9,46.0,46.0,45.0,44.1,43.2,42.3,41.3,41.3,40.4,40.4,40.4,41.3,41.3,42.3,43.2,Libertarian
2026-07-30,96,-11.54,13.1,86.9,Likely R,-11.43,5.11,-12.82,-13.23,1.69,42.1,53.08,2.41,False,False,,IND,Nik Sandman,0.0,2.41,0.0,38.0,45.0,1,-6.69,0.15,592233,2368910,0,-8.63,-0.54,44.9,-7.2,37.9,80.4,54.6,56.4,49.9,49.9,48.2,45.4,40.8,38.0,38.0,38.9,38.9,42.0,37.4,39.3,40.2,45.7,51.3,49.4,53.1,46.9,46.0,46.0,45.0,44.1,43.2,42.3,41.4,41.4,40.4,40.4,40.4,41.4,41.4,42.3,43.2,Libertarian
2026-07-31,95,-11.54,13.1,86.9,Likely R,-11.43,5.11,-12.82,-13.23,1.69,42.1,53.08,2.41,False,False,,IND,Nik Sandman,0.0,2.41,0.0,38.0,45.0,1,-6.69,0.15,592233,2368910,0,-8.63,-0.54,44.9,-7.2,37.9,80.4,54.6,56.4,49.9,49.9,48.2,45.4,40.8,38.0,38.0,38.9,38.9,42.0,37.4,39.3,40.2,45.7,51.3,49.4,53.1,46.9,46.0,46.0,45.0,44.1,43.2,42.3,41.4,41.4,40.4,40.4,40.4,41.4,41.4,42.3,43.2,Libertarian
2026-08-01,94,-11.76,12.7,87.3,Likely R,-11.48,4.89,-13.09,-13.23,1.46,41.99,53.19,2.41,False,False,,IND,Nik Sandman,0.0,2.41,0.0,38.0,45.0,1,-6.69,0.15,592233,2368910,0,-8.85,-0.54,44.9,-7.1,37.8,80.3,54.5,56.3,49.8,49.8,48.1,45.3,40.7,37.9,37.9,38.8,38.8,41.9,37.3,39.2,40.1,45.6,51.2,49.3,53.0,46.8,45.9,45.9,44.9,44.0,43.1,42.2,41.2,41.2,40.3,40.3,40.3,41.2,41.2,42.2,43.1,Libertarian
2026-08-02,93,-11.79,12.6,87.4,Likely R,-11.49,4.87,-13.11,-13.23,1.43,41.98,53.2,2.41,False,False,,IND,Nik Sandman,0.0,2.41,0.0,38.0,45.0,1,-6.74,0.15,592233,2368910,0,-8.87,-0.54,45.0,-7.0,37.8,80.3,54.4,56.3,49.8,49.8,48.1,45.3,40.7,37.9,37.9,38.8,38.8,41.9,37.3,39.1,40.1,45.6,51.1,49.3,53.0,46.8,45.9,45.9,44.9,44.0,43.1,42.2,41.2,41.2,40.3,40.3,40.3,41.2,41.2,42.2,43.1,Libertarian
2026-08-03,92,-11.76,12.7,87.3,Likely R,-11.48,4.9,-13.07,-13.23,1.47,41.99,53.19,2.41,False,False,,IND,Nik Sandman,0.0,2.41,0.0,38.0,45.0,1,-6.71,0.15,592233,2368910,0,-8.84,-0.54,44.9,-7.2,37.8,80.3,54.5,56.3,49.8,49.8,48.1,45.3,40.7,37.9,37.9,38.8,38.8,41.9,37.3,39.2,40.1,45.6,51.2,49.3,53.0,46.8,45.9,45.9,44.9,44.0,43.1,42.2,41.2,41.2,40.3,40.3,40.3,41.2,41.2,42.2,43.1,Libertarian
2026-08-04,91,-11.75,12.7,87.3,Likely R,-11.48,4.91,-13.06,-13.23,1.48,42.0,53.18,2.41,False,False,,IND,Nik Sandman,0.0,2.41,0.0,38.0,45.0,1,-6.7,0.15,592233,2368910,0,-8.83,-0.54,44.9,-7.2,37.8,80.3,54.5,56.3,49.8,49.8,48.1,45.3,40.7,37.9,37.9,38.8,38.8,41.9,37.3,39.2,40.1,45.6,51.2,49.3,53.0,46.8,45.9,45.9,44.9,44.0,43.1,42.2,41.3,41.3,40.3,40.3,40.3,41.3,41.3,42.2,43.1,Libertarian
2026-08-05,90,-11.71,12.8,87.2,Likely R,-11.47,4.94,-13.03,-13.23,1.52,42.02,53.16,2.41,False,False,,IND,Nik Sandman,0.0,2.41,0.0,38.0,45.0,1,-6.67,0.15,592233,2368910,0,-8.8,-0.54,44.9,-7.2,37.9,80.3,54.5,56.3,49.9,49.9,48.1,45.3,40.7,37.9,37.9,38.9,38.9,42.0,37.3,39.2,40.1,45.6,51.2,49.3,53.0,46.8,45.9,45.9,45.0,44.0,43.1,42.2,41.3,41.3,40.4,40.4,40.4,41.3,41.3,42.2,43.1,Libertarian
2026-08-06,89,-11.7,12.8,87.2,Likely R,-11.47,4.95,-13.01,-13.23,1.53,42.02,53.16,2.41,False,False,,IND,Nik Sandman,0.0,2.41,0.0,38.0,45.0,1,-6.67,0.15,592233,2368910,0,-8.79,-0.54,44.9,-7.2,37.9,80.3,54.5,56.3,49.9,49.9,48.1,45.3,40.7,37.9,37.9,38.9,38.9,42.0,37.3,39.2,40.1,45.6,51.2,49.3,53.0,46.8,45.9,45.9,45.0,44.0,43.1,42.2,41.3,41.3,40.4,40.4,40.4,41.3,41.3,42.2,43.1,Libertarian
2026-08-07,88,-11.68,12.8,87.2,Likely R,-11.46,4.97,-12.99,-13.23,1.55,42.03,53.15,2.41,False,False,,IND,Nik Sandman,0.0,2.41,0.0,38.0,45.0,1,-6.65,0.15,592233,2368910,0,-8.77,-0.54,44.9,-7.2,37.9,80.3,54.5,56.3,49.9,49.9,48.1,45.3,40.7,38.0,38.0,38.9,38.9,42.0,37.4,39.2,40.1,45.7,51.2,49.4,53.0,46.8,45.9,45.9,45.0,44.1,43.1,42.2,41.3,41.3,40.4,40.4,40.4,41.3,41.3,42.2,43.1,Libertarian
2026-08-08,87,-11.68,12.8,87.2,Likely R,-11.46,4.97,-12.99,-13.23,1.55,42.03,53.15,2.41,False,False,,IND,Nik Sandman,0.0,2.41,0.0,38.0,45.0,1,-6.65,0.15,592233,2368910,0,-8.77,-0.54,44.9,-7.2,37.9,80.3,54.5,56.3,49.9,49.9,48.1,45.3,40.7,38.0,38.0,38.9,38.9,42.0,37.4,39.2,40.1,45.7,51.2,49.4,53.0,46.8,45.9,45.9,45.0,44.1,43.1,42.2,41.3,41.3,40.4,40.4,40.4,41.3,41.3,42.2,43.1,Libertarian
2026-08-09,86,-11.7,12.7,87.3,Likely R,-11.47,4.95,-13.01,-13.23,1.52,42.02,53.16,2.41,False,False,,IND,Nik Sandman,0.0,2.41,0.0,38.0,45.0,1,-6.7,0.15,592233,2368910,0,-8.79,-0.54,44.9,-7.2,37.9,80.3,54.5,56.3,49.9,49.9,48.1,45.3,40.7,37.9,37.9,38.9,38.9,42.0,37.3,39.2,40.1,45.6,51.2,49.3,53.0,46.8,45.9,45.9,45.0,44.0,43.1,42.2,41.3,41.3,40.4,40.4,40.4,41.3,41.3,42.2,43.1,Libertarian
2026-08-10,85,-11.66,12.8,87.2,Likely R,-11.46,4.99,-12.96,-13.23,1.57,42.04,53.14,2.41,False,False,,IND,Nik Sandman,0.0,2.41,0.0,38.0,45.0,1,-6.66,0.15,592233,2368910,0,-8.75,-0.54,44.9,-7.2,37.9,80.3,54.5,56.3,49.9,49.9,48.1,45.3,40.7,38.0,38.0,38.9,38.9,42.0,37.4,39.2,40.1,45.7,51.2,49.4,53.1,46.8,45.9,45.9,45.0,44.1,43.1,42.2,41.3,41.3,40.4,40.4,40.4,41.3,41.3,42.2,43.1,Libertarian
2026-08-11,84,-11.6,12.9,87.1,Likely R,-11.45,5.03,-12.91,-13.23,1.62,42.07,53.11,2.41,False,False,,IND,Nik Sandman,0.0,2.41,0.0,38.0,45.0,1,-6.6,0.15,592233,2368910,0,-8.71,-0.54,44.8,-7.2,37.9,80.4,54.5,56.4,49.9,49.9,48.1,45.4,40.8,38.0,38.0,38.9,38.9,42.0,37.4,39.2,40.2,45.7,51.2,49.4,53.1,46.9,45.9,45.9,45.0,44.1,43.2,42.2,41.3,41.3,40.4,40.4,40.4,41.3,41.3,42.2,43.2,Libertarian
2026-08-12,83,-11.59,12.9,87.1,Likely R,-11.45,5.04,-12.9,-13.23,1.63,42.07,53.11,2.41,False,False,,IND,Nik Sandman,0.0,2.41,0.0,38.0,45.0,1,-6.6,0.15,592233,2368910,0,-8.7,-0.54,44.8,-7.2,37.9,80.4,54.5,56.4,49.9,49.9,48.1,45.4,40.8,38.0,38.0,38.9,38.9,42.0,37.4,39.2,40.2,45.7,51.2,49.4,53.1,46.9,45.9,45.9,45.0,44.1,43.2,42.2,41.3,41.3,40.4,40.4,40.4,41.3,41.3,42.2,43.2,Libertarian
2026-08-13,82,-11.61,12.9,87.1,Likely R,-11.45,5.03,-12.91,-13.23,1.62,42.07,53.11,2.41,False,False,,IND,Nik Sandman,0.0,2.41,0.0,38.0,45.0,1,-6.63,0.15,592233,2368910,0,-8.71,-0.54,44.8,-7.2,37.9,80.4,54.5,56.4,49.9,49.9,48.1,45.4,40.8,38.0,38.0,38.9,38.9,42.0,37.4,39.2,40.2,45.7,51.2,49.4,53.1,46.9,45.9,45.9,45.0,44.1,43.2,42.2,41.3,41.3,40.4,40.4,40.4,41.3,41.3,42.2,43.2,Libertarian
2026-08-14,81,-11.6,12.9,87.1,Likely R,-11.45,5.04,-12.9,-13.23,1.63,42.07,53.11,2.41,False,False,,IND,Nik Sandman,0.0,2.41,0.0,38.0,45.0,1,-6.63,0.15,592233,2368910,0,-8.7,-0.54,44.8,-7.2,37.9,80.4,54.5,56.4,49.9,49.9,48.1,45.4,40.8,38.0,38.0,38.9,38.9,42.0,37.4,39.2,40.2,45.7,51.2,49.4,53.1,46.9,45.9,45.9,45.0,44.1,43.2,42.2,41.3,41.3,40.4,40.4,40.4,41.3,41.3,42.2,43.2,Libertarian
2026-08-15,80,-11.59,12.9,87.1,Likely R,-11.45,5.05,-12.89,-13.23,1.64,42.07,53.11,2.41,False,False,,IND,Nik Sandman,0.0,2.41,0.0,38.0,45.0,1,-6.63,0.15,592233,2368910,0,-8.69,-0.54,44.8,-7.2,37.9,80.4,54.5,56.4,49.9,49.9,48.1,45.4,40.8,38.0,38.0,38.9,38.9,42.0,37.4,39.2,40.2,45.7,51.2,49.4,53.1,46.9,45.9,45.9,45.0,44.1,43.2,42.2,41.3,41.3,40.4,40.4,40.4,41.3,41.3,42.2,43.2,Libertarian
2026-08-16,79,-11.65,12.8,87.2,Likely R,-11.46,5.0,-12.95,-13.23,1.57,42.04,53.14,2.41,False,False,,IND,Nik Sandman,0.0,2.41,0.0,38.0,45.0,1,-6.71,0.15,592233,2368910,0,-8.74,-0.54,45.0,-7.0,37.9,80.3,54.5,56.3,49.9,49.9,48.1,45.3,40.7,38.0,38.0,38.9,38.9,42.0,37.4,39.2,40.1,45.7,51.2,49.4,53.1,46.8,45.9,45.9,45.0,44.1,43.1,42.2,41.3,41.3,40.4,40.4,40.4,41.3,41.3,42.2,43.1,Libertarian
2026-08-17,78,-11.55,13.0,87.0,Likely R,-11.44,5.08,-12.85,-13.23,1.68,42.09,53.09,2.41,False,False,,IND,Nik Sandman,0.0,2.41,0.0,38.0,45.0,1,-6.59,0.15,592233,2368910,0,-8.66,-0.54,44.9,-7.0,37.9,80.4,54.6,56.4,49.9,49.9,48.2,45.4,40.8,38.0,38.0,38.9,38.9,42.0,37.4,39.3,40.2,45.7,51.3,49.4,53.1,46.9,46.0,46.0,45.0,44.1,43.2,42.3,41.3,41.3,40.4,40.4,40.4,41.3,41.3,42.3,43.2,Libertarian
2026-08-18,77,-11.54,13.0,87.0,Likely R,-11.44,5.09,-12.84,-13.23,1.69,42.1,53.08,2.41,False,False,,IND,Nik Sandman,0.0,2.41,0.0,38.0,45.0,1,-6.59,0.15,592233,2368910,0,-8.65,-0.54,44.9,-6.9,37.9,80.4,54.6,56.4,49.9,49.9,48.2,45.4,40.8,38.0,38.0,38.9,38.9,42.0,37.4,39.3,40.2,45.7,51.3,49.4,53.1,46.9,46.0,46.0,45.0,44.1,43.2,42.3,41.4,41.4,40.4,40.4,40.4,41.4,41.4,42.3,43.2,Libertarian
2026-08-19,76,-11.51,13.1,86.9,Likely R,-11.43,5.12,-12.8,-13.23,1.72,42.11,53.07,2.41,False,False,,IND,Nik Sandman,0.0,2.41,0.0,38.0,45.0,1,-6.57,0.15,592233,2368910,0,-8.62,-0.54,44.8,-7.2,38.0,80.4,54.6,56.4,50.0,50.0,48.2,45.4,40.8,38.0,38.0,39.0,39.0,42.0,37.4,39.3,40.2,45.7,51.3,49.4,53.1,46.9,46.0,46.0,45.1,44.1,43.2,42.3,41.4,41.4,40.4,40.4,40.4,41.4,41.4,42.3,43.2,Libertarian
2026-08-20,75,-11.51,13.0,87.0,Likely R,-11.43,5.12,-12.8,-13.23,1.72,42.11,53.07,2.41,False,False,,IND,Nik Sandman,0.0,2.41,0.0,38.0,45.0,1,-6.57,0.15,592233,2368910,0,-8.62,-0.54,44.8,-7.2,38.0,80.4,54.6,56.4,50.0,50.0,48.2,45.4,40.8,38.0,38.0,39.0,39.0,42.0,37.4,39.3,40.2,45.7,51.3,49.4,53.1,46.9,46.0,46.0,45.1,44.1,43.2,42.3,41.4,41.4,40.4,40.4,40.4,41.4,41.4,42.3,43.2,Libertarian
2026-08-21,74,-11.5,13.1,86.9,Likely R,-11.43,5.13,-12.79,-13.23,1.73,42.12,53.06,2.41,False,False,,IND,Nik Sandman,0.0,2.41,0.0,38.0,45.0,1,-6.57,0.15,592233,2368910,0,-8.61,-0.54,44.8,-7.2,38.0,80.4,54.6,56.4,50.0,50.0,48.2,45.4,40.8,38.0,38.0,39.0,39.0,42.1,37.4,39.3,40.2,45.8,51.3,49.4,53.1,46.9,46.0,46.0,45.1,44.1,43.2,42.3,41.4,41.4,40.5,40.5,40.5,41.4,41.4,42.3,43.2,Libertarian
2026-08-22,73,-11.49,13.1,86.9,Likely R,-11.42,5.14,-12.78,-13.23,1.74,42.12,53.06,2.41,False,False,,IND,Nik Sandman,0.0,2.41,0.0,38.0,45.0,1,-6.57,0.15,592233,2368910,0,-8.6,-0.54,44.8,-7.2,38.0,80.4,54.6,56.4,50.0,50.0,48.2,45.4,40.8,38.0,38.0,39.0,39.0,42.1,37.4,39.3,40.2,45.8,51.3,49.4,53.1,46.9,46.0,46.0,45.1,44.1,43.2,42.3,41.4,41.4,40.5,40.5,40.5,41.4,41.4,42.3,43.2,Libertarian
2026-08-23,72,-11.47,13.1,86.9,Likely R,-11.42,5.15,-12.77,-13.23,1.75,42.13,53.05,2.41,False,False,,IND,Nik Sandman,0.0,2.41,0.0,38.0,45.0,1,-6.57,0.15,592233,2368910,0,-8.59,-0.54,44.8,-7.2,38.0,80.4,54.6,56.4,50.0,50.0,48.2,45.4,40.8,38.1,38.1,39.0,39.0,42.1,37.5,39.3,40.2,45.8,51.3,49.5,53.1,46.9,46.0,46.0,45.1,44.2,43.2,42.3,41.4,41.4,40.5,40.5,40.5,41.4,41.4,42.3,43.2,Libertarian
2026-08-24,71,-11.45,13.1,86.9,Likely R,-11.42,5.17,-12.74,-13.23,1.78,42.14,53.04,2.41,False,False,,IND,Nik Sandman,0.0,2.41,0.0,38.0,45.0,1,-6.55,0.15,592233,2368910,0,-8.57,-0.54,44.8,-7.2,38.0,80.4,54.6,56.4,50.0,50.0,48.2,45.4,40.8,38.1,38.1,39.0,39.0,42.1,37.5,39.3,40.2,45.8,51.3,49.5,53.2,46.9,46.0,46.0,45.1,44.2,43.2,42.3,41.4,41.4,40.5,40.5,40.5,41.4,41.4,42.3,43.2,Libertarian
2026-08-25,70,-11.44,13.1,86.9,Likely R,-11.41,5.18,-12.73,-13.23,1.79,42.15,53.03,2.41,False,False,,IND,Nik Sandman,0.0,2.41,0.0,38.0,45.0,1,-6.55,0.15,592233,2368910,0,-8.56,-0.54,44.8,-7.2,38.0,80.5,54.6,56.5,50.0,50.0,48.2,45.5,40.8,38.1,38.1,39.0,39.0,42.1,37.5,39.3,40.2,45.8,51.3,49.5,53.2,46.9,46.0,46.0,45.1,44.2,43.3,42.3,41.4,41.4,40.5,40.5,40.5,41.4,41.4,42.3,43.3,Libertarian
2026-08-26,69,-11.37,13.3,86.7,Likely R,-11.4,5.24,-12.65,-13.23,1.86,42.18,53.0,2.41,False,False,,IND,Nik Sandman,0.0,2.41,0.0,38.0,45.0,1,-6.49,0.15,592233,2368910,0,-8.5,-0.54,44.6,-7.5,38.0,80.5,54.6,56.5,50.0,50.0,48.3,45.5,40.9,38.1,38.1,39.0,39.0,42.1,37.5,39.3,40.3,45.8,51.3,49.5,53.2,47.0,46.1,46.1,45.1,44.2,43.3,42.4,41.4,41.4,40.5,40.5,40.5,41.4,41.4,42.4,43.3,Libertarian
2026-08-27,68,-11.37,13.2,86.8,Likely R,-11.4,5.24,-12.65,-13.23,1.86,42.18,53.0,2.41,False,False,,IND,Nik Sandman,0.0,2.41,0.0,38.0,45.0,1,-6.49,0.15,592233,2368910,0,-8.5,-0.54,44.6,-7.5,38.0,80.5,54.6,56.5,50.0,50.0,48.3,45.5,40.9,38.1,38.1,39.0,39.0,42.1,37.5,39.3,40.3,45.8,51.3,49.5,53.2,47.0,46.1,46.1,45.1,44.2,43.3,42.4,41.4,41.4,40.5,40.5,40.5,41.4,41.4,42.4,43.3,Libertarian
2026-08-28,67,-11.34,13.3,86.7,Likely R,-11.39,5.26,-12.63,-13.23,1.88,42.19,52.99,2.41,False,False,,IND,Nik Sandman,0.0,2.41,0.0,38.0,45.0,1,-6.48,0.15,592233,2368910,0,-8.48,-0.54,44.6,-7.5,38.0,80.5,54.7,56.5,50.0,50.0,48.3,45.5,40.9,38.1,38.1,39.0,39.0,42.1,37.5,39.4,40.3,45.8,51.4,49.5,53.2,47.0,46.1,46.1,45.1,44.2,43.3,42.4,41.4,41.4,40.5,40.5,40.5,41.4,41.4,42.4,43.3,Libertarian
2026-08-29,66,-11.34,13.3,86.7,Likely R,-11.39,5.27,-12.62,-13.23,1.89,42.2,52.98,2.41,False,False,,IND,Nik Sandman,0.0,2.41,0.0,38.0,45.0,1,-6.48,0.15,592233,2368910,0,-8.47,-0.54,44.6,-7.5,38.0,80.5,54.7,56.5,50.0,50.0,48.3,45.5,40.9,38.1,38.1,39.0,39.0,42.1,37.5,39.4,40.3,45.8,51.4,49.5,53.2,47.0,46.1,46.1,45.1,44.2,43.3,42.4,41.5,41.5,40.5,40.5,40.5,41.5,41.5,42.4,43.3,Libertarian
2026-08-30,65,-11.44,13.0,87.0,Likely R,-11.41,5.19,-12.72,-13.23,1.79,42.15,53.03,2.41,False,False,,IND,Nik Sandman,0.0,2.41,0.0,38.0,45.0,1,-6.6,0.15,592233,2368910,0,-8.55,-0.54,44.8,-7.2,38.0,80.5,54.6,56.5,50.0,50.0,48.2,45.5,40.8,38.1,38.1,39.0,39.0,42.1,37.5,39.3,40.2,45.8,51.3,49.5,53.2,46.9,46.0,46.0,45.1,44.2,43.3,42.3,41.4,41.4,40.5,40.5,40.5,41.4,41.4,42.3,43.3,Libertarian
2026-08-31,64,-11.41,13.0,87.0,Likely R,-11.41,5.21,-12.69,-13.23,1.81,42.16,53.02,2.41,False,False,,IND,Nik Sandman,0.0,2.41,0.0,38.0,45.0,1,-6.58,0.15,592233,2368910,0,-8.53,-0.54,44.6,-7.5,38.0,80.5,54.6,56.5,50.0,50.0,48.2,45.5,40.9,38.1,38.1,39.0,39.0,42.1,37.5,39.3,40.3,45.8,51.3,49.5,53.2,47.0,46.0,46.0,45.1,44.2,43.3,42.3,41.4,41.4,40.5,40.5,40.5,41.4,41.4,42.3,43.3,Libertarian
2026-09-01,63,-11.37,13.1,86.9,Likely R,-11.4,5.25,-12.64,-13.23,1.86,42.18,53.0,2.41,False,False,,IND,Nik Sandman,0.0,2.41,0.0,38.0,45.0,1,-6.54,0.15,592233,2368910,0,-8.49,-0.54,44.7,-7.5,38.0,80.5,54.6,56.5,50.0,50.0,48.3,45.5,40.9,38.1,38.1,39.0,39.0,42.1,37.5,39.3,40.3,45.8,51.3,49.5,53.2,47.0,46.1,46.1,45.1,44.2,43.3,42.4,41.4,41.4,40.5,40.5,40.5,41.4,41.4,42.4,43.3,Libertarian
2026-09-02,62,-11.1,13.7,86.3,Likely R,-11.13,5.29,-12.34,-13.23,2.13,42.31,52.87,2.41,False,False,,IND,Nik Sandman,0.0,2.41,0.0,38.0,45.0,1,-6.5,0.15,592233,2368910,0,-8.45,-0.54,44.6,-7.5,38.2,80.6,54.8,56.6,50.2,50.2,48.4,45.6,41.0,38.2,38.2,39.2,39.2,42.2,37.6,39.5,40.4,45.9,51.5,49.6,53.3,47.1,46.2,46.2,45.3,44.3,43.4,42.5,41.6,41.6,40.6,40.6,40.6,41.6,41.6,42.5,43.4,Libertarian
2026-09-03,61,-8.75,19.4,80.6,Likely R,-11.14,5.29,-12.34,-13.23,4.48,43.43,51.75,2.41,False,False,,IND,Nik Sandman,0.0,2.41,0.0,45.67,43.56,2,-0.75,0.279,592233,2368910,0,-8.45,-0.54,44.6,-7.5,39.3,81.8,55.9,57.8,51.3,51.3,49.5,46.7,42.1,39.3,39.3,40.3,40.3,43.4,38.7,40.6,41.5,47.1,52.6,50.8,54.5,48.2,47.3,47.3,46.4,45.5,44.5,43.6,42.7,42.7,41.8,41.8,41.8,42.7,42.7,43.6,44.5,Libertarian
2026-09-04,60,-8.76,19.3,80.7,Likely R,-11.14,5.3,-12.33,-13.23,4.47,43.42,51.76,2.41,False,False,,IND,Nik Sandman,0.0,2.41,0.0,45.67,43.56,2,-0.75,0.277,592233,2368910,0,-8.44,-0.54,44.6,-7.5,39.3,81.8,55.9,57.8,51.3,51.3,49.5,46.7,42.1,39.3,39.3,40.3,40.3,43.4,38.7,40.6,41.5,47.1,52.6,50.8,54.5,48.2,47.3,47.3,46.4,45.4,44.5,43.6,42.7,42.7,41.8,41.8,41.8,42.7,42.7,43.6,44.5,Libertarian
2026-09-05,59,-8.77,19.2,80.8,Likely R,-11.14,5.31,-12.33,-13.23,4.46,43.42,51.76,2.41,False,False,,IND,Nik Sandman,0.0,2.41,0.0,45.67,43.56,2,-0.75,0.276,592233,2368910,0,-8.43,-0.54,44.6,-7.5,39.3,81.8,55.9,57.8,51.3,51.3,49.5,46.7,42.1,39.3,39.3,40.3,40.3,43.4,38.7,40.6,41.5,47.1,52.6,50.8,54.5,48.2,47.3,47.3,46.4,45.4,44.5,43.6,42.7,42.7,41.8,41.8,41.8,42.7,42.7,43.6,44.5,Libertarian
2026-09-06,58,-8.61,19.6,80.4,Likely R,-11.11,5.45,-12.15,-13.23,4.62,43.49,51.69,2.41,False,False,,IND,Nik Sandman,0.0,2.41,0.0,45.67,43.56,2,-0.57,0.274,592233,2368910,0,-8.29,-0.54,44.5,-7.6,39.3,81.9,56.0,57.8,51.4,51.4,49.6,46.8,42.2,39.4,39.4,40.3,40.3,43.4,38.8,40.7,41.6,47.1,52.7,50.8,54.5,48.3,47.4,47.4,46.4,45.5,44.6,43.7,42.7,42.7,41.8,41.8,41.8,42.7,42.7,43.7,44.6,Libertarian
2026-09-07,57,-8.62,19.6,80.4,Likely R,-11.11,5.46,-12.14,-13.23,4.6,43.49,51.69,2.41,False,False,,IND,Nik Sandman,0.0,2.41,0.0,45.67,43.56,2,-0.57,0.273,592233,2368910,0,-8.28,-0.54,44.5,-7.6,39.3,81.9,56.0,57.8,51.4,51.4,49.6,46.8,42.2,39.4,39.4,40.3,40.3,43.4,38.8,40.7,41.6,47.1,52.7,50.8,54.5,48.3,47.4,47.4,46.4,45.5,44.6,43.7,42.7,42.7,41.8,41.8,41.8,42.7,42.7,43.7,44.6,Libertarian
2026-09-08,56,-8.55,19.7,80.3,Likely R,-11.09,5.53,-12.06,-13.23,4.67,43.52,51.66,2.41,False,False,,IND,Nik Sandman,0.0,2.41,0.0,45.67,43.56,2,-0.49,0.272,592233,2368910,0,-8.21,-0.54,44.4,-7.7,39.4,81.9,56.0,57.9,51.4,51.4,49.6,46.8,42.2,39.4,39.4,40.4,40.4,43.5,38.8,40.7,41.6,47.2,52.7,50.9,54.6,48.3,47.4,47.4,46.5,45.5,44.6,43.7,42.8,42.8,41.9,41.9,41.9,42.8,42.8,43.7,44.6,Libertarian
2026-09-09,55,-8.33,20.3,79.7,Likely R,-11.04,5.72,-11.82,-13.23,4.9,43.63,51.55,2.41,False,False,,IND,Nik Sandman,0.0,2.41,0.0,45.67,43.56,2,-0.24,0.27,592233,2368910,0,-8.02,-0.54,44.4,-7.9,39.5,82.0,56.1,58.0,51.5,51.5,49.7,46.9,42.3,39.5,39.5,40.5,40.5,43.6,38.9,40.8,41.7,47.3,52.8,51.0,54.7,48.4,47.5,47.5,46.6,45.7,44.7,43.8,42.9,42.9,42.0,42.0,42.0,42.9,42.9,43.8,44.7,Libertarian
2026-09-10,54,-8.35,20.2,79.8,Likely R,-11.05,5.72,-11.82,-13.23,4.88,43.62,51.56,2.41,False,False,,IND,Nik Sandman,0.0,2.41,0.0,45.67,43.56,2,-0.25,0.269,592233,2368910,0,-8.02,-0.54,44.4,-7.9,39.5,82.0,56.1,58.0,51.5,51.5,49.7,46.9,42.3,39.5,39.5,40.5,40.5,43.6,38.9,40.8,41.7,47.3,52.8,51.0,54.7,48.4,47.5,47.5,46.6,45.6,44.7,43.8,42.9,42.9,42.0,42.0,42.0,42.9,42.9,43.8,44.7,Libertarian
2026-09-11,53,-8.29,20.3,79.7,Likely R,-11.03,5.78,-11.75,-13.23,4.94,43.64,51.54,2.41,False,False,,IND,Nik Sandman,0.0,2.41,0.0,45.67,43.56,2,-0.18,0.268,592233,2368910,0,-7.96,-0.54,44.4,-8.0,39.5,82.0,56.1,58.0,51.5,51.5,49.7,47.0,42.3,39.6,39.6,40.5,40.5,43.6,39.0,40.8,41.7,47.3,52.8,51.0,54.7,48.4,47.5,47.5,46.6,45.7,44.7,43.8,42.9,42.9,42.0,42.0,42.0,42.9,42.9,43.8,44.7,Libertarian
2026-09-12,52,-8.3,20.2,79.8,Likely R,-11.04,5.79,-11.74,-13.23,4.93,43.64,51.54,2.41,False,False,,IND,Nik Sandman,0.0,2.41,0.0,45.67,43.56,2,-0.18,0.266,592233,2368910,0,-7.95,-0.54,44.4,-8.0,39.5,82.0,56.1,58.0,51.5,51.5,49.7,47.0,42.3,39.6,39.6,40.5,40.5,43.6,39.0,40.8,41.7,47.3,52.8,51.0,54.7,48.4,47.5,47.5,46.6,45.7,44.7,43.8,42.9,42.9,42.0,42.0,42.0,42.9,42.9,43.8,44.7,Libertarian
2026-09-13,51,-8.74,18.9,81.1,Likely R,-11.69,5.84,-12.34,-13.23,4.49,43.43,51.75,2.41,False,False,,IND,Nik Sandman,0.0,2.41,0.0,45.67,43.56,2,-0.13,0.265,592233,2368910,0,-7.9,-0.54,44.5,-7.8,39.3,81.8,55.9,57.8,51.3,51.3,49.5,46.7,42.1,39.3,39.3,40.3,40.3,43.4,38.7,40.6,41.5,47.1,52.6,50.8,54.5,48.2,47.3,47.3,46.4,45.5,44.5,43.6,42.7,42.7,41.8,41.8,41.8,42.7,42.7,43.6,44.5,Libertarian
2026-09-14,50,-8.41,19.7,80.3,Likely R,-11.34,5.93,-11.91,-13.23,4.82,43.59,51.59,2.41,False,False,,IND,Nik Sandman,0.0,2.41,0.0,45.67,43.56,2,-0.02,0.264,592233,2368910,0,-7.81,-0.54,44.6,-7.9,39.4,82.0,56.1,57.9,51.5,51.5,49.7,46.9,42.3,39.5,39.5,40.4,40.4,43.5,38.9,40.8,41.7,47.2,52.8,50.9,54.6,48.4,47.5,47.5,46.5,45.6,44.7,43.8,42.8,42.8,41.9,41.9,41.9,42.8,42.8,43.8,44.7,Libertarian
2026-09-15,49,-8.26,20.1,79.9,Likely R,-11.31,6.06,-11.75,-13.23,4.97,43.66,51.52,2.41,False,False,,IND,Nik Sandman,0.0,2.41,0.0,45.67,43.56,2,0.14,0.263,592233,2368910,0,-7.68,-0.54,44.5,-7.9,39.5,82.0,56.1,58.0,51.5,51.5,49.7,47.0,42.3,39.6,39.6,40.5,40.5,43.6,39.0,40.8,41.7,47.3,52.8,51.0,54.7,48.5,47.5,47.5,46.6,45.7,44.8,43.8,42.9,42.9,42.0,42.0,42.0,42.9,42.9,43.8,44.8,Libertarian
2026-09-16,48,-8.27,19.9,80.1,Likely R,-11.34,6.08,-11.75,-13.23,4.95,43.65,51.53,2.41,False,False,,IND,Nik Sandman,0.0,2.41,0.0,45.67,43.56,2,0.15,0.262,592233,2368910,0,-7.66,-0.54,44.5,-7.8,39.5,82.0,56.1,58.0,51.5,51.5,49.7,47.0,42.3,39.6,39.6,40.5,40.5,43.6,39.0,40.8,41.7,47.3,52.8,51.0,54.7,48.5,47.5,47.5,46.6,45.7,44.8,43.8,42.9,42.9,42.0,42.0,42.0,42.9,42.9,43.8,44.8,Libertarian
2026-09-17,47,-8.24,19.9,80.1,Likely R,-11.33,6.12,-11.71,-13.23,4.99,43.67,51.51,2.41,False,False,,IND,Nik Sandman,0.0,2.41,0.0,45.67,43.56,2,0.19,0.261,592233,2368910,0,-7.62,-0.54,44.4,-8.2,39.5,82.1,56.2,58.0,51.5,51.5,49.8,47.0,42.4,39.6,39.6,40.5,40.5,43.6,39.0,40.8,41.8,47.3,52.9,51.0,54.7,48.5,47.5,47.5,46.6,45.7,44.8,43.8,42.9,42.9,42.0,42.0,42.0,42.9,42.9,43.8,44.8,Libertarian
2026-09-18,46,-8.24,19.9,80.1,Likely R,-11.33,6.14,-11.68,-13.23,4.99,43.67,51.51,2.41,False,False,,IND,Nik Sandman,0.0,2.41,0.0,45.67,43.56,2,0.19,0.26,592233,2368910,0,-7.6,-0.54,44.4,-8.2,39.5,82.1,56.2,58.0,51.5,51.5,49.8,47.0,42.4,39.6,39.6,40.5,40.5,43.6,39.0,40.8,41.8,47.3,52.9,51.0,54.7,48.5,47.5,47.5,46.6,45.7,44.8,43.8,42.9,42.9,42.0,42.0,42.0,42.9,42.9,43.8,44.8,Libertarian
2026-09-19,45,-8.24,19.7,80.3,Likely R,-11.33,6.15,-11.68,-13.23,4.99,43.67,51.51,2.41,False,False,,IND,Nik Sandman,0.0,2.41,0.0,45.67,43.56,2,0.19,0.259,592233,2368910,0,-7.59,-0.54,44.4,-8.2,39.5,82.1,56.2,58.0,51.5,51.5,49.8,47.0,42.4,39.6,39.6,40.5,40.5,43.6,39.0,40.8,41.8,47.3,52.9,51.0,54.7,48.5,47.5,47.5,46.6,45.7,44.8,43.8,42.9,42.9,42.0,42.0,42.0,42.9,42.9,43.8,44.8,Libertarian
2026-09-20,44,-8.18,19.8,80.2,Likely R,-11.32,6.21,-11.6,-13.23,5.04,43.7,51.48,2.41,False,False,,IND,Nik Sandman,0.0,2.41,0.0,45.67,43.56,2,0.25,0.258,592233,2368910,0,-7.53,-0.54,44.2,-8.6,39.5,82.1,56.2,58.0,51.6,51.6,49.8,47.0,42.4,39.6,39.6,40.5,40.5,43.6,39.0,40.9,41.8,47.3,52.9,51.0,54.7,48.5,47.6,47.6,46.7,45.7,44.8,43.9,43.0,43.0,42.0,42.0,42.0,43.0,43.0,43.9,44.8,Libertarian
2026-09-21,43,-8.02,20.1,79.9,Likely R,-11.28,6.35,-11.43,-13.23,5.2,43.77,51.41,2.41,False,False,,IND,Nik Sandman,0.0,2.41,0.0,45.67,43.56,2,0.41,0.257,592233,2368910,0,-7.39,-0.54,44.1,-8.9,39.6,82.2,56.3,58.1,51.6,51.6,49.9,47.1,42.5,39.7,39.7,40.6,40.6,43.7,39.1,40.9,41.9,47.4,53.0,51.1,54.8,48.6,47.6,47.6,46.7,45.8,44.9,43.9,43.0,43.0,42.1,42.1,42.1,43.0,43.0,43.9,44.9,Libertarian
2026-09-22,42,-7.91,20.3,79.7,Likely R,-11.26,6.45,-11.3,-13.23,5.32,43.83,51.35,2.41,False,False,,IND,Nik Sandman,0.0,2.41,0.0,45.67,43.56,2,0.54,0.256,592233,2368910,0,-7.29,-0.54,44.1,-8.9,39.7,82.2,56.3,58.2,51.7,51.7,49.9,47.1,42.5,39.7,39.7,40.7,40.7,43.8,39.1,41.0,41.9,47.5,53.0,51.2,54.9,48.6,47.7,47.7,46.8,45.9,44.9,44.0,43.1,43.1,42.2,42.2,42.2,43.1,43.1,44.0,44.9,Libertarian
2026-09-23,41,-7.9,20.2,79.8,Likely R,-11.26,6.47,-11.28,-13.23,5.33,43.83,51.35,2.41,False,False,,IND,Nik Sandman,0.0,2.41,0.0,45.67,43.56,2,0.54,0.255,592233,2368910,0,-7.27,-0.54,44.1,-8.9,39.7,82.2,56.3,58.2,51.7,51.7,49.9,47.1,42.5,39.7,39.7,40.7,40.7,43.8,39.1,41.0,41.9,47.5,53.0,51.2,54.9,48.6,47.7,47.7,46.8,45.9,44.9,44.0,43.1,43.1,42.2,42.2,42.2,43.1,43.1,44.0,44.9,Libertarian
2026-09-24,40,-7.9,20.0,80.0,Likely R,-11.26,6.48,-11.27,-13.23,5.32,43.83,51.35,2.41,False,False,,IND,Nik Sandman,0.0,2.41,0.0,45.67,43.56,2,0.54,0.255,592233,2368910,0,-7.26,-0.54,44.1,-8.9,39.7,82.2,56.3,58.2,51.7,51.7,49.9,47.1,42.5,39.7,39.7,40.7,40.7,43.8,39.1,41.0,41.9,47.5,53.0,51.2,54.9,48.6,47.7,47.7,46.8,45.9,44.9,44.0,43.1,43.1,42.2,42.2,42.2,43.1,43.1,44.0,44.9,Libertarian
2026-09-25,39,-7.9,19.8,80.2,Likely R,-11.26,6.49,-11.26,-13.23,5.32,43.83,51.35,2.41,False,False,,IND,Nik Sandman,0.0,2.41,0.0,45.67,43.56,2,0.54,0.254,592233,2368910,0,-7.25,-0.54,44.1,-8.9,39.7,82.2,56.3,58.2,51.7,51.7,49.9,47.1,42.5,39.7,39.7,40.7,40.7,43.8,39.1,41.0,41.9,47.5,53.0,51.2,54.9,48.6,47.7,47.7,46.8,45.9,44.9,44.0,43.1,43.1,42.2,42.2,42.2,43.1,43.1,44.0,44.9,Libertarian
2026-09-26,38,-7.91,19.6,80.4,Likely R,-11.26,6.5,-11.25,-13.23,5.32,43.83,51.35,2.41,False,False,,IND,Nik Sandman,0.0,2.41,0.0,45.67,43.56,2,0.54,0.253,592233,2368910,0,-7.24,-0.54,44.1,-8.9,39.7,82.2,56.3,58.2,51.7,51.7,49.9,47.1,42.5,39.7,39.7,40.7,40.7,43.8,39.1,41.0,41.9,47.5,53.0,51.2,54.9,48.6,47.7,47.7,46.8,45.9,44.9,44.0,43.1,43.1,42.2,42.2,42.2,43.1,43.1,44.0,44.9,Libertarian
2026-09-27,37,-7.72,20.0,80.0,Likely R,-11.22,6.66,-11.06,-13.23,5.5,43.91,51.27,2.41,False,False,,IND,Nik Sandman,0.0,2.41,0.0,45.67,43.56,2,0.71,0.252,592233,2368910,0,-7.08,-0.54,44.0,-9.0,39.7,82.3,56.4,58.3,51.8,51.8,50.0,47.2,42.6,39.8,39.8,40.7,40.7,43.8,39.2,41.1,42.0,47.5,53.1,51.2,54.9,48.7,47.8,47.8,46.9,45.9,45.0,44.1,43.2,43.2,42.2,42.2,42.2,43.2,43.2,44.1,45.0,Libertarian
2026-09-28,36,-7.7,19.8,80.2,Likely R,-11.22,6.69,-11.02,-13.23,5.53,43.93,51.25,2.41,False,False,,IND,Nik Sandman,0.0,2.41,0.0,45.67,43.56,2,0.73,0.252,592233,2368910,0,-7.05,-0.54,43.8,-9.5,39.8,82.3,56.4,58.3,51.8,51.8,50.0,47.2,42.6,39.8,39.8,40.8,40.8,43.9,39.2,41.1,42.0,47.6,53.1,51.3,55.0,48.7,47.8,47.8,46.9,46.0,45.0,44.1,43.2,43.2,42.3,42.3,42.3,43.2,43.2,44.1,45.0,Libertarian
2026-09-29,35,-7.7,19.6,80.4,Likely R,-11.22,6.7,-11.01,-13.23,5.53,43.93,51.25,2.41,False,False,,IND,Nik Sandman,0.0,2.41,0.0,45.67,43.56,2,0.73,0.251,592233,2368910,0,-7.04,-0.54,43.8,-9.5,39.8,82.3,56.4,58.3,51.8,51.8,50.0,47.2,42.6,39.8,39.8,40.8,40.8,43.9,39.2,41.1,42.0,47.6,53.1,51.3,55.0,48.7,47.8,47.8,46.9,46.0,45.0,44.1,43.2,43.2,42.3,42.3,42.3,43.2,43.2,44.1,45.0,Libertarian
2026-09-30,34,-7.7,19.4,80.6,Likely R,-11.22,6.71,-11.0,-13.23,5.53,43.93,51.25,2.41,False,False,,IND,Nik Sandman,0.0,2.41,0.0,45.67,43.56,2,0.73,0.251,592233,2368910,0,-7.03,-0.54,43.8,-9.5,39.8,82.3,56.4,58.3,51.8,51.8,50.0,47.2,42.6,39.8,39.8,40.8,40.8,43.9,39.2,41.1,42.0,47.6,53.1,51.3,55.0,48.7,47.8,47.8,46.9,46.0,45.0,44.1,43.2,43.2,42.3,42.3,42.3,43.2,43.2,44.1,45.0,Libertarian
2026-10-01,33,-7.69,19.2,80.8,Likely R,-11.21,6.73,-10.98,-13.23,5.54,43.93,51.25,2.41,False,False,,IND,Nik Sandman,0.0,2.41,0.0,45.67,43.56,2,0.73,0.25,592233,2368910,0,-7.01,-0.54,43.8,-9.5,39.8,82.3,56.4,58.3,51.8,51.8,50.0,47.2,42.6,39.8,39.8,40.8,40.8,43.9,39.2,41.1,42.0,47.6,53.1,51.3,55.0,48.7,47.8,47.8,46.9,46.0,45.0,44.1,43.2,43.2,42.3,42.3,42.3,43.2,43.2,44.1,45.0,Libertarian
2026-10-02,32,-7.55,19.3,80.7,Likely R,-11.03,6.74,-10.79,-13.23,5.67,44.0,51.18,2.41,False,False,,IND,Nik Sandman,0.0,2.41,0.0,45.67,43.56,2,0.72,0.25,592233,2368910,0,-7.0,-0.54,43.8,-9.5,39.8,82.4,56.5,58.3,51.9,51.9,50.1,47.3,42.7,39.9,39.9,40.8,40.8,43.9,39.3,41.2,42.1,47.6,53.2,51.3,55.0,48.8,47.9,47.9,47.0,46.0,45.1,44.2,43.3,43.3,42.3,42.3,42.3,43.3,43.3,44.2,45.1,Libertarian
2026-10-03,31,-7.55,19.0,81.0,Likely R,-11.04,6.75,-10.78,-13.23,5.67,44.0,51.18,2.41,False,False,,IND,Nik Sandman,0.0,2.41,0.0,45.67,43.56,2,0.72,0.249,592233,2368910,0,-6.99,-0.54,43.8,-9.5,39.8,82.4,56.5,58.3,51.9,51.9,50.1,47.3,42.7,39.9,39.9,40.8,40.8,43.9,39.3,41.2,42.1,47.6,53.2,51.3,55.0,48.8,47.9,47.9,47.0,46.0,45.1,44.2,43.3,43.3,42.3,42.3,42.3,43.3,43.3,44.2,45.1,Libertarian
2026-10-04,30,-7.45,19.1,80.9,Likely R,-11.03,6.79,-10.65,-13.23,5.78,44.04,51.14,2.41,False,False,,IND,Nik Sandman,0.0,2.41,0.0,45.67,43.56,2,0.76,0.249,592233,2368910,0,-6.95,-0.54,43.8,-9.5,39.9,82.4,56.5,58.4,51.9,51.9,50.1,47.4,42.7,40.0,40.0,40.9,40.9,44.0,39.4,41.2,42.1,47.7,53.2,51.4,55.1,48.8,47.9,47.9,47.0,46.1,45.1,44.2,43.3,43.3,42.4,42.4,42.4,43.3,43.3,44.2,45.1,Libertarian
2026-10-05,29,-7.46,18.7,81.3,Likely R,-11.03,6.79,-10.65,-13.23,5.77,44.04,51.14,2.41,False,False,,IND,Nik Sandman,0.0,2.41,0.0,45.67,43.56,2,0.75,0.248,592233,2368910,0,-6.95,-0.54,43.8,-9.5,39.9,82.4,56.5,58.4,51.9,51.9,50.1,47.4,42.7,40.0,40.0,40.9,40.9,44.0,39.4,41.2,42.1,47.7,53.2,51.4,55.1,48.8,47.9,47.9,47.0,46.1,45.1,44.2,43.3,43.3,42.4,42.4,42.4,43.3,43.3,44.2,45.1,Libertarian
2026-10-06,28,-7.02,19.8,80.2,Likely R,-10.64,6.94,-10.12,-13.23,6.2,44.25,50.93,2.41,False,False,,IND,Nik Sandman,0.0,2.41,0.0,45.67,43.56,2,0.91,0.248,592233,2368910,0,-6.8,-0.54,43.8,-9.5,40.1,82.7,56.7,58.6,52.1,52.1,50.3,47.6,42.9,40.2,40.2,41.1,41.1,44.2,39.6,41.4,42.3,47.9,53.4,51.6,55.3,49.1,48.1,48.1,47.2,46.3,45.4,44.4,43.5,43.5,42.6,42.6,42.6,43.5,43.5,44.4,45.4,Libertarian
2026-10-07,27,-7.01,19.5,80.5,Likely R,-10.64,6.96,-10.1,-13.23,6.22,44.25,50.93,2.41,False,False,,IND,Nik Sandman,0.0,2.41,0.0,45.67,43.56,2,0.92,0.248,592233,2368910,0,-6.78,-0.54,43.8,-9.6,40.1,82.7,56.7,58.6,52.1,52.1,50.3,47.6,42.9,40.2,40.2,41.1,41.1,44.2,39.6,41.4,42.3,47.9,53.4,51.6,55.3,49.1,48.1,48.1,47.2,46.3,45.4,44.4,43.5,43.5,42.6,42.6,42.6,43.5,43.5,44.4,45.4,Libertarian
2026-10-08,26,-6.93,19.5,80.5,Likely R,-10.64,6.98,-9.99,-13.23,6.3,44.29,50.89,2.41,False,False,,IND,Nik Sandman,0.0,2.41,0.0,45.67,43.56,2,0.94,0.247,592233,2368910,0,-6.76,-0.54,43.8,-9.6,40.1,82.7,56.8,58.6,52.2,52.2,50.4,47.6,43.0,40.2,40.2,41.1,41.1,44.2,39.6,41.5,42.4,47.9,53.5,51.6,55.3,49.1,48.2,48.2,47.2,46.3,45.4,44.5,43.5,43.5,42.6,42.6,42.6,43.5,43.5,44.5,45.4,Libertarian
