date,days_out,margin,dem_prob,rep_prob,rating,lean,gcb,fundamentals,pres_2024,swing_24_26,dem_pct,rep_pct,oth_pct,rcv,threeway,same_party,oth_party,ind_name,ind_prob,ind_pct,cand1_prob,poll_dem,poll_rep,poll_count,polling_avg,polling_weight,dem_funds,rep_funds,ind_funds,environment,demo_env_adj,trump_approve,trump_net,dem_vap_white,dem_vap_black,dem_vap_hispanic,dem_vap_asian,dem_vap_native,dem_vap_pacific,dem_age_20_29,dem_age_30_39,dem_age_40_49,dem_age_50_59,dem_age_60_69,dem_age_70_79,dem_age_80_plus,dem_educ_no_hs,dem_educ_hs,dem_educ_some_college,dem_educ_associate,dem_educ_bachelor,dem_educ_master,dem_educ_professional,dem_educ_doctorate,dem_inc_u10k,dem_inc_10_15k,dem_inc_15_20k,dem_inc_20_25k,dem_inc_25_30k,dem_inc_30_35k,dem_inc_35_40k,dem_inc_40_45k,dem_inc_45_50k,dem_inc_50_60k,dem_inc_60_75k,dem_inc_75_100k,dem_inc_100_125k,dem_inc_125_150k,dem_inc_150_200k,dem_inc_200k_plus,ind_party_label
2026-01-01,306,-20.88,2.3,97.7,Safe R,-20.91,3.05,-21.59,-20.84,-0.04,38.7,59.12,0.0,False,False,,OTH,Brett Lindstrom,0.0,2.18,0.0,,,0,,0.0,0,0,0,-18.34,-0.48,51.1,5.7,33.8,77.3,50.8,52.7,46.1,46.1,45.2,42.3,37.6,34.8,34.8,35.7,35.7,38.8,34.1,36.0,36.9,42.6,48.3,46.4,50.2,43.5,42.6,42.6,41.6,40.7,39.7,38.8,37.9,37.9,36.9,36.9,36.9,37.9,37.9,38.8,39.7,America First
2026-01-02,305,-20.88,2.3,97.7,Safe R,-20.91,3.05,-21.59,-20.84,-0.04,38.7,59.12,0.0,False,False,,OTH,Brett Lindstrom,0.0,2.18,0.0,,,0,,0.0,0,0,0,-18.34,-0.48,51.1,5.7,33.8,77.3,50.8,52.7,46.1,46.1,45.2,42.3,37.6,34.8,34.8,35.7,35.7,38.8,34.1,36.0,36.9,42.6,48.3,46.4,50.2,43.5,42.6,42.6,41.6,40.7,39.7,38.8,37.9,37.9,36.9,36.9,36.9,37.9,37.9,38.8,39.7,America First
2026-01-03,304,-20.88,2.3,97.7,Safe R,-20.91,3.05,-21.59,-20.84,-0.04,38.7,59.12,0.0,False,False,,OTH,Brett Lindstrom,0.0,2.18,0.0,,,0,,0.0,0,0,0,-18.34,-0.48,51.1,5.7,33.8,77.3,50.8,52.7,46.1,46.1,45.2,42.3,37.6,34.8,34.8,35.7,35.7,38.8,34.1,36.0,36.9,42.6,48.3,46.4,50.2,43.5,42.6,42.6,41.6,40.7,39.7,38.8,37.9,37.9,36.9,36.9,36.9,37.9,37.9,38.8,39.7,America First
2026-01-04,303,-20.94,2.3,97.7,Safe R,-20.91,2.99,-21.65,-20.84,-0.1,38.67,59.15,0.0,False,False,,OTH,Brett Lindstrom,0.0,2.18,0.0,,,0,,0.0,0,0,0,-18.4,-0.48,51.2,5.9,33.8,77.3,50.8,52.7,46.1,46.1,45.2,42.3,37.6,34.7,34.7,35.7,35.7,38.8,34.1,35.9,36.9,42.6,48.3,46.4,50.1,43.5,42.6,42.6,41.6,40.7,39.7,38.8,37.8,37.8,36.9,36.9,36.9,37.8,37.8,38.8,39.7,America First
2026-01-05,302,-20.91,2.3,97.7,Safe R,-20.91,3.02,-21.62,-20.84,-0.07,38.68,59.14,0.0,False,False,,OTH,Brett Lindstrom,0.0,2.18,0.0,,,0,,0.0,0,0,0,-18.37,-0.48,51.2,5.9,33.8,77.3,50.8,52.7,46.1,46.1,45.2,42.3,37.6,34.8,34.8,35.7,35.7,38.8,34.1,36.0,36.9,42.6,48.3,46.4,50.2,43.5,42.6,42.6,41.6,40.7,39.7,38.8,37.8,37.8,36.9,36.9,36.9,37.8,37.8,38.8,39.7,America First
2026-01-06,301,-20.91,2.3,97.7,Safe R,-20.91,3.02,-21.62,-20.84,-0.07,38.68,59.14,0.0,False,False,,OTH,Brett Lindstrom,0.0,2.18,0.0,,,0,,0.0,0,0,0,-18.37,-0.48,51.2,5.9,33.8,77.3,50.8,52.7,46.1,46.1,45.2,42.3,37.6,34.8,34.8,35.7,35.7,38.8,34.1,36.0,36.9,42.6,48.3,46.4,50.2,43.5,42.6,42.6,41.6,40.7,39.7,38.8,37.8,37.8,36.9,36.9,36.9,37.8,37.8,38.8,39.7,America First
2026-01-07,300,-20.9,2.3,97.7,Safe R,-20.91,3.03,-21.61,-20.84,-0.06,38.69,59.13,0.0,False,False,,OTH,Brett Lindstrom,0.0,2.18,0.0,,,0,,0.0,0,0,0,-18.36,-0.48,51.2,5.8,33.8,77.3,50.8,52.7,46.1,46.1,45.2,42.3,37.6,34.8,34.8,35.7,35.7,38.8,34.1,36.0,36.9,42.6,48.3,46.4,50.2,43.5,42.6,42.6,41.6,40.7,39.7,38.8,37.8,37.8,36.9,36.9,36.9,37.8,37.8,38.8,39.7,America First
2026-01-08,299,-20.9,2.3,97.7,Safe R,-20.91,3.03,-21.61,-20.84,-0.06,38.69,59.13,0.0,False,False,,OTH,Brett Lindstrom,0.0,2.18,0.0,,,0,,0.0,0,0,0,-18.36,-0.48,51.2,5.8,33.8,77.3,50.8,52.7,46.1,46.1,45.2,42.3,37.6,34.8,34.8,35.7,35.7,38.8,34.1,36.0,36.9,42.6,48.3,46.4,50.2,43.5,42.6,42.6,41.6,40.7,39.7,38.8,37.8,37.8,36.9,36.9,36.9,37.8,37.8,38.8,39.7,America First
2026-01-09,298,-20.9,2.3,97.7,Safe R,-20.91,3.03,-21.61,-20.84,-0.06,38.69,59.13,0.0,False,False,,OTH,Brett Lindstrom,0.0,2.18,0.0,,,0,,0.0,0,0,0,-18.36,-0.48,51.2,5.8,33.8,77.3,50.8,52.7,46.1,46.1,45.2,42.3,37.6,34.8,34.8,35.7,35.7,38.8,34.1,36.0,36.9,42.6,48.3,46.4,50.2,43.5,42.6,42.6,41.6,40.7,39.7,38.8,37.8,37.8,36.9,36.9,36.9,37.8,37.8,38.8,39.7,America First
2026-01-10,297,-20.89,2.3,97.7,Safe R,-20.91,3.04,-21.6,-20.84,-0.05,38.69,59.13,0.0,False,False,,OTH,Brett Lindstrom,0.0,2.18,0.0,,,0,,0.0,0,0,0,-18.35,-0.48,51.2,5.8,33.8,77.3,50.8,52.7,46.1,46.1,45.2,42.3,37.6,34.8,34.8,35.7,35.7,38.8,34.1,36.0,36.9,42.6,48.3,46.4,50.2,43.5,42.6,42.6,41.6,40.7,39.7,38.8,37.8,37.8,36.9,36.9,36.9,37.8,37.8,38.8,39.7,America First
2026-01-11,296,-20.93,2.3,97.7,Safe R,-20.91,3.0,-21.64,-20.84,-0.09,38.67,59.15,0.0,False,False,,OTH,Brett Lindstrom,0.0,2.18,0.0,,,0,,0.0,0,0,0,-18.39,-0.48,51.1,5.6,33.8,77.3,50.8,52.7,46.1,46.1,45.2,42.3,37.6,34.7,34.7,35.7,35.7,38.8,34.1,35.9,36.9,42.6,48.3,46.4,50.1,43.5,42.6,42.6,41.6,40.7,39.7,38.8,37.8,37.8,36.9,36.9,36.9,37.8,37.8,38.8,39.7,America First
2026-01-12,295,-20.87,2.3,97.7,Safe R,-20.91,3.06,-21.58,-20.84,-0.03,38.7,59.12,0.0,False,False,,OTH,Brett Lindstrom,0.0,2.18,0.0,,,0,,0.0,0,0,0,-18.33,-0.48,51.1,5.5,33.8,77.3,50.8,52.7,46.1,46.1,45.2,42.3,37.6,34.8,34.8,35.7,35.7,38.8,34.1,36.0,36.9,42.6,48.3,46.4,50.2,43.5,42.6,42.6,41.6,40.7,39.7,38.8,37.9,37.9,36.9,36.9,36.9,37.9,37.9,38.8,39.7,America First
2026-01-13,294,-20.88,2.3,97.7,Safe R,-20.91,3.05,-21.59,-20.84,-0.04,38.7,59.12,0.0,False,False,,OTH,Brett Lindstrom,0.0,2.18,0.0,,,0,,0.0,0,0,0,-18.34,-0.48,51.0,5.3,33.8,77.3,50.8,52.7,46.1,46.1,45.2,42.3,37.6,34.8,34.8,35.7,35.7,38.8,34.1,36.0,36.9,42.6,48.3,46.4,50.2,43.5,42.6,42.6,41.6,40.7,39.7,38.8,37.9,37.9,36.9,36.9,36.9,37.9,37.9,38.8,39.7,America First
2026-01-14,293,-20.88,2.3,97.7,Safe R,-20.91,3.05,-21.59,-20.84,-0.04,38.7,59.12,0.0,False,False,,OTH,Brett Lindstrom,0.0,2.18,0.0,,,0,,0.0,0,0,0,-18.34,-0.48,51.0,5.3,33.8,77.3,50.8,52.7,46.1,46.1,45.2,42.3,37.6,34.8,34.8,35.7,35.7,38.8,34.1,36.0,36.9,42.6,48.3,46.4,50.2,43.5,42.6,42.6,41.6,40.7,39.7,38.8,37.9,37.9,36.9,36.9,36.9,37.9,37.9,38.8,39.7,America First
2026-01-15,292,-20.87,2.3,97.7,Safe R,-20.91,3.06,-21.58,-20.84,-0.03,38.7,59.12,0.0,False,False,,OTH,Brett Lindstrom,0.0,2.18,0.0,,,0,,0.0,0,0,0,-18.33,-0.48,51.0,5.4,33.8,77.3,50.8,52.7,46.1,46.1,45.2,42.3,37.6,34.8,34.8,35.7,35.7,38.8,34.1,36.0,36.9,42.6,48.3,46.4,50.2,43.5,42.6,42.6,41.6,40.7,39.7,38.8,37.9,37.9,36.9,36.9,36.9,37.9,37.9,38.8,39.7,America First
2026-01-16,291,-20.86,2.3,97.7,Safe R,-20.91,3.07,-21.57,-20.84,-0.02,38.71,59.11,0.0,False,False,,OTH,Brett Lindstrom,0.0,2.18,0.0,,,0,,0.0,0,0,0,-18.32,-0.48,51.0,5.3,33.8,77.3,50.8,52.7,46.1,46.1,45.2,42.4,37.6,34.8,34.8,35.7,35.7,38.8,34.1,36.0,36.9,42.6,48.3,46.4,50.2,43.5,42.6,42.6,41.6,40.7,39.8,38.8,37.9,37.9,36.9,36.9,36.9,37.9,37.9,38.8,39.8,America First
2026-01-17,290,-20.82,2.3,97.7,Safe R,-20.91,3.11,-21.53,-20.84,0.02,38.73,59.09,0.0,False,False,,OTH,Brett Lindstrom,0.0,2.18,0.0,,,0,,0.0,0,0,0,-18.28,-0.48,51.0,5.2,33.8,77.4,50.9,52.7,46.1,46.1,45.2,42.4,37.6,34.8,34.8,35.7,35.7,38.8,34.1,36.0,37.0,42.6,48.3,46.4,50.2,43.6,42.6,42.6,41.7,40.7,39.8,38.8,37.9,37.9,36.9,36.9,36.9,37.9,37.9,38.8,39.8,America First
2026-01-18,289,-20.88,2.3,97.7,Safe R,-20.91,3.05,-21.59,-20.84,-0.04,38.7,59.12,0.0,False,False,,OTH,Brett Lindstrom,0.0,2.18,0.0,,,0,,0.0,0,0,0,-18.34,-0.48,51.0,5.2,33.8,77.3,50.8,52.7,46.1,46.1,45.2,42.3,37.6,34.8,34.8,35.7,35.7,38.8,34.1,36.0,36.9,42.6,48.3,46.4,50.2,43.5,42.6,42.6,41.6,40.7,39.7,38.8,37.9,37.9,36.9,36.9,36.9,37.9,37.9,38.8,39.7,America First
2026-01-19,288,-20.85,2.3,97.7,Safe R,-20.91,3.08,-21.56,-20.84,-0.01,38.71,59.11,0.0,False,False,,OTH,Brett Lindstrom,0.0,2.18,0.0,,,0,,0.0,0,0,0,-18.31,-0.48,51.0,5.3,33.8,77.3,50.8,52.7,46.1,46.1,45.2,42.4,37.6,34.8,34.8,35.7,35.7,38.8,34.1,36.0,36.9,42.6,48.3,46.4,50.2,43.5,42.6,42.6,41.6,40.7,39.8,38.8,37.9,37.9,36.9,36.9,36.9,37.9,37.9,38.8,39.8,America First
2026-01-20,287,-20.78,2.4,97.6,Safe R,-20.91,3.15,-21.49,-20.84,0.06,38.75,59.07,0.0,False,False,,OTH,Brett Lindstrom,0.0,2.18,0.0,,,0,,0.0,0,0,0,-18.24,-0.48,50.9,5.1,33.8,77.4,50.9,52.8,46.1,46.1,45.2,42.4,37.7,34.8,34.8,35.8,35.8,38.9,34.1,36.0,37.0,42.7,48.3,46.4,50.2,43.6,42.6,42.6,41.7,40.7,39.8,38.8,37.9,37.9,37.0,37.0,37.0,37.9,37.9,38.8,39.8,America First
2026-01-21,286,-20.78,2.4,97.6,Safe R,-20.91,3.15,-21.49,-20.84,0.06,38.75,59.07,0.0,False,False,,OTH,Brett Lindstrom,0.0,2.18,0.0,,,0,,0.0,0,0,0,-18.24,-0.48,50.9,5.1,33.8,77.4,50.9,52.8,46.1,46.1,45.2,42.4,37.7,34.8,34.8,35.8,35.8,38.9,34.1,36.0,37.0,42.7,48.3,46.4,50.2,43.6,42.6,42.6,41.7,40.7,39.8,38.8,37.9,37.9,37.0,37.0,37.0,37.9,37.9,38.8,39.8,America First
2026-01-22,285,-20.75,2.4,97.6,Safe R,-20.91,3.18,-21.46,-20.84,0.09,38.76,59.06,0.0,False,False,,OTH,Brett Lindstrom,0.0,2.18,0.0,,,0,,0.0,0,0,0,-18.21,-0.48,50.8,5.0,33.8,77.4,50.9,52.8,46.2,46.2,45.2,42.4,37.7,34.8,34.8,35.8,35.8,38.9,34.1,36.0,37.0,42.7,48.3,46.5,50.2,43.6,42.6,42.6,41.7,40.8,39.8,38.9,37.9,37.9,37.0,37.0,37.0,37.9,37.9,38.9,39.8,America First
2026-01-23,284,-20.75,2.4,97.6,Safe R,-20.91,3.18,-21.46,-20.84,0.09,38.76,59.06,0.0,False,False,,OTH,Brett Lindstrom,0.0,2.18,0.0,,,0,,0.0,0,0,0,-18.21,-0.48,50.8,5.0,33.8,77.4,50.9,52.8,46.2,46.2,45.2,42.4,37.7,34.8,34.8,35.8,35.8,38.9,34.1,36.0,37.0,42.7,48.3,46.5,50.2,43.6,42.6,42.6,41.7,40.8,39.8,38.9,37.9,37.9,37.0,37.0,37.0,37.9,37.9,38.9,39.8,America First
2026-01-24,283,-20.75,2.4,97.6,Safe R,-20.91,3.18,-21.46,-20.84,0.09,38.76,59.06,0.0,False,False,,OTH,Brett Lindstrom,0.0,2.18,0.0,,,0,,0.0,0,0,0,-18.21,-0.48,50.8,5.0,33.8,77.4,50.9,52.8,46.2,46.2,45.2,42.4,37.7,34.8,34.8,35.8,35.8,38.9,34.1,36.0,37.0,42.7,48.3,46.5,50.2,43.6,42.6,42.6,41.7,40.8,39.8,38.9,37.9,37.9,37.0,37.0,37.0,37.9,37.9,38.9,39.8,America First
2026-01-25,282,-20.81,2.3,97.7,Safe R,-20.91,3.12,-21.52,-20.84,0.03,38.73,59.09,0.0,False,False,,OTH,Brett Lindstrom,0.0,2.18,0.0,,,0,,0.0,0,0,0,-18.27,-0.48,50.8,4.9,33.8,77.4,50.9,52.7,46.1,46.1,45.2,42.4,37.6,34.8,34.8,35.7,35.7,38.8,34.1,36.0,37.0,42.6,48.3,46.4,50.2,43.6,42.6,42.6,41.7,40.7,39.8,38.8,37.9,37.9,36.9,36.9,36.9,37.9,37.9,38.8,39.8,America First
2026-01-26,281,-20.77,2.4,97.6,Safe R,-20.91,3.16,-21.48,-20.84,0.07,38.75,59.07,0.0,False,False,,OTH,Brett Lindstrom,0.0,2.18,0.0,,,0,,0.0,0,0,0,-18.23,-0.48,50.7,4.7,33.8,77.4,50.9,52.8,46.1,46.1,45.2,42.4,37.7,34.8,34.8,35.8,35.8,38.9,34.1,36.0,37.0,42.7,48.3,46.4,50.2,43.6,42.6,42.6,41.7,40.7,39.8,38.8,37.9,37.9,37.0,37.0,37.0,37.9,37.9,38.8,39.8,America First
2026-01-27,280,-20.77,2.4,97.6,Safe R,-20.91,3.16,-21.48,-20.84,0.07,38.75,59.07,0.0,False,False,,OTH,Brett Lindstrom,0.0,2.18,0.0,,,0,,0.0,0,0,0,-18.23,-0.48,50.7,4.7,33.8,77.4,50.9,52.8,46.1,46.1,45.2,42.4,37.7,34.8,34.8,35.8,35.8,38.9,34.1,36.0,37.0,42.7,48.3,46.4,50.2,43.6,42.6,42.6,41.7,40.7,39.8,38.8,37.9,37.9,37.0,37.0,37.0,37.9,37.9,38.8,39.8,America First
2026-01-28,279,-20.74,2.4,97.6,Safe R,-20.91,3.19,-21.45,-20.84,0.1,38.77,59.05,0.0,False,False,,OTH,Brett Lindstrom,0.0,2.18,0.0,,,0,,0.0,0,0,0,-18.2,-0.48,50.7,4.6,33.9,77.4,50.9,52.8,46.2,46.2,45.3,42.4,37.7,34.8,34.8,35.8,35.8,38.9,34.2,36.0,37.0,42.7,48.4,46.5,50.3,43.6,42.7,42.7,41.7,40.8,39.8,38.9,37.9,37.9,37.0,37.0,37.0,37.9,37.9,38.9,39.8,America First
2026-01-29,278,-20.74,2.4,97.6,Safe R,-20.91,3.19,-21.45,-20.84,0.1,38.77,59.05,0.0,False,False,,OTH,Brett Lindstrom,0.0,2.18,0.0,,,0,,0.0,0,0,0,-18.2,-0.48,50.8,4.7,33.9,77.4,50.9,52.8,46.2,46.2,45.3,42.4,37.7,34.8,34.8,35.8,35.8,38.9,34.2,36.0,37.0,42.7,48.4,46.5,50.3,43.6,42.7,42.7,41.7,40.8,39.8,38.9,37.9,37.9,37.0,37.0,37.0,37.9,37.9,38.9,39.8,America First
2026-01-30,277,-20.74,2.4,97.6,Safe R,-20.91,3.19,-21.45,-20.84,0.1,38.77,59.05,0.0,False,False,,OTH,Brett Lindstrom,0.0,2.18,0.0,,,0,,0.0,0,0,0,-18.2,-0.48,50.7,4.6,33.9,77.4,50.9,52.8,46.2,46.2,45.3,42.4,37.7,34.8,34.8,35.8,35.8,38.9,34.2,36.0,37.0,42.7,48.4,46.5,50.3,43.6,42.7,42.7,41.7,40.8,39.8,38.9,37.9,37.9,37.0,37.0,37.0,37.9,37.9,38.9,39.8,America First
2026-01-31,276,-20.74,2.4,97.6,Safe R,-20.91,3.19,-21.45,-20.84,0.1,38.77,59.05,0.0,False,False,,OTH,Brett Lindstrom,0.0,2.18,0.0,,,0,,0.0,0,0,0,-18.2,-0.48,50.7,4.7,33.9,77.4,50.9,52.8,46.2,46.2,45.3,42.4,37.7,34.8,34.8,35.8,35.8,38.9,34.2,36.0,37.0,42.7,48.4,46.5,50.3,43.6,42.7,42.7,41.7,40.8,39.8,38.9,37.9,37.9,37.0,37.0,37.0,37.9,37.9,38.9,39.8,America First
2026-02-01,275,-20.82,2.3,97.7,Safe R,-20.91,3.11,-21.53,-20.84,0.02,38.73,59.09,0.0,False,False,,OTH,Brett Lindstrom,0.0,2.18,0.0,,,0,,0.0,0,0,0,-18.28,-0.48,50.8,4.8,33.8,77.4,50.9,52.7,46.1,46.1,45.2,42.4,37.6,34.8,34.8,35.7,35.7,38.8,34.1,36.0,37.0,42.6,48.3,46.4,50.2,43.6,42.6,42.6,41.7,40.7,39.8,38.8,37.9,37.9,36.9,36.9,36.9,37.9,37.9,38.8,39.8,America First
2026-02-02,274,-20.83,2.3,97.7,Safe R,-20.91,3.1,-21.54,-20.84,0.01,38.72,59.1,0.0,False,False,,OTH,Brett Lindstrom,0.0,2.18,0.0,,,0,,0.0,0,0,0,-18.29,-0.48,50.7,4.7,33.8,77.4,50.8,52.7,46.1,46.1,45.2,42.4,37.6,34.8,34.8,35.7,35.7,38.8,34.1,36.0,36.9,42.6,48.3,46.4,50.2,43.6,42.6,42.6,41.7,40.7,39.8,38.8,37.9,37.9,36.9,36.9,36.9,37.9,37.9,38.8,39.8,America First
2026-02-03,273,-20.82,2.3,97.7,Safe R,-20.91,3.11,-21.53,-20.84,0.02,38.73,59.09,0.0,False,False,,OTH,Brett Lindstrom,0.0,2.18,0.0,,,0,,0.0,0,0,0,-18.28,-0.48,50.7,4.7,33.8,77.4,50.9,52.7,46.1,46.1,45.2,42.4,37.6,34.8,34.8,35.7,35.7,38.8,34.1,36.0,37.0,42.6,48.3,46.4,50.2,43.6,42.6,42.6,41.7,40.7,39.8,38.8,37.9,37.9,36.9,36.9,36.9,37.9,37.9,38.8,39.8,America First
2026-02-04,272,-20.82,2.3,97.7,Safe R,-20.91,3.11,-21.53,-20.84,0.02,38.73,59.09,0.0,False,False,,OTH,Brett Lindstrom,0.0,2.18,0.0,,,0,,0.0,0,0,0,-18.28,-0.48,50.7,4.7,33.8,77.4,50.9,52.7,46.1,46.1,45.2,42.4,37.6,34.8,34.8,35.7,35.7,38.8,34.1,36.0,37.0,42.6,48.3,46.4,50.2,43.6,42.6,42.6,41.7,40.7,39.8,38.8,37.9,37.9,36.9,36.9,36.9,37.9,37.9,38.8,39.8,America First
2026-02-05,271,-20.81,2.3,97.7,Safe R,-20.91,3.12,-21.52,-20.84,0.03,38.73,59.09,0.0,False,False,,OTH,Brett Lindstrom,0.0,2.18,0.0,,,0,,0.0,0,0,0,-18.27,-0.48,50.7,4.7,33.8,77.4,50.9,52.7,46.1,46.1,45.2,42.4,37.6,34.8,34.8,35.7,35.7,38.8,34.1,36.0,37.0,42.6,48.3,46.4,50.2,43.6,42.6,42.6,41.7,40.7,39.8,38.8,37.9,37.9,36.9,36.9,36.9,37.9,37.9,38.8,39.8,America First
2026-02-06,270,-20.81,2.3,97.7,Safe R,-20.91,3.12,-21.52,-20.84,0.03,38.73,59.09,0.0,False,False,,OTH,Brett Lindstrom,0.0,2.18,0.0,,,0,,0.0,0,0,0,-18.27,-0.48,50.7,4.6,33.8,77.4,50.9,52.7,46.1,46.1,45.2,42.4,37.6,34.8,34.8,35.7,35.7,38.8,34.1,36.0,37.0,42.6,48.3,46.4,50.2,43.6,42.6,42.6,41.7,40.7,39.8,38.8,37.9,37.9,36.9,36.9,36.9,37.9,37.9,38.8,39.8,America First
2026-02-07,269,-20.81,2.3,97.7,Safe R,-20.91,3.12,-21.52,-20.84,0.03,38.73,59.09,0.0,False,False,,OTH,Brett Lindstrom,0.0,2.18,0.0,,,0,,0.0,0,0,0,-18.27,-0.48,50.7,4.6,33.8,77.4,50.9,52.7,46.1,46.1,45.2,42.4,37.6,34.8,34.8,35.7,35.7,38.8,34.1,36.0,37.0,42.6,48.3,46.4,50.2,43.6,42.6,42.6,41.7,40.7,39.8,38.8,37.9,37.9,36.9,36.9,36.9,37.9,37.9,38.8,39.8,America First
2026-02-08,268,-20.83,2.3,97.7,Safe R,-20.91,3.1,-21.54,-20.84,0.01,38.72,59.1,0.0,False,False,,OTH,Brett Lindstrom,0.0,2.18,0.0,,,0,,0.0,0,0,0,-18.29,-0.48,50.5,4.3,33.8,77.4,50.8,52.7,46.1,46.1,45.2,42.4,37.6,34.8,34.8,35.7,35.7,38.8,34.1,36.0,36.9,42.6,48.3,46.4,50.2,43.6,42.6,42.6,41.7,40.7,39.8,38.8,37.9,37.9,36.9,36.9,36.9,37.9,37.9,38.8,39.8,America First
2026-02-09,267,-20.78,2.4,97.6,Safe R,-20.91,3.15,-21.49,-20.84,0.06,38.75,59.07,0.0,False,False,,OTH,Brett Lindstrom,0.0,2.18,0.0,,,0,,0.0,0,0,0,-18.24,-0.48,50.5,4.3,33.8,77.4,50.9,52.8,46.1,46.1,45.2,42.4,37.7,34.8,34.8,35.8,35.8,38.9,34.1,36.0,37.0,42.7,48.3,46.4,50.2,43.6,42.6,42.6,41.7,40.7,39.8,38.8,37.9,37.9,37.0,37.0,37.0,37.9,37.9,38.8,39.8,America First
2026-02-10,266,-20.75,2.4,97.6,Safe R,-20.91,3.18,-21.46,-20.84,0.09,38.76,59.06,0.0,False,False,,OTH,Brett Lindstrom,0.0,2.18,0.0,,,0,,0.0,0,0,0,-18.21,-0.48,50.5,4.3,33.8,77.4,50.9,52.8,46.2,46.2,45.2,42.4,37.7,34.8,34.8,35.8,35.8,38.9,34.1,36.0,37.0,42.7,48.3,46.5,50.2,43.6,42.6,42.6,41.7,40.8,39.8,38.9,37.9,37.9,37.0,37.0,37.0,37.9,37.9,38.9,39.8,America First
2026-02-11,265,-20.75,2.4,97.6,Safe R,-20.91,3.18,-21.46,-20.84,0.09,38.76,59.06,0.0,False,False,,OTH,Brett Lindstrom,0.0,2.18,0.0,,,0,,0.0,0,0,0,-18.21,-0.48,50.5,4.3,33.8,77.4,50.9,52.8,46.2,46.2,45.2,42.4,37.7,34.8,34.8,35.8,35.8,38.9,34.1,36.0,37.0,42.7,48.3,46.5,50.2,43.6,42.6,42.6,41.7,40.8,39.8,38.9,37.9,37.9,37.0,37.0,37.0,37.9,37.9,38.9,39.8,America First
2026-02-12,264,-20.76,2.4,97.6,Safe R,-20.91,3.17,-21.47,-20.84,0.08,38.76,59.06,0.0,False,False,,OTH,Brett Lindstrom,0.0,2.18,0.0,,,0,,0.0,0,0,0,-18.22,-0.48,50.5,4.3,33.8,77.4,50.9,52.8,46.2,46.2,45.2,42.4,37.7,34.8,34.8,35.8,35.8,38.9,34.1,36.0,37.0,42.7,48.3,46.5,50.2,43.6,42.6,42.6,41.7,40.8,39.8,38.9,37.9,37.9,37.0,37.0,37.0,37.9,37.9,38.9,39.8,America First
2026-02-13,263,-20.76,2.4,97.6,Safe R,-20.91,3.17,-21.47,-20.84,0.08,38.76,59.06,0.0,False,False,,OTH,Brett Lindstrom,0.0,2.18,0.0,,,0,,0.0,0,0,0,-18.22,-0.48,50.5,4.3,33.8,77.4,50.9,52.8,46.2,46.2,45.2,42.4,37.7,34.8,34.8,35.8,35.8,38.9,34.1,36.0,37.0,42.7,48.3,46.5,50.2,43.6,42.6,42.6,41.7,40.8,39.8,38.9,37.9,37.9,37.0,37.0,37.0,37.9,37.9,38.9,39.8,America First
2026-02-14,262,-20.76,2.4,97.6,Safe R,-20.91,3.17,-21.47,-20.84,0.08,38.76,59.06,0.0,False,False,,OTH,Brett Lindstrom,0.0,2.18,0.0,,,0,,0.0,0,0,0,-18.22,-0.48,50.5,4.3,33.8,77.4,50.9,52.8,46.2,46.2,45.2,42.4,37.7,34.8,34.8,35.8,35.8,38.9,34.1,36.0,37.0,42.7,48.3,46.5,50.2,43.6,42.6,42.6,41.7,40.8,39.8,38.9,37.9,37.9,37.0,37.0,37.0,37.9,37.9,38.9,39.8,America First
2026-02-15,261,-20.75,2.4,97.6,Safe R,-20.91,3.18,-21.46,-20.84,0.09,38.76,59.06,0.0,False,False,,OTH,Brett Lindstrom,0.0,2.18,0.0,,,0,,0.0,0,0,0,-18.21,-0.48,50.5,4.3,33.8,77.4,50.9,52.8,46.2,46.2,45.2,42.4,37.7,34.8,34.8,35.8,35.8,38.9,34.1,36.0,37.0,42.7,48.3,46.5,50.2,43.6,42.6,42.6,41.7,40.8,39.8,38.9,37.9,37.9,37.0,37.0,37.0,37.9,37.9,38.9,39.8,America First
2026-02-16,260,-20.72,2.4,97.6,Safe R,-20.91,3.21,-21.43,-20.84,0.12,38.78,59.04,0.0,False,False,,OTH,Brett Lindstrom,0.0,2.18,0.0,,,0,,0.0,0,0,0,-18.18,-0.48,50.4,4.1,33.9,77.4,50.9,52.8,46.2,46.2,45.3,42.4,37.7,34.9,34.9,35.8,35.8,38.9,34.2,36.1,37.0,42.7,48.4,46.5,50.3,43.6,42.7,42.7,41.7,40.8,39.8,38.9,37.9,37.9,37.0,37.0,37.0,37.9,37.9,38.9,39.8,America First
2026-02-17,259,-20.73,2.4,97.6,Safe R,-20.91,3.2,-21.44,-20.84,0.11,38.77,59.05,0.0,False,False,,OTH,Brett Lindstrom,0.0,2.18,0.0,,,0,,0.0,0,0,0,-18.19,-0.48,50.4,4.0,33.9,77.4,50.9,52.8,46.2,46.2,45.3,42.4,37.7,34.8,34.8,35.8,35.8,38.9,34.2,36.0,37.0,42.7,48.4,46.5,50.3,43.6,42.7,42.7,41.7,40.8,39.8,38.9,37.9,37.9,37.0,37.0,37.0,37.9,37.9,38.9,39.8,America First
2026-02-18,258,-20.72,2.4,97.6,Safe R,-20.91,3.21,-21.43,-20.84,0.12,38.78,59.04,0.0,False,False,,OTH,Brett Lindstrom,0.0,2.18,0.0,,,0,,0.0,0,0,0,-18.18,-0.48,50.4,4.1,33.9,77.4,50.9,52.8,46.2,46.2,45.3,42.4,37.7,34.9,34.9,35.8,35.8,38.9,34.2,36.1,37.0,42.7,48.4,46.5,50.3,43.6,42.7,42.7,41.7,40.8,39.8,38.9,37.9,37.9,37.0,37.0,37.0,37.9,37.9,38.9,39.8,America First
2026-02-19,257,-20.72,2.4,97.6,Safe R,-20.91,3.21,-21.43,-20.84,0.12,38.78,59.04,0.0,False,False,,OTH,Brett Lindstrom,0.0,2.18,0.0,,,0,,0.0,0,0,0,-18.18,-0.48,50.5,4.2,33.9,77.4,50.9,52.8,46.2,46.2,45.3,42.4,37.7,34.9,34.9,35.8,35.8,38.9,34.2,36.1,37.0,42.7,48.4,46.5,50.3,43.6,42.7,42.7,41.7,40.8,39.8,38.9,37.9,37.9,37.0,37.0,37.0,37.9,37.9,38.9,39.8,America First
2026-02-20,256,-20.66,2.4,97.6,Safe R,-20.91,3.27,-21.37,-20.84,0.18,38.8,59.02,0.0,False,False,,OTH,Brett Lindstrom,0.0,2.18,0.0,,,0,,0.0,0,0,0,-18.12,-0.48,50.3,3.7,33.9,77.4,50.9,52.8,46.2,46.2,45.3,42.4,37.7,34.9,34.9,35.8,35.8,38.9,34.2,36.1,37.0,42.7,48.4,46.5,50.3,43.6,42.7,42.7,41.7,40.8,39.8,38.9,38.0,38.0,37.0,37.0,37.0,38.0,38.0,38.9,39.8,America First
2026-02-21,255,-20.66,2.4,97.6,Safe R,-20.91,3.27,-21.37,-20.84,0.18,38.8,59.02,0.0,False,False,,OTH,Brett Lindstrom,0.0,2.18,0.0,,,0,,0.0,0,0,0,-18.12,-0.48,50.3,3.7,33.9,77.4,50.9,52.8,46.2,46.2,45.3,42.4,37.7,34.9,34.9,35.8,35.8,38.9,34.2,36.1,37.0,42.7,48.4,46.5,50.3,43.6,42.7,42.7,41.7,40.8,39.8,38.9,38.0,38.0,37.0,37.0,37.0,38.0,38.0,38.9,39.8,America First
2026-02-22,254,-20.63,2.4,97.6,Safe R,-20.91,3.3,-21.34,-20.84,0.21,38.82,59.0,0.0,False,False,,OTH,Brett Lindstrom,0.0,2.18,0.0,,,0,,0.0,0,0,0,-18.09,-0.48,50.4,3.9,33.9,77.5,50.9,52.8,46.2,46.2,45.3,42.5,37.7,34.9,34.9,35.8,35.8,38.9,34.2,36.1,37.0,42.7,48.4,46.5,50.3,43.7,42.7,42.7,41.8,40.8,39.9,38.9,38.0,38.0,37.0,37.0,37.0,38.0,38.0,38.9,39.9,America First
2026-02-23,253,-20.65,2.4,97.6,Safe R,-20.91,3.28,-21.36,-20.84,0.19,38.81,59.01,0.0,False,False,,OTH,Brett Lindstrom,0.0,2.18,0.0,,,0,,0.0,0,0,0,-18.11,-0.48,50.3,3.7,33.9,77.4,50.9,52.8,46.2,46.2,45.3,42.5,37.7,34.9,34.9,35.8,35.8,38.9,34.2,36.1,37.0,42.7,48.4,46.5,50.3,43.6,42.7,42.7,41.7,40.8,39.9,38.9,38.0,38.0,37.0,37.0,37.0,38.0,38.0,38.9,39.9,America First
2026-02-24,252,-20.64,2.4,97.6,Safe R,-20.91,3.29,-21.35,-20.84,0.2,38.81,59.01,0.0,False,False,,OTH,Brett Lindstrom,0.0,2.18,0.0,,,0,,0.0,0,0,0,-18.1,-0.48,50.3,3.7,33.9,77.4,50.9,52.8,46.2,46.2,45.3,42.5,37.7,34.9,34.9,35.8,35.8,38.9,34.2,36.1,37.0,42.7,48.4,46.5,50.3,43.6,42.7,42.7,41.7,40.8,39.9,38.9,38.0,38.0,37.0,37.0,37.0,38.0,38.0,38.9,39.9,America First
2026-02-25,251,-20.64,2.4,97.6,Safe R,-20.91,3.29,-21.35,-20.84,0.2,38.81,59.01,0.0,False,False,,OTH,Brett Lindstrom,0.0,2.18,0.0,,,0,,0.0,0,0,0,-18.1,-0.48,50.3,3.7,33.9,77.4,50.9,52.8,46.2,46.2,45.3,42.5,37.7,34.9,34.9,35.8,35.8,38.9,34.2,36.1,37.0,42.7,48.4,46.5,50.3,43.6,42.7,42.7,41.7,40.8,39.9,38.9,38.0,38.0,37.0,37.0,37.0,38.0,38.0,38.9,39.9,America First
2026-02-26,250,-20.67,2.4,97.6,Safe R,-20.91,3.26,-21.38,-20.84,0.17,38.8,59.02,0.0,False,False,,OTH,Brett Lindstrom,0.0,2.18,0.0,,,0,,0.0,0,0,0,-18.13,-0.48,50.5,4.0,33.9,77.4,50.9,52.8,46.2,46.2,45.3,42.4,37.7,34.9,34.9,35.8,35.8,38.9,34.2,36.1,37.0,42.7,48.4,46.5,50.3,43.6,42.7,42.7,41.7,40.8,39.8,38.9,38.0,38.0,37.0,37.0,37.0,38.0,38.0,38.9,39.8,America First
2026-02-27,249,-20.67,2.4,97.6,Safe R,-20.91,3.26,-21.38,-20.84,0.17,38.8,59.02,0.0,False,False,,OTH,Brett Lindstrom,0.0,2.18,0.0,,,0,,0.0,0,0,0,-18.13,-0.48,50.5,4.1,33.9,77.4,50.9,52.8,46.2,46.2,45.3,42.4,37.7,34.9,34.9,35.8,35.8,38.9,34.2,36.1,37.0,42.7,48.4,46.5,50.3,43.6,42.7,42.7,41.7,40.8,39.8,38.9,38.0,38.0,37.0,37.0,37.0,38.0,38.0,38.9,39.8,America First
2026-02-28,248,-20.67,2.4,97.6,Safe R,-20.91,3.26,-21.38,-20.84,0.17,38.8,59.02,0.0,False,False,,OTH,Brett Lindstrom,0.0,2.18,0.0,,,0,,0.0,0,0,0,-18.13,-0.48,50.5,4.2,33.9,77.4,50.9,52.8,46.2,46.2,45.3,42.4,37.7,34.9,34.9,35.8,35.8,38.9,34.2,36.1,37.0,42.7,48.4,46.5,50.3,43.6,42.7,42.7,41.7,40.8,39.8,38.9,38.0,38.0,37.0,37.0,37.0,38.0,38.0,38.9,39.8,America First
2026-03-01,247,-20.66,2.4,97.6,Safe R,-20.91,3.27,-21.37,-20.84,0.18,38.8,59.02,0.0,False,False,,OTH,Brett Lindstrom,0.0,2.18,0.0,,,0,,0.0,0,0,0,-18.12,-0.48,50.5,4.1,33.9,77.4,50.9,52.8,46.2,46.2,45.3,42.4,37.7,34.9,34.9,35.8,35.8,38.9,34.2,36.1,37.0,42.7,48.4,46.5,50.3,43.6,42.7,42.7,41.7,40.8,39.8,38.9,38.0,38.0,37.0,37.0,37.0,38.0,38.0,38.9,39.8,America First
2026-03-02,246,-20.64,2.4,97.6,Safe R,-20.91,3.29,-21.35,-20.84,0.2,38.81,59.01,0.0,False,False,,OTH,Brett Lindstrom,0.0,2.18,0.0,,,0,,0.0,0,0,0,-18.1,-0.48,50.5,4.0,33.9,77.4,50.9,52.8,46.2,46.2,45.3,42.5,37.7,34.9,34.9,35.8,35.8,38.9,34.2,36.1,37.0,42.7,48.4,46.5,50.3,43.6,42.7,42.7,41.7,40.8,39.9,38.9,38.0,38.0,37.0,37.0,37.0,38.0,38.0,38.9,39.9,America First
2026-03-03,245,-20.63,2.4,97.6,Safe R,-20.91,3.3,-21.34,-20.84,0.21,38.82,59.0,0.0,False,False,,OTH,Brett Lindstrom,0.0,2.18,0.0,,,0,,0.0,0,0,0,-18.09,-0.48,50.5,4.1,33.9,77.5,50.9,52.8,46.2,46.2,45.3,42.5,37.7,34.9,34.9,35.8,35.8,38.9,34.2,36.1,37.0,42.7,48.4,46.5,50.3,43.7,42.7,42.7,41.8,40.8,39.9,38.9,38.0,38.0,37.0,37.0,37.0,38.0,38.0,38.9,39.9,America First
2026-03-04,244,-20.54,2.5,97.5,Safe R,-20.91,3.39,-21.25,-20.84,0.3,38.86,58.96,0.0,False,False,,OTH,Brett Lindstrom,0.0,2.18,0.0,,,0,,0.0,0,0,0,-18.0,-0.48,50.4,4.0,33.9,77.5,51.0,52.9,46.3,46.3,45.3,42.5,37.8,34.9,34.9,35.9,35.9,39.0,34.2,36.1,37.1,42.8,48.4,46.6,50.3,43.7,42.7,42.7,41.8,40.9,39.9,39.0,38.0,38.0,37.1,37.1,37.1,38.0,38.0,39.0,39.9,America First
2026-03-05,243,-20.57,2.5,97.5,Safe R,-20.91,3.36,-21.28,-20.84,0.27,38.85,58.97,0.0,False,False,,OTH,Brett Lindstrom,0.0,2.18,0.0,,,0,,0.0,0,0,0,-18.03,-0.48,50.5,4.1,33.9,77.5,51.0,52.9,46.2,46.2,45.3,42.5,37.8,34.9,34.9,35.9,35.9,39.0,34.2,36.1,37.1,42.8,48.4,46.5,50.3,43.7,42.7,42.7,41.8,40.8,39.9,38.9,38.0,38.0,37.1,37.1,37.1,38.0,38.0,38.9,39.9,America First
2026-03-06,242,-20.57,2.5,97.5,Safe R,-20.91,3.36,-21.28,-20.84,0.27,38.85,58.97,0.0,False,False,,OTH,Brett Lindstrom,0.0,2.18,0.0,,,0,,0.0,0,0,0,-18.03,-0.48,50.5,4.1,33.9,77.5,51.0,52.9,46.2,46.2,45.3,42.5,37.8,34.9,34.9,35.9,35.9,39.0,34.2,36.1,37.1,42.8,48.4,46.5,50.3,43.7,42.7,42.7,41.8,40.8,39.9,38.9,38.0,38.0,37.1,37.1,37.1,38.0,38.0,38.9,39.9,America First
2026-03-07,241,-20.57,2.5,97.5,Safe R,-20.91,3.36,-21.28,-20.84,0.27,38.85,58.97,0.0,False,False,,OTH,Brett Lindstrom,0.0,2.18,0.0,,,0,,0.0,0,0,0,-18.03,-0.48,50.5,4.1,33.9,77.5,51.0,52.9,46.2,46.2,45.3,42.5,37.8,34.9,34.9,35.9,35.9,39.0,34.2,36.1,37.1,42.8,48.4,46.5,50.3,43.7,42.7,42.7,41.8,40.8,39.9,38.9,38.0,38.0,37.1,37.1,37.1,38.0,38.0,38.9,39.9,America First
2026-03-08,240,-20.57,2.5,97.5,Safe R,-20.91,3.36,-21.28,-20.84,0.27,38.85,58.97,0.0,False,False,,OTH,Brett Lindstrom,0.0,2.18,0.0,,,0,,0.0,0,0,0,-18.03,-0.48,50.4,4.0,33.9,77.5,51.0,52.9,46.2,46.2,45.3,42.5,37.8,34.9,34.9,35.9,35.9,39.0,34.2,36.1,37.1,42.8,48.4,46.5,50.3,43.7,42.7,42.7,41.8,40.8,39.9,38.9,38.0,38.0,37.1,37.1,37.1,38.0,38.0,38.9,39.9,America First
2026-03-09,239,-20.57,2.5,97.5,Safe R,-20.91,3.36,-21.28,-20.84,0.27,38.85,58.97,0.0,False,False,,OTH,Brett Lindstrom,0.0,2.18,0.0,,,0,,0.0,0,0,0,-18.03,-0.48,50.4,4.1,33.9,77.5,51.0,52.9,46.2,46.2,45.3,42.5,37.8,34.9,34.9,35.9,35.9,39.0,34.2,36.1,37.1,42.8,48.4,46.5,50.3,43.7,42.7,42.7,41.8,40.8,39.9,38.9,38.0,38.0,37.1,37.1,37.1,38.0,38.0,38.9,39.9,America First
2026-03-10,238,-20.56,2.5,97.5,Safe R,-20.91,3.37,-21.27,-20.84,0.28,38.85,58.97,0.0,False,False,,OTH,Brett Lindstrom,0.0,2.18,0.0,,,0,,0.0,0,0,0,-18.02,-0.48,50.4,4.1,33.9,77.5,51.0,52.9,46.2,46.2,45.3,42.5,37.8,34.9,34.9,35.9,35.9,39.0,34.2,36.1,37.1,42.8,48.4,46.5,50.3,43.7,42.7,42.7,41.8,40.8,39.9,38.9,38.0,38.0,37.1,37.1,37.1,38.0,38.0,38.9,39.9,America First
2026-03-11,237,-20.56,2.5,97.5,Safe R,-20.91,3.37,-21.27,-20.84,0.28,38.85,58.97,0.0,False,False,,OTH,Brett Lindstrom,0.0,2.18,0.0,,,0,,0.0,0,0,0,-18.02,-0.48,50.4,4.1,33.9,77.5,51.0,52.9,46.2,46.2,45.3,42.5,37.8,34.9,34.9,35.9,35.9,39.0,34.2,36.1,37.1,42.8,48.4,46.5,50.3,43.7,42.7,42.7,41.8,40.8,39.9,38.9,38.0,38.0,37.1,37.1,37.1,38.0,38.0,38.9,39.9,America First
2026-03-12,236,-20.56,2.5,97.5,Safe R,-20.91,3.37,-21.27,-20.84,0.28,38.85,58.97,0.0,False,False,,OTH,Brett Lindstrom,0.0,2.18,0.0,,,0,,0.0,0,0,0,-18.02,-0.48,50.4,4.1,33.9,77.5,51.0,52.9,46.2,46.2,45.3,42.5,37.8,34.9,34.9,35.9,35.9,39.0,34.2,36.1,37.1,42.8,48.4,46.5,50.3,43.7,42.7,42.7,41.8,40.8,39.9,38.9,38.0,38.0,37.1,37.1,37.1,38.0,38.0,38.9,39.9,America First
2026-03-13,235,-20.55,2.5,97.5,Safe R,-20.91,3.38,-21.26,-20.84,0.29,38.86,58.96,0.0,False,False,,OTH,Brett Lindstrom,0.0,2.18,0.0,,,0,,0.0,0,0,0,-18.01,-0.48,50.4,4.1,33.9,77.5,51.0,52.9,46.3,46.3,45.3,42.5,37.8,34.9,34.9,35.9,35.9,39.0,34.2,36.1,37.1,42.8,48.4,46.6,50.3,43.7,42.7,42.7,41.8,40.9,39.9,39.0,38.0,38.0,37.1,37.1,37.1,38.0,38.0,39.0,39.9,America First
2026-03-14,234,-20.55,2.5,97.5,Safe R,-20.91,3.38,-21.26,-20.84,0.29,38.86,58.96,0.0,False,False,,OTH,Brett Lindstrom,0.0,2.18,0.0,,,0,,0.0,0,0,0,-18.01,-0.48,50.4,4.1,33.9,77.5,51.0,52.9,46.3,46.3,45.3,42.5,37.8,34.9,34.9,35.9,35.9,39.0,34.2,36.1,37.1,42.8,48.4,46.6,50.3,43.7,42.7,42.7,41.8,40.9,39.9,39.0,38.0,38.0,37.1,37.1,37.1,38.0,38.0,39.0,39.9,America First
2026-03-15,233,-20.55,2.5,97.5,Safe R,-20.91,3.38,-21.26,-20.84,0.29,38.86,58.96,0.0,False,False,,OTH,Brett Lindstrom,0.0,2.18,0.0,,,0,,0.0,0,0,0,-18.01,-0.48,50.3,4.1,33.9,77.5,51.0,52.9,46.3,46.3,45.3,42.5,37.8,34.9,34.9,35.9,35.9,39.0,34.2,36.1,37.1,42.8,48.4,46.6,50.3,43.7,42.7,42.7,41.8,40.9,39.9,39.0,38.0,38.0,37.1,37.1,37.1,38.0,38.0,39.0,39.9,America First
2026-03-16,232,-20.51,2.5,97.5,Safe R,-20.91,3.42,-21.22,-20.84,0.33,38.88,58.94,0.0,False,False,,OTH,Brett Lindstrom,0.0,2.18,0.0,,,0,,0.0,0,0,0,-17.97,-0.48,50.2,3.9,34.0,77.5,51.0,52.9,46.3,46.3,45.4,42.5,37.8,35.0,35.0,35.9,35.9,39.0,34.3,36.2,37.1,42.8,48.5,46.6,50.4,43.7,42.8,42.8,41.8,40.9,39.9,39.0,38.0,38.0,37.1,37.1,37.1,38.0,38.0,39.0,39.9,America First
2026-03-17,231,-20.42,2.5,97.5,Safe R,-20.91,3.51,-21.13,-20.84,0.42,38.92,58.9,0.0,False,False,,OTH,Brett Lindstrom,0.0,2.18,0.0,,,0,,0.0,0,0,0,-17.88,-0.48,50.2,3.9,34.0,77.6,51.0,52.9,46.3,46.3,45.4,42.6,37.8,35.0,35.0,35.9,35.9,39.0,34.3,36.2,37.1,42.8,48.5,46.6,50.4,43.8,42.8,42.8,41.9,40.9,40.0,39.0,38.1,38.1,37.1,37.1,37.1,38.1,38.1,39.0,40.0,America First
2026-03-18,230,-20.41,2.5,97.5,Safe R,-20.91,3.52,-21.12,-20.84,0.43,38.93,58.89,0.0,False,False,,OTH,Brett Lindstrom,0.0,2.18,0.0,,,0,,0.0,0,0,0,-17.87,-0.48,50.2,3.9,34.0,77.6,51.1,53.0,46.3,46.3,45.4,42.6,37.8,35.0,35.0,35.9,35.9,39.0,34.3,36.2,37.2,42.8,48.5,46.6,50.4,43.8,42.8,42.8,41.9,40.9,40.0,39.0,38.1,38.1,37.1,37.1,37.1,38.1,38.1,39.0,40.0,America First
2026-03-19,229,-20.42,2.5,97.5,Safe R,-20.91,3.51,-21.13,-20.84,0.42,38.92,58.9,0.0,False,False,,OTH,Brett Lindstrom,0.0,2.18,0.0,,,0,,0.0,0,0,0,-17.88,-0.48,50.2,3.8,34.0,77.6,51.0,52.9,46.3,46.3,45.4,42.6,37.8,35.0,35.0,35.9,35.9,39.0,34.3,36.2,37.1,42.8,48.5,46.6,50.4,43.8,42.8,42.8,41.9,40.9,40.0,39.0,38.1,38.1,37.1,37.1,37.1,38.1,38.1,39.0,40.0,America First
2026-03-20,228,-20.42,2.5,97.5,Safe R,-20.91,3.51,-21.13,-20.84,0.42,38.92,58.9,0.0,False,False,,OTH,Brett Lindstrom,0.0,2.18,0.0,,,0,,0.0,0,0,0,-17.88,-0.48,50.1,3.6,34.0,77.6,51.0,52.9,46.3,46.3,45.4,42.6,37.8,35.0,35.0,35.9,35.9,39.0,34.3,36.2,37.1,42.8,48.5,46.6,50.4,43.8,42.8,42.8,41.9,40.9,40.0,39.0,38.1,38.1,37.1,37.1,37.1,38.1,38.1,39.0,40.0,America First
2026-03-21,227,-20.42,2.5,97.5,Safe R,-20.91,3.51,-21.13,-20.84,0.42,38.92,58.9,0.0,False,False,,OTH,Brett Lindstrom,0.0,2.18,0.0,,,0,,0.0,0,0,0,-17.88,-0.48,50.1,3.6,34.0,77.6,51.0,52.9,46.3,46.3,45.4,42.6,37.8,35.0,35.0,35.9,35.9,39.0,34.3,36.2,37.1,42.8,48.5,46.6,50.4,43.8,42.8,42.8,41.9,40.9,40.0,39.0,38.1,38.1,37.1,37.1,37.1,38.1,38.1,39.0,40.0,America First
2026-03-22,226,-20.41,2.5,97.5,Safe R,-20.91,3.52,-21.12,-20.84,0.43,38.93,58.89,0.0,False,False,,OTH,Brett Lindstrom,0.0,2.18,0.0,,,0,,0.0,0,0,0,-17.87,-0.48,50.1,3.7,34.0,77.6,51.1,53.0,46.3,46.3,45.4,42.6,37.8,35.0,35.0,35.9,35.9,39.0,34.3,36.2,37.2,42.8,48.5,46.6,50.4,43.8,42.8,42.8,41.9,40.9,40.0,39.0,38.1,38.1,37.1,37.1,37.1,38.1,38.1,39.0,40.0,America First
2026-03-23,225,-20.35,2.6,97.4,Safe R,-20.91,3.58,-21.06,-20.84,0.49,38.96,58.86,0.0,False,False,,OTH,Brett Lindstrom,0.0,2.18,0.0,,,0,,0.0,0,0,0,-17.81,-0.48,49.9,3.2,34.0,77.6,51.1,53.0,46.4,46.4,45.4,42.6,37.9,35.0,35.0,36.0,36.0,39.1,34.3,36.2,37.2,42.9,48.5,46.7,50.4,43.8,42.8,42.8,41.9,41.0,40.0,39.1,38.1,38.1,37.2,37.2,37.2,38.1,38.1,39.1,40.0,America First
2026-03-24,224,-20.34,2.6,97.4,Safe R,-20.91,3.59,-21.05,-20.84,0.5,38.96,58.86,0.0,False,False,,OTH,Brett Lindstrom,0.0,2.18,0.0,,,0,,0.0,0,0,0,-17.8,-0.48,49.9,3.3,34.0,77.6,51.1,53.0,46.4,46.4,45.4,42.6,37.9,35.0,35.0,36.0,36.0,39.1,34.3,36.2,37.2,42.9,48.5,46.7,50.4,43.8,42.8,42.8,41.9,41.0,40.0,39.1,38.1,38.1,37.2,37.2,37.2,38.1,38.1,39.1,40.0,America First
2026-03-25,223,-20.33,2.6,97.4,Safe R,-20.91,3.6,-21.04,-20.84,0.51,38.97,58.85,0.0,False,False,,OTH,Brett Lindstrom,0.0,2.18,0.0,,,0,,0.0,0,0,0,-17.79,-0.48,49.8,3.1,34.1,77.6,51.1,53.0,46.4,46.4,45.5,42.6,37.9,35.0,35.0,36.0,36.0,39.1,34.4,36.2,37.2,42.9,48.6,46.7,50.5,43.8,42.9,42.9,41.9,41.0,40.0,39.1,38.1,38.1,37.2,37.2,37.2,38.1,38.1,39.1,40.0,America First
2026-03-26,222,-20.34,2.6,97.4,Safe R,-20.91,3.59,-21.05,-20.84,0.5,38.96,58.86,0.0,False,False,,OTH,Brett Lindstrom,0.0,2.18,0.0,,,0,,0.0,0,0,0,-17.8,-0.48,49.8,3.1,34.0,77.6,51.1,53.0,46.4,46.4,45.4,42.6,37.9,35.0,35.0,36.0,36.0,39.1,34.3,36.2,37.2,42.9,48.5,46.7,50.4,43.8,42.8,42.8,41.9,41.0,40.0,39.1,38.1,38.1,37.2,37.2,37.2,38.1,38.1,39.1,40.0,America First
2026-03-27,221,-20.33,2.6,97.4,Safe R,-20.91,3.6,-21.04,-20.84,0.51,38.97,58.85,0.0,False,False,,OTH,Brett Lindstrom,0.0,2.18,0.0,,,0,,0.0,0,0,0,-17.79,-0.48,49.8,3.1,34.1,77.6,51.1,53.0,46.4,46.4,45.5,42.6,37.9,35.0,35.0,36.0,36.0,39.1,34.4,36.2,37.2,42.9,48.6,46.7,50.5,43.8,42.9,42.9,41.9,41.0,40.0,39.1,38.1,38.1,37.2,37.2,37.2,38.1,38.1,39.1,40.0,America First
2026-03-28,220,-20.33,2.6,97.4,Safe R,-20.91,3.6,-21.04,-20.84,0.51,38.97,58.85,0.0,False,False,,OTH,Brett Lindstrom,0.0,2.18,0.0,,,0,,0.0,0,0,0,-17.79,-0.48,49.8,3.2,34.1,77.6,51.1,53.0,46.4,46.4,45.5,42.6,37.9,35.0,35.0,36.0,36.0,39.1,34.4,36.2,37.2,42.9,48.6,46.7,50.5,43.8,42.9,42.9,41.9,41.0,40.0,39.1,38.1,38.1,37.2,37.2,37.2,38.1,38.1,39.1,40.0,America First
2026-03-29,219,-20.33,2.6,97.4,Safe R,-20.91,3.6,-21.04,-20.84,0.51,38.97,58.85,0.0,False,False,,OTH,Brett Lindstrom,0.0,2.18,0.0,,,0,,0.0,0,0,0,-17.79,-0.48,49.9,3.2,34.1,77.6,51.1,53.0,46.4,46.4,45.5,42.6,37.9,35.0,35.0,36.0,36.0,39.1,34.4,36.2,37.2,42.9,48.6,46.7,50.5,43.8,42.9,42.9,41.9,41.0,40.0,39.1,38.1,38.1,37.2,37.2,37.2,38.1,38.1,39.1,40.0,America First
2026-03-30,218,-20.28,2.6,97.4,Safe R,-20.91,3.65,-20.99,-20.84,0.56,38.99,58.83,0.0,False,False,,OTH,Brett Lindstrom,0.0,2.18,0.0,,,0,,0.0,0,0,0,-17.74,-0.48,49.7,2.8,34.1,77.6,51.1,53.0,46.4,46.4,45.5,42.6,37.9,35.1,35.1,36.0,36.0,39.1,34.4,36.3,37.2,42.9,48.6,46.7,50.5,43.8,42.9,42.9,41.9,41.0,40.0,39.1,38.1,38.1,37.2,37.2,37.2,38.1,38.1,39.1,40.0,America First
2026-03-31,217,-20.28,2.6,97.4,Safe R,-20.91,3.65,-20.99,-20.84,0.56,38.99,58.83,0.0,False,False,,OTH,Brett Lindstrom,0.0,2.18,0.0,,,0,,0.0,0,0,0,-17.74,-0.48,49.7,2.8,34.1,77.6,51.1,53.0,46.4,46.4,45.5,42.6,37.9,35.1,35.1,36.0,36.0,39.1,34.4,36.3,37.2,42.9,48.6,46.7,50.5,43.8,42.9,42.9,41.9,41.0,40.0,39.1,38.1,38.1,37.2,37.2,37.2,38.1,38.1,39.1,40.0,America First
2026-04-01,216,-20.25,2.6,97.4,Safe R,-20.91,3.68,-20.96,-20.84,0.59,39.01,58.81,0.0,False,False,,OTH,Brett Lindstrom,0.0,2.18,0.0,,,0,,0.0,0,0,0,-17.71,-0.48,49.7,2.8,34.1,77.7,51.1,53.0,46.4,46.4,45.5,42.7,37.9,35.1,35.1,36.0,36.0,39.1,34.4,36.3,37.2,42.9,48.6,46.7,50.5,43.8,42.9,42.9,41.9,41.0,40.1,39.1,38.2,38.2,37.2,37.2,37.2,38.2,38.2,39.1,40.1,America First
2026-04-02,215,-20.25,2.6,97.4,Safe R,-20.91,3.68,-20.96,-20.84,0.59,39.01,58.81,0.0,False,False,,OTH,Brett Lindstrom,0.0,2.18,0.0,,,0,,0.0,0,0,0,-17.71,-0.48,49.7,2.8,34.1,77.7,51.1,53.0,46.4,46.4,45.5,42.7,37.9,35.1,35.1,36.0,36.0,39.1,34.4,36.3,37.2,42.9,48.6,46.7,50.5,43.8,42.9,42.9,41.9,41.0,40.1,39.1,38.2,38.2,37.2,37.2,37.2,38.2,38.2,39.1,40.1,America First
2026-04-03,214,-20.24,2.6,97.4,Safe R,-20.91,3.69,-20.95,-20.84,0.6,39.01,58.81,0.0,False,False,,OTH,Brett Lindstrom,0.0,2.18,0.0,,,0,,0.0,0,0,0,-17.7,-0.48,49.6,2.9,34.1,77.7,51.1,53.0,46.4,46.4,45.5,42.7,37.9,35.1,35.1,36.0,36.0,39.1,34.4,36.3,37.2,42.9,48.6,46.7,50.5,43.8,42.9,42.9,41.9,41.0,40.1,39.1,38.2,38.2,37.2,37.2,37.2,38.2,38.2,39.1,40.1,America First
2026-04-04,213,-20.24,2.6,97.4,Safe R,-20.91,3.69,-20.95,-20.84,0.6,39.01,58.81,0.0,False,False,,OTH,Brett Lindstrom,0.0,2.18,0.0,,,0,,0.0,0,0,0,-17.7,-0.48,49.6,2.9,34.1,77.7,51.1,53.0,46.4,46.4,45.5,42.7,37.9,35.1,35.1,36.0,36.0,39.1,34.4,36.3,37.2,42.9,48.6,46.7,50.5,43.8,42.9,42.9,41.9,41.0,40.1,39.1,38.2,38.2,37.2,37.2,37.2,38.2,38.2,39.1,40.1,America First
2026-04-05,212,-20.23,2.6,97.4,Safe R,-20.91,3.7,-20.94,-20.84,0.61,39.02,58.8,0.0,False,False,,OTH,Brett Lindstrom,0.0,2.18,0.0,,,0,,0.0,0,0,0,-17.69,-0.48,49.6,2.9,34.1,77.7,51.2,53.0,46.4,46.4,45.5,42.7,37.9,35.1,35.1,36.0,36.0,39.1,34.4,36.3,37.2,42.9,48.6,46.7,50.5,43.9,42.9,42.9,42.0,41.0,40.1,39.1,38.2,38.2,37.2,37.2,37.2,38.2,38.2,39.1,40.1,America First
2026-04-06,211,-20.27,2.6,97.4,Safe R,-20.91,3.66,-20.98,-20.84,0.57,39.0,58.82,0.0,False,False,,OTH,Brett Lindstrom,0.0,2.18,0.0,,,0,,0.0,0,0,0,-17.73,-0.48,49.7,3.0,34.1,77.6,51.1,53.0,46.4,46.4,45.5,42.6,37.9,35.1,35.1,36.0,36.0,39.1,34.4,36.3,37.2,42.9,48.6,46.7,50.5,43.8,42.9,42.9,41.9,41.0,40.0,39.1,38.1,38.1,37.2,37.2,37.2,38.1,38.1,39.1,40.0,America First
2026-04-07,210,-15.13,7.4,92.6,Likely R,-20.91,3.66,-20.98,-20.84,5.71,37.34,50.66,0.0,False,False,,OTH,Brett Lindstrom,0.0,12.0,0.0,33.0,38.0,1,-8.0,0.15,0,0,0,-17.73,-0.48,49.7,3.0,33.4,68.2,47.0,48.5,43.2,43.2,42.5,40.3,36.5,34.2,34.2,35.0,35.0,37.4,33.7,35.2,35.9,40.5,45.0,43.5,46.5,41.2,40.4,40.4,39.7,38.9,38.2,37.4,36.7,36.7,35.9,35.9,35.9,36.7,36.7,37.4,38.2,America First
2026-04-08,209,-15.12,7.4,92.6,Likely R,-20.91,3.67,-20.97,-20.84,5.72,37.35,50.65,0.0,False,False,,OTH,Brett Lindstrom,0.0,12.0,0.0,33.0,38.0,1,-8.0,0.15,0,0,0,-17.72,-0.48,49.7,3.0,33.4,68.2,47.0,48.6,43.3,43.3,42.5,40.3,36.5,34.2,34.2,35.0,35.0,37.4,33.7,35.2,35.9,40.5,45.0,43.5,46.5,41.2,40.5,40.5,39.7,38.9,38.2,37.4,36.7,36.7,35.9,35.9,35.9,36.7,36.7,37.4,38.2,America First
2026-04-09,208,-15.09,7.4,92.6,Likely R,-20.91,3.7,-20.94,-20.84,5.75,37.36,50.64,0.0,False,False,,OTH,Brett Lindstrom,0.0,12.0,0.0,33.0,38.0,1,-7.94,0.15,0,0,0,-17.69,-0.48,49.7,3.0,33.4,68.2,47.1,48.6,43.3,43.3,42.5,40.3,36.5,34.2,34.2,35.0,35.0,37.5,33.7,35.2,35.9,40.5,45.0,43.5,46.5,41.2,40.5,40.5,39.7,39.0,38.2,37.4,36.7,36.7,35.9,35.9,35.9,36.7,36.7,37.4,38.2,America First
2026-04-10,207,-15.09,7.4,92.6,Likely R,-20.91,3.7,-20.94,-20.84,5.75,37.36,50.64,0.0,False,False,,OTH,Brett Lindstrom,0.0,12.0,0.0,33.0,38.0,1,-7.94,0.15,0,0,0,-17.69,-0.48,49.7,2.9,33.4,68.2,47.1,48.6,43.3,43.3,42.5,40.3,36.5,34.2,34.2,35.0,35.0,37.5,33.7,35.2,35.9,40.5,45.0,43.5,46.5,41.2,40.5,40.5,39.7,39.0,38.2,37.4,36.7,36.7,35.9,35.9,35.9,36.7,36.7,37.4,38.2,America First
2026-04-11,206,-15.08,7.4,92.6,Likely R,-20.91,3.71,-20.93,-20.84,5.76,37.36,50.64,0.0,False,False,,OTH,Brett Lindstrom,0.0,12.0,0.0,33.0,38.0,1,-7.94,0.15,0,0,0,-17.68,-0.48,49.7,2.9,33.4,68.2,47.1,48.6,43.3,43.3,42.5,40.3,36.5,34.2,34.2,35.0,35.0,37.5,33.7,35.2,35.9,40.5,45.0,43.5,46.5,41.2,40.5,40.5,39.7,39.0,38.2,37.4,36.7,36.7,35.9,35.9,35.9,36.7,36.7,37.4,38.2,America First
2026-04-12,205,-15.1,7.4,92.6,Likely R,-20.91,3.69,-20.95,-20.84,5.74,37.35,50.65,0.0,False,False,,OTH,Brett Lindstrom,0.0,12.0,0.0,33.0,38.0,1,-7.98,0.15,0,0,0,-17.7,-0.48,49.7,3.0,33.4,68.2,47.0,48.6,43.3,43.3,42.5,40.3,36.5,34.2,34.2,35.0,35.0,37.4,33.7,35.2,35.9,40.5,45.0,43.5,46.5,41.2,40.5,40.5,39.7,38.9,38.2,37.4,36.7,36.7,35.9,35.9,35.9,36.7,36.7,37.4,38.2,America First
2026-04-13,204,-15.07,7.4,92.6,Likely R,-20.91,3.72,-20.92,-20.84,5.77,37.37,50.63,0.0,False,False,,OTH,Brett Lindstrom,0.0,12.0,0.0,33.0,38.0,1,-7.94,0.15,0,0,0,-17.67,-0.48,49.6,2.8,33.4,68.3,47.1,48.6,43.3,43.3,42.6,40.3,36.5,34.2,34.2,35.0,35.0,37.5,33.7,35.2,36.0,40.5,45.0,43.5,46.5,41.2,40.5,40.5,39.7,39.0,38.2,37.4,36.7,36.7,35.9,35.9,35.9,36.7,36.7,37.4,38.2,America First
2026-04-14,203,-15.04,7.5,92.5,Likely R,-20.91,3.75,-20.89,-20.84,5.8,37.38,50.62,0.0,False,False,,OTH,Brett Lindstrom,0.0,12.0,0.0,33.0,38.0,1,-7.88,0.15,0,0,0,-17.64,-0.48,49.5,2.7,33.4,68.3,47.1,48.6,43.3,43.3,42.6,40.3,36.5,34.2,34.2,35.0,35.0,37.5,33.7,35.2,36.0,40.5,45.0,43.5,46.6,41.2,40.5,40.5,39.7,39.0,38.2,37.5,36.7,36.7,35.9,35.9,35.9,36.7,36.7,37.5,38.2,America First
2026-04-15,202,-15.03,7.5,92.5,Likely R,-20.91,3.76,-20.88,-20.84,5.81,37.39,50.61,0.0,False,False,,OTH,Brett Lindstrom,0.0,12.0,0.0,33.0,38.0,1,-7.87,0.15,0,0,0,-17.63,-0.48,49.5,2.7,33.5,68.3,47.1,48.6,43.3,43.3,42.6,40.3,36.5,34.2,34.2,35.0,35.0,37.5,33.7,35.2,36.0,40.5,45.1,43.5,46.6,41.3,40.5,40.5,39.7,39.0,38.2,37.5,36.7,36.7,36.0,36.0,36.0,36.7,36.7,37.5,38.2,America First
2026-04-16,201,-15.0,7.5,92.5,Likely R,-20.91,3.78,-20.86,-20.84,5.84,37.4,50.6,0.0,False,False,,OTH,Brett Lindstrom,0.0,12.0,0.0,33.0,38.0,1,-7.83,0.15,0,0,0,-17.61,-0.48,49.5,2.5,33.5,68.3,47.1,48.6,43.3,43.3,42.6,40.3,36.5,34.3,34.3,35.0,35.0,37.5,33.7,35.2,36.0,40.5,45.1,43.6,46.6,41.3,40.5,40.5,39.7,39.0,38.2,37.5,36.7,36.7,36.0,36.0,36.0,36.7,36.7,37.5,38.2,America First
2026-04-17,200,-15.0,7.5,92.5,Likely R,-20.91,3.79,-20.85,-20.84,5.84,37.4,50.6,0.0,False,False,,OTH,Brett Lindstrom,0.0,12.0,0.0,33.0,38.0,1,-7.83,0.15,0,0,0,-17.6,-0.48,49.5,2.5,33.5,68.3,47.1,48.6,43.3,43.3,42.6,40.3,36.5,34.3,34.3,35.0,35.0,37.5,33.7,35.2,36.0,40.5,45.1,43.6,46.6,41.3,40.5,40.5,39.7,39.0,38.2,37.5,36.7,36.7,36.0,36.0,36.0,36.7,36.7,37.5,38.2,America First
2026-04-18,199,-15.0,7.5,92.5,Likely R,-20.91,3.79,-20.85,-20.84,5.84,37.4,50.6,0.0,False,False,,OTH,Brett Lindstrom,0.0,12.0,0.0,33.0,38.0,1,-7.84,0.15,0,0,0,-17.6,-0.48,49.5,2.6,33.5,68.3,47.1,48.6,43.3,43.3,42.6,40.3,36.5,34.3,34.3,35.0,35.0,37.5,33.7,35.2,36.0,40.5,45.1,43.6,46.6,41.3,40.5,40.5,39.7,39.0,38.2,37.5,36.7,36.7,36.0,36.0,36.0,36.7,36.7,37.5,38.2,America First
2026-04-19,198,-14.99,7.5,92.5,Likely R,-20.91,3.8,-20.84,-20.84,5.85,37.41,50.59,0.0,False,False,,OTH,Brett Lindstrom,0.0,12.0,0.0,33.0,38.0,1,-7.82,0.15,0,0,0,-17.59,-0.48,49.5,2.5,33.5,68.3,47.1,48.6,43.3,43.3,42.6,40.3,36.5,34.3,34.3,35.0,35.0,37.5,33.7,35.2,36.0,40.5,45.1,43.6,46.6,41.3,40.5,40.5,39.8,39.0,38.2,37.5,36.7,36.7,36.0,36.0,36.0,36.7,36.7,37.5,38.2,America First
2026-04-20,197,-14.99,7.5,92.5,Likely R,-20.91,3.8,-20.84,-20.84,5.85,37.4,50.6,0.0,False,False,,OTH,Brett Lindstrom,0.0,12.0,0.0,33.0,38.0,1,-7.87,0.15,0,0,0,-17.59,-0.48,49.2,1.9,33.5,68.3,47.1,48.6,43.3,43.3,42.6,40.3,36.5,34.3,34.3,35.0,35.0,37.5,33.7,35.2,36.0,40.5,45.1,43.6,46.6,41.3,40.5,40.5,39.7,39.0,38.2,37.5,36.7,36.7,36.0,36.0,36.0,36.7,36.7,37.5,38.2,America First
2026-04-21,196,-14.99,7.5,92.5,Likely R,-20.91,3.8,-20.84,-20.84,5.85,37.4,50.6,0.0,False,False,,OTH,Brett Lindstrom,0.0,12.0,0.0,33.0,38.0,1,-7.87,0.15,0,0,0,-17.59,-0.48,49.2,1.9,33.5,68.3,47.1,48.6,43.3,43.3,42.6,40.3,36.5,34.3,34.3,35.0,35.0,37.5,33.7,35.2,36.0,40.5,45.1,43.6,46.6,41.3,40.5,40.5,39.7,39.0,38.2,37.5,36.7,36.7,36.0,36.0,36.0,36.7,36.7,37.5,38.2,America First
2026-04-22,195,-14.99,7.5,92.5,Likely R,-20.91,3.81,-20.83,-20.84,5.86,37.41,50.59,0.0,False,False,,OTH,Brett Lindstrom,0.0,12.0,0.0,33.0,38.0,1,-7.87,0.15,0,0,0,-17.58,-0.48,49.2,1.9,33.5,68.3,47.1,48.6,43.3,43.3,42.6,40.3,36.5,34.3,34.3,35.0,35.0,37.5,33.7,35.2,36.0,40.5,45.1,43.6,46.6,41.3,40.5,40.5,39.8,39.0,38.2,37.5,36.7,36.7,36.0,36.0,36.0,36.7,36.7,37.5,38.2,America First
2026-04-23,194,-14.96,7.6,92.4,Likely R,-20.91,3.83,-20.81,-20.84,5.88,37.42,50.58,0.0,False,False,,OTH,Brett Lindstrom,0.0,12.0,0.0,33.0,38.0,1,-7.84,0.15,0,0,0,-17.56,-0.48,49.2,1.8,33.5,68.3,47.1,48.6,43.3,43.3,42.6,40.3,36.6,34.3,34.3,35.0,35.0,37.5,33.7,35.2,36.0,40.5,45.1,43.6,46.6,41.3,40.5,40.5,39.8,39.0,38.3,37.5,36.7,36.7,36.0,36.0,36.0,36.7,36.7,37.5,38.3,America First
2026-04-24,193,-14.96,7.6,92.4,Likely R,-20.91,3.83,-20.81,-20.84,5.88,37.42,50.58,0.0,False,False,,OTH,Brett Lindstrom,0.0,12.0,0.0,33.0,38.0,1,-7.83,0.15,0,0,0,-17.56,-0.48,49.2,1.9,33.5,68.3,47.1,48.6,43.3,43.3,42.6,40.3,36.6,34.3,34.3,35.0,35.0,37.5,33.7,35.2,36.0,40.5,45.1,43.6,46.6,41.3,40.5,40.5,39.8,39.0,38.3,37.5,36.7,36.7,36.0,36.0,36.0,36.7,36.7,37.5,38.3,America First
2026-04-25,192,-14.95,7.6,92.4,Likely R,-20.91,3.84,-20.8,-20.84,5.89,37.42,50.58,0.0,False,False,,OTH,Brett Lindstrom,0.0,12.0,0.0,33.0,38.0,1,-7.83,0.15,0,0,0,-17.55,-0.48,49.2,1.9,33.5,68.3,47.1,48.6,43.3,43.3,42.6,40.3,36.6,34.3,34.3,35.0,35.0,37.5,33.7,35.2,36.0,40.5,45.1,43.6,46.6,41.3,40.5,40.5,39.8,39.0,38.3,37.5,36.7,36.7,36.0,36.0,36.0,36.7,36.7,37.5,38.3,America First
2026-04-26,191,-14.91,7.6,92.4,Likely R,-20.91,3.88,-20.76,-20.84,5.93,37.44,50.56,0.0,False,False,,OTH,Brett Lindstrom,0.0,12.0,0.0,33.0,38.0,1,-7.77,0.15,0,0,0,-17.51,-0.48,49.1,1.6,33.5,68.3,47.1,48.7,43.4,43.4,42.6,40.4,36.6,34.3,34.3,35.1,35.1,37.5,33.7,35.3,36.0,40.6,45.1,43.6,46.6,41.3,40.5,40.5,39.8,39.0,38.3,37.5,36.8,36.8,36.0,36.0,36.0,36.8,36.8,37.5,38.3,America First
2026-04-27,190,-14.95,7.6,92.4,Likely R,-20.91,3.85,-20.79,-20.84,5.89,37.42,50.58,0.0,False,False,,OTH,Brett Lindstrom,0.0,12.0,0.0,33.0,38.0,1,-7.84,0.15,0,0,0,-17.54,-0.48,49.0,1.5,33.5,68.3,47.1,48.6,43.3,43.3,42.6,40.3,36.6,34.3,34.3,35.0,35.0,37.5,33.7,35.2,36.0,40.5,45.1,43.6,46.6,41.3,40.5,40.5,39.8,39.0,38.3,37.5,36.7,36.7,36.0,36.0,36.0,36.7,36.7,37.5,38.3,America First
2026-04-28,189,-14.94,7.6,92.4,Likely R,-20.91,3.86,-20.78,-20.84,5.9,37.43,50.57,0.0,False,False,,OTH,Brett Lindstrom,0.0,12.0,0.0,33.0,38.0,1,-7.83,0.15,0,0,0,-17.53,-0.48,49.0,1.3,33.5,68.3,47.1,48.6,43.3,43.3,42.6,40.3,36.6,34.3,34.3,35.0,35.0,37.5,33.7,35.3,36.0,40.6,45.1,43.6,46.6,41.3,40.5,40.5,39.8,39.0,38.3,37.5,36.8,36.8,36.0,36.0,36.0,36.8,36.8,37.5,38.3,America First
2026-04-29,188,-14.93,7.6,92.4,Likely R,-20.91,3.87,-20.77,-20.84,5.91,37.43,50.57,0.0,False,False,,OTH,Brett Lindstrom,0.0,12.0,0.0,33.0,38.0,1,-7.83,0.15,0,0,0,-17.52,-0.48,49.0,1.3,33.5,68.3,47.1,48.6,43.3,43.3,42.6,40.3,36.6,34.3,34.3,35.0,35.0,37.5,33.7,35.3,36.0,40.6,45.1,43.6,46.6,41.3,40.5,40.5,39.8,39.0,38.3,37.5,36.8,36.8,36.0,36.0,36.0,36.8,36.8,37.5,38.3,America First
2026-04-30,187,-14.82,7.7,92.3,Likely R,-20.91,3.96,-20.68,-20.84,6.02,37.48,50.52,0.0,False,False,,OTH,Brett Lindstrom,0.0,12.0,0.0,33.0,38.0,1,-7.65,0.15,0,0,0,-17.43,-0.48,49.0,1.3,33.5,68.4,47.2,48.7,43.4,43.4,42.7,40.4,36.6,34.3,34.3,35.1,35.1,37.6,33.8,35.3,36.1,40.6,45.1,43.6,46.7,41.3,40.6,40.6,39.8,39.1,38.3,37.6,36.8,36.8,36.0,36.0,36.0,36.8,36.8,37.6,38.3,America First
2026-05-01,186,-14.48,8.2,91.8,Likely R,-20.91,4.36,-20.28,-20.84,6.36,37.63,50.37,0.0,False,False,,OTH,Brett Lindstrom,0.0,12.0,0.0,33.0,38.0,1,-7.65,0.15,0,0,0,-17.03,-0.48,49.0,1.3,33.7,68.6,47.3,48.9,43.6,43.6,42.8,40.6,36.8,34.5,34.5,35.2,35.2,37.7,33.9,35.5,36.2,40.8,45.3,43.8,46.8,41.5,40.7,40.7,40.0,39.2,38.5,37.7,36.9,36.9,36.2,36.2,36.2,36.9,36.9,37.7,38.5,America First
2026-05-02,185,-14.48,8.2,91.8,Likely R,-20.91,4.36,-20.28,-20.84,6.36,37.63,50.37,0.0,False,False,,OTH,Brett Lindstrom,0.0,12.0,0.0,33.0,38.0,1,-7.65,0.15,0,0,0,-17.03,-0.48,49.0,1.3,33.7,68.6,47.3,48.9,43.6,43.6,42.8,40.6,36.8,34.5,34.5,35.2,35.2,37.7,33.9,35.5,36.2,40.8,45.3,43.8,46.8,41.5,40.7,40.7,40.0,39.2,38.5,37.7,36.9,36.9,36.2,36.2,36.2,36.9,36.9,37.7,38.5,America First
2026-05-03,184,-14.53,8.2,91.8,Likely R,-20.91,4.32,-20.32,-20.84,6.31,37.61,50.39,0.0,False,False,,OTH,Brett Lindstrom,0.0,12.0,0.0,33.0,38.0,1,-7.73,0.15,0,0,0,-17.07,-0.48,49.0,1.4,33.7,68.5,47.3,48.8,43.5,43.5,42.8,40.5,36.7,34.5,34.5,35.2,35.2,37.7,33.9,35.4,36.2,40.7,45.3,43.8,46.8,41.5,40.7,40.7,40.0,39.2,38.4,37.7,36.9,36.9,36.2,36.2,36.2,36.9,36.9,37.7,38.4,America First
2026-05-04,183,-14.54,8.1,91.9,Likely R,-20.91,4.32,-20.32,-20.84,6.31,37.6,50.4,0.0,False,False,,OTH,Brett Lindstrom,0.0,12.0,0.0,33.0,38.0,1,-7.76,0.15,0,0,0,-17.07,-0.48,48.9,1.1,33.7,68.5,47.3,48.8,43.5,43.5,42.8,40.5,36.7,34.5,34.5,35.2,35.2,37.7,33.9,35.4,36.2,40.7,45.3,43.8,46.8,41.5,40.7,40.7,40.0,39.2,38.4,37.7,36.9,36.9,36.2,36.2,36.2,36.9,36.9,37.7,38.4,America First
2026-05-05,182,-14.54,8.1,91.9,Likely R,-20.91,4.32,-20.32,-20.84,6.3,37.6,50.4,0.0,False,False,,OTH,Brett Lindstrom,0.0,12.0,0.0,33.0,38.0,1,-7.77,0.15,0,0,0,-17.07,-0.48,48.9,1.1,33.7,68.5,47.3,48.8,43.5,43.5,42.8,40.5,36.7,34.5,34.5,35.2,35.2,37.7,33.9,35.4,36.2,40.7,45.3,43.8,46.8,41.5,40.7,40.7,40.0,39.2,38.4,37.7,36.9,36.9,36.2,36.2,36.2,36.9,36.9,37.7,38.4,America First
2026-05-06,181,-14.51,8.2,91.8,Likely R,-20.91,4.34,-20.3,-20.84,6.33,37.61,50.39,0.0,False,False,,OTH,Brett Lindstrom,0.0,12.0,0.0,33.0,38.0,1,-7.72,0.15,0,0,0,-17.05,-0.48,48.9,1.1,33.7,68.5,47.3,48.8,43.5,43.5,42.8,40.5,36.7,34.5,34.5,35.2,35.2,37.7,33.9,35.4,36.2,40.7,45.3,43.8,46.8,41.5,40.7,40.7,40.0,39.2,38.4,37.7,36.9,36.9,36.2,36.2,36.2,36.9,36.9,37.7,38.4,America First
2026-05-07,180,-14.33,8.4,91.6,Likely R,-20.91,4.5,-20.14,-20.84,6.51,37.69,50.31,0.0,False,False,,OTH,Brett Lindstrom,0.0,12.0,0.0,33.0,38.0,1,-7.41,0.15,0,0,0,-16.89,-0.48,48.9,1.1,33.8,68.6,47.4,48.9,43.6,43.6,42.9,40.6,36.8,34.5,34.5,35.3,35.3,37.8,34.0,35.5,36.3,40.8,45.4,43.9,46.9,41.6,40.8,40.8,40.0,39.3,38.5,37.8,37.0,37.0,36.3,36.3,36.3,37.0,37.0,37.8,38.5,America First
2026-05-08,179,-14.33,8.4,91.6,Likely R,-20.91,4.5,-20.14,-20.84,6.51,37.69,50.31,0.0,False,False,,OTH,Brett Lindstrom,0.0,12.0,0.0,33.0,38.0,1,-7.41,0.15,0,0,0,-16.89,-0.48,48.9,1.1,33.8,68.6,47.4,48.9,43.6,43.6,42.9,40.6,36.8,34.5,34.5,35.3,35.3,37.8,34.0,35.5,36.3,40.8,45.4,43.9,46.9,41.6,40.8,40.8,40.0,39.3,38.5,37.8,37.0,37.0,36.3,36.3,36.3,37.0,37.0,37.8,38.5,America First
2026-05-09,178,-14.33,8.4,91.6,Likely R,-20.91,4.5,-20.14,-20.84,6.51,37.69,50.31,0.0,False,False,,OTH,Brett Lindstrom,0.0,12.0,0.0,33.0,38.0,1,-7.41,0.15,0,0,0,-16.89,-0.48,48.9,1.1,33.8,68.6,47.4,48.9,43.6,43.6,42.9,40.6,36.8,34.5,34.5,35.3,35.3,37.8,34.0,35.5,36.3,40.8,45.4,43.9,46.9,41.6,40.8,40.8,40.0,39.3,38.5,37.8,37.0,37.0,36.3,36.3,36.3,37.0,37.0,37.8,38.5,America First
2026-05-10,177,-14.39,8.4,91.6,Likely R,-20.91,4.45,-20.19,-20.84,6.45,37.67,50.33,0.0,False,False,,OTH,Brett Lindstrom,0.0,12.0,0.0,33.0,38.0,1,-7.52,0.15,0,0,0,-16.94,-0.48,49.0,1.2,33.7,68.6,47.4,48.9,43.6,43.6,42.9,40.6,36.8,34.5,34.5,35.3,35.3,37.8,34.0,35.5,36.2,40.8,45.3,43.8,46.9,41.5,40.8,40.8,40.0,39.3,38.5,37.7,37.0,37.0,36.2,36.2,36.2,37.0,37.0,37.7,38.5,America First
2026-05-11,176,-14.39,8.3,91.7,Likely R,-20.91,4.45,-20.19,-20.84,6.45,37.67,50.33,0.0,False,False,,OTH,Brett Lindstrom,0.0,12.0,0.0,33.0,38.0,1,-7.54,0.15,0,0,0,-16.94,-0.48,48.9,1.0,33.7,68.6,47.4,48.9,43.6,43.6,42.9,40.6,36.8,34.5,34.5,35.3,35.3,37.8,34.0,35.5,36.2,40.8,45.3,43.8,46.9,41.5,40.8,40.8,40.0,39.3,38.5,37.7,37.0,37.0,36.2,36.2,36.2,37.0,37.0,37.7,38.5,America First
2026-05-12,175,-14.39,8.3,91.7,Likely R,-20.91,4.45,-20.19,-20.84,6.45,37.67,50.33,0.0,False,False,,OTH,Brett Lindstrom,0.0,12.0,0.0,33.0,38.0,1,-7.54,0.15,0,0,0,-16.94,-0.48,48.9,1.0,33.7,68.6,47.4,48.9,43.6,43.6,42.9,40.6,36.8,34.5,34.5,35.3,35.3,37.8,34.0,35.5,36.2,40.8,45.3,43.8,46.9,41.5,40.8,40.8,40.0,39.3,38.5,37.7,37.0,37.0,36.2,36.2,36.2,37.0,37.0,37.7,38.5,America First
2026-05-13,174,-14.39,8.3,91.7,Likely R,-20.91,4.45,-20.19,-20.84,6.45,37.67,50.33,0.0,False,False,,OTH,Brett Lindstrom,0.0,12.0,0.0,33.0,38.0,1,-7.54,0.15,0,0,0,-16.94,-0.48,48.9,1.0,33.7,68.6,47.4,48.9,43.6,43.6,42.9,40.6,36.8,34.5,34.5,35.3,35.3,37.8,34.0,35.5,36.2,40.8,45.3,43.8,46.9,41.5,40.8,40.8,40.0,39.3,38.5,37.7,37.0,37.0,36.2,36.2,36.2,37.0,37.0,37.7,38.5,America First
2026-05-14,173,-14.38,8.4,91.6,Likely R,-20.91,4.46,-20.18,-20.84,6.46,37.67,50.33,0.0,False,False,,OTH,Brett Lindstrom,0.0,12.0,0.0,33.0,38.0,1,-7.54,0.15,0,0,0,-16.93,-0.48,48.9,1.0,33.7,68.6,47.4,48.9,43.6,43.6,42.9,40.6,36.8,34.5,34.5,35.3,35.3,37.8,34.0,35.5,36.2,40.8,45.3,43.8,46.9,41.5,40.8,40.8,40.0,39.3,38.5,37.7,37.0,37.0,36.2,36.2,36.2,37.0,37.0,37.7,38.5,America First
2026-05-15,172,-14.23,8.6,91.4,Likely R,-20.91,4.59,-20.05,-20.84,6.61,37.74,50.26,0.0,False,False,,OTH,Brett Lindstrom,0.0,12.0,0.0,33.0,38.0,1,-7.28,0.15,0,0,0,-16.8,-0.48,48.7,0.6,33.8,68.7,47.5,49.0,43.7,43.7,42.9,40.7,36.9,34.6,34.6,35.4,35.4,37.8,34.0,35.6,36.3,40.9,45.4,43.9,46.9,41.6,40.9,40.9,40.1,39.3,38.6,37.8,37.1,37.1,36.3,36.3,36.3,37.1,37.1,37.8,38.6,America First
2026-05-16,171,-14.23,8.6,91.4,Likely R,-20.91,4.6,-20.04,-20.84,6.62,37.74,50.26,0.0,False,False,,OTH,Brett Lindstrom,0.0,12.0,0.0,33.0,38.0,1,-7.28,0.15,0,0,0,-16.79,-0.48,48.7,0.6,33.8,68.7,47.5,49.0,43.7,43.7,42.9,40.7,36.9,34.6,34.6,35.4,35.4,37.8,34.0,35.6,36.3,40.9,45.4,43.9,46.9,41.6,40.9,40.9,40.1,39.3,38.6,37.8,37.1,37.1,36.3,36.3,36.3,37.1,37.1,37.8,38.6,America First
2026-05-17,170,-14.26,8.5,91.5,Likely R,-20.91,4.57,-20.07,-20.84,6.58,37.73,50.27,0.0,False,False,,OTH,Brett Lindstrom,0.0,12.0,0.0,33.0,38.0,1,-7.34,0.15,0,0,0,-16.82,-0.48,48.8,0.7,33.8,68.7,47.4,49.0,43.7,43.7,42.9,40.7,36.9,34.6,34.6,35.3,35.3,37.8,34.0,35.5,36.3,40.9,45.4,43.9,46.9,41.6,40.8,40.8,40.1,39.3,38.6,37.8,37.0,37.0,36.3,36.3,36.3,37.0,37.0,37.8,38.6,America First
2026-05-18,169,-14.14,8.7,91.3,Likely R,-20.91,4.68,-19.96,-20.84,6.7,37.78,50.22,0.0,False,False,,OTH,Brett Lindstrom,0.0,12.0,0.0,33.0,38.0,1,-7.15,0.15,0,0,0,-16.71,-0.48,48.5,0.2,33.8,68.8,47.5,49.0,43.7,43.7,43.0,40.7,36.9,34.6,34.6,35.4,35.4,37.9,34.1,35.6,36.4,40.9,45.5,43.9,47.0,41.7,40.9,40.9,40.1,39.4,38.6,37.9,37.1,37.1,36.3,36.3,36.3,37.1,37.1,37.9,38.6,America First
2026-05-19,168,-14.09,8.8,91.2,Likely R,-20.91,4.72,-19.92,-20.84,6.75,37.8,50.2,0.0,False,False,,OTH,Brett Lindstrom,0.0,12.0,0.0,33.0,38.0,1,-7.09,0.15,0,0,0,-16.67,-0.48,48.5,0.1,33.9,68.8,47.5,49.0,43.7,43.7,43.0,40.7,36.9,34.7,34.7,35.4,35.4,37.9,34.1,35.6,36.4,40.9,45.5,44.0,47.0,41.7,40.9,40.9,40.2,39.4,38.6,37.9,37.1,37.1,36.4,36.4,36.4,37.1,37.1,37.9,38.6,America First
2026-05-20,167,-14.09,8.8,91.2,Likely R,-20.91,4.73,-19.91,-20.84,6.75,37.8,50.2,0.0,False,False,,OTH,Brett Lindstrom,0.0,12.0,0.0,33.0,38.0,1,-7.09,0.15,0,0,0,-16.66,-0.48,48.4,-0.0,33.9,68.8,47.5,49.0,43.7,43.7,43.0,40.7,36.9,34.7,34.7,35.4,35.4,37.9,34.1,35.6,36.4,40.9,45.5,44.0,47.0,41.7,40.9,40.9,40.2,39.4,38.6,37.9,37.1,37.1,36.4,36.4,36.4,37.1,37.1,37.9,38.6,America First
2026-05-21,166,-14.09,8.8,91.2,Likely R,-20.91,4.73,-19.91,-20.84,6.75,37.8,50.2,0.0,False,False,,OTH,Brett Lindstrom,0.0,12.0,0.0,33.0,38.0,1,-7.09,0.15,0,0,0,-16.66,-0.48,48.4,-0.0,33.9,68.8,47.5,49.0,43.7,43.7,43.0,40.7,36.9,34.7,34.7,35.4,35.4,37.9,34.1,35.6,36.4,40.9,45.5,44.0,47.0,41.7,40.9,40.9,40.2,39.4,38.6,37.9,37.1,37.1,36.4,36.4,36.4,37.1,37.1,37.9,38.6,America First
2026-05-22,165,-14.09,8.8,91.2,Likely R,-20.91,4.73,-19.91,-20.84,6.75,37.8,50.2,0.0,False,False,,OTH,Brett Lindstrom,0.0,12.0,0.0,33.0,38.0,1,-7.09,0.15,0,0,0,-16.66,-0.48,48.4,0.0,33.9,68.8,47.5,49.0,43.7,43.7,43.0,40.7,36.9,34.7,34.7,35.4,35.4,37.9,34.1,35.6,36.4,40.9,45.5,44.0,47.0,41.7,40.9,40.9,40.2,39.4,38.6,37.9,37.1,37.1,36.4,36.4,36.4,37.1,37.1,37.9,38.6,America First
2026-05-23,164,-14.08,8.8,91.2,Likely R,-20.91,4.74,-19.9,-20.84,6.76,37.81,50.19,0.0,False,False,,OTH,Brett Lindstrom,0.0,12.0,0.0,33.0,38.0,1,-7.09,0.15,0,0,0,-16.65,-0.48,48.4,0.0,33.9,68.8,47.5,49.1,43.7,43.7,43.0,40.7,36.9,34.7,34.7,35.4,35.4,37.9,34.1,35.6,36.4,40.9,45.5,44.0,47.0,41.7,40.9,40.9,40.2,39.4,38.6,37.9,37.1,37.1,36.4,36.4,36.4,37.1,37.1,37.9,38.6,America First
2026-05-24,163,-14.14,8.7,91.3,Likely R,-20.91,4.69,-19.95,-20.84,6.71,37.78,50.22,0.0,False,False,,OTH,Brett Lindstrom,0.0,12.0,0.0,33.0,38.0,1,-7.19,0.15,0,0,0,-16.7,-0.48,48.5,0.2,33.8,68.8,47.5,49.0,43.7,43.7,43.0,40.7,36.9,34.6,34.6,35.4,35.4,37.9,34.1,35.6,36.4,40.9,45.5,43.9,47.0,41.7,40.9,40.9,40.1,39.4,38.6,37.9,37.1,37.1,36.3,36.3,36.3,37.1,37.1,37.9,38.6,America First
2026-05-25,162,-14.08,8.8,91.2,Likely R,-20.91,4.74,-19.9,-20.84,6.76,37.8,50.2,0.0,False,False,,OTH,Brett Lindstrom,0.0,12.0,0.0,33.0,38.0,1,-7.11,0.15,0,0,0,-16.65,-0.48,48.5,0.2,33.9,68.8,47.5,49.0,43.7,43.7,43.0,40.7,36.9,34.7,34.7,35.4,35.4,37.9,34.1,35.6,36.4,40.9,45.5,44.0,47.0,41.7,40.9,40.9,40.2,39.4,38.6,37.9,37.1,37.1,36.4,36.4,36.4,37.1,37.1,37.9,38.6,America First
2026-05-26,161,-14.14,8.7,91.3,Likely R,-20.91,4.69,-19.95,-20.84,6.7,37.78,50.22,0.0,False,False,,OTH,Brett Lindstrom,0.0,12.0,0.0,33.0,38.0,1,-7.21,0.15,0,0,0,-16.7,-0.48,48.5,0.2,33.8,68.8,47.5,49.0,43.7,43.7,43.0,40.7,36.9,34.6,34.6,35.4,35.4,37.9,34.1,35.6,36.4,40.9,45.5,43.9,47.0,41.7,40.9,40.9,40.1,39.4,38.6,37.9,37.1,37.1,36.3,36.3,36.3,37.1,37.1,37.9,38.6,America First
2026-05-27,160,-14.13,8.7,91.3,Likely R,-20.91,4.7,-19.94,-20.84,6.71,37.78,50.22,0.0,False,False,,OTH,Brett Lindstrom,0.0,12.0,0.0,33.0,38.0,1,-7.21,0.15,0,0,0,-16.69,-0.48,48.5,0.2,33.8,68.8,47.5,49.0,43.7,43.7,43.0,40.7,36.9,34.6,34.6,35.4,35.4,37.9,34.1,35.6,36.4,40.9,45.5,43.9,47.0,41.7,40.9,40.9,40.1,39.4,38.6,37.9,37.1,37.1,36.3,36.3,36.3,37.1,37.1,37.9,38.6,America First
2026-05-28,159,-14.13,8.7,91.3,Likely R,-20.91,4.7,-19.94,-20.84,6.71,37.78,50.22,0.0,False,False,,OTH,Brett Lindstrom,0.0,12.0,0.0,33.0,38.0,1,-7.21,0.15,0,0,0,-16.69,-0.48,48.5,0.2,33.8,68.8,47.5,49.0,43.7,43.7,43.0,40.7,36.9,34.6,34.6,35.4,35.4,37.9,34.1,35.6,36.4,40.9,45.5,43.9,47.0,41.7,40.9,40.9,40.1,39.4,38.6,37.9,37.1,37.1,36.3,36.3,36.3,37.1,37.1,37.9,38.6,America First
2026-05-29,158,-14.13,8.7,91.3,Likely R,-20.91,4.7,-19.94,-20.84,6.71,37.78,50.22,0.0,False,False,,OTH,Brett Lindstrom,0.0,12.0,0.0,33.0,38.0,1,-7.21,0.15,0,0,0,-16.69,-0.48,48.5,0.2,33.8,68.8,47.5,49.0,43.7,43.7,43.0,40.7,36.9,34.6,34.6,35.4,35.4,37.9,34.1,35.6,36.4,40.9,45.5,43.9,47.0,41.7,40.9,40.9,40.1,39.4,38.6,37.9,37.1,37.1,36.3,36.3,36.3,37.1,37.1,37.9,38.6,America First
2026-05-30,157,-14.12,8.7,91.3,Likely R,-20.91,4.71,-19.93,-20.84,6.72,37.79,50.21,0.0,False,False,,OTH,Brett Lindstrom,0.0,12.0,0.0,33.0,38.0,1,-7.21,0.15,0,0,0,-16.68,-0.48,48.5,0.2,33.8,68.8,47.5,49.0,43.7,43.7,43.0,40.7,36.9,34.6,34.6,35.4,35.4,37.9,34.1,35.6,36.4,40.9,45.5,44.0,47.0,41.7,40.9,40.9,40.1,39.4,38.6,37.9,37.1,37.1,36.3,36.3,36.3,37.1,37.1,37.9,38.6,America First
2026-05-31,156,-14.15,8.7,91.3,Likely R,-20.91,4.68,-19.96,-20.84,6.69,37.77,50.23,0.0,False,False,,OTH,Brett Lindstrom,0.0,12.0,0.0,33.0,38.0,1,-7.25,0.15,0,0,0,-16.71,-0.48,48.6,0.4,33.8,68.7,47.5,49.0,43.7,43.7,43.0,40.7,36.9,34.6,34.6,35.4,35.4,37.9,34.1,35.6,36.3,40.9,45.5,43.9,47.0,41.6,40.9,40.9,40.1,39.4,38.6,37.8,37.1,37.1,36.3,36.3,36.3,37.1,37.1,37.8,38.6,America First
2026-06-01,155,-13.56,9.6,90.4,Likely R,-20.91,5.38,-19.26,-20.84,7.28,38.03,49.97,0.0,False,False,,OTH,Brett Lindstrom,0.0,12.0,0.0,33.0,38.0,1,-7.28,0.15,0,0,0,-16.01,-0.48,48.5,0.3,34.1,69.1,47.8,49.3,44.0,44.0,43.2,41.0,37.2,34.9,34.9,35.6,35.6,38.1,34.3,35.8,36.6,41.2,45.7,44.2,47.2,41.9,41.1,41.1,40.4,39.6,38.9,38.1,37.3,37.3,36.6,36.6,36.6,37.3,37.3,38.1,38.9,America First
2026-06-02,154,-13.55,9.6,90.4,Likely R,-20.91,5.39,-19.25,-20.84,7.29,38.04,49.96,0.0,False,False,,OTH,Brett Lindstrom,0.0,12.0,0.0,33.0,38.0,1,-7.25,0.15,0,0,0,-16.0,-0.48,48.5,0.3,34.1,69.1,47.8,49.3,44.0,44.0,43.2,41.0,37.2,34.9,34.9,35.6,35.6,38.1,34.3,35.9,36.6,41.2,45.7,44.2,47.3,41.9,41.2,41.2,40.4,39.6,38.9,38.1,37.4,37.4,36.6,36.6,36.6,37.4,37.4,38.1,38.9,America First
2026-06-03,153,-13.53,9.6,90.4,Likely R,-20.91,5.41,-19.23,-20.84,7.31,38.05,49.95,0.0,False,False,,OTH,Brett Lindstrom,0.0,12.0,0.0,33.0,38.0,1,-7.22,0.15,0,0,0,-15.98,-0.48,48.5,0.3,34.1,69.1,47.8,49.3,44.0,44.0,43.3,41.0,37.2,34.9,34.9,35.7,35.7,38.1,34.3,35.9,36.6,41.2,45.7,44.2,47.3,41.9,41.2,41.2,40.4,39.6,38.9,38.1,37.4,37.4,36.6,36.6,36.6,37.4,37.4,38.1,38.9,America First
2026-06-04,152,-13.52,9.7,90.3,Likely R,-20.91,5.42,-19.22,-20.84,7.32,38.05,49.95,0.0,False,False,,OTH,Brett Lindstrom,0.0,12.0,0.0,33.0,38.0,1,-7.2,0.15,0,0,0,-15.97,-0.48,48.5,0.3,34.1,69.1,47.8,49.3,44.0,44.0,43.3,41.0,37.2,34.9,34.9,35.7,35.7,38.1,34.3,35.9,36.6,41.2,45.7,44.2,47.3,41.9,41.2,41.2,40.4,39.6,38.9,38.1,37.4,37.4,36.6,36.6,36.6,37.4,37.4,38.1,38.9,America First
2026-06-05,151,-13.53,9.6,90.4,Likely R,-20.91,5.41,-19.23,-20.84,7.31,38.05,49.95,0.0,False,False,,OTH,Brett Lindstrom,0.0,12.0,0.0,33.0,38.0,1,-7.22,0.15,0,0,0,-15.98,-0.48,48.6,0.3,34.1,69.1,47.8,49.3,44.0,44.0,43.3,41.0,37.2,34.9,34.9,35.7,35.7,38.1,34.3,35.9,36.6,41.2,45.7,44.2,47.3,41.9,41.2,41.2,40.4,39.6,38.9,38.1,37.4,37.4,36.6,36.6,36.6,37.4,37.4,38.1,38.9,America First
2026-06-06,150,-13.53,9.6,90.4,Likely R,-20.91,5.41,-19.23,-20.84,7.31,38.05,49.95,0.0,False,False,,OTH,Brett Lindstrom,0.0,12.0,0.0,33.0,38.0,1,-7.22,0.15,0,0,0,-15.98,-0.48,48.5,0.3,34.1,69.1,47.8,49.3,44.0,44.0,43.3,41.0,37.2,34.9,34.9,35.7,35.7,38.1,34.3,35.9,36.6,41.2,45.7,44.2,47.3,41.9,41.2,41.2,40.4,39.6,38.9,38.1,37.4,37.4,36.6,36.6,36.6,37.4,37.4,38.1,38.9,America First
2026-06-07,149,-13.6,9.5,90.5,Likely R,-20.91,5.35,-19.29,-20.84,7.24,38.02,49.98,0.0,False,False,,OTH,Brett Lindstrom,0.0,12.0,0.0,33.0,38.0,1,-7.34,0.15,0,0,0,-16.04,-0.48,48.6,0.4,34.1,69.0,47.8,49.3,44.0,44.0,43.2,40.9,37.1,34.9,34.9,35.6,35.6,38.1,34.3,35.8,36.6,41.2,45.7,44.2,47.2,41.9,41.1,41.1,40.4,39.6,38.9,38.1,37.3,37.3,36.6,36.6,36.6,37.3,37.3,38.1,38.9,America First
2026-06-08,148,-13.55,9.6,90.4,Likely R,-20.91,5.39,-19.25,-20.84,7.29,38.04,49.96,0.0,False,False,,OTH,Brett Lindstrom,0.0,12.0,0.0,33.0,38.0,1,-7.27,0.15,0,0,0,-16.0,-0.48,48.5,0.3,34.1,69.1,47.8,49.3,44.0,44.0,43.2,41.0,37.2,34.9,34.9,35.6,35.6,38.1,34.3,35.9,36.6,41.2,45.7,44.2,47.3,41.9,41.2,41.2,40.4,39.6,38.9,38.1,37.4,37.4,36.6,36.6,36.6,37.4,37.4,38.1,38.9,America First
2026-06-09,147,-13.55,9.6,90.4,Likely R,-20.91,5.39,-19.25,-20.84,7.29,38.04,49.96,0.0,False,False,,OTH,Brett Lindstrom,0.0,12.0,0.0,33.0,38.0,1,-7.27,0.15,0,0,0,-16.0,-0.48,48.5,0.3,34.1,69.1,47.8,49.3,44.0,44.0,43.2,41.0,37.2,34.9,34.9,35.6,35.6,38.1,34.3,35.9,36.6,41.2,45.7,44.2,47.3,41.9,41.2,41.2,40.4,39.6,38.9,38.1,37.4,37.4,36.6,36.6,36.6,37.4,37.4,38.1,38.9,America First
2026-06-10,146,-13.55,9.6,90.4,Likely R,-20.91,5.39,-19.25,-20.84,7.29,38.04,49.96,0.0,False,False,,OTH,Brett Lindstrom,0.0,12.0,0.0,33.0,38.0,1,-7.27,0.15,0,0,0,-16.0,-0.48,48.6,0.4,34.1,69.1,47.8,49.3,44.0,44.0,43.2,41.0,37.2,34.9,34.9,35.6,35.6,38.1,34.3,35.9,36.6,41.2,45.7,44.2,47.3,41.9,41.2,41.2,40.4,39.6,38.9,38.1,37.4,37.4,36.6,36.6,36.6,37.4,37.4,38.1,38.9,America First
2026-06-11,145,-13.55,9.6,90.4,Likely R,-20.91,5.39,-19.25,-20.84,7.29,38.04,49.96,0.0,False,False,,OTH,Brett Lindstrom,0.0,12.0,0.0,33.0,38.0,1,-7.27,0.15,0,0,0,-16.0,-0.48,48.5,0.3,34.1,69.1,47.8,49.3,44.0,44.0,43.2,41.0,37.2,34.9,34.9,35.6,35.6,38.1,34.3,35.9,36.6,41.2,45.7,44.2,47.3,41.9,41.2,41.2,40.4,39.6,38.9,38.1,37.4,37.4,36.6,36.6,36.6,37.4,37.4,38.1,38.9,America First
2026-06-12,144,-13.55,9.6,90.4,Likely R,-20.91,5.39,-19.25,-20.84,7.29,38.04,49.96,0.0,False,False,,OTH,Brett Lindstrom,0.0,12.0,0.0,33.0,38.0,1,-7.27,0.15,0,0,0,-16.0,-0.48,48.5,0.3,34.1,69.1,47.8,49.3,44.0,44.0,43.2,41.0,37.2,34.9,34.9,35.6,35.6,38.1,34.3,35.9,36.6,41.2,45.7,44.2,47.3,41.9,41.2,41.2,40.4,39.6,38.9,38.1,37.4,37.4,36.6,36.6,36.6,37.4,37.4,38.1,38.9,America First
2026-06-13,143,-13.55,9.6,90.4,Likely R,-20.91,5.39,-19.25,-20.84,7.29,38.04,49.96,0.0,False,False,,OTH,Brett Lindstrom,0.0,12.0,0.0,33.0,38.0,1,-7.27,0.15,0,0,0,-16.0,-0.48,48.5,0.3,34.1,69.1,47.8,49.3,44.0,44.0,43.2,41.0,37.2,34.9,34.9,35.6,35.6,38.1,34.3,35.9,36.6,41.2,45.7,44.2,47.3,41.9,41.2,41.2,40.4,39.6,38.9,38.1,37.4,37.4,36.6,36.6,36.6,37.4,37.4,38.1,38.9,America First
2026-06-14,142,-13.54,9.6,90.4,Likely R,-20.91,5.4,-19.24,-20.84,7.3,38.04,49.96,0.0,False,False,,OTH,Brett Lindstrom,0.0,12.0,0.0,33.0,38.0,1,-7.24,0.15,0,0,0,-15.99,-0.48,48.6,0.3,34.1,69.1,47.8,49.3,44.0,44.0,43.2,41.0,37.2,34.9,34.9,35.6,35.6,38.1,34.3,35.9,36.6,41.2,45.7,44.2,47.3,41.9,41.2,41.2,40.4,39.6,38.9,38.1,37.4,37.4,36.6,36.6,36.6,37.4,37.4,38.1,38.9,America First
2026-06-15,141,-13.64,9.4,90.6,Likely R,-20.91,5.31,-19.33,-20.84,7.2,38.0,50.0,0.0,False,False,,OTH,Brett Lindstrom,0.0,12.0,0.0,33.0,38.0,1,-7.41,0.15,0,0,0,-16.08,-0.48,48.6,0.2,34.1,69.0,47.7,49.3,43.9,43.9,43.2,40.9,37.1,34.8,34.8,35.6,35.6,38.1,34.3,35.8,36.6,41.1,45.7,44.2,47.2,41.9,41.1,41.1,40.4,39.6,38.8,38.1,37.3,37.3,36.6,36.6,36.6,37.3,37.3,38.1,38.8,America First
2026-06-16,140,-13.62,9.5,90.5,Likely R,-20.91,5.33,-19.31,-20.84,7.22,38.01,49.99,0.0,False,False,,OTH,Brett Lindstrom,0.0,12.0,0.0,33.0,38.0,1,-7.38,0.15,0,0,0,-16.06,-0.48,48.6,0.3,34.1,69.0,47.7,49.3,43.9,43.9,43.2,40.9,37.1,34.9,34.9,35.6,35.6,38.1,34.3,35.8,36.6,41.1,45.7,44.2,47.2,41.9,41.1,41.1,40.4,39.6,38.8,38.1,37.3,37.3,36.6,36.6,36.6,37.3,37.3,38.1,38.8,America First
2026-06-17,139,-13.62,9.5,90.5,Likely R,-20.91,5.33,-19.31,-20.84,7.22,38.01,49.99,0.0,False,False,,OTH,Brett Lindstrom,0.0,12.0,0.0,33.0,38.0,1,-7.39,0.15,0,0,0,-16.06,-0.48,48.6,0.1,34.1,69.0,47.7,49.3,43.9,43.9,43.2,40.9,37.1,34.9,34.9,35.6,35.6,38.1,34.3,35.8,36.6,41.1,45.7,44.2,47.2,41.9,41.1,41.1,40.4,39.6,38.8,38.1,37.3,37.3,36.6,36.6,36.6,37.3,37.3,38.1,38.8,America First
2026-06-18,138,-13.62,9.5,90.5,Likely R,-20.91,5.33,-19.31,-20.84,7.22,38.01,49.99,0.0,False,False,,OTH,Brett Lindstrom,0.0,12.0,0.0,33.0,38.0,1,-7.39,0.15,0,0,0,-16.06,-0.48,48.6,0.1,34.1,69.0,47.7,49.3,43.9,43.9,43.2,40.9,37.1,34.9,34.9,35.6,35.6,38.1,34.3,35.8,36.6,41.1,45.7,44.2,47.2,41.9,41.1,41.1,40.4,39.6,38.8,38.1,37.3,37.3,36.6,36.6,36.6,37.3,37.3,38.1,38.8,America First
2026-06-19,137,-13.62,9.5,90.5,Likely R,-20.91,5.33,-19.31,-20.84,7.22,38.01,49.99,0.0,False,False,,OTH,Brett Lindstrom,0.0,12.0,0.0,33.0,38.0,1,-7.39,0.15,0,0,0,-16.06,-0.48,48.5,-0.0,34.1,69.0,47.7,49.3,43.9,43.9,43.2,40.9,37.1,34.9,34.9,35.6,35.6,38.1,34.3,35.8,36.6,41.1,45.7,44.2,47.2,41.9,41.1,41.1,40.4,39.6,38.8,38.1,37.3,37.3,36.6,36.6,36.6,37.3,37.3,38.1,38.8,America First
2026-06-20,136,-13.62,9.5,90.5,Likely R,-20.91,5.33,-19.31,-20.84,7.22,38.01,49.99,0.0,False,False,,OTH,Brett Lindstrom,0.0,12.0,0.0,33.0,38.0,1,-7.39,0.15,0,0,0,-16.06,-0.48,48.5,-0.2,34.1,69.0,47.7,49.3,43.9,43.9,43.2,40.9,37.1,34.9,34.9,35.6,35.6,38.1,34.3,35.8,36.6,41.1,45.7,44.2,47.2,41.9,41.1,41.1,40.4,39.6,38.8,38.1,37.3,37.3,36.6,36.6,36.6,37.3,37.3,38.1,38.8,America First
2026-06-21,135,-13.63,9.4,90.6,Likely R,-20.91,5.32,-19.32,-20.84,7.21,38.0,50.0,0.0,False,False,,OTH,Brett Lindstrom,0.0,12.0,0.0,33.0,38.0,1,-7.41,0.15,0,0,0,-16.07,-0.48,48.5,0.0,34.1,69.0,47.7,49.3,43.9,43.9,43.2,40.9,37.1,34.8,34.8,35.6,35.6,38.1,34.3,35.8,36.6,41.1,45.7,44.2,47.2,41.9,41.1,41.1,40.4,39.6,38.8,38.1,37.3,37.3,36.6,36.6,36.6,37.3,37.3,38.1,38.8,America First
2026-06-22,134,-13.61,9.5,90.5,Likely R,-20.91,5.34,-19.3,-20.84,7.23,38.01,49.99,0.0,False,False,,OTH,Brett Lindstrom,0.0,12.0,0.0,33.0,38.0,1,-7.38,0.15,0,0,0,-16.05,-0.48,48.5,-0.0,34.1,69.0,47.7,49.3,43.9,43.9,43.2,40.9,37.1,34.9,34.9,35.6,35.6,38.1,34.3,35.8,36.6,41.1,45.7,44.2,47.2,41.9,41.1,41.1,40.4,39.6,38.8,38.1,37.3,37.3,36.6,36.6,36.6,37.3,37.3,38.1,38.8,America First
2026-06-23,133,-13.61,9.5,90.5,Likely R,-20.91,5.34,-19.3,-20.84,7.23,38.01,49.99,0.0,False,False,,OTH,Brett Lindstrom,0.0,12.0,0.0,33.0,38.0,1,-7.38,0.15,0,0,0,-16.05,-0.48,48.4,-0.2,34.1,69.0,47.7,49.3,43.9,43.9,43.2,40.9,37.1,34.9,34.9,35.6,35.6,38.1,34.3,35.8,36.6,41.1,45.7,44.2,47.2,41.9,41.1,41.1,40.4,39.6,38.8,38.1,37.3,37.3,36.6,36.6,36.6,37.3,37.3,38.1,38.8,America First
2026-06-24,132,-13.61,9.5,90.5,Likely R,-20.91,5.34,-19.3,-20.84,7.23,38.01,49.99,0.0,False,False,,OTH,Brett Lindstrom,0.0,12.0,0.0,33.0,38.0,1,-7.38,0.15,0,0,0,-16.05,-0.48,48.4,-0.2,34.1,69.0,47.7,49.3,43.9,43.9,43.2,40.9,37.1,34.9,34.9,35.6,35.6,38.1,34.3,35.8,36.6,41.1,45.7,44.2,47.2,41.9,41.1,41.1,40.4,39.6,38.8,38.1,37.3,37.3,36.6,36.6,36.6,37.3,37.3,38.1,38.8,America First
2026-06-25,131,-13.61,9.5,90.5,Likely R,-20.91,5.34,-19.3,-20.84,7.23,38.01,49.99,0.0,False,False,,OTH,Brett Lindstrom,0.0,12.0,0.0,33.0,38.0,1,-7.38,0.15,0,0,0,-16.05,-0.48,48.4,-0.2,34.1,69.0,47.7,49.3,43.9,43.9,43.2,40.9,37.1,34.9,34.9,35.6,35.6,38.1,34.3,35.8,36.6,41.1,45.7,44.2,47.2,41.9,41.1,41.1,40.4,39.6,38.8,38.1,37.3,37.3,36.6,36.6,36.6,37.3,37.3,38.1,38.8,America First
2026-06-26,130,-13.58,9.5,90.5,Likely R,-20.91,5.37,-19.27,-20.84,7.26,38.02,49.98,0.0,False,False,,OTH,Brett Lindstrom,0.0,12.0,0.0,33.0,38.0,1,-7.34,0.15,0,0,0,-16.02,-0.48,48.4,0.1,34.1,69.0,47.8,49.3,44.0,44.0,43.2,40.9,37.1,34.9,34.9,35.6,35.6,38.1,34.3,35.8,36.6,41.2,45.7,44.2,47.2,41.9,41.1,41.1,40.4,39.6,38.9,38.1,37.3,37.3,36.6,36.6,36.6,37.3,37.3,38.1,38.9,America First
2026-06-27,129,-13.58,9.5,90.5,Likely R,-20.91,5.37,-19.27,-20.84,7.26,38.02,49.98,0.0,False,False,,OTH,Brett Lindstrom,0.0,12.0,0.0,33.0,38.0,1,-7.34,0.15,0,0,0,-16.02,-0.48,48.4,0.1,34.1,69.0,47.8,49.3,44.0,44.0,43.2,40.9,37.1,34.9,34.9,35.6,35.6,38.1,34.3,35.8,36.6,41.2,45.7,44.2,47.2,41.9,41.1,41.1,40.4,39.6,38.9,38.1,37.3,37.3,36.6,36.6,36.6,37.3,37.3,38.1,38.9,America First
2026-06-28,128,-13.6,9.5,90.5,Likely R,-20.91,5.35,-19.29,-20.84,7.24,38.02,49.98,0.0,False,False,,OTH,Brett Lindstrom,0.0,12.0,0.0,33.0,38.0,1,-7.36,0.15,0,0,0,-16.04,-0.48,48.5,0.2,34.1,69.0,47.8,49.3,44.0,44.0,43.2,40.9,37.1,34.9,34.9,35.6,35.6,38.1,34.3,35.8,36.6,41.2,45.7,44.2,47.2,41.9,41.1,41.1,40.4,39.6,38.9,38.1,37.3,37.3,36.6,36.6,36.6,37.3,37.3,38.1,38.9,America First
2026-06-29,127,-13.65,9.4,90.6,Likely R,-20.91,5.31,-19.33,-20.84,7.19,38.0,50.0,0.0,False,False,,OTH,Brett Lindstrom,0.0,12.0,0.0,33.0,38.0,1,-7.44,0.15,0,0,0,-16.08,-0.48,48.5,0.2,34.1,69.0,47.7,49.3,43.9,43.9,43.2,40.9,37.1,34.8,34.8,35.6,35.6,38.1,34.3,35.8,36.6,41.1,45.7,44.2,47.2,41.9,41.1,41.1,40.4,39.6,38.8,38.1,37.3,37.3,36.6,36.6,36.6,37.3,37.3,38.1,38.8,America First
2026-06-30,126,-13.62,9.4,90.6,Likely R,-20.91,5.33,-19.31,-20.84,7.22,38.01,49.99,0.0,False,False,,OTH,Brett Lindstrom,0.0,12.0,0.0,33.0,38.0,1,-7.4,0.15,0,0,0,-16.06,-0.48,48.4,0.2,34.1,69.0,47.7,49.3,43.9,43.9,43.2,40.9,37.1,34.9,34.9,35.6,35.6,38.1,34.3,35.8,36.6,41.1,45.7,44.2,47.2,41.9,41.1,41.1,40.4,39.6,38.8,38.1,37.3,37.3,36.6,36.6,36.6,37.3,37.3,38.1,38.8,America First
2026-07-01,125,-14.01,8.8,91.2,Likely R,-20.91,4.87,-19.77,-20.84,6.83,37.83,50.17,0.0,False,False,,OTH,Brett Lindstrom,0.0,12.0,0.0,33.0,38.0,1,-7.39,0.15,0,0,0,-16.52,-0.48,48.4,0.2,33.9,68.8,47.6,49.1,43.8,43.8,43.0,40.8,37.0,34.7,34.7,35.4,35.4,37.9,34.1,35.6,36.4,41.0,45.5,44.0,47.0,41.7,40.9,40.9,40.2,39.4,38.7,37.9,37.1,37.1,36.4,36.4,36.4,37.1,37.1,37.9,38.7,America First
2026-07-02,124,-13.98,8.8,91.2,Likely R,-20.91,4.9,-19.74,-20.84,6.86,37.85,50.15,0.0,False,False,,OTH,Brett Lindstrom,0.0,12.0,0.0,33.0,38.0,1,-7.34,0.15,0,0,0,-16.49,-0.48,48.5,0.3,33.9,68.8,47.6,49.1,43.8,43.8,43.1,40.8,37.0,34.7,34.7,35.5,35.5,37.9,34.1,35.7,36.4,41.0,45.5,44.0,47.1,41.7,41.0,41.0,40.2,39.4,38.7,37.9,37.2,37.2,36.4,36.4,36.4,37.2,37.2,37.9,38.7,America First
2026-07-03,123,-13.98,8.8,91.2,Likely R,-20.91,4.9,-19.74,-20.84,6.86,37.85,50.15,0.0,False,False,,OTH,Brett Lindstrom,0.0,12.0,0.0,33.0,38.0,1,-7.34,0.15,0,0,0,-16.49,-0.48,48.5,0.3,33.9,68.8,47.6,49.1,43.8,43.8,43.1,40.8,37.0,34.7,34.7,35.5,35.5,37.9,34.1,35.7,36.4,41.0,45.5,44.0,47.1,41.7,41.0,41.0,40.2,39.4,38.7,37.9,37.2,37.2,36.4,36.4,36.4,37.2,37.2,37.9,38.7,America First
2026-07-04,122,-13.98,8.8,91.2,Likely R,-20.91,4.9,-19.74,-20.84,6.86,37.85,50.15,0.0,False,False,,OTH,Brett Lindstrom,0.0,12.0,0.0,33.0,38.0,1,-7.34,0.15,0,0,0,-16.49,-0.48,48.5,0.4,33.9,68.8,47.6,49.1,43.8,43.8,43.1,40.8,37.0,34.7,34.7,35.5,35.5,37.9,34.1,35.7,36.4,41.0,45.5,44.0,47.1,41.7,41.0,41.0,40.2,39.4,38.7,37.9,37.2,37.2,36.4,36.4,36.4,37.2,37.2,37.9,38.7,America First
2026-07-05,121,-14.03,8.8,91.2,Likely R,-20.91,4.86,-19.78,-20.84,6.81,37.83,50.17,0.0,False,False,,OTH,Brett Lindstrom,0.0,12.0,0.0,33.0,38.0,1,-7.43,0.15,0,0,0,-16.53,-0.48,48.5,0.4,33.9,68.8,47.6,49.1,43.8,43.8,43.0,40.8,37.0,34.7,34.7,35.4,35.4,37.9,34.1,35.6,36.4,41.0,45.5,44.0,47.0,41.7,40.9,40.9,40.2,39.4,38.7,37.9,37.1,37.1,36.4,36.4,36.4,37.1,37.1,37.9,38.7,America First
2026-07-06,120,-14.05,8.7,91.3,Likely R,-20.91,4.84,-19.8,-20.84,6.79,37.82,50.18,0.0,False,False,,OTH,Brett Lindstrom,0.0,12.0,0.0,33.0,38.0,1,-7.47,0.15,0,0,0,-16.55,-0.48,48.6,0.5,33.9,68.8,47.5,49.1,43.7,43.7,43.0,40.7,36.9,34.7,34.7,35.4,35.4,37.9,34.1,35.6,36.4,41.0,45.5,44.0,47.0,41.7,40.9,40.9,40.2,39.4,38.7,37.9,37.1,37.1,36.4,36.4,36.4,37.1,37.1,37.9,38.7,America First
2026-07-07,119,-14.05,8.7,91.3,Likely R,-20.91,4.84,-19.8,-20.84,6.79,37.82,50.18,0.0,False,False,,OTH,Brett Lindstrom,0.0,12.0,0.0,33.0,38.0,1,-7.46,0.15,0,0,0,-16.55,-0.48,48.6,0.6,33.9,68.8,47.5,49.1,43.7,43.7,43.0,40.7,36.9,34.7,34.7,35.4,35.4,37.9,34.1,35.6,36.4,41.0,45.5,44.0,47.0,41.7,40.9,40.9,40.2,39.4,38.7,37.9,37.1,37.1,36.4,36.4,36.4,37.1,37.1,37.9,38.7,America First
2026-07-08,118,-14.04,8.7,91.3,Likely R,-20.91,4.85,-19.79,-20.84,6.8,37.82,50.18,0.0,False,False,,OTH,Brett Lindstrom,0.0,12.0,0.0,33.0,38.0,1,-7.46,0.15,0,0,0,-16.54,-0.48,48.6,0.6,33.9,68.8,47.5,49.1,43.7,43.7,43.0,40.7,36.9,34.7,34.7,35.4,35.4,37.9,34.1,35.6,36.4,41.0,45.5,44.0,47.0,41.7,40.9,40.9,40.2,39.4,38.7,37.9,37.1,37.1,36.4,36.4,36.4,37.1,37.1,37.9,38.7,America First
2026-07-09,117,-14.04,8.7,91.3,Likely R,-20.91,4.85,-19.79,-20.84,6.8,37.82,50.18,0.0,False,False,,OTH,Brett Lindstrom,0.0,12.0,0.0,33.0,38.0,1,-7.46,0.15,0,0,0,-16.54,-0.48,48.6,0.6,33.9,68.8,47.5,49.1,43.7,43.7,43.0,40.7,36.9,34.7,34.7,35.4,35.4,37.9,34.1,35.6,36.4,41.0,45.5,44.0,47.0,41.7,40.9,40.9,40.2,39.4,38.7,37.9,37.1,37.1,36.4,36.4,36.4,37.1,37.1,37.9,38.7,America First
2026-07-10,116,-14.04,8.7,91.3,Likely R,-20.91,4.85,-19.79,-20.84,6.8,37.82,50.18,0.0,False,False,,OTH,Brett Lindstrom,0.0,12.0,0.0,33.0,38.0,1,-7.48,0.15,0,0,0,-16.54,-0.48,48.6,0.6,33.9,68.8,47.5,49.1,43.7,43.7,43.0,40.7,36.9,34.7,34.7,35.4,35.4,37.9,34.1,35.6,36.4,41.0,45.5,44.0,47.0,41.7,40.9,40.9,40.2,39.4,38.7,37.9,37.1,37.1,36.4,36.4,36.4,37.1,37.1,37.9,38.7,America First
2026-07-11,115,-14.04,8.7,91.3,Likely R,-20.91,4.85,-19.79,-20.84,6.8,37.82,50.18,0.0,False,False,,OTH,Brett Lindstrom,0.0,12.0,0.0,33.0,38.0,1,-7.48,0.15,0,0,0,-16.54,-0.48,48.6,0.6,33.9,68.8,47.5,49.1,43.7,43.7,43.0,40.7,36.9,34.7,34.7,35.4,35.4,37.9,34.1,35.6,36.4,41.0,45.5,44.0,47.0,41.7,40.9,40.9,40.2,39.4,38.7,37.9,37.1,37.1,36.4,36.4,36.4,37.1,37.1,37.9,38.7,America First
2026-07-12,114,-14.1,8.6,91.4,Likely R,-20.91,4.8,-19.84,-20.84,6.74,37.8,50.2,0.0,False,False,,OTH,Brett Lindstrom,0.0,12.0,0.0,33.0,38.0,1,-7.58,0.15,0,0,0,-16.59,-0.48,48.5,0.2,33.9,68.8,47.5,49.0,43.7,43.7,43.0,40.7,36.9,34.7,34.7,35.4,35.4,37.9,34.1,35.6,36.4,40.9,45.5,44.0,47.0,41.7,40.9,40.9,40.2,39.4,38.6,37.9,37.1,37.1,36.4,36.4,36.4,37.1,37.1,37.9,38.6,America First
2026-07-13,113,-14.14,8.6,91.4,Likely R,-20.91,4.76,-19.88,-20.84,6.7,37.78,50.22,0.0,False,False,,OTH,Brett Lindstrom,0.0,12.0,0.0,33.0,38.0,1,-7.65,0.15,0,0,0,-16.63,-0.48,48.6,0.3,33.8,68.8,47.5,49.0,43.7,43.7,43.0,40.7,36.9,34.6,34.6,35.4,35.4,37.9,34.1,35.6,36.4,40.9,45.5,43.9,47.0,41.7,40.9,40.9,40.1,39.4,38.6,37.9,37.1,37.1,36.3,36.3,36.3,37.1,37.1,37.9,38.6,America First
2026-07-14,112,-14.15,8.6,91.4,Likely R,-20.91,4.76,-19.88,-20.84,6.69,37.78,50.22,0.0,False,False,,OTH,Brett Lindstrom,0.0,12.0,0.0,33.0,38.0,1,-7.66,0.15,0,0,0,-16.63,-0.48,48.6,0.3,33.8,68.8,47.5,49.0,43.7,43.7,43.0,40.7,36.9,34.6,34.6,35.4,35.4,37.9,34.1,35.6,36.4,40.9,45.5,43.9,47.0,41.7,40.9,40.9,40.1,39.4,38.6,37.9,37.1,37.1,36.3,36.3,36.3,37.1,37.1,37.9,38.6,America First
2026-07-15,111,-14.14,8.6,91.4,Likely R,-20.91,4.77,-19.87,-20.84,6.7,37.78,50.22,0.0,False,False,,OTH,Brett Lindstrom,0.0,12.0,0.0,33.0,38.0,1,-7.66,0.15,0,0,0,-16.62,-0.48,48.6,0.3,33.8,68.8,47.5,49.0,43.7,43.7,43.0,40.7,36.9,34.6,34.6,35.4,35.4,37.9,34.1,35.6,36.4,40.9,45.5,43.9,47.0,41.7,40.9,40.9,40.1,39.4,38.6,37.9,37.1,37.1,36.3,36.3,36.3,37.1,37.1,37.9,38.6,America First
2026-07-16,110,-14.14,8.6,91.4,Likely R,-20.91,4.77,-19.87,-20.84,6.7,37.78,50.22,0.0,False,False,,OTH,Brett Lindstrom,0.0,12.0,0.0,33.0,38.0,1,-7.66,0.15,0,0,0,-16.62,-0.48,48.6,0.3,33.8,68.8,47.5,49.0,43.7,43.7,43.0,40.7,36.9,34.6,34.6,35.4,35.4,37.9,34.1,35.6,36.4,40.9,45.5,43.9,47.0,41.7,40.9,40.9,40.1,39.4,38.6,37.9,37.1,37.1,36.3,36.3,36.3,37.1,37.1,37.9,38.6,America First
2026-07-17,109,-14.08,8.6,91.4,Likely R,-20.91,4.82,-19.82,-20.84,6.76,37.8,50.2,0.0,False,False,,OTH,Brett Lindstrom,0.0,12.0,0.0,33.0,38.0,1,-7.58,0.15,0,0,0,-16.57,-0.48,48.5,0.3,33.9,68.8,47.5,49.0,43.7,43.7,43.0,40.7,36.9,34.7,34.7,35.4,35.4,37.9,34.1,35.6,36.4,40.9,45.5,44.0,47.0,41.7,40.9,40.9,40.2,39.4,38.6,37.9,37.1,37.1,36.4,36.4,36.4,37.1,37.1,37.9,38.6,America First
2026-07-18,108,-14.07,8.6,91.4,Likely R,-20.91,4.83,-19.81,-20.84,6.77,37.81,50.19,0.0,False,False,,OTH,Brett Lindstrom,0.0,12.0,0.0,33.0,38.0,1,-7.58,0.15,0,0,0,-16.56,-0.48,48.5,0.3,33.9,68.8,47.5,49.1,43.7,43.7,43.0,40.7,36.9,34.7,34.7,35.4,35.4,37.9,34.1,35.6,36.4,40.9,45.5,44.0,47.0,41.7,40.9,40.9,40.2,39.4,38.6,37.9,37.1,37.1,36.4,36.4,36.4,37.1,37.1,37.9,38.6,America First
2026-07-19,107,-14.13,8.6,91.4,Likely R,-20.91,4.78,-19.86,-20.84,6.71,37.78,50.22,0.0,False,False,,OTH,Brett Lindstrom,0.0,12.0,0.0,33.0,38.0,1,-7.66,0.15,0,0,0,-16.61,-0.48,48.6,0.4,33.8,68.8,47.5,49.0,43.7,43.7,43.0,40.7,36.9,34.6,34.6,35.4,35.4,37.9,34.1,35.6,36.4,40.9,45.5,43.9,47.0,41.7,40.9,40.9,40.1,39.4,38.6,37.9,37.1,37.1,36.3,36.3,36.3,37.1,37.1,37.9,38.6,America First
2026-07-20,106,-13.89,8.9,91.1,Likely R,-20.91,5.0,-19.64,-20.84,6.95,37.89,50.11,0.0,False,False,,OTH,Brett Lindstrom,0.0,12.0,0.0,33.0,38.0,1,-7.3,0.15,0,0,0,-16.39,-0.48,48.5,0.2,33.9,68.9,47.6,49.1,43.8,43.8,43.1,40.8,37.0,34.7,34.7,35.5,35.5,38.0,34.2,35.7,36.5,41.0,45.6,44.1,47.1,41.8,41.0,41.0,40.2,39.5,38.7,38.0,37.2,37.2,36.4,36.4,36.4,37.2,37.2,38.0,38.7,America First
2026-07-21,105,-13.88,8.9,91.1,Likely R,-20.91,5.01,-19.63,-20.84,6.96,37.89,50.11,0.0,False,False,,OTH,Brett Lindstrom,0.0,12.0,0.0,33.0,38.0,1,-7.3,0.15,0,0,0,-16.38,-0.48,48.5,0.2,33.9,68.9,47.6,49.1,43.8,43.8,43.1,40.8,37.0,34.7,34.7,35.5,35.5,38.0,34.2,35.7,36.5,41.0,45.6,44.1,47.1,41.8,41.0,41.0,40.2,39.5,38.7,38.0,37.2,37.2,36.4,36.4,36.4,37.2,37.2,38.0,38.7,America First
2026-07-22,104,-13.86,9.0,91.0,Likely R,-20.91,5.03,-19.61,-20.84,6.98,37.9,50.1,0.0,False,False,,OTH,Brett Lindstrom,0.0,12.0,0.0,33.0,38.0,1,-7.26,0.15,0,0,0,-16.36,-0.48,48.5,0.3,34.0,68.9,47.6,49.1,43.8,43.8,43.1,40.8,37.0,34.7,34.7,35.5,35.5,38.0,34.2,35.7,36.5,41.0,45.6,44.1,47.1,41.8,41.0,41.0,40.3,39.5,38.7,38.0,37.2,37.2,36.5,36.5,36.5,37.2,37.2,38.0,38.7,America First
2026-07-23,103,-13.86,9.0,91.0,Likely R,-20.91,5.03,-19.61,-20.84,6.98,37.9,50.1,0.0,False,False,,OTH,Brett Lindstrom,0.0,12.0,0.0,33.0,38.0,1,-7.26,0.15,0,0,0,-16.36,-0.48,48.5,0.3,34.0,68.9,47.6,49.1,43.8,43.8,43.1,40.8,37.0,34.7,34.7,35.5,35.5,38.0,34.2,35.7,36.5,41.0,45.6,44.1,47.1,41.8,41.0,41.0,40.3,39.5,38.7,38.0,37.2,37.2,36.5,36.5,36.5,37.2,37.2,38.0,38.7,America First
2026-07-24,102,-13.82,9.0,91.0,Likely R,-20.91,5.07,-19.57,-20.84,7.03,37.92,50.08,0.0,False,False,,OTH,Brett Lindstrom,0.0,12.0,0.0,33.0,38.0,1,-7.21,0.15,0,0,0,-16.32,-0.48,48.5,0.2,34.0,68.9,47.6,49.2,43.9,43.9,43.1,40.8,37.0,34.8,34.8,35.5,35.5,38.0,34.2,35.7,36.5,41.1,45.6,44.1,47.1,41.8,41.0,41.0,40.3,39.5,38.8,38.0,37.2,37.2,36.5,36.5,36.5,37.2,37.2,38.0,38.8,America First
2026-07-25,101,-13.82,9.0,91.0,Likely R,-20.91,5.07,-19.57,-20.84,7.03,37.92,50.08,0.0,False,False,,OTH,Brett Lindstrom,0.0,12.0,0.0,33.0,38.0,1,-7.21,0.15,0,0,0,-16.32,-0.48,48.5,0.2,34.0,68.9,47.6,49.2,43.9,43.9,43.1,40.8,37.0,34.8,34.8,35.5,35.5,38.0,34.2,35.7,36.5,41.1,45.6,44.1,47.1,41.8,41.0,41.0,40.3,39.5,38.8,38.0,37.2,37.2,36.5,36.5,36.5,37.2,37.2,38.0,38.8,America First
2026-07-26,100,-13.86,8.9,91.1,Likely R,-20.91,5.03,-19.61,-20.84,6.98,37.9,50.1,0.0,False,False,,OTH,Brett Lindstrom,0.0,12.0,0.0,33.0,38.0,1,-7.3,0.15,0,0,0,-16.36,-0.48,48.5,0.1,34.0,68.9,47.6,49.1,43.8,43.8,43.1,40.8,37.0,34.7,34.7,35.5,35.5,38.0,34.2,35.7,36.5,41.0,45.6,44.1,47.1,41.8,41.0,41.0,40.3,39.5,38.7,38.0,37.2,37.2,36.5,36.5,36.5,37.2,37.2,38.0,38.7,America First
2026-07-27,99,-13.76,9.1,90.9,Likely R,-20.91,5.13,-19.51,-20.84,7.08,37.95,50.05,0.0,False,False,,OTH,Brett Lindstrom,0.0,12.0,0.0,33.0,38.0,1,-7.18,0.15,0,0,0,-16.26,-0.48,48.0,-0.8,34.0,69.0,47.7,49.2,43.9,43.9,43.2,40.9,37.1,34.8,34.8,35.6,35.6,38.0,34.2,35.8,36.5,41.1,45.6,44.1,47.2,41.8,41.1,41.1,40.3,39.5,38.8,38.0,37.3,37.3,36.5,36.5,36.5,37.3,37.3,38.0,38.8,America First
2026-07-28,98,-13.76,9.1,90.9,Likely R,-20.91,5.13,-19.51,-20.84,7.08,37.95,50.05,0.0,False,False,,OTH,Brett Lindstrom,0.0,12.0,0.0,33.0,38.0,1,-7.18,0.15,0,0,0,-16.26,-0.48,48.0,-0.8,34.0,69.0,47.7,49.2,43.9,43.9,43.2,40.9,37.1,34.8,34.8,35.6,35.6,38.0,34.2,35.8,36.5,41.1,45.6,44.1,47.2,41.8,41.1,41.1,40.3,39.5,38.8,38.0,37.3,37.3,36.5,36.5,36.5,37.3,37.3,38.0,38.8,America First
2026-07-29,97,-13.79,9.0,91.0,Likely R,-20.91,5.1,-19.54,-20.84,7.05,37.93,50.07,0.0,False,False,,OTH,Brett Lindstrom,0.0,12.0,0.0,33.0,38.0,1,-7.23,0.15,0,0,0,-16.29,-0.48,48.1,-0.7,34.0,68.9,47.7,49.2,43.9,43.9,43.1,40.9,37.1,34.8,34.8,35.5,35.5,38.0,34.2,35.7,36.5,41.1,45.6,44.1,47.1,41.8,41.0,41.0,40.3,39.5,38.8,38.0,37.2,37.2,36.5,36.5,36.5,37.2,37.2,38.0,38.8,America First
2026-07-30,96,-13.78,9.1,90.9,Likely R,-20.91,5.11,-19.53,-20.84,7.06,37.93,50.07,0.0,False,False,,OTH,Brett Lindstrom,0.0,12.0,0.0,33.0,38.0,1,-7.23,0.15,0,0,0,-16.28,-0.48,48.1,-0.7,34.0,68.9,47.7,49.2,43.9,43.9,43.1,40.9,37.1,34.8,34.8,35.5,35.5,38.0,34.2,35.7,36.5,41.1,45.6,44.1,47.1,41.8,41.0,41.0,40.3,39.5,38.8,38.0,37.2,37.2,36.5,36.5,36.5,37.2,37.2,38.0,38.8,America First
2026-07-31,95,-13.78,9.0,91.0,Likely R,-20.91,5.11,-19.53,-20.84,7.06,37.93,50.07,0.0,False,False,,OTH,Brett Lindstrom,0.0,12.0,0.0,33.0,38.0,1,-7.23,0.15,0,0,0,-16.28,-0.48,48.1,-0.7,34.0,68.9,47.7,49.2,43.9,43.9,43.1,40.9,37.1,34.8,34.8,35.5,35.5,38.0,34.2,35.7,36.5,41.1,45.6,44.1,47.1,41.8,41.0,41.0,40.3,39.5,38.8,38.0,37.2,37.2,36.5,36.5,36.5,37.2,37.2,38.0,38.8,America First
2026-08-01,94,-13.97,8.7,91.3,Likely R,-20.91,4.89,-19.75,-20.84,6.87,37.85,50.15,0.0,False,False,,OTH,Brett Lindstrom,0.0,12.0,0.0,33.0,38.0,1,-7.23,0.15,0,0,0,-16.5,-0.48,48.1,-0.7,33.9,68.8,47.6,49.1,43.8,43.8,43.1,40.8,37.0,34.7,34.7,35.5,35.5,37.9,34.1,35.7,36.4,41.0,45.5,44.0,47.1,41.7,41.0,41.0,40.2,39.4,38.7,37.9,37.2,37.2,36.4,36.4,36.4,37.2,37.2,37.9,38.7,America First
2026-08-02,93,-13.99,8.7,91.3,Likely R,-20.91,4.87,-19.77,-20.84,6.85,37.84,50.16,0.0,False,False,,OTH,Brett Lindstrom,0.0,12.0,0.0,33.0,38.0,1,-7.27,0.15,0,0,0,-16.52,-0.48,48.2,-0.5,33.9,68.8,47.6,49.1,43.8,43.8,43.0,40.8,37.0,34.7,34.7,35.4,35.4,37.9,34.1,35.7,36.4,41.0,45.5,44.0,47.0,41.7,41.0,41.0,40.2,39.4,38.7,37.9,37.2,37.2,36.4,36.4,36.4,37.2,37.2,37.9,38.7,America First
2026-08-03,92,-13.96,8.8,91.2,Likely R,-20.91,4.9,-19.74,-20.84,6.88,37.86,50.14,0.0,False,False,,OTH,Brett Lindstrom,0.0,12.0,0.0,33.0,38.0,1,-7.24,0.15,0,0,0,-16.49,-0.48,48.1,-0.7,33.9,68.8,47.6,49.1,43.8,43.8,43.1,40.8,37.0,34.7,34.7,35.5,35.5,38.0,34.2,35.7,36.4,41.0,45.5,44.0,47.1,41.7,41.0,41.0,40.2,39.5,38.7,37.9,37.2,37.2,36.4,36.4,36.4,37.2,37.2,37.9,38.7,America First
2026-08-04,91,-13.96,8.8,91.2,Likely R,-20.91,4.91,-19.73,-20.84,6.88,37.86,50.14,0.0,False,False,,OTH,Brett Lindstrom,0.0,12.0,0.0,33.0,38.0,1,-7.24,0.15,0,0,0,-16.48,-0.48,48.1,-0.7,33.9,68.8,47.6,49.1,43.8,43.8,43.1,40.8,37.0,34.7,34.7,35.5,35.5,38.0,34.2,35.7,36.4,41.0,45.5,44.0,47.1,41.7,41.0,41.0,40.2,39.5,38.7,37.9,37.2,37.2,36.4,36.4,36.4,37.2,37.2,37.9,38.7,America First
2026-08-05,90,-13.93,8.8,91.2,Likely R,-20.91,4.94,-19.7,-20.84,6.91,37.87,50.13,0.0,False,False,,OTH,Brett Lindstrom,0.0,12.0,0.0,33.0,38.0,1,-7.21,0.15,0,0,0,-16.45,-0.48,48.1,-0.7,33.9,68.9,47.6,49.1,43.8,43.8,43.1,40.8,37.0,34.7,34.7,35.5,35.5,38.0,34.2,35.7,36.4,41.0,45.6,44.0,47.1,41.7,41.0,41.0,40.2,39.5,38.7,37.9,37.2,37.2,36.4,36.4,36.4,37.2,37.2,37.9,38.7,America First
2026-08-06,89,-13.92,8.8,91.2,Likely R,-20.91,4.95,-19.69,-20.84,6.92,37.88,50.12,0.0,False,False,,OTH,Brett Lindstrom,0.0,12.0,0.0,33.0,38.0,1,-7.21,0.15,0,0,0,-16.44,-0.48,48.1,-0.7,33.9,68.9,47.6,49.1,43.8,43.8,43.1,40.8,37.0,34.7,34.7,35.5,35.5,38.0,34.2,35.7,36.5,41.0,45.6,44.1,47.1,41.8,41.0,41.0,40.2,39.5,38.7,38.0,37.2,37.2,36.4,36.4,36.4,37.2,37.2,38.0,38.7,America First
2026-08-07,88,-13.9,8.8,91.2,Likely R,-20.91,4.97,-19.67,-20.84,6.94,37.89,50.11,0.0,False,False,,OTH,Brett Lindstrom,0.0,12.0,0.0,33.0,38.0,1,-7.19,0.15,0,0,0,-16.42,-0.48,48.1,-0.7,33.9,68.9,47.6,49.1,43.8,43.8,43.1,40.8,37.0,34.7,34.7,35.5,35.5,38.0,34.2,35.7,36.5,41.0,45.6,44.1,47.1,41.8,41.0,41.0,40.2,39.5,38.7,38.0,37.2,37.2,36.4,36.4,36.4,37.2,37.2,38.0,38.7,America First
2026-08-08,87,-13.9,8.8,91.2,Likely R,-20.91,4.97,-19.67,-20.84,6.94,37.89,50.11,0.0,False,False,,OTH,Brett Lindstrom,0.0,12.0,0.0,33.0,38.0,1,-7.19,0.15,0,0,0,-16.42,-0.48,48.1,-0.7,33.9,68.9,47.6,49.1,43.8,43.8,43.1,40.8,37.0,34.7,34.7,35.5,35.5,38.0,34.2,35.7,36.5,41.0,45.6,44.1,47.1,41.8,41.0,41.0,40.2,39.5,38.7,38.0,37.2,37.2,36.4,36.4,36.4,37.2,37.2,38.0,38.7,America First
2026-08-09,86,-13.92,8.8,91.2,Likely R,-20.91,4.95,-19.69,-20.84,6.92,37.87,50.13,0.0,False,False,,OTH,Brett Lindstrom,0.0,12.0,0.0,33.0,38.0,1,-7.24,0.15,0,0,0,-16.44,-0.48,48.1,-0.7,33.9,68.9,47.6,49.1,43.8,43.8,43.1,40.8,37.0,34.7,34.7,35.5,35.5,38.0,34.2,35.7,36.4,41.0,45.6,44.0,47.1,41.7,41.0,41.0,40.2,39.5,38.7,37.9,37.2,37.2,36.4,36.4,36.4,37.2,37.2,37.9,38.7,America First
2026-08-10,85,-13.88,8.8,91.2,Likely R,-20.91,4.99,-19.65,-20.84,6.96,37.89,50.11,0.0,False,False,,OTH,Brett Lindstrom,0.0,12.0,0.0,33.0,38.0,1,-7.2,0.15,0,0,0,-16.4,-0.48,48.1,-0.7,33.9,68.9,47.6,49.1,43.8,43.8,43.1,40.8,37.0,34.7,34.7,35.5,35.5,38.0,34.2,35.7,36.5,41.0,45.6,44.1,47.1,41.8,41.0,41.0,40.2,39.5,38.7,38.0,37.2,37.2,36.4,36.4,36.4,37.2,37.2,38.0,38.7,America First
2026-08-11,84,-13.84,8.9,91.1,Likely R,-20.91,5.03,-19.61,-20.84,7.0,37.91,50.09,0.0,False,False,,OTH,Brett Lindstrom,0.0,12.0,0.0,33.0,38.0,1,-7.14,0.15,0,0,0,-16.36,-0.48,48.1,-0.7,34.0,68.9,47.6,49.2,43.8,43.8,43.1,40.8,37.0,34.8,34.8,35.5,35.5,38.0,34.2,35.7,36.5,41.0,45.6,44.1,47.1,41.8,41.0,41.0,40.3,39.5,38.7,38.0,37.2,37.2,36.5,36.5,36.5,37.2,37.2,38.0,38.7,America First
2026-08-12,83,-13.83,8.9,91.1,Likely R,-20.91,5.04,-19.6,-20.84,7.01,37.91,50.09,0.0,False,False,,OTH,Brett Lindstrom,0.0,12.0,0.0,33.0,38.0,1,-7.14,0.15,0,0,0,-16.35,-0.48,48.1,-0.7,34.0,68.9,47.6,49.2,43.8,43.8,43.1,40.8,37.0,34.8,34.8,35.5,35.5,38.0,34.2,35.7,36.5,41.0,45.6,44.1,47.1,41.8,41.0,41.0,40.3,39.5,38.7,38.0,37.2,37.2,36.5,36.5,36.5,37.2,37.2,38.0,38.7,America First
2026-08-13,82,-13.84,8.9,91.1,Likely R,-20.91,5.03,-19.61,-20.84,7.0,37.91,50.09,0.0,False,False,,OTH,Brett Lindstrom,0.0,12.0,0.0,33.0,38.0,1,-7.17,0.15,0,0,0,-16.36,-0.48,48.1,-0.7,34.0,68.9,47.6,49.2,43.8,43.8,43.1,40.8,37.0,34.8,34.8,35.5,35.5,38.0,34.2,35.7,36.5,41.0,45.6,44.1,47.1,41.8,41.0,41.0,40.3,39.5,38.7,38.0,37.2,37.2,36.5,36.5,36.5,37.2,37.2,38.0,38.7,America First
2026-08-14,81,-13.83,8.9,91.1,Likely R,-20.91,5.04,-19.6,-20.84,7.01,37.91,50.09,0.0,False,False,,OTH,Brett Lindstrom,0.0,12.0,0.0,33.0,38.0,1,-7.17,0.15,0,0,0,-16.35,-0.48,48.1,-0.7,34.0,68.9,47.6,49.2,43.8,43.8,43.1,40.8,37.0,34.8,34.8,35.5,35.5,38.0,34.2,35.7,36.5,41.0,45.6,44.1,47.1,41.8,41.0,41.0,40.3,39.5,38.7,38.0,37.2,37.2,36.5,36.5,36.5,37.2,37.2,38.0,38.7,America First
2026-08-15,80,-13.83,8.9,91.1,Likely R,-20.91,5.05,-19.59,-20.84,7.01,37.92,50.08,0.0,False,False,,OTH,Brett Lindstrom,0.0,12.0,0.0,33.0,38.0,1,-7.17,0.15,0,0,0,-16.34,-0.48,48.1,-0.7,34.0,68.9,47.6,49.2,43.9,43.9,43.1,40.8,37.0,34.8,34.8,35.5,35.5,38.0,34.2,35.7,36.5,41.1,45.6,44.1,47.1,41.8,41.0,41.0,40.3,39.5,38.8,38.0,37.2,37.2,36.5,36.5,36.5,37.2,37.2,38.0,38.8,America First
2026-08-16,79,-13.88,8.8,91.2,Likely R,-20.91,5.0,-19.64,-20.84,6.96,37.89,50.11,0.0,False,False,,OTH,Brett Lindstrom,0.0,12.0,0.0,33.0,38.0,1,-7.24,0.15,0,0,0,-16.39,-0.48,48.2,-0.5,33.9,68.9,47.6,49.1,43.8,43.8,43.1,40.8,37.0,34.7,34.7,35.5,35.5,38.0,34.2,35.7,36.5,41.0,45.6,44.1,47.1,41.8,41.0,41.0,40.2,39.5,38.7,38.0,37.2,37.2,36.4,36.4,36.4,37.2,37.2,38.0,38.7,America First
2026-08-17,78,-13.79,8.9,91.1,Likely R,-20.91,5.08,-19.56,-20.84,7.05,37.93,50.07,0.0,False,False,,OTH,Brett Lindstrom,0.0,12.0,0.0,33.0,38.0,1,-7.13,0.15,0,0,0,-16.31,-0.48,48.1,-0.5,34.0,68.9,47.7,49.2,43.9,43.9,43.1,40.9,37.1,34.8,34.8,35.5,35.5,38.0,34.2,35.7,36.5,41.1,45.6,44.1,47.1,41.8,41.0,41.0,40.3,39.5,38.8,38.0,37.2,37.2,36.5,36.5,36.5,37.2,37.2,38.0,38.8,America First
2026-08-18,77,-13.79,8.9,91.1,Likely R,-20.91,5.09,-19.55,-20.84,7.05,37.93,50.07,0.0,False,False,,OTH,Brett Lindstrom,0.0,12.0,0.0,33.0,38.0,1,-7.13,0.15,0,0,0,-16.3,-0.48,48.1,-0.5,34.0,68.9,47.7,49.2,43.9,43.9,43.1,40.9,37.1,34.8,34.8,35.5,35.5,38.0,34.2,35.7,36.5,41.1,45.6,44.1,47.1,41.8,41.0,41.0,40.3,39.5,38.8,38.0,37.2,37.2,36.5,36.5,36.5,37.2,37.2,38.0,38.8,America First
2026-08-19,76,-13.76,9.0,91.0,Likely R,-20.91,5.12,-19.52,-20.84,7.08,37.95,50.05,0.0,False,False,,OTH,Brett Lindstrom,0.0,12.0,0.0,33.0,38.0,1,-7.11,0.15,0,0,0,-16.27,-0.48,48.0,-0.7,34.0,69.0,47.7,49.2,43.9,43.9,43.2,40.9,37.1,34.8,34.8,35.6,35.6,38.0,34.2,35.8,36.5,41.1,45.6,44.1,47.2,41.8,41.1,41.1,40.3,39.5,38.8,38.0,37.3,37.3,36.5,36.5,36.5,37.3,37.3,38.0,38.8,America First
2026-08-20,75,-13.76,9.0,91.0,Likely R,-20.91,5.12,-19.52,-20.84,7.08,37.95,50.05,0.0,False,False,,OTH,Brett Lindstrom,0.0,12.0,0.0,33.0,38.0,1,-7.11,0.15,0,0,0,-16.27,-0.48,48.0,-0.7,34.0,69.0,47.7,49.2,43.9,43.9,43.2,40.9,37.1,34.8,34.8,35.6,35.6,38.0,34.2,35.8,36.5,41.1,45.6,44.1,47.2,41.8,41.1,41.1,40.3,39.5,38.8,38.0,37.3,37.3,36.5,36.5,36.5,37.3,37.3,38.0,38.8,America First
2026-08-21,74,-13.75,9.0,91.0,Likely R,-20.91,5.13,-19.51,-20.84,7.09,37.95,50.05,0.0,False,False,,OTH,Brett Lindstrom,0.0,12.0,0.0,33.0,38.0,1,-7.11,0.15,0,0,0,-16.26,-0.48,48.0,-0.7,34.0,69.0,47.7,49.2,43.9,43.9,43.2,40.9,37.1,34.8,34.8,35.6,35.6,38.0,34.2,35.8,36.5,41.1,45.6,44.1,47.2,41.8,41.1,41.1,40.3,39.5,38.8,38.0,37.3,37.3,36.5,36.5,36.5,37.3,37.3,38.0,38.8,America First
2026-08-22,73,-13.74,9.0,91.0,Likely R,-20.91,5.14,-19.5,-20.84,7.1,37.95,50.05,0.0,False,False,,OTH,Brett Lindstrom,0.0,12.0,0.0,33.0,38.0,1,-7.11,0.15,0,0,0,-16.25,-0.48,48.0,-0.7,34.0,69.0,47.7,49.2,43.9,43.9,43.2,40.9,37.1,34.8,34.8,35.6,35.6,38.0,34.2,35.8,36.5,41.1,45.6,44.1,47.2,41.8,41.1,41.1,40.3,39.5,38.8,38.0,37.3,37.3,36.5,36.5,36.5,37.3,37.3,38.0,38.8,America First
2026-08-23,72,-13.73,9.0,91.0,Likely R,-20.91,5.15,-19.49,-20.84,7.11,37.96,50.04,0.0,False,False,,OTH,Brett Lindstrom,0.0,12.0,0.0,33.0,38.0,1,-7.11,0.15,0,0,0,-16.24,-0.48,48.0,-0.7,34.0,69.0,47.7,49.2,43.9,43.9,43.2,40.9,37.1,34.8,34.8,35.6,35.6,38.1,34.3,35.8,36.5,41.1,45.7,44.1,47.2,41.8,41.1,41.1,40.3,39.6,38.8,38.0,37.3,37.3,36.5,36.5,36.5,37.3,37.3,38.0,38.8,America First
2026-08-24,71,-13.71,9.0,91.0,Likely R,-20.91,5.17,-19.47,-20.84,7.13,37.97,50.03,0.0,False,False,,OTH,Brett Lindstrom,0.0,12.0,0.0,33.0,38.0,1,-7.09,0.15,0,0,0,-16.22,-0.48,48.0,-0.8,34.0,69.0,47.7,49.2,43.9,43.9,43.2,40.9,37.1,34.8,34.8,35.6,35.6,38.1,34.3,35.8,36.5,41.1,45.7,44.1,47.2,41.8,41.1,41.1,40.3,39.6,38.8,38.0,37.3,37.3,36.5,36.5,36.5,37.3,37.3,38.0,38.8,America First
2026-08-25,70,-13.7,9.0,91.0,Likely R,-20.91,5.18,-19.46,-20.84,7.14,37.97,50.03,0.0,False,False,,OTH,Brett Lindstrom,0.0,12.0,0.0,33.0,38.0,1,-7.09,0.15,0,0,0,-16.21,-0.48,48.0,-0.7,34.0,69.0,47.7,49.2,43.9,43.9,43.2,40.9,37.1,34.8,34.8,35.6,35.6,38.1,34.3,35.8,36.5,41.1,45.7,44.1,47.2,41.8,41.1,41.1,40.3,39.6,38.8,38.0,37.3,37.3,36.5,36.5,36.5,37.3,37.3,38.0,38.8,America First
2026-08-26,69,-13.64,9.1,90.9,Likely R,-20.91,5.24,-19.4,-20.84,7.2,38.0,50.0,0.0,False,False,,OTH,Brett Lindstrom,0.0,12.0,0.0,33.0,38.0,1,-7.03,0.15,0,0,0,-16.15,-0.48,47.9,-1.1,34.1,69.0,47.7,49.3,43.9,43.9,43.2,40.9,37.1,34.8,34.8,35.6,35.6,38.1,34.3,35.8,36.6,41.1,45.7,44.2,47.2,41.9,41.1,41.1,40.4,39.6,38.8,38.1,37.3,37.3,36.6,36.6,36.6,37.3,37.3,38.1,38.8,America First
2026-08-27,68,-13.64,9.1,90.9,Likely R,-20.91,5.24,-19.4,-20.84,7.2,38.0,50.0,0.0,False,False,,OTH,Brett Lindstrom,0.0,12.0,0.0,33.0,38.0,1,-7.03,0.15,0,0,0,-16.15,-0.48,47.9,-1.1,34.1,69.0,47.7,49.3,43.9,43.9,43.2,40.9,37.1,34.8,34.8,35.6,35.6,38.1,34.3,35.8,36.6,41.1,45.7,44.2,47.2,41.9,41.1,41.1,40.4,39.6,38.8,38.1,37.3,37.3,36.6,36.6,36.6,37.3,37.3,38.1,38.8,America First
2026-08-28,67,-13.63,9.1,90.9,Likely R,-20.91,5.26,-19.38,-20.84,7.22,38.0,50.0,0.0,False,False,,OTH,Brett Lindstrom,0.0,12.0,0.0,33.0,38.0,1,-7.02,0.15,0,0,0,-16.13,-0.48,47.9,-1.0,34.1,69.0,47.7,49.3,43.9,43.9,43.2,40.9,37.1,34.8,34.8,35.6,35.6,38.1,34.3,35.8,36.6,41.1,45.7,44.2,47.2,41.9,41.1,41.1,40.4,39.6,38.8,38.1,37.3,37.3,36.6,36.6,36.6,37.3,37.3,38.1,38.8,America First
2026-08-29,66,-13.62,9.1,90.9,Likely R,-20.91,5.27,-19.37,-20.84,7.22,38.01,49.99,0.0,False,False,,OTH,Brett Lindstrom,0.0,12.0,0.0,33.0,38.0,1,-7.02,0.15,0,0,0,-16.12,-0.48,47.9,-1.0,34.1,69.0,47.7,49.3,43.9,43.9,43.2,40.9,37.1,34.9,34.9,35.6,35.6,38.1,34.3,35.8,36.6,41.1,45.7,44.2,47.2,41.9,41.1,41.1,40.4,39.6,38.8,38.1,37.3,37.3,36.6,36.6,36.6,37.3,37.3,38.1,38.8,America First
2026-08-30,65,-13.7,8.9,91.1,Likely R,-20.91,5.19,-19.45,-20.84,7.14,37.97,50.03,0.0,False,False,,OTH,Brett Lindstrom,0.0,12.0,0.0,33.0,38.0,1,-7.14,0.15,0,0,0,-16.2,-0.48,48.0,-0.7,34.0,69.0,47.7,49.2,43.9,43.9,43.2,40.9,37.1,34.8,34.8,35.6,35.6,38.1,34.3,35.8,36.5,41.1,45.7,44.1,47.2,41.8,41.1,41.1,40.3,39.6,38.8,38.0,37.3,37.3,36.5,36.5,36.5,37.3,37.3,38.0,38.8,America First
2026-08-31,64,-13.68,8.9,91.1,Likely R,-20.91,5.21,-19.43,-20.84,7.16,37.98,50.02,0.0,False,False,,OTH,Brett Lindstrom,0.0,12.0,0.0,33.0,38.0,1,-7.12,0.15,0,0,0,-16.18,-0.48,47.9,-1.0,34.0,69.0,47.7,49.2,43.9,43.9,43.2,40.9,37.1,34.8,34.8,35.6,35.6,38.1,34.3,35.8,36.6,41.1,45.7,44.2,47.2,41.9,41.1,41.1,40.3,39.6,38.8,38.1,37.3,37.3,36.5,36.5,36.5,37.3,37.3,38.1,38.8,America First
2026-09-01,63,-13.64,9.0,91.0,Likely R,-20.91,5.25,-19.39,-20.84,7.2,38.0,50.0,0.0,False,False,,OTH,Brett Lindstrom,0.0,12.0,0.0,33.0,38.0,1,-7.08,0.15,0,0,0,-16.14,-0.48,47.9,-1.0,34.1,69.0,47.7,49.3,43.9,43.9,43.2,40.9,37.1,34.8,34.8,35.6,35.6,38.1,34.3,35.8,36.6,41.1,45.7,44.2,47.2,41.9,41.1,41.1,40.4,39.6,38.8,38.1,37.3,37.3,36.6,36.6,36.6,37.3,37.3,38.1,38.8,America First
2026-09-02,62,-12.58,10.7,89.3,Likely R,-20.91,5.29,-19.35,-20.84,8.26,39.31,50.62,0.0,False,False,,OTH,Brett Lindstrom,0.0,10.07,0.0,31.07,32.21,2,-4.11,0.229,0,0,0,-16.1,-0.48,47.8,-1.1,35.2,71.8,49.5,51.1,45.5,45.5,44.8,42.4,38.4,36.0,36.0,36.8,36.8,39.4,35.4,37.0,37.8,42.6,47.4,45.8,49.0,43.4,42.6,42.6,41.8,41.0,40.2,39.4,38.6,38.6,37.8,37.8,37.8,38.6,38.6,39.4,40.2,America First
2026-09-03,61,-12.6,10.7,89.3,Likely R,-20.91,5.29,-19.35,-20.84,8.24,39.3,50.63,0.0,False,False,,OTH,Brett Lindstrom,0.0,10.07,0.0,31.07,32.21,2,-4.11,0.228,0,0,0,-16.1,-0.48,47.8,-1.1,35.2,71.8,49.5,51.1,45.5,45.5,44.8,42.4,38.4,36.0,36.0,36.8,36.8,39.4,35.4,37.0,37.8,42.6,47.4,45.8,49.0,43.4,42.6,42.6,41.8,41.0,40.2,39.4,38.6,38.6,37.8,37.8,37.8,38.6,38.6,39.4,40.2,America First
2026-09-04,60,-12.6,10.6,89.4,Likely R,-20.91,5.3,-19.34,-20.84,8.24,39.3,50.63,0.0,False,False,,OTH,Brett Lindstrom,0.0,10.07,0.0,31.07,32.21,2,-4.11,0.227,0,0,0,-16.09,-0.48,47.8,-1.1,35.2,71.8,49.5,51.1,45.5,45.5,44.8,42.4,38.4,36.0,36.0,36.8,36.8,39.4,35.4,37.0,37.8,42.6,47.4,45.8,49.0,43.4,42.6,42.6,41.8,41.0,40.2,39.4,38.6,38.6,37.8,37.8,37.8,38.6,38.6,39.4,40.2,America First
2026-09-05,59,-12.61,10.6,89.4,Likely R,-20.91,5.31,-19.33,-20.84,8.23,39.3,50.63,0.0,False,False,,OTH,Brett Lindstrom,0.0,10.07,0.0,31.07,32.21,2,-4.11,0.227,0,0,0,-16.08,-0.48,47.8,-1.1,35.2,71.8,49.5,51.1,45.5,45.5,44.8,42.4,38.4,36.0,36.0,36.8,36.8,39.4,35.4,37.0,37.8,42.6,47.4,45.8,49.0,43.4,42.6,42.6,41.8,41.0,40.2,39.4,38.6,38.6,37.8,37.8,37.8,38.6,38.6,39.4,40.2,America First
2026-09-06,58,-12.47,10.8,89.2,Likely R,-20.91,5.45,-19.19,-20.84,8.37,39.36,50.57,0.0,False,False,,OTH,Brett Lindstrom,0.0,10.07,0.0,31.07,32.21,2,-3.93,0.226,0,0,0,-15.94,-0.48,47.7,-1.2,35.2,71.9,49.6,51.2,45.6,45.6,44.8,42.4,38.4,36.1,36.1,36.9,36.9,39.5,35.5,37.1,37.9,42.6,47.4,45.8,49.0,43.4,42.6,42.6,41.8,41.0,40.2,39.4,38.6,38.6,37.8,37.8,37.8,38.6,38.6,39.4,40.2,America First
2026-09-07,57,-12.48,10.8,89.2,Likely R,-20.91,5.46,-19.18,-20.84,8.36,39.36,50.57,0.0,False,False,,OTH,Brett Lindstrom,0.0,10.07,0.0,31.07,32.21,2,-3.93,0.225,0,0,0,-15.93,-0.48,47.7,-1.2,35.2,71.9,49.6,51.2,45.6,45.6,44.8,42.4,38.4,36.1,36.1,36.9,36.9,39.5,35.5,37.1,37.9,42.6,47.4,45.8,49.0,43.4,42.6,42.6,41.8,41.0,40.2,39.4,38.6,38.6,37.8,37.8,37.8,38.6,38.6,39.4,40.2,America First
2026-09-08,56,-12.42,10.8,89.2,Likely R,-20.91,5.53,-19.11,-20.84,8.43,39.38,50.55,0.0,False,False,,OTH,Brett Lindstrom,0.0,10.07,0.0,31.07,32.21,2,-3.85,0.224,0,0,0,-15.86,-0.48,47.7,-1.3,35.2,71.9,49.6,51.2,45.6,45.6,44.8,42.4,38.5,36.1,36.1,36.9,36.9,39.5,35.5,37.1,37.9,42.7,47.4,45.9,49.0,43.4,42.6,42.6,41.9,41.1,40.3,39.5,38.7,38.7,37.9,37.9,37.9,38.7,38.7,39.5,40.3,America First
2026-09-09,55,-12.22,11.2,88.8,Likely R,-20.91,5.72,-18.92,-20.84,8.62,39.47,50.46,0.0,False,False,,OTH,Brett Lindstrom,0.0,10.07,0.0,31.07,32.21,2,-3.6,0.223,0,0,0,-15.67,-0.48,47.7,-1.4,35.3,72.0,49.7,51.3,45.7,45.7,44.9,42.5,38.6,36.2,36.2,37.0,37.0,39.6,35.6,37.2,38.0,42.8,47.5,45.9,49.1,43.5,42.7,42.7,41.9,41.1,40.3,39.6,38.8,38.8,38.0,38.0,38.0,38.8,38.8,39.6,40.3,America First
2026-09-10,54,-12.24,11.1,88.9,Likely R,-20.91,5.72,-18.92,-20.84,8.6,39.46,50.47,0.0,False,False,,OTH,Brett Lindstrom,0.0,10.07,0.0,31.07,32.21,2,-3.61,0.223,0,0,0,-15.67,-0.48,47.7,-1.4,35.3,72.0,49.7,51.3,45.7,45.7,44.9,42.5,38.5,36.2,36.2,37.0,37.0,39.6,35.6,37.2,38.0,42.7,47.5,45.9,49.1,43.5,42.7,42.7,41.9,41.1,40.3,39.5,38.7,38.7,37.9,37.9,37.9,38.7,38.7,39.5,40.3,America First
2026-09-11,53,-12.18,11.1,88.9,Likely R,-20.91,5.78,-18.86,-20.84,8.66,39.49,50.44,0.0,False,False,,OTH,Brett Lindstrom,0.0,10.07,0.0,31.07,32.21,2,-3.54,0.222,0,0,0,-15.61,-0.48,47.7,-1.5,35.4,72.0,49.7,51.3,45.7,45.7,44.9,42.6,38.6,36.2,36.2,37.0,37.0,39.6,35.6,37.2,38.0,42.8,47.6,46.0,49.2,43.6,42.8,42.8,42.0,41.2,40.4,39.6,38.8,38.8,38.0,38.0,38.0,38.8,38.8,39.6,40.4,America First
2026-09-12,52,-12.19,11.1,88.9,Likely R,-20.91,5.79,-18.85,-20.84,8.65,39.49,50.44,0.0,False,False,,OTH,Brett Lindstrom,0.0,10.07,0.0,31.07,32.21,2,-3.54,0.221,0,0,0,-15.6,-0.48,47.7,-1.5,35.4,72.0,49.7,51.3,45.7,45.7,44.9,42.6,38.6,36.2,36.2,37.0,37.0,39.6,35.6,37.2,38.0,42.8,47.6,46.0,49.2,43.6,42.8,42.8,42.0,41.2,40.4,39.6,38.8,38.8,38.0,38.0,38.0,38.8,38.8,39.6,40.4,America First
2026-09-13,51,-14.79,7.0,93.0,Likely R,-20.91,5.84,-18.8,-20.84,6.05,41.99,56.57,0.0,False,False,,OTH,Brett Lindstrom,0.0,1.44,0.0,34.44,41.46,3,-7.36,0.31,0,0,0,-15.55,-0.48,47.8,-1.3,37.0,81.4,54.4,56.3,49.5,49.5,48.6,45.7,40.9,38.0,38.0,38.9,38.9,42.1,37.3,39.2,40.2,46.0,51.8,49.8,53.7,46.9,46.0,46.0,45.0,44.0,43.1,42.1,41.1,41.1,40.2,40.2,40.2,41.1,41.1,42.1,43.1,America First
2026-09-14,50,-13.41,8.9,91.1,Likely R,-20.91,5.93,-18.71,-20.84,7.43,42.11,55.16,0.0,False,False,,OTH,Brett Lindstrom,0.0,2.73,0.0,35.39,41.21,4,-6.52,0.362,0,0,0,-15.46,-0.48,47.8,-1.4,37.2,80.4,54.1,56.0,49.4,49.4,48.5,45.7,41.0,38.2,38.2,39.2,39.2,42.2,37.5,39.4,40.3,46.0,51.6,49.7,53.5,46.9,46.0,46.0,45.0,44.1,43.1,42.2,41.3,41.3,40.3,40.3,40.3,41.3,41.3,42.2,43.1,America First
2026-09-15,49,-13.29,9.0,91.0,Likely R,-20.91,6.06,-18.58,-20.84,7.55,42.17,55.1,0.0,False,False,,OTH,Brett Lindstrom,0.0,2.73,0.0,35.39,41.21,4,-6.36,0.361,0,0,0,-15.33,-0.48,47.7,-1.4,37.3,80.5,54.2,56.1,49.5,49.5,48.6,45.8,41.1,38.3,38.3,39.2,39.2,42.3,37.6,39.5,40.4,46.0,51.7,49.8,53.6,47.0,46.0,46.0,45.1,44.1,43.2,42.3,41.3,41.3,40.4,40.4,40.4,41.3,41.3,42.3,43.2,America First
2026-09-16,48,-13.39,8.8,91.2,Likely R,-20.91,6.08,-18.56,-20.84,7.45,41.86,54.81,0.0,False,False,,OTH,Brett Lindstrom,0.0,3.33,0.0,35.5,43.36,5,-8.29,0.398,0,0,0,-15.31,-0.48,47.8,-1.4,37.1,79.7,53.7,55.6,49.1,49.1,48.2,45.4,40.8,38.0,38.0,38.9,38.9,42.0,37.3,39.2,40.1,45.7,51.2,49.4,53.1,46.6,45.7,45.7,44.7,43.8,42.9,42.0,41.0,41.0,40.1,40.1,40.1,41.0,41.0,42.0,42.9,America First
2026-09-17,47,-13.37,8.8,91.2,Likely R,-20.91,6.12,-18.52,-20.84,7.47,41.87,54.8,0.0,False,False,,OTH,Brett Lindstrom,0.0,3.33,0.0,35.5,43.36,5,-8.26,0.397,0,0,0,-15.27,-0.48,47.6,-1.7,37.1,79.7,53.7,55.6,49.1,49.1,48.2,45.4,40.8,38.0,38.0,39.0,39.0,42.0,37.4,39.2,40.1,45.7,51.2,49.4,53.1,46.6,45.7,45.7,44.7,43.8,42.9,42.0,41.0,41.0,40.1,40.1,40.1,41.0,41.0,42.0,42.9,America First
2026-09-18,46,-13.36,8.7,91.3,Likely R,-20.91,6.14,-18.5,-20.84,7.48,41.88,54.79,0.0,False,False,,OTH,Brett Lindstrom,0.0,3.33,0.0,35.5,43.36,5,-8.25,0.395,0,0,0,-15.25,-0.48,47.6,-1.7,37.1,79.7,53.7,55.6,49.1,49.1,48.2,45.4,40.8,38.0,38.0,39.0,39.0,42.0,37.4,39.2,40.1,45.7,51.3,49.4,53.1,46.6,45.7,45.7,44.8,43.8,42.9,42.0,41.0,41.0,40.1,40.1,40.1,41.0,41.0,42.0,42.9,America First
2026-09-19,45,-13.37,8.6,91.4,Likely R,-20.91,6.15,-18.49,-20.84,7.47,41.87,54.8,0.0,False,False,,OTH,Brett Lindstrom,0.0,3.33,0.0,35.5,43.36,5,-8.25,0.394,0,0,0,-15.24,-0.48,47.6,-1.7,37.1,79.7,53.7,55.6,49.1,49.1,48.2,45.4,40.8,38.0,38.0,39.0,39.0,42.0,37.4,39.2,40.1,45.7,51.2,49.4,53.1,46.6,45.7,45.7,44.7,43.8,42.9,42.0,41.0,41.0,40.1,40.1,40.1,41.0,41.0,42.0,42.9,America First
2026-09-20,44,-13.32,8.6,91.4,Likely R,-20.91,6.21,-18.43,-20.84,7.52,41.9,54.77,0.0,False,False,,OTH,Brett Lindstrom,0.0,3.33,0.0,35.5,43.36,5,-8.19,0.393,0,0,0,-15.18,-0.48,47.5,-2.1,37.1,79.7,53.8,55.6,49.1,49.1,48.2,45.5,40.8,38.1,38.1,39.0,39.0,42.0,37.4,39.2,40.2,45.7,51.3,49.4,53.1,46.6,45.7,45.7,44.8,43.8,42.9,42.0,41.1,41.1,40.1,40.1,40.1,41.1,41.1,42.0,42.9,America First
2026-09-21,43,-13.18,8.7,91.3,Likely R,-20.91,6.35,-18.29,-20.84,7.66,41.96,54.71,0.0,False,False,,OTH,Brett Lindstrom,0.0,3.33,0.0,35.5,43.36,5,-8.03,0.392,0,0,0,-15.04,-0.48,47.3,-2.4,37.1,79.8,53.8,55.7,49.2,49.2,48.3,45.5,40.9,38.1,38.1,39.0,39.0,42.1,37.4,39.3,40.2,45.8,51.3,49.5,53.2,46.7,45.8,45.8,44.8,43.9,43.0,42.1,41.1,41.1,40.2,40.2,40.2,41.1,41.1,42.1,43.0,America First
2026-09-22,42,-13.09,8.7,91.3,Likely R,-20.91,6.45,-18.19,-20.84,7.76,42.01,54.66,0.0,False,False,,OTH,Brett Lindstrom,0.0,3.33,0.0,35.5,43.36,5,-7.91,0.391,0,0,0,-14.94,-0.48,47.3,-2.4,37.2,79.8,53.9,55.7,49.2,49.2,48.4,45.6,40.9,38.2,38.2,39.1,39.1,42.1,37.5,39.3,40.3,45.8,51.4,49.5,53.2,46.7,45.8,45.8,44.9,44.0,43.0,42.1,41.2,41.2,40.3,40.3,40.3,41.2,41.2,42.1,43.0,America First
2026-09-23,41,-13.08,8.6,91.4,Likely R,-20.91,6.47,-18.17,-20.84,7.76,42.01,54.66,0.0,False,False,,OTH,Brett Lindstrom,0.0,3.33,0.0,35.5,43.36,5,-7.91,0.39,0,0,0,-14.92,-0.48,47.3,-2.4,37.2,79.8,53.9,55.7,49.2,49.2,48.4,45.6,40.9,38.2,38.2,39.1,39.1,42.1,37.5,39.3,40.3,45.8,51.4,49.5,53.2,46.7,45.8,45.8,44.9,44.0,43.0,42.1,41.2,41.2,40.3,40.3,40.3,41.2,41.2,42.1,43.0,America First
2026-09-24,40,-13.08,8.5,91.5,Likely R,-20.91,6.48,-18.16,-20.84,7.76,42.01,54.66,0.0,False,False,,OTH,Brett Lindstrom,0.0,3.33,0.0,35.5,43.36,5,-7.91,0.39,0,0,0,-14.91,-0.48,47.3,-2.4,37.2,79.8,53.9,55.7,49.2,49.2,48.4,45.6,40.9,38.2,38.2,39.1,39.1,42.1,37.5,39.3,40.3,45.8,51.4,49.5,53.2,46.7,45.8,45.8,44.9,44.0,43.0,42.1,41.2,41.2,40.3,40.3,40.3,41.2,41.2,42.1,43.0,America First
2026-09-25,39,-13.08,8.4,91.6,Likely R,-20.91,6.49,-18.15,-20.84,7.76,42.01,54.66,0.0,False,False,,OTH,Brett Lindstrom,0.0,3.33,0.0,35.5,43.36,5,-7.9,0.389,0,0,0,-14.9,-0.48,47.3,-2.5,37.2,79.8,53.9,55.7,49.2,49.2,48.4,45.6,40.9,38.2,38.2,39.1,39.1,42.1,37.5,39.3,40.3,45.8,51.4,49.5,53.2,46.7,45.8,45.8,44.9,44.0,43.0,42.1,41.2,41.2,40.3,40.3,40.3,41.2,41.2,42.1,43.0,America First
2026-09-26,38,-13.08,8.2,91.8,Likely R,-20.91,6.5,-18.14,-20.84,7.76,42.01,54.66,0.0,False,False,,OTH,Brett Lindstrom,0.0,3.33,0.0,35.5,43.36,5,-7.9,0.388,0,0,0,-14.89,-0.48,47.3,-2.5,37.2,79.8,53.9,55.7,49.2,49.2,48.4,45.6,40.9,38.2,38.2,39.1,39.1,42.1,37.5,39.3,40.3,45.8,51.4,49.5,53.2,46.7,45.8,45.8,44.9,44.0,43.0,42.1,41.2,41.2,40.3,40.3,40.3,41.2,41.2,42.1,43.0,America First
2026-09-27,37,-12.93,8.3,91.7,Likely R,-20.91,6.66,-17.98,-20.84,7.91,42.09,54.58,0.0,False,False,,OTH,Brett Lindstrom,0.0,3.33,0.0,35.5,43.36,5,-7.73,0.387,0,0,0,-14.73,-0.48,47.2,-2.5,37.3,79.9,54.0,55.8,49.3,49.3,48.4,45.7,41.0,38.2,38.2,39.2,39.2,42.2,37.6,39.4,40.4,45.9,51.5,49.6,53.3,46.8,45.9,45.9,45.0,44.0,43.1,42.2,41.3,41.3,40.3,40.3,40.3,41.3,41.3,42.2,43.1,America First
2026-09-28,36,-12.91,8.2,91.8,Likely R,-20.91,6.69,-17.95,-20.84,7.93,42.1,54.57,0.0,False,False,,OTH,Brett Lindstrom,0.0,3.33,0.0,35.5,43.36,5,-7.71,0.387,0,0,0,-14.7,-0.48,47.0,-3.0,37.3,79.9,54.0,55.8,49.3,49.3,48.4,45.7,41.0,38.3,38.3,39.2,39.2,42.2,37.6,39.4,40.4,45.9,51.5,49.6,53.3,46.8,45.9,45.9,45.0,44.0,43.1,42.2,41.3,41.3,40.3,40.3,40.3,41.3,41.3,42.2,43.1,America First
2026-09-29,35,-12.91,8.0,92.0,Likely R,-20.91,6.7,-17.94,-20.84,7.93,42.1,54.57,0.0,False,False,,OTH,Brett Lindstrom,0.0,3.33,0.0,35.5,43.36,5,-7.71,0.386,0,0,0,-14.69,-0.48,47.0,-3.0,37.3,79.9,54.0,55.8,49.3,49.3,48.4,45.7,41.0,38.3,38.3,39.2,39.2,42.2,37.6,39.4,40.4,45.9,51.5,49.6,53.3,46.8,45.9,45.9,45.0,44.0,43.1,42.2,41.3,41.3,40.3,40.3,40.3,41.3,41.3,42.2,43.1,America First
2026-09-30,34,-12.91,7.8,92.2,Likely R,-20.91,6.71,-17.93,-20.84,7.93,42.1,54.57,0.0,False,False,,OTH,Brett Lindstrom,0.0,3.33,0.0,35.5,43.36,5,-7.71,0.386,0,0,0,-14.68,-0.48,47.0,-3.0,37.3,79.9,54.0,55.8,49.3,49.3,48.4,45.7,41.0,38.3,38.3,39.2,39.2,42.2,37.6,39.4,40.4,45.9,51.5,49.6,53.3,46.8,45.9,45.9,45.0,44.0,43.1,42.2,41.3,41.3,40.3,40.3,40.3,41.3,41.3,42.2,43.1,America First
2026-10-01,33,-12.9,7.6,92.4,Likely R,-20.91,6.73,-17.91,-20.84,7.94,42.1,54.57,0.0,False,False,,OTH,Brett Lindstrom,0.0,3.33,0.0,35.5,43.36,5,-7.71,0.385,0,0,0,-14.66,-0.48,47.0,-3.0,37.3,79.9,54.0,55.8,49.3,49.3,48.4,45.7,41.0,38.3,38.3,39.2,39.2,42.2,37.6,39.4,40.4,45.9,51.5,49.6,53.3,46.8,45.9,45.9,45.0,44.0,43.1,42.2,41.3,41.3,40.3,40.3,40.3,41.3,41.3,42.2,43.1,America First
2026-10-02,32,-12.9,7.4,92.6,Likely R,-20.91,6.74,-17.9,-20.84,7.94,42.1,54.57,0.0,False,False,,OTH,Brett Lindstrom,0.0,3.33,0.0,35.5,43.36,5,-7.72,0.385,0,0,0,-14.65,-0.48,47.0,-3.0,37.3,79.9,54.0,55.8,49.3,49.3,48.4,45.7,41.0,38.3,38.3,39.2,39.2,42.2,37.6,39.4,40.4,45.9,51.5,49.6,53.3,46.8,45.9,45.9,45.0,44.0,43.1,42.2,41.3,41.3,40.3,40.3,40.3,41.3,41.3,42.2,43.1,America First
