race_code,slot,name,wiki_ok,image_url,source_page,note
AK-01,ind,Bill Hill,,https://raw.githubusercontent.com/ElectIndex/26_us_forecast_data/main/photos/AK-01-ind.jpg,https://alaskapublic.org/news/politics/washington-d-c/2026-01-22/bristol-bay-fisherman-and-retired-educator-bill-hill-enters-u-s-house-race,"photo: http://npr-brightspot.s3.amazonaws.com/56/26/cda91f9147f4ae6667b0dddac070/bill-hill.jpg (Alaska Public Media photo, cropped)"
AK-GOV,rep,Bernadette Wilson,,https://raw.githubusercontent.com/ElectIndex/26_us_forecast_data/main/photos/AK-GOV-rep.jpg,https://en.wikipedia.org/wiki/2026_Alaska_gubernatorial_election,"photo: https://upload.wikimedia.org/wikipedia/commons/4/4d/Bernadette_Wilson_at_Chris_Birch_memorial_service.jpg (candid photo, Wikipedia infobox)"
AL-01,dem,Clyde Jones,,https://raw.githubusercontent.com/ElectIndex/26_us_forecast_data/main/photos/AL-01-dem.jpg,https://ivoterguide.com/voter-guide/eleck/1488,"photo: https://images.ivoterguide.com/candidates/094492.jpg (low-res 155px (iVoterGuide 2026 general guide, matched by name+race))"
AL-03,dem,Lee McInnis,,https://raw.githubusercontent.com/ElectIndex/26_us_forecast_data/main/photos/AL-03-dem.jpg,https://ballotpedia.org/Lee_McInnis,photo: https://s3.amazonaws.com/ballotpedia-api4/files/Lee_McInnis_20251009_063753.jpg (cropped)
AL-04,dem,Amanda Pusczek,,https://raw.githubusercontent.com/ElectIndex/26_us_forecast_data/main/photos/AL-04-dem.jpg,https://ballotpedia.org/Amanda_Pusczek,photo: https://s3.amazonaws.com/ballotpedia-api4/files/Amanda_Pusczek_2026.jpg
AL-05,dem,Andrew Sneed,,https://raw.githubusercontent.com/ElectIndex/26_us_forecast_data/main/photos/AL-05-dem.jpg,https://ballotpedia.org/Andrew_Sneed,photo: https://s3.amazonaws.com/ballotpedia-api4/files/Andrew_Sneed_2025.jpeg (cropped)
AL-06,dem,Maurice Mercer,,https://raw.githubusercontent.com/ElectIndex/26_us_forecast_data/main/photos/AL-06-dem.jpg,https://ivoterguide.com/voter-guide/eleck/1488,"photo: https://images.ivoterguide.com/candidates/097492.jpg (low-res 155px (iVoterGuide 2026 general guide, matched by name+race))"
AL-07,rep,Ammie Akin,,https://raw.githubusercontent.com/ElectIndex/26_us_forecast_data/main/photos/AL-07-rep.jpg,https://ivoterguide.com/voter-guide/eleck/1488,"photo: https://images.ivoterguide.com/candidates/093551.jpg (low-res 155px (iVoterGuide 2026 general guide, matched by name+race))"
AL-SEN,dem,Everett Wess,,https://raw.githubusercontent.com/ElectIndex/26_us_forecast_data/main/photos/AL-SEN-dem.jpg,https://ivoterguide.com/voter-guide/eleck/1488,"photo: https://images.ivoterguide.com/candidates/094491.jpg (low-res 155px (iVoterGuide 2026 general guide, matched by name+race))"
AR-01,dem,Terri Green,,https://raw.githubusercontent.com/ElectIndex/26_us_forecast_data/main/photos/AR-01-dem.jpg,https://www.ballotready.org/people/terri-yarbrough-green,"photo: https://assets.civicengine.com/uploads/candidate/headshot/920919/920919.jpg (BallotReady (Terri Yarbrough Green), AR-01 2026; cropped to remove watermark; modest res)"
AR-01,ind,Steve G. Parsons,,https://raw.githubusercontent.com/ElectIndex/26_us_forecast_data/main/photos/AR-01-ind.jpg,https://ivoterguide.com/race/29798/election/1446,"photo: https://images.ivoterguide.com/candidates/072952.jpg (iVoterGuide AR-01 2026 race page (Steve G. Parsons, Libertarian); low-res 155px)"
AR-03,dem,Robb Ryerse,,https://raw.githubusercontent.com/ElectIndex/26_us_forecast_data/main/photos/AR-03-dem.jpg,https://www.ballotready.org/people/robb-ryerse,photo: https://assets.civicengine.com/uploads/candidate/headshot/136801/136801.jpg (BallotReady headshot; page lists 2026 race.)
AR-03,ind,Bobby Wilson,,https://raw.githubusercontent.com/ElectIndex/26_us_forecast_data/main/photos/AR-03-ind.jpg,https://ivoterguide.com/race/29800/election/1446,"photo: https://images.ivoterguide.com/candidates/081694.jpg (iVoterGuide AR-03 2026 race page (Bobby Wilson, Libertarian); low-res 155px)"
AR-04,dem,James Russell,,https://raw.githubusercontent.com/ElectIndex/26_us_forecast_data/main/photos/AR-04-dem.jpg,https://ivoterguide.com/candidate/72926/race/29801/election/1446,photo: https://images.ivoterguide.com/candidates/072926.jpg (iVoterGuide AR-04 2026 (James 'Rus' Russell III); low-res 155px)
AR-GOV,ind,Colt Shelby,,https://raw.githubusercontent.com/ElectIndex/26_us_forecast_data/main/photos/AR-GOV-ind.jpg,https://digital-release.nwahomepage.com/election/your-local-election/arkansas-man-who-sued-gov-sanders-over-special-election-timeline-now-running-against-her-in-gubernatorial-election/amp/,photo: https://digital-release.nwahomepage.com/wp-content/uploads/sites/90/2026/02/Screenshot-184.png?w=1280 (KNWA article lead image (video-call screenshot) on Libertarian gov candidate Colt Shelby; cropped; not a formal headshot)
AR-SEN,ind,Jeff Wadlin,,https://raw.githubusercontent.com/ElectIndex/26_us_forecast_data/main/photos/AR-SEN-ind.jpg,https://www.jeffwadlin.com/,"photo: https://images.squarespace-cdn.com/content/v1/69dea20f7ba95b666c482617/263e60cf-8d41-45cb-983a-26f014d84dcb/IMG_1052.JPG?format=2500w (Campaign site photo, cropped; same person as iVoterGuide AR Senate 2026 photo (images.ivoterguide.com/candidates/093050.jpg))"
AZ-01,ind,Monica Alponte,,https://raw.githubusercontent.com/ElectIndex/26_us_forecast_data/main/photos/AZ-01-ind.jpg,https://ballotpedia.org/Monica_Alponte,photo: https://s3.amazonaws.com/ballotpedia-api4/files/MonicaAlponte2026_2026-05-26_174823.jpeg
AZ-02,ind,Curtis Goodwin,,https://raw.githubusercontent.com/ElectIndex/26_us_forecast_data/main/photos/AZ-02-ind.jpg,https://ballotpedia.org/Curtis_Goodwin,photo: https://s3.amazonaws.com/ballotpedia-api4/files/Curtis_Goodwin.jpg
AZ-03,ind,Alan Aversa,,https://raw.githubusercontent.com/ElectIndex/26_us_forecast_data/main/photos/AZ-03-ind.jpg,https://ballotpedia.org/Alan_Aversa,photo: https://s3.amazonaws.com/ballotpedia-api4/files/AlanAversa2.jpg
AZ-04,ind,Tisha Benoit,,https://raw.githubusercontent.com/ElectIndex/26_us_forecast_data/main/photos/AZ-04-ind.jpg,https://ballotpedia.org/Tisha_Benoit,photo: https://s3.amazonaws.com/ballotpedia-api4/files/Tisha_Benoit_2026-07-07_234145.png (cropped)
AZ-05,dem,Elizabeth Lee,,https://raw.githubusercontent.com/ElectIndex/26_us_forecast_data/main/photos/AZ-05-dem.jpg,https://ballotpedia.org/Elizabeth_Lee_(Arizona),photo: https://s3.amazonaws.com/ballotpedia-api4/files/Elizabeth_Lee_2025.jpg
AZ-06,dem,JoAnna Mendoza,,https://raw.githubusercontent.com/ElectIndex/26_us_forecast_data/main/photos/AZ-06-dem.jpg,https://ballotpedia.org/JoAnna_Mendoza,photo: https://s3.amazonaws.com/ballotpedia-api4/files/JM-Headshot-Ballotpedia_20260930_171948_61622_2.jpg
AZ-07,rep,Daniel Butierez,,https://raw.githubusercontent.com/ElectIndex/26_us_forecast_data/main/photos/AZ-07-rep.jpg,https://ballotpedia.org/Daniel_Butierez_Sr.,photo: https://s3.amazonaws.com/ballotpedia-api4/files/DanielButierez2023.jpeg (cropped)
AZ-08,dem,Bernadette Greene-Placentia,,https://raw.githubusercontent.com/ElectIndex/26_us_forecast_data/main/photos/AZ-08-dem.jpg,https://ballotpedia.org/Bernadette_Greene_Placentia,photo: https://s3.amazonaws.com/ballotpedia-api4/files/BernadetteGreenePlacentia2025.jpeg (cropped)
AZ-09,dem,Danielle Sterbinsky,,https://raw.githubusercontent.com/ElectIndex/26_us_forecast_data/main/photos/AZ-09-dem.jpg,https://ballotpedia.org/Danielle_Sterbinsky,photo: https://s3.amazonaws.com/ballotpedia-api4/files/DanielleSterbinsky2025.jpeg
CA-02,rep,Robin Littau,,https://raw.githubusercontent.com/ElectIndex/26_us_forecast_data/main/photos/CA-02-rep.jpg,https://ballotpedia.org/Robin_Littau,photo: https://s3.amazonaws.com/ballotpedia-api4/files/Robin_Littau_26_2026-04-30_154422.jpeg
CA-03,rep,Robb Tucker,,https://raw.githubusercontent.com/ElectIndex/26_us_forecast_data/main/photos/CA-03-rep.jpg,https://ballotpedia.org/Robb_Tucker,photo: https://s3.amazonaws.com/ballotpedia-api4/files/4M9A8906-1_20260820_150022_32937_1.jpg (cropped)
CA-05,dem,Michael Masuda,,https://raw.githubusercontent.com/ElectIndex/26_us_forecast_data/main/photos/CA-05-dem.jpg,https://ballotpedia.org/Michael_Masuda,photo: https://s3.amazonaws.com/ballotpedia-api4/files/Michael_Masuda_20250523_081044.jpg
CA-08,rep,Rudy Recile,,https://raw.githubusercontent.com/ElectIndex/26_us_forecast_data/main/photos/CA-08-rep.jpg,https://ballotpedia.org/Rudy_Recile,photo: https://s3.amazonaws.com/ballotpedia-api4/files/RudyRecile24.jpg (cropped)
CA-09,rep,John McBride,,https://raw.githubusercontent.com/ElectIndex/26_us_forecast_data/main/photos/CA-09-rep.jpg,https://ballotpedia.org/John_McBride_(California),photo: https://s3.amazonaws.com/ballotpedia-api4/files/JohnMcBride.png (low-res 162x195)
CA-10,rep,Jeff Frese,,https://raw.githubusercontent.com/ElectIndex/26_us_forecast_data/main/photos/CA-10-rep.jpg,https://ballotpedia.org/Jeff_Frese,photo: https://s3.amazonaws.com/ballotpedia-api4/files/JeffFrese-headshot-square-1400_20260919_002257_56449_1.jpg
CA-15,rep,Charles Hoelter,,https://raw.githubusercontent.com/ElectIndex/26_us_forecast_data/main/photos/CA-15-rep.jpg,https://ballotpedia.org/Charles_Hoelter,photo: https://s3.amazonaws.com/ballotpedia-api4/files/Charles_Hoelter_20260219_033422.jpg
CA-16,rep,Peter Sundin Soulé,,https://raw.githubusercontent.com/ElectIndex/26_us_forecast_data/main/photos/CA-16-rep.jpg,https://ballotpedia.org/Peter_Soule,photo: https://s3.amazonaws.com/ballotpedia-api4/files/PeterSoule2026.jpg
CA-17,rep,Ritesh Tandon,,https://raw.githubusercontent.com/ElectIndex/26_us_forecast_data/main/photos/CA-17-rep.jpg,https://ballotpedia.org/Ritesh_Tandon,photo: https://s3.amazonaws.com/ballotpedia-api4/files/Ritesh-1024x1024_20260428_095404_17049.jpg
CA-18,rep,Shane Lewis,,https://raw.githubusercontent.com/ElectIndex/26_us_forecast_data/main/photos/CA-18-rep.jpg,https://ballotpedia.org/Shane_Lewis,photo: https://s3.amazonaws.com/ballotpedia-api4/files/1000012121-_1__20260430_042252_18049.png
CA-19,rep,Peter Verbica,,https://raw.githubusercontent.com/ElectIndex/26_us_forecast_data/main/photos/CA-19-rep.jpg,https://ballotpedia.org/Peter_Verbica,photo: https://s3.amazonaws.com/ballotpedia-api4/files/PeterVerbica.jpg
CA-20,dem,Sandra Van Scotter,,https://raw.githubusercontent.com/ElectIndex/26_us_forecast_data/main/photos/CA-20-dem.jpg,https://ballotpedia.org/Sandra_Van_Scotter,photo: https://s3.amazonaws.com/ballotpedia-api4/files/Sandra_Van_Scotter_2026-07-30_014246.jpg
CA-21,rep,Kyle Kirkland,,https://raw.githubusercontent.com/ElectIndex/26_us_forecast_data/main/photos/CA-21-rep.jpg,https://ballotpedia.org/Kyle_Kirkland,photo: https://s3.amazonaws.com/ballotpedia-api4/files/Kyle_Kirkland2024.jpeg
CA-22,dem,Randy Villegas,,https://raw.githubusercontent.com/ElectIndex/26_us_forecast_data/main/photos/CA-22-dem.jpg,https://ballotpedia.org/Randy_Villegas_(California),photo: https://s3.amazonaws.com/ballotpedia-api4/files/Screenshot-2026-04-26-at-10_40_29___PM-2_20260427_211402_16671.png (cropped)
CA-23,dem,Tessa Lynn Hodge,,https://raw.githubusercontent.com/ElectIndex/26_us_forecast_data/main/photos/CA-23-dem.jpg,https://ballotpedia.org/Tessa_Lynn_Hodge,photo: https://s3.amazonaws.com/ballotpedia-api4/files/Tessa_Lynn_Hodge_20250604_031912.jpg
CA-24,rep,Robert Smith,,https://raw.githubusercontent.com/ElectIndex/26_us_forecast_data/main/photos/CA-24-rep.jpg,https://ballotpedia.org/Bob_Smith_(California%27s_24th_Congressional_District),photo: https://s3.amazonaws.com/ballotpedia-api4/files/BobSmith_CACD24.jpg
CA-25,rep,Joe Males,,https://raw.githubusercontent.com/ElectIndex/26_us_forecast_data/main/photos/CA-25-rep.jpg,https://joemalesforca.com/,photo: https://joemalesforca.com/wp-content/uploads/2025/04/Adobe-Express-file-5-e1744046921739-847x1024.png (cutout composited on white; cropped)
CA-26,rep,Samuel Gallucci,,https://raw.githubusercontent.com/ElectIndex/26_us_forecast_data/main/photos/CA-26-rep.jpg,https://ballotpedia.org/Samuel_Gallucci,photo: https://s3.amazonaws.com/ballotpedia-api4/files/Samuel_Gallucci.png
CA-27,rep,Jason Gibbs,,https://raw.githubusercontent.com/ElectIndex/26_us_forecast_data/main/photos/CA-27-rep.jpg,https://santaclarita.gov/city-council/jason-gibbs/,photo: https://santaclarita.gov/city-council/wp-content/uploads/sites/39/2023/09/JasonGibbs.png (official Santa Clarita council photo; BallotReady confirms CA-27 candidacy)
CA-28,rep,April Verlato,,https://raw.githubusercontent.com/ElectIndex/26_us_forecast_data/main/photos/CA-28-rep.jpg,https://ballotpedia.org/April_Verlato,photo: https://s3.amazonaws.com/ballotpedia-api4/files/AprilVerlato.jpg
CA-30,rep,Scott Alan Meyers,,https://raw.githubusercontent.com/ElectIndex/26_us_forecast_data/main/photos/CA-30-rep.jpg,https://ballotpedia.org/Scott_Meyers_(California),photo: https://s3.amazonaws.com/ballotpedia-api4/files/Scott_MeyersCA.jpeg
CA-31,rep,Eric Ching,,https://raw.githubusercontent.com/ElectIndex/26_us_forecast_data/main/photos/CA-31-rep.jpg,https://ballotpedia.org/Eric_Ching,photo: https://s3.amazonaws.com/ballotpedia-api4/files/Eric_Ching__.jpg (low-res 182x304)
CA-33,rep,Stephanie Vargas,,https://raw.githubusercontent.com/ElectIndex/26_us_forecast_data/main/photos/CA-33-rep.jpg,https://ballotpedia.org/Stephanie_Vargas,photo: https://s3.amazonaws.com/ballotpedia-api4/files/Stephanie_Vargas_20260114_044626.jpeg
CA-35,rep,Mike Cargile,,https://raw.githubusercontent.com/ElectIndex/26_us_forecast_data/main/photos/CA-35-rep.jpg,https://ballotpedia.org/Mike_Cargile,photo: https://s3.amazonaws.com/ballotpedia-api4/files/MikeCargile.jpg
CA-36,rep,Houston Brignano,,https://raw.githubusercontent.com/ElectIndex/26_us_forecast_data/main/photos/CA-36-rep.jpg,https://ballotpedia.org/Houston_Brignano,photo: https://s3.amazonaws.com/ballotpedia-api4/files/Houston_Brignano_20260428_022543.jpg (cropped)
CA-38,rep,Pedro Casas,,https://raw.githubusercontent.com/ElectIndex/26_us_forecast_data/main/photos/CA-38-rep.jpg,https://casasforcongress.com/,"photo: https://casasforcongress.com/wp-content/uploads/2024/01/Casas-Speaking.png (candid speaking photo from campaign site (2024 upload), not a formal headshot; cropped)"
CA-39,rep,Steve Manos,,https://raw.githubusercontent.com/ElectIndex/26_us_forecast_data/main/photos/CA-39-rep.jpg,https://www.ballotready.org/people/steve-manos-b0f0c979-a6af-4064-8bab-29b4ba43e41b,photo: https://s3.amazonaws.com/ballotpedia-api4/files/Steve_Manos.jpg (Ballotpedia S3 file not shown on current page; identity matched to BallotReady headshot and campaign site photo; cropped)
CA-41,rep,Mitch Clemmons,,https://raw.githubusercontent.com/ElectIndex/26_us_forecast_data/main/photos/CA-41-rep.jpg,https://ballotpedia.org/Mitch_Clemmons,photo: https://s3.amazonaws.com/ballotpedia-api4/files/0031-2_20260501_180837_19704.jpg
CA-42,rep,Brian Burley,,https://raw.githubusercontent.com/ElectIndex/26_us_forecast_data/main/photos/CA-42-rep.jpg,https://ballotpedia.org/Brian_Burley,photo: https://s3.amazonaws.com/ballotpedia-api4/files/brianburley.png (low-res 200x300)
CA-43,rep,Cristian Morales,,https://raw.githubusercontent.com/ElectIndex/26_us_forecast_data/main/photos/CA-43-rep.jpg,https://ballotpedia.org/Cristian_Morales,photo: https://s3.amazonaws.com/ballotpedia-api4/files/ChristianMorales26-2_2026-09-03_181854.jpg
CA-44,rep,Genevieve Angel,,https://raw.githubusercontent.com/ElectIndex/26_us_forecast_data/main/photos/CA-44-rep.jpg,https://ballotpedia.org/Genevieve_Angel,photo: https://s3.amazonaws.com/ballotpedia-api4/files/Genevieve_Angel_2026.JPG (cropped)
CA-45,rep,Chuong Vo,,https://raw.githubusercontent.com/ElectIndex/26_us_forecast_data/main/photos/CA-45-rep.jpg,https://ballotpedia.org/Chuong_Vo,photo: https://s3.amazonaws.com/ballotpedia-api4/files/Chuong_Vo_20251120_034604.jpg
CA-46,rep,David Pan,,https://raw.githubusercontent.com/ElectIndex/26_us_forecast_data/main/photos/CA-46-rep.jpg,https://ballotpedia.org/David_Pan,photo: https://s3.amazonaws.com/ballotpedia-api4/files/DavidPan.png (cropped)
CA-47,rep,Jenny Rae Le Roux,,https://raw.githubusercontent.com/ElectIndex/26_us_forecast_data/main/photos/CA-47-rep.jpg,https://ballotpedia.org/Jenny_Rae_Le_Roux,photo: https://s3.amazonaws.com/ballotpedia-api4/files/Jenny_Rae_Le_Roux.jpg (cropped)
CA-49,rep,Armen Kurdian,,https://raw.githubusercontent.com/ElectIndex/26_us_forecast_data/main/photos/CA-49-rep.jpg,https://ballotpedia.org/Armen_Kurdian,photo: https://s3.amazonaws.com/ballotpedia-api4/files/Armen_Kurdian_20260329_062756.jpg
CA-50,rep,Steve Cohen,0,https://raw.githubusercontent.com/ElectIndex/26_us_forecast_data/main/photos/CA-50-rep.jpg,https://ballotpedia.org/Steve_Cohen_(California),"wrong Wikipedia match: Steve Cohen (politician) — Page is the Tennessee Democratic congressman (TN-09, Memphis). 2026 CA-50 Republican is Steve Cohen, retired KUSI news director in San Diego (no Wikipedia page found). | photo: https://s3.amazonaws.com/ballotpedia-api4/files/SteveCohen2026_2026-05-21_124230.png (Ballotpedia: Republican running for CA-50 2026; not the TN congressman. Source image is small (296x487).)"
CA-51,rep,Ricardo Cabrera,,https://raw.githubusercontent.com/ElectIndex/26_us_forecast_data/main/photos/CA-51-rep.jpg,https://ballotpedia.org/Ricardo_Cabrera,photo: https://s3.amazonaws.com/ballotpedia-api4/files/Ricardo_Cabrera_20260423_061041.jpg
CA-52,rep,Jeff Belle,,https://raw.githubusercontent.com/ElectIndex/26_us_forecast_data/main/photos/CA-52-rep.jpg,https://ballotpedia.org/Jeff_Belle,photo: https://s3.amazonaws.com/ballotpedia-api4/files/Jeff_Belle_20260408_083641.jpeg (cropped)
CO-01,ind,Chad Humphrey,,https://raw.githubusercontent.com/ElectIndex/26_us_forecast_data/main/photos/CO-01-ind.jpg,https://ivoterguide.com/all-in-state/colorado,photo: https://images.ivoterguide.com/candidates/095531.jpg (iVoterGuide CO 2026 general guide; low-res 155px)
CO-01,rep,Christy Peterson,,https://raw.githubusercontent.com/ElectIndex/26_us_forecast_data/main/photos/CO-01-rep.jpg,https://ivoterguide.com/all-in-state/colorado,photo: https://images.ivoterguide.com/candidates/092725.jpg (iVoterGuide CO 2026 general guide; low-res 155px)
CO-02,ind,Gaylon Kent,,https://raw.githubusercontent.com/ElectIndex/26_us_forecast_data/main/photos/CO-02-ind.jpg,https://ivoterguide.com/all-in-state/colorado,photo: https://images.ivoterguide.com/candidates/023332.jpg (iVoterGuide CO 2026 general guide; low-res 155px)
CO-02,rep,Kelley Dennison,,https://raw.githubusercontent.com/ElectIndex/26_us_forecast_data/main/photos/CO-02-rep.jpg,https://ivoterguide.com/all-in-state/colorado,photo: https://images.ivoterguide.com/candidates/092726.jpg (iVoterGuide CO 2026 general guide; low-res 155px)
CO-03,dem,Dwayne Romero,,https://raw.githubusercontent.com/ElectIndex/26_us_forecast_data/main/photos/CO-03-dem.jpg,https://ivoterguide.com/all-in-state/colorado,photo: https://images.ivoterguide.com/candidates/095429.jpg (iVoterGuide CO 2026 general guide; low-res 155px)
CO-04,ind,Douglas Mangeris,,https://raw.githubusercontent.com/ElectIndex/26_us_forecast_data/main/photos/CO-04-ind.jpg,https://ivoterguide.com/all-in-state/colorado,photo: https://images.ivoterguide.com/candidates/079076.jpg (iVoterGuide CO 2026 general guide; low-res 155px)
CO-05,dem,Jessica Killin,,https://raw.githubusercontent.com/ElectIndex/26_us_forecast_data/main/photos/CO-05-dem.jpg,https://ivoterguide.com/all-in-state/colorado,photo: https://images.ivoterguide.com/candidates/095445.jpg (iVoterGuide CO 2026 general guide; low-res 155px)
CO-05,ind,"Mark ""Marky Jr"" Elworth",,https://raw.githubusercontent.com/ElectIndex/26_us_forecast_data/main/photos/CO-05-ind.jpg,https://ivoterguide.com/all-in-state/colorado,photo: https://images.ivoterguide.com/candidates/020724.jpg (iVoterGuide CO 2026 general guide; low-res 155px)
CO-06,ind,Samir Ezzeldin Witta,,https://raw.githubusercontent.com/ElectIndex/26_us_forecast_data/main/photos/CO-06-ind.jpg,https://ivoterguide.com/all-in-state/colorado,photo: https://images.ivoterguide.com/candidates/096006.jpg (iVoterGuide CO 2026 general guide; low-res 155px)
CO-06,rep,Jason Clark,,https://raw.githubusercontent.com/ElectIndex/26_us_forecast_data/main/photos/CO-06-rep.jpg,https://ivoterguide.com/all-in-state/colorado,photo: https://images.ivoterguide.com/candidates/021479.jpg (iVoterGuide CO 2026 general guide; low-res 155px)
CO-07,ind,Joe Krzeczkowski,,https://raw.githubusercontent.com/ElectIndex/26_us_forecast_data/main/photos/CO-07-ind.jpg,https://ivoterguide.com/all-in-state/colorado,photo: https://images.ivoterguide.com/candidates/096003.jpg (iVoterGuide CO 2026 general guide; low-res 155px)
CO-07,rep,Tim Bennett,,https://raw.githubusercontent.com/ElectIndex/26_us_forecast_data/main/photos/CO-07-rep.jpg,https://ivoterguide.com/all-in-state/colorado,photo: https://images.ivoterguide.com/candidates/092733.jpg (iVoterGuide CO 2026 general guide; low-res 155px)
CO-08,ind,Dave Wood,,https://raw.githubusercontent.com/ElectIndex/26_us_forecast_data/main/photos/CO-08-ind.jpg,https://ivoterguide.com/all-in-state/colorado,photo: https://images.ivoterguide.com/candidates/095538.jpg (iVoterGuide CO 2026 general guide; low-res 155px)
CO-SEN,ind,Bob Chew,,https://raw.githubusercontent.com/ElectIndex/26_us_forecast_data/main/photos/CO-SEN-ind.jpg,https://ivoterguide.com/all-in-state/colorado,photo: https://images.ivoterguide.com/candidates/096005.jpg (iVoterGuide CO 2026 general guide; low-res 155px)
CT-01,ind,Mary Sanders,,https://raw.githubusercontent.com/ElectIndex/26_us_forecast_data/main/photos/CT-01-ind.jpg,https://www.ballotready.org/people/mary-l-sanders,"photo: https://assets.civicengine.com/uploads/candidate/headshot/218809/218809.jpg (BallotReady headshot (Mary L. Sanders), low-res 307px)"
CT-01,rep,Amy Chai,,https://raw.githubusercontent.com/ElectIndex/26_us_forecast_data/main/photos/CT-01-rep.jpg,https://www.ballotready.org/people/amy-chai,photo: https://assets.civicengine.com/uploads/candidate/headshot/966767/amy-chai.png (BallotReady headshot)
CT-02,rep,George Austin,,https://raw.githubusercontent.com/ElectIndex/26_us_forecast_data/main/photos/CT-02-rep.jpg,https://www.ballotready.org/people/george-austin,photo: https://assets.civicengine.com/uploads/candidate/headshot/828312/828312.jpg (BallotReady headshot)
CT-03,rep,Christopher Lancia,,https://raw.githubusercontent.com/ElectIndex/26_us_forecast_data/main/photos/CT-03-rep.jpg,https://www.ballotready.org/people/christopher-lancia,photo: https://assets.civicengine.com/uploads/candidate/headshot/980993/980993.jpg (BallotReady headshot)
CT-04,ind,"Benjamin ""Ben"" Wesley",,https://raw.githubusercontent.com/ElectIndex/26_us_forecast_data/main/photos/CT-04-ind.jpg,https://www.ballotready.org/people/benjamin-wesley,photo: https://assets.civicengine.com/uploads/candidate/headshot/855119/benjamin-wesley.png (BallotReady headshot)
CT-04,rep,Michael Goldstein,,https://raw.githubusercontent.com/ElectIndex/26_us_forecast_data/main/photos/CT-04-rep.jpg,https://en.wikipedia.org/wiki/2026_United_States_House_of_Representatives_elections_in_Connecticut,photo: https://upload.wikimedia.org/wikipedia/commons/c/c5/MichaelGoldsteinCT.png (candid photo)
CT-05,rep,Chris Shea,,https://raw.githubusercontent.com/ElectIndex/26_us_forecast_data/main/photos/CT-05-rep.jpg,https://www.ballotready.org/people/christopher-shea,photo: https://assets.civicengine.com/uploads/candidate/headshot/789229/789229.jpg (BallotReady headshot (Christopher Shea))
DE-SEN,rep,Michael Katz,,https://raw.githubusercontent.com/ElectIndex/26_us_forecast_data/main/photos/DE-SEN-rep.jpg,https://drmikekatz.com/meet-mike,photo: https://drmikekatz.com/imgs/mike-katz-profile.png (campaign site profile photo)
FL-01,dem,Gay Valimont,,https://raw.githubusercontent.com/ElectIndex/26_us_forecast_data/main/photos/FL-01-dem.jpg,https://ballotpedia.org/Gay_Valimont,photo: https://s3.amazonaws.com/ballotpedia-api4/files/Gay2026Valimont.jpg
FL-01,ind,Tyler L. Davis,,https://raw.githubusercontent.com/ElectIndex/26_us_forecast_data/main/photos/FL-01-ind.jpg,https://ballotpedia.org/Tyler_Davis_(Florida),photo: https://s3.amazonaws.com/ballotpedia-api4/files/TylerDavis2026_2026-08-03_172826.png
FL-02,dem,Amanda Green,,https://raw.githubusercontent.com/ElectIndex/26_us_forecast_data/main/photos/FL-02-dem.jpg,https://ballotpedia.org/Amanda_Green_(Florida),photo: https://s3.amazonaws.com/ballotpedia-api4/files/Amanda_Green_2026_2026-05-12_225821.jpg
FL-02,rep,Austin Rogers,,https://raw.githubusercontent.com/ElectIndex/26_us_forecast_data/main/photos/FL-02-rep.jpg,https://ballotpedia.org/Austin_Rogers,photo: https://s3.amazonaws.com/ballotpedia-api4/files/Austin_Rogers_20260204_021830.jpg
FL-03,dem,Seth Harp,,https://raw.githubusercontent.com/ElectIndex/26_us_forecast_data/main/photos/FL-03-dem.jpg,https://ballotpedia.org/Seth_Harp_(Florida),photo: https://s3.amazonaws.com/ballotpedia-api4/files/SethHarp2025.jpg
FL-03,ind,Mike Klein,,https://raw.githubusercontent.com/ElectIndex/26_us_forecast_data/main/photos/FL-03-ind.jpg,https://ballotpedia.org/Mike_Klein_(Florida),photo: https://s3.amazonaws.com/ballotpedia-api4/files/Mike-Klein-Congress-_1__20260801_172124_48828_1.png
FL-04,dem,LaShonda Holloway,,https://raw.githubusercontent.com/ElectIndex/26_us_forecast_data/main/photos/FL-04-dem.jpg,https://ballotpedia.org/L.J._Holloway,photo: https://s3.amazonaws.com/ballotpedia-api4/files/Lashonda_Holloway.JPG (Ballotpedia page L.J._Holloway)
FL-04,ind,Mike Sell,,https://raw.githubusercontent.com/ElectIndex/26_us_forecast_data/main/photos/FL-04-ind.jpg,https://ballotpedia.org/Mike_Sell,photo: https://s3.amazonaws.com/ballotpedia-api4/files/MikeSellFL04_20260716_030427_31400_1.jpg
FL-05,dem,Rachel Grage,,https://raw.githubusercontent.com/ElectIndex/26_us_forecast_data/main/photos/FL-05-dem.jpg,https://ballotpedia.org/Rachel_Grage,photo: https://s3.amazonaws.com/ballotpedia-api4/files/RachelGrage26.jpeg
FL-06,dem,Eric Yonce,,https://raw.githubusercontent.com/ElectIndex/26_us_forecast_data/main/photos/FL-06-dem.jpg,https://ballotpedia.org/Eric_Yonce,photo: https://s3.amazonaws.com/ballotpedia-api4/files/Eric_Yonce_20250822_020902.jpeg
FL-07,dem,Bale Dalton,,https://raw.githubusercontent.com/ElectIndex/26_us_forecast_data/main/photos/FL-07-dem.jpg,https://ballotpedia.org/Bale_Dalton,photo: https://s3.amazonaws.com/ballotpedia-api4/files/Bale-Dalton-Headshot-High-Resolution_20260731_020136_48577_1.jpg (cropped)
FL-07,rep,Ryan Elijah,,https://raw.githubusercontent.com/ElectIndex/26_us_forecast_data/main/photos/FL-07-rep.jpg,https://ballotpedia.org/Ryan_Elijah,photo: https://s3.amazonaws.com/ballotpedia-api4/files/Ryan_Elijah_20260509_104815.jpeg
FL-08,dem,Jennifer Jenkins,,https://raw.githubusercontent.com/ElectIndex/26_us_forecast_data/main/photos/FL-08-dem.jpg,https://ballotpedia.org/Jennifer_Jenkins,photo: https://s3.amazonaws.com/ballotpedia-api4/files/download_20260928_192029_60024_1.png
FL-09,rep,Dan Green,,https://raw.githubusercontent.com/ElectIndex/26_us_forecast_data/main/photos/FL-09-rep.jpg,https://ballotpedia.org/Dan_Green_(Florida_congressional_candidate),photo: https://s3.amazonaws.com/ballotpedia-api4/files/Dan_Green_Florida_congressional_candidate_2026-07-02_004709.jpg
FL-11,dem,James Pericola,,https://raw.githubusercontent.com/ElectIndex/26_us_forecast_data/main/photos/FL-11-dem.jpg,https://ballotpedia.org/James_Pericola,photo: https://s3.amazonaws.com/ballotpedia-api4/files/Screenshot-2026-07-15-at-5_58_30___PM_20260715_221700_45848_1.jpeg (cropped)
FL-11,ind,Ralph Groves,,https://raw.githubusercontent.com/ElectIndex/26_us_forecast_data/main/photos/FL-11-ind.jpg,https://ballotpedia.org/Ralph_Groves,photo: https://s3.amazonaws.com/ballotpedia-api4/files/Dad-Ballotopedia-Photo_20260916_130813_34315_1.jpg
FL-11,rep,Joe Strada,,https://raw.githubusercontent.com/ElectIndex/26_us_forecast_data/main/photos/FL-11-rep.jpg,https://ballotpedia.org/Joe_Strada,photo: https://s3.amazonaws.com/ballotpedia-api4/files/IMG-3051_JPG_20260722_152519_47027_1.jpeg
FL-12,dem,Kimberly Overman,,https://raw.githubusercontent.com/ElectIndex/26_us_forecast_data/main/photos/FL-12-dem.jpg,https://ballotpedia.org/Kimberly_Overman,photo: https://s3.amazonaws.com/ballotpedia-api4/files/Kimberly_Overman_20250813_083549.jpg
FL-12,ind,Branden Scrivener,,https://raw.githubusercontent.com/ElectIndex/26_us_forecast_data/main/photos/FL-12-ind.jpg,https://ballotpedia.org/Branden_Scrivener,photo: https://s3.amazonaws.com/ballotpedia-api4/files/Branden2026Scrivener.jpeg
FL-13,dem,Leela Gray,,https://raw.githubusercontent.com/ElectIndex/26_us_forecast_data/main/photos/FL-13-dem.jpg,https://ballotpedia.org/Leela_Gray,photo: https://s3.amazonaws.com/ballotpedia-api4/files/Leela_Gray_20260317_052703.jpg (cropped)
FL-13,ind,Tony D'Arrigo,,https://raw.githubusercontent.com/ElectIndex/26_us_forecast_data/main/photos/FL-13-ind.jpg,https://ballotpedia.org/Tony_D%27Arrigo,photo: https://s3.amazonaws.com/ballotpedia-api4/files/TonyDArrigo.png
FL-14,ind,Brian Lambert,,https://raw.githubusercontent.com/ElectIndex/26_us_forecast_data/main/photos/FL-14-ind.jpg,https://ballotpedia.org/Brian_Lambert,photo: https://s3.amazonaws.com/ballotpedia-api4/files/headshot-under-2MB_20260710_034956_45037_1.jpg
FL-15,dem,Robert People,,https://raw.githubusercontent.com/ElectIndex/26_us_forecast_data/main/photos/FL-15-dem.jpg,https://ballotpedia.org/Robert_People_(Florida),photo: https://s3.amazonaws.com/ballotpedia-api4/files/Robert_People_25.jpg
FL-16,dem,Kelly Kirschner,,https://raw.githubusercontent.com/ElectIndex/26_us_forecast_data/main/photos/FL-16-dem.jpg,https://ballotpedia.org/Kelly_Kirschner,photo: https://s3.amazonaws.com/ballotpedia-api4/files/fu_vxxgzsq7q2td5fd_20260528_141112_38576_1.jpg (cropped)
FL-16,ind,Mark Davis,0,https://raw.githubusercontent.com/ElectIndex/26_us_forecast_data/main/photos/FL-16-ind.jpg,https://ballotpedia.org/Mark_Davis_(Florida),wrong Wikipedia match: Mark Davis (talk show host) — Page is the Dallas-Fort Worth radio host. FL-16 NPA candidate Mark Davis is a Sarasota-area Air Force veteran and small-business owner. | photo: https://s3.amazonaws.com/ballotpedia-api4/files/Mark_Davis_2026.jpeg (Ballotpedia: NPA candidate FL-16 2026; not the Dallas radio host.)
FL-16,rep,Sydney Gruters,0,https://raw.githubusercontent.com/ElectIndex/26_us_forecast_data/main/photos/FL-16-rep.jpg,https://ballotpedia.org/Sydney_Gruters,"wrong Wikipedia match: Joe Gruters — Page is her husband, RNC chair Joe Gruters. Candidate is Sydney Gruters, former New College Foundation executive and Steube district director, who won the Aug 2026 GOP primary. | photo: https://s3.amazonaws.com/ballotpedia-api4/files/Gruters-headshot-New-College-copy_20260601_163439_29127_1.jpg (Ballotpedia: Republican nominee FL-16 2026; photo is of Sydney, not Joe Gruters.)"
FL-17,dem,Matthew Montavon,,https://raw.githubusercontent.com/ElectIndex/26_us_forecast_data/main/photos/FL-17-dem.jpg,https://ballotpedia.org/Matthew_Montavon,photo: https://s3.amazonaws.com/ballotpedia-api4/files/Matthew_Montavon.jpg
FL-18,dem,Curtis Gibson,,https://raw.githubusercontent.com/ElectIndex/26_us_forecast_data/main/photos/FL-18-dem.jpg,https://ballotpedia.org/Curtis_Gibson,photo: https://s3.amazonaws.com/ballotpedia-api4/files/1000004275_20260713_045559_31257_1.jpg
FL-18,ind,Deva Simmons,,https://raw.githubusercontent.com/ElectIndex/26_us_forecast_data/main/photos/FL-18-ind.jpg,https://ballotpedia.org/Deva_Simmons,photo: https://s3.amazonaws.com/ballotpedia-api4/files/Campaign-photo_20260908_010813_53909_1.jpg
FL-19,dem,Victor Arias,,https://raw.githubusercontent.com/ElectIndex/26_us_forecast_data/main/photos/FL-19-dem.jpg,https://ballotpedia.org/Victor_Arias,photo: https://s3.amazonaws.com/ballotpedia-api4/files/Victor_Arias_20260504_040254.png
FL-19,ind,Seth Haskin,,https://raw.githubusercontent.com/ElectIndex/26_us_forecast_data/main/photos/FL-19-ind.jpg,https://ballotpedia.org/Seth_Haskin,photo: https://s3.amazonaws.com/ballotpedia-api4/files/SethHaskin.jpg
FL-19,rep,Jim Schwartzel,,https://raw.githubusercontent.com/ElectIndex/26_us_forecast_data/main/photos/FL-19-rep.jpg,https://ballotpedia.org/Jim_Schwartzel,photo: https://s3.amazonaws.com/ballotpedia-api4/files/Jim_Schwartzel_20250618_043846.jpg
FL-20,ind,Kedner Maxime,,https://raw.githubusercontent.com/ElectIndex/26_us_forecast_data/main/photos/FL-20-ind.jpg,https://ballotpedia.org/Kedner_Maxime,photo: https://s3.amazonaws.com/ballotpedia-api4/files/Kedner_Maxime.png
FL-20,rep,Brent Andersen,,https://raw.githubusercontent.com/ElectIndex/26_us_forecast_data/main/photos/FL-20-rep.jpg,https://ballotpedia.org/Brent_Andersen,photo: https://s3.amazonaws.com/ballotpedia-api4/files/IMG-6368_20260624_161639_30411_1.jpeg
FL-21,dem,James Martin,,https://raw.githubusercontent.com/ElectIndex/26_us_forecast_data/main/photos/FL-21-dem.jpg,https://ballotpedia.org/James_Martin_(Florida),photo: https://s3.amazonaws.com/ballotpedia-api4/files/James_Martin_20251014_045435.jpeg
FL-21,ind,Alexander Cooke,,https://raw.githubusercontent.com/ElectIndex/26_us_forecast_data/main/photos/FL-21-ind.jpg,https://ballotpedia.org/Alexander_Cooke,photo: https://s3.amazonaws.com/ballotpedia-api4/files/Alexander_Cooke.jpg
FL-22,dem,Pia Dandiya,,https://raw.githubusercontent.com/ElectIndex/26_us_forecast_data/main/photos/FL-22-dem.jpg,https://ballotpedia.org/Pia_Dandiya,photo: https://s3.amazonaws.com/ballotpedia-api4/files/Pia_Dandiya_20250619_020627.jpg
FL-22,rep,Casey Askar,,https://raw.githubusercontent.com/ElectIndex/26_us_forecast_data/main/photos/FL-22-rep.jpg,https://ballotpedia.org/Casey_Askar,photo: https://s3.amazonaws.com/ballotpedia-api4/files/Casey_Askar.jpg
FL-23,rep,Deborah Adeimy,,https://raw.githubusercontent.com/ElectIndex/26_us_forecast_data/main/photos/FL-23-rep.jpg,https://ballotpedia.org/Deborah_Adeimy,photo: https://s3.amazonaws.com/ballotpedia-api4/files/DeborahAdeimyFL.png
FL-24,rep,Mayonna Te Brown,,https://raw.githubusercontent.com/ElectIndex/26_us_forecast_data/main/photos/FL-24-rep.jpg,https://ballotpedia.org/Tedora_Brown,"photo: https://s3.amazonaws.com/ballotpedia-api4/files/Image-1_20260812_003547_32579_1.jpeg (cropped; Ballotpedia lists her as Tedora 'Te' Brown, sole FL-24 GOP candidate)"
FL-25,rep,Scott Singer,,https://raw.githubusercontent.com/ElectIndex/26_us_forecast_data/main/photos/FL-25-rep.jpg,https://ballotpedia.org/Scott_Singer,photo: https://s3.amazonaws.com/ballotpedia-api4/files/Scott-Singer-headshot-2026_20260706_171440_44357_1.jpg
FL-26,dem,Nicole Locklin,,https://raw.githubusercontent.com/ElectIndex/26_us_forecast_data/main/photos/FL-26-dem.jpg,https://ballotpedia.org/Nicole_Locklin,photo: https://s3.amazonaws.com/ballotpedia-api4/files/Nicole_Locklin_20260504_010745.png
FL-26,ind,Deborah Ann Meidinger Hosey,,https://raw.githubusercontent.com/ElectIndex/26_us_forecast_data/main/photos/FL-26-ind.jpg,https://ballotpedia.org/Deborah_Meidinger_Hosey,photo: https://s3.amazonaws.com/ballotpedia-api4/files/Picture10_20260915_004137_34186_1.png
FL-27,dem,Eliott Rodriguez,,https://raw.githubusercontent.com/ElectIndex/26_us_forecast_data/main/photos/FL-27-dem.jpg,https://ballotpedia.org/Eliott_Rodriguez,photo: https://s3.amazonaws.com/ballotpedia-api4/files/Eliott_Rodriguez_20260416_091016.png
FL-28,dem,Phil Ehr,,https://raw.githubusercontent.com/ElectIndex/26_us_forecast_data/main/photos/FL-28-dem.jpg,https://ballotpedia.org/Phil_Ehr,"photo: https://s3.amazonaws.com/ballotpedia-api4/files/Phil_Ehr_Naval-Photo.jpg (low-res 300x398, naval photo)"
FL-28,ind,Eddy Rojas,,https://raw.githubusercontent.com/ElectIndex/26_us_forecast_data/main/photos/FL-28-ind.jpg,https://ballotpedia.org/Eddy_Rojas,photo: https://s3.amazonaws.com/ballotpedia-api4/files/EddyRojas2025.png (low-res)
FL-GOV,ind,Scott Eckhard Jewett,,https://raw.githubusercontent.com/ElectIndex/26_us_forecast_data/main/photos/FL-GOV-ind.jpg,https://ballotpedia.org/Scott_Jewett,photo: https://s3.amazonaws.com/ballotpedia-api4/files/Scott_Jewett_20250429_112600.jpeg
FL-SEN,ind,Neil J. Gillespie,,https://raw.githubusercontent.com/ElectIndex/26_us_forecast_data/main/photos/FL-SEN-ind.jpg,https://ballotpedia.org/Neil_Gillespie,photo: https://s3.amazonaws.com/ballotpedia-api4/files/resized-Neil-J-Gillespie-for-US-Senate_20260930_191013_49229_1.jpg
GA-01,dem,Amanda Hollowell,,https://raw.githubusercontent.com/ElectIndex/26_us_forecast_data/main/photos/GA-01-dem.jpg,https://www.ballotready.org/people/amanda-hollowell,photo: https://assets.civicengine.com/uploads/candidate/headshot/932886/932886.jpg (BallotReady headshot; page lists 2026 race.)
GA-01,rep,Jim Kingston,,https://raw.githubusercontent.com/ElectIndex/26_us_forecast_data/main/photos/GA-01-rep.jpg,https://www.ballotready.org/people/jim-kingston,photo: https://assets.civicengine.com/uploads/candidate/headshot/932893/932893.jpg (BallotReady headshot; page lists 2026 race.)
GA-02,rep,Matt Day,,https://raw.githubusercontent.com/ElectIndex/26_us_forecast_data/main/photos/GA-02-rep.jpg,https://www.ballotready.org/people/benjamin-matthew-day,"photo: https://assets.civicengine.com/uploads/candidate/headshot/932976/932976.jpg (BallotReady (Benjamin 'Matt' Day), GA-02 2026)"
GA-03,dem,Maura Keller,,https://raw.githubusercontent.com/ElectIndex/26_us_forecast_data/main/photos/GA-03-dem.jpg,https://www.ballotready.org/people/maura-k-keller,"photo: https://assets.civicengine.com/uploads/candidate/headshot/811011/811011.jpg (BallotReady, GA-03 2026; cropped)"
GA-04,rep,James Duffie,,https://raw.githubusercontent.com/ElectIndex/26_us_forecast_data/main/photos/GA-04-rep.jpg,https://www.ballotready.org/people/james-raymond-duffie,"photo: https://assets.civicengine.com/uploads/candidate/headshot/932983/932983.jpg (BallotReady (James 'Jim' Raymond Duffie), GA-04 2026)"
GA-05,rep,John Salvesen,,https://raw.githubusercontent.com/ElectIndex/26_us_forecast_data/main/photos/GA-05-rep.jpg,https://www.ballotready.org/people/john-salvesen-ii,"photo: https://assets.civicengine.com/uploads/candidate/headshot/811017/811017.jpg (BallotReady (John 'Bongo' Salvesen II), GA-05 2026; car selfie, cropped)"
GA-06,rep,Kevin Martin,,https://raw.githubusercontent.com/ElectIndex/26_us_forecast_data/main/photos/GA-06-rep.jpg,https://www.ballotready.org/people/kevin-eugene-martin,"photo: https://assets.civicengine.com/uploads/candidate/headshot/932986/932986.jpg (BallotReady (Kevin Eugene Martin), GA-06 2026)"
GA-07,dem,Tony Kozycki,,https://raw.githubusercontent.com/ElectIndex/26_us_forecast_data/main/photos/GA-07-dem.jpg,https://www.ballotready.org/people/tony-kozycki,photo: https://assets.civicengine.com/uploads/candidate/headshot/932990/932990.jpg (BallotReady headshot; page lists 2026 race.)
GA-08,dem,Kelly Esti,,https://raw.githubusercontent.com/ElectIndex/26_us_forecast_data/main/photos/GA-08-dem.jpg,https://www.ballotready.org/people/kelly-esti,photo: https://assets.civicengine.com/uploads/candidate/headshot/932992/932992.jpg (BallotReady headshot; page lists 2026 race.)
GA-09,dem,Caitlyn Gegen,,https://raw.githubusercontent.com/ElectIndex/26_us_forecast_data/main/photos/GA-09-dem.jpg,https://www.ballotready.org/people/caitlyn-gegen,photo: https://assets.civicengine.com/uploads/candidate/headshot/932997/932997.jpg (BallotReady headshot; page lists 2026 race.)
GA-10,dem,Pamela DeLancy,,https://raw.githubusercontent.com/ElectIndex/26_us_forecast_data/main/photos/GA-10-dem.jpg,https://www.ballotready.org/people/pamela-pam-delancy,"photo: https://assets.civicengine.com/uploads/candidate/headshot/932901/932901.jpg (BallotReady (Pamela 'Pam' Delancy), GA-10 2026)"
GA-11,dem,Chris Harden,,https://raw.githubusercontent.com/ElectIndex/26_us_forecast_data/main/photos/GA-11-dem.jpg,https://www.ballotready.org/people/chris-harden,photo: https://assets.civicengine.com/uploads/candidate/headshot/932909/932909.jpg (BallotReady headshot; page lists 2026 race. cropped from full-body shot)
GA-11,rep,John Cowan,,https://raw.githubusercontent.com/ElectIndex/26_us_forecast_data/main/photos/GA-11-rep.jpg,https://www.ballotready.org/people/john-cowan,photo: https://assets.civicengine.com/uploads/candidate/headshot/407984/407984.jpg (BallotReady headshot; page lists 2026 race.)
GA-12,dem,Ceretta Smith,,https://raw.githubusercontent.com/ElectIndex/26_us_forecast_data/main/photos/GA-12-dem.jpg,https://www.ballotready.org/people/ceretta-smith,photo: https://assets.civicengine.com/uploads/candidate/headshot/408215/408215.jpg (BallotReady headshot; page lists 2026 race.)
GA-13,rep,Jonathan Chavez,,https://raw.githubusercontent.com/ElectIndex/26_us_forecast_data/main/photos/GA-13-rep.jpg,https://www.ballotready.org/people/jonathan-chavez,photo: https://assets.civicengine.com/uploads/candidate/headshot/649786/649786.jpg (BallotReady headshot; page lists 2026 race.)
GA-14,dem,Shawn Harris,,https://raw.githubusercontent.com/ElectIndex/26_us_forecast_data/main/photos/GA-14-dem.jpg,https://www.ballotready.org/people/shawn-a-harris,"photo: https://assets.civicengine.com/uploads/candidate/headshot/811029/811029.jpg (BallotReady (Shawn A. Harris), GA-14 2026)"
HI-01,ind,Jordan S. Conley,,https://raw.githubusercontent.com/ElectIndex/26_us_forecast_data/main/photos/HI-01-ind.jpg,https://www.ballotready.org/people/jordan-s-conley,photo: https://assets.civicengine.com/uploads/candidate/headshot/956241/956241.jpg (BallotReady headshot; page lists 2026 race.)
HI-01,rep,Adriel Lam,,https://raw.githubusercontent.com/ElectIndex/26_us_forecast_data/main/photos/HI-01-rep.jpg,https://www.ballotready.org/people/adriel-c-lam,"photo: https://assets.civicengine.com/uploads/candidate/headshot/178443/adriel-c-lam.png (BallotReady (Adriel C. Lam), HI-01 2026; looks like video still)"
HI-GOV,rep,Gary Cordery,,https://raw.githubusercontent.com/ElectIndex/26_us_forecast_data/main/photos/HI-GOV-rep.jpg,https://www.ballotready.org/people/gary-cordery,photo: https://assets.civicengine.com/uploads/candidate/headshot/683911/gary-cordery.jpg (BallotReady headshot; page lists 2026 race.)
IA-01,ind,Michael Bridgford,,https://raw.githubusercontent.com/ElectIndex/26_us_forecast_data/main/photos/IA-01-ind.jpg,https://en.wikipedia.org/wiki/2026_United_States_House_of_Representatives_elections_in_Iowa,photo: https://upload.wikimedia.org/wikipedia/commons/1/1e/Michael_Bridgford_3.jpg
IA-02,ind,Dave Bushaw,,https://raw.githubusercontent.com/ElectIndex/26_us_forecast_data/main/photos/IA-02-ind.jpg,https://ballotpedia.org/Dave_Bushaw,photo: https://s3.amazonaws.com/ballotpedia-api4/files/DaveBushaw2026.jpg (Ballotpedia headshot)
IA-04,rep,Chris McGowan,,https://raw.githubusercontent.com/ElectIndex/26_us_forecast_data/main/photos/IA-04-rep.jpg,https://ballotpedia.org/Chris_McGowan,photo: https://s3.amazonaws.com/ballotpedia-api4/files/Chris_McGowan_20260219_052329.png (Ballotpedia headshot; cropped)
IA-SEN,ind,Thomas Laehn,,https://raw.githubusercontent.com/ElectIndex/26_us_forecast_data/main/photos/IA-SEN-ind.jpg,https://ballotpedia.org/Thomas_Laehn,photo: https://s3.amazonaws.com/ballotpedia-api4/files/IMG-1249_20260624_043918_30377_1.jpeg (Ballotpedia headshot; cropped)
ID-01,dem,Kaylee Peterson,,https://raw.githubusercontent.com/ElectIndex/26_us_forecast_data/main/photos/ID-01-dem.jpg,https://ballotpedia.org/Kaylee_Peterson,photo: https://s3.amazonaws.com/ballotpedia-api4/files/Capitol-Headshot_20260925_050202_54251_1.png (1080x1350 cropped from full-body shot)
ID-01,ind,Sarah Zabel,,https://raw.githubusercontent.com/ElectIndex/26_us_forecast_data/main/photos/ID-01-ind.jpg,https://ballotpedia.org/Sarah_Zabel_(Idaho),photo: https://s3.amazonaws.com/ballotpedia-api4/files/Sarah_Zabel_2025.jpg (1246x1353)
ID-02,dem,Elinor Gilbreath,,https://raw.githubusercontent.com/ElectIndex/26_us_forecast_data/main/photos/ID-02-dem.jpg,https://ballotpedia.org/Elinor_Gilbreath,photo: https://s3.amazonaws.com/ballotpedia-api4/files/Elinor_Gilbreath_20260305_052141.jpg (1081x1081)
ID-02,ind,Tripp Charles Hutchinson,,https://raw.githubusercontent.com/ElectIndex/26_us_forecast_data/main/photos/ID-02-ind.jpg,https://ballotpedia.org/Tripp_Hutchinson,photo: https://s3.amazonaws.com/ballotpedia-api4/files/tripp-cropped_20261001_052035_62484_1.jpeg (1148x1123)
ID-GOV,dem,Terri Pickens,,https://raw.githubusercontent.com/ElectIndex/26_us_forecast_data/main/photos/ID-GOV-dem.jpg,https://ballotpedia.org/Terri_Pickens,photo: https://s3.amazonaws.com/ballotpedia-api4/files/TerriPickensManweiler2025.jpg (862x1168)
ID-GOV,ind,Paul Sand,,https://raw.githubusercontent.com/ElectIndex/26_us_forecast_data/main/photos/ID-GOV-ind.jpg,https://ballotpedia.org/Paul_Sand,photo: https://s3.amazonaws.com/ballotpedia-api4/files/PaulSand.jpg (1487x2081)
IL-01,rep,Christian Maxwell,,https://raw.githubusercontent.com/ElectIndex/26_us_forecast_data/main/photos/IL-01-rep.jpg,https://ballotpedia.org/Christian_Maxwell,photo: https://s3.amazonaws.com/ballotpedia-api4/files/ChristianMaxwell2025.jpg
IL-02,rep,Michael Noack,,https://raw.githubusercontent.com/ElectIndex/26_us_forecast_data/main/photos/IL-02-rep.jpg,https://ballotpedia.org/Mike_Noack,photo: https://s3.amazonaws.com/ballotpedia-api4/files/mnoack.jpg
IL-03,rep,Angel Oakley,,https://raw.githubusercontent.com/ElectIndex/26_us_forecast_data/main/photos/IL-03-rep.jpg,https://ivoterguide.com/candidate/83374/race/29567/election/1443,photo: https://images.ivoterguide.com/candidates/083374.jpg (low-res 155px (iVoterGuide))
IL-04,dem,Patty Garcia,,https://raw.githubusercontent.com/ElectIndex/26_us_forecast_data/main/photos/IL-04-dem.jpg,https://ballotpedia.org/Patty_Garcia,photo: https://s3.amazonaws.com/ballotpedia-api4/files/Patty_Garcia_20251209_080118.png (cropped from phone screenshot)
IL-04,ind,Chris Getty,,https://raw.githubusercontent.com/ElectIndex/26_us_forecast_data/main/photos/IL-04-ind.jpg,https://ivoterguide.com/candidate/93594/race/29568/election/1443,photo: https://images.ivoterguide.com/candidates/093594.jpg (low-res 155px (iVoterGuide))
IL-04,rep,Lupe Castillo,,https://raw.githubusercontent.com/ElectIndex/26_us_forecast_data/main/photos/IL-04-rep.jpg,https://ballotpedia.org/Lupe_Castillo,photo: https://s3.amazonaws.com/ballotpedia-api4/files/Lupe_Castillo_20240826_050308.jpg
IL-05,rep,Tommy Hanson,,https://raw.githubusercontent.com/ElectIndex/26_us_forecast_data/main/photos/IL-05-rep.jpg,https://ballotpedia.org/Tommy_Hanson,photo: https://s3.amazonaws.com/ballotpedia-api4/files/T._Hanson_Photo.jpg
IL-06,rep,Niki Conforti,,https://raw.githubusercontent.com/ElectIndex/26_us_forecast_data/main/photos/IL-06-rep.jpg,https://maggieslist.org/?p=2624,photo: https://maggieslist.org/wp-content/uploads/2026/03/Niki-Conforti.png (Maggie's List candidate page (IL-06))
IL-07,rep,Chad Koppie,,https://raw.githubusercontent.com/ElectIndex/26_us_forecast_data/main/photos/IL-07-rep.jpg,https://ballotpedia.org/Chad_Koppie,photo: https://s3.amazonaws.com/ballotpedia-api4/files/Chad_Koppie.jpg (older low-res photo)
IL-08,rep,Jennifer Davis,,https://raw.githubusercontent.com/ElectIndex/26_us_forecast_data/main/photos/IL-08-rep.jpg,https://ballotpedia.org/Jennifer_Davis_(Illinois),photo: https://s3.amazonaws.com/ballotpedia-api4/files/Jennifer_Davis_20251125_045243.jpg
IL-09,rep,John Elleson,,https://raw.githubusercontent.com/ElectIndex/26_us_forecast_data/main/photos/IL-09-rep.jpg,https://ivoterguide.com/candidate/39399/race/29573/election/1443,photo: https://images.ivoterguide.com/candidates/039399.jpg (low-res 155px (iVoterGuide))
IL-10,rep,Carl Lambrecht,,https://raw.githubusercontent.com/ElectIndex/26_us_forecast_data/main/photos/IL-10-rep.jpg,https://ivoterguide.com/candidate/77901/race/29574/election/1443,photo: https://images.ivoterguide.com/candidates/077901.jpg (low-res 155px (iVoterGuide))
IL-11,rep,Jeff Walter,,https://raw.githubusercontent.com/ElectIndex/26_us_forecast_data/main/photos/IL-11-rep.jpg,https://www.elburn.gov/village-board/directory-listing/jeffrey-d-walter,photo: https://www.elburn.gov/sites/g/files/vyhlif16396/files/styles/convert_image_to_webp/public/styles/directory_listings_body_with_photo/public/media/village-board/image/5856/mayor_headshot.jpg.jpeg.webp?itok=jQq_QBbW (Elburn village president official headshot)
IL-12,dem,Julie Fortier,,https://raw.githubusercontent.com/ElectIndex/26_us_forecast_data/main/photos/IL-12-dem.jpg,https://ballotpedia.org/Julie_Fortier,photo: https://s3.amazonaws.com/ballotpedia-api4/files/Julie_Fortier_20260105_033053.jpg
IL-13,rep,Jeff Wilson,,https://raw.githubusercontent.com/ElectIndex/26_us_forecast_data/main/photos/IL-13-rep.jpg,https://ivoterguide.com/candidate/89061/race/29577/election/1443,photo: https://images.ivoterguide.com/candidates/089061.jpg (low-res 155px (iVoterGuide))
IL-14,rep,James Marter,,https://raw.githubusercontent.com/ElectIndex/26_us_forecast_data/main/photos/IL-14-rep.jpg,https://www.shawlocal.com/kendall-county-now/2026/02/03/2026-election-questionnaire-jim-marter-us-house-of-representatives-14th-district/,photo: https://www.shawlocal.com/resizer/v2/FDBSLQVFK5GBZHXZ764WDGJHZY.jpg?auth=8b8ac369022dd96f6b77f8e6127e2e5d711c6db8143f02394045a9a1f90c76a9&width=800&height=890&focal=138%2C148 (Shaw Local candidate questionnaire photo)
IL-15,dem,Jennifer Todd,,https://raw.githubusercontent.com/ElectIndex/26_us_forecast_data/main/photos/IL-15-dem.jpg,https://ballotpedia.org/Jennifer_Todd,photo: https://s3.amazonaws.com/ballotpedia-api4/files/Jennifer_Todd_20250506_095314.jpeg
IL-16,dem,Paul Nolley,,https://raw.githubusercontent.com/ElectIndex/26_us_forecast_data/main/photos/IL-16-dem.jpg,https://ballotpedia.org/Paul_Nolley,photo: https://s3.amazonaws.com/ballotpedia-api4/files/Paul_Nolley_20250521_050524.jpeg
IL-17,rep,Dillan Vancil,,https://raw.githubusercontent.com/ElectIndex/26_us_forecast_data/main/photos/IL-17-rep.jpg,https://ballotpedia.org/Dillan_Vancil_(Illinois),photo: https://s3.amazonaws.com/ballotpedia-api4/files/Dillan_Vancil_20250613_060352.jpg
IL-GOV,ind,Collin Corbett,,https://raw.githubusercontent.com/ElectIndex/26_us_forecast_data/main/photos/IL-GOV-ind.jpg,https://ivoterguide.com/candidate/93667/race/29582/election/1443,photo: https://images.ivoterguide.com/candidates/093667.jpg (low-res 155px (iVoterGuide))
IL-SEN,ind,"Whitfield Harrington, Jr.",,https://raw.githubusercontent.com/ElectIndex/26_us_forecast_data/main/photos/IL-SEN-ind.jpg,https://ivoterguide.com/candidate/93654/race/29564/election/1443,photo: https://images.ivoterguide.com/candidates/093654.jpg (low-res 155px (iVoterGuide))
IL-SEN,rep,Don Tracy,,https://raw.githubusercontent.com/ElectIndex/26_us_forecast_data/main/photos/IL-SEN-rep.jpg,https://dontracyforil.com/about/,photo: https://dontracyforil.com/wp-content/uploads/2026/07/tracy-headshot-final.jpg
IN-01,rep,Barb Regnitz,,https://raw.githubusercontent.com/ElectIndex/26_us_forecast_data/main/photos/IN-01-rep.jpg,https://ballotpedia.org/Barb_Regnitz,photo: https://s3.amazonaws.com/ballotpedia-api4/files/Barb_Regnitz_20251029_033817.jpeg (cropped)
IN-02,dem,Jamee Decio,,https://raw.githubusercontent.com/ElectIndex/26_us_forecast_data/main/photos/IN-02-dem.jpg,https://ballotpedia.org/Jamee_Decio,photo: https://s3.amazonaws.com/ballotpedia-api4/files/Jamee_Decio_20251023_125303.jpeg (cropped from full-length)
IN-02,ind,William Eric Henry,,https://raw.githubusercontent.com/ElectIndex/26_us_forecast_data/main/photos/IN-02-ind.jpg,https://ivoterguide.com/voter-guide/eleck/1456,"photo: https://images.ivoterguide.com/candidates/055221.jpg (low-res 155px (iVoterGuide 2026 general guide, matched by name+race))"
IN-03,dem,Kelly Thompson,,https://raw.githubusercontent.com/ElectIndex/26_us_forecast_data/main/photos/IN-03-dem.jpg,https://ivoterguide.com/voter-guide/eleck/1456,"photo: https://images.ivoterguide.com/candidates/055607.jpg (low-res 155px (iVoterGuide 2026 general guide, matched by name+race))"
IN-04,dem,Drew Cox,,https://raw.githubusercontent.com/ElectIndex/26_us_forecast_data/main/photos/IN-04-dem.jpg,https://ballotpedia.org/Drew_Cox,photo: https://s3.amazonaws.com/ballotpedia-api4/files/Drew_Cox_20250806_064123.jpg (cropped)
IN-06,dem,Cynthia Wirth,,https://raw.githubusercontent.com/ElectIndex/26_us_forecast_data/main/photos/IN-06-dem.jpg,https://ivoterguide.com/voter-guide/eleck/1456,"photo: https://images.ivoterguide.com/candidates/056045.jpg (low-res 155px (iVoterGuide 2026 general guide, matched by name+race))"
IN-07,ind,James M Sceniak,,https://raw.githubusercontent.com/ElectIndex/26_us_forecast_data/main/photos/IN-07-ind.jpg,https://ballotpedia.org/James_Sceniak,photo: https://s3.amazonaws.com/ballotpedia-api4/files/James_Sceniak.jpg (Ballotpedia page from 2022/2024 IN Libertarian runs; cropped)
IN-07,rep,Patrick McAuley,,https://raw.githubusercontent.com/ElectIndex/26_us_forecast_data/main/photos/IN-07-rep.jpg,https://ivoterguide.com/voter-guide/eleck/1456,"photo: https://images.ivoterguide.com/candidates/090915.jpg (low-res 155px (iVoterGuide 2026 general guide, matched by name+race))"
IN-08,dem,Mary Allen,,https://raw.githubusercontent.com/ElectIndex/26_us_forecast_data/main/photos/IN-08-dem.jpg,https://ivoterguide.com/voter-guide/eleck/1456,"photo: https://images.ivoterguide.com/candidates/094230.jpg (low-res 155px (iVoterGuide 2026 general guide, matched by name+race))"
IN-09,dem,Brad Meyer,,https://raw.githubusercontent.com/ElectIndex/26_us_forecast_data/main/photos/IN-09-dem.jpg,https://ballotpedia.org/Brad_Meyer,photo: https://s3.amazonaws.com/ballotpedia-api4/files/Brad_Meyer_20260303_102413.jpg
IN-09,ind,Tonya L. Hudson,,https://raw.githubusercontent.com/ElectIndex/26_us_forecast_data/main/photos/IN-09-ind.jpg,https://ballotpedia.org/Tonya_Hudson,photo: https://s3.amazonaws.com/ballotpedia-api4/files/thudson.jpg (Ballotpedia page from 2024 IN Libertarian LG run (likely same person))
KS-01,dem,Lauren Reinhold,,https://raw.githubusercontent.com/ElectIndex/26_us_forecast_data/main/photos/KS-01-dem.jpg,https://en.wikipedia.org/wiki/2026_United_States_House_of_Representatives_elections_in_Kansas,photo: https://upload.wikimedia.org/wikipedia/commons/9/95/Lauren_Reinhold_KS_1_Acceptance_Speech_Cropped_1.jpg (speech photo)
KS-01,ind,Steven Jacob,,https://raw.githubusercontent.com/ElectIndex/26_us_forecast_data/main/photos/KS-01-ind.jpg,https://www.ballotready.org/people/steven-jacob,photo: https://assets.civicengine.com/uploads/candidate/headshot/834525/834525.jpg (BallotReady headshot)
KS-02,dem,Don Coover,,https://raw.githubusercontent.com/ElectIndex/26_us_forecast_data/main/photos/KS-02-dem.jpg,https://www.yahoo.com/news/articles/southeast-kansas-farmer-challenges-republican-215500416.html,"photo: https://media.zenfs.com/en/kansas_reflector_articles_152/b1d189011fc870a3f9982dca1270efd1 (Kansas Reflector photo (submitted), cropped)"
KS-02,ind,John Hauer,,https://raw.githubusercontent.com/ElectIndex/26_us_forecast_data/main/photos/KS-02-ind.jpg,https://www.ballotready.org/people/john-hauer,photo: https://assets.civicengine.com/uploads/candidate/headshot/833901/833901.jpg (BallotReady headshot)
KS-03,ind,Steven A Hohe,,https://raw.githubusercontent.com/ElectIndex/26_us_forecast_data/main/photos/KS-03-ind.jpg,https://www.ballotready.org/people/steven-a-hohe,"photo: https://assets.civicengine.com/uploads/candidate/headshot/439600/439600.jpg (BallotReady headshot, low-res)"
KS-03,rep,Eric Jenkins,,https://raw.githubusercontent.com/ElectIndex/26_us_forecast_data/main/photos/KS-03-rep.jpg,https://johnsoncountypost.com/2026/08/04/district-3-us-house-2026-primary-293256/,"photo: https://d1mkb6pb09f3c7.cloudfront.net/wp-content/uploads/2026/08/davids_jenkins_collage.webp (right half of Davids/Jenkins collage (caption confirms), cropped)"
KS-04,dem,Katy Tyndell,,https://raw.githubusercontent.com/ElectIndex/26_us_forecast_data/main/photos/KS-04-dem.jpg,https://www.ballotready.org/people/katy-tyndell,photo: https://assets.civicengine.com/uploads/candidate/headshot/956665/katy-tyndell.png (BallotReady headshot)
KS-04,ind,Drew Cranmer,,https://raw.githubusercontent.com/ElectIndex/26_us_forecast_data/main/photos/KS-04-ind.jpg,https://www.ballotready.org/people/drew-cranmer,"photo: https://assets.civicengine.com/uploads/candidate/headshot/972815/972815.jpg (BallotReady headshot, low-res)"
KS-GOV,dem,Cindy Holscher,,https://raw.githubusercontent.com/ElectIndex/26_us_forecast_data/main/photos/KS-GOV-dem.jpg,https://www.kslegislature.gov/b2025_26/legislators/sen_holscher_cindy_1/,"photo: https://www.kslegislature.gov/static/li_pics/sen_holscher_cindy_1.jpg (official legislature photo, low-res 205x300)"
KS-GOV,rep,Ty Masterson,,https://raw.githubusercontent.com/ElectIndex/26_us_forecast_data/main/photos/KS-GOV-rep.jpg,https://www.kslegislature.gov/b2025_26/legislators/sen_masterson_ty_1/,"photo: https://www.kslegislature.gov/static/li_pics/sen_masterson_ty_1.jpg (official legislature photo, low-res 205x300)"
KS-SEN,ind,David C Graham,,https://raw.githubusercontent.com/ElectIndex/26_us_forecast_data/main/photos/KS-SEN-ind.jpg,https://lawrencekstimes.com/2022/10/16/meet-ussen-candidates-2022gen/,"photo: https://lawrencekstimes.com/wp-content/uploads/2022/10/Graham-David-edited.png (2022 photo from his prior LP Senate run (same attorney, likely same person), low-res 200px)"
KY-01,dem,Drew Williams,,https://raw.githubusercontent.com/ElectIndex/26_us_forecast_data/main/photos/KY-01-dem.jpg,https://ballotpedia.org/Drew_Williams,photo: https://s3.amazonaws.com/ballotpedia-api4/files/DrewWilliams2025.jpg (Ballotpedia headshot)
KY-02,dem,Megan Wingfield,,https://raw.githubusercontent.com/ElectIndex/26_us_forecast_data/main/photos/KY-02-dem.jpg,https://ballotpedia.org/Megan_Wingfield,photo: https://s3.amazonaws.com/ballotpedia-api4/files/Megan_Wingfield_20250516_053600.jpeg (Ballotpedia headshot)
KY-02,ind,Thomas A. Loecken,,https://raw.githubusercontent.com/ElectIndex/26_us_forecast_data/main/photos/KY-02-ind.jpg,https://ballotpedia.org/Thomas_A._Loecken,photo: https://s3.amazonaws.com/ballotpedia-api4/files/Thomas_Loecken_2026-06-18_010118.jpg (Ballotpedia headshot; cropped)
KY-03,rep,Maria Rodriguez,,https://raw.githubusercontent.com/ElectIndex/26_us_forecast_data/main/photos/KY-03-rep.jpg,https://commons.wikimedia.org/wiki/File:Maria_Rodriguez.png,photo: https://upload.wikimedia.org/wikipedia/commons/5/5d/Maria_Rodriguez.png (speaking at 2026 KY GOP Lincoln Day Dinner; bluish tint)
KY-04,dem,Melissa Strange,,https://raw.githubusercontent.com/ElectIndex/26_us_forecast_data/main/photos/KY-04-dem.jpg,https://ballotpedia.org/Melissa_Strange,photo: https://s3.amazonaws.com/ballotpedia-api4/files/Melissa_Strange_26.jpg (Ballotpedia headshot; cropped)
KY-04,ind,Jeremy Todd,,https://raw.githubusercontent.com/ElectIndex/26_us_forecast_data/main/photos/KY-04-ind.jpg,https://ballotpedia.org/Jeremy_Todd,photo: https://s3.amazonaws.com/ballotpedia-api4/files/IMG-8336_20260716_204353_31430_1.jpeg (Ballotpedia headshot)
KY-05,dem,Ned Pillersdorf,,https://raw.githubusercontent.com/ElectIndex/26_us_forecast_data/main/photos/KY-05-dem.jpg,https://ballotpedia.org/Ned_Pillersdorf,photo: https://s3.amazonaws.com/ballotpedia-api4/files/IMG-5226_20260825_151045_33142_1.jpeg (Ballotpedia headshot)
KY-05,ind,Mikel Wein,,https://raw.githubusercontent.com/ElectIndex/26_us_forecast_data/main/photos/KY-05-ind.jpg,https://ballotpedia.org/Mikel_Wein,photo: https://s3.amazonaws.com/ballotpedia-api4/files/Mikel_Wein_20260416_123907.jpg (Ballotpedia headshot)
KY-05,rep,Harold Rogers,,https://raw.githubusercontent.com/ElectIndex/26_us_forecast_data/main/photos/KY-05-rep.jpg,https://en.wikipedia.org/wiki/Hal_Rogers,photo: https://upload.wikimedia.org/wikipedia/commons/d/db/Harold_Rogers_118th_Congress.jpg (official portrait)
KY-06,dem,Zach Dembo,,https://raw.githubusercontent.com/ElectIndex/26_us_forecast_data/main/photos/KY-06-dem.jpg,https://ballotpedia.org/Zach_Dembo,photo: https://s3.amazonaws.com/ballotpedia-api4/files/Zach_Dembo_20250730_033156.jpg (Ballotpedia headshot; cropped)
KY-06,ind,Pete Lynch,,https://raw.githubusercontent.com/ElectIndex/26_us_forecast_data/main/photos/KY-06-ind.jpg,https://ballotpedia.org/Pete_Lynch,photo: https://s3.amazonaws.com/ballotpedia-api4/files/Campaign-photo-2_20260814_193501_51259_1.jpg (Ballotpedia headshot)
LA-01,dem,Lauren Jewett,,https://raw.githubusercontent.com/ElectIndex/26_us_forecast_data/main/photos/LA-01-dem.jpg,https://www.ballotready.org/people/lauren-jewett,photo: https://assets.civicengine.com/uploads/candidate/headshot/690301/690301.jpg (BallotReady headshot; page lists 2026 race.)
LA-02,ind,Lisa Ballay,,https://raw.githubusercontent.com/ElectIndex/26_us_forecast_data/main/photos/LA-02-ind.jpg,https://www.ballotready.org/people/lisa-ballay,photo: https://assets.civicengine.com/uploads/candidate/headshot/966496/966496.jpg (BallotReady headshot; page lists 2026 race.)
LA-02,rep,Peter Williams,,https://raw.githubusercontent.com/ElectIndex/26_us_forecast_data/main/photos/LA-02-rep.jpg,https://www.ballotready.org/people/peter-williams,photo: https://assets.civicengine.com/uploads/candidate/headshot/326702/326702.jpg (BallotReady headshot; page lists 2026 race.)
LA-03,dem,John Day,,https://raw.githubusercontent.com/ElectIndex/26_us_forecast_data/main/photos/LA-03-dem.jpg,https://www.ballotready.org/people/john-day,photo: https://assets.civicengine.com/uploads/candidate/headshot/942925/942925.jpg (BallotReady headshot; page lists 2026 race.)
LA-03,ind,Tia LeBrun,,https://raw.githubusercontent.com/ElectIndex/26_us_forecast_data/main/photos/LA-03-ind.jpg,https://www.ballotready.org/people/tia-lebrun,photo: https://assets.civicengine.com/uploads/candidate/headshot/690278/690278.jpg (BallotReady headshot; page lists 2026 race.)
LA-04,dem,Matthew Gromlich,,https://raw.githubusercontent.com/ElectIndex/26_us_forecast_data/main/photos/LA-04-dem.jpg,https://www.ballotready.org/people/matt-gromlich,"photo: https://assets.civicengine.com/uploads/candidate/headshot/944727/944727.jpg (BallotReady (Matt Gromlich), LA-04 2026)"
LA-05,dem,Dan McKay,,https://raw.githubusercontent.com/ElectIndex/26_us_forecast_data/main/photos/LA-05-dem.jpg,https://www.ballotready.org/people/dan-mckay,photo: https://assets.civicengine.com/uploads/candidate/headshot/944761/944761.jpg (BallotReady headshot; page lists 2026 race.)
LA-06,dem,"Lindsay ""Rubia"" Garcia",,https://raw.githubusercontent.com/ElectIndex/26_us_forecast_data/main/photos/LA-06-dem.jpg,https://www.ballotready.org/people/lindsay-rubia-garcia,"photo: https://assets.civicengine.com/uploads/candidate/headshot/944760/944760.jpg (BallotReady, LA-06 2026)"
LA-06,ind,Rufus Craig,,https://raw.githubusercontent.com/ElectIndex/26_us_forecast_data/main/photos/LA-06-ind.jpg,https://www.ballotready.org/people/rufus-h-craig,"photo: https://assets.civicengine.com/uploads/candidate/headshot/326428/326428.jpg (BallotReady (Rufus H. Craig), LA-06 2026)"
LA-06,rep,Blake Miguez,,https://raw.githubusercontent.com/ElectIndex/26_us_forecast_data/main/photos/LA-06-rep.jpg,https://senate.la.gov/smembers?ID=22,"photo: https://senate.la.gov/SenPicsLarge/Sen22.jpg (Official Louisiana Senate portrait (state Sen. Blake Miguez, District 22))"
LA-SEN,dem,Jamie Davis,,https://raw.githubusercontent.com/ElectIndex/26_us_forecast_data/main/photos/LA-SEN-dem.jpg,https://www.kalb.com/2026/07/01/jamie-davis-prepares-november-senate-race-against-julia-letlow/,photo: https://gray-kalb-prod.gtv-cdn.com/resizer/v2/YGDZPJ7PP5H6HF5OE4SHYQGE54.jpg?auth=f00d63e75f584e15928b8496eebb94e913f8d043814b81b9290668ddb2c3e253&width=980&height=551&smart=true (KALB interview still (campaign cap); cropped; not a formal headshot)
MA-01,ind,Nadia Milleron,,https://raw.githubusercontent.com/ElectIndex/26_us_forecast_data/main/photos/MA-01-ind.jpg,https://ballotpedia.org/Nadia_Milleron,photo: https://s3.amazonaws.com/ballotpedia-api4/files/NadiaMilleron2024.png
MA-03,rep,Gary Grossi,,https://raw.githubusercontent.com/ElectIndex/26_us_forecast_data/main/photos/MA-03-rep.jpg,https://ballotpedia.org/Gary_Grossi,photo: https://s3.amazonaws.com/ballotpedia-api4/files/GaryGrossi2026_2026-08-03_145559.jpeg
MA-04,rep,Thomas Stalcup,,https://raw.githubusercontent.com/ElectIndex/26_us_forecast_data/main/photos/MA-04-rep.jpg,https://ballotpedia.org/Thomas_Stalcup,photo: https://s3.amazonaws.com/ballotpedia-api4/files/IMG-6486_20260903_230358_33586_1.jpeg
MA-06,rep,Micah Quinney Jones,,https://raw.githubusercontent.com/ElectIndex/26_us_forecast_data/main/photos/MA-06-rep.jpg,https://ballotpedia.org/Micah_Jones,photo: https://s3.amazonaws.com/ballotpedia-api4/files/Micah-Q_Jones-Headshot_20260714_184349_45700_1.png
MA-08,rep,Robert Gerald Burke,,https://raw.githubusercontent.com/ElectIndex/26_us_forecast_data/main/photos/MA-08-rep.jpg,https://ballotpedia.org/Robert_Burke_(Massachusetts),photo: https://s3.amazonaws.com/ballotpedia-api4/files/Robert-Burke.PNG (cropped)
MA-09,rep,Robert MacAllister,,https://raw.githubusercontent.com/ElectIndex/26_us_forecast_data/main/photos/MA-09-rep.jpg,https://ballotpedia.org/R._Tyler_MacAllister,photo: https://s3.amazonaws.com/ballotpedia-api4/files/TylerMacallister2026_2026-08-28_155911.jpg
MA-GOV,rep,Mike Minogue,,https://raw.githubusercontent.com/ElectIndex/26_us_forecast_data/main/photos/MA-GOV-rep.jpg,https://ballotpedia.org/Michael_Minogue,photo: https://s3.amazonaws.com/ballotpedia-api4/files/Michael_Minogue_20260103_081538.jpeg (cropped)
MD-01,dem,Dan Schwartz,,https://raw.githubusercontent.com/ElectIndex/26_us_forecast_data/main/photos/MD-01-dem.jpg,https://ivoterguide.com/all-in-state/maryland,photo: https://images.ivoterguide.com/candidates/094908.jpg (iVoterGuide MD 2026 general guide; low-res 155px)
MD-02,rep,Dave Wallace,,https://raw.githubusercontent.com/ElectIndex/26_us_forecast_data/main/photos/MD-02-rep.jpg,https://ivoterguide.com/all-in-state/maryland,photo: https://images.ivoterguide.com/candidates/003309.jpg (iVoterGuide MD 2026 general guide; low-res 155px)
MD-03,rep,Berney Flowers,,https://raw.githubusercontent.com/ElectIndex/26_us_forecast_data/main/photos/MD-03-rep.jpg,https://ivoterguide.com/all-in-state/maryland,photo: https://images.ivoterguide.com/candidates/062321.jpg (iVoterGuide MD 2026 general guide; low-res 155px)
MD-04,ind,Sam Husseini,,https://raw.githubusercontent.com/ElectIndex/26_us_forecast_data/main/photos/MD-04-ind.jpg,https://ivoterguide.com/all-in-state/maryland,photo: https://images.ivoterguide.com/candidates/096429.jpg (iVoterGuide MD 2026 general guide; low-res 155px)
MD-04,rep,George McDermott,,https://raw.githubusercontent.com/ElectIndex/26_us_forecast_data/main/photos/MD-04-rep.jpg,https://ivoterguide.com/all-in-state/maryland,photo: https://images.ivoterguide.com/candidates/019510.jpg (iVoterGuide MD 2026 general guide; low-res 155px)
MD-05,rep,Chris Chaffee,,https://raw.githubusercontent.com/ElectIndex/26_us_forecast_data/main/photos/MD-05-rep.jpg,https://ivoterguide.com/all-in-state/maryland,photo: https://images.ivoterguide.com/candidates/021056.jpg (iVoterGuide MD 2026 general guide; low-res 155px)
MD-06,ind,Moshe Y. Landman,,https://raw.githubusercontent.com/ElectIndex/26_us_forecast_data/main/photos/MD-06-ind.jpg,https://ivoterguide.com/all-in-state/maryland,photo: https://images.ivoterguide.com/candidates/076710.jpg (iVoterGuide MD 2026 general guide; low-res 155px)
MD-07,rep,Scott Collier,,https://raw.githubusercontent.com/ElectIndex/26_us_forecast_data/main/photos/MD-07-rep.jpg,https://ivoterguide.com/all-in-state/maryland,photo: https://images.ivoterguide.com/candidates/052628.jpg (iVoterGuide MD 2026 general guide; low-res 155px)
MD-08,ind,Nancy Wallace,,https://raw.githubusercontent.com/ElectIndex/26_us_forecast_data/main/photos/MD-08-ind.jpg,https://ivoterguide.com/all-in-state/maryland,photo: https://images.ivoterguide.com/candidates/032912.jpg (iVoterGuide MD 2026 general guide; low-res 155px)
MD-08,rep,Cheryl Riley,,https://raw.githubusercontent.com/ElectIndex/26_us_forecast_data/main/photos/MD-08-rep.jpg,https://ivoterguide.com/all-in-state/maryland,photo: https://images.ivoterguide.com/candidates/079372.jpg (iVoterGuide MD 2026 general guide; low-res 155px)
MD-GOV,ind,Andy Ellis,,https://raw.githubusercontent.com/ElectIndex/26_us_forecast_data/main/photos/MD-GOV-ind.jpg,https://ivoterguide.com/all-in-state/maryland,photo: https://images.ivoterguide.com/candidates/096418.jpg (iVoterGuide MD 2026 general guide; low-res 155px)
ME-01,rep,Ronald Russell,0,https://raw.githubusercontent.com/ElectIndex/26_us_forecast_data/main/photos/ME-01-rep.jpg,https://ballotpedia.org/Ronald_Russell_(Maine_congressional_candidate),"wrong Wikipedia match: Ronald B. Russell — Page is a Democratic Maine state rep (HD-17, Hancock County, 2022-24); candidate is Republican Ron Russell, 71, retired Army Green Beret colonel from Fort Fairfield, 2024 nominee vs Pingree. | photo: https://s3.amazonaws.com/ballotpedia-api4/files/ronaldrussell.jpg"
ME-02,dem,Matthew Dunlap,,https://raw.githubusercontent.com/ElectIndex/26_us_forecast_data/main/photos/ME-02-dem.jpg,https://ballotpedia.org/Matthew_Dunlap,photo: https://s3.amazonaws.com/ballotpedia-api4/files/MatthewDunlap.jpg
MI-01,dem,Callie Barr,,https://raw.githubusercontent.com/ElectIndex/26_us_forecast_data/main/photos/MI-01-dem.jpg,https://michiganadvance.com/voter-guides/contests/1st-district-representative-in-congress/,photo: https://michiganadvance.com/wp-content/uploads/2024/08/339672166_781708253348739_6457969655130436343_n-1024x1024.jpg (Michigan Advance voter guide)
MI-01,ind,Arnett Satterla,,https://raw.githubusercontent.com/ElectIndex/26_us_forecast_data/main/photos/MI-01-ind.jpg,https://ivoterguide.com/voter-guide/eleck/1460,photo: https://images.ivoterguide.com/candidates/096282.jpg (iVoterGuide MI 2026 general guide; low-res 155px)
MI-02,dem,Benjamin Ambrose,,https://raw.githubusercontent.com/ElectIndex/26_us_forecast_data/main/photos/MI-02-dem.jpg,https://www.wgvu.org/vote/us-house-of-representatives/,photo: https://image.pbs.org/bento3-prod/wgvu-bento-live-pbs/Vote%20of%20Confidence/15ae0ff729_ben-ambrose.png (WGVU voter guide)
MI-02,ind,Charlotte Magoon,,https://raw.githubusercontent.com/ElectIndex/26_us_forecast_data/main/photos/MI-02-ind.jpg,https://www.wgvu.org/vote/us-house-of-representatives/,photo: https://image.pbs.org/bento3-prod/wgvu-bento-live-pbs/Vote%20of%20Confidence/9d5f4da1e3_Green%20Party%20Charlotte%20Magoon.jpg (WGVU voter guide; low-res 200x300)
MI-03,ind,Joe Jock,,https://raw.githubusercontent.com/ElectIndex/26_us_forecast_data/main/photos/MI-03-ind.jpg,https://www.wgvu.org/vote/us-house-of-representatives/,photo: https://image.pbs.org/bento3-prod/wgvu-bento-live-pbs/Vote%20of%20Confidence/46e25a9e2d_joe%20jock.png (WGVU voter guide; low-res)
MI-03,rep,Terri DeBoer,,https://raw.githubusercontent.com/ElectIndex/26_us_forecast_data/main/photos/MI-03-rep.jpg,https://www.wgvu.org/vote/us-house-of-representatives/,photo: https://image.pbs.org/bento3-prod/wgvu-bento-live-pbs/Vote%20of%20Confidence/da78627ded_Terri%20DeBoer.jpg (WGVU voter guide)
MI-04,dem,Sean McCann,,https://raw.githubusercontent.com/ElectIndex/26_us_forecast_data/main/photos/MI-04-dem.jpg,https://www.wgvu.org/vote/us-house-of-representatives/,photo: https://image.pbs.org/bento3-prod/wgvu-bento-live-pbs/Vote%20of%20Confidence/f94ef644ac_sean-mccann.jpeg (WGVU voter guide)
MI-04,ind,Shafina Che Barnett,,https://raw.githubusercontent.com/ElectIndex/26_us_forecast_data/main/photos/MI-04-ind.jpg,https://ivoterguide.com/voter-guide/eleck/1460,photo: https://images.ivoterguide.com/candidates/096310.jpg (iVoterGuide MI 2026 general guide; low-res 155px)
MI-05,dem,Christian Vukasovich,,https://raw.githubusercontent.com/ElectIndex/26_us_forecast_data/main/photos/MI-05-dem.jpg,https://michiganadvance.com/voter-guides/contests/5th-district-representative-in-congress/,photo: https://michiganadvance.com/wp-content/uploads/2026/05/o9a2231.jpg (Michigan Advance voter guide (caption: Christian Vukasovich campaign photo))
MI-05,ind,Jim Bronke,,https://raw.githubusercontent.com/ElectIndex/26_us_forecast_data/main/photos/MI-05-ind.jpg,https://ivoterguide.com/voter-guide/eleck/1460,photo: https://images.ivoterguide.com/candidates/083729.jpg (iVoterGuide MI 2026 general guide; low-res 155px)
MI-06,ind,Clyde Shabazz,,https://raw.githubusercontent.com/ElectIndex/26_us_forecast_data/main/photos/MI-06-ind.jpg,https://ivoterguide.com/voter-guide/eleck/1460,photo: https://images.ivoterguide.com/candidates/056017.jpg (iVoterGuide MI 2026 general guide; low-res 155px)
MI-06,rep,Heather Smiley,,https://raw.githubusercontent.com/ElectIndex/26_us_forecast_data/main/photos/MI-06-rep.jpg,https://michiganadvance.com/voter-guides/contests/6th-district-representative-in-congress/,photo: https://michiganadvance.com/wp-content/uploads/2026/05/Campaign-Pic_Big-Smile_No-Background_lr-683x1024.jpg (Michigan Advance voter guide)
MI-07,dem,William Lawrence,,https://raw.githubusercontent.com/ElectIndex/26_us_forecast_data/main/photos/MI-07-dem.jpg,https://michiganadvance.com/voter-guides/contests/7th-district-representative-in-congress/,photo: https://michiganadvance.com/wp-content/uploads/2026/04/IMG_9320-1024x683.jpg (Michigan Advance voter guide; cropped from event photo)
MI-07,ind,Shane Dedrick,,https://raw.githubusercontent.com/ElectIndex/26_us_forecast_data/main/photos/MI-07-ind.jpg,https://ivoterguide.com/voter-guide/eleck/1460,photo: https://images.ivoterguide.com/candidates/096381.jpg (iVoterGuide MI 2026 general guide; low-res 155px)
MI-08,ind,C. Mia Pettus,,https://raw.githubusercontent.com/ElectIndex/26_us_forecast_data/main/photos/MI-08-ind.jpg,https://ivoterguide.com/voter-guide/eleck/1460,photo: https://images.ivoterguide.com/candidates/096384.jpg (iVoterGuide MI 2026 general guide; low-res 155px)
MI-08,rep,Thomas J. Smith,,https://raw.githubusercontent.com/ElectIndex/26_us_forecast_data/main/photos/MI-08-rep.jpg,https://michiganadvance.com/voter-guides/contests/8th-district-representative-in-congress/,photo: https://michiganadvance.com/wp-content/uploads/2026/05/Screenshot-2026-07-12-194156.png (Michigan Advance voter guide; cropped)
MI-09,dem,Ray Pooley,,https://raw.githubusercontent.com/ElectIndex/26_us_forecast_data/main/photos/MI-09-dem.jpg,https://michiganadvance.com/voter-guides/contests/9th-district-representative-in-congress/,photo: https://michiganadvance.com/wp-content/uploads/2026/05/Screenshot-2026-05-11-152503.png (Michigan Advance voter guide; casual photo w/ sunglasses+cap)
MI-09,ind,Destiny Clayton,,https://raw.githubusercontent.com/ElectIndex/26_us_forecast_data/main/photos/MI-09-ind.jpg,https://ivoterguide.com/voter-guide/eleck/1460,photo: https://images.ivoterguide.com/candidates/074655.jpg (iVoterGuide MI 2026 general guide; low-res 155px)
MI-10,dem,Christina Hines,,https://raw.githubusercontent.com/ElectIndex/26_us_forecast_data/main/photos/MI-10-dem.jpg,https://michiganadvance.com/voter-guides/contests/10th-district-representative-in-congress/,photo: https://michiganadvance.com/wp-content/uploads/2025/04/Christina58of711_1746021284263-1024x808.jpg (Michigan Advance voter guide; cropped)
MI-10,ind,Kwabena Nkromo,,https://raw.githubusercontent.com/ElectIndex/26_us_forecast_data/main/photos/MI-10-ind.jpg,https://ivoterguide.com/voter-guide/eleck/1460,photo: https://images.ivoterguide.com/candidates/096488.jpg (iVoterGuide MI 2026 general guide; low-res 155px)
MI-10,rep,Michael Bouchard Jr.,,https://raw.githubusercontent.com/ElectIndex/26_us_forecast_data/main/photos/MI-10-rep.jpg,https://michiganadvance.com/voter-guides/contests/10th-district-representative-in-congress/,photo: https://michiganadvance.com/wp-content/uploads/2026/05/616821447_122118693435115934_3975229254277276919_n-1024x683.jpg (Michigan Advance voter guide; cropped)
MI-11,ind,Anil Kumar,,https://raw.githubusercontent.com/ElectIndex/26_us_forecast_data/main/photos/MI-11-ind.jpg,https://ivoterguide.com/voter-guide/eleck/1460,photo: https://images.ivoterguide.com/candidates/034648.jpg (iVoterGuide MI 2026 general guide; low-res 155px)
MI-11,rep,Ethan Baker,,https://raw.githubusercontent.com/ElectIndex/26_us_forecast_data/main/photos/MI-11-rep.jpg,https://michiganadvance.com/voter-guides/contests/11th-district-representative-in-congress/,photo: https://michiganadvance.com/wp-content/uploads/2026/05/image-788x1024.jpeg (Michigan Advance voter guide)
MI-12,ind,Brenda K. Sanders,,https://raw.githubusercontent.com/ElectIndex/26_us_forecast_data/main/photos/MI-12-ind.jpg,https://ivoterguide.com/voter-guide/eleck/1460,photo: https://images.ivoterguide.com/candidates/086147.jpg (iVoterGuide MI 2026 general guide; low-res 155px)
MI-12,rep,James D. Hooper,,https://raw.githubusercontent.com/ElectIndex/26_us_forecast_data/main/photos/MI-12-rep.jpg,https://michiganadvance.com/voter-guides/contests/12th-district-representative-in-congress/,photo: https://michiganadvance.com/wp-content/uploads/2026/05/Screenshot-2026-05-12-123810.png (Michigan Advance voter guide; cropped)
MI-13,rep,T.P. Nykoriak,,https://raw.githubusercontent.com/ElectIndex/26_us_forecast_data/main/photos/MI-13-rep.jpg,https://michiganadvance.com/voter-guides/contests/13th-district-representative-in-congress/,"photo: https://michiganadvance.com/wp-content/uploads/2026/05/Aarp.jpg (Michigan Advance voter guide; low-res 200x300, event backdrop)"
MI-GOV,ind,Anthony Hudson,,https://raw.githubusercontent.com/ElectIndex/26_us_forecast_data/main/photos/MI-GOV-ind.jpg,https://www.wgvu.org/vote/governor/,photo: https://image.pbs.org/bento3-prod/wgvu-bento-live-pbs/Vote%20of%20Confidence/253e7fc5c2_anthony%20hudson.png (WGVU voter guide (filename anthony hudson))
MI-SEN,ind,Douglas P. Marsh,,https://raw.githubusercontent.com/ElectIndex/26_us_forecast_data/main/photos/MI-SEN-ind.jpg,https://www.wgvu.org/vote/senate/,photo: https://image.pbs.org/bento3-prod/wgvu-bento-live-pbs/Vote%20of%20Confidence/3f893cdaa5_douglas-p-marsh.png (WGVU voter guide (filename douglas-p-marsh))
MN-01,dem,Jake Johnson,,https://raw.githubusercontent.com/ElectIndex/26_us_forecast_data/main/photos/MN-01-dem.jpg,https://ballotpedia.org/Jake_Johnson_(Minnesota),photo: https://s3.amazonaws.com/ballotpedia-api4/files/headshot_20260926_153053_59047_1.jpg
MN-03,rep,Tyler Bass,,https://raw.githubusercontent.com/ElectIndex/26_us_forecast_data/main/photos/MN-03-rep.jpg,https://ballotpedia.org/Tyler_Bass,photo: https://s3.amazonaws.com/ballotpedia-api4/files/Tyler_Bass_20260212_044527.jpg (cropped)
MN-04,rep,Paul Wikstrom,,https://raw.githubusercontent.com/ElectIndex/26_us_forecast_data/main/photos/MN-04-rep.jpg,https://ballotpedia.org/Paul_Wikstrom,photo: https://s3.amazonaws.com/ballotpedia-api4/files/Wikstrom-Photo-high-res_20260627_020636_42311_1.jpg
MN-05,ind,DeVelle L. Jackson,,https://raw.githubusercontent.com/ElectIndex/26_us_forecast_data/main/photos/MN-05-ind.jpg,https://ballotpedia.org/DeVelle_Jackson,photo: https://s3.amazonaws.com/ballotpedia-api4/files/Campaign-Headshot-Ballotpedia_20260814_043120_51189_1.jpg
MN-05,rep,John Nagel,,https://raw.githubusercontent.com/ElectIndex/26_us_forecast_data/main/photos/MN-05-rep.jpg,https://ballotpedia.org/John_Nagel,photo: https://s3.amazonaws.com/ballotpedia-api4/files/Nagel-Square-Pic_20260930_155843_60763_1.jpeg
MN-06,dem,Doug Chapin,,https://raw.githubusercontent.com/ElectIndex/26_us_forecast_data/main/photos/MN-06-dem.jpg,https://ballotpedia.org/Doug_Chapin,photo: https://s3.amazonaws.com/ballotpedia-api4/files/Doug_Chapin_20250903_021045.jpg
MN-07,dem,Erik Osberg,,https://raw.githubusercontent.com/ElectIndex/26_us_forecast_data/main/photos/MN-07-dem.jpg,https://ballotpedia.org/Erik_Osberg,photo: https://s3.amazonaws.com/ballotpedia-api4/files/Erik_Osberg_20251126_051317.jpeg
MN-08,dem,Trina Swanson,,https://raw.githubusercontent.com/ElectIndex/26_us_forecast_data/main/photos/MN-08-dem.jpg,https://ballotpedia.org/Trina_Swanson,photo: https://s3.amazonaws.com/ballotpedia-api4/files/Trina_Swanson_20260224_044335.jpg
MN-GOV,ind,Steven Young and Jane Kirby,,https://raw.githubusercontent.com/ElectIndex/26_us_forecast_data/main/photos/MN-GOV-ind.jpg,https://www.kaxe.org/2026-09-28/governor-demuth-klobuchar-young-mn-2026-election-guide,"photo: http://npr-brightspot.s3.amazonaws.com/60/58/620d4fa74b5a88c6bf4d521cef0c/stevenyounggovernor-1.jpg (Steven Young (top of Young/Kirby ticket); cropped, EXIF-rotated)"
MN-SEN,ind,Rebecca Whiting,,https://raw.githubusercontent.com/ElectIndex/26_us_forecast_data/main/photos/MN-SEN-ind.jpg,https://ballotpedia.org/Rebecca_Whiting,photo: https://s3.amazonaws.com/ballotpedia-api4/files/RebeccaWhiting.jpg
MO-01,ind,Tom Schmitz,,https://raw.githubusercontent.com/ElectIndex/26_us_forecast_data/main/photos/MO-01-ind.jpg,https://ballotpedia.org/Tom_Schmitz,photo: https://s3.amazonaws.com/ballotpedia-api4/files/Tom-Schmitz-2026-profile_20260728_054722_31965_1.jpg
MO-01,rep,Paul Berry,,https://raw.githubusercontent.com/ElectIndex/26_us_forecast_data/main/photos/MO-01-rep.jpg,https://ballotpedia.org/Paul_Berry_(Missouri),photo: https://s3.amazonaws.com/ballotpedia-api4/files/PaulBerryMO_2026-07-10_155910.jpg
MO-02,dem,Fred Wellman,,https://raw.githubusercontent.com/ElectIndex/26_us_forecast_data/main/photos/MO-02-dem.jpg,https://ballotpedia.org/Frederick_Wellman,photo: https://s3.amazonaws.com/ballotpedia-api4/files/Frederick_Wellman2026.jpg
MO-02,ind,Brandon Coulter Daugherty,,https://raw.githubusercontent.com/ElectIndex/26_us_forecast_data/main/photos/MO-02-ind.jpg,https://ballotpedia.org/Brandon_Daugherty,photo: https://s3.amazonaws.com/ballotpedia-api4/files/bdaugherty.png
MO-03,dem,Bethany Mann,,https://raw.githubusercontent.com/ElectIndex/26_us_forecast_data/main/photos/MO-03-dem.jpg,https://ballotpedia.org/Bethany_Mann,photo: https://s3.amazonaws.com/ballotpedia-api4/files/Bethany_Mann.jpg
MO-03,ind,Jim Higgins,,https://raw.githubusercontent.com/ElectIndex/26_us_forecast_data/main/photos/MO-03-ind.jpg,https://ballotpedia.org/Jim_Higgins,photo: https://s3.amazonaws.com/ballotpedia-api4/files/Jim_Higgins.jpg
MO-04,dem,Jordan Herrera,,https://raw.githubusercontent.com/ElectIndex/26_us_forecast_data/main/photos/MO-04-dem.jpg,https://ballotpedia.org/Jordan_Herrera,photo: https://s3.amazonaws.com/ballotpedia-api4/files/Jordan_Herrera_2025.jpg (cropped)
MO-04,ind,Thomas Holbrook,0,https://raw.githubusercontent.com/ElectIndex/26_us_forecast_data/main/photos/MO-04-ind.jpg,https://ballotpedia.org/Thomas_Holbrook_(Missouri),"wrong Wikipedia match: Thomas Holbrook — Page is an Illinois Democrat (ex-IL state rep, St. Clair County Clerk); candidate is the Missouri Libertarian nominee in MO-04. | photo: https://s3.amazonaws.com/ballotpedia-api4/files/ThomasHolbrook_MO.jpg"
MO-05,ind,Randall (Randy) Langkraehr,,https://raw.githubusercontent.com/ElectIndex/26_us_forecast_data/main/photos/MO-05-ind.jpg,https://ballotpedia.org/Randy_Langkraehr,photo: https://s3.amazonaws.com/ballotpedia-api4/files/Randy_Langkraehr.jpg (cropped; low-res)
MO-05,rep,Rick Brattin,,https://raw.githubusercontent.com/ElectIndex/26_us_forecast_data/main/photos/MO-05-rep.jpg,https://ballotpedia.org/Rick_Brattin,photo: https://s3.amazonaws.com/ballotpedia-api4/files/Rick-Brattin.jpg (cropped; low-res)
MO-06,dem,Josh Smead,,https://raw.githubusercontent.com/ElectIndex/26_us_forecast_data/main/photos/MO-06-dem.jpg,https://ballotpedia.org/Josh_Smead,photo: https://s3.amazonaws.com/ballotpedia-api4/files/JoshSmead2025.jpg (cropped)
MO-06,ind,Andy Maidment,,https://raw.githubusercontent.com/ElectIndex/26_us_forecast_data/main/photos/MO-06-ind.jpg,https://ballotpedia.org/Andy_Maidment,photo: https://s3.amazonaws.com/ballotpedia-api4/files/Seated-relaxed-cropped-small_20260930_222504_62050_1.jpg
MO-07,dem,Missi Hesketh,,https://raw.githubusercontent.com/ElectIndex/26_us_forecast_data/main/photos/MO-07-dem.jpg,https://ballotpedia.org/Missi_Hesketh,photo: https://s3.amazonaws.com/ballotpedia-api4/files/Missy_Hekseth_26.jpg (cropped; low-res)
MO-07,ind,Kevin Craig,,https://raw.githubusercontent.com/ElectIndex/26_us_forecast_data/main/photos/MO-07-ind.jpg,https://ballotpedia.org/Kevin_Craig_(Missouri),photo: https://s3.amazonaws.com/ballotpedia-api4/files/Kevin_Craig.jpg (cropped; low-res)
MO-08,dem,Christopher Reichard,,https://raw.githubusercontent.com/ElectIndex/26_us_forecast_data/main/photos/MO-08-dem.jpg,https://ballotpedia.org/Christopher_Reichard,photo: https://s3.amazonaws.com/ballotpedia-api4/files/Christopher_Reichard_20260120_124924.jpeg
MO-08,ind,Rebecca Sharpe Lombard,,https://raw.githubusercontent.com/ElectIndex/26_us_forecast_data/main/photos/MO-08-ind.jpg,https://ballotpedia.org/Rebecca_Sharpe_Lombard,photo: https://s3.amazonaws.com/ballotpedia-api4/files/Jul42022127AM_122386209_20220329_192710.jpg
MS-01,dem,Cliff Johnson,,https://raw.githubusercontent.com/ElectIndex/26_us_forecast_data/main/photos/MS-01-dem.jpg,https://ballotpedia.org/Cliff_Johnson_(Mississippi),photo: https://s3.amazonaws.com/ballotpedia-api4/files/cjohnson2.JPEG (1215x1365)
MS-01,ind,Johnny Baucom,,https://raw.githubusercontent.com/ElectIndex/26_us_forecast_data/main/photos/MS-01-ind.jpg,https://ivoterguide.com/candidate/95691/race/29437/election/1440,photo: https://images.ivoterguide.com/candidates/095691.jpg (low-res 155x155; iVoterGuide candidate photo)
MS-02,ind,Bennie Foster,,https://raw.githubusercontent.com/ElectIndex/26_us_forecast_data/main/photos/MS-02-ind.jpg,https://ballotpedia.org/Bennie_Foster,photo: https://s3.amazonaws.com/ballotpedia-api4/files/595424055-122157602720863477-3375781059018741477-n_20260901_050527_53369_5.jpg (1179x1179)
MS-02,rep,Ron Eller,,https://raw.githubusercontent.com/ElectIndex/26_us_forecast_data/main/photos/MS-02-rep.jpg,https://ballotpedia.org/Ron_Eller,photo: https://s3.amazonaws.com/ballotpedia-api4/files/Ron_Eller.jpeg (1723x2868)
MS-03,dem,Michael Chiaradio,,https://raw.githubusercontent.com/ElectIndex/26_us_forecast_data/main/photos/MS-03-dem.jpg,https://ballotpedia.org/Michael_Chiaradio,photo: https://s3.amazonaws.com/ballotpedia-api4/files/Michael_Chiaradio.jpg (1968x2624)
MS-03,ind,Erik Kiehle,,https://raw.githubusercontent.com/ElectIndex/26_us_forecast_data/main/photos/MS-03-ind.jpg,https://ballotpedia.org/Erik_Kiehle,photo: https://s3.amazonaws.com/ballotpedia-api4/files/Erik_Kiehle_2026.jpg (400x400)
MS-04,ind,Carl Boyanton,,https://raw.githubusercontent.com/ElectIndex/26_us_forecast_data/main/photos/MS-04-ind.jpg,https://ballotpedia.org/Carl_Boyanton,photo: https://s3.amazonaws.com/ballotpedia-api4/files/Carl4congress_profile_pic.jpg (1920x2560)
MS-SEN,dem,Scott Colom,,https://raw.githubusercontent.com/ElectIndex/26_us_forecast_data/main/photos/MS-SEN-dem.jpg,https://ballotpedia.org/Scott_Colom,photo: https://s3.amazonaws.com/ballotpedia-api4/files/ScottColom2025.jpeg (1398x1310)
MS-SEN,ind,Ty Pinkins,,https://raw.githubusercontent.com/ElectIndex/26_us_forecast_data/main/photos/MS-SEN-ind.jpg,https://ballotpedia.org/Ty_Pinkins,photo: https://s3.amazonaws.com/ballotpedia-api4/files/Ty-Headshot_20260507_001045_24236.jpg (3000x2585 center-cropped)
MT-01,ind,Nick Sheedy,,https://raw.githubusercontent.com/ElectIndex/26_us_forecast_data/main/photos/MT-01-ind.jpg,https://projects.montanafreepress.org/election-guide-2026/candidates/nick-sheedy/,photo: https://projects.montanafreepress.org/election-guide-2026/portraits/nick-sheedy.webp (Montana Free Press guide portrait; stylized B&W cutout on yellow circle)
MT-01,rep,Aaron Flint,0,https://raw.githubusercontent.com/ElectIndex/26_us_forecast_data/main/photos/MT-01-rep.jpg,https://ballotpedia.org/Aaron_Flint_(Montana),wrong Wikipedia match: Aaron Flint Jamison — Page is a conceptual artist / Univ. of Washington art professor; candidate is Montana radio host Aaron Flint (GOP nominee vs Sam Forstag). | photo: https://s3.amazonaws.com/ballotpedia-api4/files/Untitled-design_20260720_225319_46785_1.jpg (Ballotpedia headshot; cropped)
MT-02,dem,Brian Miller,,https://raw.githubusercontent.com/ElectIndex/26_us_forecast_data/main/photos/MT-02-dem.jpg,https://www.miller4congress.com/about-5,photo: https://static.wixstatic.com/media/71f2e5_c8325d924542483d953c55f55e0ec3aa~mv2.jpg (campaign site (linked from Ballotpedia Brian_Miller_(Montana)); cropped)
MT-02,ind,Michael D Eisenhauer,,https://raw.githubusercontent.com/ElectIndex/26_us_forecast_data/main/photos/MT-02-ind.jpg,https://ballotpedia.org/Michael_Eisenhauer,photo: https://s3.amazonaws.com/ballotpedia-api4/files/Michael_Eisenhauer_20251220_123359.jpg (Ballotpedia headshot)
MT-SEN,dem,Alani Bankhead,,https://raw.githubusercontent.com/ElectIndex/26_us_forecast_data/main/photos/MT-SEN-dem.jpg,https://en.wikipedia.org/wiki/2026_United_States_Senate_election_in_Montana,photo: https://upload.wikimedia.org/wikipedia/commons/5/5e/Alani_Bankhead_USAF_2021.png (2021 video still)
NC-01,ind,Tom Bailey,,https://raw.githubusercontent.com/ElectIndex/26_us_forecast_data/main/photos/NC-01-ind.jpg,https://www.ballotready.org/people/tom-bailey,"photo: https://assets.civicengine.com/uploads/candidate/headshot/188335/188335.jpg (BallotReady headshot, low-res)"
NC-02,ind,Matthew Laszacs,,https://raw.githubusercontent.com/ElectIndex/26_us_forecast_data/main/photos/NC-02-ind.jpg,https://www.lpnc.org/matthew_laszacs_us_house_nc_district_2,photo: https://assets.nationbuilder.com/lpnc/pages/9872/attachments/original/1786067568/matthew_l_headshot.jpeg (LPNC candidate page headshot)
NC-02,rep,Eugene Douglass,,https://raw.githubusercontent.com/ElectIndex/26_us_forecast_data/main/photos/NC-02-rep.jpg,https://www.pbs.org/video/eugene-douglass-republican-candidate-for-ncs-2nd-congressional-district-biv9vp/,"photo: https://image.pbs.org/video-assets/P92Ug5D-asset-mezzanine-16x9-9EW9VJt.jpg (PBS NC interview frame, cropped)"
NC-03,ind,Daniel Cavender,,https://raw.githubusercontent.com/ElectIndex/26_us_forecast_data/main/photos/NC-03-ind.jpg,https://www.ballotready.org/people/daniel-cavender,"photo: https://assets.civicengine.com/uploads/candidate/headshot/798009/798009.jpg (BallotReady headshot, low-res)"
NC-04,ind,Guy Meilleur,,https://raw.githubusercontent.com/ElectIndex/26_us_forecast_data/main/photos/NC-04-ind.jpg,https://www.ballotready.org/people/guy-meilleur,photo: https://assets.civicengine.com/uploads/candidate/headshot/188429/188429.jpg (BallotReady headshot)
NC-04,rep,Max Ganorkar,,https://raw.githubusercontent.com/ElectIndex/26_us_forecast_data/main/photos/NC-04-rep.jpg,https://www.pbs.org/video/mahesh-ganorkar-republican-candidate-for-ncs-4th-congressional-district-xiojuf/,"photo: https://image.pbs.org/video-assets/rkjRyEo-asset-mezzanine-16x9-dzWGrTE.jpg (PBS NC interview frame, cropped)"
NC-05,dem,Chuck Hubbard,,https://raw.githubusercontent.com/ElectIndex/26_us_forecast_data/main/photos/NC-05-dem.jpg,https://hubbardforcongress.com/,"photo: https://hubbardforcongress.com/wp-content/uploads/2024/04/hubbardhero.webp (campaign site hero, cropped)"
NC-05,ind,Robert B. Luffman,,https://raw.githubusercontent.com/ElectIndex/26_us_forecast_data/main/photos/NC-05-ind.jpg,https://www.ballotready.org/people/robert-b-luffman,"photo: https://assets.civicengine.com/uploads/candidate/headshot/961170/961170.jpg (BallotReady headshot, low-res)"
NC-06,dem,Cyril Jefferson,,https://raw.githubusercontent.com/ElectIndex/26_us_forecast_data/main/photos/NC-06-dem.jpg,https://www.cyrilforcongress.com/,"photo: https://run.imgix.net/9737c2de-b64d-4bdb-8b6b-f4061378eaaf/a8a9cae7-2217-4e08-9373-d97675245ad1/a8a9cae7-2217-4e08-9373-d97675245ad1.jpeg (campaign site photo, cropped)"
NC-07,dem,Kimberly Hardy,,https://raw.githubusercontent.com/ElectIndex/26_us_forecast_data/main/photos/NC-07-dem.jpg,https://www.ballotready.org/people/kimberly-michelle-hardy,"photo: https://assets.civicengine.com/uploads/candidate/headshot/389269/kimberly-michelle-hardy.jpeg (BallotReady headshot, cropped)"
NC-07,ind,Maad Abu-Ghazalah,,https://raw.githubusercontent.com/ElectIndex/26_us_forecast_data/main/photos/NC-07-ind.jpg,https://www.ballotready.org/people/maad-abu-ghazalah,photo: https://assets.civicengine.com/uploads/candidate/headshot/961171/961171.jpg (BallotReady headshot)
NC-08,dem,Colby Watson,,https://raw.githubusercontent.com/ElectIndex/26_us_forecast_data/main/photos/NC-08-dem.jpg,https://www.colbyforcongress.com/,"photo: https://static.wixstatic.com/media/2668f1_dcd95e3db15042f3ace94f3c8e8b7686~mv2.jpg (campaign site hero, cropped)"
NC-08,ind,Bo Whitehead,,https://raw.githubusercontent.com/ElectIndex/26_us_forecast_data/main/photos/NC-08-ind.jpg,https://whiteheadforcongressnc.carrd.co/,"photo: https://whiteheadforcongressnc.carrd.co/assets/images/image02.jpg (campaign site photo, cropped)"
NC-10,dem,Ashley Bell,0,https://raw.githubusercontent.com/ElectIndex/26_us_forecast_data/main/photos/NC-10-dem.jpg,https://www.ashleybellforcongress.com/about-copy,"wrong Wikipedia match: Ashley Bell (politician) — Page is Ashley Daniel Bell, Georgia Republican lawyer / SBA Region IV administrator; candidate is Ashley Bell, Winston-Salem physician associate and realtor (Democratic nominee). | photo: https://run.imgix.net/998e0e2c-3f71-4fae-be20-90063390b097/7bce7f28-d8b9-42a5-82d5-e38e34276edd/7bce7f28-d8b9-42a5-82d5-e38e34276edd.jpg (campaign site photo, cropped)"
NC-10,ind,Steven Feldman,,https://raw.githubusercontent.com/ElectIndex/26_us_forecast_data/main/photos/NC-10-ind.jpg,https://www.lpnc.org/feldman26,photo: https://assets.nationbuilder.com/lpnc/pages/9906/meta_images/original/SteveFeldman.jpeg (LPNC candidate page)
NC-11,dem,Jamie Ager,,https://raw.githubusercontent.com/ElectIndex/26_us_forecast_data/main/photos/NC-11-dem.jpg,https://agerforcongress.com/,"photo: https://agerforcongress.com/wp-content/uploads/2026/08/agermobileheronew.webp (campaign site hero, cropped)"
NC-11,ind,Travis Groo,,https://raw.githubusercontent.com/ElectIndex/26_us_forecast_data/main/photos/NC-11-ind.jpg,https://www.ballotready.org/people/travis-groo,"photo: https://assets.civicengine.com/uploads/candidate/headshot/188399/188399.jpg (BallotReady headshot, low-res)"
NC-12,rep,Jack Codiga,,https://raw.githubusercontent.com/ElectIndex/26_us_forecast_data/main/photos/NC-12-rep.jpg,https://www.pbs.org/video/jack-codiga-republican-candidate-for-ncs-12th-congressional-district-arshhq/,"photo: https://image.pbs.org/video-assets/fearniG-asset-mezzanine-16x9-UWNhtlT.jpg (PBS NC interview frame (video call), cropped)"
NC-13,dem,Paul Barringer,0,https://raw.githubusercontent.com/ElectIndex/26_us_forecast_data/main/photos/NC-13-dem.jpg,https://ballotpedia.org/Paul_Barringer,"wrong Wikipedia match: Paul Barringer — Page is Paul Barringer (1778-1844), War of 1812 veteran and NC legislator; not the 2026 Democratic nominee. | photo: https://s3.amazonaws.com/ballotpedia-api4/files/Paul_Barringer_26.jpg (Ballotpedia: Democratic nominee NC-13 2026.)"
NC-14,dem,LaKesha Womack,,https://raw.githubusercontent.com/ElectIndex/26_us_forecast_data/main/photos/NC-14-dem.jpg,https://www.pbs.org/video/lakesha-womack-democratic-candidate-for-ncs-14th-congressional-district-5dyxti/,"photo: https://image.pbs.org/video-assets/dobYs5w-asset-mezzanine-16x9-eiNgxvF.jpg (PBS NC interview frame (video call), cropped)"
NC-SEN,ind,Michael Dublin,,https://raw.githubusercontent.com/ElectIndex/26_us_forecast_data/main/photos/NC-SEN-ind.jpg,https://www.ballotready.org/people/michael-dublin-6fb05305-1943-4492-82ab-432100905d64,"photo: https://assets.civicengine.com/uploads/candidate/headshot/833794/833794.jpg (BallotReady headshot, low-res 200px (matches gp.org photo))"
ND-01,dem,Trygve Hammer,,https://raw.githubusercontent.com/ElectIndex/26_us_forecast_data/main/photos/ND-01-dem.jpg,https://ivoterguide.com/all-in-state/north-dakota,photo: https://images.ivoterguide.com/candidates/073484.jpg (iVoterGuide 2026 general guide; low-res 155px)
ND-01,ind,Charles Tuttle,,https://raw.githubusercontent.com/ElectIndex/26_us_forecast_data/main/photos/ND-01-ind.jpg,https://ivoterguide.com/all-in-state/north-dakota,photo: https://images.ivoterguide.com/candidates/044450.jpg (iVoterGuide 2026 general guide; low-res 155px)
NE-01,dem,Christopher Backemeyer,,https://raw.githubusercontent.com/ElectIndex/26_us_forecast_data/main/photos/NE-01-dem.jpg,https://en.wikipedia.org/wiki/2026_United_States_House_of_Representatives_elections_in_Nebraska,photo: https://upload.wikimedia.org/wikipedia/commons/d/d5/Christopher_Backemyer_DOS_%28cropped%29.jpg (State Dept portrait; low-res 217x290)
NE-01,ind,Nik Sandman,,https://raw.githubusercontent.com/ElectIndex/26_us_forecast_data/main/photos/NE-01-ind.jpg,https://ballotpedia.org/Nik_Sandman,photo: https://s3.amazonaws.com/ballotpedia-api4/files/NikSandman.jpeg (Ballotpedia headshot)
NE-02,dem,Denise Powell,,https://raw.githubusercontent.com/ElectIndex/26_us_forecast_data/main/photos/NE-02-dem.jpg,https://ballotpedia.org/Denise_Powell,photo: https://s3.amazonaws.com/ballotpedia-api4/files/Denise_Powell_20250512_025941.jpg (Ballotpedia headshot; cropped)
NE-02,ind,Eric Michael Foreman,,https://raw.githubusercontent.com/ElectIndex/26_us_forecast_data/main/photos/NE-02-ind.jpg,https://ballotpedia.org/Eric_Michael_Foreman,photo: https://s3.amazonaws.com/ballotpedia-api4/files/Eric_Foreman.jpg (Ballotpedia headshot)
NE-02,rep,Brinker Harding,,https://raw.githubusercontent.com/ElectIndex/26_us_forecast_data/main/photos/NE-02-rep.jpg,https://www.brinkerharding.com/,photo: https://images.squarespace-cdn.com/content/v1/686220fecacd134503b4365c/ad1c74a1-fae7-4c06-8247-688e088d63f4/HEADSHOT_BRINKER_NOBG_2_Compressed.png (campaign site headshot)
NE-03,dem,Becky Stille,,https://raw.githubusercontent.com/ElectIndex/26_us_forecast_data/main/photos/NE-03-dem.jpg,https://www.branch.vote/races/2026-nebraska-primary-election-ne-state-u.s.-representative-ne-congressional-3-d/candidates/becky-kelly-stille,photo: https://branch-production-bucket.s3.amazonaws.com/images/candidates/1776259210735_blob (Branch voter guide headshot (Becky Kelly Stille))
NE-03,ind,Mark Cohen,,https://raw.githubusercontent.com/ElectIndex/26_us_forecast_data/main/photos/NE-03-ind.jpg,https://ballotpedia.org/Mark_Cohen_(Nebraska),photo: https://s3.amazonaws.com/ballotpedia-api4/files/MarkCohen2025.jpg (Ballotpedia headshot)
NE-GOV,dem,Lynne Walz,,https://raw.githubusercontent.com/ElectIndex/26_us_forecast_data/main/photos/NE-GOV-dem.jpg,https://ballotpedia.org/Lynne_Walz,photo: https://s3.amazonaws.com/ballotpedia-api4/files/Lynne_WalzNE2_2026-04-28_192741.jpg (Ballotpedia headshot)
NH-01,rep,Anthony DiLorenzo,,https://raw.githubusercontent.com/ElectIndex/26_us_forecast_data/main/photos/NH-01-rep.jpg,https://ballotpedia.org/Anthony_DiLorenzo,photo: https://s3.amazonaws.com/ballotpedia-api4/files/IMG-6364_20260809_225239_32483_1.jpeg (cropped)
NH-02,ind,Robbie Mahrou,,https://raw.githubusercontent.com/ElectIndex/26_us_forecast_data/main/photos/NH-02-ind.jpg,https://ballotpedia.org/Robbie_Mahrou,photo: https://s3.amazonaws.com/ballotpedia-api4/files/image-_20__20260610_160131_29705_1.jpg
NH-02,rep,Lily Williams,,https://raw.githubusercontent.com/ElectIndex/26_us_forecast_data/main/photos/NH-02-rep.jpg,https://ballotpedia.org/Lily_Williams,photo: https://s3.amazonaws.com/ballotpedia-api4/files/Lily_Williams1.jpg
NH-GOV,dem,Cinde Warmington,,https://raw.githubusercontent.com/ElectIndex/26_us_forecast_data/main/photos/NH-GOV-dem.jpg,https://ballotpedia.org/Cinde_Warmington,photo: https://s3.amazonaws.com/ballotpedia-api4/files/Cinde_Warmington.jpg
NH-GOV,ind,Stephen Villee,,https://raw.githubusercontent.com/ElectIndex/26_us_forecast_data/main/photos/NH-GOV-ind.jpg,https://ballotpedia.org/Stephen_Villee,photo: https://s3.amazonaws.com/ballotpedia-api4/files/Stephen-Villee-Headshots-_4-of-10_-2_20260906_183208_53895_1.jpg
NH-SEN,ind,Edmond Laplante,,https://raw.githubusercontent.com/ElectIndex/26_us_forecast_data/main/photos/NH-SEN-ind.jpg,https://ballotpedia.org/Edmond_Laplante,photo: https://s3.amazonaws.com/ballotpedia-api4/files/Edmond_Laplante.jpg (cropped)
NJ-01,rep,Damon Galdo,,https://raw.githubusercontent.com/ElectIndex/26_us_forecast_data/main/photos/NJ-01-rep.jpg,https://newjerseyglobe.com/congress/republican-damon-galdo-will-make-third-attempt-in-nj-1/,"photo: https://media.newjerseyglobe.com/wp-content/uploads/2026/01/04130315/Damon-Galdo.jpg (NJ Globe article photo, cropped)"
NJ-02,dem,Zack Mullock,,https://raw.githubusercontent.com/ElectIndex/26_us_forecast_data/main/photos/NJ-02-dem.jpg,https://www.ballotready.org/people/zachary-mullock,"photo: https://assets.civicengine.com/uploads/candidate/headshot/491476/491476.jpg (BallotReady headshot (Zachary Mullock), low-res)"
NJ-02,ind,Ramon Mora Jr.,,https://raw.githubusercontent.com/ElectIndex/26_us_forecast_data/main/photos/NJ-02-ind.jpg,https://www.ballotready.org/people/ramon-mora-jr,photo: https://assets.civicengine.com/uploads/candidate/headshot/973979/973979.jpg (BallotReady headshot)
NJ-03,ind,Steven Welzer,,https://raw.githubusercontent.com/ElectIndex/26_us_forecast_data/main/photos/NJ-03-ind.jpg,https://www.ballotready.org/people/steven-welzer,photo: https://assets.civicengine.com/uploads/candidate/headshot/831707/831707.jpg (BallotReady headshot)
NJ-03,rep,Michael McGuire,,https://raw.githubusercontent.com/ElectIndex/26_us_forecast_data/main/photos/NJ-03-rep.jpg,https://newjerseyglobe.com/congress/attorney-marine-corps-veteran-joining-gop-primary-for-nj-3/,photo: https://media.newjerseyglobe.com/wp-content/uploads/2026/01/04130047/Michael-McGuire.jpg (NJ Globe article photo)
NJ-04,dem,Rachel Peace,,https://raw.githubusercontent.com/ElectIndex/26_us_forecast_data/main/photos/NJ-04-dem.jpg,https://www.ballotready.org/people/rachel-peace,photo: https://assets.civicengine.com/uploads/candidate/headshot/943361/943361.jpg (BallotReady headshot)
NJ-05,ind,Adam Rueda,,https://raw.githubusercontent.com/ElectIndex/26_us_forecast_data/main/photos/NJ-05-ind.jpg,https://www.ballotready.org/people/adam-rueda,photo: https://assets.civicengine.com/uploads/candidate/headshot/973981/973981.jpg (BallotReady headshot)
NJ-05,rep,Sean Kirrane,,https://raw.githubusercontent.com/ElectIndex/26_us_forecast_data/main/photos/NJ-05-rep.jpg,https://www.ballotready.org/people/sean-kirrane,photo: https://assets.civicengine.com/uploads/candidate/headshot/943363/943363.jpg (BallotReady headshot)
NJ-06,rep,Hillary Herzig,,https://raw.githubusercontent.com/ElectIndex/26_us_forecast_data/main/photos/NJ-06-rep.jpg,https://www.ballotready.org/people/hillary-herzig,"photo: https://assets.civicengine.com/uploads/candidate/headshot/943366/943366.jpg (BallotReady headshot, cropped)"
NJ-07,dem,Rebecca Bennett,,https://raw.githubusercontent.com/ElectIndex/26_us_forecast_data/main/photos/NJ-07-dem.jpg,https://www.ballotready.org/people/rebecca-bennett,photo: https://assets.civicengine.com/uploads/candidate/headshot/943367/943367.jpg (BallotReady headshot)
NJ-08,ind,Aristotle Eliopoulos,,https://raw.githubusercontent.com/ElectIndex/26_us_forecast_data/main/photos/NJ-08-ind.jpg,https://newjerseyglobe.com/congress/lacking-a-candidate-republicans-will-back-independent-campaign-in-cd-8/,"photo: https://media.newjerseyglobe.com/wp-content/uploads/2026/05/29145904/Aristotle-Eliopoulos.jpg (NJ Globe photo, low-res 268px, cropped)"
NJ-09,rep,Rosemary Pino,,https://raw.githubusercontent.com/ElectIndex/26_us_forecast_data/main/photos/NJ-09-rep.jpg,https://www.ballotready.org/people/rosie-pino,photo: https://assets.civicengine.com/uploads/candidate/headshot/943392/943392.jpg (BallotReady headshot (Rosie Pino))
NJ-10,rep,Carmen Bucco,,https://raw.githubusercontent.com/ElectIndex/26_us_forecast_data/main/photos/NJ-10-rep.jpg,https://newjerseyglobe.com/congress/undaunted-by-losses-carmen-bucco-will-run-for-nj-10-once-again/,"photo: https://media.newjerseyglobe.com/wp-content/uploads/2024/02/04155826/Carmen-Bucco-e1764090140768.jpg (NJ Globe article photo, cropped)"
NJ-11,ind,Alan B. Bond,,https://raw.githubusercontent.com/ElectIndex/26_us_forecast_data/main/photos/NJ-11-ind.jpg,https://www.ballotready.org/people/alan-bond,photo: https://assets.civicengine.com/uploads/candidate/headshot/947141/alan-bond.png (BallotReady headshot)
NJ-11,rep,Joe Hathaway,,https://raw.githubusercontent.com/ElectIndex/26_us_forecast_data/main/photos/NJ-11-rep.jpg,https://en.wikipedia.org/wiki/2026_United_States_House_of_Representatives_elections_in_New_Jersey,photo: https://upload.wikimedia.org/wikipedia/commons/8/8c/Joe_Hathaway_Running_For_Congress.png
NJ-12,ind,Andres Jinete,,https://raw.githubusercontent.com/ElectIndex/26_us_forecast_data/main/photos/NJ-12-ind.jpg,https://www.ballotready.org/people/andres-jinete,photo: https://assets.civicengine.com/uploads/candidate/headshot/973985/973985.jpg (BallotReady headshot)
NJ-12,rep,Gregg Mele,,https://raw.githubusercontent.com/ElectIndex/26_us_forecast_data/main/photos/NJ-12-rep.jpg,https://www.ballotready.org/people/greg-mele,"photo: https://assets.civicengine.com/uploads/candidate/headshot/813979/813979.jpg (BallotReady headshot (Greg Mele), low-res)"
NJ-SEN,ind,Joanne Kuniansky,,https://raw.githubusercontent.com/ElectIndex/26_us_forecast_data/main/photos/NJ-SEN-ind.jpg,https://www.ballotready.org/people/joanne-kuniansky,"photo: https://assets.civicengine.com/uploads/candidate/headshot/693764/693764.jpg (BallotReady headshot, low-res)"
NJ-SEN,rep,Justin Murphy,,https://raw.githubusercontent.com/ElectIndex/26_us_forecast_data/main/photos/NJ-SEN-rep.jpg,https://www.ballotready.org/people/justin-murphy,photo: https://assets.civicengine.com/uploads/candidate/headshot/813964/813964.jpg (BallotReady headshot)
NM-01,rep,Ndidiamaka Okpareke,,https://raw.githubusercontent.com/ElectIndex/26_us_forecast_data/main/photos/NM-01-rep.jpg,https://ivoterguide.com/all-in-state/new-mexico,photo: https://images.ivoterguide.com/candidates/090206.jpg (iVoterGuide 2026 general guide; low-res 155px)
NM-02,rep,Greg Cunningham,,https://raw.githubusercontent.com/ElectIndex/26_us_forecast_data/main/photos/NM-02-rep.jpg,https://ivoterguide.com/all-in-state/new-mexico,photo: https://images.ivoterguide.com/candidates/065420.jpg (iVoterGuide 2026 general guide; low-res 155px)
NM-03,rep,Martin Zamora,,https://raw.githubusercontent.com/ElectIndex/26_us_forecast_data/main/photos/NM-03-rep.jpg,https://ivoterguide.com/all-in-state/new-mexico,photo: https://images.ivoterguide.com/candidates/060448.jpg (iVoterGuide 2026 general guide; low-res 155px)
NM-GOV,rep,Gregg Hull,,https://raw.githubusercontent.com/ElectIndex/26_us_forecast_data/main/photos/NM-GOV-rep.jpg,https://ivoterguide.com/all-in-state/new-mexico,photo: https://images.ivoterguide.com/candidates/090236.jpg (iVoterGuide 2026 general guide; low-res 155px)
NM-SEN,rep,Larry Marker,,https://raw.githubusercontent.com/ElectIndex/26_us_forecast_data/main/photos/NM-SEN-rep.jpg,https://ivoterguide.com/all-in-state/new-mexico,photo: https://images.ivoterguide.com/candidates/080381.jpg (iVoterGuide 2026 general guide; low-res 155px)
NV-01,ind,"Afzal ""Bobby"" Khan",,https://raw.githubusercontent.com/ElectIndex/26_us_forecast_data/main/photos/NV-01-ind.jpg,https://ivoterguide.com/voter-guide/eleck/1472,"photo: https://images.ivoterguide.com/candidates/091094.jpg (low-res 155px (iVoterGuide 2026 general guide, matched by name+race))"
NV-01,rep,Carrie Buck,,https://raw.githubusercontent.com/ElectIndex/26_us_forecast_data/main/photos/NV-01-rep.jpg,https://ivoterguide.com/voter-guide/eleck/1472,"photo: https://images.ivoterguide.com/candidates/079195.jpg (low-res 155px (iVoterGuide 2026 general guide, matched by name+race))"
NV-02,dem,Teresa Benitez-Thompson,,https://raw.githubusercontent.com/ElectIndex/26_us_forecast_data/main/photos/NV-02-dem.jpg,https://ballotpedia.org/Teresa_Benitez-Thompson,"photo: https://s3.amazonaws.com/ballotpedia-api4/files/TeresaBenitezThompson.jpg (low-res (169x236), older legislative photo)"
NV-02,ind,Lynn Chapman,,https://raw.githubusercontent.com/ElectIndex/26_us_forecast_data/main/photos/NV-02-ind.jpg,https://ivoterguide.com/voter-guide/eleck/1472,"photo: https://images.ivoterguide.com/candidates/080219.jpg (low-res 155px (iVoterGuide 2026 general guide, matched by name+race))"
NV-02,rep,David Flippo,,https://raw.githubusercontent.com/ElectIndex/26_us_forecast_data/main/photos/NV-02-rep.jpg,https://ballotpedia.org/David_Flippo,photo: https://s3.amazonaws.com/ballotpedia-api4/files/David_Flippo_2025.jpeg
NV-03,ind,Jon Kamerath,,https://raw.githubusercontent.com/ElectIndex/26_us_forecast_data/main/photos/NV-03-ind.jpg,https://ivoterguide.com/voter-guide/eleck/1472,"photo: https://images.ivoterguide.com/candidates/080223.jpg (low-res 155px (iVoterGuide 2026 general guide, matched by name+race))"
NV-03,rep,Marty O'Donnell,,https://raw.githubusercontent.com/ElectIndex/26_us_forecast_data/main/photos/NV-03-rep.jpg,https://martyforcongress.vote/about/,photo: https://martyforcongress.vote/wp-content/uploads/2024/05/marty-sharegraphic.png (cropped from campaign share graphic)
NV-04,ind,Russell Best,,https://raw.githubusercontent.com/ElectIndex/26_us_forecast_data/main/photos/NV-04-ind.jpg,https://ivoterguide.com/voter-guide/eleck/1472,"photo: https://images.ivoterguide.com/candidates/009533.jpg (low-res 155px (iVoterGuide 2026 general guide, matched by name+race))"
NV-04,rep,Cody Whipple,,https://raw.githubusercontent.com/ElectIndex/26_us_forecast_data/main/photos/NV-04-rep.jpg,https://ballotpedia.org/Cody_Whipple,photo: https://s3.amazonaws.com/ballotpedia-api4/files/Cody_Whipple_20250808_052823.png
NV-GOV,ind,Danielle Ford,,https://raw.githubusercontent.com/ElectIndex/26_us_forecast_data/main/photos/NV-GOV-ind.jpg,https://ivoterguide.com/voter-guide/eleck/1472,"photo: https://images.ivoterguide.com/candidates/066409.jpg (low-res 155px (iVoterGuide 2026 general guide, matched by name+race))"
NY-01,dem,Christopher Gallant,,https://raw.githubusercontent.com/ElectIndex/26_us_forecast_data/main/photos/NY-01-dem.jpg,https://ballotpedia.org/Christopher_Gallant,photo: https://s3.amazonaws.com/ballotpedia-api4/files/Christopher_Gallant.png (Ballotpedia headshot)
NY-04,ind,Blay Tarnoff,,https://raw.githubusercontent.com/ElectIndex/26_us_forecast_data/main/photos/NY-04-ind.jpg,https://ballotpedia.org/Blay_Tarnoff,photo: https://s3.amazonaws.com/ballotpedia-api4/files/BT-photo-head_20260816_184955_32767_1.png (Ballotpedia headshot)
NY-04,rep,Jeanine Driscoll,,https://raw.githubusercontent.com/ElectIndex/26_us_forecast_data/main/photos/NY-04-rep.jpg,https://ballotpedia.org/Jeanine_Driscoll,photo: https://s3.amazonaws.com/ballotpedia-api4/files/driscolljeanine_2026-08-12_113211.jpg (Ballotpedia headshot)
NY-05,rep,George Marsh,,https://raw.githubusercontent.com/ElectIndex/26_us_forecast_data/main/photos/NY-05-rep.jpg,https://ballotpedia.org/George_Marsh,photo: https://s3.amazonaws.com/ballotpedia-api4/files/George_Marsh_2026-09-24_012931.jpg (Ballotpedia headshot; cropped)
NY-06,rep,Joseph Chou,,https://raw.githubusercontent.com/ElectIndex/26_us_forecast_data/main/photos/NY-06-rep.jpg,https://ballotpedia.org/Joseph_Chou,photo: https://s3.amazonaws.com/ballotpedia-api4/files/Joseph_Chou_20240809_072826.jpg (Ballotpedia headshot)
NY-07,ind,Priscilla Ghaznavi,,https://raw.githubusercontent.com/ElectIndex/26_us_forecast_data/main/photos/NY-07-ind.jpg,https://ballotpedia.org/Priscilla_Ghaznavi,photo: https://s3.amazonaws.com/ballotpedia-api4/files/MoneyshotbyDarnae_20260927_222604_59493_1.jpg (Ballotpedia headshot)
NY-07,rep,Melvin Rivera,,https://raw.githubusercontent.com/ElectIndex/26_us_forecast_data/main/photos/NY-07-rep.jpg,https://melvinforcongress.com/,photo: https://melvinforcongress.com/UserFiles/image/banner.webp (cropped from campaign banner; linked from Ballotpedia Melvin_Rivera_(New_York))
NY-08,rep,Lewis Mizrahi,,https://raw.githubusercontent.com/ElectIndex/26_us_forecast_data/main/photos/NY-08-rep.jpg,https://ballotpedia.org/Lewis_Mizrahi,photo: https://s3.amazonaws.com/ballotpedia-api4/files/IMG-20260117-WA0002_20260813_173322_32663_1.jpg (Ballotpedia headshot)
NY-09,rep,Joel Anabilah-Azumah,,https://raw.githubusercontent.com/ElectIndex/26_us_forecast_data/main/photos/NY-09-rep.jpg,https://ballotpedia.org/Joel_Anabilah-Azumah,photo: https://s3.amazonaws.com/ballotpedia-api4/files/May242020355AM_80182230_CampaignHeadshot.jpg (Ballotpedia headshot)
NY-10,rep,Jennifer Moore,,https://raw.githubusercontent.com/ElectIndex/26_us_forecast_data/main/photos/NY-10-rep.jpg,http://mooreforny.com/,photo: http://mooreforny.com/jennifer.jpg (campaign site (linked from Ballotpedia Jennifer_Moore_(New_York)); cropped)
NY-11,dem,Michael DeCillis,,https://raw.githubusercontent.com/ElectIndex/26_us_forecast_data/main/photos/NY-11-dem.jpg,https://ballotpedia.org/Michael_DeCillis,photo: https://s3.amazonaws.com/ballotpedia-api4/files/mdecillis.jpg (Ballotpedia headshot; cropped)
NY-12,ind,Karen Ortiz,,https://raw.githubusercontent.com/ElectIndex/26_us_forecast_data/main/photos/NY-12-ind.jpg,https://ballotpedia.org/Karen_Ortiz,photo: https://s3.amazonaws.com/ballotpedia-api4/files/Karen_Ortiz_20251126_085634.jpeg (Ballotpedia headshot)
NY-12,rep,Caroline Shinkle,,https://raw.githubusercontent.com/ElectIndex/26_us_forecast_data/main/photos/NY-12-rep.jpg,https://commons.wikimedia.org/wiki/File:Caroline_Shinkle_Selfie_(cropped).jpg,"photo: https://upload.wikimedia.org/wikipedia/commons/2/20/Caroline_Shinkle_Selfie_%28cropped%29.jpg (selfie, casual)"
NY-13,rep,Jomo Williams,,https://raw.githubusercontent.com/ElectIndex/26_us_forecast_data/main/photos/NY-13-rep.jpg,https://ballotpedia.org/Jomo_Williams,photo: https://s3.amazonaws.com/ballotpedia-api4/files/JomoWilliams.jpeg (Ballotpedia headshot; cropped; BP page titled Manual (Jomo) Williams)
NY-14,rep,Diamant Hysenaj,,https://raw.githubusercontent.com/ElectIndex/26_us_forecast_data/main/photos/NY-14-rep.jpg,https://ballotpedia.org/Diamant_Hysenaj,photo: https://s3.amazonaws.com/ballotpedia-api4/files/DiamantHysenaj.JPG (Ballotpedia headshot; cropped)
NY-15,ind,Jose Vega,,https://raw.githubusercontent.com/ElectIndex/26_us_forecast_data/main/photos/NY-15-ind.jpg,https://ballotpedia.org/Jose_Vega,photo: https://s3.amazonaws.com/ballotpedia-api4/files/Jose_Vega_2025.JPEG (Ballotpedia headshot)
NY-15,rep,Stylo Sapaskis,,https://raw.githubusercontent.com/ElectIndex/26_us_forecast_data/main/photos/NY-15-rep.jpg,https://ballotpedia.org/Stylo_Sapaskis,photo: https://s3.amazonaws.com/ballotpedia-api4/files/Stylo_Sapaskis.jpeg (Ballotpedia headshot; appears to be an old photo)
NY-16,rep,Joseph Cinquemani,,https://raw.githubusercontent.com/ElectIndex/26_us_forecast_data/main/photos/NY-16-rep.jpg,https://ballotpedia.org/Joseph_Cinquemani,photo: https://s3.amazonaws.com/ballotpedia-api4/files/joseph-j-cinquemani_20260930_095314_61298_1.jpg (Ballotpedia headshot)
NY-18,rep,Jackie Auringer,,https://raw.githubusercontent.com/ElectIndex/26_us_forecast_data/main/photos/NY-18-rep.jpg,https://ballotpedia.org/Jackie_Auringer,photo: https://s3.amazonaws.com/ballotpedia-api4/files/JMA-Patriotic-Headshot_20260904_165522_33627_1.jpg (Ballotpedia headshot)
NY-20,rep,Ralph Ambrosio,,https://raw.githubusercontent.com/ElectIndex/26_us_forecast_data/main/photos/NY-20-rep.jpg,https://ballotpedia.org/Ralph_Ambrosio,photo: https://s3.amazonaws.com/ballotpedia-api4/files/Ralph_Ambrosio_20260409_035226.png (Ballotpedia headshot)
NY-21,dem,Blake Gendebien,,https://raw.githubusercontent.com/ElectIndex/26_us_forecast_data/main/photos/NY-21-dem.jpg,https://blakegendebienforcongress.com/,photo: https://blakegendebienforcongress.com/wp-content/uploads/2026/07/headshot-bg-m.jpg (campaign site hero; cropped)
NY-21,rep,Anthony Constantino,,https://raw.githubusercontent.com/ElectIndex/26_us_forecast_data/main/photos/NY-21-rep.jpg,https://ballotpedia.org/Anthony_Constantino,photo: https://s3.amazonaws.com/ballotpedia-api4/files/AnthonyConstantino.jpeg (Ballotpedia headshot; cropped)
NY-22,rep,Kailee Buller,,https://raw.githubusercontent.com/ElectIndex/26_us_forecast_data/main/photos/NY-22-rep.jpg,https://ballotpedia.org/Kailee_Buller,photo: https://s3.amazonaws.com/ballotpedia-api4/files/Kailee_Buller_20260317_013207.jpeg (Ballotpedia headshot)
NY-23,dem,Aaron Gies,,https://raw.githubusercontent.com/ElectIndex/26_us_forecast_data/main/photos/NY-23-dem.jpg,https://ballotpedia.org/Aaron_Gies,photo: https://s3.amazonaws.com/ballotpedia-api4/files/Aaron_Gies_20251027_011920.jpg (Ballotpedia headshot)
NY-24,dem,Alissa Ellman,,https://raw.githubusercontent.com/ElectIndex/26_us_forecast_data/main/photos/NY-24-dem.jpg,https://ballotpedia.org/Alissa_Ellman,photo: https://s3.amazonaws.com/ballotpedia-api4/files/Headshot-smaller_20260430_001430_18524.jpg (Ballotpedia headshot)
NY-25,rep,Virginia McIntyre,,https://raw.githubusercontent.com/ElectIndex/26_us_forecast_data/main/photos/NY-25-rep.jpg,https://ballotpedia.org/Virginia_McIntyre,photo: https://s3.amazonaws.com/ballotpedia-api4/files/Virginia_McIntyre_20260419_123734.jpg (Ballotpedia headshot)
NY-26,rep,Dennis Hannon,,https://raw.githubusercontent.com/ElectIndex/26_us_forecast_data/main/photos/NY-26-rep.jpg,https://hannonforcongress.com,photo: https://hannonforcongress.com/dennishannon.png (campaign site; low-res 250x250)
OH-01,ind,Nathan Weise,,https://raw.githubusercontent.com/ElectIndex/26_us_forecast_data/main/photos/OH-01-ind.jpg,https://ivoterguide.com/candidate/97428/race/30015/election/1452,photo: https://images.ivoterguide.com/candidates/097428.jpg (iVoterGuide profile for OH U.S. Rep Dist 1 Libertarian; low-res 155px)
OH-01,rep,Eric Conroy,,https://raw.githubusercontent.com/ElectIndex/26_us_forecast_data/main/photos/OH-01-rep.jpg,https://www.ballotready.org/people/eric-conroy,photo: https://assets.civicengine.com/uploads/candidate/headshot/930749/930749.jpg (BallotReady headshot; page lists 2026 race.)
OH-02,dem,Jennifer Mazzuckelli,,https://raw.githubusercontent.com/ElectIndex/26_us_forecast_data/main/photos/OH-02-dem.jpg,https://www.ballotready.org/people/jennifer-mazzuckelli,photo: https://assets.civicengine.com/uploads/candidate/headshot/799673/799673.jpg (BallotReady headshot; page lists 2026 race. casual selfie with sunglasses)
OH-03,rep,Cleophus Dulaney,,https://raw.githubusercontent.com/ElectIndex/26_us_forecast_data/main/photos/OH-03-rep.jpg,https://www.ballotready.org/people/cleophus-dulaney,photo: https://assets.civicengine.com/uploads/candidate/headshot/401130/401130.jpg (BallotReady headshot; page lists 2026 race.)
OH-04,dem,Joshua Kolasinski,,https://raw.githubusercontent.com/ElectIndex/26_us_forecast_data/main/photos/OH-04-dem.jpg,https://www.ballotready.org/people/joshua-kolasinski,photo: https://assets.civicengine.com/uploads/candidate/headshot/931375/931375.jpg (BallotReady headshot; page lists 2026 race.)
OH-04,ind,Tracey Tackett,,https://raw.githubusercontent.com/ElectIndex/26_us_forecast_data/main/photos/OH-04-ind.jpg,https://www.forwardparty.com/media/press_release/forward-party-endorses-independent-congressional-candidates-tracey-tackett-and-michael-eisenhauer/,photo: https://www.forwardparty.com/wp-content/uploads/2026/08/Tackett_Tracey_Ohio.jpeg (Forward Party endorsement release for OH-04 independent)
OH-05,dem,Brian Shaver,,https://raw.githubusercontent.com/ElectIndex/26_us_forecast_data/main/photos/OH-05-dem.jpg,https://www.ballotready.org/people/brian-shaver,photo: https://assets.civicengine.com/uploads/candidate/headshot/342842/342842.jpg (BallotReady headshot; page lists 2026 race.)
OH-05,ind,Michael J. Veloff,,https://raw.githubusercontent.com/ElectIndex/26_us_forecast_data/main/photos/OH-05-ind.jpg,https://www.ballotready.org/people/michael-j-veloff,photo: https://assets.civicengine.com/uploads/candidate/headshot/931049/931049.jpg (BallotReady profile; page shows no race text but headshot ID is in the 2026-Ohio-candidate range and name is rare; moderately confident)
OH-06,dem,Elizabeth Kirtley,,https://raw.githubusercontent.com/ElectIndex/26_us_forecast_data/main/photos/OH-06-dem.jpg,https://www.ballotready.org/people/elizabeth-kirtley,photo: https://assets.civicengine.com/uploads/candidate/headshot/951075/951075.jpg (BallotReady headshot; page lists 2026 race.)
OH-07,dem,Brian Poindexter,,https://raw.githubusercontent.com/ElectIndex/26_us_forecast_data/main/photos/OH-07-dem.jpg,https://www.ballotready.org/people/brian-poindexter,photo: https://assets.civicengine.com/uploads/candidate/headshot/345035/345035.jpg (BallotReady headshot; page lists 2026 race.)
OH-08,dem,Vanessa Enoch,,https://raw.githubusercontent.com/ElectIndex/26_us_forecast_data/main/photos/OH-08-dem.jpg,https://www.ballotready.org/people/vanessa-enoch,photo: https://assets.civicengine.com/uploads/candidate/headshot/132032/132032.jpg (BallotReady headshot; page lists 2026 race.)
OH-10,dem,Kristina Knickerbocker,,https://raw.githubusercontent.com/ElectIndex/26_us_forecast_data/main/photos/OH-10-dem.jpg,https://www.ballotready.org/people/kristina-knickerbocker,photo: https://assets.civicengine.com/uploads/candidate/headshot/931366/kristina-knickerbocker.png (BallotReady headshot; page lists 2026 race.)
OH-10,ind,Thomas F. McMasters,,https://raw.githubusercontent.com/ElectIndex/26_us_forecast_data/main/photos/OH-10-ind.jpg,https://www.ballotready.org/people/thomas-f-mcmasters,photo: https://assets.civicengine.com/uploads/candidate/headshot/775302/775302.jpg (BallotReady headshot; page lists 2026 race.)
OH-11,rep,Mike Kirchner,,https://raw.githubusercontent.com/ElectIndex/26_us_forecast_data/main/photos/OH-11-rep.jpg,https://www.ballotready.org/people/mike-kirchner,photo: https://assets.civicengine.com/uploads/candidate/headshot/859059/859059.jpg (BallotReady headshot; page lists 2026 race.)
OH-12,dem,Jerrad Christian,,https://raw.githubusercontent.com/ElectIndex/26_us_forecast_data/main/photos/OH-12-dem.jpg,https://www.ballotready.org/people/jerrad-christian,photo: https://assets.civicengine.com/uploads/candidate/headshot/798272/798272.jpg (BallotReady headshot; page lists 2026 race.)
OH-13,ind,Sandeep Dixit,,https://raw.githubusercontent.com/ElectIndex/26_us_forecast_data/main/photos/OH-13-ind.jpg,https://www.ballotready.org/people/sandeep-dixit,photo: https://assets.civicengine.com/uploads/candidate/headshot/971656/971656.jpg (BallotReady headshot; page lists 2026 race. low-res 150px)
OH-13,rep,Carey Coleman,,https://raw.githubusercontent.com/ElectIndex/26_us_forecast_data/main/photos/OH-13-rep.jpg,https://www.ballotready.org/people/carey-coleman,photo: https://assets.civicengine.com/uploads/candidate/headshot/930997/carey-coleman.png (BallotReady headshot; page lists 2026 race.)
OH-14,dem,Maria Jukic,,https://raw.githubusercontent.com/ElectIndex/26_us_forecast_data/main/photos/OH-14-dem.jpg,https://www.ballotready.org/people/maria-eva-jukic,photo: https://assets.civicengine.com/uploads/candidate/headshot/345122/345122.jpg (BallotReady headshot; page lists OH-14 2026)
OH-15,dem,Don Leonard,,https://raw.githubusercontent.com/ElectIndex/26_us_forecast_data/main/photos/OH-15-dem.jpg,https://www.ballotready.org/people/don-leonard,photo: https://assets.civicengine.com/uploads/candidate/headshot/931183/931183.jpg (BallotReady headshot; page lists 2026 race. low-res 150px)
OH-15,ind,Brennan Barrington,,https://raw.githubusercontent.com/ElectIndex/26_us_forecast_data/main/photos/OH-15-ind.jpg,https://www.ballotready.org/people/brennan-barrington,photo: https://assets.civicengine.com/uploads/candidate/headshot/971661/971661.jpg (BallotReady headshot; page lists 2026 race.)
OH-GOV,ind,Don Kissick,,https://raw.githubusercontent.com/ElectIndex/26_us_forecast_data/main/photos/OH-GOV-ind.jpg,https://www.ballotready.org/people/don-kissick,photo: https://assets.civicengine.com/uploads/candidate/headshot/209646/209646.jpg (BallotReady headshot; page lists 2026 race.)
OH-SEN,ind,Greg Levy,,https://raw.githubusercontent.com/ElectIndex/26_us_forecast_data/main/photos/OH-SEN-ind.jpg,https://www.ballotready.org/people/greg-levy,photo: https://assets.civicengine.com/uploads/candidate/headshot/971640/971640.jpg (BallotReady headshot; page lists 2026 race. low-res 150px)
OK-01,dem,John Croisant,,https://raw.githubusercontent.com/ElectIndex/26_us_forecast_data/main/photos/OK-01-dem.jpg,https://ballotpedia.org/John_Croisant,photo: https://s3.amazonaws.com/ballotpedia-api4/files/JohnCroisant2026.jpg (cropped)
OK-02,dem,Brandon Wade,,https://raw.githubusercontent.com/ElectIndex/26_us_forecast_data/main/photos/OK-02-dem.jpg,https://ballotpedia.org/Brandon_Wade,photo: https://s3.amazonaws.com/ballotpedia-api4/files/Brandon_Wade2024.jpeg (cropped)
OK-02,ind,Ronnie Hopkins,,https://raw.githubusercontent.com/ElectIndex/26_us_forecast_data/main/photos/OK-02-ind.jpg,https://ballotpedia.org/Ronnie_Hopkins,photo: https://s3.amazonaws.com/ballotpedia-api4/files/RonnieHopkins.jpg
OK-03,dem,Suzie Byrd,,https://raw.githubusercontent.com/ElectIndex/26_us_forecast_data/main/photos/OK-03-dem.jpg,https://ballotpedia.org/Suzie_Byrd,photo: https://s3.amazonaws.com/ballotpedia-api4/files/Suzie_Byrd_20260414_044630.jpg
OK-04,dem,Mitchell Jacob,,https://raw.githubusercontent.com/ElectIndex/26_us_forecast_data/main/photos/OK-04-dem.jpg,https://ballotpedia.org/Mitchell_Jacob,photo: https://s3.amazonaws.com/ballotpedia-api4/files/MitchellJacob2024.jpg
OK-05,dem,Jena Nelson,,https://raw.githubusercontent.com/ElectIndex/26_us_forecast_data/main/photos/OK-05-dem.jpg,https://ballotpedia.org/Jena_Nelson,photo: https://s3.amazonaws.com/ballotpedia-api4/files/LankfordPost-2_20260629_205343_43152_1.jpeg
OK-05,ind,Robert P. Henri,,https://raw.githubusercontent.com/ElectIndex/26_us_forecast_data/main/photos/OK-05-ind.jpg,https://ballotpedia.org/Robert_Henri,photo: https://s3.amazonaws.com/ballotpedia-api4/files/RPH-Candidate-Photo-Ballotpedia_20260610_165036_40597_1.jpg
OK-SEN,dem,Jasmine Thomas,,https://raw.githubusercontent.com/ElectIndex/26_us_forecast_data/main/photos/OK-SEN-dem.jpg,https://ballotpedia.org/N'Kiyla_Thomas,photo: https://s3.amazonaws.com/ballotpedia-api4/files/Nkiyla_Thomas_2025.jpeg (cropped)
OK-SEN,ind,Ron Meinhardt,,https://raw.githubusercontent.com/ElectIndex/26_us_forecast_data/main/photos/OK-SEN-ind.jpg,https://ballotpedia.org/Ron_Meinhardt,photo: https://s3.amazonaws.com/ballotpedia-api4/files/Ron-Meinhardt-Outside-Ballot_20260930_215559_61976_1.jpg
OR-01,rep,Barbara Kahl,,https://raw.githubusercontent.com/ElectIndex/26_us_forecast_data/main/photos/OR-01-rep.jpg,https://www.ballotready.org/people/barbara-j-kahl,"photo: https://assets.civicengine.com/uploads/candidate/headshot/938600/938600.jpg (BallotReady (Barbara J. Kahl), OR-01 2026)"
OR-02,dem,Chris Beck,,https://raw.githubusercontent.com/ElectIndex/26_us_forecast_data/main/photos/OR-02-dem.jpg,https://www.opb.org/article/2026/09/30/chris-beck-puts-rural-health-care-at-the-center-of-race-against-cliff-bentz/,photo: https://opb-opb-prod.cdn.arcpublishing.com/resizer/v2/H4JTUW5YIRAK5LGWYI6CEXINXE.webp?auth=8c5347b9e2602f5c547cdf58f662701c8fc212d414e5d83609e3933733631477&width=1200&height=675&smart=true (OPB article lead photo (Beck campaign button visible); cropped from wide shot)
OR-03,rep,Loran Ayles,,https://raw.githubusercontent.com/ElectIndex/26_us_forecast_data/main/photos/OR-03-rep.jpg,https://www.ballotready.org/people/loran-ayles,photo: https://assets.civicengine.com/uploads/candidate/headshot/938660/938660.jpg (BallotReady headshot; page lists 2026 race.)
OR-04,ind,Justin Filip,,https://raw.githubusercontent.com/ElectIndex/26_us_forecast_data/main/photos/OR-04-ind.jpg,https://www.ballotready.org/people/justin-filip,photo: https://assets.civicengine.com/uploads/candidate/headshot/831787/831787.jpg (BallotReady headshot; page lists 2026 race. cropped from wide shot)
OR-04,rep,Monique DeSpain,,https://raw.githubusercontent.com/ElectIndex/26_us_forecast_data/main/photos/OR-04-rep.jpg,https://www.ballotready.org/people/monique-despain,photo: https://assets.civicengine.com/uploads/candidate/headshot/810508/810508.jpg (BallotReady headshot; page lists 2026 race.)
OR-05,ind,Andrea Townsend,,https://raw.githubusercontent.com/ElectIndex/26_us_forecast_data/main/photos/OR-05-ind.jpg,https://www.ballotready.org/people/andrea-t-townsend,"photo: https://assets.civicengine.com/uploads/candidate/headshot/831790/831790.jpg (BallotReady (Andrea T. Townsend), OR-05 2026)"
OR-05,rep,Patti Adair,,https://raw.githubusercontent.com/ElectIndex/26_us_forecast_data/main/photos/OR-05-rep.jpg,https://www.ballotready.org/people/patti-adair,photo: https://assets.civicengine.com/uploads/candidate/headshot/138462/138462.jpg (BallotReady headshot; page lists 2026 race.)
OR-06,rep,David Russ,,https://raw.githubusercontent.com/ElectIndex/26_us_forecast_data/main/photos/OR-06-rep.jpg,https://www.ballotready.org/people/david-russ,photo: https://assets.civicengine.com/uploads/candidate/headshot/215350/215350.jpg (BallotReady headshot; page lists 2026 race.)
OR-GOV,ind,Brett Smith,,https://raw.githubusercontent.com/ElectIndex/26_us_forecast_data/main/photos/OR-GOV-ind.jpg,https://www.opb.org/article/2026/07/23/oregon-governor-race-third-party-candidate-brett-smith/,photo: https://opb-opb-prod.cdn.arcpublishing.com/resizer/v2/WK3FM4B4BBH5DC4QXWUCW2VXTQ.JPG?auth=7e013c6a39a1eb772cf07c2a9f4bfb0ccdaab67204b901d5f2b8f27ffcbe7188&width=1200 (OPB article on Brett Smith (Pacific Green gov nominee); headshot in article matches lead photo captioned as Smith; cropped)
OR-SEN,ind,Gary Lyndon Dye,,https://raw.githubusercontent.com/ElectIndex/26_us_forecast_data/main/photos/OR-SEN-ind.jpg,https://www.ballotready.org/people/gary-lyndon-dye,photo: https://assets.civicengine.com/uploads/candidate/headshot/203551/203551.jpg (BallotReady headshot; page lists 2026 race.)
PA-01,dem,Bob Harvie,,https://raw.githubusercontent.com/ElectIndex/26_us_forecast_data/main/photos/PA-01-dem.jpg,https://bobharvieforcongress.com/meet-bob/,photo: https://bobharvieforcongress.com/wp-content/uploads/2025/04/bobharvie_OG.png (cropped from OG banner)
PA-02,rep,Jessica Arriaga,,https://raw.githubusercontent.com/ElectIndex/26_us_forecast_data/main/photos/PA-02-rep.jpg,https://ivoterguide.com/voter-guide/eleck/1477,"photo: https://images.ivoterguide.com/candidates/091583.jpg (low-res 155px (iVoterGuide 2026 general guide, matched by name+race))"
PA-03,ind,Dennis Joseph Mahoney,,https://raw.githubusercontent.com/ElectIndex/26_us_forecast_data/main/photos/PA-03-ind.jpg,https://ivoterguide.com/voter-guide/eleck/1477,"photo: https://images.ivoterguide.com/candidates/096219.jpg (low-res 155px (iVoterGuide 2026 general guide, matched by name+race))"
PA-04,rep,Aurora Stuski,,https://raw.githubusercontent.com/ElectIndex/26_us_forecast_data/main/photos/PA-04-rep.jpg,https://ivoterguide.com/voter-guide/eleck/1477,"photo: https://images.ivoterguide.com/candidates/091590.jpg (low-res 155px (iVoterGuide 2026 general guide, matched by name+race))"
PA-05,rep,Nicholas Manganaro,,https://raw.githubusercontent.com/ElectIndex/26_us_forecast_data/main/photos/PA-05-rep.jpg,https://ivoterguide.com/voter-guide/eleck/1477,"photo: https://images.ivoterguide.com/candidates/091596.jpg (low-res 155px (iVoterGuide 2026 general guide, matched by name+race))"
PA-06,rep,Marty Young,,https://raw.githubusercontent.com/ElectIndex/26_us_forecast_data/main/photos/PA-06-rep.jpg,https://ballotpedia.org/Marty_Young,photo: https://s3.amazonaws.com/ballotpedia-api4/files/Marty_Young_20250817_013651.jpg
PA-07,dem,Bob Brooks,0,https://raw.githubusercontent.com/ElectIndex/26_us_forecast_data/main/photos/PA-07-dem.jpg,https://www.lehighvalleynews.com/elections/firefighter-union-boss-bob-brooks-jumps-into-lehigh-valley-congressional-race,"wrong Wikipedia match: Robert Brooks (Pennsylvania politician) — 2026 nominee is Bob Brooks, firefighter-union (PPFA) leader; matched page is a different Pennsylvania politician (known example from task). | photo: https://static.lehigh-v.lehigh-valley.production.k1.m1.brightspot.cloud/dims4/default/32bfc27/2147483647/strip/true/crop/3600x1890+0+255/resize/1200x630!/quality/90/?url=http%3A%2F%2Flehigh-valley-brightspot.s3.us-east-2.amazonaws.com%2Faa%2Fe3%2F206463c145dfb918ad2d8416ad12%2F1122-jr3b4912.jpg (news photo, cropped)"
PA-09,dem,Rachel Wallace,,https://raw.githubusercontent.com/ElectIndex/26_us_forecast_data/main/photos/PA-09-dem.jpg,https://ivoterguide.com/voter-guide/eleck/1477,"photo: https://images.ivoterguide.com/candidates/095101.jpg (low-res 155px (iVoterGuide 2026 general guide, matched by name+race))"
PA-10,dem,Janelle Stelson,,https://raw.githubusercontent.com/ElectIndex/26_us_forecast_data/main/photos/PA-10-dem.jpg,https://en.wikipedia.org/wiki/Janelle_Stelson,photo: https://upload.wikimedia.org/wikipedia/commons/b/bd/Janelle_Stelson_08-29-2026_%28cropped%29.jpg (selfie-style photo)
PA-11,dem,Nancy Mannion,,https://raw.githubusercontent.com/ElectIndex/26_us_forecast_data/main/photos/PA-11-dem.jpg,https://ballotpedia.org/Nancy_Mannion,photo: https://s3.amazonaws.com/ballotpedia-api4/files/Nancy_Mannion_26_2026-05-13_142033.jpg
PA-12,rep,James Hayes,,https://raw.githubusercontent.com/ElectIndex/26_us_forecast_data/main/photos/PA-12-rep.jpg,https://ivoterguide.com/voter-guide/eleck/1477,"photo: https://images.ivoterguide.com/candidates/059502.jpg (low-res 155px (iVoterGuide 2026 general guide, matched by name+race))"
PA-13,dem,Beth Farnham,,https://raw.githubusercontent.com/ElectIndex/26_us_forecast_data/main/photos/PA-13-dem.jpg,https://ivoterguide.com/voter-guide/eleck/1477,"photo: https://images.ivoterguide.com/candidates/079555.jpg (low-res 155px (iVoterGuide 2026 general guide, matched by name+race))"
PA-14,dem,Alan Bradstock,,https://raw.githubusercontent.com/ElectIndex/26_us_forecast_data/main/photos/PA-14-dem.jpg,https://ivoterguide.com/voter-guide/eleck/1477,"photo: https://images.ivoterguide.com/candidates/095130.jpg (low-res 155px (iVoterGuide 2026 general guide, matched by name+race))"
PA-15,dem,Ray Bilger,,https://raw.githubusercontent.com/ElectIndex/26_us_forecast_data/main/photos/PA-15-dem.jpg,https://ivoterguide.com/voter-guide/eleck/1477,"photo: https://images.ivoterguide.com/candidates/095133.jpg (low-res 155px (iVoterGuide 2026 general guide, matched by name+race))"
PA-16,dem,Justin Wagner,,https://raw.githubusercontent.com/ElectIndex/26_us_forecast_data/main/photos/PA-16-dem.jpg,https://ivoterguide.com/voter-guide/eleck/1477,"photo: https://images.ivoterguide.com/candidates/095139.jpg (low-res 155px (iVoterGuide 2026 general guide, matched by name+race))"
PA-17,rep,Tony Guy,,https://raw.githubusercontent.com/ElectIndex/26_us_forecast_data/main/photos/PA-17-rep.jpg,https://ivoterguide.com/voter-guide/eleck/1477,"photo: https://images.ivoterguide.com/candidates/091621.jpg (low-res 155px (iVoterGuide 2026 general guide, matched by name+race))"
PA-GOV,ind,Kenneth V. Krawchuk,,https://raw.githubusercontent.com/ElectIndex/26_us_forecast_data/main/photos/PA-GOV-ind.jpg,https://ivoterguide.com/voter-guide/eleck/1477,"photo: https://images.ivoterguide.com/candidates/009758.jpg (low-res 155px (iVoterGuide 2026 general guide, matched by name+race))"
RI-01,rep,Kellie Keenan,,https://raw.githubusercontent.com/ElectIndex/26_us_forecast_data/main/photos/RI-01-rep.jpg,https://www.ballotready.org/people/kellie-keenan,photo: https://assets.civicengine.com/uploads/candidate/headshot/959569/kellie-keenan.png (BallotReady headshot)
RI-02,rep,Victor Mellor,,https://raw.githubusercontent.com/ElectIndex/26_us_forecast_data/main/photos/RI-02-rep.jpg,https://www.ballotready.org/people/victor-mellor,photo: https://assets.civicengine.com/uploads/candidate/headshot/959571/959571.jpg (BallotReady headshot)
RI-GOV,ind,Ken Block,,https://raw.githubusercontent.com/ElectIndex/26_us_forecast_data/main/photos/RI-GOV-ind.jpg,https://whatsupnewp.com/2026/04/ken-block-is-running-for-governor-again-this-time-as-an-independent/,"photo: https://whatsupnewp.com/wp-content/uploads/2026/04/040226kenblockb.png (What's Up Newp courtesy photo, cropped)"
RI-GOV,rep,Aaron Guckian,,https://raw.githubusercontent.com/ElectIndex/26_us_forecast_data/main/photos/RI-GOV-rep.jpg,https://pbn.com/republican-guckian-launches-bid-for-governor/,photo: https://assets.pbn.com/2025/12/Gukianhead.jpg (Providence Business News headshot)
RI-SEN,ind,Michael Anthony Bahry,,https://raw.githubusercontent.com/ElectIndex/26_us_forecast_data/main/photos/RI-SEN-ind.jpg,https://whatsupnewp.com/2026/06/salve-regina-lecturer-michael-bahry-launches-independent-u-s-senate-bid/,"photo: https://whatsupnewp.com/wp-content/uploads/2026/06/Michael-Bahry-photo.jpg (What's Up Newp photo, cropped)"
RI-SEN,rep,Raymond McKay,,https://raw.githubusercontent.com/ElectIndex/26_us_forecast_data/main/photos/RI-SEN-rep.jpg,https://www.ballotready.org/people/raymond-t-mckay,photo: https://assets.civicengine.com/uploads/candidate/headshot/830470/830470.jpg (BallotReady headshot)
SC-01,ind,Bill Reeside,,https://raw.githubusercontent.com/ElectIndex/26_us_forecast_data/main/photos/SC-01-ind.jpg,https://ballotpedia.org/Bill_Reeside,photo: https://s3.amazonaws.com/ballotpedia-api4/files/William_Reeside_26.jpeg (cropped)
SC-01,rep,Jenny Costa Honeycutt,,https://raw.githubusercontent.com/ElectIndex/26_us_forecast_data/main/photos/SC-01-rep.jpg,https://ballotpedia.org/Jenny_Costa_Honeycutt,photo: https://s3.amazonaws.com/ballotpedia-api4/files/JennyCHoneycutt_HomeHero-1920w_2026-05-05_205645.jpg (cropped)
SC-02,dem,Zyon Khalifa,,https://raw.githubusercontent.com/ElectIndex/26_us_forecast_data/main/photos/SC-02-dem.jpg,https://ballotpedia.org/Zyon_Khalifa,photo: https://s3.amazonaws.com/ballotpedia-api4/files/Zyon_Khalifa_20260401_095152.png (cropped)
SC-03,dem,Eunice Lehmacher,,https://raw.githubusercontent.com/ElectIndex/26_us_forecast_data/main/photos/SC-03-dem.jpg,https://ballotpedia.org/Eunice_Lehmacher,photo: https://s3.amazonaws.com/ballotpedia-api4/files/EuniceLehmacher_headshot_1500pix_20260426_002641_2556.jpeg (cropped)
SC-03,ind,Brian Corriea,,https://raw.githubusercontent.com/ElectIndex/26_us_forecast_data/main/photos/SC-03-ind.jpg,https://ballotpedia.org/Brian_Corriea,photo: https://s3.amazonaws.com/ballotpedia-api4/files/Brian_Corriea_20260415_054405.jpg
SC-04,dem,Courtney McClain,,https://raw.githubusercontent.com/ElectIndex/26_us_forecast_data/main/photos/SC-04-dem.jpg,https://ballotpedia.org/Courtney_McClain,photo: https://s3.amazonaws.com/ballotpedia-api4/files/CourtneyMcClain2025.JPG
SC-04,ind,Jessica Ethridge,,https://raw.githubusercontent.com/ElectIndex/26_us_forecast_data/main/photos/SC-04-ind.jpg,https://ballotpedia.org/Jessica_Ethridge,photo: https://s3.amazonaws.com/ballotpedia-api4/files/Jessica-Ethridge.PNG
SC-05,dem,Mallory Dittmer,,https://raw.githubusercontent.com/ElectIndex/26_us_forecast_data/main/photos/SC-05-dem.jpg,https://ballotpedia.org/Mallory_Dittmer,photo: https://s3.amazonaws.com/ballotpedia-api4/files/Mallory-Dittmer-Headshot_20260602_151741_39508_1.png (cropped)
SC-05,rep,Wes Climer,,https://raw.githubusercontent.com/ElectIndex/26_us_forecast_data/main/photos/SC-05-rep.jpg,https://ballotpedia.org/Wes_Climer,photo: https://s3.amazonaws.com/ballotpedia-api4/files/Wes_Climer.jpg (low-res 125x153 (only available source))
SC-06,rep,John Peterson,,https://raw.githubusercontent.com/ElectIndex/26_us_forecast_data/main/photos/SC-06-rep.jpg,https://ballotpedia.org/John_Peterson_(South_Carolina),photo: https://s3.amazonaws.com/ballotpedia-api4/files/John_Peterson_South_Carolina.jpg
SC-07,dem,John Vincent,,https://raw.githubusercontent.com/ElectIndex/26_us_forecast_data/main/photos/SC-07-dem.jpg,https://ballotpedia.org/John_Vincent_(South_Carolina),photo: https://s3.amazonaws.com/ballotpedia-api4/files/JohnVincent2025.png
SC-GOV,dem,Jermaine Johnson,,https://raw.githubusercontent.com/ElectIndex/26_us_forecast_data/main/photos/SC-GOV-dem.jpg,https://ballotpedia.org/Jermaine_Johnson,photo: https://s3.amazonaws.com/ballotpedia-api4/files/Jermaine-Johnson.jpg
SC-GOV,ind,Walid Hakim,,https://raw.githubusercontent.com/ElectIndex/26_us_forecast_data/main/photos/SC-GOV-ind.jpg,https://ballotpedia.org/Walid_Hakim,photo: https://s3.amazonaws.com/ballotpedia-api4/files/Walid_Hakim.jpeg
SC-SEN,ind,Kasie Whitener,,https://raw.githubusercontent.com/ElectIndex/26_us_forecast_data/main/photos/SC-SEN-ind.jpg,https://ballotpedia.org/Kasie_Whitener,photo: https://s3.amazonaws.com/ballotpedia-api4/files/KasieWhitener2025.png
SD-01,dem,Nikki Gronli,,https://raw.githubusercontent.com/ElectIndex/26_us_forecast_data/main/photos/SD-01-dem.jpg,https://ballotpedia.org/Nicole_Gronli,photo: https://s3.amazonaws.com/ballotpedia-api4/files/Nicole_Gronli_20251011_050545.jpg (cropped)
SD-GOV,dem,Dan Ahlers,,https://raw.githubusercontent.com/ElectIndex/26_us_forecast_data/main/photos/SD-GOV-dem.jpg,https://ballotpedia.org/Dan_Ahlers,photo: https://s3.amazonaws.com/ballotpedia-api4/files/Dan-Ahlers.jpg
SD-SEN,ind,Brian Bengs,,https://raw.githubusercontent.com/ElectIndex/26_us_forecast_data/main/photos/SD-SEN-ind.jpg,https://ballotpedia.org/Brian_Bengs,photo: https://s3.amazonaws.com/ballotpedia-api4/files/BrianBengs2025.jpeg (cropped)
TN-01,dem,Kristi Burke,,https://raw.githubusercontent.com/ElectIndex/26_us_forecast_data/main/photos/TN-01-dem.jpg,https://ballotpedia.org/Kristi_Burke,photo: https://s3.amazonaws.com/ballotpedia-api4/files/Kristi_Burke_20260408_065418.jpg (cropped)
TN-01,ind,Billy Cody,,https://raw.githubusercontent.com/ElectIndex/26_us_forecast_data/main/photos/TN-01-ind.jpg,https://www.ballotready.org/people/billy-cody,photo: https://assets.civicengine.com/uploads/candidate/headshot/953338/billy-cody.png (cropped from campaign graphic)
TN-02,dem,Michaela Barnett,,https://raw.githubusercontent.com/ElectIndex/26_us_forecast_data/main/photos/TN-02-dem.jpg,https://ballotpedia.org/Michaela_Barnett,photo: https://s3.amazonaws.com/ballotpedia-api4/files/Michaela_Barnett_20250924_082750.jpeg
TN-02,ind,Adam Heimerman,,https://raw.githubusercontent.com/ElectIndex/26_us_forecast_data/main/photos/TN-02-ind.jpg,https://ballotpedia.org/Adam_Heimerman,photo: https://s3.amazonaws.com/ballotpedia-api4/files/Adam_Heimerman_20260425_091617.jpg
TN-03,dem,Anna Golladay,,https://raw.githubusercontent.com/ElectIndex/26_us_forecast_data/main/photos/TN-03-dem.jpg,https://ballotpedia.org/Anna_Golladay,photo: https://s3.amazonaws.com/ballotpedia-api4/files/golladay-headshot-2_20260626_155333_42641_1.jpeg
TN-03,ind,Dean Arnold,,https://raw.githubusercontent.com/ElectIndex/26_us_forecast_data/main/photos/TN-03-ind.jpg,https://www.ballotready.org/people/dean-arnold,photo: https://assets.civicengine.com/uploads/candidate/headshot/950664/950664.jpg (low-res 200px; profile view)
TN-04,dem,Victoria Broderick,,https://raw.githubusercontent.com/ElectIndex/26_us_forecast_data/main/photos/TN-04-dem.jpg,https://ballotpedia.org/Victoria_Broderick,photo: https://s3.amazonaws.com/ballotpedia-api4/files/VictoriaBroderick2025.jpg
TN-04,ind,Jacob Kristopher Anders,,https://raw.githubusercontent.com/ElectIndex/26_us_forecast_data/main/photos/TN-04-ind.jpg,https://ballotpedia.org/Jacob_Anders,photo: https://s3.amazonaws.com/ballotpedia-api4/files/Jacob_Anders_26_2026-05-26_041755.png
TN-05,dem,Chaz Molder,,https://raw.githubusercontent.com/ElectIndex/26_us_forecast_data/main/photos/TN-05-dem.jpg,https://ballotpedia.org/Chaz_Molder,photo: https://s3.amazonaws.com/ballotpedia-api4/files/Ballotpedia-Headshot-_Chaz-Molder__20260927_212249_59554_1.png (cropped)
TN-05,rep,Charlie Hatcher,,https://raw.githubusercontent.com/ElectIndex/26_us_forecast_data/main/photos/TN-05-rep.jpg,https://ballotpedia.org/Charlie_Hatcher,photo: https://s3.amazonaws.com/ballotpedia-api4/files/Charlie_Hatcher.png
TN-06,dem,Mike Croley,,https://raw.githubusercontent.com/ElectIndex/26_us_forecast_data/main/photos/TN-06-dem.jpg,https://ballotpedia.org/Mike_Croley,photo: https://s3.amazonaws.com/ballotpedia-api4/files/MikeCroley2025.png
TN-06,ind,Angus Purdy,,https://raw.githubusercontent.com/ElectIndex/26_us_forecast_data/main/photos/TN-06-ind.jpg,https://ballotpedia.org/Angus_Purdy,photo: https://s3.amazonaws.com/ballotpedia-api4/files/AngusPurdy2023.jpg
TN-06,rep,Johnny Garrett,,https://raw.githubusercontent.com/ElectIndex/26_us_forecast_data/main/photos/TN-06-rep.jpg,https://ballotpedia.org/Johnny_Garrett,photo: https://s3.amazonaws.com/ballotpedia-api4/files/Johnny_Garrett_20260116_062757.jpg
TN-07,dem,Darden Copeland,,https://raw.githubusercontent.com/ElectIndex/26_us_forecast_data/main/photos/TN-07-dem.jpg,https://ballotpedia.org/Darden_Copeland,photo: https://s3.amazonaws.com/ballotpedia-api4/files/Darden_Copeland_20250824_093556.jpg (cropped)
TN-08,dem,Heidi Kuhn,,https://raw.githubusercontent.com/ElectIndex/26_us_forecast_data/main/photos/TN-08-dem.jpg,https://ballotpedia.org/Heidi_Kuhn,photo: https://s3.amazonaws.com/ballotpedia-api4/files/IMG-5303_20260626_160126_42643_1.jpg (cropped)
TN-08,ind,Horace Taylor,,https://raw.githubusercontent.com/ElectIndex/26_us_forecast_data/main/photos/TN-08-ind.jpg,https://ballotpedia.org/Horace_Taylor,photo: https://s3.amazonaws.com/ballotpedia-api4/files/Horace_Taylor_26_2026-04-30_154023.png
TN-09,ind,Dennis Clark,,https://raw.githubusercontent.com/ElectIndex/26_us_forecast_data/main/photos/TN-09-ind.jpg,https://ballotpedia.org/Dennis_Jeffrey_Clark_(Tennessee_congressional_candidate),photo: https://s3.amazonaws.com/ballotpedia-api4/files/Dennis_Clark_TN.jpg
TN-GOV,dem,Jerri Green,,https://raw.githubusercontent.com/ElectIndex/26_us_forecast_data/main/photos/TN-GOV-dem.jpg,https://ballotpedia.org/Jerri_Green,photo: https://s3.amazonaws.com/ballotpedia-api4/files/JG4G_20260427_175724_1397.jpg (cropped)
TN-GOV,ind,Lauren Pinkston,,https://raw.githubusercontent.com/ElectIndex/26_us_forecast_data/main/photos/TN-GOV-ind.jpg,https://ballotpedia.org/Lauren_Pinkston,photo: https://s3.amazonaws.com/ballotpedia-api4/files/laurenpinkston.jpeg
TN-SEN,ind,"David Sutman, Jr.",,https://raw.githubusercontent.com/ElectIndex/26_us_forecast_data/main/photos/TN-SEN-ind.jpg,https://ballotpedia.org/David_Sutman_Jr.,photo: https://s3.amazonaws.com/ballotpedia-api4/files/David2026Sutman.jpeg (cropped)
TX-01,dem,Yolanda Prince,,https://raw.githubusercontent.com/ElectIndex/26_us_forecast_data/main/photos/TX-01-dem.jpg,https://ballotpedia.org/Yolanda_Prince,photo: https://s3.amazonaws.com/ballotpedia-api4/files/Yolanda_Prince_26.jpg (1484x1462)
TX-02,dem,Shaun Finnie,,https://raw.githubusercontent.com/ElectIndex/26_us_forecast_data/main/photos/TX-02-dem.jpg,https://ballotpedia.org/Shaun_Finnie,photo: https://s3.amazonaws.com/ballotpedia-api4/files/Shaun-Finnie-Headshot_20260813_224510_51164_1.jpeg (1066x1600)
TX-03,dem,Evan Hunt,,https://raw.githubusercontent.com/ElectIndex/26_us_forecast_data/main/photos/TX-03-dem.jpg,https://ballotpedia.org/Evan_Hunt_(Texas),photo: https://s3.amazonaws.com/ballotpedia-api4/files/Evan_Hunt_2.png (493x721)
TX-04,dem,Jason Pearce,,https://raw.githubusercontent.com/ElectIndex/26_us_forecast_data/main/photos/TX-04-dem.jpg,https://ballotpedia.org/Jason_Pearce,photo: https://s3.amazonaws.com/ballotpedia-api4/files/Jason_Pearce_20251210_114048.jpg (1134x1134)
TX-05,dem,Chelsey Hockett,,https://raw.githubusercontent.com/ElectIndex/26_us_forecast_data/main/photos/TX-05-dem.jpg,https://ballotpedia.org/Chelsey_Hockett,photo: https://s3.amazonaws.com/ballotpedia-api4/files/Chelsey_Hockett_20251201_073628.png (1080x1350)
TX-06,dem,Danny Minton,,https://raw.githubusercontent.com/ElectIndex/26_us_forecast_data/main/photos/TX-06-dem.jpg,https://ballotpedia.org/Danny_Minton,photo: https://s3.amazonaws.com/ballotpedia-api4/files/Danny_Minton_25.jpg (3517x4924)
TX-07,ind,Espoir Ngabo,,https://raw.githubusercontent.com/ElectIndex/26_us_forecast_data/main/photos/TX-07-ind.jpg,https://ballotpedia.org/Espoir_Ngabo,photo: https://s3.amazonaws.com/ballotpedia-api4/files/EspoirNgabo2026_2026-09-11_172934.jpg (1600x1600)
TX-07,rep,Alexander Hale,,https://raw.githubusercontent.com/ElectIndex/26_us_forecast_data/main/photos/TX-07-rep.jpg,https://ballotpedia.org/Alexander_Hale,photo: https://s3.amazonaws.com/ballotpedia-api4/files/Alexander_Hale_20251215_053047.png (1067x1161)
TX-08,dem,Laura Jones,,https://raw.githubusercontent.com/ElectIndex/26_us_forecast_data/main/photos/TX-08-dem.jpg,https://ballotpedia.org/Laura_Jones_(Texas),photo: https://s3.amazonaws.com/ballotpedia-api4/files/Laura-Jones.jpg (641x641)
TX-08,rep,Jessica Steinmann,,https://raw.githubusercontent.com/ElectIndex/26_us_forecast_data/main/photos/TX-08-rep.jpg,https://ballotpedia.org/Jessica_Steinmann,photo: https://s3.amazonaws.com/ballotpedia-api4/files/JessicaSteinmann.png (318x429)
TX-09,dem,Leticia Gutierrez,,https://raw.githubusercontent.com/ElectIndex/26_us_forecast_data/main/photos/TX-09-dem.jpg,https://ballotpedia.org/Leticia_Gutierrez,photo: https://s3.amazonaws.com/ballotpedia-api4/files/Leticia_Gutierrez_20251222_033209.jpg (1171x1248)
TX-09,rep,Alex Mealer,,https://raw.githubusercontent.com/ElectIndex/26_us_forecast_data/main/photos/TX-09-rep.jpg,https://ballotpedia.org/Alex_Mealer,photo: https://s3.amazonaws.com/ballotpedia-api4/files/Alex_Mealer_2026.jpg (1824x2047)
TX-10,dem,Caitlin Rourk,,https://raw.githubusercontent.com/ElectIndex/26_us_forecast_data/main/photos/TX-10-dem.jpg,https://ballotpedia.org/Caitlin_Rourk,photo: https://s3.amazonaws.com/ballotpedia-api4/files/CaitlinRourk2025.jpg (2205x2467)
TX-10,rep,Chris Gober,,https://raw.githubusercontent.com/ElectIndex/26_us_forecast_data/main/photos/TX-10-rep.jpg,https://ballotpedia.org/Chris_Gober,photo: https://s3.amazonaws.com/ballotpedia-api4/files/Chris_Gober_26.jpg (900x1132)
TX-11,dem,Claire Reynolds,,https://raw.githubusercontent.com/ElectIndex/26_us_forecast_data/main/photos/TX-11-dem.jpg,https://ballotpedia.org/Claire_Reynolds,photo: https://s3.amazonaws.com/ballotpedia-api4/files/clairereynolds.jpeg (3340x4082)
TX-12,dem,Heli Rodriguez Prilliman,,https://raw.githubusercontent.com/ElectIndex/26_us_forecast_data/main/photos/TX-12-dem.jpg,https://ballotpedia.org/Heli_Rodriguez_Prilliman,photo: https://s3.amazonaws.com/ballotpedia-api4/files/Heli_Rodriguez_Prilliman_20260105_113718.jpg (1200x1800)
TX-13,dem,Mark Nair,,https://raw.githubusercontent.com/ElectIndex/26_us_forecast_data/main/photos/TX-13-dem.jpg,https://ballotpedia.org/Mark_Nair,photo: https://s3.amazonaws.com/ballotpedia-api4/files/MarkNair2026.jpg (848x975)
TX-14,dem,Thurman Bartie,,https://raw.githubusercontent.com/ElectIndex/26_us_forecast_data/main/photos/TX-14-dem.jpg,https://ballotpedia.org/Thurman_Bill_Bartie,photo: https://s3.amazonaws.com/ballotpedia-api4/files/ThurmanBartie2026.jpg (540x554)
TX-16,rep,Adam Bauman,,https://raw.githubusercontent.com/ElectIndex/26_us_forecast_data/main/photos/TX-16-rep.jpg,https://ballotpedia.org/Adam_Bauman,photo: https://s3.amazonaws.com/ballotpedia-api4/files/Adam_Bauman_20251111_024054.jpeg (1024x1050)
TX-17,dem,Casey Shepard,,https://raw.githubusercontent.com/ElectIndex/26_us_forecast_data/main/photos/TX-17-dem.jpg,https://ballotpedia.org/Casey_Shepard,photo: https://s3.amazonaws.com/ballotpedia-api4/files/Casey_ShepardTX1.jpeg (1549x1932)
TX-18,rep,Ronald Whitfield,,https://raw.githubusercontent.com/ElectIndex/26_us_forecast_data/main/photos/TX-18-rep.jpg,https://ivoterguide.com/candidate/87383/race/23544/election/1343,photo: https://images.ivoterguide.com/candidates/087383.jpg (low-res 155x155; iVoterGuide candidate photo)
TX-19,dem,Kyle Rable,,https://raw.githubusercontent.com/ElectIndex/26_us_forecast_data/main/photos/TX-19-dem.jpg,https://ballotpedia.org/Kyle_Rable,photo: https://s3.amazonaws.com/ballotpedia-api4/files/Kyle_Rable_20250508_084803.jpg (3895x5843 cropped from full-body shot)
TX-19,rep,Tom Sell,,https://raw.githubusercontent.com/ElectIndex/26_us_forecast_data/main/photos/TX-19-rep.jpg,https://ballotpedia.org/Tom_Sell,photo: https://s3.amazonaws.com/ballotpedia-api4/files/Tom_Sell_20251209_044209.png (1610x1387 center-cropped)
TX-20,rep,Edgardo Baez,,https://raw.githubusercontent.com/ElectIndex/26_us_forecast_data/main/photos/TX-20-rep.jpg,https://ballotpedia.org/Edgardo_Baez,photo: https://s3.amazonaws.com/ballotpedia-api4/files/Edgardo_Baez_20250723_011447.png (1080x1080)
TX-21,dem,Kristin Hook,,https://raw.githubusercontent.com/ElectIndex/26_us_forecast_data/main/photos/TX-21-dem.jpg,https://ballotpedia.org/Kristin_Hook,photo: https://s3.amazonaws.com/ballotpedia-api4/files/Kristin_Hook_20260311_082749.jpg (1024x1024)
TX-22,dem,Marquette Greene-Scott,,https://raw.githubusercontent.com/ElectIndex/26_us_forecast_data/main/photos/TX-22-dem.jpg,https://ballotpedia.org/Marquette_Greene-Scott,photo: https://s3.amazonaws.com/ballotpedia-api4/files/MarquetteGreene-Scott2026.jpg (3326x3306)
TX-22,rep,Trever Nehls,0,https://raw.githubusercontent.com/ElectIndex/26_us_forecast_data/main/photos/TX-22-rep.jpg,https://ballotpedia.org/Trever_Nehls,"wrong Wikipedia match: Troy Nehls — Page is incumbent Troy Nehls, who retired; 2026 GOP nominee is his identical twin brother Trever Nehls (former Fort Bend constable). Image also shows Troy. | photo: https://s3.amazonaws.com/ballotpedia-api4/files/TreverNehls.jpg (Ballotpedia page for Trever Nehls (TX-22 GOP nominee, former Fort Bend Pct 4 constable); image file named TreverNehls.jpg. Identical twin of Troy, so visual distinction impossible; attribution rests on Ballotpedia's labeling.)"
TX-23,dem,Katy Padilla Stout,,https://raw.githubusercontent.com/ElectIndex/26_us_forecast_data/main/photos/TX-23-dem.jpg,https://ballotpedia.org/Katy_Padilla_Stout,photo: https://s3.amazonaws.com/ballotpedia-api4/files/Katy_Padilla_Stout_20251207_031237.jpeg (1290x1453)
TX-23,ind,Ben Mendoza,,https://raw.githubusercontent.com/ElectIndex/26_us_forecast_data/main/photos/TX-23-ind.jpg,https://ballotpedia.org/Ben_Mendoza,photo: https://s3.amazonaws.com/ballotpedia-api4/files/Ben_Mendoza.jpg (2000x3008 cropped from full-body shot)
TX-24,dem,Kevin Burge,,https://raw.githubusercontent.com/ElectIndex/26_us_forecast_data/main/photos/TX-24-dem.jpg,https://ballotpedia.org/Kevin_Burge_(Texas),photo: https://s3.amazonaws.com/ballotpedia-api4/files/Kevin_Burge_20250613_111426.png (1077x1900)
TX-25,dem,Dione Sims,,https://raw.githubusercontent.com/ElectIndex/26_us_forecast_data/main/photos/TX-25-dem.jpg,https://ballotpedia.org/Dione_Sims,photo: https://s3.amazonaws.com/ballotpedia-api4/files/DioneSims.jpg (2295x2862)
TX-26,dem,Steven Shook,,https://raw.githubusercontent.com/ElectIndex/26_us_forecast_data/main/photos/TX-26-dem.jpg,https://ballotpedia.org/Steven_Shook,photo: https://s3.amazonaws.com/ballotpedia-api4/files/StevenShook1_2026-09-14_162937.jpg (3600x4314)
TX-26,ind,Phil Gray,,https://raw.githubusercontent.com/ElectIndex/26_us_forecast_data/main/photos/TX-26-ind.jpg,https://ballotpedia.org/Phil_Gray,photo: https://s3.amazonaws.com/ballotpedia-api4/files/PhilGray.jpg (2287x3430)
TX-27,dem,Tanya Lloyd,,https://raw.githubusercontent.com/ElectIndex/26_us_forecast_data/main/photos/TX-27-dem.jpg,https://ballotpedia.org/Tanya_Lloyd,photo: https://s3.amazonaws.com/ballotpedia-api4/files/Tanya-Lloyd_20260930_211903_61813_1.jpg (3456x5184 cropped from full-body shot)
TX-28,ind,Marlón Durán,,https://raw.githubusercontent.com/ElectIndex/26_us_forecast_data/main/photos/TX-28-ind.jpg,https://ballotpedia.org/Marlon_Duran,photo: https://s3.amazonaws.com/ballotpedia-api4/files/Marlon_Duran_20260428_080601.jpg (1080x1080)
TX-28,rep,Tano Tijerina,,https://raw.githubusercontent.com/ElectIndex/26_us_forecast_data/main/photos/TX-28-rep.jpg,https://ballotpedia.org/Tano_Tijerina,photo: https://s3.amazonaws.com/ballotpedia-api4/files/ttijerina.jpg (1365x2048)
TX-29,rep,Martha Fierro,,https://raw.githubusercontent.com/ElectIndex/26_us_forecast_data/main/photos/TX-29-rep.jpg,https://ballotpedia.org/Martha_Fierro,photo: https://s3.amazonaws.com/ballotpedia-api4/files/Martha_Elena_Fierro.jpg (1251x1152)
TX-30,rep,Everett Jackson,,https://raw.githubusercontent.com/ElectIndex/26_us_forecast_data/main/photos/TX-30-rep.jpg,https://ballotpedia.org/Everett_Jackson,photo: https://s3.amazonaws.com/ballotpedia-api4/files/Everett_Jackson_20251030_121736.jpg (1610x2297)
TX-31,dem,Justin Early,,https://raw.githubusercontent.com/ElectIndex/26_us_forecast_data/main/photos/TX-31-dem.jpg,https://ballotpedia.org/Justin_Early,photo: https://s3.amazonaws.com/ballotpedia-api4/files/Justin_Early_20250701_092705.png (1024x1024)
TX-31,ind,Greg Stoker,,https://raw.githubusercontent.com/ElectIndex/26_us_forecast_data/main/photos/TX-31-ind.jpg,https://ballotpedia.org/Greg_Stoker,photo: https://s3.amazonaws.com/ballotpedia-api4/files/Greg_Stoker_20260123_013747.png (1216x1621)
TX-32,dem,Dan Barrios,,https://raw.githubusercontent.com/ElectIndex/26_us_forecast_data/main/photos/TX-32-dem.jpg,https://ballotpedia.org/Dan_Barrios,photo: https://s3.amazonaws.com/ballotpedia-api4/files/Dan_Barrios_26.jpg (530x724)
TX-32,rep,Jace Yarbrough,,https://raw.githubusercontent.com/ElectIndex/26_us_forecast_data/main/photos/TX-32-rep.jpg,https://ballotpedia.org/Jace_Yarbrough,photo: https://s3.amazonaws.com/ballotpedia-api4/files/JaceYarbrough26.jpeg (1024x1024)
TX-33,rep,Patrick Gillespie,,https://raw.githubusercontent.com/ElectIndex/26_us_forecast_data/main/photos/TX-33-rep.jpg,https://ballotpedia.org/Patrick_Gillespie_(Texas),photo: https://s3.amazonaws.com/ballotpedia-api4/files/PatrickGillespie.jpg (484x484)
TX-34,ind,Chris Royal,,https://raw.githubusercontent.com/ElectIndex/26_us_forecast_data/main/photos/TX-34-ind.jpg,https://ballotpedia.org/Chris_Royal,photo: https://s3.amazonaws.com/ballotpedia-api4/files/ChrisRoyal2026_2026-10-01_161721.png (607x688)
TX-35,dem,Johnny Garcia,,https://raw.githubusercontent.com/ElectIndex/26_us_forecast_data/main/photos/TX-35-dem.jpg,https://ballotpedia.org/Johnny_Garcia_(Texas_congressional_candidate),photo: https://s3.amazonaws.com/ballotpedia-api4/files/Johnny_Garcia_20251021_102841.jpeg (2832x4240)
TX-35,rep,Carlos De La Cruz,,https://raw.githubusercontent.com/ElectIndex/26_us_forecast_data/main/photos/TX-35-rep.jpg,https://ballotpedia.org/Carlos_De_La_Cruz,photo: https://s3.amazonaws.com/ballotpedia-api4/files/Carlos_De_La_Cruz.jpg (554x510)
TX-36,dem,Rhonda Hart,,https://raw.githubusercontent.com/ElectIndex/26_us_forecast_data/main/photos/TX-36-dem.jpg,https://ballotpedia.org/Rhonda_Hart,photo: https://s3.amazonaws.com/ballotpedia-api4/files/RH-Profile-Pic_20260929_221009_60433_1.jpg (1366x2048)
TX-37,rep,Lauren Peña,,https://raw.githubusercontent.com/ElectIndex/26_us_forecast_data/main/photos/TX-37-rep.jpg,https://ballotpedia.org/Lauren_Pe%C3%B1a,photo: https://s3.amazonaws.com/ballotpedia-api4/files/Lauren_Pena_2025.png (426x640)
TX-38,dem,Melissa McDonough,,https://raw.githubusercontent.com/ElectIndex/26_us_forecast_data/main/photos/TX-38-dem.jpg,https://ballotpedia.org/Melissa_McDonough,photo: https://s3.amazonaws.com/ballotpedia-api4/files/melissamcdonough.jpg (1600x1600)
TX-38,ind,Alex McMenemy,,https://raw.githubusercontent.com/ElectIndex/26_us_forecast_data/main/photos/TX-38-ind.jpg,https://ballotpedia.org/Alex_McMenemy,photo: https://s3.amazonaws.com/ballotpedia-api4/files/Alex_McMenemy_20251225_064203.jpg (1800x1800)
TX-38,rep,Jon Bonck,,https://raw.githubusercontent.com/ElectIndex/26_us_forecast_data/main/photos/TX-38-rep.jpg,https://ballotpedia.org/Jon_Bonck,photo: https://s3.amazonaws.com/ballotpedia-api4/files/Jon_Bonck.png (1179x1040)
TX-GOV,ind,Pat Dixon,,https://raw.githubusercontent.com/ElectIndex/26_us_forecast_data/main/photos/TX-GOV-ind.jpg,https://ballotpedia.org/Pat_Dixon,photo: https://s3.amazonaws.com/ballotpedia-api4/files/IMG-0167_20260803_182303_49134_3.jpg (used 2026 candidate-submitted photo; Ballotpedia older PatDixon2.jpg shows a different-looking man (possibly stale))
TX-SEN,ind,Ted Brown,,https://raw.githubusercontent.com/ElectIndex/26_us_forecast_data/main/photos/TX-SEN-ind.jpg,https://ballotpedia.org/Ted_Brown_(Texas),photo: https://s3.amazonaws.com/ballotpedia-api4/files/TedBrown2024.jpg (1818x2213)
UT-01,ind,Jesse West,,https://raw.githubusercontent.com/ElectIndex/26_us_forecast_data/main/photos/UT-01-ind.jpg,https://ivoterguide.com/all-in-state/utah,photo: https://images.ivoterguide.com/candidates/094890.jpg (iVoterGuide 2026 general guide; low-res 155px)
UT-01,rep,Riley Owen,,https://raw.githubusercontent.com/ElectIndex/26_us_forecast_data/main/photos/UT-01-rep.jpg,https://ivoterguide.com/all-in-state/utah,photo: https://images.ivoterguide.com/candidates/091566.jpg (iVoterGuide 2026 general guide; low-res 155px)
UT-02,dem,Peter Crosby,,https://raw.githubusercontent.com/ElectIndex/26_us_forecast_data/main/photos/UT-02-dem.jpg,https://ivoterguide.com/all-in-state/utah,photo: https://images.ivoterguide.com/candidates/094892.jpg (iVoterGuide 2026 general guide; low-res 155px)
UT-02,ind,Robert M. Moesinger,,https://raw.githubusercontent.com/ElectIndex/26_us_forecast_data/main/photos/UT-02-ind.jpg,https://ivoterguide.com/all-in-state/utah,photo: https://images.ivoterguide.com/candidates/094893.jpg (iVoterGuide 2026 general guide; low-res 155px)
UT-03,dem,Kent Udell,,https://raw.githubusercontent.com/ElectIndex/26_us_forecast_data/main/photos/UT-03-dem.jpg,https://ivoterguide.com/all-in-state/utah,photo: https://images.ivoterguide.com/candidates/094894.jpg (iVoterGuide 2026 general guide; low-res 155px)
UT-03,ind,Adonis Hooslyn,,https://raw.githubusercontent.com/ElectIndex/26_us_forecast_data/main/photos/UT-03-ind.jpg,https://ivoterguide.com/all-in-state/utah,photo: https://images.ivoterguide.com/candidates/094929.jpg (iVoterGuide 2026 general guide; low-res 155px)
UT-04,dem,Jonny Larsen,,https://raw.githubusercontent.com/ElectIndex/26_us_forecast_data/main/photos/UT-04-dem.jpg,https://ivoterguide.com/all-in-state/utah,photo: https://images.ivoterguide.com/candidates/094933.jpg (iVoterGuide 2026 general guide; low-res 155px)
UT-04,ind,Steven Burt,,https://raw.githubusercontent.com/ElectIndex/26_us_forecast_data/main/photos/UT-04-ind.jpg,https://ivoterguide.com/all-in-state/utah,photo: https://images.ivoterguide.com/candidates/094935.jpg (iVoterGuide 2026 general guide; low-res 155px)
VA-01,dem,Shannon Taylor,,https://raw.githubusercontent.com/ElectIndex/26_us_forecast_data/main/photos/VA-01-dem.jpg,https://ballotpedia.org/Shannon_Taylor_(Virginia),photo: https://s3.amazonaws.com/ballotpedia-api4/files/Shannon_Taylor_2025.jpg (Ballotpedia headshot)
VA-02,ind,"Geral D. ""Bishop"" Staten",,https://raw.githubusercontent.com/ElectIndex/26_us_forecast_data/main/photos/VA-02-ind.jpg,https://ballotpedia.org/Bishop_Staten,photo: https://s3.amazonaws.com/ballotpedia-api4/files/IMG-3110_20260918_011720_34433_1.jpeg (Ballotpedia headshot; cropped; BP page Bishop_Staten)
VA-03,ind,Stephen C. Woll,,https://raw.githubusercontent.com/ElectIndex/26_us_forecast_data/main/photos/VA-03-ind.jpg,https://www.stevewoll.com/meetsteve,photo: https://static.wixstatic.com/media/544164_bee87546cb4940908ceefd34acd141ff~mv2.jpg (campaign About page; cropped)
VA-03,rep,Edwin Rivera,,https://raw.githubusercontent.com/ElectIndex/26_us_forecast_data/main/photos/VA-03-rep.jpg,https://ballotpedia.org/Edwin_Rivera,photo: https://s3.amazonaws.com/ballotpedia-api4/files/Edwin_Rivera_2026-07-10_202311.jpeg (Ballotpedia headshot; cropped)
VA-05,ind,Cooke C. Harvey,,https://raw.githubusercontent.com/ElectIndex/26_us_forecast_data/main/photos/VA-05-ind.jpg,https://ballotpedia.org/Cooke_Harvey,photo: https://s3.amazonaws.com/ballotpedia-api4/files/3357_20260907_113612_33738_1.jpg (Ballotpedia headshot)
VA-07,ind,Alaha Ahrar,,https://raw.githubusercontent.com/ElectIndex/26_us_forecast_data/main/photos/VA-07-ind.jpg,https://ballotpedia.org/Alaha_Ahrar,photo: https://s3.amazonaws.com/ballotpedia-api4/files/Alaha-Ahrar-Professional-Congress_20260803_150343_32215_2.jpeg (Ballotpedia headshot)
VA-07,rep,Doug Ollivant,,https://raw.githubusercontent.com/ElectIndex/26_us_forecast_data/main/photos/VA-07-rep.jpg,https://ballotpedia.org/Douglas_Ollivant,photo: https://s3.amazonaws.com/ballotpedia-api4/files/Douglas_Ollivant_20260201_033752.jpg (Ballotpedia headshot)
VA-08,ind,Tim S. Sharman,,https://raw.githubusercontent.com/ElectIndex/26_us_forecast_data/main/photos/VA-08-ind.jpg,https://timsharmanforcongress.com/,photo: https://timsharmanforcongress.com/profile-picture.jpg (campaign site; black-and-white)
VA-08,rep,Tony Sabio,,https://raw.githubusercontent.com/ElectIndex/26_us_forecast_data/main/photos/VA-08-rep.jpg,https://ballotpedia.org/Tony_Sabio,photo: https://s3.amazonaws.com/ballotpedia-api4/files/Tony_Sabio_2026.JPG (Ballotpedia headshot)
VA-09,dem,Joy Powers,,https://raw.githubusercontent.com/ElectIndex/26_us_forecast_data/main/photos/VA-09-dem.jpg,https://ballotpedia.org/Joy_Powers,photo: https://s3.amazonaws.com/ballotpedia-api4/files/Joy_Powers_20260323_070026.jpeg (Ballotpedia headshot; cropped)
VA-10,ind,Ahsen Mujeeb Malik,,https://raw.githubusercontent.com/ElectIndex/26_us_forecast_data/main/photos/VA-10-ind.jpg,https://ballotpedia.org/Ahsen_Malik,photo: https://s3.amazonaws.com/ballotpedia-api4/files/BallotPedia-headshot-1024_20260906_234420_33718_1.jpeg (Ballotpedia headshot)
VA-10,rep,Dave Beckwith,,https://raw.githubusercontent.com/ElectIndex/26_us_forecast_data/main/photos/VA-10-rep.jpg,https://ballotpedia.org/Dave_Beckwith,photo: https://s3.amazonaws.com/ballotpedia-api4/files/dbeckwith.png (Ballotpedia headshot)
VA-11,ind,Dianne L. Blais,,https://raw.githubusercontent.com/ElectIndex/26_us_forecast_data/main/photos/VA-11-ind.jpg,https://ballotpedia.org/Dianne_Blais,photo: https://s3.amazonaws.com/ballotpedia-api4/files/463089352-8891719694173035-2844771950351820277-n_20260917_131115_34388_1.jpg (Ballotpedia headshot)
VA-11,rep,Arthur Purves,,https://raw.githubusercontent.com/ElectIndex/26_us_forecast_data/main/photos/VA-11-rep.jpg,https://ballotpedia.org/Arthur_Purves,photo: https://s3.amazonaws.com/ballotpedia-api4/files/IMG-2048-_1__20260921_215002_56345_1.jpeg (Ballotpedia headshot)
VT-01,ind,Adam Ortiz,,https://raw.githubusercontent.com/ElectIndex/26_us_forecast_data/main/photos/VT-01-ind.jpg,https://ivoterguide.com/voter-guide/eleck/1500,"photo: https://images.ivoterguide.com/candidates/074428.jpg (low-res 155px (iVoterGuide 2026 general guide, matched by name+race))"
VT-01,rep,Gerald Malloy,,https://raw.githubusercontent.com/ElectIndex/26_us_forecast_data/main/photos/VT-01-rep.jpg,https://en.wikipedia.org/wiki/Gerald_Malloy,photo: https://upload.wikimedia.org/wikipedia/commons/2/2f/Gerald_Malloy_at_Readiness_Center_Ground_Breaking_Ceremony_%28cropped%29.jpg
VT-GOV,dem,Amanda Janoo,,https://raw.githubusercontent.com/ElectIndex/26_us_forecast_data/main/photos/VT-GOV-dem.jpg,https://ballotpedia.org/Amanda_Janoo,photo: https://s3.amazonaws.com/ballotpedia-api4/files/Amanda_Janoo_20260409_013039.jpg (cropped)
VT-GOV,ind,Dean Roy,,https://raw.githubusercontent.com/ElectIndex/26_us_forecast_data/main/photos/VT-GOV-ind.jpg,https://ivoterguide.com/voter-guide/eleck/1500,"photo: https://images.ivoterguide.com/candidates/096975.jpg (low-res 155px (iVoterGuide 2026 general guide, matched by name+race))"
WA-01,rep,Mary Silva,,https://raw.githubusercontent.com/ElectIndex/26_us_forecast_data/main/photos/WA-01-rep.jpg,https://ballotpedia.org/Mary_Silva_(Washington),photo: https://s3.amazonaws.com/ballotpedia-api4/files/BALLOTPEDIAPHOTO_20260713_085435_42823_1_2026-07-14_141719.jpg
WA-02,rep,Edwin H. Feller,,https://raw.githubusercontent.com/ElectIndex/26_us_forecast_data/main/photos/WA-02-rep.jpg,https://ballotpedia.org/Edwin_Feller,photo: https://s3.amazonaws.com/ballotpedia-api4/files/Edwin_Feller_2026-07-20_220604.png
WA-04,dem,John Duresky,,https://raw.githubusercontent.com/ElectIndex/26_us_forecast_data/main/photos/WA-04-dem.jpg,https://ballotpedia.org/John_Duresky,photo: https://s3.amazonaws.com/ballotpedia-api4/files/John_Duresky2025.jpg
WA-04,rep,Amanda McKinney,,https://raw.githubusercontent.com/ElectIndex/26_us_forecast_data/main/photos/WA-04-rep.jpg,https://ballotpedia.org/Amanda_McKinney_(Washington),photo: https://s3.amazonaws.com/ballotpedia-api4/files/Amanda_McKinney_20260119_050416.jpeg (cropped)
WA-06,rep,Teresa Fox,,https://raw.githubusercontent.com/ElectIndex/26_us_forecast_data/main/photos/WA-06-rep.jpg,https://ballotpedia.org/Teresa_Fox,photo: https://s3.amazonaws.com/ballotpedia-api4/files/Teresa_Fox_2026-05-28_002711.jpeg
WA-07,rep,Nirav Sheth,,https://raw.githubusercontent.com/ElectIndex/26_us_forecast_data/main/photos/WA-07-rep.jpg,https://ballotpedia.org/Nirav_Sheth,photo: https://s3.amazonaws.com/ballotpedia-api4/files/Nirav_Sheth_2026_1.jpg
WA-08,rep,Spencer Meline,,https://raw.githubusercontent.com/ElectIndex/26_us_forecast_data/main/photos/WA-08-rep.jpg,https://ballotpedia.org/Spencer_Meline,photo: https://s3.amazonaws.com/ballotpedia-api4/files/spencermeline.jpg (cropped)
WA-09,rep,Doug Basler,,https://raw.githubusercontent.com/ElectIndex/26_us_forecast_data/main/photos/WA-09-rep.jpg,https://ballotpedia.org/Doug_Basler,photo: https://s3.amazonaws.com/ballotpedia-api4/files/Doug_Basler.jpg
WA-10,rep,Chris D. Chung,,https://raw.githubusercontent.com/ElectIndex/26_us_forecast_data/main/photos/WA-10-rep.jpg,https://www.ballotready.org/people/chris-d-chung,photo: https://assets.civicengine.com/uploads/candidate/headshot/827272/chris-d-chung.png (black-and-white photo)
WI-01,dem,Mitchell Berman,,https://raw.githubusercontent.com/ElectIndex/26_us_forecast_data/main/photos/WI-01-dem.jpg,https://ballotpedia.org/Mitchell_Berman,photo: https://s3.amazonaws.com/ballotpedia-api4/files/Mitchell_Berman.png (low-res 292x468)
WI-03,ind,Alexander Valiensi Kent,,https://raw.githubusercontent.com/ElectIndex/26_us_forecast_data/main/photos/WI-03-ind.jpg,https://ballotpedia.org/Alexander_Valiensi_Kent,photo: https://s3.amazonaws.com/ballotpedia-api4/files/Alexander_Valiensi_Kent.jpg
WI-04,ind,Arthur Burks,,https://raw.githubusercontent.com/ElectIndex/26_us_forecast_data/main/photos/WI-04-ind.jpg,https://www.wuwm.com/wisconsins-4th-congressional-district-candidates-2026,"photo: http://npr-brightspot.s3.amazonaws.com/7f/18/8adbcf074df8a23e5efe4be5d6b0/arthur-burks.jpg (WUWM candidate guide, photo from campaign site; sepia-toned)"
WI-04,rep,Tim Rogers,,https://raw.githubusercontent.com/ElectIndex/26_us_forecast_data/main/photos/WI-04-rep.jpg,https://ballotpedia.org/Tim_Rogers_(Wisconsin),photo: https://s3.amazonaws.com/ballotpedia-api4/files/Tim_Rogers.jpg (low-res 180x240)
WI-05,dem,Andrew Beck,,https://raw.githubusercontent.com/ElectIndex/26_us_forecast_data/main/photos/WI-05-dem.jpg,https://ballotpedia.org/Andrew_Beck,photo: https://s3.amazonaws.com/ballotpedia-api4/files/AndrewBeck2025.jpg
WI-06,dem,Brad Smith,0,https://raw.githubusercontent.com/ElectIndex/26_us_forecast_data/main/photos/WI-06-dem.jpg,https://ballotpedia.org/Bradley_Smith_(Wisconsin),"wrong Wikipedia match: Brad Smith (American lawyer) — Page is Microsoft president/vice chair Brad Smith; WI-06 Dem nominee is a Mequon software/web-design consultant and National Guard veteran. | photo: https://s3.amazonaws.com/ballotpedia-api4/files/BradleySmithWI2.jpeg (Ballotpedia 'Bradley Smith (Wisconsin)', aka Brad, Democratic nominee WI-06 2026; not Microsoft's Brad Smith.)"
WI-06,ind,Mike Thurow,,https://raw.githubusercontent.com/ElectIndex/26_us_forecast_data/main/photos/WI-06-ind.jpg,https://ballotpedia.org/Mike_Thurow,photo: https://s3.amazonaws.com/ballotpedia-api4/files/Michael_Thurow.jpeg
WI-07,rep,Michael Alfonso,,https://raw.githubusercontent.com/ElectIndex/26_us_forecast_data/main/photos/WI-07-rep.jpg,https://ballotpedia.org/Michael_Alfonso,photo: https://s3.amazonaws.com/ballotpedia-api4/files/alfonsomichael_2026-05-28_022242.jpg
WI-08,dem,Rick Crosson,,https://raw.githubusercontent.com/ElectIndex/26_us_forecast_data/main/photos/WI-08-dem.jpg,https://ballotpedia.org/Rick_Crosson,photo: https://s3.amazonaws.com/ballotpedia-api4/files/Rick_Crosson.jpeg
WV-01,dem,Vince George,,https://raw.githubusercontent.com/ElectIndex/26_us_forecast_data/main/photos/WV-01-dem.jpg,https://ballotpedia.org/Vince_George,photo: https://s3.amazonaws.com/ballotpedia-api4/files/Vince_George_20260420_061528.jpg (1292x1024 center-cropped)
WV-01,ind,Belinda Fox-Spencer,,https://raw.githubusercontent.com/ElectIndex/26_us_forecast_data/main/photos/WV-01-ind.jpg,https://ballotpedia.org/Belinda_Fox-Spencer,photo: https://s3.amazonaws.com/ballotpedia-api4/files/Belinda-FoxSpencer.PNG (547x742)
WV-02,dem,Ace Parsi,,https://raw.githubusercontent.com/ElectIndex/26_us_forecast_data/main/photos/WV-02-dem.jpg,https://ballotpedia.org/Ace_Parsi,photo: https://s3.amazonaws.com/ballotpedia-api4/files/Ace_Parsi_20260203_071021.jpg (1333x2000)
WV-SEN,dem,Rachel Fetty Anderson,,https://raw.githubusercontent.com/ElectIndex/26_us_forecast_data/main/photos/WV-SEN-dem.jpg,https://ballotpedia.org/Rachel_Fetty_Anderson,photo: https://s3.amazonaws.com/ballotpedia-api4/files/Fetty_Anderson2.JPG (1210x1473)
WV-SEN,ind,S. Marshall Wilson,,https://raw.githubusercontent.com/ElectIndex/26_us_forecast_data/main/photos/WV-SEN-ind.jpg,https://ballotpedia.org/S._Marshall_Wilson_(West_Virginia),photo: https://s3.amazonaws.com/ballotpedia-api4/files/S._Marshall_Wilson__West_Virginia_-7_fixed.jpg (1500x2250)
WY-01,dem,Lisa Kinney,,https://raw.githubusercontent.com/ElectIndex/26_us_forecast_data/main/photos/WY-01-dem.jpg,https://ballotpedia.org/Lisa_Kinney,photo: https://s3.amazonaws.com/ballotpedia-api4/files/Kinney_-Lisa_-72dpi_20260703_143035_43587_1.jpg
WY-01,ind,Shawn Johnson,,https://raw.githubusercontent.com/ElectIndex/26_us_forecast_data/main/photos/WY-01-ind.jpg,https://ballotpedia.org/Shawn_Johnson,photo: https://s3.amazonaws.com/ballotpedia-api4/files/IMG-0023_20260829_210007_53169_1.jpeg (cropped)
WY-GOV,dem,Kenneth Casner,,https://raw.githubusercontent.com/ElectIndex/26_us_forecast_data/main/photos/WY-GOV-dem.jpg,https://ballotpedia.org/Kenneth_Casner,photo: https://s3.amazonaws.com/ballotpedia-api4/files/Screenshot_2018-08-14-10-27-59-1.png (cropped)
WY-GOV,ind,Rebecca Bextel,,https://raw.githubusercontent.com/ElectIndex/26_us_forecast_data/main/photos/WY-GOV-ind.jpg,https://ballotpedia.org/Rebecca_Bextel,photo: https://s3.amazonaws.com/ballotpedia-api4/files/Rebecca_Bextel_2026-09-16_220714.jpeg (cropped)
WY-GOV,rep,Eric Barlow,,https://raw.githubusercontent.com/ElectIndex/26_us_forecast_data/main/photos/WY-GOV-rep.jpg,https://ballotpedia.org/Eric_Barlow,photo: https://s3.amazonaws.com/ballotpedia-api4/files/Eric_Barlow_2026.jpg
WY-SEN,dem,James Byrd,0,https://raw.githubusercontent.com/ElectIndex/26_us_forecast_data/main/photos/WY-SEN-dem.jpg,https://ballotpedia.org/James_Byrd,"wrong Wikipedia match: Matthew Shepard and James Byrd Jr. Hate Crimes Prevention Act — Matched to a 2009 federal hate-crimes law named for murder victim James Byrd Jr. (Texas, d. 1998), not a person/candidate; the 2026 Wyoming Democratic Senate candidate has no matching page. | photo: https://s3.amazonaws.com/ballotpedia-api4/files/BYRD1-3_2__1__20260626_204953_30529_1.jpeg (Ballotpedia: Democratic nominee for U.S. Senate in Wyoming 2026, former WY House District 44 member.)"
