race_code,race_type,state,district,dem_name,rep_name,dem_party,rep_party,incumbent_party,seat_holder,margin,dem_prob,rep_prob,rating,lean,gcb,fundamentals,fundraising,candidates,demo_env,pres_2024,swing_24_26,rcv,threeway,oth_party,ind_name,ind_pct,ind_prob,same_party,cand2_name,cand1_prob,dem_status,rep_status,poll_dem,poll_rep,poll_count,polling_avg,polling_weight,dem_funds,rep_funds,ind_funds,dem_coh,rep_coh,ind_coh,dem_outside,rep_outside,dem_spent,rep_spent,ind_spent,dem_small,rep_small,ind_small,dem_pac,rep_pac,ind_pac,dem_self,rep_self,ind_self,dem_debt,rep_debt,ind_debt,dem_pct,rep_pct,oth_pct,dem_votes,rep_votes,oth_votes,ind_votes,total_votes
AK-GOV,governor,AK,GOV,Tom Begich,Bernadette Wilson,DEM,REP,,REP,-6.35,34.6,65.3,Lean R,-13.27,5.19,-9.14,0.0,0.0,-1.06,-13.8,7.45,True,False,,,0.0,0.0,,,0.0,presumptive,projected,46.99,37.94,3,8.06,0.15,0,0,0,0,0,0,0,0,0,0,0,0,0,0,0,0,0,0,0,0,0,0,0,42.98,49.02,8.0,101624,115906,18916,0,236446
AL-GOV,governor,AL,GOV,Doug Jones,Tommy Tuberville,DEM,REP,,REP,-20.67,2.2,97.8,Safe R,-29.66,5.19,-21.58,0.0,3.37,-0.48,-30.88,10.21,False,False,,,0.0,0.0,,,0.0,confirmed,confirmed,34.1,52.6,1,-15.5,0.15,0,13792994,0,0,0,0,0,0,0,0,0,0,0,0,0,0,0,0,0,0,0,0,0,39.67,60.33,0.0,628937,956626,0,0,1585563
AR-GOV,governor,AR,GOV,Fredrick Love,Sarah Huckabee Sanders,DEM,REP,REP,REP,-26.06,0.6,99.4,Safe R,-30.62,5.19,-26.06,0.0,-0.13,-0.51,-31.57,5.5,False,False,,,0.0,0.0,,,0.0,confirmed,confirmed,,,0,,0.0,0,0,0,0,0,0,0,0,0,0,0,0,0,0,0,0,0,0,0,0,0,0,0,36.97,63.03,0.0,310335,529122,0,0,839457
AZ-GOV,governor,AZ,GOV,Katie Hobbs,Andy Biggs,DEM,REP,DEM,DEM,7.84,77.7,22.3,Likely D,-4.25,5.19,8.25,0.94,6.01,0.36,-5.59,13.43,False,False,,,0.0,0.0,,,0.0,presumptive,presumptive,42.7,36.79,11,6.65,0.257,9827820,2787170,0,0,0,0,0,0,0,0,0,0,0,0,0,0,0,0,0,0,0,0,0,53.92,46.08,0.0,1279230,1093294,0,0,2372523
CA-GOV,governor,CA,GOV,Xavier Becerra,Steve Hilton,DEM,REP,,DEM,28.38,99.7,0.3,Safe D,23.42,5.19,29.41,-0.1,0.0,0.89,20.82,7.57,False,False,,,0.0,0.0,,,0.0,confirmed,confirmed,57.29,33.73,4,23.57,0.175,11283904,12875324,0,5129836,1724547,0,0,0,0,0,0,0,0,0,0,0,0,0,0,0,0,0,0,64.19,35.81,0.0,7124407,3974136,0,0,11098543
CO-GOV,governor,CO,GOV,Phil Weiser,Victor Marx,DEM,REP,,DEM,17.72,95.7,4.3,Safe D,11.48,5.19,17.29,0.64,0.0,-0.01,11.29,6.42,False,False,IND,Greg Lopez,3.6,0.0,,,0.0,confirmed,confirmed,50.1,37.8,1,12.3,0.15,6951032,2935521,84692,0,0,0,0,0,0,0,0,0,0,0,0,0,0,0,0,0,0,0,0,56.74,39.66,0.0,1268067,886397,0,80457,2234922
CT-GOV,governor,CT,GOV,Ned Lamont,Ryan Fazio,DEM,REP,DEM,DEM,18.91,96.7,3.3,Safe D,15.88,5.19,19.96,0.0,-1.03,-0.09,14.76,4.15,False,False,,,0.0,0.0,,,0.0,presumptive,confirmed,49.0,36.0,1,13.0,0.15,0,0,0,0,0,0,0,0,0,0,0,0,0,0,0,0,0,0,0,0,0,0,0,59.46,40.54,0.0,731993,499147,0,0,1231140
FL-GOV,governor,FL,GOV,David Jolly,Byron Donalds,DEM,REP,,REP,-6.61,26.0,74.0,Lean R,-10.43,5.19,-7.54,-2.35,-0.47,0.51,-13.22,6.61,False,False,,,0.0,0.0,,,0.0,presumptive,presumptive,39.46,43.33,16,-4.22,0.28,2814312,65627327,0,0,0,0,0,0,0,0,0,0,0,0,0,0,0,0,0,0,0,0,0,46.69,53.31,0.0,3574293,4080533,0,0,7654826
GA-GOV,governor,GA,GOV,Keisha Lance Bottoms,Rick Jackson,DEM,REP,,REP,1.58,56.1,43.9,Toss-up,-1.84,5.19,0.76,-2.47,0.0,-0.12,-2.21,3.79,False,False,,,0.0,0.0,,,0.0,confirmed,confirmed,50.44,45.91,6,4.65,0.21,2665880,73526815,0,0,0,0,0,0,0,0,0,0,0,0,0,0,0,0,0,0,0,0,0,50.79,49.21,0.0,1866489,1808558,0,0,3675046
HI-GOV,governor,HI,GOV,Josh Green,Gary Cordery,DEM,REP,DEM,DEM,32.12,99.9,0.1,Safe D,25.72,5.19,32.12,0.0,1.67,-0.46,23.56,8.56,False,False,,,0.0,0.0,,,0.0,presumptive,presumptive,,,0,,0.0,0,0,0,0,0,0,0,0,0,0,0,0,0,0,0,0,0,0,0,0,0,0,0,66.06,33.94,0.0,238932,122759,0,0,361691
IA-GOV,governor,IA,GOV,Rob Sand,Zach Lahn,DEM,REP,,REP,5.92,71.7,28.3,Lean D,-12.13,5.19,6.06,2.86,10.86,-0.71,-13.45,19.36,False,False,,,0.0,0.0,,,0.0,confirmed,confirmed,50.38,45.25,4,5.22,0.175,9572747,163603,0,0,0,0,0,0,0,0,0,0,0,0,0,0,0,0,0,0,0,0,0,52.96,47.04,0.0,616666,547788,0,0,1164454
ID-GOV,governor,ID,GOV,Terri Pickens,Brad Little,DEM,REP,REP,REP,-45.76,0.0,100.0,Safe R,-36.27,5.19,-45.76,-1.82,-12.37,-0.49,-37.52,-8.23,False,False,,,0.0,0.0,,,0.0,confirmed,confirmed,,,0,,0.0,136953,2057743,0,0,0,0,0,0,0,0,0,0,0,0,0,0,0,0,0,0,0,0,0,27.12,72.88,0.0,171830,461713,0,0,633543
IL-GOV,governor,IL,GOV,JB Pritzker,Darren Bailey,DEM,REP,DEM,DEM,19.97,97.4,2.6,Safe D,12.91,5.19,19.92,1.84,-0.02,0.0,11.14,8.84,False,False,,,0.0,0.0,,,0.0,confirmed,confirmed,54.3,34.0,1,20.3,0.15,25619035,2166962,0,3141018,127990,0,0,0,0,0,0,0,0,0,0,0,0,0,0,0,0,0,0,59.99,40.01,0.0,2372332,1582405,0,0,3954737
KS-GOV,governor,KS,GOV,Cindy Holscher,Ty Masterson,DEM,REP,,DEM,-11.66,12.9,87.1,Likely R,-16.42,5.19,-11.66,0.0,0.0,-0.43,-16.41,4.75,False,False,,,0.0,0.0,,,0.0,projected,presumptive,,,0,,0.0,0,0,0,0,0,0,0,0,0,0,0,0,0,0,0,0,0,0,0,0,0,0,0,44.17,55.83,0.0,410461,518852,0,0,929314
MA-GOV,governor,MA,GOV,Maura Healey,Mike Minogue,DEM,REP,DEM,DEM,31.38,99.9,0.1,Safe D,27.8,5.19,33.77,0.0,1.13,-0.34,25.91,5.47,False,False,,,0.0,0.0,,,0.0,confirmed,presumptive,53.79,31.4,6,22.39,0.21,0,0,0,0,0,0,0,0,0,0,0,0,0,0,0,0,0,0,0,0,0,0,0,65.69,34.31,0.0,1597323,834245,0,0,2431568
MD-GOV,governor,MD,GOV,Wes Moore,Dan Cox,DEM,REP,DEM,DEM,36.36,100.0,0.0,Safe D,30.37,5.19,38.91,0.0,3.43,-0.08,29.51,6.85,False,False,,,0.0,0.0,,,0.0,confirmed,confirmed,49.9,28.0,1,21.9,0.15,0,0,0,0,0,0,0,0,0,0,0,0,0,0,0,0,0,0,0,0,0,0,0,68.18,31.82,0.0,1450023,676811,0,0,2126834
ME-GOV,governor,ME,GOV,Hannah Pingree,Robert Charles,DEM,REP,,DEM,11.78,87.4,12.6,Likely D,7.36,5.19,11.58,0.0,0.0,-0.97,7.09,4.69,False,False,IND,Rick Bennett,3.21,0.0,,,0.0,confirmed,confirmed,52.17,38.68,3,13.48,0.185,0,0,0,0,0,0,0,0,0,0,0,0,0,0,0,0,0,0,0,0,0,0,0,54.09,42.7,0.0,314805,248477,0,18681,581962
MI-GOV,governor,MI,GOV,Jocelyn Benson,John James,DEM,REP,,DEM,12.42,88.6,11.4,Likely D,-0.43,5.19,14.32,0.21,9.97,-0.63,-1.44,13.86,False,False,,,0.0,0.0,,,0.0,presumptive,presumptive,44.1,36.73,18,7.71,0.286,5958887,4492470,0,0,0,0,0,0,0,0,0,0,0,0,0,0,0,0,0,0,0,0,0,56.21,43.79,0.0,2228387,1735875,0,0,3964262
MN-GOV,governor,MN,GOV,Amy Klobuchar,Mike Lindell,DEM,REP,,DEM,11.72,87.2,12.8,Likely D,4.83,5.19,10.61,1.43,-0.12,-0.72,4.34,7.37,False,False,,,0.0,0.0,,,0.0,presumptive,projected,52.96,34.99,2,17.97,0.15,7053950,1001473,0,3859683,11704,0,0,0,0,0,0,0,0,0,0,0,0,0,0,0,0,0,0,55.86,44.14,0.0,1272313,1005431,0,0,2277744
NE-GOV,governor,NE,GOV,Lynne Walz,Jim Pillen,DEM,REP,REP,REP,-13.83,9.0,91.0,Likely R,-20.91,5.19,-19.45,0.0,-3.25,-0.48,-20.84,7.01,False,False,IND,Brett Lindstrom,12.0,0.0,,,0.0,confirmed,confirmed,33.0,38.0,1,-8.0,0.15,0,0,0,0,0,0,0,0,0,0,0,0,0,0,0,0,0,0,0,0,0,0,0,37.91,50.09,0.0,251374,332076,0,79561,663011
NH-GOV,governor,NH,GOV,Cinde Warmington,Kelly Ayotte,DEM,REP,REP,REP,-11.86,12.5,87.5,Likely R,3.63,5.19,-13.14,-1.31,-19.79,-0.86,2.82,-14.68,False,False,,,0.0,0.0,,,0.0,confirmed,presumptive,38.17,44.73,5,-6.56,0.194,606192,3694856,0,0,0,0,0,0,0,0,0,0,0,0,0,0,0,0,0,0,0,0,0,44.07,55.93,0.0,254875,323457,0,0,578332
NM-GOV,governor,NM,GOV,Deb Haaland,Gregg Hull,DEM,REP,,DEM,8.38,79.2,20.8,Likely D,7.41,5.19,9.28,1.95,-6.39,1.12,6.14,2.24,False,False,,,0.0,0.0,,,0.0,confirmed,confirmed,46.0,45.0,1,4.0,0.17,13910580,987856,0,0,0,0,0,0,0,0,0,0,0,0,0,0,0,0,0,0,0,0,0,54.19,45.81,0.0,350281,296096,0,0,646377
NV-GOV,governor,NV,GOV,Aaron Ford,Joe Lombardo,DEM,REP,REP,REP,3.45,63.1,36.9,Lean D,-1.57,5.19,5.34,0.47,0.85,0.4,-3.15,6.61,False,False,,,0.0,0.0,,,0.0,confirmed,confirmed,44.91,46.76,7,-3.12,0.223,4285307,2275075,0,0,0,0,0,0,0,0,0,0,0,0,0,0,0,0,0,0,0,0,0,51.73,48.27,0.0,537473,501594,0,0,1039067
NY-GOV,governor,NY,GOV,Kathy Hochul,Bruce Blakeman,DEM,REP,DEM,DEM,13.84,91.1,8.9,Likely D,15.56,5.19,13.54,0.16,-7.5,0.13,12.68,1.16,False,False,,,0.0,0.0,,,0.0,confirmed,confirmed,49.63,36.11,15,14.64,0.276,16594119,13445025,0,0,0,0,0,0,0,0,0,0,0,0,0,0,0,0,0,0,0,0,0,56.92,43.08,0.0,3309070,2504429,0,0,5813499
OH-GOV,governor,OH,GOV,Amy Acton,Vivek Ramaswamy,DEM,REP,,REP,-4.57,32.8,67.2,Lean R,-10.38,5.19,-6.54,-0.66,0.0,-0.69,-11.31,6.74,False,False,,,0.0,0.0,,,0.0,confirmed,confirmed,47.65,47.15,16,0.48,0.28,10552470,25555956,0,0,0,0,0,0,0,0,0,0,0,0,0,0,0,0,0,0,0,0,0,47.71,52.29,0.0,1925474,2110038,0,0,4035512
OK-GOV,governor,OK,GOV,Cyndi Munson,Gentner Drummond,DEM,REP,,REP,-31.07,0.1,99.9,Safe R,-34.86,5.19,-31.07,0.0,-0.7,-0.7,-34.95,3.88,False,False,,,0.0,0.0,,,0.0,confirmed,projected,,,0,,0.0,0,0,0,0,0,0,0,0,0,0,0,0,0,0,0,0,0,0,0,0,0,0,0,34.46,65.54,0.0,377809,718413,0,0,1096222
OR-GOV,governor,OR,GOV,Tina Kotek,Christine Drazan,DEM,REP,DEM,DEM,5.61,70.7,29.3,Lean D,15.18,5.19,6.62,0.0,-13.29,-0.46,14.89,-9.28,False,False,,,0.0,0.0,,,0.0,confirmed,confirmed,44.2,47.13,3,-0.1,0.15,0,0,0,0,0,0,0,0,0,0,0,0,0,0,0,0,0,0,0,0,0,0,0,52.81,47.19,0.0,830014,741760,0,0,1571774
PA-GOV,governor,PA,GOV,Josh Shapiro,Stacy Garrity,DEM,REP,DEM,DEM,17.2,95.3,4.7,Safe D,-0.99,5.19,17.24,1.95,11.61,-0.53,-1.75,18.95,False,False,,,0.0,0.0,,,0.0,confirmed,confirmed,52.77,35.68,11,17.09,0.257,34960533,2545436,0,0,0,0,0,0,0,0,0,0,0,0,0,0,0,0,0,0,0,0,0,58.6,41.4,0.0,2885214,2038404,0,0,4923617
RI-GOV,governor,RI,GOV,Helena Foulkes,Elaine Pelino,DEM,REP,,DEM,20.24,97.5,2.5,Safe D,15.75,5.19,20.74,0.0,0.0,-0.2,14.16,6.08,False,False,,,0.0,0.0,,,0.0,presumptive,projected,38.59,21.21,2,17.38,0.15,0,0,0,0,0,0,0,0,0,0,0,0,0,0,0,0,0,0,0,0,0,0,0,60.12,39.88,0.0,216034,143314,0,0,359348
SC-GOV,governor,SC,GOV,Jermaine Johnson,Alan Wilson,DEM,REP,,REP,-10.39,15.6,84.4,Likely R,-16.61,5.19,-10.26,1.47,0.07,-0.39,-18.12,7.73,False,False,,,0.0,0.0,,,0.0,confirmed,confirmed,37.0,45.0,1,-11.0,0.177,753609,62585,0,0,0,0,0,0,0,0,0,0,0,0,0,0,0,0,0,0,0,0,0,44.8,55.2,0.0,799151,984547,0,0,1783698
SD-GOV,governor,SD,GOV,Dan Ahlers,Toby Doeden,DEM,REP,,REP,-25.24,0.7,99.3,Safe R,-29.41,5.19,-25.24,0.0,0.0,-1.02,-29.98,4.74,False,False,,,0.0,0.0,,,0.0,confirmed,projected,,,0,,0.0,0,0,0,0,0,0,0,0,0,0,0,0,0,0,0,0,0,0,0,0,0,0,0,37.38,62.62,0.0,111572,186901,0,0,298473
TN-GOV,governor,TN,GOV,Jerri Green,Marsha Blackburn,DEM,REP,,REP,-20.78,2.2,97.8,Safe R,-28.6,5.19,-20.22,0.0,3.73,-0.54,-30.12,9.34,False,False,,,0.0,0.0,,,0.0,projected,presumptive,27.01,51.0,3,-23.99,0.15,0,0,0,0,0,0,0,0,0,0,0,0,0,0,0,0,0,0,0,0,0,0,0,39.61,60.39,0.0,849513,1295246,0,0,2144759
TX-GOV,governor,TX,GOV,Gina Hinojosa,Greg Abbott,DEM,REP,REP,REP,-8.79,19.7,80.3,Likely R,-11.93,5.19,-10.62,-1.58,-3.33,1.04,-13.88,5.09,False,False,,,0.0,0.0,,,0.0,confirmed,confirmed,44.78,49.02,18,-4.22,0.286,8589462,71434049,0,3002416,67461299,0,0,0,0,0,0,0,0,0,0,0,0,0,0,0,0,0,0,45.61,54.39,0.0,3640843,4342327,0,0,7983170
VT-GOV,governor,VT,GOV,Amanda Janoo,Phil Scott,DEM,REP,REP,REP,-22.66,1.4,98.6,Safe R,33.44,5.19,-24.9,0.0,-62.58,-0.95,32.77,-55.43,False,False,,,0.0,0.0,,,0.0,projected,confirmed,30.95,43.32,2,-12.37,0.179,0,0,0,0,0,0,0,0,0,0,0,0,0,0,0,0,0,0,0,0,0,0,0,38.67,61.33,0.0,99994,158602,0,0,258595
WI-GOV,governor,WI,GOV,Francesca Hong,Tom Tiffany,DEM,REP,,DEM,3.4,62.9,37.1,Lean D,-0.43,5.19,4.56,0.18,0.28,-0.66,-0.87,4.27,False,False,,,0.0,0.0,,,0.0,projected,presumptive,42.64,43.55,7,-0.66,0.223,13951,1,0,0,0,0,0,0,0,0,0,0,0,0,0,0,0,0,0,0,0,0,0,51.7,48.3,0.0,1238764,1157278,0,0,2396043
WY-GOV,governor,WY,GOV,Kenneth Casner,Megan Degenfelder,DEM,REP,,REP,-39.71,0.0,100.0,Safe R,-46.77,5.19,-39.71,0.0,2.51,-0.64,-46.96,7.25,False,False,,,0.0,0.0,,,0.0,presumptive,presumptive,,,0,,0.0,0,5226,0,0,0,0,0,0,0,0,0,0,0,0,0,0,0,0,0,0,0,0,0,30.14,69.86,0.0,56772,131562,0,0,188334
AK-SEN,senate,AK,SEN,Mary Peltola,Dan Sullivan,DEM,REP,REP,REP,-1.69,45.9,54.1,Toss-up,-11.41,5.19,-2.8,0.37,4.11,-1.06,-13.8,12.11,True,False,,,0.0,0.0,,,0.0,presumptive,confirmed,46.31,46.61,12,-0.31,0.262,15575539,8501665,0,6094872,8303687,0,15476,3017435,9480668,2288882,0,5719757,470900,0,561746,1875800,0,0,0,0,0,0,0,45.01,46.99,8.0,106424,111106,18916,0,236446
AL-SEN,senate,AL,SEN,Everett Wess,Barry Moore,DEM,REP,,REP,-24.67,0.8,99.2,Safe R,-27.11,5.19,-24.67,-3.2,0.93,-0.48,-30.88,6.21,False,False,,,0.0,0.0,,,0.0,confirmed,confirmed,,,0,,0.0,83341,3787330,0,-10011,627788,0,3019,17094132,94747,3284673,0,4247,346554,0,0,881598,0,70643,50000,0,0,360928,0,37.67,62.33,0.0,597204,988359,0,0,1585563
AR-SEN,senate,AR,SEN,Hallie Shoffner,Tom Cotton,DEM,REP,REP,REP,-25.86,0.6,99.4,Safe R,-29.24,5.19,-27.07,-0.84,-1.67,-0.51,-31.57,5.71,False,False,,,0.0,0.0,,,0.0,confirmed,confirmed,36.0,58.0,1,-19.0,0.15,2269114,6233117,0,863578,9931885,0,0,2510176,1405536,3752101,0,807603,552197,0,20060,1191500,0,0,0,0,0,73959,0,37.07,62.93,0.0,311191,528265,0,0,839457
CO-SEN,senate,CO,SEN,John Hickenlooper,Mark Baisley,DEM,REP,DEM,DEM,24.66,99.2,0.8,Safe D,13.08,5.19,24.66,2.84,3.55,-0.01,11.29,13.36,False,False,,,0.0,0.0,,,0.0,confirmed,confirmed,,,0,,0.0,8119380,138597,0,2083870,50021,0,510004,0,7471143,88913,0,1302169,28371,0,958273,999,0,0,2200,0,0,0,0,62.33,37.67,0.0,1392976,841946,0,0,2234922
DE-SEN,senate,DE,SEN,Chris Coons,Michael Katz,DEM,REP,DEM,DEM,24.77,99.2,0.8,Safe D,15.57,5.19,24.77,2.63,1.67,-0.28,14.84,9.93,False,False,,,0.0,0.0,,,0.0,presumptive,presumptive,,,0,,0.0,3940137,70152,0,4705684,38004,0,0,0,1419652,32148,0,52510,3182,0,1310377,300,0,0,54260,0,0,54250,0,62.39,37.61,0.0,223055,134487,0,0,357542
FL-SEN,senate,FL,SEN,Alexander Vindman,Ashley Moody,DEM,REP,REP,REP,-5.13,30.9,69.1,Lean R,-8.78,5.19,-4.53,0.21,-1.67,0.51,-13.22,8.1,False,False,,,0.0,0.0,,,0.0,presumptive,presumptive,41.56,47.23,11,-6.85,0.257,14595387,10802230,0,7307305,8421236,0,26675,545860,7288082,2380993,0,8963209,1383579,0,215105,2039500,0,20,0,0,2517,0,0,47.44,52.56,0.0,3631256,4023571,0,0,7654826
GA-SEN,senate,GA,SEN,Jon Ossoff,Mike Collins,DEM,REP,DEM,DEM,12.24,88.3,11.7,Likely D,-0.89,5.19,12.61,1.71,6.73,-0.12,-2.21,14.45,False,False,,,0.0,0.0,,,0.0,confirmed,confirmed,53.98,43.02,11,11.17,0.257,77279766,7409350,0,42587451,2079981,0,886293,1568662,39682882,5932539,0,39110515,2087144,0,931316,495632,0,0,65000,0,0,461916,0,56.12,43.88,0.0,2062496,1612550,0,0,3675046
IA-SEN,senate,IA,SEN,Josh Turek,Ashley Hinson,DEM,REP,,REP,-2.4,40.8,59.2,Toss-up,-7.29,5.19,-3.84,-0.1,-0.93,-0.71,-13.45,11.05,False,False,LIB,,0.0,0.0,,,0.0,confirmed,confirmed,47.49,47.08,8,0.1,0.233,6276527,10217845,0,2362314,6749491,0,11513181,3883175,3914213,5396429,0,2726556,1052135,0,440127,2232367,0,0,0,0,0,0,0,47.52,49.85,2.63,553324,580505,30625,0,1164454
ID-SEN,senate,ID,SEN,(No Democrat),Jim Risch,DEM,REP,REP,REP,-27.95,0.3,99.7,Safe R,-32.33,5.19,-30.44,-1.14,-1.67,-0.49,-37.52,9.57,False,True,IND,Todd Achilles,36.03,0.3,,,0.0,,confirmed,35.63,41.47,2,-8.84,0.15,8642,3357516,692245,1051,3535956,194226,0,0,8186,2241925,506311,1936,139910,115721,1400,959329,10000,3156,0,10500,10846,0,0,0.0,63.97,0.0,0,405301,0,228242,633543
IL-SEN,senate,IL,SEN,Juliana Stratton,Don Tracy,DEM,REP,,DEM,20.62,97.7,2.3,Safe D,15.12,5.19,20.62,0.32,0.0,0.0,11.14,9.49,False,False,,,0.0,0.0,,,0.0,confirmed,confirmed,,,0,,0.0,5906599,2459890,0,1107958,1512424,0,10437456,11068156,4798641,947466,0,1182892,27050,0,426634,12325,0,0,2000000,0,0,2000000,0,60.31,39.69,0.0,2385198,1569539,0,0,3954737
KS-SEN,senate,KS,SEN,Adam Hamilton,Roger Marshall,DEM,REP,REP,REP,-11.08,14.1,85.9,Likely R,-15.24,5.19,-11.63,-0.07,-1.09,-0.43,-16.41,5.33,False,False,,,0.0,0.0,,,0.0,presumptive,presumptive,46.0,54.0,1,-8.0,0.15,3678710,3943411,0,2597698,5326447,0,0,227327,1081012,321983,0,631218,147889,0,15000,1532750,0,50050,0,0,50000,0,0,44.46,55.54,0.0,413154,516159,0,0,929314
KY-SEN,senate,KY,SEN,Charles Booker,Andy Barr,DEM,REP,,REP,-28.97,0.2,99.8,Safe R,-30.07,5.19,-31.35,-0.86,-4.86,-0.75,-31.03,2.06,False,False,,,0.0,0.0,,,0.0,confirmed,confirmed,37.0,49.5,1,-15.5,0.15,1099509,9981055,0,309623,2305546,0,8306596,6980575,789887,11368587,0,654554,729552,0,24750,1995311,0,0,0,0,89868,0,0,35.51,64.49,0.0,515728,936441,0,0,1452169
LA-SEN,senate,LA,SEN,Jamie Davis,Julia Letlow,DEM,REP,,REP,-24.07,1.0,99.0,Safe R,-21.43,5.19,-24.07,-0.45,-7.1,-0.28,-22.36,-1.71,False,False,,,0.0,0.0,,,0.0,confirmed,confirmed,,,0,,0.0,1983548,6210122,0,479104,1427072,0,10861766,12093658,1504444,4783049,0,1699034,127995,0,0,824000,0,10000,0,0,10000,0,0,37.96,62.04,0.0,533358,871524,0,0,1404882
MA-SEN,senate,MA,SEN,Ed Markey,John Deaton,DEM,REP,DEM,DEM,32.8,99.9,0.1,Safe D,29.16,5.19,36.34,0.66,1.67,-0.34,25.91,6.89,False,False,,,0.0,0.0,,,0.0,presumptive,presumptive,52.51,32.08,7,20.45,0.223,4848657,1498561,0,2227617,726604,0,0,1482275,4431727,771958,0,757410,61944,0,548650,425,0,0,1053414,0,0,1005000,0,66.4,33.6,0.0,1614534,817034,0,0,2431568
ME-SEN,senate,ME,SEN,Troy Jackson,Susan Collins,DEM,REP,REP,REP,0.25,51.0,49.0,Toss-up,8.54,5.19,-0.8,0.0,-13.55,-0.97,7.09,-6.84,False,False,,,0.0,0.0,,,0.0,projected,confirmed,49.99,44.89,5,4.57,0.194,0,16169827,0,0,11038115,0,86250,2629499,0,7708021,0,0,1425763,0,0,1263550,0,0,0,0,0,0,0,50.12,49.88,0.0,291700,290263,0,0,581962
MI-SEN,senate,MI,SEN,Abdul El-Sayed,Mike Rogers,DEM,REP,,DEM,5.29,69.6,30.4,Lean D,3.04,5.19,7.76,-0.28,0.44,-0.63,-1.44,6.73,False,False,,,0.0,0.0,,,0.0,projected,presumptive,43.27,44.54,16,-1.07,0.28,12222407,10582463,0,2730129,5723827,0,1242864,23320703,9492277,5114340,0,3236075,2129550,0,67845,844227,0,14000,0,0,0,0,0,52.64,47.36,0.0,2086911,1877351,0,0,3964262
MN-SEN,senate,MN,SEN,Peggy Flanagan,Michele Tafoya,DEM,REP,,DEM,10.16,83.8,16.2,Likely D,6.67,5.19,11.09,-0.05,0.0,-0.72,4.34,5.81,False,False,,,0.0,0.0,,,0.0,projected,presumptive,49.3,41.8,6,6.64,0.21,6044163,4669609,0,1565604,2080632,0,105478,5514766,4478560,2588978,0,2701933,2064245,0,169917,224000,0,7000,7878,0,0,331512,0,55.08,44.92,0.0,1254552,1023192,0,0,2277744
MS-SEN,senate,MS,SEN,Scott Colom,Cindy Hyde-Smith,DEM,REP,REP,REP,-13.4,9.7,90.3,Likely R,-21.48,5.19,-14.35,-0.31,2.62,-0.37,-23.15,9.75,False,False,IND,Ty Pinkins,6.0,0.0,,,0.0,confirmed,confirmed,39.0,42.0,1,-6.0,0.15,2384921,3825455,90225,847046,2535896,632,471544,98645,1537875,1759323,95208,351461,98642,57151,312330,1182050,0,25193,0,0,61083,60000,0,40.7,53.3,0.0,349885,458144,0,51576,859605
MT-SEN,senate,MT,SEN,Alani Bankhead,Kurt Alme,DEM,REP,,REP,-25.13,0.7,99.3,Safe R,-13.86,5.19,-9.29,0.39,0.0,-1.01,-20.58,-4.55,False,True,IND,Seth Bodnar,14.02,0.0,,,0.0,confirmed,confirmed,31.11,43.81,6,-12.97,0.227,58829,1984861,3238151,21485,1450719,977779,4700046,2502674,37011,534142,2260371,18727,88310,369366,6627,639500,93050,6522,0,0,0,0,0,28.6,53.73,3.66,120699,226762,15448,59165,422074
NC-SEN,senate,NC,SEN,Roy Cooper,Michael Whatley,DEM,REP,,REP,5.4,70.0,30.0,Lean D,-2.8,5.19,4.69,0.7,1.9,-0.3,-3.27,8.67,False,False,GRN,,0.0,0.0,,,0.0,confirmed,confirmed,50.89,42.03,22,8.67,0.296,34975789,11272504,0,20717567,3461698,0,46380,7097104,14258222,7810806,0,4748620,1775437,0,820563,936330,0,0,0,0,0,46928,0,51.72,46.41,1.87,2062174,1850728,74566,0,3987467
NE-SEN,senate,NE,SEN,(No Democrat),Pete Ricketts,DEM,REP,REP,REP,-4.62,32.7,67.3,Lean R,-19.16,5.19,-6.34,-0.53,8.63,-0.48,-20.84,16.22,False,True,IND,Dan Osborn,47.69,32.7,,,0.0,,confirmed,47.0,42.31,3,4.54,0.15,0,11233507,5751951,0,6910970,2421487,201261,1732682,0,4809506,3393630,0,232136,2195423,0,1701815,139868,0,5295888,0,0,0,0,0.0,52.31,0.0,0,346820,0,316191,663011
NH-SEN,senate,NH,SEN,Chris Pappas,John E. Sununu,DEM,REP,,DEM,7.83,77.7,22.3,Likely D,-0.04,5.19,9.25,0.75,4.2,-0.86,2.82,5.01,False,False,,,0.0,0.0,,,0.0,presumptive,presumptive,46.63,42.63,16,4.2,0.28,13371607,3662252,0,5183321,2672646,0,130636,3645658,8595871,989605,0,4138690,395965,0,1045873,462000,0,0,0,0,0,0,0,53.92,46.08,0.0,311817,266515,0,0,578332
NJ-SEN,senate,NJ,SEN,Cory Booker,Justin Murphy,DEM,REP,DEM,DEM,19.7,97.2,2.8,Safe D,8.31,5.19,19.7,4.13,1.88,0.19,5.63,14.07,False,False,,,0.0,0.0,,,0.0,confirmed,confirmed,,,0,,0.0,18869341,27316,0,23060940,123,0,0,0,7000887,26297,0,8440493,7240,0,500530,650,0,0,4932,0,0,8782,0,59.85,40.15,0.0,1743782,1169905,0,0,2913686
NM-SEN,senate,NM,SEN,Ben Ray Lujan,Larry Marker,DEM,REP,DEM,DEM,19.11,96.8,3.2,Safe D,7.97,5.19,19.11,3.16,1.67,1.12,6.14,12.97,False,False,,,0.0,0.0,,,0.0,confirmed,confirmed,,,0,,0.0,5626629,33525,0,4396754,11850,0,0,0,2443668,21675,0,1158566,1065,0,1738346,5000,0,0,0,0,0,0,0,59.56,40.44,0.0,384954,261423,0,0,646377
OH-SEN,senate,OH,SEN,Sherrod Brown,Jon Husted,DEM,REP,REP,REP,-1.06,45.9,54.1,Toss-up,-8.69,5.19,-2.2,0.6,1.39,-0.69,-11.31,10.25,False,False,LIB,,0.0,0.0,,,0.0,confirmed,confirmed,48.6,47.63,15,0.78,0.276,38566234,14360028,0,16229741,9419311,0,34727,8605576,22336493,4940716,0,13527788,1843640,0,861223,2382560,0,0,0,0,0,0,0,48.69,49.74,1.57,1965035,2007119,63358,0,4035512
OK-SEN,senate,OK,SEN,Jasmine Thomas,Kevin Hern,DEM,REP,,REP,-35.67,0.0,100.0,Safe R,-33.89,5.19,-35.67,-3.49,-2.78,-0.7,-34.95,-0.73,False,False,,,0.0,0.0,,,0.0,presumptive,confirmed,,,0,,0.0,52402,9953579,0,254,2491910,0,0,2379644,53084,7461669,0,38213,132138,0,0,761500,0,0,5050000,0,0,0,0,32.16,67.84,0.0,352577,743646,0,0,1096222
OR-SEN,senate,OR,SEN,Jeff Merkley,David Brock Smith,DEM,REP,DEM,DEM,21.73,98.3,1.7,Safe D,12.86,5.19,21.73,2.47,1.67,-0.46,14.89,6.83,False,False,,,0.0,0.0,,,0.0,confirmed,confirmed,,,0,,0.0,4540974,120760,0,6828404,28980,0,0,0,1979569,91781,0,1059223,34621,0,477520,11000,0,0,0,0,0,8156,0,60.86,39.14,0.0,956625,615149,0,0,1571774
RI-SEN,senate,RI,SEN,Jack Reed,Raymond McKay,DEM,REP,DEM,DEM,24.61,99.2,0.8,Safe D,17.27,5.19,25.95,2.03,1.67,-0.2,14.16,10.45,False,False,,,0.0,0.0,,,0.0,presumptive,presumptive,52.0,35.0,1,17.0,0.15,3126485,163439,0,3642761,2745,0,0,0,1071915,161032,0,27532,66814,0,1028500,1600,0,0,1,0,0,690,0,62.3,37.7,0.0,223891,135456,0,0,359348
SC-SEN,senate,SC,SEN,Annie Andrews,Generic Republican,DEM,REP,,REP,-7.02,24.8,75.2,Likely R,-14.68,5.19,-6.63,0.0,3.25,-0.39,-18.12,11.1,False,False,LIB,,0.0,0.0,,,0.0,confirmed,projected,39.0,47.0,1,-11.0,0.177,10804040,0,0,4119295,0,0,0,145756,6684746,0,0,6474403,0,0,104955,0,0,0,0,0,1025357,0,0,45.62,52.51,1.87,813699,936644,33355,0,1783698
SD-SEN,senate,SD,SEN,Julian Beaudion,Mike Rounds,DEM,REP,REP,REP,-30.91,0.1,99.9,Safe R,-28.22,5.19,-30.33,-1.88,-4.39,-1.02,-29.98,-0.93,False,False,IND,Brian Bengs,20.81,0.0,,,0.0,confirmed,confirmed,19.31,43.6,3,-27.29,0.15,228295,3176451,782050,3078,2736664,51406,0,565848,225217,2309816,730644,63214,36975,474153,9398,1443800,5000,3655,0,0,14458,0,0,27.36,51.83,0.0,81648,154712,0,62112,298473
TN-SEN,senate,TN,SEN,Marquita Bradshaw,Bill Hagerty,DEM,REP,REP,REP,-31.58,0.1,99.9,Safe R,-26.26,5.19,-31.58,-3.72,-6.25,-0.54,-30.12,-1.46,False,False,,,0.0,0.0,,,0.0,presumptive,confirmed,,,0,,0.0,1502,7010097,0,669,5649494,0,0,746984,911,3288072,0,1502,931531,0,0,1481700,0,0,0,0,0,0,0,34.21,65.79,0.0,733674,1411085,0,0,2144759
TX-SEN,senate,TX,SEN,James Talarico,Ken Paxton,DEM,REP,,REP,0.21,50.8,49.2,Toss-up,-10.66,5.19,-0.87,1.51,2.05,1.04,-13.88,14.09,False,False,LIB,,0.0,0.0,,,0.0,confirmed,confirmed,45.59,44.14,21,1.45,0.294,68555930,9248699,0,21548155,1755783,0,31388295,3791205,47007775,7492915,0,36717034,1764118,0,343408,219500,0,0,0,0,0,0,0,49.1,48.89,2.01,3919657,3903051,160462,0,7983170
VA-SEN,senate,VA,SEN,Mark Warner,Bert Mizusawa,DEM,REP,DEM,DEM,17.72,95.7,4.3,Safe D,6.82,5.19,17.72,2.86,3.15,-0.3,5.89,11.83,False,False,,,0.0,0.0,,,0.0,confirmed,projected,,,0,,0.0,17651762,341219,0,16154714,51419,0,0,0,7050282,289799,0,2893949,82291,0,2069150,0,0,0,171454,0,0,20000,0,58.86,41.14,0.0,1855395,1296907,0,0,3152302
WV-SEN,senate,WV,SEN,Rachel Fetty Anderson,Shelley Moore Capito,DEM,REP,REP,REP,-42.64,0.0,100.0,Safe R,-42.1,5.19,-42.64,-3.14,-1.67,-0.93,-42.69,0.04,False,False,,,0.0,0.0,,,0.0,confirmed,confirmed,,,0,,0.0,22447,4624145,0,12552,4377201,0,0,337585,16891,2558310,0,4153,84240,0,0,1742755,0,7890,0,0,0,0,0,28.68,71.32,0.0,153045,380628,0,0,533673
WY-SEN,senate,WY,SEN,James Byrd,Harriet Hageman,DEM,REP,,REP,-42.97,0.0,100.0,Safe R,-44.96,5.19,-42.97,-2.56,0.0,-0.64,-46.96,3.99,False,False,,,0.0,0.0,,,0.0,projected,presumptive,,,0,,0.0,19576,2023908,0,1689,963842,0,0,113461,18376,1943029,0,4856,591287,0,0,531500,0,0,0,0,0,0,0,28.52,71.48,0.0,53708,134626,0,0,188334
AK-01,house,AK,01,(No Democrat),Nick Begich III,DEM,REP,REP,REP,-2.52,40.3,59.7,Toss-up,-3.36,5.19,-2.0,-1.1,-1.67,-1.06,-13.8,11.28,False,True,IND,Bill Hill,48.74,40.3,,,0.0,,presumptive,46.17,50.17,2,-7.0,0.15,0,5261611,1170869,0,3280417,702626,0,18611,0,2085524,468242,0,1046826,198912,0,984577,51050,0,0,0,0,275764,0,0.0,51.26,0.0,0,121205,0,115241,236446
AL-01,house,AL,01,Clyde Jones,Jerry Carl,DEM,REP,,REP,-28.68,0.3,99.7,Safe R,-31.54,5.19,-28.68,-1.77,0.0,-0.56,-36.34,7.66,False,False,,,0.0,0.0,,,0.0,projected,projected,,,0,,0.0,55423,1065922,0,15347,438428,0,0,0,40076,696785,0,22840,44843,0,2000,279059,0,0,0,0,0,254536,0,35.66,64.34,0.0,81893,147755,0,0,229648
AL-02,house,AL,02,Shomari Figures,Rhett Marques,DEM,REP,DEM,DEM,-2.87,39.0,61.0,Lean R,-9.75,5.19,-2.68,-0.31,2.48,-0.28,-14.46,11.59,False,False,,,0.0,0.0,,,0.0,confirmed,presumptive,44.0,45.0,1,-4.0,0.15,1295921,1300076,0,655662,449417,0,100000,2219826,663368,850659,0,153147,8516,0,822880,181469,0,0,0,0,12000,0,0,48.56,51.44,0.0,99661,105561,0,0,205222
AL-03,house,AL,03,Victor McInnis,Mike Rogers,DEM,REP,REP,REP,-41.62,0.0,100.0,Safe R,-42.31,5.19,-41.62,-2.23,-1.67,-0.61,-47.04,5.42,False,False,,,0.0,0.0,,,0.0,projected,projected,,,0,,0.0,60787,2133554,0,9462,2590964,0,3435,0,28900,1464925,0,17227,8029,0,0,735704,0,0,0,0,0,0,0,29.19,70.81,0.0,64650,156837,0,0,221487
AL-04,house,AL,04,Amanda Pusczek,Robert Aderholt,DEM,REP,REP,REP,-61.8,0.0,100.0,Safe R,-62.56,5.19,-61.8,-2.1,-1.67,-0.67,-66.99,5.19,False,False,,,0.0,0.0,,,0.0,projected,projected,,,0,,0.0,15591,1022664,0,396,749660,0,0,0,14624,1239901,0,7452,9102,0,0,422278,0,0,0,0,12000,0,0,19.1,80.9,0.0,43299,183404,0,0,226703
AL-05,house,AL,05,Andrew Sneed,Dale Strong,DEM,REP,REP,REP,-23.72,1.1,98.9,Safe R,-26.1,5.19,-23.72,-0.59,-1.67,-0.56,-29.51,5.79,False,False,,,0.0,0.0,,,0.0,projected,projected,,,0,,0.0,646512,1477819,0,169720,1424334,0,0,0,476792,682462,0,73555,6635,0,2350,631300,0,20000,0,0,0,240000,0,38.14,61.86,0.0,94398,153122,0,0,247520
AL-06,house,AL,06,Elizabeth Anderson,Gary Palmer,DEM,REP,REP,REP,-29.8,0.2,99.8,Safe R,-31.62,5.19,-29.8,-2.11,-0.72,-0.54,-34.79,4.99,False,False,,,0.0,0.0,,,0.0,projected,projected,,,0,,0.0,15899,1011566,0,2787,257661,0,0,131018,48622,907144,0,2451,806,0,0,442500,0,0,0,0,0,0,0,35.1,64.9,0.0,85860,158771,0,0,244631
AL-07,house,AL,07,Terri Sewell,Republican candidate (AL-07),DEM,REP,DEM,DEM,32.0,99.9,0.1,Safe D,22.62,5.19,32.0,0.0,4.31,-0.12,17.99,14.01,False,False,,,0.0,0.0,,,0.0,projected,projected,,,0,,0.0,1933864,0,0,3768636,0,0,0,0,1635788,0,0,66012,0,0,1577250,0,0,0,0,0,0,0,0,66.0,34.0,0.0,138832,71520,0,0,210352
AR-01,house,AR,01,Terri Green,Rick Crawford,DEM,REP,REP,REP,-43.89,0.0,100.0,Safe R,-42.51,5.19,-43.89,-1.62,-4.28,-0.68,-46.4,2.5,False,False,,,0.0,0.0,,,0.0,confirmed,confirmed,,,0,,0.0,65149,944302,0,11958,1031631,0,0,0,53192,743498,0,13695,12107,0,4900,557750,0,14395,0,0,17838,0,0,28.05,71.95,0.0,54934,140892,0,0,195826
AR-02,house,AR,02,Chris Jones,French Hill,DEM,REP,REP,REP,-10.75,14.8,85.2,Likely R,-13.3,5.19,-10.75,-0.99,-1.12,-0.52,-16.22,5.47,False,False,,,0.0,0.0,,,0.0,projected,projected,,,0,,0.0,1174414,4421510,0,191398,2967541,0,0,418058,983016,2830321,0,303345,28686,0,27750,1457367,0,0,0,0,17801,0,0,44.63,55.37,0.0,100621,124855,0,0,225476
AR-03,house,AR,03,Robb Ryerse,Steve Womack,DEM,REP,REP,REP,-26.75,0.5,99.5,Safe R,-23.49,5.19,-26.75,-1.82,-6.29,-0.34,-25.81,-0.94,False,False,,,0.0,0.0,,,0.0,projected,projected,,,0,,0.0,120526,1871761,0,5951,2404276,0,0,0,114576,1183378,0,57841,27541,0,5886,877500,0,250,0,0,20588,0,0,36.62,63.38,0.0,81155,140442,0,0,221598
AR-04,house,AR,04,James Russell,Bruce Westerman,DEM,REP,REP,REP,-40.01,0.0,100.0,Safe R,-36.87,5.19,-40.01,-2.88,-4.96,-0.49,-40.73,0.72,False,False,,,0.0,0.0,,,0.0,projected,projected,,,0,,0.0,5853,2562973,0,907,4668447,0,0,0,5628,928087,0,1762,38088,0,1500,1053550,0,0,0,0,1052,0,0,30.0,70.0,0.0,58958,137600,0,0,196558
AZ-01,house,AZ,01,Amish Shah,Jay Feely,DEM,REP,,REP,4.9,68.3,31.7,Lean D,1.1,5.19,5.49,-0.5,0.0,-0.3,-3.14,8.04,False,False,LIB,,0.0,0.0,,,0.0,presumptive,projected,42.71,42.94,2,-0.94,0.15,1830193,2525520,0,401745,794475,0,155688,3543753,1520251,1731045,0,205293,28573,0,146250,328330,0,430655,330000,0,210070,330000,0,51.46,46.66,1.88,162379,147204,5932,0,315514
AZ-02,house,AZ,02,Jonathan Nez,Eli Crane,DEM,REP,REP,REP,0.46,51.8,48.2,Toss-up,-10.03,5.19,1.6,-0.7,7.81,-0.67,-15.12,15.58,False,False,,,0.0,0.0,,,0.0,presumptive,presumptive,41.0,44.0,1,-6.0,0.15,3519760,9481428,0,1910990,2841745,0,510040,40754,1674073,6957053,0,1473633,3385826,0,213271,86500,0,0,0,0,0,0,0,50.23,49.77,0.0,146434,145100,0,0,291534
AZ-03,house,AZ,03,Yassamin Ansari,Kirt Burgess,DEM,REP,DEM,DEM,60.56,100.0,0.0,Safe D,46.8,5.19,60.56,0.0,6.47,2.1,40.31,20.25,False,False,,,0.0,0.0,,,0.0,projected,projected,,,0,,0.0,1435713,0,0,549683,0,0,0,0,896441,0,0,145331,0,0,226033,0,0,65705,0,0,70000,0,0,80.28,19.72,0.0,119820,29435,0,0,149255
AZ-04,house,AZ,04,Greg Stanton,Zuhdi Jasser,DEM,REP,DEM,DEM,20.06,97.4,2.6,Safe D,10.64,5.19,20.06,0.99,3.02,0.21,6.76,13.29,False,False,,,0.0,0.0,,,0.0,projected,projected,,,0,,0.0,2117114,564641,0,2020289,341651,0,422716,0,1112556,222990,0,90792,24225,0,638763,5000,0,0,10000,0,0,0,0,60.03,39.97,0.0,146020,97234,0,0,243254
AZ-05,house,AZ,05,Christopher James,Daniel Keenan,DEM,REP,,REP,-13.02,10.3,89.7,Likely R,-16.26,5.19,-13.02,-1.75,0.0,-0.2,-20.19,7.18,False,False,,,0.0,0.0,,,0.0,projected,projected,,,0,,0.0,134852,1851302,0,6933,46776,0,0,0,127919,1804527,0,25837,8102,0,19415,9000,0,23388,1650620,0,12522,1650620,0,43.49,56.51,0.0,135486,176032,0,0,311518
AZ-06,house,AZ,06,JoAnna Mendoza,Juan Ciscomani,DEM,REP,REP,REP,5.6,70.7,29.3,Lean D,2.55,5.19,6.07,0.13,-1.91,0.11,-0.76,6.36,False,False,LIB,,0.0,0.0,,,0.0,presumptive,presumptive,46.6,44.6,3,0.1,0.15,7354599,6172867,0,3260752,4135163,0,17093,0,4093848,2274265,0,2800233,500509,0,579418,1655410,0,0,0,0,3300,0,0,51.68,46.2,2.12,159243,142347,6532,0,308122
AZ-07,house,AZ,07,Adelita Grijalva,Daniel Butierez,DEM,REP,DEM,DEM,39.48,100.0,0.0,Safe D,28.84,5.19,39.48,1.53,2.05,1.86,22.39,17.09,False,False,,,0.0,0.0,,,0.0,projected,projected,,,0,,0.0,2285639,224367,0,427977,11399,0,817317,195587,1857663,213560,0,1015921,16901,0,435939,2000,0,0,175207,0,0,144120,0,69.74,30.26,0.0,137510,59669,0,0,197180
AZ-08,house,AZ,08,Bernadette Greene Placentia,Abraham Hamadeh,DEM,REP,REP,REP,-9.74,17.2,82.8,Likely R,-12.75,5.19,-9.74,-1.18,-0.95,-0.05,-16.48,6.74,False,False,,,0.0,0.0,,,0.0,projected,projected,,,0,,0.0,209358,1206361,0,190394,384185,0,0,0,17589,858585,0,165308,213882,0,100,269960,0,0,0,0,0,103414,0,45.13,54.87,0.0,123844,150573,0,0,274416
AZ-09,house,AZ,09,Danielle Sterbinsky,Paul Gosar,DEM,REP,REP,REP,-22.87,1.3,98.7,Safe R,-26.87,5.19,-22.87,-0.33,-1.21,0.35,-31.34,8.47,False,False,,,0.0,0.0,,,0.0,projected,projected,,,0,,0.0,354383,580042,0,25745,303214,0,0,0,332316,368426,0,306781,127935,0,0,85000,0,250,0,0,0,6958,0,38.56,61.44,0.0,108646,173084,0,0,281730
CA-01,house,CA,01,Mike McGuire,James Gallagher,DEM,REP,REP,DEM,19.7,97.2,2.8,Safe D,15.85,5.19,19.7,0.21,-1.67,0.11,12.63,7.07,False,False,,,0.0,0.0,,,0.0,projected,projected,,,0,,0.0,1827711,1488906,0,152606,332899,0,474065,0,1675105,1156006,0,483160,74465,0,300070,282863,0,0,0,0,0,33633,0,59.85,40.15,0.0,143130,96021,0,0,239151
CA-02,house,CA,02,Jared Huffman,Robin Littau,DEM,REP,DEM,DEM,33.77,99.9,0.1,Safe D,28.23,5.19,33.77,0.0,0.77,-0.42,25.45,8.32,False,False,,,0.0,0.0,,,0.0,projected,projected,,,0,,0.0,978277,0,0,1075956,0,0,0,0,886964,0,0,55524,0,0,316245,0,0,0,0,0,2375,0,0,66.89,33.11,0.0,182280,90240,0,0,272520
CA-03,house,CA,03,Amerish Bera,Robb Tucker,DEM,REP,DEM,DEM,21.58,98.2,1.8,Safe D,13.22,5.19,21.58,1.08,2.23,-0.13,10.55,11.03,False,False,,,0.0,0.0,,,0.0,projected,projected,,,0,,0.0,1250126,258139,0,1830338,16000,0,0,0,1293160,242139,0,51066,6749,0,649068,0,0,0,205000,0,105000,205000,0,60.79,39.21,0.0,156018,100626,0,0,256644
CA-04,house,CA,04,Mike Thompson,(no Republican — top-two),DEM,REP,DEM,DEM,40.0,100.0,0.0,Safe D,18.68,5.19,27.0,0.0,2.74,0.39,14.96,25.04,False,False,,,0.0,0.0,DEM,Eric Jones,80.0,confirmed,,,,0,,0.0,4203207,0,0,1075631,0,0,1150453,1714969,4337065,0,0,197766,0,0,1850146,0,0,0,0,0,37712,0,0,100.0,0.0,0.0,240754,0,0,0,240754
CA-05,house,CA,05,Michael Masuda,Tom McClintock,DEM,REP,REP,REP,-17.78,4.2,95.8,Safe R,-17.83,5.19,-17.78,-0.65,-4.77,0.28,-21.2,3.43,False,False,,,0.0,0.0,,,0.0,projected,projected,,,0,,0.0,361735,928788,0,89452,201472,0,0,0,272284,875521,0,141932,112113,0,18750,156551,0,0,0,0,27146,5106,0,41.11,58.89,0.0,104309,149414,0,0,253723
CA-06,house,CA,06,Richard Pan,Kevin Kiley,DEM,IND,IND,IND,12.85,89.4,10.6,Likely D,11.65,5.19,12.85,-0.35,-3.7,0.06,8.67,4.18,False,False,,,0.0,0.0,,,0.0,projected,confirmed,,,0,,0.0,1098283,2988805,0,359132,2123953,0,2301713,75888,739151,1245831,0,241251,433049,0,308198,361391,0,0,15,0,117141,6225,0,56.43,43.57,0.0,132849,102592,0,0,235441
CA-07,house,CA,07,Doris Matsui,(no Republican — top-two),DEM,REP,DEM,DEM,40.0,100.0,0.0,Safe D,17.04,5.19,25.87,0.0,3.51,0.13,13.26,26.74,False,False,,,0.0,0.0,DEM,Mai Vang,80.0,confirmed,,,,0,,0.0,3192087,0,0,467456,0,0,0,140000,3031300,0,0,27576,0,0,936964,0,0,1415100,0,0,1400563,0,0,100.0,0.0,0.0,242835,0,0,0,242835
CA-08,house,CA,08,John Garamendi,Rudy Recile,DEM,REP,DEM,DEM,49.43,100.0,0.0,Safe D,39.58,5.19,49.43,1.66,2.41,0.58,35.19,14.24,False,False,,,0.0,0.0,,,0.0,projected,projected,,,0,,0.0,489135,8576,0,1196018,1541,0,0,0,557834,8073,0,7559,1628,0,334500,0,0,0,25,0,0,31273,0,74.71,25.29,0.0,163359,55284,0,0,218644
CA-09,house,CA,09,Josh Harder,John McBride,DEM,REP,DEM,DEM,31.16,99.9,0.1,Safe D,17.72,5.19,31.16,2.78,4.61,0.87,11.8,19.37,False,False,,,0.0,0.0,,,0.0,projected,projected,,,0,,0.0,4083528,52178,0,4739488,18738,0,0,0,1032871,33569,0,377932,3149,0,508815,19882,0,0,0,0,0,23491,0,65.58,34.42,0.0,123255,64685,0,0,187940
CA-10,house,CA,10,Mark DeSaulnier,Jeff Frese,DEM,REP,DEM,DEM,43.33,100.0,0.0,Safe D,37.89,5.19,43.33,0.0,0.33,-0.07,34.75,8.59,False,False,,,0.0,0.0,,,0.0,projected,projected,,,0,,0.0,567258,0,0,586497,0,0,0,0,609748,0,0,40092,0,0,304983,0,0,0,0,0,0,0,0,71.67,28.33,0.0,189544,74936,0,0,264480
CA-11,house,CA,11,Scott Wiener,(no Republican — top-two),DEM,REP,,DEM,40.0,100.0,0.0,Safe D,74.44,5.19,79.32,0.0,0.0,-0.31,70.62,-30.62,False,False,,,0.0,0.0,DEM,Connie Chan,58.0,confirmed,,,,0,,0.0,4561120,0,0,1237192,0,0,1657500,41145,3323928,0,0,159240,0,0,91176,0,0,0,0,0,66638,0,0,100.0,0.0,0.0,252827,0,0,0,252827
CA-12,house,CA,12,Lateefah Simon,(no Republican — top-two),DEM,REP,DEM,DEM,40.0,100.0,0.0,Safe D,81.19,5.19,88.31,0.0,1.67,0.26,77.64,-37.64,False,False,,,0.0,0.0,DEM,Jamie Joyce,80.0,confirmed,,,,0,,0.0,1449191,0,0,777590,0,0,111599,0,957256,0,0,85221,0,0,261421,0,0,0,0,0,0,0,0,100.0,0.0,0.0,222860,0,0,0,222860
CA-13,house,CA,13,Adam Gray,Kevin Lincoln,DEM,REP,DEM,DEM,22.05,98.4,1.6,Safe D,7.29,5.19,22.05,0.46,7.04,2.08,0.51,21.55,False,False,,,0.0,0.0,,,0.0,confirmed,confirmed,,,0,,0.0,4191397,2237084,0,2072111,837885,0,991,54907,2311244,1423323,0,482042,445085,0,1269883,251621,0,0,0,0,0,126125,0,61.03,38.97,0.0,88836,56733,0,0,145569
CA-14,house,CA,14,Aisha Wahab,(no Republican — top-two),DEM,REP,,DEM,40.0,100.0,0.0,Safe D,41.11,5.19,46.42,0.0,0.0,0.12,36.2,3.8,False,False,,,0.0,0.0,DEM,Melissa Hernandez,58.0,confirmed,,,,0,,0.0,575282,0,0,227893,0,0,0,0,347389,0,0,23424,0,0,142483,0,0,38500,0,0,41030,0,0,100.0,0.0,0.0,199910,0,0,0,199910
CA-15,house,CA,15,Kevin Mullin,Charles Hoelter,DEM,REP,DEM,DEM,58.67,100.0,0.0,Safe D,54.21,5.19,58.67,0.0,-0.99,0.26,49.64,9.03,False,False,,,0.0,0.0,,,0.0,projected,projected,,,0,,0.0,822012,0,0,220935,0,0,0,0,651698,0,0,15060,0,0,472712,0,0,0,0,0,5325,0,0,79.33,20.67,0.0,169684,44205,0,0,213889
CA-16,house,CA,16,Sam Liccardo,Peter Sundin Soulé,DEM,REP,DEM,DEM,60.08,100.0,0.0,Safe D,53.32,5.19,60.08,0.0,1.67,-0.1,49.91,10.17,False,False,,,0.0,0.0,,,0.0,projected,projected,,,0,,0.0,3489798,0,0,2153446,0,0,0,0,1426744,0,0,15733,0,0,662750,0,0,0,0,0,840,0,0,80.04,19.96,0.0,190555,47520,0,0,238075
CA-17,house,CA,17,Rohit Khanna,Ritesh Tandon,DEM,REP,DEM,DEM,49.43,100.0,0.0,Safe D,45.56,5.19,49.43,3.69,-4.76,-0.25,40.75,8.69,False,False,,,0.0,0.0,,,0.0,projected,projected,,,0,,0.0,13761491,37653,0,16929752,891,0,0,37500,7540830,36763,0,1650809,2226,0,1000,0,0,0,25,0,89348,0,0,74.72,25.28,0.0,138201,46765,0,0,184966
CA-18,house,CA,18,Zoe Lofgren,Shane Lewis,DEM,REP,DEM,DEM,44.37,100.0,0.0,Safe D,35.49,5.19,44.37,2.1,-0.49,2.08,29.37,15.0,False,False,,,0.0,0.0,,,0.0,projected,projected,,,0,,0.0,1721916,60180,0,643341,3307,0,109274,0,1318327,56873,0,436598,2664,0,438813,0,0,0,41958,0,0,40225,0,72.19,27.81,0.0,119981,46232,0,0,166214
CA-19,house,CA,19,Jimmy Panetta,Peter Verbica,DEM,REP,DEM,DEM,49.73,100.0,0.0,Safe D,39.05,5.19,50.64,2.46,3.85,0.1,35.64,14.08,False,False,GRN,,0.0,0.0,,,0.0,projected,projected,,,0,,0.0,2887610,76324,0,5109558,24682,0,1198560,0,1492690,51642,0,88768,4624,0,1559107,3500,0,0,505,0,0,0,0,72.12,24.22,3.66,190035,63806,9644,0,263484
CA-20,house,CA,20,Sandra Van Scotter,Vince Fong,DEM,REP,REP,REP,-28.17,0.3,99.7,Safe R,-29.92,5.19,-28.17,-2.51,-1.67,0.73,-32.98,4.81,False,False,,,0.0,0.0,,,0.0,confirmed,confirmed,,,0,,0.0,17086,1849356,0,-2017,453750,0,0,0,16701,1434838,0,5369,17074,0,0,894497,0,9907,0,0,0,0,0,35.92,64.08,0.0,79302,141501,0,0,220803
CA-21,house,CA,21,Jim Costa,Kyle Kirkland,DEM,REP,DEM,DEM,21.34,98.1,1.9,Safe D,12.19,5.19,21.34,0.95,0.92,2.08,6.17,15.17,False,False,,,0.0,0.0,,,0.0,projected,projected,,,0,,0.0,1337630,338971,0,937778,17934,0,0,0,608734,321037,0,11086,38714,0,796717,0,0,0,127459,0,0,33141,0,60.67,39.33,0.0,85701,55561,0,0,141263
CA-22,house,CA,22,Randy Villegas,David Valadao,DEM,REP,REP,REP,6.62,74.0,26.0,Lean D,5.35,5.19,7.62,-0.32,-5.26,2.65,-1.86,8.48,False,False,,,0.0,0.0,,,0.0,confirmed,confirmed,48.0,44.0,2,1.0,0.15,2645560,4927602,0,571792,3365587,0,3227686,2352829,2073768,1607550,0,778710,97100,0,190098,1921533,0,0,0,0,0,0,0,53.31,46.69,0.0,63874,55938,0,0,119812
CA-23,house,CA,23,Tessa Lynn Hodge,Jay Obernolte,DEM,REP,REP,REP,-15.94,6.1,93.9,Likely R,-16.33,5.19,-15.94,-1.89,-3.99,1.07,-19.9,3.95,False,False,,,0.0,0.0,,,0.0,projected,projected,,,0,,0.0,79499,1455868,0,10237,1644222,0,18690,519365,69262,809486,0,28040,1363,0,0,863371,0,9080,0,0,3770,1125000,0,42.03,57.97,0.0,81364,112230,0,0,193594
CA-24,house,CA,24,Salud Carbajal,Robert Smith,DEM,REP,DEM,DEM,37.09,100.0,0.0,Safe D,28.6,5.19,37.09,1.43,1.13,0.73,25.76,11.33,False,False,,,0.0,0.0,,,0.0,projected,projected,,,0,,0.0,1650355,203264,0,3383604,47128,0,0,0,910621,156136,0,28020,31687,0,571016,1286,0,0,22492,0,5416,29373,0,68.54,31.46,0.0,168585,77371,0,0,245955
CA-25,house,CA,25,Raul Ruiz,Joe Males,DEM,REP,DEM,DEM,20.19,97.5,2.5,Safe D,10.83,5.19,20.19,0.58,1.67,1.92,5.97,14.22,False,False,,,0.0,0.0,,,0.0,projected,projected,,,0,,0.0,2093907,936496,0,2556494,14847,0,0,0,1240152,921649,0,88212,686618,0,969251,450,0,0,0,0,0,24964,0,60.09,39.91,0.0,113610,75447,0,0,189057
CA-26,house,CA,26,Jacqui Irwin,Samuel Gallucci,DEM,REP,,DEM,26.25,99.5,0.5,Safe D,19.48,5.19,26.25,0.63,0.0,0.95,15.73,10.52,False,False,,,0.0,0.0,,,0.0,projected,projected,,,0,,0.0,822382,377078,0,295478,33681,0,366028,0,526904,343397,0,17494,9352,0,164050,0,0,0,232520,0,0,125000,0,63.13,36.87,0.0,151729,88633,0,0,240362
CA-27,house,CA,27,George Whitesides,Jason Gibbs,DEM,REP,DEM,DEM,27.26,99.6,0.4,Safe D,14.61,5.19,27.26,1.74,4.43,1.29,10.06,17.2,False,False,,,0.0,0.0,,,0.0,projected,projected,,,0,,0.0,3963530,379440,0,2554917,201877,0,1074903,0,1735347,177563,0,359853,5780,0,635983,10000,0,0,0,0,1310000,0,0,63.63,36.37,0.0,131872,75377,0,0,207250
CA-28,house,CA,28,Judy Chu,April Verlato,DEM,REP,DEM,DEM,40.21,100.0,0.0,Safe D,30.19,5.19,40.21,2.23,2.3,0.3,26.17,14.04,False,False,,,0.0,0.0,,,0.0,projected,projected,,,0,,0.0,930123,250,0,3674296,205,0,0,0,857832,7882,0,37156,250,0,379775,0,0,0,0,0,0,0,0,70.11,29.89,0.0,160361,68382,0,0,228743
CA-29,house,CA,29,Luz Rivas,(no Republican — top-two),DEM,REP,DEM,DEM,40.0,100.0,0.0,Safe D,41.75,5.19,53.78,0.0,4.75,2.09,34.71,5.29,False,False,,,0.0,0.0,DEM,Angélica Dueñas,80.0,confirmed,,,,0,,0.0,670678,0,0,377476,0,0,0,0,557465,0,0,13006,0,0,356790,0,0,0,0,0,0,0,0,100.0,0.0,0.0,167318,0,0,0,167318
CA-30,house,CA,30,Laura Friedman,Scott Alan Meyers,DEM,REP,DEM,DEM,52.11,100.0,0.0,Safe D,45.2,5.19,52.11,1.57,0.0,0.15,41.41,10.7,False,False,,,0.0,0.0,,,0.0,projected,projected,,,0,,0.0,827895,58294,0,469254,2616,0,0,0,655389,55678,0,55622,1544,0,286550,0,0,0,40000,0,0,40000,0,76.06,23.94,0.0,181814,57237,0,0,239051
CA-31,house,CA,31,Gilbert Cisneros,Eric Ching,DEM,REP,DEM,DEM,16.49,94.5,5.5,Likely D,18.29,5.19,16.49,1.31,-10.02,1.72,12.61,3.88,False,False,,,0.0,0.0,,,0.0,projected,projected,,,0,,0.0,705263,81571,0,259803,64913,0,0,0,485536,56899,0,24198,5020,0,453650,0,0,6616,0,0,5452550,0,0,58.24,41.76,0.0,119022,85326,0,0,204348
CA-32,house,CA,32,Brad Sherman,Larry Thompson,DEM,REP,DEM,DEM,39.97,100.0,0.0,Safe D,30.31,5.19,39.97,2.65,1.61,0.2,25.76,14.2,False,False,,,0.0,0.0,,,0.0,projected,projected,,,0,,0.0,2514330,34316,0,2668480,2174,0,974078,0,3767794,32142,0,11439,814,0,703424,0,0,0,27452,0,265,19291,0,69.98,30.02,0.0,176196,75574,0,0,251770
CA-33,house,CA,33,Pete Aguilar,Stephanie Vargas,DEM,REP,DEM,DEM,28.8,99.7,0.3,Safe D,16.66,5.19,28.8,0.0,4.9,2.05,10.12,18.68,False,False,,,0.0,0.0,,,0.0,projected,projected,,,0,,0.0,4722835,0,0,3457642,0,0,0,0,3914264,0,0,259702,0,0,2091001,0,0,0,0,0,0,0,0,64.4,35.6,0.0,111973,61895,0,0,173868
CA-34,house,CA,34,Jimmy Gomez,(no Republican — top-two),DEM,REP,DEM,DEM,40.0,100.0,0.0,Safe D,59.22,5.19,68.22,0.0,1.67,2.14,53.04,-13.04,False,False,,,0.0,0.0,DEM,Angela Gonzales-Torres,80.0,confirmed,,,,0,,0.0,1175128,0,0,781726,0,0,0,0,482161,0,0,12050,0,0,521144,0,0,0,0,0,76784,0,0,100.0,0.0,0.0,150165,0,0,0,150165
CA-35,house,CA,35,Norma Torres,Mike Cargile,DEM,REP,DEM,DEM,26.71,99.5,0.5,Safe D,14.5,5.19,26.71,2.03,3.11,1.89,8.0,18.71,False,False,,,0.0,0.0,,,0.0,projected,projected,,,0,,0.0,769061,4759,0,339247,2873,0,0,0,733128,2357,0,43080,1559,0,498820,0,0,0,0,0,889,12960,0,63.36,36.64,0.0,115483,66793,0,0,182276
CA-36,house,CA,36,Ted Lieu,Houston Brignano,DEM,REP,DEM,DEM,51.49,100.0,0.0,Safe D,43.81,5.19,51.49,2.66,0.02,-0.19,40.42,11.07,False,False,,,0.0,0.0,,,0.0,projected,projected,,,0,,0.0,1832769,5139,0,1188399,801,0,106348,0,1319377,4338,0,35142,678,0,570479,0,0,0,0,0,27711,773,0,75.75,24.25,0.0,204459,65465,0,0,269925
CA-37,house,CA,37,Sydney Kamlager-Dove,(no Republican — top-two),DEM,REP,DEM,DEM,40.0,100.0,0.0,Safe D,68.23,5.19,76.98,0.0,1.67,1.9,62.31,-22.31,False,False,,,0.0,0.0,DEM,Samantha Mota,80.0,confirmed,,,,0,,0.0,1150468,0,0,185491,0,0,0,0,1026975,0,0,387951,0,0,385235,0,0,0,0,0,0,0,0,100.0,0.0,0.0,164586,0,0,0,164586
CA-38,house,CA,38,Hilda Solis,Pedro Casas,DEM,REP,,DEM,26.43,99.5,0.5,Safe D,19.37,5.19,26.43,0.0,0.0,1.87,12.8,13.63,False,False,,,0.0,0.0,,,0.0,projected,projected,,,0,,0.0,1049534,0,0,154503,0,0,367531,0,895031,0,0,22180,0,0,124249,0,0,0,0,0,178,0,0,63.21,36.79,0.0,115800,67385,0,0,183185
CA-39,house,CA,39,Mark Takano,Steve Manos,DEM,REP,DEM,DEM,25.74,99.4,0.6,Safe D,16.39,5.19,25.74,0.0,2.05,2.11,9.85,15.89,False,False,,,0.0,0.0,,,0.0,projected,projected,,,0,,0.0,893848,0,0,186224,0,0,0,0,976794,0,0,107176,0,0,404800,0,0,0,0,0,0,0,0,62.87,37.13,0.0,103471,61114,0,0,164585
CA-40,house,CA,40,(no Democrat — top-two),Ken Calvert,DEM,REP,REP,REP,-40.0,0.0,100.0,Safe R,-9.83,5.19,-4.28,0.0,-0.16,0.52,-12.6,-27.4,False,False,,,0.0,0.0,REP,Young Kim,80.0,,confirmed,,,0,,0.0,0,6142469,0,0,1497001,0,577540,90780,0,4907604,0,0,265201,0,0,1379327,0,0,0,0,0,2370,0,0.0,100.0,0.0,0,266738,0,0,266738
CA-41,house,CA,41,Linda Sanchez,Mitch Clemmons,DEM,REP,DEM,DEM,31.56,99.9,0.1,Safe D,19.93,5.19,31.56,2.64,1.82,1.98,14.61,16.95,False,False,,,0.0,0.0,,,0.0,projected,projected,,,0,,0.0,1602790,1709,0,415746,1659,0,300000,0,1612831,50,0,26484,209,0,1243209,0,0,0,500,0,12116,0,0,65.78,34.22,0.0,143108,74445,0,0,217554
CA-42,house,CA,42,Robert Garcia,Brian Burley,DEM,REP,DEM,DEM,26.66,99.5,0.5,Safe D,17.17,5.19,26.66,1.69,2.11,0.51,13.57,13.09,False,False,,,0.0,0.0,,,0.0,projected,projected,,,0,,0.0,2615120,231371,0,1381467,5509,0,0,0,1646081,231639,0,1109602,22656,0,625683,0,0,0,186000,0,0,132309,0,63.33,36.67,0.0,155009,89750,0,0,244759
CA-43,house,CA,43,Maxine Waters,Cristian Morales,DEM,REP,DEM,DEM,63.88,100.0,0.0,Safe D,57.14,5.19,63.88,0.0,-0.56,2.11,50.59,13.29,False,False,,,0.0,0.0,,,0.0,projected,projected,,,0,,0.0,863683,0,0,269669,0,0,0,0,710470,0,0,20299,0,0,400500,0,0,0,0,0,211525,0,0,81.94,18.06,0.0,128132,28242,0,0,156374
CA-44,house,CA,44,Nanette Barragan,Genevieve Angel,DEM,REP,DEM,DEM,59.31,100.0,0.0,Safe D,43.9,5.19,59.31,1.93,5.72,2.57,36.32,22.99,False,False,,,0.0,0.0,,,0.0,projected,projected,,,0,,0.0,785765,13898,0,1088423,8746,0,0,0,1178896,5152,0,3847,1705,0,606750,0,0,0,3000,0,0,3000,0,79.66,20.34,0.0,122537,31295,0,0,153833
CA-45,house,CA,45,Derek Tran,Chuong Vo,DEM,REP,DEM,DEM,20.69,97.8,2.2,Safe D,8.61,5.19,20.69,1.39,4.91,0.6,4.07,16.62,False,False,,,0.0,0.0,,,0.0,projected,projected,,,0,,0.0,4981277,756510,0,3257398,0,0,294010,0,2051202,756510,0,796121,6920,0,1107439,0,0,0,720000,0,25000,0,0,60.35,39.65,0.0,126867,83362,0,0,210230
CA-46,house,CA,46,Lou Correa,David Pan,DEM,REP,DEM,DEM,39.81,100.0,0.0,Safe D,22.36,5.19,39.81,1.73,8.5,2.03,16.7,23.12,False,False,,,0.0,0.0,,,0.0,projected,projected,,,0,,0.0,1226104,80726,0,2479554,6238,0,107387,0,613912,77368,0,4351,3814,0,666283,250,0,0,9000,0,8132,33477,0,69.91,30.09,0.0,111341,47930,0,0,159271
CA-47,house,CA,47,Dave Min,Jenny Rae Le Roux,DEM,REP,DEM,DEM,23.63,98.9,1.1,Safe D,13.7,5.19,22.9,1.61,2.57,-0.17,10.47,13.15,False,False,LIB,,0.0,0.0,,,0.0,projected,projected,,,0,,0.0,3381161,375883,0,1889360,128533,0,697088,0,1664867,247351,0,346683,31946,0,599642,0,0,0,150500,0,0,157500,0,59.58,36.81,3.61,149208,92179,9040,0,250428
CA-48,house,CA,48,Marni von Wilpert,Jim Desmond,DEM,REP,,DEM,9.96,83.3,16.7,Likely D,5.98,5.19,12.16,0.13,0.0,0.86,3.52,6.44,False,False,,,0.0,0.0,,,0.0,confirmed,confirmed,48.0,46.0,1,-1.0,0.167,2174872,2258836,0,825012,1230031,0,2439978,705909,1349861,1028804,0,326383,250752,0,443335,145099,0,1975,0,0,67000,7170,0,54.98,45.02,0.0,126254,103384,0,0,229638
CA-49,house,CA,49,Mike Levin,Armen Kurdian,DEM,REP,DEM,DEM,22.36,98.5,1.5,Safe D,14.9,5.19,22.36,2.54,-0.29,0.01,12.48,9.88,False,False,,,0.0,0.0,,,0.0,projected,projected,,,0,,0.0,3164023,58784,0,1418237,17916,0,60445,0,2015523,40867,0,216738,7064,0,392785,1000,0,0,13613,0,0,28967,0,61.18,38.82,0.0,166302,105529,0,0,271831
CA-50,house,CA,50,Scott Peters,Steve Cohen,DEM,REP,DEM,DEM,26.63,99.5,0.5,Safe D,21.14,5.19,26.63,0.0,0.44,-0.14,18.83,7.8,False,False,,,0.0,0.0,,,0.0,projected,projected,,,0,,0.0,1810961,0,0,2598276,0,0,0,0,1363206,0,0,16263,0,0,1066750,0,0,1641,0,0,170760,0,0,63.32,36.68,0.0,164768,95458,0,0,260226
CA-51,house,CA,51,Sara Jacobs,Ricardo Cabrera,DEM,REP,DEM,DEM,27.86,99.7,0.3,Safe D,21.79,5.19,27.86,0.0,0.56,0.32,18.79,9.07,False,False,,,0.0,0.0,,,0.0,projected,projected,,,0,,0.0,1639893,0,0,269452,0,0,0,0,1447813,0,0,153441,0,0,207250,0,0,929347,0,0,350000,0,0,63.93,36.07,0.0,159154,89793,0,0,248947
CA-52,house,CA,52,Juan Vargas,Jeff Belle,DEM,REP,DEM,DEM,40.11,100.0,0.0,Safe D,24.88,5.19,40.11,1.58,6.46,2.01,18.06,22.06,False,False,,,0.0,0.0,,,0.0,projected,projected,,,0,,0.0,568520,25498,0,163676,1364,0,0,0,495684,24134,0,153,572,0,431200,0,0,0,0,0,0,7000,0,70.06,29.94,0.0,133722,57155,0,0,190877
CO-01,house,CO,01,Melat Kiros,Christy Peterson,DEM,REP,,DEM,69.46,100.0,0.0,Safe D,62.75,5.19,69.46,1.19,0.0,0.34,57.61,11.85,False,False,,,0.0,0.0,,,0.0,confirmed,confirmed,,,0,,0.0,1091198,2057,0,126406,1703,0,627215,675000,964792,354,0,460978,713,0,26890,150,0,4953,0,0,1100,0,0,84.73,15.27,0.0,217294,39154,0,0,256448
CO-02,house,CO,02,Joe Neguse,Kelley Dennison,DEM,REP,DEM,DEM,51.96,100.0,0.0,Safe D,44.48,5.19,51.96,0.0,2.69,-0.4,40.92,11.04,False,False,,,0.0,0.0,,,0.0,confirmed,confirmed,,,0,,0.0,2742281,0,0,3092918,0,0,0,0,1640260,0,0,222945,0,0,983752,0,0,0,0,0,0,0,0,75.98,24.02,0.0,229730,72626,0,0,302356
CO-03,house,CO,03,Dwayne Romero,Jeffrey Hurd,DEM,REP,REP,REP,-2.1,41.9,58.1,Toss-up,-5.98,5.19,-1.74,-1.17,0.11,0.11,-9.98,7.88,False,False,,,0.0,0.0,,,0.0,confirmed,confirmed,44.68,46.04,2,-4.12,0.15,716276,3552599,0,84208,1760849,0,0,115849,632067,1800885,0,30253,76384,0,12000,568651,0,350000,0,0,350000,0,0,48.95,51.05,0.0,139382,145354,0,0,284736
CO-04,house,CO,04,Eileen Laubacher,Lauren Boebert,DEM,REP,REP,REP,-5.52,29.6,70.4,Lean R,-15.48,5.19,-5.52,1.71,3.47,-0.42,-18.71,13.19,False,False,,,0.0,0.0,,,0.0,confirmed,confirmed,,,0,,0.0,10349940,1010297,0,3610909,247202,0,0,0,6739031,922240,0,7575504,393909,0,17510,130500,0,0,0,0,0,0,0,47.24,52.76,0.0,152631,170474,0,0,323105
CO-05,house,CO,05,Jessica Killin,Jeff Crank,DEM,REP,REP,REP,-6.9,25.2,74.8,Lean R,-6.52,5.19,-7.41,0.27,-6.17,-0.17,-9.34,2.44,False,False,,,0.0,0.0,,,0.0,confirmed,confirmed,43.99,45.0,2,-4.0,0.15,3143744,2177288,0,1592642,1465048,0,0,0,1551102,778793,0,176908,141653,0,269345,837000,0,632433,0,0,0,0,0,46.55,53.45,0.0,122353,140478,0,0,262831
CO-06,house,CO,06,Jason Crow,Khaleb Dammen,DEM,REP,DEM,DEM,32.81,99.9,0.1,Safe D,24.76,5.19,32.81,0.0,2.76,0.1,20.36,12.45,False,False,,,0.0,0.0,,,0.0,confirmed,confirmed,,,0,,0.0,3177447,0,0,2707899,0,0,0,0,2217842,0,0,1102428,0,0,208550,0,0,0,0,0,0,0,0,66.4,33.6,0.0,167511,84747,0,0,252258
CO-07,house,CO,07,Brittany Pettersen,Amanda Capobianco,DEM,REP,DEM,DEM,26.35,99.5,0.5,Safe D,18.49,5.19,26.35,0.0,3.03,-0.36,15.41,10.93,False,False,,,0.0,0.0,,,0.0,confirmed,presumptive,,,0,,0.0,1866765,0,0,1105388,0,0,0,0,1322310,0,0,186392,0,0,997205,0,0,0,0,0,0,0,0,63.17,36.83,0.0,197129,114909,0,0,312038
CO-08,house,CO,08,Manny Rutinel,Gabe Evans,DEM,REP,REP,REP,7.7,77.3,22.7,Likely D,3.4,5.19,7.7,0.02,-1.67,0.76,-1.88,9.58,False,False,,,0.0,0.0,,,0.0,confirmed,confirmed,,,0,,0.0,4336988,5393673,0,601232,3880463,0,4617913,975647,3735756,1588203,0,2065691,784602,0,92650,1427927,0,0,0,0,0,154186,0,53.85,46.15,0.0,129859,111291,0,0,241150
CT-01,house,CT,01,John Larson,Amy Chai,DEM,REP,DEM,DEM,37.08,100.0,0.0,Safe D,25.48,5.19,37.08,2.93,3.47,0.01,23.27,13.81,False,False,,,0.0,0.0,,,0.0,projected,projected,,,0,,0.0,2460386,840,0,1080106,-669,0,58000,0,1629010,1608,0,124766,104,0,1210768,0,0,0,736,0,11992,36,0,68.54,31.46,0.0,165025,75754,0,0,240779
CT-02,house,CT,02,Joe Courtney,Mike France,DEM,REP,DEM,DEM,27.55,99.6,0.4,Safe D,9.42,5.19,27.55,1.43,12.1,-0.59,7.86,19.69,False,False,,,0.0,0.0,,,0.0,projected,projected,,,0,,0.0,760424,70790,0,603234,0,0,0,0,508302,70790,0,93731,15671,0,433000,7000,0,0,2500,0,0,0,0,63.77,36.23,0.0,173475,98537,0,0,272012
CT-03,house,CT,03,Rosa Delauro,Christopher Lancia,DEM,REP,DEM,DEM,28.59,99.7,0.3,Safe D,16.55,5.19,28.59,2.19,4.74,-0.08,14.34,14.25,False,False,,,0.0,0.0,,,0.0,projected,projected,,,0,,0.0,1152007,14649,0,349418,4028,0,0,0,1028036,4446,0,60128,7163,0,520762,0,0,0,1000,0,0,0,0,64.3,35.7,0.0,153944,85486,0,0,239430
CT-04,house,CT,04,Jim Himes,Michael Goldstein,DEM,REP,DEM,DEM,35.09,100.0,0.0,Safe D,26.46,5.19,35.09,2.06,1.17,0.21,23.73,11.36,False,False,,,0.0,0.0,,,0.0,projected,projected,,,0,,0.0,1379560,42112,0,2517677,41743,0,0,0,968702,369,0,43822,2572,0,830500,0,0,0,25000,0,0,34860,0,67.54,32.46,0.0,160027,76896,0,0,236923
CT-05,house,CT,05,Jahana Hayes,Michele Botelho,DEM,REP,DEM,DEM,15.5,93.4,6.6,Likely D,7.71,5.19,15.5,1.9,0.67,0.04,5.68,9.83,False,False,,,0.0,0.0,,,0.0,projected,projected,,,0,,0.0,1290078,56497,0,1084158,0,0,0,0,728471,51015,0,151428,3405,0,578355,0,0,0,31892,0,0,0,0,57.75,42.25,0.0,139756,102240,0,0,241996
DE-01,house,DE,01,Sarah McBride,Donyale Hall,DEM,REP,DEM,DEM,30.74,99.9,0.1,Safe D,18.05,5.19,30.74,3.4,4.39,-0.28,14.84,15.9,False,False,,,0.0,0.0,,,0.0,projected,projected,,,0,,0.0,4659086,769,0,2657928,241,0,0,0,2208285,528,0,1215997,669,0,413400,0,0,0,0,0,0,0,0,65.37,34.63,0.0,233733,123810,0,0,357542
FL-01,house,FL,01,Marcel Davis,Jimmy Patronis,DEM,REP,REP,REP,-30.81,0.1,99.9,Safe R,-33.79,5.19,-30.81,0.0,-1.67,-0.54,-37.53,6.72,False,False,,,0.0,0.0,,,0.0,projected,projected,,,0,,0.0,0,3603374,0,0,788386,0,45893,2099774,0,2814987,0,0,592786,0,0,559300,0,0,12000,0,0,0,0,34.59,65.41,0.0,102341,193487,0,0,295828
FL-02,house,FL,02,Nicholas Zateslo,Keith Gross,DEM,REP,,REP,-11.02,14.2,85.8,Likely R,-13.5,5.19,-11.02,-2.31,0.0,-0.4,-18.33,7.31,False,False,,,0.0,0.0,,,0.0,presumptive,presumptive,,,0,,0.0,440861,10654949,0,55928,4014433,0,0,0,384752,6646293,0,58788,6379,0,0,7000,0,147118,10550070,0,44500,7979105,0,44.49,55.51,0.0,128665,160529,0,0,289194
FL-03,house,FL,03,Seth Harp,Kat Cammack,DEM,REP,REP,REP,-17.35,4.6,95.4,Safe R,-16.47,5.19,-17.35,-2.37,-3.43,-0.27,-21.26,3.91,False,False,,,0.0,0.0,,,0.0,projected,projected,,,0,,0.0,32195,1886103,0,2322,871927,0,0,0,29873,1569726,0,14750,368970,0,0,702500,0,1155,0,0,735,0,0,41.32,58.68,0.0,115928,164603,0,0,280531
FL-04,house,FL,04,Michael Kirwan,Aaron Bean,DEM,REP,REP,REP,-6.89,25.2,74.8,Lean R,-7.86,5.19,-6.89,-0.74,-3.29,-0.19,-11.96,5.08,False,False,,,0.0,0.0,,,0.0,presumptive,presumptive,,,0,,0.0,719152,2001447,0,291691,1538124,0,0,0,427461,938044,0,66090,6075,0,7000,1048650,0,210928,0,0,100000,6509,0,46.56,53.44,0.0,129952,149171,0,0,279123
FL-05,house,FL,05,Rachel Grage,John Rutherford,DEM,REP,REP,REP,-17.81,4.2,95.8,Safe R,-17.67,5.19,-17.81,-0.69,-4.34,-0.3,-21.69,3.88,False,False,,,0.0,0.0,,,0.0,projected,projected,,,0,,0.0,248286,696207,0,112827,475360,0,0,0,135459,398516,0,53806,759,0,0,441000,0,1191,0,0,0,0,0,41.09,58.91,0.0,126302,181049,0,0,307352
FL-06,house,FL,06,Democratic candidate (FL-06),Randy Fine,DEM,REP,REP,REP,-22.47,1.5,98.5,Safe R,-25.62,5.19,-22.47,0.0,-1.67,-0.38,-30.31,7.83,False,False,,,0.0,0.0,,,0.0,projected,confirmed,,,0,,0.0,0,4236072,0,0,1148821,0,59551,3651452,0,3087251,0,0,557337,0,0,463360,0,0,950000,0,0,950000,0,38.76,61.24,0.0,120089,189712,0,0,309800
FL-07,house,FL,07,Bale Dalton,Cory Mills,DEM,REP,REP,REP,-4.5,33.1,66.9,Lean R,-7.93,5.19,-5.11,0.25,-2.73,0.1,-12.62,8.12,False,False,,,0.0,0.0,,,0.0,projected,presumptive,41.0,39.0,1,-1.0,0.15,1201455,864851,0,763409,81082,0,99902,0,438047,824661,0,118981,480743,0,156600,46500,0,0,0,0,0,2032101,0,47.75,52.25,0.0,143271,156760,0,0,300032
FL-08,house,FL,08,Jennifer Jenkins,Mike Haridopolos,DEM,REP,REP,REP,-9.87,16.9,83.1,Likely R,-12.13,5.19,-9.4,-0.65,-1.67,-0.15,-16.4,6.52,False,False,,,0.0,0.0,,,0.0,presumptive,confirmed,35.0,44.0,1,-12.0,0.18,697539,1718546,0,132765,1182065,0,0,0,564774,794643,0,455482,37013,0,8000,663750,0,0,0,0,0,14236,0,45.06,54.94,0.0,136387,166260,0,0,302647
FL-09,house,FL,09,Darren Soto,Thomas Chalifoux,DEM,REP,DEM,DEM,3.01,61.5,38.5,Lean D,-11.7,5.19,3.01,-0.34,8.83,1.03,-17.93,20.95,False,False,,,0.0,0.0,,,0.0,presumptive,presumptive,,,0,,0.0,1973450,3127529,0,1268860,2716704,0,0,0,718709,1014033,0,10337,20680,0,1305544,0,0,0,3003928,0,0,4912816,0,51.51,48.49,0.0,135399,127481,0,0,262880
FL-10,house,FL,10,Maxwell Frost,Stuart Farber,DEM,REP,DEM,DEM,38.12,100.0,0.0,Safe D,29.84,5.19,38.12,0.0,2.11,0.97,24.29,13.82,False,False,,,0.0,0.0,,,0.0,projected,projected,,,0,,0.0,3373929,0,0,1332681,0,0,0,0,3132974,0,0,1804242,0,0,277500,0,0,8250,0,0,0,0,0,69.06,30.94,0.0,144982,64959,0,0,209940
FL-11,house,FL,11,Barbie Harden Hall,Carey Baker,DEM,REP,,REP,-7.7,22.7,77.3,Likely R,-11.41,5.19,-7.7,-0.81,-0.83,0.17,-15.84,8.14,False,False,,,0.0,0.0,,,0.0,projected,projected,,,0,,0.0,23989,167570,0,10581,105162,0,0,0,21490,62408,0,12460,4370,0,200,0,0,4760,12000,0,2705,12000,0,46.15,53.85,0.0,145598,169873,0,0,315471
FL-12,house,FL,12,Christopher Irizarry,Gus Bilirakis,DEM,REP,REP,REP,-10.79,14.7,85.3,Likely R,-9.92,5.19,-10.79,0.0,-6.47,0.41,-15.55,4.76,False,False,,,0.0,0.0,,,0.0,projected,projected,,,0,,0.0,0,1489323,0,0,586860,0,0,0,0,1023880,0,0,6712,0,0,781000,0,0,0,0,0,0,0,44.6,55.4,0.0,120034,149075,0,0,269109
FL-13,house,FL,13,Leela Gray,Anna Paulina Luna,DEM,REP,REP,REP,-5.34,30.2,69.8,Lean R,-9.07,5.19,-5.41,-0.74,-0.35,-0.43,-13.46,8.11,False,False,,,0.0,0.0,,,0.0,presumptive,presumptive,39.0,41.0,1,-5.0,0.15,1084672,2988238,0,765143,1455366,0,0,3279,319530,1664288,0,158603,977290,0,52000,93000,0,7000,0,0,7000,0,0,47.33,52.67,0.0,135597,150909,0,0,286505
FL-14,house,FL,14,Kathy Castor,John Peters,DEM,REP,DEM,DEM,7.14,75.6,24.4,Likely D,-5.78,5.19,7.14,1.67,5.55,0.51,-10.62,17.77,False,False,,,0.0,0.0,,,0.0,confirmed,presumptive,,,0,,0.0,1954817,166022,0,1501762,101646,0,0,0,679785,64376,0,148680,506,0,798950,0,0,0,155649,0,0,147949,0,53.57,46.43,0.0,146047,126569,0,0,272616
FL-15,house,FL,15,Darren McAuley,Laurel Lee,DEM,REP,REP,REP,-13.15,10.1,89.9,Likely R,-14.59,5.19,-13.15,0.0,-3.69,-0.05,-20.09,6.95,False,False,,,0.0,0.0,,,0.0,projected,projected,,,0,,0.0,0,2289998,0,0,1943656,0,0,0,0,781113,0,0,3276,0,0,810500,0,0,0,0,0,0,0,43.43,56.57,0.0,121664,158499,0,0,280164
FL-16,house,FL,16,Kelly Kirschner,Sydney Gruters,DEM,REP,,REP,-4.8,32.1,67.9,Lean R,-8.65,5.19,-4.8,-1.15,0.0,-0.19,-13.81,9.01,False,False,,,0.0,0.0,,,0.0,projected,presumptive,,,0,,0.0,223280,971068,0,166281,838262,0,0,747553,56999,132806,0,23687,3437,0,0,96500,0,0,7000,0,0,0,0,47.6,52.4,0.0,144331,158883,0,0,303214
FL-17,house,FL,17,Matthew Montavon,Greg Steube,DEM,REP,REP,REP,-18.42,3.7,96.3,Safe R,-17.16,5.19,-18.42,-1.69,-4.39,-0.37,-22.24,3.82,False,False,,,0.0,0.0,,,0.0,projected,projected,,,0,,0.0,90660,1285468,0,29947,2166212,0,0,0,60673,710552,0,15621,121858,0,0,555000,0,38454,0,0,33000,0,0,40.79,59.21,0.0,129488,187967,0,0,317455
FL-18,house,FL,18,Tiffanie Luong,Scott Franklin,DEM,REP,REP,REP,-9.2,18.6,81.4,Likely R,-12.22,5.19,-9.2,0.0,-2.65,0.48,-17.1,7.9,False,False,,,0.0,0.0,,,0.0,projected,projected,,,0,,0.0,0,827754,0,0,945704,0,0,0,0,363945,0,0,2432,0,0,359500,0,0,0,0,0,298500,0,45.4,54.6,0.0,118252,142221,0,0,260473
FL-19,house,FL,19,Howard Sapp,Madison Cawthorn,DEM,REP,,REP,-21.81,1.7,98.3,Safe R,-25.4,5.19,-21.81,-1.64,0.0,0.04,-30.42,8.6,False,False,,,0.0,0.0,,,0.0,projected,presumptive,,,0,,0.0,52432,861654,0,-682,339119,0,0,0,53115,522535,0,6793,6888,0,0,0,0,15700,800000,0,0,811888,0,39.09,60.91,0.0,116086,180851,0,0,296938
FL-20,house,FL,20,Elijah Manley,Rodenay Joseph,DEM,REP,,DEM,51.21,100.0,0.0,Safe D,43.7,5.19,51.21,1.49,0.0,0.83,37.5,13.71,False,False,,,0.0,0.0,,,0.0,projected,projected,,,0,,0.0,955386,88417,0,35998,12127,0,0,0,919388,76289,0,736804,14875,0,0,0,0,0,0,0,33382,0,0,75.6,24.4,0.0,172212,55568,0,0,227780
FL-21,house,FL,21,Adam Aarons,Brian Mast,DEM,REP,REP,REP,-12.8,10.7,89.3,Likely R,-11.46,5.19,-12.8,0.0,-6.47,-0.06,-16.36,3.56,False,False,,,0.0,0.0,,,0.0,projected,projected,,,0,,0.0,0,4090032,0,0,2903162,0,0,44600,0,2958247,0,0,1085342,0,0,355200,0,0,0,0,0,0,0,43.6,56.4,0.0,137913,178397,0,0,316310
FL-22,house,FL,22,Pia Dandiya,Michael Carbonara,DEM,REP,,REP,0.48,51.9,48.1,Toss-up,-3.81,5.19,1.45,-0.76,0.0,0.83,-10.6,11.08,False,False,,,0.0,0.0,,,0.0,presumptive,projected,43.0,45.0,1,-5.0,0.15,2095603,5867349,0,1365384,1342487,0,0,65615,730219,4524861,0,255963,20105,0,34001,5000,0,247000,3772598,0,247000,4526098,0,50.24,49.76,0.0,136509,135210,0,0,271719
FL-23,house,FL,23,Lois Frankel,Raven Harrison,DEM,REP,DEM,DEM,29.87,99.8,0.2,Safe D,20.6,5.19,29.87,0.0,3.42,0.66,13.94,15.93,False,False,,,0.0,0.0,,,0.0,projected,projected,,,0,,0.0,2215066,0,0,1575364,0,0,0,0,927145,0,0,464083,0,0,510250,0,0,0,0,0,0,0,0,64.93,35.07,0.0,154526,83446,0,0,237972
FL-24,house,FL,24,Shevrin Jones,Patricia Gonzalez,DEM,REP,,DEM,55.92,100.0,0.0,Safe D,47.72,5.19,55.92,1.23,0.0,1.78,39.08,16.84,False,False,,,0.0,0.0,,,0.0,projected,projected,,,0,,0.0,148029,1333,0,57272,96,0,597878,77507,90757,1237,0,16153,126,0,12500,0,0,0,1200,0,0,1200,0,77.96,22.04,0.0,152001,42977,0,0,194978
FL-25,house,FL,25,Jared Moskowitz,Scott Singer,DEM,REP,DEM,DEM,6.86,74.7,25.3,Lean D,-2.0,5.19,6.62,0.19,2.65,0.59,-9.22,16.07,False,False,,,0.0,0.0,,,0.0,presumptive,projected,47.36,36.17,2,8.19,0.15,2657093,1994943,0,1888446,957798,0,0,158500,1117934,1037145,0,479181,162810,0,548392,31000,0,0,574010,0,25700,575687,0,53.43,46.57,0.0,141759,123568,0,0,265327
FL-26,house,FL,26,Yurina Gil,Mario Diaz-Balart,DEM,REP,REP,REP,-11.66,12.9,87.1,Likely R,-9.43,5.19,-11.66,-2.32,-8.17,3.07,-18.5,6.84,False,False,,,0.0,0.0,,,0.0,projected,projected,,,0,,0.0,38588,1902246,0,17079,2452430,0,0,0,22727,1269136,0,0,2622,0,1988,800650,0,10000,0,0,181,0,0,44.17,55.83,0.0,101117,127815,0,0,228932
FL-27,house,FL,27,Richard Lamondin,Maria Salazar,DEM,REP,REP,REP,-6.88,25.2,74.8,Lean R,-6.58,5.19,-6.16,-0.69,-7.1,3.03,-14.7,7.81,False,False,,,0.0,0.0,,,0.0,presumptive,presumptive,34.0,45.0,1,-11.0,0.15,743712,1951030,0,0,2266603,0,0,0,743712,1095254,0,53431,17360,0,6500,506679,0,145450,2493,0,0,14300,0,46.56,53.44,0.0,110293,126603,0,0,236896
FL-28,house,FL,28,Phil Ehr,Carlos Gimenez,DEM,REP,REP,REP,-14.19,8.4,91.6,Likely R,-16.07,5.19,-15.99,-0.2,-7.91,3.0,-25.63,11.44,False,False,,,0.0,0.0,,,0.0,projected,projected,41.0,45.0,1,-4.0,0.15,424189,567482,0,454610,699517,0,0,0,76322,443993,0,9365,1885,0,0,257250,0,343200,0,0,644084,0,0,42.91,57.09,0.0,101103,134538,0,0,235640
GA-01,house,GA,01,Amanda Hollowell,James Kingston,DEM,REP,,REP,-8.79,19.7,80.3,Likely R,-11.77,5.19,-8.79,-1.91,0.0,-0.3,-15.92,7.13,False,False,,,0.0,0.0,,,0.0,confirmed,confirmed,,,0,,0.0,162500,1944528,0,7389,294093,0,0,2151837,155572,1650436,0,44845,24117,0,1000,202450,0,32512,0,0,32512,0,0,45.61,54.39,0.0,116176,138556,0,0,254732
GA-02,house,GA,02,Sanford Bishop,Matt Day,DEM,REP,DEM,DEM,24.07,99.0,1.0,Safe D,12.09,5.19,24.07,1.36,5.49,-0.06,7.66,16.41,False,False,,,0.0,0.0,,,0.0,projected,projected,,,0,,0.0,1126530,142715,0,447808,1768,0,0,0,861583,140947,0,19920,0,0,738750,0,0,0,118659,0,0,50000,0,62.03,37.97,0.0,137502,84158,0,0,221660
GA-03,house,GA,03,Maura Keller,Brian Jack,DEM,REP,REP,REP,-29.34,0.2,99.8,Safe R,-26.67,5.19,-29.34,-1.75,-5.67,-0.45,-29.88,0.54,False,False,,,0.0,0.0,,,0.0,projected,projected,,,0,,0.0,150514,2009763,0,87576,1076948,0,0,0,65894,1172991,0,47952,213654,0,4000,836640,0,0,0,0,25520,8770,0,35.33,64.67,0.0,103484,189442,0,0,292926
GA-04,house,GA,04,Henry Johnson,Jim Duffie,DEM,REP,DEM,DEM,65.16,100.0,0.0,Safe D,58.09,5.19,65.16,0.0,1.33,0.56,53.04,12.12,False,False,,,0.0,0.0,,,0.0,projected,projected,,,0,,0.0,402315,0,0,117906,0,0,0,0,396085,0,0,19345,0,0,317529,0,0,0,0,0,5211,0,0,82.58,17.42,0.0,178756,37703,0,0,216459
GA-05,house,GA,05,Nikema Williams,Republican candidate (GA-05),DEM,REP,DEM,DEM,83.62,100.0,0.0,Safe D,76.49,5.19,83.62,0.0,1.79,0.14,72.33,11.29,False,False,,,0.0,0.0,,,0.0,projected,projected,,,0,,0.0,599715,0,0,76092,0,0,0,0,536865,0,0,26128,0,0,402755,0,0,0,0,0,0,0,0,91.81,8.19,0.0,226229,20185,0,0,246414
GA-06,house,GA,06,Lucia McBath,Kevin Martin,DEM,REP,DEM,DEM,62.92,100.0,0.0,Safe D,53.62,5.19,62.92,2.07,1.78,0.26,50.34,12.58,False,False,,,0.0,0.0,,,0.0,projected,projected,,,0,,0.0,896856,10320,0,676349,100,0,0,0,1173781,10220,0,53943,0,0,344217,0,0,0,10320,0,0,10320,0,81.46,18.54,0.0,214308,48783,0,0,263091
GA-07,house,GA,07,Haiden Moburg,Rich McCormick,DEM,REP,REP,REP,-20.11,2.5,97.5,Safe R,-18.65,5.19,-20.11,0.0,-6.18,-0.47,-22.27,2.16,False,False,,,0.0,0.0,,,0.0,projected,projected,,,0,,0.0,0,1642413,0,0,1007984,0,0,0,0,1332251,0,0,32851,0,0,435500,0,0,0,0,0,1000,0,39.94,60.06,0.0,120853,181705,0,0,302558
GA-08,house,GA,08,James Cooper,Austin Scott,DEM,REP,REP,REP,-29.97,0.2,99.8,Safe R,-26.49,5.19,-29.97,-2.36,-6.01,-0.3,-30.76,0.79,False,False,,,0.0,0.0,,,0.0,projected,projected,,,0,,0.0,123,1124952,0,1,1349452,0,1748,0,122,755665,0,92,1338,0,0,703250,0,31,0,0,1230,0,0,35.02,64.98,0.0,84736,157250,0,0,241986
GA-09,house,GA,09,Nicholas Alex,Andrew Clyde,DEM,REP,REP,REP,-30.26,0.2,99.8,Safe R,-30.81,5.19,-30.26,-0.9,-3.57,-0.17,-34.33,4.07,False,False,,,0.0,0.0,,,0.0,projected,projected,,,0,,0.0,155052,671072,0,14433,176253,0,44440,35522,140619,590804,0,32480,44424,0,350,118711,0,1140,0,0,0,1298864,0,34.87,65.13,0.0,98028,183109,0,0,281138
GA-10,house,GA,10,Pamela DeLancy,Houston Gaines,DEM,REP,,REP,-16.43,5.5,94.5,Likely R,-17.75,5.19,-16.43,-2.86,-0.63,-0.38,-20.93,4.51,False,False,,,0.0,0.0,,,0.0,confirmed,confirmed,,,0,,0.0,23080,2303880,0,8705,703420,0,0,2841837,11121,1600460,0,3980,35638,0,0,214510,0,7600,0,0,4100,0,0,41.79,58.21,0.0,121091,168703,0,0,289794
GA-11,house,GA,11,Chris Harden,John Cowan,DEM,REP,,REP,-17.53,4.4,95.6,Safe R,-20.18,5.19,-17.53,-2.21,0.0,-0.33,-23.52,5.99,False,False,,,0.0,0.0,,,0.0,confirmed,confirmed,,,0,,0.0,76330,2347796,0,3578,17630,0,40096,815942,63995,2330167,0,14275,6233,0,2000,120000,0,17,1750020,0,0,1774962,0,41.24,58.76,0.0,121440,173060,0,0,294500
GA-12,house,GA,12,Ceretta Smith,Rick Allen,DEM,REP,REP,REP,-11.86,12.5,87.5,Likely R,-9.64,5.19,-11.86,-1.96,-5.19,-0.27,-14.2,2.34,False,False,,,0.0,0.0,,,0.0,projected,projected,,,0,,0.0,26696,993220,0,3502,1320958,0,0,0,23291,847219,0,13242,30510,0,0,510750,0,1753,0,0,0,1639945,0,44.07,55.93,0.0,107609,136579,0,0,244189
GA-13,house,GA,13,Jasmine Clark,Jonathan Chavez,DEM,REP,,DEM,50.71,100.0,0.0,Safe D,45.25,5.19,50.71,0.0,-0.08,0.35,42.65,8.06,False,False,,,0.0,0.0,,,0.0,projected,projected,,,0,,0.0,1619079,0,0,229145,0,0,4218293,0,1389935,0,0,1022238,0,0,55173,0,0,0,0,0,0,0,0,75.35,24.65,0.0,192407,62933,0,0,255340
GA-14,house,GA,14,Shawn Harris,Clay Fuller,DEM,REP,REP,REP,-21.92,1.7,98.3,Safe R,-34.09,5.19,-21.92,0.62,6.73,-0.37,-37.03,15.11,False,False,,,0.0,0.0,,,0.0,projected,projected,,,0,,0.0,8098514,1846892,0,18230,70518,0,44069,5002827,8080284,1776374,0,6218091,173151,0,13688,305481,0,0,450000,0,0,411902,0,39.04,60.96,0.0,105512,164747,0,0,270259
HI-01,house,HI,01,Ed Case,Maxwell Frazier,DEM,REP,DEM,DEM,48.02,100.0,0.0,Safe D,29.04,5.19,48.02,0.0,14.37,-0.58,25.17,22.85,False,False,,,0.0,0.0,,,0.0,projected,projected,,,0,,0.0,1038814,0,0,773638,0,0,0,0,581834,0,0,16969,0,0,501597,0,0,0,0,0,0,0,0,74.01,25.99,0.0,128915,45272,0,0,174187
HI-02,house,HI,02,Jill Tokuda,Brenton Awa,DEM,REP,DEM,DEM,43.52,100.0,0.0,Safe D,26.76,5.19,43.52,1.2,10.72,-0.35,22.06,21.46,False,False,,,0.0,0.0,,,0.0,projected,projected,,,0,,0.0,801957,122390,0,604526,18721,0,0,0,680871,103668,0,78062,12587,0,179849,1000,0,0,0,0,0,0,0,71.76,28.24,0.0,134554,52950,0,0,187504
IA-01,house,IA,01,Christina Bohannan,Mariannette Miller-Meeks,DEM,REP,REP,REP,12.3,88.4,11.6,Likely D,-0.95,5.19,13.59,-0.01,10.1,-0.75,-8.59,20.89,False,False,,,0.0,0.0,,,0.0,confirmed,confirmed,40.0,35.0,2,5.0,0.15,7051745,7208271,0,5425318,4691481,0,431548,125167,1733644,2890534,0,1094239,936090,0,502648,2421207,0,7000,0,0,0,0,0,56.15,43.85,0.0,166922,130359,0,0,297282
IA-02,house,IA,02,Lindsay James,Joe Mitchell,DEM,REP,,REP,1.52,55.9,44.1,Toss-up,-2.49,5.19,1.78,-0.08,0.0,-0.83,-10.13,11.64,False,False,,,0.0,0.0,,,0.0,confirmed,confirmed,36.0,33.0,1,0.0,0.15,1628201,1938593,0,755838,895564,0,308849,10803,872363,1043029,0,178865,284402,0,210505,412850,0,0,100000,0,0,50000,0,50.76,49.24,0.0,149684,145213,0,0,294897
IA-03,house,IA,03,Sarah Trone Garriott,Zach Nunn,DEM,REP,REP,REP,5.19,69.3,30.7,Lean D,2.6,5.19,6.19,0.06,-1.03,-0.64,-4.46,9.65,False,False,,,0.0,0.0,,,0.0,confirmed,confirmed,42.61,45.83,2,-0.48,0.15,5293773,4869249,0,3859683,3568369,0,12898,22998,1434089,1353713,0,894587,143418,0,450786,1726477,0,120,0,0,0,0,0,52.59,47.41,0.0,156106,140713,0,0,296818
IA-04,house,IA,04,Dave Dawson,Chris McGowan,DEM,REP,,REP,-20.98,2.1,97.9,Safe R,-24.47,5.19,-20.98,-1.08,0.0,-0.62,-31.9,10.92,False,False,,,0.0,0.0,,,0.0,projected,projected,,,0,,0.0,135722,679844,0,49762,328850,0,0,172669,85959,350993,0,43002,4236,0,10800,116500,0,0,0,0,0,0,0,39.51,60.49,0.0,108828,166629,0,0,275457
ID-01,house,ID,01,Kaylee Peterson,Russ Fulcher,DEM,REP,REP,REP,-36.54,0.0,100.0,Safe R,-44.37,5.19,-41.88,-0.84,-1.29,-0.56,-46.2,9.66,False,False,,,0.0,0.0,,,0.0,projected,projected,35.0,45.0,1,-10.0,0.167,181024,662615,0,14616,244700,0,0,0,171799,597924,0,68061,15894,0,12050,302350,0,0,0,0,0,0,0,31.73,68.27,0.0,107146,230531,0,0,337677
ID-02,house,ID,02,Elinor Gilbreath,Mike Simpson,DEM,REP,REP,REP,-28.51,0.3,99.7,Safe R,-26.55,5.19,-28.51,-1.51,-5.22,-0.42,-27.56,-0.95,False,False,,,0.0,0.0,,,0.0,projected,projected,,,0,,0.0,106892,1118093,0,71163,429359,0,0,0,35729,793940,0,20551,2343,0,0,611500,0,0,0,0,0,0,0,35.74,64.26,0.0,105757,190108,0,0,295866
IL-01,house,IL,01,Jonathan Jackson,Christian Maxwell,DEM,REP,DEM,DEM,46.6,100.0,0.0,Safe D,39.31,5.19,46.6,1.1,0.87,0.13,32.27,14.33,False,False,,,0.0,0.0,,,0.0,projected,projected,,,0,,0.0,418350,58502,0,47163,63873,0,0,0,424875,1066,0,10569,32010,0,142500,0,0,0,0,0,27000,0,0,73.3,26.7,0.0,169220,61647,0,0,230867
IL-02,house,IL,02,Donna Miller,Calvin Coleman,DEM,REP,,DEM,48.16,100.0,0.0,Safe D,39.45,5.19,48.16,3.15,0.0,0.36,33.6,14.55,False,False,,,0.0,0.0,,,0.0,projected,projected,,,0,,0.0,2452894,7994,0,40546,0,0,4379243,3843,2412349,7994,0,63263,460,0,125750,0,0,0,6034,0,13750,0,0,74.08,25.92,0.0,155296,54344,0,0,209640
IL-03,house,IL,03,Delia Ramirez,Angel Oakley,DEM,REP,DEM,DEM,50.51,100.0,0.0,Safe D,38.66,5.19,50.51,2.45,2.93,1.28,31.81,18.7,False,False,,,0.0,0.0,,,0.0,projected,projected,,,0,,0.0,1465280,8080,0,946222,3738,0,0,0,986630,4341,0,148641,1880,0,371847,0,0,0,0,0,0,600,0,75.25,24.75,0.0,141683,46592,0,0,188275
IL-04,house,IL,04,Patty Garcia,Lupe Castillo,DEM,REP,,DEM,45.16,100.0,0.0,Safe D,37.74,5.19,45.16,0.0,0.0,2.23,28.79,16.37,False,False,,,0.0,0.0,,,0.0,projected,projected,,,0,,0.0,358667,0,0,185499,0,0,0,0,173168,0,0,25300,0,0,172800,0,0,0,0,0,0,0,0,72.58,27.42,0.0,108502,40989,0,0,149491
IL-05,house,IL,05,Mike Quigley,Tom Hanson,DEM,REP,DEM,DEM,48.79,100.0,0.0,Safe D,42.17,5.19,48.79,0.0,1.88,-0.45,37.55,11.25,False,False,,,0.0,0.0,,,0.0,projected,projected,,,0,,0.0,725695,0,0,1187818,0,0,0,0,719060,0,0,7552,0,0,480608,0,0,0,0,0,0,0,0,74.4,25.6,0.0,196476,67614,0,0,264090
IL-06,house,IL,06,Sean Casten,Niki Conforti,DEM,REP,DEM,DEM,20.19,97.5,2.5,Safe D,10.7,5.19,20.19,1.34,3.32,-0.35,5.67,14.53,False,False,,,0.0,0.0,,,0.0,projected,projected,,,0,,0.0,2108920,313038,0,1285018,22661,0,12087,0,1518045,295578,0,188937,194487,0,724183,4950,0,0,0,0,455694,0,0,60.1,39.9,0.0,157878,104827,0,0,262706
IL-07,house,IL,07,La Shawn Ford,Chad Koppie,DEM,REP,,DEM,75.74,100.0,0.0,Safe D,72.35,5.19,75.74,-0.15,-1.95,0.3,66.13,9.62,False,False,,,0.0,0.0,,,0.0,confirmed,confirmed,,,0,,0.0,722009,55451,0,112588,42,0,0,2527703,609421,55408,0,37545,0,0,57250,0,0,175000,53154,0,175000,0,0,87.87,12.13,0.0,171987,23740,0,0,195727
IL-08,house,IL,08,Melissa Bean,Jennifer Davis,DEM,REP,,DEM,19.18,96.9,3.1,Safe D,13.1,5.19,19.18,0.8,0.0,0.08,7.01,12.16,False,False,,,0.0,0.0,,,0.0,projected,projected,,,0,,0.0,2071076,1476009,0,144530,730401,0,7177655,59974,1926546,745608,0,26412,30552,0,275750,14000,0,323000,1000000,0,396373,1000000,0,59.59,40.41,0.0,129753,87995,0,0,217748
IL-09,house,IL,09,Daniel Biss,John Elleson,DEM,REP,,DEM,47.23,100.0,0.0,Safe D,42.36,5.19,47.23,0.0,0.0,-0.32,37.04,10.2,False,False,,,0.0,0.0,,,0.0,projected,projected,,,0,,0.0,2946675,0,0,262130,0,0,1219420,1426379,2684545,0,0,147064,0,0,205684,0,0,3205,0,0,0,0,0,73.62,26.38,0.0,181162,64929,0,0,246091
IL-10,house,IL,10,Bradley Schneider,Republican candidate (IL-10),DEM,REP,DEM,DEM,33.4,99.9,0.1,Safe D,27.05,5.19,33.4,0.0,1.01,0.15,22.34,11.06,False,False,,,0.0,0.0,,,0.0,projected,projected,,,0,,0.0,3006862,0,0,1699007,0,0,11342,0,2279282,0,0,96126,0,0,1266239,0,0,0,0,0,0,0,0,66.7,33.3,0.0,155740,77754,0,0,233493
IL-11,house,IL,11,Bill Foster,Jeffrey Walter,DEM,REP,DEM,DEM,24.89,99.2,0.8,Safe D,16.14,5.19,24.89,1.37,2.3,-0.1,11.6,13.29,False,False,,,0.0,0.0,,,0.0,projected,projected,,,0,,0.0,2180937,311439,0,2505288,22765,0,0,0,1226214,288674,0,131182,56740,0,833000,2354,0,0,167592,0,1017995,165085,0,62.45,37.55,0.0,159939,96187,0,0,256126
IL-12,house,IL,12,Julie Fortier,Mike Bost,DEM,REP,REP,REP,-41.71,0.0,100.0,Safe R,-40.25,5.19,-41.71,-1.73,-4.05,-0.87,-44.13,2.41,False,False,,,0.0,0.0,,,0.0,projected,projected,,,0,,0.0,88060,1327225,0,59815,789999,0,0,0,28244,889522,0,43410,39507,0,8293,811237,0,0,0,0,0,0,0,29.14,70.86,0.0,76333,185589,0,0,261922
IL-13,house,IL,13,Nikki Budzinski,Jeff Wilson,DEM,REP,DEM,DEM,27.06,99.6,0.4,Safe D,14.49,5.19,27.06,1.67,6.25,-0.55,10.63,16.43,False,False,,,0.0,0.0,,,0.0,projected,projected,,,0,,0.0,2885018,267865,0,2625565,-10525,0,83860,0,2044185,278390,0,107319,9480,0,1174794,3150,0,0,178600,0,0,136600,0,63.53,36.47,0.0,149544,85852,0,0,235397
IL-14,house,IL,14,Lauren Underwood,James Marter,DEM,REP,DEM,DEM,23.54,98.9,1.1,Safe D,10.53,5.19,23.54,1.92,5.77,0.14,5.26,18.28,False,False,,,0.0,0.0,,,0.0,projected,projected,,,0,,0.0,2417082,140848,0,1106564,31898,0,0,0,2365620,112994,0,289569,25185,0,365000,100,0,0,382,0,0,31741,0,61.77,38.23,0.0,146454,90637,0,0,237091
IL-15,house,IL,15,Jennifer Todd,Mary Miller,DEM,REP,REP,REP,-35.47,0.0,100.0,Safe R,-36.53,5.19,-35.47,-1.56,-1.67,-0.9,-40.5,5.04,False,False,,,0.0,0.0,,,0.0,projected,projected,,,0,,0.0,122996,1331399,0,34290,810427,0,1771,3705,82735,1167229,0,55362,754616,0,6710,144500,0,0,100,0,0,1525,0,32.27,67.73,0.0,86443,181453,0,0,267896
IL-16,house,IL,16,Paul Nolley,Darin LaHood,DEM,REP,REP,REP,-18.03,4.0,96.0,Safe R,-19.25,5.19,-18.03,-1.56,-1.67,-0.75,-23.07,5.04,False,False,,,0.0,0.0,,,0.0,projected,projected,,,0,,0.0,415748,3672739,0,230141,6748621,0,0,0,185607,2445401,0,110128,88213,0,63476,1749222,0,1585,0,0,0,0,0,40.98,59.02,0.0,112641,162208,0,0,274849
IL-17,house,IL,17,Eric Sorensen,Dillan Vancil,DEM,REP,DEM,DEM,20.45,97.6,2.4,Safe D,9.38,5.19,20.45,1.39,4.85,-0.36,4.81,15.64,False,False,,,0.0,0.0,,,0.0,projected,projected,,,0,,0.0,2233676,308832,0,1325642,56689,0,0,0,1020828,272464,0,185874,76538,0,848250,10700,0,0,16542,0,0,12700,0,60.23,39.77,0.0,134501,88823,0,0,223324
IN-01,house,IN,01,Frank Mrvan,Barb Regnitz,DEM,REP,DEM,DEM,14.73,92.4,7.6,Likely D,2.9,5.19,14.73,0.0,6.67,-0.03,0.4,14.33,False,False,,,0.0,0.0,,,0.0,projected,projected,,,0,,0.0,2386268,2376256,0,1336696,1800689,0,0,0,1138032,575567,0,179981,18850,0,1023820,39610,0,0,2156925,0,0,2000000,0,57.37,42.63,0.0,131345,97613,0,0,228958
IN-02,house,IN,02,Jamee Decio,Rudy Yakym,DEM,REP,REP,REP,-26.0,0.6,99.4,Safe R,-26.05,5.19,-26.0,-1.93,-2.73,-0.48,-26.92,0.92,False,False,,,0.0,0.0,,,0.0,projected,projected,,,0,,0.0,355589,5246030,0,104496,855313,0,0,0,251093,5000296,0,15296,1170154,0,0,1286014,0,302694,0,0,225039,0,0,37.0,63.0,0.0,77601,132123,0,0,209724
IN-03,house,IN,03,Kelly Thompson,Marlin Stutzman,DEM,REP,REP,REP,-30.03,0.2,99.8,Safe R,-31.69,5.19,-30.03,-1.17,-1.67,-0.69,-31.73,1.7,False,False,,,0.0,0.0,,,0.0,projected,projected,,,0,,0.0,136340,839565,0,6039,101923,0,0,0,130301,786959,0,0,88046,0,0,367700,0,17908,0,0,0,60000,0,34.99,65.01,0.0,78656,146163,0,0,224818
IN-04,house,IN,04,Joseph MacKey,Jim Baird,DEM,REP,REP,REP,-30.74,0.1,99.9,Safe R,-30.19,5.19,-30.74,-1.14,-3.91,-0.7,-29.88,-0.87,False,False,,,0.0,0.0,,,0.0,projected,projected,,,0,,0.0,11234,358293,0,1328,91561,0,200000,531743,9906,481342,0,5169,68518,0,100,197200,0,2495,0,0,15494,383899,0,34.63,65.37,0.0,80957,152835,0,0,233792
IN-05,house,IN,05,James Ford,Victoria Spartz,DEM,REP,REP,REP,-15.57,6.5,93.5,Likely R,-17.4,5.19,-15.57,-0.58,-2.0,-0.78,-17.13,1.55,False,False,,,0.0,0.0,,,0.0,projected,projected,,,0,,0.0,582087,1327228,0,314652,230004,0,0,0,267434,1355274,0,107719,403303,0,49904,118750,0,616,25000,0,0,200000,0,42.21,57.79,0.0,109088,149331,0,0,258419
IN-06,house,IN,06,Cynthia Wirth,Jefferson Shreve,DEM,REP,REP,REP,-34.83,0.0,100.0,Safe R,-33.34,5.19,-34.83,-2.51,-3.38,-0.79,-33.1,-1.73,False,False,,,0.0,0.0,,,0.0,projected,projected,,,0,,0.0,37046,2426805,0,7151,1608235,0,0,0,30400,950285,0,10487,2220,0,0,291000,0,4919,2000000,0,0,3900000,0,32.58,67.42,0.0,74269,153658,0,0,227927
IN-07,house,IN,07,Andre Carson,Felipe Rios,DEM,REP,DEM,DEM,48.7,100.0,0.0,Safe D,42.2,5.19,48.7,0.0,1.24,0.07,42.16,6.54,False,False,,,0.0,0.0,,,0.0,projected,projected,,,0,,0.0,1006177,0,0,621351,0,0,0,0,834249,0,0,33892,0,0,506242,0,0,730,0,0,0,0,0,74.35,25.65,0.0,141167,48705,0,0,189873
IN-08,house,IN,08,Mary Allen,Mark Messmer,DEM,REP,REP,REP,-37.71,0.0,100.0,Safe R,-35.75,5.19,-37.71,-0.95,-5.33,-0.88,-36.49,-1.22,False,False,,,0.0,0.0,,,0.0,projected,projected,,,0,,0.0,294502,1171366,0,179308,713500,0,0,0,115194,664972,0,107411,5915,0,23845,421375,0,1929,3500,0,0,6250,0,31.14,68.86,0.0,72462,160216,0,0,232678
IN-09,house,IN,09,James Graham,Erin Houchin,DEM,REP,REP,REP,-29.88,0.2,99.8,Safe R,-29.74,5.19,-29.88,-1.78,-2.69,-0.86,-30.39,0.51,False,False,,,0.0,0.0,,,0.0,projected,projected,,,0,,0.0,128179,1856572,0,0,1183066,0,0,0,128179,1415551,0,15431,23017,0,0,1041193,0,72193,931,0,66000,0,0,35.06,64.94,0.0,86758,160686,0,0,247444
KS-01,house,KS,01,Kenneth McRoberts,Tracey Mann,DEM,REP,REP,REP,-31.99,0.1,99.9,Safe R,-29.72,5.19,-31.99,-1.71,-5.4,-0.35,-31.85,-0.14,False,False,,,0.0,0.0,,,0.0,projected,projected,,,0,,0.0,105413,1467439,0,22877,2721165,0,0,0,82536,499971,0,40240,9864,0,0,586040,0,349,0,0,1249,0,0,34.01,65.99,0.0,73924,143461,0,0,217385
KS-02,house,KS,02,Don Coover,Derek Schmidt,DEM,REP,REP,REP,-18.16,3.9,96.1,Safe R,-17.29,5.19,-18.16,-0.47,-5.18,-0.41,-20.06,1.89,False,False,,,0.0,0.0,,,0.0,projected,projected,,,0,,0.0,727521,1404518,0,241519,1015793,0,0,0,486002,427227,0,224833,52939,0,33500,474000,0,7000,0,0,0,51752,0,40.92,59.08,0.0,88193,127339,0,0,215532
KS-03,house,KS,03,Sharice Davids,Chase LaPorte,DEM,REP,DEM,DEM,17.61,95.6,4.4,Safe D,5.68,5.19,17.61,0.0,7.29,-0.55,4.17,13.44,False,False,,,0.0,0.0,,,0.0,projected,projected,,,0,,0.0,3594654,0,0,1695944,0,0,0,0,2301966,0,0,1105907,0,0,758731,0,0,0,0,0,0,0,0,58.81,41.19,0.0,163667,114646,0,0,278313
KS-04,house,KS,04,Chris Carmichael,Ron Estes,DEM,REP,REP,REP,-24.13,1.0,99.0,Safe R,-21.68,5.19,-24.13,-1.94,-5.29,-0.42,-23.7,-0.43,False,False,,,0.0,0.0,,,0.0,projected,projected,,,0,,0.0,93010,1841348,0,16343,1766575,0,0,0,76667,1273049,0,19786,8930,0,0,1076600,0,2543,0,0,2543,0,0,37.93,62.07,0.0,82729,135354,0,0,218084
KY-01,house,KY,01,Drew Williams,James Comer,DEM,REP,REP,REP,-46.24,0.0,100.0,Safe R,-46.3,5.19,-46.24,-1.84,-2.5,-0.8,-47.91,1.67,False,False,,,0.0,0.0,,,0.0,projected,projected,,,0,,0.0,118755,1899533,0,20182,3041112,0,0,0,98532,2067643,0,69518,692697,0,5000,426900,0,1700,0,0,1700,0,0,26.88,73.12,0.0,64504,175471,0,0,239975
KY-02,house,KY,02,Megan Wingfield,Brett Guthrie,DEM,REP,REP,REP,-43.92,0.0,100.0,Safe R,-40.4,5.19,-43.92,-3.32,-4.58,-0.81,-41.93,-1.99,False,False,,,0.0,0.0,,,0.0,projected,projected,,,0,,0.0,7539,4707593,0,1197,1718271,0,0,80276,6342,3355566,0,6104,8727,0,0,3025480,0,0,0,0,0,2295,0,28.04,71.96,0.0,68980,177021,0,0,246001
KY-03,house,KY,03,Morgan McGarvey,Maria Rodriguez,DEM,REP,DEM,DEM,33.04,99.9,0.1,Safe D,20.35,5.19,33.04,2.21,5.67,-0.38,19.27,13.77,False,False,,,0.0,0.0,,,0.0,projected,projected,,,0,,0.0,1633684,38069,0,1813760,15672,0,0,0,1083341,22297,0,157955,4269,0,538001,5500,0,0,0,0,0,0,0,66.52,33.48,0.0,154898,77964,0,0,232862
KY-04,house,KY,04,Melissa Strange,Ed Gallrein,DEM,REP,,REP,-31.28,0.1,99.9,Safe R,-35.18,5.19,-31.28,-0.46,0.0,-0.84,-36.16,4.88,False,False,,,0.0,0.0,,,0.0,projected,projected,,,0,,0.0,94464,3567324,0,11145,179309,0,8366952,5378133,83319,3388014,0,12513,396242,0,0,56130,0,20000,0,0,20000,0,0,34.36,65.64,0.0,90192,172317,0,0,262508
KY-05,house,KY,05,Ned Pillersdorf,Harold Rogers,DEM,REP,REP,REP,-61.44,0.0,100.0,Safe R,-62.96,5.19,-61.44,-1.02,-1.67,-0.98,-64.67,3.23,False,False,,,0.0,0.0,,,0.0,projected,projected,,,0,,0.0,182256,849758,0,91274,874716,0,0,0,91006,946293,0,29935,1147,0,250,314150,0,62875,0,0,0,0,0,19.28,80.72,0.0,42758,178996,0,0,221754
KY-06,house,KY,06,Zach Dembo,Ralph Alvarado,DEM,REP,,REP,-8.69,19.9,80.1,Likely R,-14.16,5.19,-9.65,-0.01,0.0,-0.67,-15.31,6.63,False,False,,,0.0,0.0,,,0.0,projected,projected,37.16,37.4,2,-3.24,0.15,1463855,1521813,0,491275,398018,0,286464,168599,972579,1123795,0,161118,11113,0,58150,263541,0,3665,57245,0,0,0,0,45.66,54.34,0.0,113716,135353,0,0,249069
LA-01,house,LA,01,Lauren Jewett,Steve Scalise,DEM,REP,REP,REP,-47.14,0.0,100.0,Safe R,-39.89,5.19,-47.14,-3.08,-9.01,-0.35,-39.08,-8.06,False,False,,,0.0,0.0,,,0.0,projected,projected,,,0,,0.0,126085,10590473,0,16224,4011458,0,0,0,109861,10710168,0,49050,308377,0,1250,171500,0,1221,0,0,0,0,0,26.43,73.57,0.0,66760,185808,0,0,252568
LA-02,house,LA,02,Troy Carter,Republican candidate (LA-02),DEM,REP,DEM,DEM,63.2,100.0,0.0,Safe D,49.55,5.19,63.2,0.0,8.23,0.23,48.71,14.49,False,False,,,0.0,0.0,,,0.0,projected,projected,,,0,,0.0,1383847,0,0,407274,0,0,0,0,1485982,0,0,3150,0,0,943792,0,0,0,0,0,24914,0,0,81.6,18.4,0.0,179301,40431,0,0,219732
LA-03,house,LA,03,Tia Lebrun,Clay Higgins,DEM,REP,REP,REP,-37.03,0.0,100.0,Safe R,-36.03,5.19,-37.03,-2.04,-3.74,-0.41,-36.65,-0.38,False,False,,,0.0,0.0,,,0.0,projected,projected,,,0,,0.0,6968,816186,0,3465,603233,0,0,0,4102,537521,0,1043,84051,0,0,132500,0,2350,0,0,2350,0,0,31.48,68.52,0.0,74622,162399,0,0,237021
LA-04,house,LA,04,Matthew Gromlich,Mike Johnson,DEM,REP,REP,REP,-39.93,0.0,100.0,Safe R,-33.75,5.19,-39.93,-3.21,-7.75,-0.41,-34.59,-5.34,False,False,,,0.0,0.0,,,0.0,projected,projected,,,0,,0.0,234784,20548480,0,8265,9839636,0,0,0,226519,11961220,0,25742,3770787,0,0,1753700,0,188058,0,0,185000,0,0,30.03,69.97,0.0,67186,156510,0,0,223696
LA-05,house,LA,05,Dan McKay,Blake Miguez,DEM,REP,,REP,-31.17,0.1,99.9,Safe R,-33.38,5.19,-31.17,-2.6,0.0,-0.39,-34.39,3.22,False,False,,,0.0,0.0,,,0.0,projected,projected,,,0,,0.0,83511,6564561,0,-20919,2052733,0,222328,0,104449,4511827,0,22672,399437,0,0,68409,0,39238,3013458,0,39238,2012356,0,34.41,65.59,0.0,77299,147324,0,0,224623
LA-06,house,LA,06,Democratic candidate (LA-06),Peter Williams,DEM,REP,,DEM,-28.08,0.3,99.7,Safe R,-32.9,5.19,-28.08,0.0,0.0,-0.37,-32.4,4.32,False,False,,,0.0,0.0,,,0.0,projected,projected,,,0,,0.0,832825,0,0,436705,0,0,0,0,433560,0,0,279769,0,0,177000,0,0,0,0,0,0,0,0,35.96,64.04,0.0,88907,158336,0,0,247243
MA-01,house,MA,01,Richard Neal,Republican candidate (MA-01),DEM,REP,DEM,DEM,25.11,99.3,0.7,Safe D,18.37,5.19,25.11,0.0,1.67,-0.12,13.91,11.19,False,False,,,0.0,0.0,,,0.0,projected,projected,,,0,,0.0,2288096,0,0,4055460,0,0,0,0,2120507,0,0,8786,0,0,1445000,0,0,0,0,0,0,0,0,62.55,37.45,0.0,166988,99963,0,0,266951
MA-02,house,MA,02,Jim McGovern,Republican candidate (MA-02),DEM,REP,DEM,DEM,34.73,100.0,0.0,Safe D,28.32,5.19,34.73,0.0,1.67,-0.45,24.29,10.44,False,False,,,0.0,0.0,,,0.0,projected,projected,,,0,,0.0,759435,0,0,332100,0,0,0,0,821499,0,0,147188,0,0,198600,0,0,0,0,0,0,0,0,67.36,32.64,0.0,181524,87947,0,0,269471
MA-03,house,MA,03,Lori Trahan,Gary Grossi,DEM,REP,DEM,DEM,33.28,99.9,0.1,Safe D,23.83,5.19,33.28,2.52,1.67,0.08,19.39,13.89,False,False,,,0.0,0.0,,,0.0,projected,projected,,,0,,0.0,1580068,6716,0,1777088,6650,0,0,0,1258131,66,0,0,931,0,775250,600,0,0,4000,0,0,4000,0,66.64,33.36,0.0,167422,83809,0,0,251231
MA-04,house,MA,04,Jake Auchincloss,Republican candidate (MA-04),DEM,REP,DEM,DEM,30.78,99.9,0.1,Safe D,24.65,5.19,30.78,0.0,1.67,-0.72,20.13,10.65,False,False,,,0.0,0.0,,,0.0,projected,projected,,,0,,0.0,3535358,0,0,7408604,0,0,0,0,1109981,0,0,31877,0,0,669750,0,0,0,0,0,0,0,0,65.39,34.61,0.0,186213,98554,0,0,284768
MA-05,house,MA,05,Katherine Clark,Republican candidate (MA-05),DEM,REP,DEM,DEM,56.4,100.0,0.0,Safe D,50.01,5.19,56.4,0.0,1.67,-0.46,46.35,10.06,False,False,,,0.0,0.0,,,0.0,projected,projected,,,0,,0.0,4236009,0,0,2212416,0,0,0,0,3349484,0,0,81953,0,0,1725007,0,0,0,0,0,0,0,0,78.2,21.8,0.0,205214,57205,0,0,262420
MA-06,house,MA,06,Daniel Koh,John Field,DEM,REP,,DEM,29.54,99.8,0.2,Safe D,24.85,5.19,29.54,0.0,0.0,-0.5,21.09,8.45,False,False,,,0.0,0.0,,,0.0,projected,projected,,,0,,0.0,4547693,0,0,3604718,0,0,330297,0,944314,0,0,187692,0,0,95300,0,0,93505,0,0,69000,0,0,64.77,35.23,0.0,196396,106821,0,0,303217
MA-07,house,MA,07,Ayanna Pressley,Republican candidate (MA-07),DEM,REP,DEM,DEM,77.19,100.0,0.0,Safe D,70.02,5.19,77.19,0.0,1.67,0.32,65.14,12.05,False,False,,,0.0,0.0,,,0.0,projected,projected,,,0,,0.0,1125853,0,0,113018,0,0,0,0,1131056,0,0,314273,0,0,72255,0,0,0,0,0,0,0,0,88.6,11.4,0.0,173867,22379,0,0,196246
MA-08,house,MA,08,Stephen Lynch,Gavin Solomon,DEM,REP,DEM,DEM,46.51,100.0,0.0,Safe D,31.42,5.19,46.51,0.0,10.45,-0.55,26.99,19.52,False,False,,,0.0,0.0,,,0.0,projected,projected,,,0,,0.0,817344,0,0,1241118,0,0,0,61550,664950,0,0,22081,0,0,308600,0,0,0,0,0,0,0,0,73.26,26.74,0.0,201586,73596,0,0,275181
MA-09,house,MA,09,Bill Keating,Robert MacAllister,DEM,REP,DEM,DEM,23.53,98.9,1.1,Safe D,14.89,5.19,23.53,0.51,3.67,-0.73,10.94,12.59,False,False,,,0.0,0.0,,,0.0,projected,projected,,,0,,0.0,371290,163494,0,510082,38853,0,0,0,527075,124641,0,45029,22156,0,154600,1250,0,0,1005,0,0,1005,0,61.76,38.24,0.0,198933,123150,0,0,322083
MD-01,house,MD,01,Daniel Schwartz,Andy Harris,DEM,REP,REP,REP,-15.38,6.8,93.2,Likely R,-15.52,5.19,-15.38,-0.86,-3.57,-0.61,-17.31,1.92,False,False,,,0.0,0.0,,,0.0,projected,projected,,,0,,0.0,695170,2319668,0,72575,1853603,0,14398,15256,622594,1221001,0,292096,527134,0,11600,443459,0,15568,0,0,34175,0,0,42.31,57.69,0.0,126478,172457,0,0,298934
MD-02,house,MD,02,John Olszewski,David Wallace,DEM,REP,DEM,DEM,31.73,99.9,0.1,Safe D,20.7,5.19,31.73,2.06,4.22,-0.44,18.95,12.78,False,False,,,0.0,0.0,,,0.0,projected,projected,,,0,,0.0,1040390,20194,0,614275,3073,0,0,0,592706,17122,0,26185,3334,0,334224,0,0,0,1200,0,0,1000,0,65.87,34.13,0.0,182274,94461,0,0,276734
MD-03,house,MD,03,Sarah Elfreth,Penny Kennedy,DEM,REP,DEM,DEM,33.29,99.9,0.1,Safe D,25.92,5.19,33.29,0.0,2.59,-0.41,24.49,8.79,False,False,,,0.0,0.0,,,0.0,projected,projected,,,0,,0.0,1139858,0,0,335826,0,0,0,0,834771,0,0,64297,0,0,440223,0,0,649,0,0,0,0,0,66.64,33.36,0.0,194527,97369,0,0,291896
MD-04,house,MD,04,Glenn Ivey,Republican candidate (MD-04),DEM,REP,,DEM,85.52,100.0,0.0,Safe D,79.4,5.19,85.52,0.0,0.0,0.93,75.67,9.86,False,False,,,0.0,0.0,,,0.0,projected,projected,,,0,,0.0,674406,0,0,459226,0,0,0,0,520568,0,0,31930,0,0,338250,0,0,0,0,0,0,0,0,92.76,7.24,0.0,184016,14362,0,0,198379
MD-05,house,MD,05,Adrian Boafo,Chris Chaffee,DEM,REP,,DEM,40.42,100.0,0.0,Safe D,35.81,5.19,40.42,0.0,-0.45,-0.13,34.05,6.37,False,False,,,0.0,0.0,,,0.0,confirmed,confirmed,,,0,,0.0,1676916,0,0,91867,0,0,12093528,0,1585049,0,0,21486,0,0,116745,0,0,0,0,0,7400,0,0,70.21,29.79,0.0,212058,89969,0,0,302027
MD-06,house,MD,06,April Delaney,Robin Ficker,DEM,REP,DEM,DEM,19.75,97.2,2.8,Safe D,8.19,5.19,19.75,2.47,4.17,-0.26,5.93,13.83,False,False,,,0.0,0.0,,,0.0,projected,projected,,,0,,0.0,12308220,403934,0,307611,401,0,516368,42387,12013488,403533,0,34837,1072,0,377303,0,0,11000000,402862,0,14873000,402862,0,59.88,40.12,0.0,163618,109638,0,0,273257
MD-07,house,MD,07,Kweisi Mfume,Republican candidate (MD-07),DEM,REP,DEM,DEM,72.49,100.0,0.0,Safe D,63.28,5.19,72.49,0.0,3.9,0.12,60.49,12.0,False,False,,,0.0,0.0,,,0.0,projected,projected,,,0,,0.0,415174,0,0,702810,0,0,0,0,406290,0,0,8064,0,0,233750,0,0,0,0,0,0,0,0,86.25,13.75,0.0,183514,29265,0,0,212779
MD-08,house,MD,08,Jamie Raskin,Cheryl Riley,DEM,REP,DEM,DEM,69.98,100.0,0.0,Safe D,61.13,5.19,69.98,3.54,-0.02,0.14,58.06,11.93,False,False,,,0.0,0.0,,,0.0,projected,projected,,,0,,0.0,7425389,16590,0,7893447,1806,0,0,0,4497145,15372,0,3050018,4483,0,395799,0,0,0,0,0,0,0,0,84.99,15.01,0.0,231879,40948,0,0,272827
ME-01,house,ME,01,Chellie Pingree,Ronald Russell,DEM,REP,DEM,DEM,30.66,98.8,1.2,Safe D,21.76,5.19,30.78,1.0,3.77,-0.95,22.33,8.33,True,False,,,0.0,0.0,,,0.0,confirmed,confirmed,,,0,,0.0,429634,75680,0,423112,20023,0,0,0,422200,69878,0,69003,7445,0,237050,6819,0,0,1000,0,20000,4537,0,62.12,32.88,5.0,189821,100472,15279,0,305572
ME-02,house,ME,02,Matthew Dunlap,Paul LePage,DEM,REP,,DEM,-4.8,35.9,64.1,Lean R,-9.39,5.19,-5.67,-0.48,0.0,-1.0,-9.72,4.93,True,False,,,0.0,0.0,,,0.0,confirmed,confirmed,47.29,48.12,3,-2.56,0.15,1205432,2563901,0,228649,1685710,0,384759,16616,976783,878191,0,646576,167616,0,13500,408301,0,10000,0,0,0,0,0,45.03,49.97,5.0,124458,138112,13820,0,276390
MI-01,house,MI,01,Callie Barr,John Bergman,DEM,REP,REP,REP,-12.66,10.9,89.1,Likely R,-17.21,5.19,-12.66,-0.61,1.0,-1.03,-21.52,8.86,False,False,,,0.0,0.0,,,0.0,projected,projected,,,0,,0.0,803423,1877392,0,571163,849951,0,0,0,239901,1138391,0,95852,142860,0,62250,737925,0,0,0,0,0,0,0,43.67,56.33,0.0,148505,191558,0,0,340063
MI-02,house,MI,02,Benjamin Ambrose,John Moolenaar,DEM,REP,REP,REP,-27.6,0.4,99.6,Safe R,-25.87,5.19,-27.6,-1.9,-4.17,-0.85,-30.54,2.93,False,False,,,0.0,0.0,,,0.0,projected,projected,,,0,,0.0,84011,1648987,0,26232,1928265,0,0,0,57392,1002666,0,18351,35196,0,250,546873,0,0,0,0,0,28498,0,36.2,63.8,0.0,111903,197238,0,0,309141
MI-03,house,MI,03,Hillary Scholten,Allen Fiorletta,DEM,REP,DEM,DEM,20.83,97.8,2.2,Safe D,11.79,5.19,20.83,0.0,4.28,-0.43,7.95,12.87,False,False,,,0.0,0.0,,,0.0,projected,projected,,,0,,0.0,2287558,0,0,1395805,0,0,0,0,1241468,0,0,167197,0,0,670870,0,0,0,0,0,0,0,0,60.41,39.59,0.0,180836,118496,0,0,299333
MI-04,house,MI,04,Sean McCann,Bill Huizenga,DEM,REP,REP,REP,-1.68,43.5,56.5,Toss-up,-1.37,5.19,-1.95,-0.31,-4.89,-0.57,-5.61,3.93,False,False,,,0.0,0.0,,,0.0,presumptive,presumptive,47.07,45.06,3,-0.13,0.15,2508603,4003831,0,1657935,2606060,0,368204,0,850668,1506810,0,433083,207580,0,300050,1531550,0,0,0,0,0,0,0,49.16,50.84,0.0,149324,154419,0,0,303743
MI-05,house,MI,05,Christian Vukasovich,Timothy Walberg,DEM,REP,REP,REP,-25.4,0.7,99.3,Safe R,-22.58,5.19,-25.4,-2.14,-5.07,-0.8,-27.41,2.0,False,False,,,0.0,0.0,,,0.0,projected,projected,,,0,,0.0,51717,1717295,0,21286,1037289,0,0,0,30432,1589457,0,12178,63994,0,3000,775898,0,0,0,0,0,0,0,37.3,62.7,0.0,110275,185385,0,0,295660
MI-06,house,MI,06,Debbie Dingell,Republican candidate (MI-06),DEM,REP,DEM,DEM,38.78,100.0,0.0,Safe D,28.6,5.19,38.78,0.0,5.67,-0.69,23.92,14.85,False,False,,,0.0,0.0,,,0.0,projected,projected,,,0,,0.0,1155234,0,0,447144,0,0,0,0,1051463,0,0,64829,0,0,681093,0,0,0,0,0,0,0,0,69.39,30.61,0.0,225504,99486,0,0,324990
MI-07,house,MI,07,Bridget Brink,Tom Barrett,DEM,REP,REP,REP,2.17,58.4,41.6,Toss-up,3.17,5.19,3.21,-0.62,-3.8,-0.73,-1.33,3.5,False,False,,,0.0,0.0,,,0.0,projected,presumptive,45.14,45.85,3,-3.71,0.15,2893770,6180398,0,1106758,2957329,0,4965,1373148,1787012,3245468,0,685397,1604384,0,56523,1560904,0,20000,0,0,20000,2809,0,51.09,48.91,0.0,165609,158567,0,0,324176
MI-08,house,MI,08,Kristen McDonald Rivet,Amir Hassan,DEM,REP,DEM,DEM,19.18,96.9,3.1,Safe D,3.23,5.19,19.18,1.52,9.86,-0.62,-2.01,21.19,False,False,,,0.0,0.0,,,0.0,confirmed,projected,,,0,,0.0,5540175,687295,0,4213977,136687,0,12898,0,1343229,550608,0,387161,311841,0,1509740,104500,0,0,28500,0,0,10000,0,59.59,40.41,0.0,180947,122703,0,0,303650
MI-09,house,MI,09,Steven Pooley,Lisa McClain,DEM,REP,REP,REP,-32.39,0.1,99.9,Safe R,-28.11,5.19,-32.39,-3.38,-5.22,-0.87,-32.75,0.37,False,False,,,0.0,0.0,,,0.0,projected,projected,,,0,,0.0,7579,5146490,0,4437,1476336,0,0,0,3142,4277012,0,3790,945684,0,0,1415798,0,0,0,0,0,0,0,33.81,66.19,0.0,115156,225475,0,0,340631
MI-10,house,MI,10,Christina Hines,Michael Bouchard,DEM,REP,,REP,2.41,59.3,40.7,Toss-up,-1.32,5.19,3.01,-0.11,0.0,-0.75,-6.68,9.1,False,False,,,0.0,0.0,,,0.0,projected,presumptive,44.0,42.0,1,-1.0,0.15,1161111,1386621,0,192615,1077901,0,249516,172592,968496,308720,0,262756,98136,0,73763,123500,0,0,0,0,0,35503,0,51.21,48.79,0.0,156363,148997,0,0,305360
MI-11,house,MI,11,Jeremy Moss,Mike Steger,DEM,REP,,DEM,27.89,99.7,0.3,Safe D,21.22,5.19,27.89,2.12,0.0,-0.64,16.42,11.47,False,False,,,0.0,0.0,,,0.0,projected,projected,,,0,,0.0,1235233,28616,0,414639,7368,0,104882,0,820595,21248,0,90282,1276,0,135950,0,0,7000,13,0,0,0,0,63.94,36.06,0.0,206082,116199,0,0,322281
MI-12,house,MI,12,Rashida Tlaib,Republican candidate (MI-12),DEM,REP,DEM,DEM,56.44,100.0,0.0,Safe D,46.27,5.19,56.44,0.0,5.22,-0.24,39.62,16.82,False,False,,,0.0,0.0,,,0.0,projected,projected,,,0,,0.0,2713214,0,0,3909639,0,0,0,0,3067129,0,0,777252,0,0,37100,0,0,0,0,0,0,0,0,78.22,21.78,0.0,203992,56801,0,0,260793
MI-13,house,MI,13,Shri Thanedar,Andrew Lorenz,DEM,REP,DEM,DEM,59.14,100.0,0.0,Safe D,48.77,5.19,59.14,0.0,5.11,0.08,42.28,16.86,False,False,,,0.0,0.0,,,0.0,projected,projected,,,0,,0.0,-1103507,0,0,4682993,0,0,877913,278074,1118068,0,0,18400,0,0,85500,0,0,800300,0,0,12270000,0,0,79.57,20.43,0.0,186548,47893,0,0,234440
MN-01,house,MN,01,Jake Johnson,Brad Finstad,DEM,REP,REP,REP,-6.16,27.5,72.5,Lean R,-9.15,5.19,-6.36,-0.02,-1.67,-0.71,-12.23,6.08,False,False,,,0.0,0.0,,,0.0,presumptive,presumptive,41.0,46.96,2,-5.01,0.15,1872308,1916146,0,957225,1210804,0,0,0,915083,766751,0,700337,136882,0,100000,886250,0,5372,0,0,0,0,0,46.92,53.08,0.0,127952,144738,0,0,272690
MN-02,house,MN,02,Matt Little,Eric Pratt,DEM,REP,,DEM,12.66,89.1,10.9,Likely D,8.47,5.19,13.48,0.47,0.0,-0.64,5.95,6.71,False,False,,,0.0,0.0,,,0.0,projected,confirmed,45.0,40.0,1,8.0,0.15,892676,461815,0,254789,268903,0,61395,17393,638388,192912,0,140529,28457,0,30370,45000,0,162000,112100,0,131000,105000,0,56.33,43.67,0.0,168237,130421,0,0,298658
MN-03,house,MN,03,Kelly Morrison,Tyler Bass,DEM,REP,DEM,DEM,29.9,99.8,0.2,Safe D,23.75,5.19,29.9,0.0,1.67,-0.71,21.72,8.18,False,False,,,0.0,0.0,,,0.0,projected,projected,,,0,,0.0,1278346,0,0,413021,0,0,0,0,890714,0,0,92425,0,0,192283,0,0,7000,0,0,0,0,0,64.95,35.05,0.0,193182,104258,0,0,297440
MN-04,house,MN,04,Betty McCollum,Paul Wikstrom,DEM,REP,DEM,DEM,47.68,100.0,0.0,Safe D,39.45,5.19,47.68,2.14,1.5,-0.6,36.47,11.21,False,False,,,0.0,0.0,,,0.0,projected,projected,,,0,,0.0,1217732,23031,0,568721,18609,0,0,0,1203929,8186,0,42342,3864,0,442300,5000,0,0,0,0,0,0,0,73.84,26.16,0.0,195688,69333,0,0,265021
MN-05,house,MN,05,Ilhan Omar,Dalia Al-Aqidi,DEM,REP,DEM,DEM,65.81,100.0,0.0,Safe D,66.28,5.19,65.81,1.22,-6.48,-0.4,63.54,2.27,False,False,,,0.0,0.0,,,0.0,projected,projected,,,0,,0.0,5715729,1078205,0,1572633,31853,0,0,0,4467317,1085272,0,3628754,834632,0,64828,0,0,0,0,0,0,6821,0,82.9,17.1,0.0,214375,44206,0,0,258581
MN-06,house,MN,06,Democratic candidate (MN-06),Tom Emmer,DEM,REP,REP,REP,-14.67,7.7,92.3,Likely R,-17.34,5.19,-14.67,0.0,-1.67,-0.85,-20.07,5.4,False,False,,,0.0,0.0,,,0.0,projected,projected,,,0,,0.0,0,9631580,0,0,4535592,0,0,0,0,6784441,0,0,656210,0,0,2183251,0,0,0,0,0,0,0,42.67,57.33,0.0,129020,173372,0,0,302392
MN-07,house,MN,07,Democratic candidate (MN-07),Michelle Fischbach,DEM,REP,REP,REP,-31.01,0.1,99.9,Safe R,-33.69,5.19,-31.01,0.0,-1.67,-0.84,-37.1,6.09,False,False,,,0.0,0.0,,,0.0,projected,projected,,,0,,0.0,0,1239373,0,0,902668,0,0,0,0,747786,0,0,150284,0,0,690299,0,0,0,0,0,0,0,34.5,65.5,0.0,96836,183870,0,0,280706
MN-08,house,MN,08,Democratic candidate (MN-08),Peter Stauber,DEM,REP,REP,REP,-8.69,19.9,80.1,Likely R,-11.15,5.19,-8.69,0.0,-1.67,-1.06,-14.53,5.85,False,False,,,0.0,0.0,,,0.0,projected,projected,,,0,,0.0,0,1940297,0,0,1208605,0,0,0,0,1260185,0,0,133076,0,0,900660,0,0,0,0,0,0,0,45.66,54.34,0.0,138001,164255,0,0,302256
MO-01,house,MO,01,Wesley Bell,Republican candidate (MO-01),DEM,REP,DEM,DEM,68.04,100.0,0.0,Safe D,58.87,5.19,68.04,0.0,4.17,-0.19,58.61,9.43,False,False,,,0.0,0.0,,,0.0,projected,projected,,,0,,0.0,3295182,0,0,1908027,0,0,628945,0,1821076,0,0,51422,0,0,526296,0,0,0,0,0,0,0,0,84.02,15.98,0.0,186152,35404,0,0,221556
MO-02,house,MO,02,Frederick Wellman,Ann Wagner,DEM,REP,REP,REP,-11.05,14.2,85.8,Likely R,-11.95,5.19,-11.85,-0.83,-3.37,-0.9,-11.57,0.52,False,False,,,0.0,0.0,,,0.0,projected,projected,42.5,46.0,1,-6.5,0.15,1119886,3478123,0,261457,4399245,0,0,0,858429,2190107,0,500996,634089,0,52750,1128739,0,410,0,0,0,0,0,44.47,55.53,0.0,131041,163601,0,0,294642
MO-03,house,MO,03,Bethany Mann,Bob Onder,DEM,REP,REP,REP,-19.68,2.8,97.2,Safe R,-20.24,5.19,-19.68,-1.79,-2.01,-0.83,-20.27,0.59,False,False,,,0.0,0.0,,,0.0,projected,projected,,,0,,0.0,41591,940192,0,3975,485084,0,0,0,42043,605552,0,24481,73609,0,125,369980,0,0,0,0,542,894000,0,40.16,59.84,0.0,114394,170464,0,0,284859
MO-04,house,MO,04,Hartzell Gray,Mark Alford,DEM,REP,REP,REP,-21.05,2.1,97.9,Safe R,-21.08,5.19,-21.05,-1.17,-3.26,-0.73,-21.37,0.32,False,False,,,0.0,0.0,,,0.0,projected,projected,,,0,,0.0,250118,1370433,0,44969,779509,0,0,0,205149,808792,0,168151,16601,0,1000,550561,0,0,0,0,4091,0,0,39.48,60.52,0.0,109159,167353,0,0,276512
MO-05,house,MO,05,Emanuel Cleaver,Bradley Patty,DEM,REP,DEM,DEM,-7.26,24.0,76.0,Likely R,-17.47,5.19,-7.26,2.36,3.1,-0.45,-18.62,11.36,False,False,,,0.0,0.0,,,0.0,projected,projected,,,0,,0.0,1298255,7774,0,1143055,1721,0,0,0,1044827,6052,0,137923,2756,0,834391,0,0,0,0,0,0,1916,0,46.37,53.63,0.0,108048,124976,0,0,233024
MO-06,house,MO,06,Matthew Levine,Chris Stigall,DEM,REP,,REP,-23.4,1.2,98.8,Safe R,-26.78,5.19,-23.4,-1.06,0.0,-0.75,-27.0,3.59,False,False,,,0.0,0.0,,,0.0,projected,presumptive,,,0,,0.0,51046,546096,0,6000,269802,0,138220,21679,45046,276294,0,14726,17409,0,0,47500,0,4032,0,0,0,73061,0,38.3,61.7,0.0,101108,162890,0,0,263998
MO-07,house,MO,07,Missi Hesketh,Eric Burlison,DEM,REP,REP,REP,-43.41,0.0,100.0,Safe R,-43.17,5.19,-43.41,-1.97,-2.63,-0.83,-43.18,-0.23,False,False,,,0.0,0.0,,,0.0,projected,projected,,,0,,0.0,50540,1339538,0,33543,908427,0,0,12107,22134,1032498,0,26365,594974,0,8500,232750,0,0,0,0,0,0,0,28.3,71.7,0.0,74579,188988,0,0,263567
MO-08,house,MO,08,Clayton Harbison,Jason Smith,DEM,REP,REP,REP,-54.71,0.0,100.0,Safe R,-53.72,5.19,-54.71,-3.43,-1.83,-0.93,-54.42,-0.29,False,False,,,0.0,0.0,,,0.0,projected,projected,,,0,,0.0,4251,5211627,0,1768,5155711,0,0,0,2017,3073060,0,3376,270553,0,0,2715775,0,0,0,0,0,0,0,22.64,77.36,0.0,58549,200022,0,0,258572
MS-01,house,MS,01,Cliff Johnson,Trent Kelly,DEM,REP,REP,REP,-32.47,0.1,99.9,Safe R,-33.75,5.19,-32.47,-0.42,-2.99,-0.5,-37.53,5.06,False,False,,,0.0,0.0,,,0.0,confirmed,confirmed,,,0,,0.0,551243,1004205,0,149645,863664,0,0,0,401599,749399,0,137251,16080,0,2500,500635,0,21869,0,0,0,0,0,33.77,66.23,0.0,76592,150244,0,0,226836
MS-02,house,MS,02,Bennie Thompson,Ron Eller,DEM,REP,DEM,DEM,35.47,100.0,0.0,Safe D,24.64,5.19,35.47,1.61,4.05,-0.02,20.59,14.88,False,False,,,0.0,0.0,,,0.0,projected,projected,,,0,,0.0,770971,45390,0,1449522,35874,0,0,0,947613,46245,0,6419,6118,0,566744,150,0,0,2921,0,0,2500,0,67.74,32.26,0.0,135919,64740,0,0,200658
MS-03,house,MS,03,Michael Chiaradio,Mike Guest,DEM,REP,REP,REP,-23.97,1.0,99.0,Safe R,-25.93,5.19,-23.97,-1.09,-1.67,-0.47,-29.5,5.53,False,False,,,0.0,0.0,,,0.0,projected,projected,,,0,,0.0,155400,822761,0,23208,962515,0,0,0,132191,371591,0,69218,5410,0,2800,370000,0,17776,0,0,17149,0,0,38.02,61.98,0.0,86068,140327,0,0,226395
MS-04,house,MS,04,Jeffrey Hulum,Mike Ezell,DEM,REP,REP,REP,-41.57,0.0,100.0,Safe R,-39.57,5.19,-41.57,-1.93,-4.75,-0.51,-43.01,1.44,False,False,,,0.0,0.0,,,0.0,confirmed,confirmed,,,0,,0.0,29045,990106,0,6534,123359,0,0,0,22864,1018212,0,5890,12096,0,500,477000,0,3500,0,0,3500,0,0,29.22,70.78,0.0,60101,145614,0,0,205715
MT-01,house,MT,01,Sam Forstag,Aaron Flint,DEM,REP,,REP,-7.37,23.7,76.3,Likely R,-12.1,5.19,-8.03,-0.14,0.0,-0.98,-11.92,4.55,False,False,,,0.0,0.0,,,0.0,projected,projected,43.87,44.5,2,-3.63,0.15,1382873,1303394,0,550079,502201,0,260465,1468950,832794,801193,0,495944,290173,0,140650,330600,0,1267,0,0,0,246238,0,46.31,53.69,0.0,104412,121036,0,0,225448
MT-02,house,MT,02,Brian Miller,Troy Downing,DEM,REP,REP,REP,-33.77,0.1,99.9,Safe R,-31.06,5.19,-33.77,-2.59,-4.27,-1.04,-30.51,-3.26,False,False,,,0.0,0.0,,,0.0,projected,projected,,,0,,0.0,19174,2127927,0,3166,650464,0,0,0,14573,1588993,0,4916,496243,0,1000,681678,0,4832,0,0,0,2026506,0,33.11,66.89,0.0,65112,131514,0,0,196626
NC-01,house,NC,01,Don Davis,Laurie Buckhout,DEM,REP,DEM,DEM,2.86,61.0,39.0,Lean D,-8.01,5.19,3.23,0.04,6.36,-0.35,-11.71,14.58,False,False,,,0.0,0.0,,,0.0,confirmed,confirmed,43.96,41.76,3,0.79,0.15,4287386,3793077,0,3570366,1829661,0,167771,920003,987862,1989720,0,367550,83111,0,1530112,351704,0,0,2402740,0,0,3501000,0,51.43,48.57,0.0,150074,141718,0,0,291792
NC-02,house,NC,02,Deborah Ross,Eugene Douglass,DEM,REP,DEM,DEM,45.15,100.0,0.0,Safe D,36.76,5.19,45.15,0.0,3.34,-0.14,34.41,10.74,False,False,,,0.0,0.0,,,0.0,projected,projected,,,0,,0.0,1675978,0,0,1337687,0,0,0,0,1075801,0,0,65366,0,0,689413,0,0,0,0,0,9555,0,0,72.58,27.42,0.0,209854,79297,0,0,289152
NC-03,house,NC,03,Raymond Smith,Greg Murphy,DEM,REP,REP,REP,-8.19,21.3,78.7,Likely R,-10.06,5.19,-8.19,-1.57,-1.67,-0.08,-13.76,5.58,False,False,,,0.0,0.0,,,0.0,projected,projected,,,0,,0.0,223119,2357956,0,73711,2697820,0,68780,0,137467,1243599,0,70520,28721,0,27250,1036299,0,100,0,0,0,0,0,45.91,54.09,0.0,111214,131042,0,0,242256
NC-04,house,NC,04,Valerie Foushee,Mahesh Ganorkar,DEM,REP,DEM,DEM,58.66,100.0,0.0,Safe D,48.45,5.19,58.66,1.88,3.37,-0.24,46.04,12.63,False,False,,,0.0,0.0,,,0.0,projected,projected,,,0,,0.0,912011,11917,0,47788,16967,0,2382171,241900,949918,10302,0,86347,1095,0,495618,1000,0,0,4569,0,4000,0,0,79.33,20.67,0.0,242613,63214,0,0,305827
NC-05,house,NC,05,Chuck Hubbard,Virginia Foxx,DEM,REP,REP,REP,-11.03,14.2,85.8,Likely R,-14.91,5.19,-11.03,-0.98,0.13,-0.46,-17.92,6.89,False,False,,,0.0,0.0,,,0.0,projected,projected,,,0,,0.0,394695,1662604,0,99815,3369069,0,61981,0,302276,1204804,0,181733,25085,0,3350,419516,0,0,0,0,20000,0,0,44.49,55.51,0.0,127136,158652,0,0,285788
NC-06,house,NC,06,Cyril Jefferson,Addison McDowell,DEM,REP,REP,REP,-13.11,10.1,89.9,Likely R,-15.08,5.19,-13.11,-1.22,-1.67,-0.33,-17.36,4.24,False,False,,,0.0,0.0,,,0.0,projected,projected,,,0,,0.0,199881,1226408,0,13898,381728,0,0,0,185984,852003,0,37641,16395,0,7400,515505,0,0,0,0,0,28602,0,43.44,56.56,0.0,119113,155071,0,0,274184
NC-07,house,NC,07,Kimberly Hardy,David Rouzer,DEM,REP,REP,REP,-10.82,14.7,85.3,Likely R,-11.1,5.19,-11.14,-1.34,-3.43,-0.47,-14.02,3.2,False,False,LIB,,0.0,0.0,,,0.0,projected,projected,,,0,,0.0,293818,1990423,0,65017,2301487,0,0,0,228801,1124461,0,99168,6705,0,9411,1209699,0,0,0,0,0,0,0,43.87,54.51,1.62,136096,169119,5026,0,310241
NC-08,house,NC,08,Colby Watson,Mark Harris,DEM,REP,REP,REP,-17.2,4.7,95.3,Safe R,-17.14,5.19,-17.2,-1.86,-2.87,-0.52,-19.62,2.42,False,False,,,0.0,0.0,,,0.0,projected,projected,,,0,,0.0,39569,1019134,0,2343,517853,0,0,0,37232,608814,0,7059,74543,0,3700,200500,0,25460,0,0,0,0,0,41.4,58.6,0.0,118736,168060,0,0,286796
NC-09,house,NC,09,Richard Ojeda,Richard Hudson,DEM,REP,REP,REP,-11.73,12.7,87.3,Likely R,-13.43,5.19,-11.73,-0.26,-3.02,-0.21,-16.03,4.3,False,False,,,0.0,0.0,,,0.0,projected,projected,,,0,,0.0,2237508,3215341,0,163673,1335132,0,63762,0,2073836,2511943,0,1666772,214005,0,18842,1605397,0,0,0,0,0,0,0,44.13,55.87,0.0,118224,149650,0,0,267874
NC-10,house,NC,10,Ashley Bell,Pat Harrigan,DEM,REP,REP,REP,-15.79,6.3,93.7,Likely R,-15.25,5.19,-16.63,-1.6,-4.63,-0.34,-17.89,2.1,False,False,,,0.0,0.0,,,0.0,projected,projected,37.5,51.5,1,-11.0,0.15,84024,1081821,0,26174,451275,0,0,0,57805,683387,0,30263,81411,0,3050,359925,0,14948,0,0,8486,0,0,42.11,57.89,0.0,122720,168727,0,0,291447
NC-11,house,NC,11,Jamie Ager,Chuck Edwards,DEM,REP,REP,REP,-5.09,31.1,68.9,Lean R,-8.08,5.19,-5.63,0.88,-2.91,-0.72,-9.61,4.53,False,False,,,0.0,0.0,,,0.0,confirmed,confirmed,45.0,44.0,1,-2.0,0.15,3052354,939985,0,2184778,485744,0,307847,0,867576,563005,0,556269,20397,0,231570,369750,0,0,0,0,0,10500,0,47.46,52.54,0.0,146578,162288,0,0,308866
NC-12,house,NC,12,Alma Adams,John Codiga,DEM,REP,DEM,DEM,59.57,100.0,0.0,Safe D,50.18,5.19,59.57,1.26,2.65,0.29,47.04,12.53,False,False,,,0.0,0.0,,,0.0,projected,projected,,,0,,0.0,370506,28704,0,456594,3,0,0,0,487322,28701,0,12384,1857,0,274275,0,0,0,3053,0,0,3000,0,79.78,20.22,0.0,198630,50332,0,0,248963
NC-13,house,NC,13,Paul Barringer,Brad Knott,DEM,REP,REP,REP,-13.72,9.1,90.9,Likely R,-14.8,5.19,-13.26,-0.19,-3.23,-0.22,-16.71,2.99,False,False,GRN,,0.0,0.0,,,0.0,projected,projected,,,0,,0.0,1022610,1339161,0,514555,707795,0,0,0,508054,648627,0,76837,28235,0,8100,657718,0,461846,0,0,320000,760483,0,42.34,55.81,1.85,126158,166276,5512,0,297946
NC-14,house,NC,14,Lakesha Womack,Tim Moore,DEM,REP,REP,REP,-13.19,10.0,90.0,Likely R,-13.6,5.19,-14.55,-2.3,-3.38,-0.46,-15.22,2.02,False,False,,,0.0,0.0,,,0.0,projected,projected,39.0,47.5,1,-5.5,0.15,24888,1538952,0,-376,1581992,0,0,80948,26124,880526,0,11823,22782,0,2200,435700,0,0,0,0,0,0,0,43.4,56.6,0.0,124278,162059,0,0,286337
ND-01,house,ND,01,Trygve Hammer,Julie Fedorchak,DEM,REP,REP,REP,-35.76,0.0,100.0,Safe R,-36.86,5.19,-35.76,-1.5,-1.67,-0.92,-37.39,1.63,False,False,,,0.0,0.0,,,0.0,projected,projected,,,0,,0.0,190064,1730663,0,67391,1055571,0,0,0,122672,1004420,0,98864,7624,0,2900,962475,0,15,0,0,0,0,0,32.12,67.88,0.0,82772,174936,0,0,257708
NE-01,house,NE,01,Christopher Backemeyer,Mike Flood,DEM,REP,REP,REP,-9.43,18.0,82.0,Likely R,-8.55,5.19,-9.86,-0.99,-4.96,-0.54,-13.23,3.8,False,False,,,0.0,0.0,,,0.0,projected,projected,38.0,45.0,1,-7.0,0.15,592233,2368910,0,290611,1560751,0,0,0,301622,1028941,0,98457,36065,0,25000,1127179,0,104319,0,0,100000,6046,0,45.29,54.71,0.0,100902,121909,0,0,222811
NE-02,house,NE,02,Denise Powell,Brinker Harding,DEM,REP,,REP,12.83,89.4,10.6,Likely D,9.31,5.19,14.57,0.43,0.0,-0.36,4.68,8.15,False,False,,,0.0,0.0,,,0.0,confirmed,confirmed,46.5,40.5,1,3.0,0.15,2668287,2034386,0,997390,1070769,0,3102987,100001,1670897,963618,0,493969,52231,0,310406,255800,0,65033,3500,0,75000,0,0,56.42,43.58,0.0,125064,96621,0,0,221685
NE-03,house,NE,03,Becky Stille,Adrian Smith,DEM,REP,REP,REP,-52.4,0.0,100.0,Safe R,-49.5,5.19,-52.4,-2.18,-5.38,-0.53,-54.43,2.03,False,False,,,0.0,0.0,,,0.0,projected,projected,,,0,,0.0,55101,1777414,0,14834,1023354,0,0,282975,40268,1682292,0,11451,3630,0,50,1298250,0,36731,0,0,36731,0,0,23.8,76.2,0.0,52004,166512,0,0,218516
NH-01,house,NH,01,Stefany Shaheen,Anthony DiLorenzo,DEM,REP,,DEM,5.02,68.7,31.3,Lean D,0.68,5.19,5.02,0.01,0.0,-0.85,2.02,3.0,False,False,,,0.0,0.0,,,0.0,projected,projected,,,0,,0.0,2208010,2326786,0,1200445,1187441,0,409774,0,1007564,1139345,0,366546,52850,0,85305,7000,0,7000,1650000,0,0,1650000,0,52.51,47.49,0.0,152154,137604,0,0,289758
NH-02,house,NH,02,Maggie Goodlander,Lily Williams,DEM,REP,DEM,DEM,15.56,93.5,6.5,Likely D,2.73,5.19,14.87,0.88,6.93,-0.86,3.63,11.94,False,False,,,0.0,0.0,,,0.0,projected,projected,49.87,31.71,6,18.16,0.21,3709390,1108535,0,2514390,664220,0,0,0,1252998,573795,0,209243,599501,0,311303,0,0,0,120000,0,0,120000,0,57.78,42.22,0.0,166742,121833,0,0,288574
NJ-01,house,NJ,01,Donald Norcross,Damon Galdo,DEM,REP,DEM,DEM,33.75,99.9,0.1,Safe D,24.09,5.19,33.75,2.5,2.11,-0.14,19.0,14.75,False,False,,,0.0,0.0,,,0.0,projected,projected,,,0,,0.0,1657743,11125,0,2365599,5056,0,0,0,999633,6138,0,11139,6233,0,791232,500,0,0,100,0,0,100,0,66.88,33.12,0.0,176637,87493,0,0,264130
NJ-02,house,NJ,02,Zack Mullock,Jeff Van Drew,DEM,REP,REP,REP,-9.18,18.6,81.4,Likely R,-7.71,5.19,-8.51,-1.01,-4.87,-0.1,-13.29,4.1,False,False,,,0.0,0.0,,,0.0,projected,projected,36.0,46.0,1,-13.0,0.15,462863,1930058,0,120210,1538041,0,0,0,342653,1154447,0,76814,219043,0,6000,327471,0,110000,0,0,110000,11668,0,45.41,54.59,0.0,119717,143928,0,0,263645
NJ-03,house,NJ,03,Herb Conaway,Michael McGuire,DEM,REP,DEM,DEM,23.12,98.8,1.2,Safe D,12.87,5.19,23.12,1.52,3.88,-0.34,7.92,15.21,False,False,,,0.0,0.0,,,0.0,projected,projected,,,0,,0.0,934660,79190,0,439329,807,0,0,0,532745,78383,0,54194,5115,0,500874,0,0,0,21000,0,0,94594,0,61.56,38.44,0.0,166061,103684,0,0,269745
NJ-04,house,NJ,04,Rachel Peace,Chris Smith,DEM,REP,REP,REP,-28.45,0.3,99.7,Safe R,-25.72,5.19,-28.45,-1.52,-5.89,-0.51,-31.01,2.56,False,False,,,0.0,0.0,,,0.0,projected,projected,,,0,,0.0,34352,592016,0,5363,488316,0,0,0,28989,467765,0,14725,85452,0,0,216783,0,6712,0,0,25692,0,0,35.77,64.23,0.0,101088,181481,0,0,282569
NJ-05,house,NJ,05,Josh Gottheimer,Sean Kirrane,DEM,REP,DEM,DEM,22.37,98.5,1.5,Safe D,7.45,5.19,22.37,2.86,7.03,-0.17,1.29,21.08,False,False,,,0.0,0.0,,,0.0,projected,projected,,,0,,0.0,4765145,55656,0,12773075,8034,0,0,0,12704564,47622,0,20739,3603,0,882050,0,0,0,25054,0,0,24325,0,61.19,38.81,0.0,168380,106816,0,0,275197
NJ-06,house,NJ,06,Frank Pallone,Hillary Herzig,DEM,REP,DEM,DEM,28.34,99.7,0.3,Safe D,13.33,5.19,28.34,2.75,6.79,0.28,6.23,22.1,False,False,,,0.0,0.0,,,0.0,projected,projected,,,0,,0.0,2214837,7645,0,3066966,1866,0,0,0,2219781,5779,0,7797,1190,0,1455707,0,0,0,2786,0,0,4351,0,64.17,35.83,0.0,142614,79634,0,0,222248
NJ-07,house,NJ,07,Rebecca Bennett,Tom Kean Jr.,DEM,REP,REP,REP,4.88,68.2,31.8,Lean D,2.48,5.19,5.56,-0.04,-1.67,-0.4,-1.9,6.77,False,False,,,0.0,0.0,,,0.0,confirmed,confirmed,47.0,43.0,1,1.0,0.15,4272034,4892807,0,1445694,3634205,0,1799932,725906,2826340,1306888,0,632513,220555,0,272746,1194427,0,0,0,0,0,0,0,52.44,47.56,0.0,161134,146150,0,0,307284
NJ-08,house,NJ,08,Rob Menendez,Republican candidate (NJ-08),DEM,REP,DEM,DEM,45.95,100.0,0.0,Safe D,37.43,5.19,45.95,0.0,1.67,1.66,28.85,17.1,False,False,,,0.0,0.0,,,0.0,confirmed,projected,,,0,,0.0,1958766,0,0,679737,0,0,34890,0,1555715,0,0,13337,0,0,734489,0,0,0,0,0,0,0,0,72.97,27.03,0.0,110873,41060,0,0,151934
NJ-09,house,NJ,09,Nelida Pou,Rosemary Pino,DEM,REP,DEM,DEM,21.57,98.2,1.8,Safe D,7.94,5.19,21.57,1.29,6.01,1.14,-1.3,22.86,False,False,,,0.0,0.0,,,0.0,projected,projected,,,0,,0.0,2661928,437829,0,1793359,39624,0,0,0,1021043,398205,0,231971,251372,0,1024879,0,0,0,0,0,0,157218,0,60.78,39.22,0.0,116452,75136,0,0,191587
NJ-10,house,NJ,10,Lamonica McIver,Carmen Bucco,DEM,REP,DEM,DEM,66.53,100.0,0.0,Safe D,56.28,5.19,66.53,2.8,1.49,0.77,48.73,17.8,False,False,,,0.0,0.0,,,0.0,projected,projected,,,0,,0.0,2136938,2270,0,814120,1018,0,0,0,1486031,1252,0,1072110,360,0,553383,0,0,0,910,0,0,0,0,83.26,16.74,0.0,148103,29767,0,0,177870
NJ-11,house,NJ,11,Analilia Mejia,Joe Hathaway,DEM,REP,DEM,DEM,20.98,97.9,2.1,Safe D,13.45,5.19,20.98,0.81,1.67,-0.14,7.93,13.05,False,False,,,0.0,0.0,,,0.0,projected,projected,,,0,,0.0,1823436,657711,0,27475,5036,0,648446,0,1795960,652675,0,633740,71416,0,336506,40500,0,7000,0,0,111426,11452,0,60.49,39.51,0.0,167081,109136,0,0,276216
NJ-12,house,NJ,12,Adam Hamawy,Gregg Mele,DEM,REP,,DEM,37.42,100.0,0.0,Safe D,29.9,5.19,37.42,2.13,0.0,0.2,23.58,13.84,False,False,,,0.0,0.0,,,0.0,projected,projected,,,0,,0.0,1533852,79425,0,91930,3084,0,1900174,0,1441921,76341,0,263767,16648,0,56806,0,0,0,53746,0,0,98552,0,68.71,31.29,0.0,158899,72363,0,0,231262
NM-01,house,NM,01,Melanie Stansbury,Ndidiamaka Okpareke,DEM,REP,DEM,DEM,26.31,99.5,0.5,Safe D,16.24,5.19,26.31,1.68,2.33,0.87,13.0,13.32,False,False,,,0.0,0.0,,,0.0,projected,projected,,,0,,0.0,1353564,100340,0,416711,42741,0,0,0,1082562,57599,0,467355,15340,0,202335,1900,0,0,0,0,0,0,0,63.16,36.84,0.0,156360,91215,0,0,247575
NM-02,house,NM,02,Gabriel Vasquez,Greg Cunningham,DEM,REP,DEM,DEM,14.82,92.5,7.5,Likely D,3.39,5.19,16.73,0.67,5.64,1.83,-1.84,16.66,False,False,,,0.0,0.0,,,0.0,projected,projected,44.0,43.0,1,4.0,0.15,3784102,1510080,0,2378703,794187,0,0,0,1444484,715893,0,385490,142850,0,990919,158100,0,0,0,0,0,0,0,57.41,42.59,0.0,109199,81014,0,0,190214
NM-03,house,NM,03,Teresa Leger Fernandez,Martin Zamora,DEM,REP,DEM,DEM,23.33,98.8,1.2,Safe D,10.0,5.19,23.33,0.73,6.72,0.69,5.32,18.01,False,False,,,0.0,0.0,,,0.0,projected,projected,,,0,,0.0,1249949,440623,0,666975,242569,0,0,0,990899,198054,0,114676,23608,0,212450,14200,0,0,0,0,0,0,0,61.66,38.34,0.0,128624,79964,0,0,208588
NV-01,house,NV,01,Dina Titus,Carrie Buck,DEM,REP,DEM,DEM,16.73,94.8,5.2,Likely D,5.88,5.19,16.73,-0.16,5.03,0.79,2.3,14.43,False,False,,,0.0,0.0,,,0.0,projected,projected,,,0,,0.0,1537358,1915058,0,1337525,653588,0,0,0,355197,1261470,0,50654,526707,0,766723,138100,0,0,3732,0,4000,24440,0,58.36,41.64,0.0,136959,97706,0,0,234665
NV-02,house,NV,02,Teresa Benitez-Thompson,David Flippo,DEM,REP,,REP,-6.46,26.5,73.5,Lean R,-11.94,5.19,-8.09,-1.32,0.0,-0.02,-14.26,7.8,False,False,,,0.0,0.0,,,0.0,confirmed,confirmed,48.0,46.0,1,2.0,0.162,257087,2275392,0,140607,117883,0,399937,653802,116479,2172225,0,57268,16480,0,23100,66500,0,20000,1675000,0,27163,1614965,0,46.77,53.23,0.0,137814,156837,0,0,294652
NV-03,house,NV,03,Susie Lee,Marty O'Donnell,DEM,REP,DEM,DEM,12.2,88.2,11.8,Likely D,2.99,5.19,12.2,0.06,3.88,0.08,-0.75,12.95,False,False,,,0.0,0.0,,,0.0,projected,projected,,,0,,0.0,4401421,4055410,0,3689228,2409434,0,0,0,1178847,1645976,0,246965,189257,0,1306593,271905,0,0,3007000,0,0,3000000,0,56.1,43.9,0.0,151242,118353,0,0,269595
NV-04,house,NV,04,Steven Horsford,Cody Whipple,DEM,REP,DEM,DEM,17.99,96.0,4.0,Safe D,5.92,5.19,17.99,0.97,5.12,0.79,2.37,15.62,False,False,,,0.0,0.0,,,0.0,confirmed,confirmed,,,0,,0.0,3350563,884687,0,1496222,285221,0,0,0,1860631,599467,0,209416,215816,0,1788353,7000,0,0,320119,0,22500,430235,0,58.99,41.01,0.0,141675,98480,0,0,240155
NY-01,house,NY,01,Christopher Gallant,Nick LaLota,DEM,REP,REP,REP,-3.09,38.2,61.8,Lean R,-8.26,5.19,-2.58,0.0,0.78,-0.29,-10.19,7.1,False,False,,,0.0,0.0,,,0.0,confirmed,confirmed,38.0,41.0,1,-6.0,0.15,647598,0,0,172217,0,0,0,0,475381,0,0,100617,0,0,11100,0,0,3500,0,0,0,0,0,48.45,51.55,0.0,145667,154957,0,0,300624
NY-02,house,NY,02,Patrick Halpin,Andrew Garbarino,DEM,REP,REP,REP,-11.21,13.8,86.2,Likely R,-11.11,5.19,-11.21,-1.46,-4.23,0.4,-14.08,2.87,False,False,,,0.0,0.0,,,0.0,projected,projected,,,0,,0.0,461848,3513016,0,89408,3458915,0,0,0,372440,1599708,0,50667,5584,0,9950,1805000,0,7000,0,0,0,0,0,44.4,55.6,0.0,112544,140952,0,0,253496
NY-03,house,NY,03,Tom Suozzi,Mike LiPetri,DEM,REP,DEM,DEM,15.11,92.9,7.1,Likely D,-0.15,5.19,15.11,0.87,9.48,-0.28,-4.35,19.46,False,False,,,0.0,0.0,,,0.0,projected,projected,,,0,,0.0,5456698,1666542,0,5679950,724376,0,0,0,1811089,957956,0,203262,199352,0,1584043,209500,0,0,0,0,0,56746,0,57.56,42.44,0.0,152411,112393,0,0,264804
NY-04,house,NY,04,Laura Gillen,Marvin Suber Williams,DEM,REP,DEM,REP,14.86,92.5,7.5,Likely D,4.94,5.19,17.13,2.49,4.21,0.3,1.29,13.56,False,False,,,0.0,0.0,,,0.0,projected,projected,46.0,41.0,1,2.0,0.15,5097222,137263,0,3843824,1036,0,0,0,1276602,136228,0,325671,956,0,1032059,0,0,0,121000,0,0,0,0,57.43,42.57,0.0,156233,115816,0,0,272049
NY-05,house,NY,05,Gregory Meeks,Aaron Cherry,DEM,REP,DEM,DEM,58.6,100.0,0.0,Safe D,48.87,5.19,58.6,0.0,3.89,0.65,42.8,15.8,False,False,,,0.0,0.0,,,0.0,projected,projected,,,0,,0.0,1744888,0,0,2010350,0,0,0,0,1963090,0,0,1965,0,0,928255,0,0,0,0,0,0,0,0,79.3,20.7,0.0,134333,35067,0,0,169400
NY-06,house,NY,06,Grace Meng,Juan Pagan,DEM,REP,DEM,DEM,29.3,99.8,0.2,Safe D,13.64,5.19,29.3,0.0,10.25,0.22,6.53,22.77,False,False,,,0.0,0.0,,,0.0,projected,projected,,,0,,0.0,2033045,0,0,1034068,0,0,0,0,1967862,0,0,22020,0,0,574800,0,0,0,0,0,0,0,0,64.65,35.35,0.0,94741,51802,0,0,146543
NY-07,house,NY,07,Claire Valdez,Republican candidate (NY-07),DEM,REP,,DEM,58.23,100.0,0.0,Safe D,52.1,5.19,58.23,0.0,0.0,0.94,47.19,11.04,False,False,,,0.0,0.0,,,0.0,confirmed,projected,,,0,,0.0,1693312,0,0,206842,0,0,956361,0,1486470,0,0,620052,0,0,44750,0,0,0,0,0,0,0,0,79.12,20.88,0.0,130153,34356,0,0,164509
NY-08,house,NY,08,Hakeem Jeffries,Richard Simmons,DEM,REP,DEM,DEM,60.83,100.0,0.0,Safe D,48.57,5.19,60.83,0.0,6.67,0.4,44.77,16.06,False,False,,,0.0,0.0,,,0.0,projected,projected,,,0,,0.0,14899981,0,0,5000460,0,0,0,0,14854086,0,0,7235721,0,0,2079150,0,0,0,0,0,0,0,0,80.42,19.58,0.0,134749,32817,0,0,167566
NY-09,house,NY,09,Yvette Clarke,Jean Depalis,DEM,REP,DEM,DEM,61.83,100.0,0.0,Safe D,45.32,5.19,61.83,2.27,8.81,0.23,41.39,20.43,False,False,,,0.0,0.0,,,0.0,projected,projected,,,0,,0.0,1013953,6202,0,30978,1055,0,289695,0,1093030,4169,0,27671,0,0,581951,0,0,0,2301,0,95704,3552,0,80.91,19.09,0.0,141829,33457,0,0,175286
NY-10,house,NY,10,Brad Lander,Gavin Solomon,DEM,REP,,DEM,70.36,100.0,0.0,Safe D,65.16,5.19,70.36,0.0,0.0,0.01,61.89,8.47,False,False,,,0.0,0.0,,,0.0,confirmed,projected,,,0,,0.0,2455130,0,0,55336,0,0,432138,219039,2399794,0,0,659707,0,0,49000,0,0,0,0,0,0,0,0,85.18,14.82,0.0,165143,28733,0,0,193876
NY-11,house,NY,11,Troy McGhie,Nicole Malliotakis,DEM,REP,REP,REP,-20.15,2.5,97.5,Safe R,-20.11,5.19,-20.15,-2.3,-2.82,-0.1,-24.83,4.68,False,False,,,0.0,0.0,,,0.0,projected,projected,,,0,,0.0,79597,2750505,0,0,2767340,0,0,0,79597,1329411,0,34279,210566,0,1500,1072300,0,250,0,0,0,0,0,39.93,60.07,0.0,76222,114686,0,0,190908
NY-12,house,NY,12,Micah Lasher,Amy Jordan,DEM,REP,,DEM,73.48,100.0,0.0,Safe D,67.26,5.19,73.48,1.42,0.0,-0.39,64.9,8.58,False,False,,,0.0,0.0,,,0.0,confirmed,projected,,,0,,0.0,3315975,58897,0,1088073,0,0,11999039,3017410,2232656,58897,0,90223,1095,0,22000,0,0,500000,53500,0,500000,0,0,86.74,13.26,0.0,205863,31474,0,0,237337
NY-13,house,NY,13,Darializa Avila Chevalier,Republican candidate (NY-13),DEM,REP,,DEM,72.98,100.0,0.0,Safe D,65.95,5.19,72.98,0.0,0.0,1.84,60.27,12.7,False,False,,,0.0,0.0,,,0.0,confirmed,projected,,,0,,0.0,1354602,0,0,222087,0,0,1887856,1530657,1132514,0,0,416612,0,0,26603,0,0,0,0,0,0,0,0,86.49,13.51,0.0,145023,22655,0,0,167678
NY-14,house,NY,14,Alexandria Ocasio-Cortez,Tina Forte,DEM,REP,DEM,DEM,48.71,100.0,0.0,Safe D,39.54,5.19,48.71,2.73,-0.49,1.73,32.37,16.34,False,False,,,0.0,0.0,,,0.0,projected,projected,,,0,,0.0,32607754,803141,0,15960932,2738,0,0,0,20381469,882618,0,21547856,570124,0,28050,0,0,0,0,0,0,15000,0,74.35,25.65,0.0,105720,36466,0,0,142186
NY-15,house,NY,15,Ritchie Torres,Republican candidate (NY-15),DEM,REP,DEM,DEM,69.43,100.0,0.0,Safe D,55.76,5.19,69.43,0.0,6.49,1.99,48.81,20.62,False,False,,,0.0,0.0,,,0.0,projected,projected,,,0,,0.0,6908655,0,0,13986721,0,0,3857427,0,4345916,0,0,129722,0,0,700550,0,0,0,0,0,0,0,0,84.72,15.28,0.0,110799,19989,0,0,130788
NY-16,house,NY,16,George Latimer,Republican candidate (NY-16),DEM,REP,DEM,DEM,50.14,100.0,0.0,Safe D,36.73,5.19,50.14,0.0,7.51,0.71,33.31,16.83,False,False,,,0.0,0.0,,,0.0,projected,projected,,,0,,0.0,513967,0,0,100662,0,0,0,0,605959,0,0,47572,0,0,189650,0,0,0,0,0,0,0,0,75.07,24.93,0.0,171469,56939,0,0,228409
NY-17,house,NY,17,Cait Conley,Mike Lawler,DEM,REP,REP,REP,3.36,62.8,37.2,Lean D,3.3,5.19,4.03,-0.42,-4.09,0.06,0.56,2.8,False,False,,,0.0,0.0,,,0.0,confirmed,confirmed,47.26,47.73,3,0.04,0.169,4317457,8172046,0,1319156,4841306,0,1749553,1500000,2998301,3500108,0,707036,426203,0,422990,1926075,0,7000,0,0,0,0,0,51.68,48.32,0.0,140847,131693,0,0,272540
NY-18,house,NY,18,Pat Ryan,Sharanjit Thind,DEM,REP,DEM,DEM,16.43,94.5,5.5,Likely D,4.71,5.19,18.62,0.0,8.76,-0.04,3.35,13.07,False,False,,,0.0,0.0,,,0.0,projected,projected,42.0,35.0,1,4.0,0.15,4723627,0,0,3116479,0,0,0,0,1774339,0,0,245625,0,0,526547,0,0,0,0,0,0,0,0,58.21,41.79,0.0,151350,108643,0,0,259993
NY-19,house,NY,19,Josh Riley,Peter Oberacker,DEM,REP,DEM,DEM,13.44,90.4,9.6,Likely D,2.46,5.19,13.44,1.0,5.47,-0.68,1.8,11.64,False,False,,,0.0,0.0,,,0.0,projected,projected,,,0,,0.0,4825666,1237179,0,3190954,392868,0,60445,0,1703032,844311,0,437652,240815,0,743543,259000,0,0,130000,0,0,100000,0,56.72,43.28,0.0,152827,116605,0,0,269432
NY-20,house,NY,20,Paul Tonko,Ralph Ambrosio,DEM,REP,DEM,DEM,29.42,99.8,0.2,Safe D,15.58,5.19,29.42,1.91,7.34,-0.6,14.32,15.1,False,False,,,0.0,0.0,,,0.0,projected,projected,,,0,,0.0,957587,29026,0,404327,8119,0,0,0,1152761,20907,0,97613,7657,0,616955,1335,0,0,0,0,0,0,0,64.71,35.29,0.0,169379,92375,0,0,261754
NY-21,house,NY,21,Blake Gendebien,Anthony Constantino,DEM,REP,,REP,-13.77,9.1,90.9,Likely R,-19.4,5.19,-15.49,-0.4,0.0,-0.87,-20.76,6.99,False,False,,,0.0,0.0,,,0.0,confirmed,confirmed,44.0,45.0,1,-4.0,0.15,5461528,9460254,0,2622585,3036386,0,121618,40000,3091285,8730755,0,2589744,0,0,60400,7000,0,125,9400000,0,0,12000000,0,43.12,56.88,0.0,107776,142184,0,0,249961
NY-22,house,NY,22,John Mannion,John Lemondes,DEM,REP,DEM,DEM,24.13,99.0,1.0,Safe D,8.72,5.19,24.13,2.56,8.35,-0.69,7.69,16.44,False,False,,,0.0,0.0,,,0.0,projected,projected,,,0,,0.0,2694739,41022,0,1842997,409,0,71377,0,979983,40613,0,301510,4553,0,831621,5025,0,0,0,0,0,0,0,62.07,37.93,0.0,157502,96262,0,0,253764
NY-23,house,NY,23,Aaron Gies,Nick Langworthy,DEM,REP,REP,REP,-21.76,1.7,98.3,Safe R,-20.68,5.19,-21.76,-1.61,-3.78,-0.88,-21.19,-0.57,False,False,,,0.0,0.0,,,0.0,projected,projected,,,0,,0.0,227174,2326405,0,17795,2477498,0,0,0,203235,942715,0,64461,58551,0,0,1032142,0,0,0,0,0,0,0,39.12,60.88,0.0,108196,168385,0,0,276581
NY-24,house,NY,24,Alissa Ellman,Claudia Tenney,DEM,REP,REP,REP,-22.31,1.5,98.5,Safe R,-22.54,5.19,-22.31,-1.84,-2.27,-0.85,-23.24,0.92,False,False,,,0.0,0.0,,,0.0,projected,projected,,,0,,0.0,193088,2763139,0,12850,1373087,0,0,0,180238,1745055,0,76636,296718,0,7600,1220160,0,27597,0,0,17597,0,0,38.84,61.16,0.0,102156,160840,0,0,262996
NY-25,house,NY,25,Joe Morelle,Virginia McIntyre,DEM,REP,DEM,DEM,27.87,99.7,0.3,Safe D,19.3,5.19,27.87,2.4,1.39,-0.42,18.65,9.21,False,False,,,0.0,0.0,,,0.0,projected,projected,,,0,,0.0,1786904,32416,0,408038,12261,0,571931,0,1759070,20155,0,61270,6308,0,853475,2000,0,0,0,0,0,0,0,63.93,36.07,0.0,168252,94918,0,0,263169
NY-26,house,NY,26,Timothy Kennedy,Republican candidate (NY-26),DEM,REP,DEM,DEM,36.64,100.0,0.0,Safe D,21.0,5.19,36.64,0.0,10.93,-0.48,19.56,17.08,False,False,,,0.0,0.0,,,0.0,projected,projected,,,0,,0.0,2310288,0,0,1213878,0,0,0,0,1435475,0,0,57306,0,0,575739,0,0,0,0,0,0,0,0,68.32,31.68,0.0,162503,75347,0,0,237850
OH-01,house,OH,01,Greg Landsman,Eric Conroy,DEM,REP,DEM,DEM,11.31,86.4,13.6,Likely D,1.38,5.19,11.31,0.77,4.61,-0.64,-2.62,13.93,False,False,,,0.0,0.0,,,0.0,projected,projected,,,0,,0.0,4633250,1513614,0,3610214,474156,0,0,351300,1203152,1039457,0,242861,300934,0,976688,282647,0,0,326142,0,0,394102,0,55.66,44.34,0.0,154764,123307,0,0,278071
OH-02,house,OH,02,Jennifer Mazzuckelli,David Taylor,DEM,REP,REP,REP,-36.63,0.0,100.0,Safe R,-38.22,5.19,-36.63,0.0,-2.62,-0.98,-42.48,5.85,False,False,,,0.0,0.0,,,0.0,projected,projected,,,0,,0.0,0,1095248,0,0,442977,0,0,0,0,780078,0,0,151894,0,0,429000,0,0,0,0,0,1707300,0,31.68,68.32,0.0,83394,179822,0,0,263215
OH-03,house,OH,03,Joyce Beatty,Republican candidate (OH-03),DEM,REP,DEM,DEM,52.26,100.0,0.0,Safe D,44.86,5.19,52.26,0.0,2.61,-0.39,40.65,11.61,False,False,,,0.0,0.0,,,0.0,projected,projected,,,0,,0.0,1201451,0,0,2776821,0,0,0,0,1137204,0,0,25836,0,0,889517,0,0,0,0,0,2500,0,0,76.13,23.87,0.0,190970,59873,0,0,250842
OH-04,house,OH,04,Tamara Wilson,Jim Jordan,DEM,REP,REP,REP,-39.03,0.0,100.0,Safe R,-38.98,5.19,-39.03,-3.15,-1.21,-0.87,-43.01,3.98,False,False,,,0.0,0.0,,,0.0,projected,projected,,,0,,0.0,22050,4774322,0,520820,6030301,0,0,0,0,6230902,0,16879,1950436,0,0,529815,0,0,0,0,0,0,0,30.49,69.51,0.0,84577,192858,0,0,277434
OH-05,house,OH,05,Daniel Burket,Bob Latta,DEM,REP,REP,REP,-22.82,1.3,98.7,Safe R,-19.67,5.19,-22.82,-2.45,-5.23,-0.66,-23.97,1.15,False,False,,,0.0,0.0,,,0.0,projected,projected,,,0,,0.0,7551,1461648,0,0,1040964,0,0,0,7551,1038450,0,4752,34441,0,0,810650,0,1299,0,0,0,0,0,38.59,61.41,0.0,104678,166591,0,0,271270
OH-06,house,OH,06,Malcolm Ritchie,Michael Rulli,DEM,REP,REP,REP,-28.89,0.3,99.7,Safe R,-29.89,5.19,-28.89,-2.12,-1.23,-0.84,-34.9,6.01,False,False,,,0.0,0.0,,,0.0,projected,projected,,,0,,0.0,19728,1127553,0,0,284711,0,0,0,19728,913479,0,5531,9740,0,250,705286,0,11415,0,0,0,0,0,35.55,64.45,0.0,90971,164892,0,0,255863
OH-07,house,OH,07,Brian Poindexter,Max Miller,DEM,REP,REP,REP,-5.36,30.1,69.9,Lean R,-7.42,5.19,-5.6,-0.51,-2.0,-0.86,-11.15,5.78,False,False,,,0.0,0.0,,,0.0,projected,projected,43.0,44.0,1,-4.0,0.15,603156,2142562,0,312290,1379132,0,1386913,41674,290865,937959,0,148902,165677,0,162073,656841,0,1421,0,0,0,970000,0,47.32,52.68,0.0,141120,157113,0,0,298234
OH-08,house,OH,08,Vanessa Enoch,Warren Davidson,DEM,REP,REP,REP,-9.13,18.8,81.2,Likely R,-12.43,5.19,-9.13,0.0,-1.23,-0.67,-15.78,6.64,False,False,,,0.0,0.0,,,0.0,projected,projected,,,0,,0.0,0,661353,0,2987,529910,0,0,0,0,526145,0,11204,6597,0,14192,273950,0,0,0,0,0,0,0,45.43,54.57,0.0,128036,153775,0,0,281811
OH-09,house,OH,09,Marcy Kaptur,Derek Merrin,DEM,REP,DEM,DEM,8.96,80.8,19.2,Likely D,-6.02,5.19,10.72,0.77,11.37,-0.59,-10.68,19.64,False,False,,,0.0,0.0,,,0.0,projected,projected,43.0,47.0,1,-1.0,0.15,4303416,1508953,0,3491668,531214,0,86000,37000,1260674,1054389,0,448413,88590,0,1126725,116900,0,0,310000,0,0,88352,0,54.48,45.52,0.0,145351,121446,0,0,266797
OH-10,house,OH,10,Kristina Knickerbocker,Mike Turner,DEM,REP,REP,REP,-9.86,16.9,83.1,Likely R,-4.02,5.19,-10.1,-0.62,-9.99,-0.65,-7.86,-2.0,False,False,,,0.0,0.0,,,0.0,projected,projected,41.05,47.01,2,-8.95,0.206,362666,894595,0,125160,556284,0,0,0,237506,768735,0,75520,48775,0,26500,399000,0,7028,0,0,48362,0,0,45.07,54.93,0.0,119617,145786,0,0,265403
OH-11,house,OH,11,Shontel Brown,Mike Kirchner,DEM,REP,DEM,DEM,70.16,100.0,0.0,Safe D,60.03,5.19,70.16,0.0,4.98,-0.04,55.47,14.69,False,False,,,0.0,0.0,,,0.0,projected,projected,,,0,,0.0,1183643,0,0,1156556,0,0,0,0,882901,0,0,39308,0,0,723196,0,0,0,0,0,0,0,0,85.08,14.92,0.0,190891,33473,0,0,224365
OH-12,house,OH,12,Jerrad Christian,Troy Balderson,DEM,REP,REP,REP,-26.21,0.5,99.5,Safe R,-26.73,5.19,-26.21,-1.94,-1.79,-0.93,-30.36,4.15,False,False,,,0.0,0.0,,,0.0,projected,projected,,,0,,0.0,84378,1743281,0,18925,1982352,0,0,0,69210,767354,0,54369,16715,0,2250,1040300,0,0,0,0,0,0,0,36.9,63.1,0.0,105930,181171,0,0,287101
OH-13,house,OH,13,Emilia Sykes,Carey Coleman,DEM,REP,DEM,DEM,18.29,96.2,3.8,Safe D,7.53,5.19,18.29,2.17,4.16,-0.76,3.32,14.97,False,False,,,0.0,0.0,,,0.0,projected,projected,,,0,,0.0,3135891,127109,0,1897462,77727,0,0,0,1361107,49382,0,414239,32140,0,1006777,8000,0,0,51000,0,0,57778,0,59.14,40.86,0.0,161611,111637,0,0,273248
OH-14,house,OH,14,Maria Jukic,David Joyce,DEM,REP,REP,REP,-20.34,2.4,97.6,Safe R,-16.09,5.19,-20.34,-1.93,-6.65,-0.87,-20.53,0.19,False,False,,,0.0,0.0,,,0.0,projected,projected,,,0,,0.0,61678,1410643,0,33693,3121595,0,0,12000,19515,1031924,0,23317,20291,0,0,967101,0,80,0,0,9012,0,0,39.83,60.17,0.0,115263,174142,0,0,289404
OH-15,house,OH,15,Don Leonard,Mike Carey,DEM,REP,REP,REP,-6.17,27.4,72.6,Lean R,-6.15,5.19,-6.17,-1.22,-3.35,-0.65,-10.11,3.94,False,False,,,0.0,0.0,,,0.0,confirmed,confirmed,,,0,,0.0,606658,3299678,0,252402,2056713,0,0,0,354256,1404260,0,90488,51245,0,11250,1742650,0,11920,0,0,10000,0,0,46.91,53.09,0.0,118433,134020,0,0,252454
OK-01,house,OK,01,John Croisant,Jackson Lahmeyer,DEM,REP,,REP,-17.97,4.1,95.9,Safe R,-21.74,5.19,-17.97,-0.85,0.0,-0.56,-22.0,4.03,False,False,,,0.0,0.0,,,0.0,projected,projected,,,0,,0.0,141972,415914,0,36579,10742,0,24500,478722,105393,405172,0,46686,47089,0,0,30000,0,1000,108078,0,0,60000,0,41.02,58.98,0.0,90438,130059,0,0,220496
OK-02,house,OK,02,Erik Terwey,Josh Brecheen,DEM,REP,REP,REP,-52.51,0.0,100.0,Safe R,-55.01,5.19,-52.51,-1.1,-0.28,-1.31,-56.51,4.0,False,False,,,0.0,0.0,,,0.0,projected,projected,,,0,,0.0,11759,218894,0,2507,76064,0,0,0,9252,213526,0,7038,4729,0,0,110008,0,600,0,0,0,0,0,23.75,76.25,0.0,54123,173811,0,0,227935
OK-03,house,OK,03,Jules Roberson,Frank Lucas,DEM,REP,REP,REP,-46.44,0.0,100.0,Safe R,-44.71,5.19,-46.44,-2.2,-4.46,-0.26,-45.69,-0.75,False,False,,,0.0,0.0,,,0.0,projected,projected,,,0,,0.0,945,907279,0,511,532512,0,0,0,434,993052,0,340,4066,0,0,674481,0,105,0,0,0,0,0,26.78,73.22,0.0,51525,140875,0,0,192401
OK-04,house,OK,04,Mitchell Jacob,Tom Cole,DEM,REP,REP,REP,-35.78,0.0,100.0,Safe R,-32.74,5.19,-35.78,-2.65,-4.87,-0.71,-33.57,-2.21,False,False,,,0.0,0.0,,,0.0,projected,projected,,,0,,0.0,65289,3827891,0,4166,2599733,0,0,250000,61123,3008432,0,15682,109109,0,0,1568079,0,23231,0,0,22500,0,0,32.11,67.89,0.0,69970,147952,0,0,217922
OK-05,house,OK,05,Jena Nelson,Stephanie Bice,DEM,REP,REP,REP,-17.83,4.2,95.8,Safe R,-18.5,5.19,-17.83,-1.04,-2.87,-0.62,-18.66,0.83,False,False,,,0.0,0.0,,,0.0,projected,projected,,,0,,0.0,449421,1943507,0,17334,2021981,0,0,0,432087,1007476,0,174155,41602,0,3500,973750,0,0,0,0,38312,0,0,41.08,58.92,0.0,97564,139905,0,0,237469
OR-01,house,OR,01,Suzanne Bonamici,Barbara Kahl,DEM,REP,DEM,DEM,49.64,100.0,0.0,Safe D,38.9,5.19,49.64,2.08,3.85,-0.38,39.2,10.43,False,False,,,0.0,0.0,,,0.0,projected,projected,,,0,,0.0,816770,4466,0,572435,212,0,0,0,790299,3555,0,58564,1246,0,423600,500,0,0,0,0,0,10870,0,74.82,25.18,0.0,192749,64877,0,0,257626
OR-02,house,OR,02,Chris Beck,Cliff Bentz,DEM,REP,REP,REP,-28.84,0.3,99.7,Safe R,-27.93,5.19,-28.84,-1.49,-4.12,-0.49,-27.9,-0.94,False,False,,,0.0,0.0,,,0.0,projected,projected,,,0,,0.0,94774,1011413,0,53777,1420775,0,0,0,40996,646983,0,20945,44713,0,7850,561542,0,0,0,0,1307,0,0,35.58,64.42,0.0,91511,165686,0,0,257197
OR-03,house,OR,03,Maxine Dexter,Loran Ayles,DEM,REP,DEM,DEM,55.34,100.0,0.0,Safe D,47.47,5.19,55.34,0.0,3.05,-0.37,47.61,7.73,False,False,,,0.0,0.0,,,0.0,projected,projected,,,0,,0.0,1038514,0,0,173687,0,0,0,0,887314,0,0,92790,0,0,350972,0,0,0,0,0,0,0,0,77.67,22.33,0.0,191181,54962,0,0,246143
OR-04,house,OR,04,Valerie Hoyle,Monique Despain,DEM,REP,DEM,DEM,17.18,95.2,4.8,Safe D,11.97,5.19,17.18,0.47,0.25,-0.71,12.44,4.74,False,False,,,0.0,0.0,,,0.0,projected,projected,,,0,,0.0,1222922,677571,0,520840,387695,0,292419,0,791472,289876,0,65059,93427,0,609627,24999,0,0,30434,0,0,30000,0,58.59,41.41,0.0,160490,113426,0,0,273916
OR-05,house,OR,05,Janelle Bynum,Patti Adair,DEM,REP,DEM,REP,16.8,94.9,5.1,Likely D,8.2,5.19,16.8,1.57,2.47,-0.63,8.92,7.88,False,False,,,0.0,0.0,,,0.0,confirmed,confirmed,,,0,,0.0,3760212,423922,0,2715860,135365,0,60445,0,1089484,288556,0,476165,103182,0,1145915,3750,0,0,7144,0,0,27361,0,58.4,41.6,0.0,169891,121021,0,0,290912
OR-06,house,OR,06,Andrea Salinas,David Russ,DEM,REP,DEM,DEM,18.17,96.1,3.9,Safe D,11.43,5.19,18.17,2.46,-0.75,-0.15,11.74,6.43,False,False,,,0.0,0.0,,,0.0,projected,projected,,,0,,0.0,1613394,12791,0,611103,1855,0,0,0,1063766,25206,0,183489,284,0,669120,5000,0,7,2000,0,0,2000,0,59.08,40.92,0.0,145337,100643,0,0,245980
PA-01,house,PA,01,Robert Harvie,Brian Fitzpatrick,DEM,REP,REP,REP,-1.7,43.5,56.5,Toss-up,6.04,5.19,-0.44,-0.89,-10.04,-0.73,0.33,-2.03,False,False,,,0.0,0.0,,,0.0,confirmed,confirmed,41.97,47.81,2,-8.83,0.15,2007499,6734931,0,794921,6355534,0,18922,10609,1212578,4801927,0,411567,116186,0,225963,2240827,0,0,0,0,0,24750,0,49.15,50.85,0.0,163000,168625,0,0,331625
PA-02,house,PA,02,Brendan Boyle,Jessica Arriaga,DEM,REP,DEM,DEM,55.83,100.0,0.0,Safe D,43.31,5.19,55.83,0.0,6.83,0.49,36.13,19.7,False,False,,,0.0,0.0,,,0.0,projected,projected,,,0,,0.0,2451958,0,0,5560518,0,0,0,0,729723,0,0,18411,0,0,970785,0,0,0,0,0,0,0,0,77.91,22.09,0.0,160767,45573,0,0,206340
PA-03,house,PA,03,Chris Rabb,Alexander Schnell,DEM,REP,,DEM,92.09,100.0,0.0,Safe D,84.09,5.19,92.09,2.85,0.0,-0.04,78.22,13.87,False,False,,,0.0,0.0,,,0.0,projected,projected,,,0,,0.0,1329253,81,0,21452,22,0,2602769,0,1307802,59,0,310928,0,0,87864,0,0,0,81,0,42000,0,0,96.05,3.95,0.0,263701,10857,0,0,274558
PA-04,house,PA,04,Madeleine Dean,Aurora Stuski,DEM,REP,DEM,DEM,29.6,99.8,0.2,Safe D,21.33,5.19,29.6,0.0,3.75,-0.67,15.97,13.63,False,False,,,0.0,0.0,,,0.0,projected,projected,,,0,,0.0,1371536,0,0,1184807,0,0,0,0,1155470,0,0,140831,0,0,725200,0,0,0,0,0,0,0,0,64.8,35.2,0.0,212203,115269,0,0,327471
PA-05,house,PA,05,Mary Scanlon,Melvin Johnakin,DEM,REP,DEM,DEM,42.4,100.0,0.0,Safe D,34.56,5.19,42.4,0.0,3.07,-0.42,28.94,13.46,False,False,,,0.0,0.0,,,0.0,projected,projected,,,0,,0.0,990586,0,0,448590,0,0,0,0,859742,0,0,73979,0,0,449092,0,0,0,0,0,0,0,0,71.2,28.8,0.0,208688,84413,0,0,293101
PA-06,house,PA,06,Chrissy Houlahan,Martin Young,DEM,REP,DEM,DEM,25.9,99.4,0.6,Safe D,16.86,5.19,25.9,1.03,3.03,-0.21,11.53,14.37,False,False,,,0.0,0.0,,,0.0,projected,projected,,,0,,0.0,1763415,411270,0,4037759,213449,0,0,0,1131269,197822,0,131686,10915,0,523250,3548,0,0,100000,0,0,25000,0,62.95,37.05,0.0,187306,110249,0,0,297555
PA-07,house,PA,07,Bob Brooks,Ryan Mackenzie,DEM,REP,REP,REP,2.98,61.4,38.6,Lean D,2.37,5.19,3.33,-0.22,-3.92,-0.09,-3.24,6.22,False,False,,,0.0,0.0,,,0.0,confirmed,confirmed,47.0,43.0,1,1.0,0.15,2392215,4357405,0,1018423,2938717,0,2726491,312372,1373792,1521928,0,599387,554134,0,408000,1047913,0,3500,0,0,15000,22583,0,51.49,48.51,0.0,148125,139556,0,0,287681
PA-08,house,PA,08,Paige Cognetti,Rob Bresnahan,DEM,REP,REP,DEM,0.69,52.7,47.3,Toss-up,-2.66,5.19,1.07,-0.09,-1.0,-0.37,-8.58,9.26,False,False,,,0.0,0.0,,,0.0,confirmed,confirmed,46.51,45.0,3,-1.49,0.15,4609589,5234586,0,3406710,2608048,0,104423,0,1202879,2679690,0,620354,608239,0,436327,1383927,0,0,55536,0,0,777068,0,50.34,49.66,0.0,137769,135888,0,0,273657
PA-09,house,PA,09,Rachel Wallace,Dan Meuser,DEM,REP,REP,REP,-32.53,0.1,99.9,Safe R,-33.36,5.19,-32.53,-0.72,-2.87,-0.77,-38.27,5.74,False,False,,,0.0,0.0,,,0.0,projected,projected,,,0,,0.0,697865,1903078,0,386883,170733,0,0,0,310982,1765991,0,171661,6655,0,42800,792000,0,0,0,0,0,250000,0,33.73,66.27,0.0,94101,184842,0,0,278943
PA-10,house,PA,10,Janelle Stelson,Scott Perry,DEM,REP,REP,REP,9.52,82.2,17.8,Likely D,-0.56,5.19,10.69,0.15,6.4,-0.48,-5.29,14.81,False,False,,,0.0,0.0,,,0.0,projected,projected,50.81,44.94,3,2.87,0.15,6364069,5194925,0,4478639,2845976,0,97404,107526,1900667,2430869,0,1057743,1408838,0,495435,655127,0,0,0,0,0,335158,0,54.76,45.24,0.0,157861,130414,0,0,288275
PA-11,house,PA,11,Nancy Mannion,Lloyd Smucker,DEM,REP,REP,REP,-16.77,5.2,94.8,Likely R,-17.05,5.19,-16.77,-1.34,-2.99,-0.58,-21.57,4.81,False,False,,,0.0,0.0,,,0.0,projected,projected,,,0,,0.0,214230,1524161,0,47150,810787,0,0,0,167079,1617466,0,51165,5708,0,7250,803667,0,47457,0,0,0,0,0,41.62,58.38,0.0,120175,168594,0,0,288768
PA-12,house,PA,12,Summer Lee,Leonard Fechter,DEM,REP,DEM,DEM,29.85,99.8,0.2,Safe D,24.32,5.19,29.85,2.34,-1.29,-0.71,19.36,10.49,False,False,,,0.0,0.0,,,0.0,projected,projected,,,0,,0.0,1466287,17477,0,1649288,6805,0,43068,0,828578,10672,0,381058,979,0,207105,0,0,0,0,0,0,0,0,64.93,35.07,0.0,195102,105392,0,0,300494
PA-13,house,PA,13,Elizabeth Farnham,John Joyce,DEM,REP,REP,REP,-40.75,0.0,100.0,Safe R,-41.13,5.19,-40.75,-2.37,-1.57,-0.87,-45.91,5.16,False,False,,,0.0,0.0,,,0.0,projected,projected,,,0,,0.0,55347,2418119,0,16053,3759995,0,0,0,40056,1258262,0,22129,1699,0,2217,1402618,0,168,0,0,0,0,0,29.63,70.37,0.0,85694,203552,0,0,289246
PA-14,house,PA,14,David Bradstock,Guy Reschenthaler,DEM,REP,REP,REP,-27.23,0.4,99.6,Safe R,-28.34,5.19,-27.23,-2.12,-1.01,-0.94,-33.59,6.36,False,False,,,0.0,0.0,,,0.0,projected,projected,,,0,,0.0,201421,4209644,0,34707,990681,0,0,0,166713,3768044,0,56725,1004693,0,17908,1167150,0,2000,0,0,0,0,0,36.39,63.61,0.0,107379,187735,0,0,295114
PA-15,house,PA,15,Raymond Bilger,Glenn Thompson,DEM,REP,REP,REP,-34.75,0.0,100.0,Safe R,-33.22,5.19,-34.75,-1.73,-4.07,-0.92,-38.3,3.55,False,False,,,0.0,0.0,,,0.0,projected,projected,,,0,,0.0,139521,1851459,0,87343,829752,0,1788,0,52178,1813501,0,41802,38674,0,2250,1037568,0,1100,0,0,0,0,0,32.63,67.37,0.0,90819,187547,0,0,278366
PA-16,house,PA,16,Justin Wagner,George Kelly,DEM,REP,REP,REP,-17.91,4.1,95.9,Safe R,-17.71,5.19,-17.91,-1.76,-2.74,-0.89,-22.97,5.06,False,False,,,0.0,0.0,,,0.0,projected,projected,,,0,,0.0,66591,1168433,0,37534,1329347,0,0,0,34058,881774,0,30195,2279,0,50,874667,0,620,0,0,0,90000,0,41.05,58.95,0.0,120037,172399,0,0,292436
PA-17,house,PA,17,Chris Deluzio,Jesse Vodvarka,DEM,REP,DEM,DEM,21.88,98.3,1.7,Safe D,10.2,5.19,21.88,2.76,4.58,-0.84,5.56,16.32,False,False,,,0.0,0.0,,,0.0,projected,projected,,,0,,0.0,2776943,21506,0,1073975,839,0,0,0,2056640,20667,0,749578,424,0,512370,0,0,0,19000,0,0,19000,0,60.94,39.06,0.0,195007,124979,0,0,319987
RI-01,house,RI,01,Gabriel Amo,Republican candidate (RI-01),DEM,REP,DEM,DEM,40.94,100.0,0.0,Safe D,27.6,5.19,40.94,0.0,8.21,-0.06,22.62,18.32,False,False,,,0.0,0.0,,,0.0,projected,projected,,,0,,0.0,1507413,0,0,1734227,0,0,0,0,707833,0,0,35234,0,0,577922,0,0,0,0,0,0,0,0,70.47,29.53,0.0,116356,48758,0,0,165114
RI-02,house,RI,02,Seth Magaziner,Victor Mellor,DEM,REP,DEM,DEM,17.65,95.7,4.3,Safe D,11.74,5.19,17.65,-0.61,1.67,-0.33,6.97,10.68,False,False,,,0.0,0.0,,,0.0,projected,projected,,,0,,0.0,1249772,2893809,0,1588340,1440657,0,0,0,538397,1453152,0,48493,13634,0,471500,0,0,0,2845019,0,0,2175000,0,58.83,41.17,0.0,114260,79973,0,0,194234
SC-01,house,SC,01,Nancy Lacore,Jenny Costa Honeycutt,DEM,REP,,REP,-3.17,37.9,62.1,Lean R,-8.73,5.19,-3.27,0.72,0.0,-0.45,-13.29,10.12,False,False,LIB,,0.0,0.0,,,0.0,confirmed,confirmed,44.5,46.5,1,-5.0,0.193,2279585,556418,0,412020,78533,0,770636,1155075,1867565,477885,0,1066621,12145,0,75250,74500,0,0,13500,0,0,10000,0,47.36,50.46,2.18,132986,141696,6122,0,280804
SC-02,house,SC,02,Zyon Khalifa,Joe Wilson,DEM,REP,REP,REP,-11.53,13.2,86.8,Likely R,-9.91,5.19,-11.53,-2.01,-4.4,-0.39,-14.16,2.63,False,False,,,0.0,0.0,,,0.0,confirmed,confirmed,,,0,,0.0,12410,861105,0,218,182912,0,0,0,12192,722706,0,1827,15147,0,0,261000,0,0,200000,0,2000,0,0,44.24,55.76,0.0,113230,142730,0,0,255960
SC-03,house,SC,03,Eunice Lehmacher,Sheri Biggs,DEM,REP,REP,REP,-41.53,0.0,100.0,Safe R,-38.37,5.19,-41.53,-1.36,-6.42,-0.56,-43.62,2.09,False,False,,,0.0,0.0,,,0.0,projected,projected,,,0,,0.0,40413,505333,0,17299,218741,0,0,5979,23114,390677,0,19631,6400,0,333,291476,0,100,0,0,100,395000,0,29.24,70.76,0.0,72968,176618,0,0,249586
SC-04,house,SC,04,Courtney McClain,William Timmons,DEM,REP,REP,REP,-17.98,4.0,96.0,Safe R,-19.22,5.19,-17.98,-2.32,-1.32,-0.31,-23.95,5.97,False,False,,,0.0,0.0,,,0.0,projected,projected,,,0,,0.0,31787,1598225,0,-3075,77225,0,0,487316,37392,1541115,0,31787,2566,0,0,637500,0,0,650000,0,0,0,0,41.01,58.99,0.0,101671,146249,0,0,247920
SC-05,house,SC,05,Mallory Dittmer,Wes Climer,DEM,REP,,REP,-14.67,7.7,92.3,Likely R,-18.19,5.19,-14.67,-1.2,0.0,-0.47,-23.1,8.43,False,False,,,0.0,0.0,,,0.0,projected,projected,,,0,,0.0,139717,884284,0,74508,599621,0,0,0,65209,284663,0,41306,11650,0,100,236000,0,1209,5630,0,0,0,0,42.67,57.33,0.0,111413,149713,0,0,261126
SC-06,house,SC,06,Jim Clyburn,Republican candidate (SC-06),DEM,REP,DEM,DEM,36.24,100.0,0.0,Safe D,29.54,5.19,36.24,0.0,1.6,-0.09,23.24,13.0,False,False,,,0.0,0.0,,,0.0,projected,projected,,,0,,0.0,1225051,0,0,1634793,0,0,0,0,1429385,0,0,164655,0,0,720491,0,0,0,0,0,0,0,0,68.12,31.88,0.0,149162,69813,0,0,218975
SC-07,house,SC,07,John Vincent,Russell Fry,DEM,REP,REP,REP,-21.42,1.9,98.1,Safe R,-20.79,5.19,-21.42,-1.22,-4.12,-0.48,-26.62,5.2,False,False,,,0.0,0.0,,,0.0,projected,projected,,,0,,0.0,297264,1720803,0,62378,1038817,0,0,0,234885,1243169,0,146296,88678,0,3500,697914,0,10750,0,0,0,0,0,39.29,60.71,0.0,105819,163509,0,0,269328
SD-01,house,SD,01,Nicole Gronli,Marty Jackley,DEM,REP,,REP,-25.67,0.6,99.4,Safe R,-28.65,5.19,-25.67,-1.2,0.0,-1.02,-29.98,4.31,False,False,,,0.0,0.0,,,0.0,confirmed,confirmed,,,0,,0.0,261764,1438706,0,110978,1062725,0,0,149680,150786,375981,0,88621,17640,0,12933,181250,0,1500,1000,0,0,0,0,37.16,62.84,0.0,110922,187551,0,0,298473
TN-01,house,TN,01,Kristi Burke,Diana Harshbarger,DEM,REP,REP,REP,-55.99,0.0,100.0,Safe R,-56.17,5.19,-55.99,-1.65,-2.51,-0.85,-58.44,2.45,False,False,,,0.0,0.0,,,0.0,projected,projected,,,0,,0.0,92445,1228936,0,22462,2002792,0,0,13375,69983,676913,0,66015,91691,0,250,674250,0,10,0,0,0,1456793,0,22.0,78.0,0.0,53651,190186,0,0,243837
TN-02,house,TN,02,Michaela Barnett,Tim Burchett,DEM,REP,REP,REP,-33.33,0.1,99.9,Safe R,-32.01,5.19,-33.33,-1.3,-4.43,-0.77,-34.33,1.0,False,False,,,0.0,0.0,,,0.0,projected,projected,,,0,,0.0,363437,2302907,0,70914,1052623,0,0,0,292523,1978474,0,147163,1307165,0,250,137525,0,6415,0,0,6000,14486,0,33.34,66.66,0.0,85589,171155,0,0,256744
TN-03,house,TN,03,Joel Hawn,Chuck Fleischmann,DEM,REP,REP,REP,-35.65,0.0,100.0,Safe R,-33.82,5.19,-35.65,-2.9,-3.43,-0.69,-36.21,0.56,False,False,,,0.0,0.0,,,0.0,projected,projected,,,0,,0.0,140,2330803,0,70,4835525,0,0,0,70,752331,0,110,4395,0,0,642250,0,30,0,0,0,0,0,32.18,67.82,0.0,81809,172438,0,0,254248
TN-04,house,TN,04,Victoria Broderick,Scott Desjarlais,DEM,REP,REP,REP,-17.49,4.5,95.5,Safe R,-20.79,5.19,-17.49,-1.3,-0.33,-0.26,-24.28,6.79,False,False,,,0.0,0.0,,,0.0,projected,projected,,,0,,0.0,52227,524813,0,3646,524597,0,0,0,56273,366235,0,32696,1422,0,1250,301000,0,500,0,0,0,0,0,41.25,58.75,0.0,87973,125272,0,0,213245
TN-05,house,TN,05,Chaz Molder,Andy Ogles,DEM,REP,REP,REP,-13.84,8.9,91.1,Likely R,-18.88,5.19,-14.69,0.93,-1.53,-0.41,-23.39,9.55,False,False,,,0.0,0.0,,,0.0,projected,projected,41.0,47.0,1,-9.0,0.15,2490106,590480,0,1556521,67235,0,0,284593,933585,585166,0,276422,113404,0,207071,128000,0,0,0,0,16500,70369,0,43.08,56.92,0.0,94698,125120,0,0,219818
TN-06,house,TN,06,Chaney Mosley,Van Hilleary,DEM,REP,,REP,-21.09,2.0,98.0,Safe R,-23.83,5.19,-21.09,-1.82,0.0,-0.63,-26.87,5.79,False,False,,,0.0,0.0,,,0.0,projected,presumptive,,,0,,0.0,77511,1502905,0,29240,952186,0,34023,38251,48271,550719,0,28186,12060,0,0,43000,0,20,0,0,0,0,0,39.46,60.54,0.0,100010,153459,0,0,253469
TN-07,house,TN,07,Darden Copeland,Matt Van Epps,DEM,REP,REP,REP,-17.88,4.1,95.9,Safe R,-20.21,5.19,-17.88,-0.63,-1.67,-0.56,-22.73,4.85,False,False,,,0.0,0.0,,,0.0,projected,projected,,,0,,0.0,794111,2262074,0,76888,276506,0,1658286,2781936,717223,1985567,0,101545,416742,0,3000,578005,0,190336,0,0,165000,111317,0,41.06,58.94,0.0,103939,149190,0,0,253129
TN-08,house,TN,08,William Wicker,David Kustoff,DEM,REP,REP,REP,-18.67,3.5,96.5,Safe R,-18.01,5.19,-18.67,0.0,-5.48,-0.37,-20.43,1.76,False,False,,,0.0,0.0,,,0.0,projected,projected,,,0,,0.0,0,2220455,0,0,3118534,0,0,0,0,1161382,0,0,3180,0,0,1022100,0,0,0,0,0,146500,0,40.67,59.33,0.0,91480,133477,0,0,224958
TN-09,house,TN,09,Justin Pearson,Brent Taylor,DEM,REP,,REP,-11.73,12.7,87.3,Likely R,-16.86,5.19,-11.73,0.24,0.0,-0.3,-21.42,9.7,False,False,,,0.0,0.0,,,0.0,projected,projected,,,0,,0.0,2201980,1426525,0,798929,856613,0,22222,467582,1403052,569912,0,1135358,2534,0,32694,67300,0,278,1000000,0,0,1000000,0,44.14,55.86,0.0,99446,125867,0,0,225313
TX-01,house,TX,01,Democratic candidate (TX-01),Nathaniel Moran,DEM,REP,REP,REP,-41.27,0.0,100.0,Safe R,-44.75,5.19,-41.27,0.0,-1.67,-0.04,-49.91,8.63,False,False,,,0.0,0.0,,,0.0,projected,projected,,,0,,0.0,0,1797848,0,0,777546,0,0,0,0,1401248,0,0,259260,0,0,779600,0,0,0,0,0,0,0,29.36,70.64,0.0,66954,161057,0,0,228011
TX-02,house,TX,02,Shaun Finnie,Steve Toth,DEM,REP,,REP,-13.01,10.3,89.7,Likely R,-19.55,5.19,-13.01,0.88,0.0,0.47,-23.13,10.12,False,False,,,0.0,0.0,,,0.0,projected,projected,,,0,,0.0,2729677,824450,0,1469201,152935,0,1842767,519477,1260476,671515,0,58184,48980,0,1000,67800,0,1961000,13000,0,1961000,0,0,43.5,56.5,0.0,102630,133326,0,0,235956
TX-03,house,TX,03,Evan Hunt,Keith Self,DEM,REP,REP,REP,-16.09,5.9,94.1,Likely R,-19.35,5.19,-16.09,-0.25,-1.67,-0.01,-23.98,7.89,False,False,,,0.0,0.0,,,0.0,projected,projected,,,0,,0.0,446506,645503,0,43878,212694,0,0,0,402628,542149,0,189126,130447,0,5500,178673,0,75000,1851,0,75581,0,0,41.95,58.05,0.0,108762,150484,0,0,259246
TX-04,house,TX,04,Jason Pearce,Pat Fallon,DEM,REP,REP,REP,-21.53,1.8,98.2,Safe R,-20.2,5.19,-21.53,-1.91,-4.23,-0.38,-25.16,3.63,False,False,,,0.0,0.0,,,0.0,projected,projected,,,0,,0.0,16271,790505,0,2086,1097026,0,0,0,14185,353558,0,4774,2939,0,0,300080,0,8797,0,0,8797,25000,0,39.24,60.76,0.0,101001,156420,0,0,257421
TX-05,house,TX,05,Ruth Torres,Lance Gooden,DEM,REP,REP,REP,-14.05,8.6,91.4,Likely R,-17.04,5.19,-14.05,-2.23,-0.52,0.55,-21.84,7.79,False,False,,,0.0,0.0,,,0.0,projected,projected,,,0,,0.0,20748,1341647,0,4035,1329417,0,0,0,16989,729587,0,298,5258,0,0,523533,0,20000,0,0,38040,0,0,42.97,57.03,0.0,88258,117121,0,0,205379
TX-06,house,TX,06,Danny Minton,Jake Ellzey,DEM,REP,REP,REP,-19.43,3.0,97.0,Safe R,-19.12,5.19,-19.43,-2.94,-3.17,0.6,-23.28,3.84,False,False,,,0.0,0.0,,,0.0,projected,projected,,,0,,0.0,44283,4660385,0,13638,2483402,0,0,34293,30645,3272431,0,15583,447295,0,0,743635,0,3125,0,0,3125,0,0,40.28,59.72,0.0,87364,129514,0,0,216878
TX-07,house,TX,07,Elizabeth Fletcher,Alexander Hale,DEM,REP,DEM,DEM,40.33,100.0,0.0,Safe D,30.21,5.19,40.33,1.84,2.19,0.9,24.12,16.21,False,False,,,0.0,0.0,,,0.0,projected,projected,,,0,,0.0,1426057,76578,0,1702706,6342,0,0,0,1040012,70236,0,33174,4337,0,601600,2500,0,0,3615,0,0,5077,0,70.16,29.84,0.0,124804,53073,0,0,177877
TX-08,house,TX,08,Keith Coleman,Jessica Steinmann,DEM,REP,,REP,-18.64,3.5,96.5,Safe R,-21.83,5.19,-18.64,-2.83,0.0,0.83,-27.99,9.35,False,False,,,0.0,0.0,,,0.0,projected,projected,,,0,,0.0,11974,2064033,0,410,122187,0,0,1744167,11565,1941845,0,1203,65062,0,0,297050,0,414,650000,0,0,425000,0,40.68,59.32,0.0,87803,128028,0,0,215831
TX-09,house,TX,09,Leticia Gutierrez,Alexandra Mealer,DEM,REP,,REP,-7.36,23.7,76.3,Likely R,-12.8,5.19,-7.36,-1.92,0.0,2.18,-20.07,12.71,False,False,,,0.0,0.0,,,0.0,projected,projected,,,0,,0.0,55358,2080514,0,18658,362040,0,567688,5110648,36700,1718474,0,9882,46719,0,0,259300,0,500,4850,0,500,0,0,46.32,53.68,0.0,64394,74621,0,0,139016
TX-10,house,TX,10,Caitlin Rourk,Chris Gober,DEM,REP,,REP,-13.74,9.1,90.9,Likely R,-17.49,5.19,-13.74,-1.52,0.0,0.07,-22.93,9.19,False,False,,,0.0,0.0,,,0.0,projected,projected,,,0,,0.0,363959,2559185,0,92140,119627,0,0,1574333,271819,2439558,0,124564,9828,0,7850,129146,0,28061,1649822,0,0,750000,0,43.13,56.87,0.0,106734,140750,0,0,247484
TX-11,house,TX,11,Claire Reynolds,August Pfluger,DEM,REP,REP,REP,-28.1,0.3,99.7,Safe R,-30.18,5.19,-28.1,-2.36,-1.67,0.91,-34.78,6.68,False,False,,,0.0,0.0,,,0.0,projected,projected,,,0,,0.0,89281,3189023,0,46790,2881724,0,0,0,42491,2631404,0,23743,269143,0,5000,182500,0,5,0,0,3317,0,0,35.95,64.05,0.0,73703,131322,0,0,205024
TX-12,house,TX,12,Heli Rodriguez-Prilliman,Craig Goldman,DEM,REP,REP,REP,-19.46,2.9,97.1,Safe R,-19.13,5.19,-19.46,0.0,-6.17,0.65,-24.15,4.69,False,False,,,0.0,0.0,,,0.0,projected,projected,,,0,,0.0,0,1756535,0,0,1508861,0,0,0,0,783571,0,0,6852,0,0,607300,0,0,0,0,0,0,0,40.27,59.73,0.0,88572,131371,0,0,219944
TX-13,house,TX,13,Mark Nair,Ronny Jackson,DEM,REP,REP,REP,-41.41,0.0,100.0,Safe R,-42.77,5.19,-41.41,-2.49,-1.67,0.33,-46.67,5.26,False,False,,,0.0,0.0,,,0.0,projected,projected,,,0,,0.0,98355,4036265,0,10918,5410801,0,0,0,87537,2027412,0,23994,1387595,0,750,240600,0,11132,0,0,0,0,0,29.3,70.7,0.0,62325,150411,0,0,212736
TX-14,house,TX,14,Richard Davis,Randy Weber,DEM,REP,REP,REP,-20.33,2.4,97.6,Safe R,-20.18,5.19,-20.33,-1.89,-3.76,0.31,-24.57,4.24,False,False,,,0.0,0.0,,,0.0,projected,projected,,,0,,0.0,31761,972561,0,0,921878,0,0,0,31761,671255,0,2031,2196,0,0,435611,0,27161,0,0,0,0,0,39.83,60.17,0.0,93519,141261,0,0,234780
TX-15,house,TX,15,Bobby Pulido,Monica De La Cruz,DEM,REP,REP,REP,-2.45,40.6,59.4,Toss-up,-8.87,5.19,-2.26,-0.33,-1.43,3.18,-18.02,15.57,False,False,,,0.0,0.0,,,0.0,confirmed,confirmed,46.98,47.49,2,-3.51,0.15,2960462,5273960,0,1155936,2463323,0,1197935,0,1804526,3424607,0,538742,1334572,0,243771,705285,0,150300,84,0,0,0,0,48.77,51.23,0.0,77800,81711,0,0,159511
TX-16,house,TX,16,Veronica Escobar,Republican candidate (TX-16),DEM,REP,DEM,DEM,35.87,100.0,0.0,Safe D,26.18,5.19,35.87,0.0,1.25,3.26,16.63,19.24,False,False,,,0.0,0.0,,,0.0,projected,projected,,,0,,0.0,858766,0,0,270455,0,0,0,0,704156,0,0,20769,0,0,366368,0,0,0,0,0,0,0,0,67.94,32.06,0.0,109267,51570,0,0,160838
TX-17,house,TX,17,Democratic candidate (TX-17),Pete Sessions,DEM,REP,REP,REP,-15.52,6.6,93.4,Likely R,-16.96,5.19,-15.52,0.0,-3.99,0.23,-21.95,6.42,False,False,,,0.0,0.0,,,0.0,projected,projected,,,0,,0.0,0,1050237,0,0,933956,0,0,0,0,557216,0,0,3848,0,0,516176,0,0,10,0,0,0,0,42.24,57.76,0.0,94843,129699,0,0,224542
TX-18,house,TX,18,Christian Menefee,Republican candidate (TX-18),DEM,REP,DEM,DEM,70.41,100.0,0.0,Safe D,62.27,5.19,70.41,0.0,1.67,1.28,55.72,14.69,False,False,,,0.0,0.0,,,0.0,projected,projected,,,0,,0.0,3637579,0,0,156016,0,0,7061640,0,3481563,0,0,700826,0,0,234868,0,0,100,0,0,0,0,0,85.2,14.8,0.0,145225,25220,0,0,170445
TX-19,house,TX,19,Kyle Rable,Tom Sell,DEM,REP,,REP,-43.45,0.0,100.0,Safe R,-47.14,5.19,-43.45,-2.39,0.0,0.89,-52.17,8.72,False,False,,,0.0,0.0,,,0.0,projected,projected,,,0,,0.0,31276,2143025,0,7631,384766,0,80633,1282423,20811,1758259,0,15290,8966,0,1000,524039,0,200,0,0,0,7624,0,28.28,71.72,0.0,55884,141750,0,0,197634
TX-20,house,TX,20,Joaquin Castro,Edgardo Baez,DEM,REP,DEM,DEM,48.54,100.0,0.0,Safe D,36.01,5.19,48.54,1.31,3.44,2.59,28.88,19.67,False,False,,,0.0,0.0,,,0.0,projected,projected,,,0,,0.0,514776,48536,0,154380,21462,0,0,0,499054,27073,0,40347,4530,0,141000,500,0,0,31985,0,0,30135,0,74.27,25.73,0.0,118136,40923,0,0,159059
TX-21,house,TX,21,Kristin Hook,Mark Teixeira,DEM,REP,,REP,-13.01,10.3,89.7,Likely R,-17.46,5.19,-13.01,-2.06,0.63,0.69,-22.09,9.08,False,False,,,0.0,0.0,,,0.0,projected,projected,,,0,,0.0,243839,4177191,0,104069,461164,0,0,1118370,144128,3716028,0,61473,12621,0,4370,299830,0,0,2750000,0,131,2750000,0,43.49,56.51,0.0,126274,164050,0,0,290324
TX-22,house,TX,22,Marquette Greene-Scott,Trever Nehls,DEM,REP,,REP,-13.73,9.1,90.9,Likely R,-18.04,5.19,-13.73,-0.81,-0.6,0.53,-22.66,8.93,False,False,,,0.0,0.0,,,0.0,confirmed,confirmed,,,0,,0.0,53761,206463,0,127,23258,0,0,141263,53615,183205,0,20722,1658,0,6634,86250,0,0,0,0,0,0,0,43.14,56.86,0.0,101401,133668,0,0,235068
TX-23,house,TX,23,Katy Padilla Stout,Brandon Herrera,DEM,REP,,REP,-3.06,38.3,61.7,Lean R,-9.04,5.19,-2.72,-0.91,0.0,2.04,-14.97,11.91,False,False,,,0.0,0.0,,,0.0,confirmed,confirmed,42.5,44.5,1,-5.0,0.15,484915,1937719,0,171373,309023,0,173119,40724,313542,1636736,0,190351,17445,0,23000,62500,0,9792,420000,0,0,570000,0,48.47,51.53,0.0,108246,115088,0,0,223334
TX-24,house,TX,24,Democratic candidate (TX-24),Elizabeth Van Duyne,DEM,REP,REP,REP,-11.66,12.9,87.1,Likely R,-12.38,5.19,-11.66,0.0,-4.34,-0.13,-16.39,4.73,False,False,,,0.0,0.0,,,0.0,projected,projected,,,0,,0.0,0,2540738,0,0,2873013,0,0,0,0,1628596,0,0,78488,0,0,1102311,0,0,0,0,0,0,0,44.17,55.83,0.0,115352,145793,0,0,261145
TX-25,house,TX,25,Dione Sims,Roger Williams,DEM,REP,REP,REP,-14.6,7.8,92.2,Likely R,-18.6,5.19,-14.6,0.0,-1.67,0.48,-24.34,9.74,False,False,,,0.0,0.0,,,0.0,projected,projected,,,0,,0.0,0,1424050,0,0,1076189,0,0,0,0,919362,0,0,871,0,0,454978,0,0,0,0,0,0,0,42.7,57.3,0.0,92425,124026,0,0,216450
TX-26,house,TX,26,Steven Shook,Brandon Gill,DEM,REP,REP,REP,-23.33,1.2,98.8,Safe R,-19.72,5.19,-23.33,-3.11,-5.71,0.02,-24.12,0.78,False,False,,,0.0,0.0,,,0.0,projected,projected,,,0,,0.0,17227,4217213,0,3807,1411512,0,0,0,14623,2933524,0,6426,1986111,0,0,378890,0,0,0,0,0,46734,0,38.33,61.67,0.0,103957,167235,0,0,271193
TX-27,house,TX,27,Tanya Lloyd,Michael Cloud,DEM,REP,REP,REP,-14.6,7.8,92.2,Likely R,-16.96,5.19,-14.6,-1.33,-2.71,1.2,-21.44,6.84,False,False,,,0.0,0.0,,,0.0,projected,projected,,,0,,0.0,139788,1062241,0,11311,271133,0,0,0,128665,927985,0,97140,323624,0,0,209250,0,72,0,0,29277,0,0,42.7,57.3,0.0,96900,130040,0,0,226939
TX-28,house,TX,28,Henry Cuellar,Tano Tijerina,DEM,REP,DEM,DEM,15.69,93.6,6.4,Likely D,0.7,5.19,19.43,0.34,9.43,3.77,-10.45,26.14,False,False,,,0.0,0.0,,,0.0,projected,projected,35.5,44.0,1,-5.5,0.15,2231952,1399881,0,1129604,768188,0,10387,0,1150307,631693,0,44637,121323,0,676066,243000,0,314500,0,0,301000,0,0,57.84,42.16,0.0,80581,58725,0,0,139306
TX-29,house,TX,29,Sylvia Garcia,Martha Fierro,DEM,REP,DEM,DEM,53.33,100.0,0.0,Safe D,38.53,5.19,53.33,0.0,7.38,2.23,30.84,22.49,False,False,,,0.0,0.0,,,0.0,projected,projected,,,0,,0.0,987402,0,0,200973,0,0,522942,0,1158184,0,0,16198,0,0,650850,0,0,0,0,0,0,0,0,76.67,23.33,0.0,96467,29359,0,0,125826
TX-30,house,TX,30,Frederick Haynes,Sholdon Daniels,DEM,REP,,DEM,60.95,100.0,0.0,Safe D,54.25,5.19,60.95,0.21,0.0,1.31,47.81,13.15,False,False,,,0.0,0.0,,,0.0,projected,projected,,,0,,0.0,420153,357415,0,119776,-21795,0,200000,0,300377,379210,0,43295,191921,0,47515,691,0,0,2076,0,0,0,0,80.48,19.52,0.0,137455,33346,0,0,170801
TX-31,house,TX,31,Justin Early,John Carter,DEM,REP,REP,REP,-19.48,2.9,97.1,Safe R,-17.89,5.19,-18.9,-1.61,-4.82,0.23,-22.14,2.66,False,False,GRN,,0.0,0.0,,,0.0,projected,projected,,,0,,0.0,123522,1419042,0,17400,170827,0,0,55000,106122,1289654,0,29233,2908,0,7000,482311,0,42642,0,0,58737,0,0,39.32,58.34,2.34,96710,143509,5756,0,245974
TX-32,house,TX,32,Dan Barrios,Jace Yarbrough,DEM,REP,,REP,-9.2,18.6,81.4,Likely R,-12.73,5.19,-9.2,-1.93,0.0,0.26,-18.11,8.91,False,False,,,0.0,0.0,,,0.0,confirmed,projected,,,0,,0.0,58931,865911,0,0,125412,0,2125,1542372,104350,740499,0,0,64980,0,0,184000,0,0,207000,0,0,207000,0,45.4,54.6,0.0,103017,123905,0,0,226921
TX-33,house,TX,33,Colin Allred,Patrick Gillespie,DEM,REP,,DEM,45.42,100.0,0.0,Safe D,40.41,5.19,45.42,0.0,-1.97,1.8,33.34,12.08,False,False,,,0.0,0.0,,,0.0,projected,projected,,,0,,0.0,7431941,0,0,159887,0,0,50000,0,7272054,0,0,1572614,0,0,62550,0,0,0,0,0,0,0,0,72.71,27.29,0.0,106480,39961,0,0,146441
TX-34,house,TX,34,Vicente Gonzalez,Eric Flores,DEM,REP,DEM,DEM,8.96,80.8,19.2,Likely D,-2.15,5.19,10.52,0.16,4.39,2.93,-10.22,19.19,False,False,,,0.0,0.0,,,0.0,projected,projected,41.35,44.18,2,0.18,0.15,3773915,2874990,0,2532412,686332,0,1606,524573,1523563,2188633,0,179284,457943,0,1311850,361479,0,0,577245,0,425000,591622,0,54.48,45.52,0.0,91722,76629,0,0,168351
TX-35,house,TX,35,Johnny Garcia,Carlos De La Cruz,DEM,REP,,REP,2.51,59.6,40.4,Toss-up,-4.64,5.19,2.51,0.08,0.0,1.88,-10.56,13.07,False,False,,,0.0,0.0,,,0.0,confirmed,confirmed,,,0,,0.0,931699,1048751,0,323108,272389,0,3507019,2465913,608591,776362,0,282789,241683,0,214729,195000,0,0,53000,0,0,116500,0,51.26,48.74,0.0,108295,102990,0,0,211285
TX-36,house,TX,36,Rhonda Hart,Brian Babin,DEM,REP,REP,REP,-16.66,5.3,94.7,Likely R,-19.76,5.19,-16.66,0.0,-2.56,0.47,-25.28,8.62,False,False,,,0.0,0.0,,,0.0,projected,projected,,,0,,0.0,0,1006944,0,0,908646,0,0,0,0,744500,0,0,3949,0,0,432302,0,0,0,0,4797,0,0,41.67,58.33,0.0,90963,127327,0,0,218289
TX-37,house,TX,37,Greg Casar,Lauren Pena,DEM,REP,DEM,DEM,70.49,100.0,0.0,Safe D,63.03,5.19,70.49,1.49,-0.07,0.85,57.7,12.79,False,False,,,0.0,0.0,,,0.0,projected,projected,,,0,,0.0,1172881,117890,0,597005,770,0,0,0,946714,117120,0,266992,99745,0,251220,0,0,0,0,0,10000,0,0,85.25,14.75,0.0,195968,33919,0,0,229887
TX-38,house,TX,38,Melissa McDonough,Jon Bonck,DEM,REP,,REP,-14.74,7.6,92.4,Likely R,-17.2,5.19,-14.2,-2.01,-0.55,0.37,-21.3,6.56,False,False,GRN,,0.0,0.0,,,0.0,projected,projected,,,0,,0.0,66929,1644127,0,43939,89133,0,43939,662527,45689,1554994,0,12712,25840,0,1500,173125,0,28042,351231,0,113240,330000,0,41.7,56.12,2.18,103425,139188,5407,0,248020
UT-01,house,UT,01,Ben McAdams,Riley Owen,DEM,REP,,DEM,35.68,100.0,0.0,Safe D,24.91,5.19,35.68,2.13,3.35,0.1,24.33,11.35,False,False,,,0.0,0.0,,,0.0,projected,projected,,,0,,0.0,2262255,132533,0,299350,9568,0,2434219,0,1977908,122965,0,223153,3234,0,193291,4000,0,0,30000,0,0,0,0,67.84,32.16,0.0,155428,73682,0,0,229110
UT-02,house,UT,02,Peter Crosby,Blake Moore,DEM,REP,REP,REP,-36.22,0.0,100.0,Safe R,-30.59,5.19,-36.22,-1.71,-8.71,-0.41,-29.9,-6.32,False,False,,,0.0,0.0,,,0.0,confirmed,confirmed,,,0,,0.0,60225,2536636,0,23283,1886962,0,520898,521354,31698,2183697,0,22930,6329,0,0,1421500,0,175,0,0,0,0,0,31.89,68.11,0.0,82385,175975,0,0,258360
UT-03,house,UT,03,Kent Udell,Celeste Maloy,DEM,REP,REP,REP,-44.38,0.0,100.0,Safe R,-42.81,5.19,-44.38,-1.72,-4.59,-0.46,-42.42,-1.96,False,False,,,0.0,0.0,,,0.0,projected,projected,,,0,,0.0,47533,1453861,0,13335,322379,0,300000,1328557,34198,1238503,0,0,7393,0,131,672923,0,20,0,0,1534,0,0,27.81,72.19,0.0,75119,195016,0,0,270136
UT-04,house,UT,04,Jonathan Larsen,Mike Kennedy,DEM,REP,REP,REP,-42.6,0.0,100.0,Safe R,-34.05,5.19,-42.6,-1.72,-11.49,-0.53,-33.43,-9.17,False,False,,,0.0,0.0,,,0.0,projected,projected,,,0,,0.0,53579,971392,0,1129,391557,0,0,0,52450,705038,0,7510,3919,0,450,494000,0,36155,0,0,35222,225000,0,28.7,71.3,0.0,81462,202386,0,0,283848
VA-01,house,VA,01,Shannon Taylor,Rob Wittman,DEM,REP,REP,REP,-3.43,36.9,63.1,Lean R,-2.9,5.19,-4.38,-0.44,-5.6,-0.63,-5.0,1.57,False,False,,,0.0,0.0,,,0.0,projected,presumptive,43.01,44.0,2,1.92,0.15,2054507,4016190,0,1181300,4269831,0,466204,0,873207,1122239,0,315253,53727,0,335015,1169350,0,0,0,0,0,0,0,48.28,51.72,0.0,164463,176154,0,0,340616
VA-02,house,VA,02,Elaine Luria,Jen Kiggans,DEM,REP,REP,REP,4.33,66.3,33.7,Lean D,2.86,5.19,5.77,-0.21,-1.67,-0.4,-0.27,4.6,False,False,,,0.0,0.0,,,0.0,presumptive,presumptive,47.0,47.0,1,-3.0,0.164,4443281,5843429,0,3565596,3592183,0,0,90978,877685,2296724,0,535422,766026,0,385658,1254101,0,8010,0,0,5526,153170,0,52.16,47.84,0.0,151220,138669,0,0,289890
VA-03,house,VA,03,Bobby Scott,Republican candidate (VA-03),DEM,REP,DEM,DEM,48.92,100.0,0.0,Safe D,38.95,5.19,48.92,0.0,4.81,-0.03,35.17,13.75,False,False,,,0.0,0.0,,,0.0,projected,projected,,,0,,0.0,659665,0,0,169258,0,0,0,0,653271,0,0,26417,0,0,299381,0,0,0,0,0,3191,0,0,74.46,25.54,0.0,167307,57383,0,0,224690
VA-04,house,VA,04,Jennifer McClellan,Republican candidate (VA-04),DEM,REP,DEM,DEM,47.26,100.0,0.0,Safe D,36.84,5.19,47.26,0.0,5.25,-0.01,33.18,14.08,False,False,,,0.0,0.0,,,0.0,projected,projected,,,0,,0.0,1124945,0,0,192447,0,0,0,0,986600,0,0,77595,0,0,603300,0,0,0,0,0,0,0,0,73.63,26.37,0.0,197783,70828,0,0,268611
VA-05,house,VA,05,Thomas Perriello,John McGuire,DEM,REP,REP,REP,-5.44,29.9,70.1,Lean R,-8.54,5.19,-5.44,0.13,-1.67,-0.56,-12.41,6.97,False,False,,,0.0,0.0,,,0.0,presumptive,presumptive,,,0,,0.0,2095712,1746971,0,1536941,565242,0,0,0,558771,1215947,0,202562,437911,0,101850,410887,0,13111,0,0,0,41488,0,47.28,52.72,0.0,146977,163886,0,0,310863
VA-06,house,VA,06,Beth MacY,Ben Cline,DEM,REP,REP,REP,-20.74,2.2,97.8,Safe R,-21.2,5.19,-20.74,0.08,-4.2,-0.61,-24.47,3.73,False,False,,,0.0,0.0,,,0.0,projected,projected,,,0,,0.0,1590045,1413562,0,830689,769639,0,0,6348,762356,972245,0,428204,39499,0,39250,596760,0,0,0,0,0,0,0,39.63,60.37,0.0,113991,173642,0,0,287634
VA-07,house,VA,07,Yevgeny Vindman,Tara Durant,DEM,REP,DEM,DEM,18.16,96.1,3.9,Safe D,6.69,5.19,18.16,2.49,3.73,0.06,2.91,15.25,False,False,,,0.0,0.0,,,0.0,projected,projected,,,0,,0.0,12056375,392454,0,6661974,102338,0,180667,0,5529335,290116,0,6305885,18093,0,810699,9500,0,716,0,0,0,0,0,59.08,40.92,0.0,167104,115739,0,0,282843
VA-08,house,VA,08,Don Beyer,Heerak Kim,DEM,REP,DEM,DEM,63.72,100.0,0.0,Safe D,55.42,5.19,63.72,2.77,0.24,0.1,50.9,12.82,False,False,,,0.0,0.0,,,0.0,projected,projected,,,0,,0.0,2086520,3300,0,864385,1317,0,0,0,1779198,2262,0,97725,800,0,562250,0,0,0,2500,0,0,0,0,81.86,18.14,0.0,223600,49548,0,0,273148
VA-09,house,VA,09,Adam Murphy,Morgan Griffith,DEM,REP,REP,REP,-40.15,0.0,100.0,Safe R,-40.86,5.19,-40.15,-2.18,-1.45,-0.85,-44.43,4.27,False,False,,,0.0,0.0,,,0.0,projected,projected,,,0,,0.0,53280,1828839,0,5343,973867,0,0,0,47937,1318861,0,13409,18255,0,3600,1224589,0,2975,0,0,0,0,0,29.92,70.08,0.0,85576,200407,0,0,285983
VA-10,house,VA,10,Suhas Subramanyam,Michelle Wong,DEM,REP,DEM,DEM,20.11,97.5,2.5,Safe D,13.39,5.19,20.11,1.11,0.51,-0.09,8.58,11.54,False,False,,,0.0,0.0,,,0.0,projected,projected,,,0,,0.0,1153226,223056,0,609264,2832,0,0,0,634796,220224,0,84375,1244,0,320985,0,0,2171,213621,0,0,221828,0,60.06,39.94,0.0,176790,117584,0,0,294374
VA-11,house,VA,11,James Walkinshaw,Stewart Whitson,DEM,REP,DEM,DEM,47.97,100.0,0.0,Safe D,39.67,5.19,47.97,1.71,1.67,-0.26,35.29,12.68,False,False,,,0.0,0.0,,,0.0,projected,projected,,,0,,0.0,2725747,268077,0,968203,0,0,1012792,6880,1757544,268077,0,386987,33810,0,928069,13250,0,0,6427,0,0,0,0,73.98,26.02,0.0,217253,76397,0,0,293651
VT-01,house,VT,01,Rebecca Balint,Mark Coester,DEM,REP,DEM,DEM,35.52,100.0,0.0,Safe D,19.58,5.19,35.35,1.82,9.71,-0.95,32.77,2.75,False,False,,,0.0,0.0,,,0.0,projected,projected,61.62,25.34,2,36.29,0.179,911064,34786,0,598648,9649,0,0,0,458178,16067,0,202105,2909,0,263029,0,0,0,20897,0,1958,114000,0,67.76,32.24,0.0,175224,83372,0,0,258595
WA-01,house,WA,01,Suzan Delbene,Republican candidate (WA-01),DEM,REP,DEM,DEM,34.99,100.0,0.0,Safe D,30.07,5.19,34.99,0.0,0.33,-0.6,29.71,5.28,False,False,,,0.0,0.0,,,0.0,projected,projected,,,0,,0.0,3472358,0,0,1595476,0,0,56560,0,2940603,0,0,746909,0,0,1453493,0,0,0,0,0,495000,0,0,67.5,32.5,0.0,176897,85187,0,0,262083
WA-02,house,WA,02,Rick Larsen,Republican candidate (WA-02),DEM,REP,DEM,DEM,33.3,99.9,0.1,Safe D,24.1,5.19,33.3,0.0,4.54,-0.53,24.45,8.85,False,False,,,0.0,0.0,,,0.0,projected,projected,,,0,,0.0,1992847,0,0,669645,0,0,0,0,1570639,0,0,117741,0,0,1131325,0,0,0,0,0,0,0,0,66.65,33.35,0.0,198332,99251,0,0,297583
WA-03,house,WA,03,Marie Gluesenkamp Perez,John Braun,DEM,REP,DEM,DEM,7.48,76.6,23.4,Likely D,-3.74,5.19,9.45,0.85,7.75,-0.59,-3.4,10.88,False,False,,,0.0,0.0,,,0.0,confirmed,projected,41.8,42.96,2,-3.69,0.15,6183270,1980862,0,3905263,1450415,0,232898,0,2304467,530448,0,269673,195667,0,833083,276345,0,0,11434,0,0,600,0,53.74,46.26,0.0,159580,137362,0,0,296942
WA-04,house,WA,04,John Duresky,Jerrod Sessler,DEM,REP,,REP,-15.41,6.7,93.3,Likely R,-20.54,5.19,-15.41,-0.78,0.0,0.72,-21.24,5.82,False,False,,,0.0,0.0,,,0.0,projected,projected,,,0,,0.0,168109,565896,0,51014,129704,0,0,0,117032,511195,0,50216,140371,0,7000,1000,0,887,309468,0,600,483236,0,42.29,57.71,0.0,92466,126161,0,0,218627
WA-05,house,WA,05,Carmela Conroy,Michael Baumgartner,DEM,REP,REP,REP,-24.24,0.9,99.1,Safe R,-11.1,5.19,-27.46,-0.86,-19.99,-0.7,-11.11,-13.13,False,False,,,0.0,0.0,,,0.0,projected,projected,47.0,53.0,1,-6.0,0.15,387475,1709514,0,167895,1084882,0,372080,49205,232722,816197,0,85575,181662,0,13100,358450,0,9941,0,0,5938,0,0,37.88,62.12,0.0,107604,176472,0,0,284075
WA-06,house,WA,06,Emily Randall,Teresa Fox,DEM,REP,DEM,DEM,26.34,99.5,0.5,Safe D,19.18,5.19,26.34,2.12,0.51,-0.66,19.89,6.45,False,False,,,0.0,0.0,,,0.0,projected,projected,,,0,,0.0,1175421,22907,0,233739,957,0,0,0,969554,21950,0,226023,6789,0,310706,1000,0,0,7025,0,0,11624,0,63.17,36.83,0.0,192931,112493,0,0,305424
WA-07,house,WA,07,Pramila Jayapal,Republican candidate (WA-07),DEM,REP,DEM,DEM,79.36,100.0,0.0,Safe D,77.58,5.19,79.36,0.0,-2.85,-0.56,77.56,1.8,False,False,,,0.0,0.0,,,0.0,projected,projected,,,0,,0.0,2474297,0,0,1884718,0,0,0,0,2602304,0,0,992779,0,0,279613,0,0,0,0,0,0,0,0,89.68,10.32,0.0,274718,31619,0,0,306337
WA-08,house,WA,08,Kim Schrier,Trinh Ha,DEM,REP,DEM,DEM,16.54,94.6,5.4,Likely D,6.12,5.19,16.54,2.01,3.8,-0.59,5.97,10.57,False,False,,,0.0,0.0,,,0.0,projected,projected,,,0,,0.0,2931993,154590,0,3450508,37815,0,52520,0,1303108,116775,0,197673,42405,0,886050,0,0,0,28479,0,0,17935,0,58.27,41.73,0.0,174814,125202,0,0,300016
WA-09,house,WA,09,Adam Smith,Janis Clark,DEM,REP,DEM,DEM,49.16,100.0,0.0,Safe D,43.74,5.19,49.16,0.0,0.47,-0.25,42.69,6.46,False,False,,,0.0,0.0,,,0.0,projected,projected,,,0,,0.0,1812862,0,0,1170946,0,0,0,0,1212669,0,0,90638,0,0,557165,0,0,0,0,0,0,0,0,74.58,25.42,0.0,167370,57054,0,0,224424
WA-10,house,WA,10,Marilyn Strickland,Republican candidate (WA-10),DEM,REP,DEM,DEM,25.11,99.3,0.7,Safe D,18.4,5.19,25.11,0.0,1.92,-0.4,18.6,6.5,False,False,,,0.0,0.0,,,0.0,projected,projected,,,0,,0.0,1511304,0,0,677498,0,0,51510,0,1414394,0,0,65724,0,0,667380,0,0,0,0,0,50000,0,0,62.55,37.45,0.0,157299,94161,0,0,251460
WI-01,house,WI,01,Mitchell Berman,Bryan Steil,DEM,REP,REP,REP,-3.81,35.6,64.4,Lean R,-2.76,5.19,-4.4,-1.52,-4.89,-0.42,-4.58,0.76,False,False,,,0.0,0.0,,,0.0,projected,presumptive,42.5,46.0,1,-0.5,0.15,653922,5302289,0,220682,6177414,0,0,0,433240,1344045,0,323307,237976,0,19500,1601877,0,0,0,0,0,0,0,48.09,51.91,0.0,136087,146874,0,0,282961
WI-02,house,WI,02,Mark Pocan,Erik Olsen,DEM,REP,DEM,DEM,50.57,100.0,0.0,Safe D,42.23,5.19,50.57,2.06,1.79,-0.7,40.75,9.83,False,False,,,0.0,0.0,,,0.0,projected,projected,,,0,,0.0,777289,2840,0,863539,0,0,0,0,915967,3415,0,122378,50,0,378160,0,0,0,2790,0,0,0,0,75.29,24.71,0.0,247489,81236,0,0,328725
WI-03,house,WI,03,Rebecca Cooke,Derrick Van Orden,DEM,REP,REP,REP,5.06,68.8,31.2,Lean D,-5.59,5.19,6.06,0.09,7.27,-0.91,-7.51,12.57,False,False,,,0.0,0.0,,,0.0,presumptive,presumptive,49.96,46.05,5,0.9,0.194,8305020,7289146,0,2456680,4684610,0,12898,153880,5858479,3121342,0,2571458,1521194,0,517475,982742,0,0,0,0,0,210098,0,52.53,47.47,0.0,155074,140145,0,0,295219
WI-04,house,WI,04,Gwen Moore,Purnima Nath,DEM,REP,DEM,DEM,62.78,100.0,0.0,Safe D,53.95,5.19,62.78,0.0,3.43,0.2,52.47,10.31,False,False,,,0.0,0.0,,,0.0,projected,projected,,,0,,0.0,1029973,0,0,45491,4718,0,0,0,1006730,1893,0,34632,0,0,652491,0,0,668,0,0,6000,0,0,81.39,18.61,0.0,196955,45038,0,0,241993
WI-05,house,WI,05,Andrew Beck,Scott Fitzgerald,DEM,REP,REP,REP,-24.38,0.9,99.1,Safe R,-21.82,5.19,-24.38,-2.3,-4.66,-0.78,-22.45,-1.92,False,False,,,0.0,0.0,,,0.0,projected,projected,,,0,,0.0,14612,1345665,0,3158,1314848,0,0,0,11590,868423,0,3829,44770,0,0,857100,0,1625,0,0,425,0,0,37.81,62.19,0.0,127455,209621,0,0,337076
WI-06,house,WI,06,Aaron Wojciechowski,Glenn Grothman,DEM,REP,REP,REP,-18.25,3.8,96.2,Safe R,-15.43,5.19,-17.59,-1.71,-4.83,-0.81,-16.7,-1.56,False,False,,,0.0,0.0,,,0.0,projected,projected,39.0,61.0,1,-22.0,0.15,44015,865241,0,0,803602,0,0,0,44015,584128,0,16501,91013,0,1250,271500,0,22050,0,0,19143,139110,0,40.87,59.13,0.0,122409,177075,0,0,299484
WI-07,house,WI,07,Frederic Clark,Paul Wassgren,DEM,REP,,REP,-18.39,3.7,96.3,Safe R,-21.05,5.19,-18.39,-1.54,0.0,-0.99,-22.84,4.45,False,False,,,0.0,0.0,,,0.0,projected,projected,,,0,,0.0,392760,3403946,0,165680,0,0,0,0,227080,3403946,0,107517,4639,0,6500,0,0,5030,3240366,0,5000,0,0,40.8,59.2,0.0,126194,183073,0,0,309267
WI-08,house,WI,08,Mark Scheffler,Tony Wied,DEM,REP,REP,REP,-14.02,8.7,91.3,Likely R,-15.23,5.19,-14.02,-1.34,-1.81,-0.83,-16.46,2.45,False,False,,,0.0,0.0,,,0.0,projected,projected,,,0,,0.0,132784,1044881,0,18853,500919,0,0,0,113931,589193,0,42007,91948,0,0,576150,0,40100,0,0,25000,614226,0,42.99,57.01,0.0,129544,171774,0,0,301318
WV-01,house,WV,01,Vince George,Carol Miller,DEM,REP,REP,REP,-41.69,0.0,100.0,Safe R,-44.39,5.19,-41.69,-1.32,-0.22,-0.95,-45.2,3.51,False,False,,,0.0,0.0,,,0.0,confirmed,confirmed,,,0,,0.0,258330,1746898,0,258330,604379,0,0,0,0,1382061,0,1480,2971,0,0,1232139,0,240000,0,0,240000,417993,0,29.16,70.84,0.0,74423,180841,0,0,255263
WV-02,house,WV,02,Ahsan Parsi,Riley Moore,DEM,REP,REP,REP,-41.2,0.0,100.0,Safe R,-39.94,5.19,-41.2,-1.51,-4.03,-0.91,-40.38,-0.82,False,False,,,0.0,0.0,,,0.0,projected,projected,,,0,,0.0,134245,1325162,0,43669,751072,0,0,0,90575,697053,0,33670,204309,0,1000,522450,0,60,0,0,0,60882,0,29.4,70.6,0.0,81855,196555,0,0,278410
WY-01,house,WY,01,Lisa Kinney,Chuck Gray,DEM,REP,,REP,-42.31,0.0,100.0,Safe R,-44.52,5.19,-42.31,-2.34,0.0,-0.64,-46.96,4.64,False,False,,,0.0,0.0,,,0.0,projected,projected,,,0,,0.0,13270,1378842,0,2686,526477,0,0,36970,11214,852365,0,4555,10563,0,0,2500,0,0,1147000,0,7360,1147000,0,28.84,71.16,0.0,54321,134013,0,0,188334
