race_code,race_type,state,county_fips,dem_votes,rep_votes,ind_votes,oth_votes,total_votes,margin,pres24,white_pct,black_pct,hisp_pct,asian_pct,native_pct,pacific_pct
AK-GOV,governor,AK,02013,130,212,0,0,342,-23.97,-31.7,20.3,9.5,21.1,24.4,19.4,0.9
AK-GOV,governor,AK,02016,480,358,0,0,838,14.49,6.77,32.6,5.6,12.7,29.8,12.0,4.3
AK-GOV,governor,AK,02020,50869,44551,0,0,95420,6.62,-1.1,58.5,4.8,8.0,9.3,7.6,2.8
AK-GOV,governor,AK,02050,2294,1114,0,0,3408,34.61,26.88,11.5,0.6,1.2,1.5,80.7,0.0
AK-GOV,governor,AK,02060,131,188,0,0,319,-17.71,-25.44,49.1,0.5,3.8,0.8,32.8,0.5
AK-GOV,governor,AK,02063,1156,1256,0,0,2412,-4.17,-11.9,70.2,0.8,4.7,7.4,9.1,0.8
AK-GOV,governor,AK,02066,380,782,0,0,1163,-34.6,-42.32,65.8,0.2,2.4,0.8,22.2,0.4
AK-GOV,governor,AK,02068,438,445,0,0,883,-0.83,-8.56,86.8,0.6,2.2,1.0,4.1,0.0
AK-GOV,governor,AK,02070,653,518,0,0,1171,11.49,3.77,19.3,0.6,2.6,1.1,67.9,0.2
AK-GOV,governor,AK,02090,13358,16654,0,0,30012,-10.98,-18.71,68.9,4.2,6.9,3.5,7.1,0.6
AK-GOV,governor,AK,02100,676,451,0,0,1127,20.02,12.3,78.4,0.1,3.3,0.8,9.7,0.1
AK-GOV,governor,AK,02105,664,260,0,0,923,43.74,36.01,51.3,0.3,3.6,0.8,35.9,0.2
AK-GOV,governor,AK,02110,8110,4251,0,0,12361,31.22,23.49,65.0,1.1,5.5,6.7,10.1,1.3
AK-GOV,governor,AK,02122,8053,14377,0,0,22430,-28.2,-35.92,79.9,0.7,3.3,1.5,6.8,0.3
AK-GOV,governor,AK,02130,2098,2721,0,0,4819,-12.93,-20.66,62.6,0.7,3.9,8.3,15.2,0.2
AK-GOV,governor,AK,02150,1619,2353,0,0,3972,-18.46,-26.19,50.9,0.7,6.9,21.8,12.5,0.8
AK-GOV,governor,AK,02158,851,366,0,0,1217,39.83,32.11,3.2,0.3,0.2,0.4,93.8,0.0
AK-GOV,governor,AK,02164,268,157,0,0,425,26.01,18.29,23.9,0.1,2.0,0.5,66.7,0.0
AK-GOV,governor,AK,02170,9687,25964,0,0,35650,-45.66,-53.38,78.8,1.1,3.9,1.5,6.0,0.4
AK-GOV,governor,AK,02180,1560,855,0,0,2415,29.23,21.51,17.6,0.6,1.8,1.3,71.6,0.1
AK-GOV,governor,AK,02185,787,785,0,0,1572,0.16,-7.57,34.6,1.9,5.8,6.0,44.4,2.9
AK-GOV,governor,AK,02188,819,516,0,0,1335,22.67,14.94,12.1,1.3,1.4,1.1,79.5,0.2
AK-GOV,governor,AK,02195,545,769,0,0,1314,-17.05,-24.77,75.6,1.3,3.8,3.7,5.9,0.4
AK-GOV,governor,AK,02198,974,1039,0,0,2014,-3.22,-10.95,46.6,0.5,2.1,0.4,40.8,0.4
AK-GOV,governor,AK,02220,1990,1252,0,0,3242,22.78,15.05,63.4,0.5,5.2,7.2,13.7,0.2
AK-GOV,governor,AK,02230,418,118,0,0,536,56.03,48.3,86.9,0.4,3.3,2.8,2.1,0.0
AK-GOV,governor,AK,02240,550,1869,0,0,2418,-54.53,-62.26,75.8,1.1,4.9,1.4,10.8,0.2
AK-GOV,governor,AK,02275,315,538,0,0,853,-26.1,-33.83,67.9,0.0,2.9,1.2,16.3,0.1
AK-GOV,governor,AK,02282,119,90,0,0,209,13.77,6.04,42.3,0.4,3.4,6.0,36.1,0.2
AK-GOV,governor,AK,02290,1053,592,0,0,1646,28.01,20.29,23.8,0.1,0.9,0.2,69.3,0.1
AL-GOV,governor,AL,01001,6603,13196,0,0,19799,-33.3,-46.72,72.8,18.7,3.0,1.4,0.3,0.0
AL-GOV,governor,AL,01003,23716,61878,0,0,85594,-44.59,-58.7,82.7,7.4,4.5,0.9,0.6,0.0
AL-GOV,governor,AL,01005,3467,3430,0,0,6898,0.54,-14.83,47.0,45.8,4.6,0.4,0.2,0.0
AL-GOV,governor,AL,01007,1635,4847,0,0,6482,-49.55,-64.77,74.5,20.2,2.6,0.1,0.2,0.1
AL-GOV,governor,AL,01009,3153,16569,0,0,19722,-68.02,-81.55,86.5,1.4,7.8,0.3,0.3,0.0
AL-GOV,governor,AL,01011,2310,566,0,0,2876,60.63,46.08,24.8,70.4,3.3,0.1,0.0,0.0
AL-GOV,governor,AL,01013,2746,3189,0,0,5936,-7.47,-22.81,53.4,42.3,1.2,0.8,0.2,0.0
AL-GOV,governor,AL,01015,11832,22229,0,0,34061,-30.53,-45.15,70.2,21.4,3.5,1.1,0.4,0.1
AL-GOV,governor,AL,01017,4585,5386,0,0,9971,-8.03,-23.42,55.6,37.7,3.0,1.2,0.2,0.0
AL-GOV,governor,AL,01019,1747,7360,0,0,9108,-61.63,-75.94,91.2,4.1,1.2,0.2,0.4,0.0
AL-GOV,governor,AL,01021,2915,10924,0,0,13839,-57.87,-72.49,80.0,8.9,8.0,0.4,0.3,0.0
AL-GOV,governor,AL,01023,2135,2524,0,0,4659,-8.36,-24.0,56.0,41.3,0.7,0.1,0.1,0.0
AL-GOV,governor,AL,01025,4087,4282,0,0,8370,-2.33,-17.14,53.7,43.1,0.7,0.4,0.3,0.0
AL-GOV,governor,AL,01027,1064,3674,0,0,4738,-55.08,-70.48,80.9,13.5,2.5,0.3,0.3,0.0
AL-GOV,governor,AL,01029,812,4546,0,0,5358,-69.68,-84.06,92.0,3.1,1.6,0.2,0.3,0.0
AL-GOV,governor,AL,01031,4369,11258,0,0,15627,-44.08,-58.35,69.7,16.1,7.3,1.8,0.8,0.1
AL-GOV,governor,AL,01033,6510,12505,0,0,19014,-31.53,-46.84,77.4,15.8,2.4,0.7,0.4,0.0
AL-GOV,governor,AL,01035,2143,2092,0,0,4235,1.21,-14.04,52.5,42.6,1.7,0.4,0.6,0.0
AL-GOV,governor,AL,01037,1338,2350,0,0,3688,-27.46,-43.54,66.9,28.6,1.3,0.1,0.3,0.0
AL-GOV,governor,AL,01039,2495,9476,0,0,11971,-58.32,-72.76,83.1,11.8,1.4,0.6,0.4,0.0
AL-GOV,governor,AL,01041,1371,3170,0,0,4541,-39.6,-54.87,72.2,23.1,1.1,0.6,0.4,0.0
AL-GOV,governor,AL,01043,4983,25232,0,0,30215,-67.02,-81.1,90.5,1.1,3.7,0.6,0.4,0.1
AL-GOV,governor,AL,01045,4143,9256,0,0,13400,-38.16,-52.7,68.9,19.5,5.5,1.5,0.5,0.1
AL-GOV,governor,AL,01047,8018,2859,0,0,10877,47.43,32.71,29.2,67.7,0.7,0.4,0.1,0.0
AL-GOV,governor,AL,01049,4151,16619,0,0,20769,-60.03,-74.43,80.5,1.5,12.2,0.3,1.0,0.0
AL-GOV,governor,AL,01051,8967,20175,0,0,29142,-38.46,-52.49,72.9,20.2,2.6,0.8,0.3,0.0
AL-GOV,governor,AL,01053,3620,6851,0,0,10471,-30.86,-46.61,61.8,29.6,1.6,0.3,3.7,0.1
AL-GOV,governor,AL,01055,9469,22833,0,0,32302,-41.37,-56.1,77.4,14.1,3.6,0.9,0.4,0.0
AL-GOV,governor,AL,01057,1237,4619,0,0,5856,-57.74,-72.46,84.5,10.4,1.9,0.3,0.3,0.0
AL-GOV,governor,AL,01059,1769,6702,0,0,8471,-58.23,-73.83,77.8,3.8,15.6,0.2,0.4,0.0
AL-GOV,governor,AL,01061,1601,7083,0,0,8684,-63.13,-77.42,83.1,8.5,3.8,0.4,0.6,0.0
AL-GOV,governor,AL,01063,2421,404,0,0,2825,71.41,55.95,18.1,78.9,0.8,0.1,0.1,0.0
AL-GOV,governor,AL,01065,3154,1958,0,0,5112,23.4,6.9,41.7,55.3,0.8,0.1,0.2,0.0
AL-GOV,governor,AL,01067,2100,4425,0,0,6525,-35.63,-51.08,69.8,25.1,1.6,0.4,0.3,0.0
AL-GOV,governor,AL,01069,10261,20788,0,0,31049,-33.91,-48.19,66.9,24.6,3.5,1.2,0.3,0.1
AL-GOV,governor,AL,01071,3528,12967,0,0,16495,-57.22,-71.94,87.3,3.1,2.5,0.4,1.3,0.0
AL-GOV,governor,AL,01073,129878,79145,0,0,209023,24.27,10.57,50.4,40.4,4.3,2.0,0.2,0.0
AL-GOV,governor,AL,01075,921,3903,0,0,4825,-61.81,-76.43,86.3,10.4,1.2,0.0,0.2,0.0
AL-GOV,governor,AL,01077,9614,20937,0,0,30551,-37.06,-52.01,83.5,9.4,2.7,0.8,0.3,0.0
AL-GOV,governor,AL,01079,2992,8296,0,0,11288,-46.98,-62.73,76.1,10.5,2.2,0.2,4.1,0.0
AL-GOV,governor,AL,01081,22249,28938,0,0,51187,-13.07,-28.16,64.8,22.1,4.5,5.0,0.2,0.1
AL-GOV,governor,AL,01083,12903,24661,0,0,37564,-31.3,-44.44,75.4,13.1,5.4,1.7,0.5,0.1
AL-GOV,governor,AL,01085,3030,926,0,0,3956,53.18,37.49,29.3,67.3,1.2,0.2,0.1,0.0
AL-GOV,governor,AL,01087,4723,757,0,0,5480,72.37,56.68,16.6,78.9,1.7,0.4,0.2,0.0
AL-GOV,governor,AL,01089,71823,66486,0,0,138309,3.86,-9.11,63.7,23.0,5.3,2.7,0.5,0.1
AL-GOV,governor,AL,01091,3764,3012,0,0,6776,11.1,-3.78,45.3,51.1,1.7,0.3,0.0,0.0
AL-GOV,governor,AL,01093,1530,7954,0,0,9484,-67.74,-82.19,90.4,3.8,2.2,0.2,0.3,0.1
AL-GOV,governor,AL,01095,5906,22375,0,0,28281,-58.23,-72.23,80.9,2.3,12.0,0.6,0.4,0.1
AL-GOV,governor,AL,01097,59976,62624,0,0,122600,-2.16,-16.61,57.4,33.4,2.9,2.1,0.9,0.0
AL-GOV,governor,AL,01099,3164,3706,0,0,6870,-7.89,-23.26,54.2,40.6,0.8,0.4,1.4,0.0
AL-GOV,governor,AL,01101,45343,17484,0,0,62827,44.34,31.07,35.2,54.9,3.8,3.5,0.2,0.0
AL-GOV,governor,AL,01103,11331,25929,0,0,37260,-39.18,-53.13,74.9,12.0,7.8,0.7,0.6,0.1
AL-GOV,governor,AL,01105,2461,663,0,0,3124,57.57,42.88,30.4,66.9,0.9,0.1,0.2,0.0
AL-GOV,governor,AL,01107,2863,3375,0,0,6238,-8.2,-23.46,54.3,37.4,5.9,0.4,0.1,0.0
AL-GOV,governor,AL,01109,4159,5104,0,0,9263,-10.2,-25.34,56.9,35.4,2.3,1.8,0.5,0.0
AL-GOV,governor,AL,01111,1949,5817,0,0,7766,-49.81,-65.16,77.7,17.0,1.9,0.4,0.3,0.0
AL-GOV,governor,AL,01113,8407,6091,0,0,14499,15.97,1.68,48.4,42.6,4.4,0.8,0.3,0.2
AL-GOV,governor,AL,01115,7382,23095,0,0,30477,-51.56,-64.58,83.5,9.4,2.3,0.7,0.3,0.0
AL-GOV,governor,AL,01117,28647,51649,0,0,80296,-28.65,-41.31,75.4,12.5,6.1,2.3,0.2,0.0
AL-GOV,governor,AL,01119,2911,801,0,0,3713,56.84,41.45,25.5,70.8,1.1,1.0,0.2,0.0
AL-GOV,governor,AL,01121,9488,13787,0,0,23275,-18.47,-33.95,63.6,31.2,1.8,0.5,0.3,0.0
AL-GOV,governor,AL,01123,4570,9448,0,0,14018,-34.8,-49.9,70.9,23.7,2.1,0.6,0.2,0.0
AL-GOV,governor,AL,01125,28003,31671,0,0,59674,-6.15,-20.59,62.1,28.6,4.8,1.5,0.2,0.0
AL-GOV,governor,AL,01127,4391,16470,0,0,20861,-57.9,-72.26,87.7,5.8,2.6,0.4,0.3,0.0
AL-GOV,governor,AL,01129,1770,4139,0,0,5910,-40.08,-55.63,67.7,21.9,0.8,0.1,6.8,0.0
AL-GOV,governor,AL,01131,2705,977,0,0,3682,46.94,31.59,29.6,67.8,1.0,0.1,0.1,0.1
AL-GOV,governor,AL,01133,1163,6645,0,0,7808,-70.21,-84.04,93.0,0.6,2.5,0.2,0.4,0.0
AR-GOV,governor,AR,05001,1255,2410,276,0,3941,-31.51,-44.88,70.2,23.0,2.9,0.6,0.2,0.0
AR-GOV,governor,AR,05003,1499,3146,350,0,4994,-35.47,-48.72,68.7,23.9,4.7,0.2,0.2,0.0
AR-GOV,governor,AR,05005,3779,10067,1042,0,14888,-45.42,-57.84,92.4,0.2,2.0,0.6,0.5,0.0
AR-GOV,governor,AR,05007,35403,49504,6391,0,91298,-16.61,-27.69,71.1,1.5,15.4,4.8,1.3,0.7
AR-GOV,governor,AR,05009,2628,8679,851,0,12159,-53.51,-66.07,91.3,0.2,2.1,0.7,0.7,0.1
AR-GOV,governor,AR,05011,793,1327,160,0,2280,-25.22,-39.45,57.8,27.6,12.0,0.3,0.3,0.0
AR-GOV,governor,AR,05013,357,1025,104,0,1486,-48.29,-63.08,74.7,19.9,1.9,0.1,0.1,0.2
AR-GOV,governor,AR,05015,3036,4587,574,0,8196,-20.35,-32.42,78.8,0.3,12.3,1.7,0.9,1.1
AR-GOV,governor,AR,05017,1361,944,174,0,2479,18.09,4.0,41.5,50.5,4.7,0.5,0.2,0.1
AR-GOV,governor,AR,05019,2345,2713,381,0,5439,-7.28,-20.94,67.8,23.2,4.0,0.7,0.4,0.1
AR-GOV,governor,AR,05021,819,2463,247,0,3529,-50.08,-62.79,94.2,0.3,1.7,0.1,0.4,0.0
AR-GOV,governor,AR,05023,1824,6594,633,0,9052,-56.67,-69.03,93.1,0.2,1.9,0.4,0.5,0.0
AR-GOV,governor,AR,05025,504,1725,168,0,2397,-54.77,-68.51,86.4,8.6,1.9,0.1,0.4,0.0
AR-GOV,governor,AR,05027,2000,3245,395,0,5641,-23.74,-37.04,60.3,33.3,3.0,0.7,0.3,0.0
AR-GOV,governor,AR,05029,2034,3609,425,0,6068,-27.93,-41.29,79.7,10.5,3.5,0.4,0.7,0.1
AR-GOV,governor,AR,05031,9082,15523,1852,0,26457,-26.18,-38.34,75.2,14.2,5.0,1.7,0.3,0.0
AR-GOV,governor,AR,05033,4156,11593,1185,0,16934,-47.22,-59.32,82.0,1.3,6.1,1.6,2.0,0.0
AR-GOV,governor,AR,05035,5598,4099,730,0,10427,15.46,2.32,43.0,50.8,2.5,0.8,0.2,0.0
AR-GOV,governor,AR,05037,1382,2935,325,0,4642,-35.98,-48.65,74.0,20.7,1.5,0.6,0.3,0.0
AR-GOV,governor,AR,05039,645,890,116,0,1651,-15.96,-30.0,56.1,38.5,2.3,0.1,0.3,0.0
AR-GOV,governor,AR,05041,1262,1053,174,0,2489,9.05,-4.85,45.1,45.3,5.9,0.5,0.4,0.0
AR-GOV,governor,AR,05043,1661,2544,317,0,4522,-20.98,-34.43,66.0,27.2,3.1,0.6,0.4,0.1
AR-GOV,governor,AR,05045,14215,21768,2708,0,38691,-20.99,-33.15,77.2,10.9,4.6,1.2,0.5,0.0
AR-GOV,governor,AR,05047,1119,3487,347,0,4953,-51.41,-63.84,89.9,0.4,2.3,0.9,1.1,0.1
AR-GOV,governor,AR,05049,832,2500,251,0,3583,-50.05,-63.36,93.2,0.1,0.9,0.4,0.5,0.0
AR-GOV,governor,AR,05051,10502,17462,2105,0,30069,-24.89,-37.09,80.4,7.4,5.5,1.0,0.6,0.1
AR-GOV,governor,AR,05053,1138,4200,402,0,5740,-57.36,-70.0,90.9,2.6,1.9,0.4,0.4,0.0
AR-GOV,governor,AR,05055,2623,7831,787,0,11240,-49.82,-62.26,90.5,1.5,2.7,0.4,0.4,0.5
AR-GOV,governor,AR,05057,1467,2556,303,0,4326,-27.07,-40.49,56.8,27.5,11.8,0.4,0.3,0.0
AR-GOV,governor,AR,05059,2425,5690,611,0,8727,-40.23,-53.2,81.1,10.7,2.9,0.3,0.5,0.0
AR-GOV,governor,AR,05061,970,1986,222,0,3178,-34.38,-47.41,65.8,20.1,9.3,0.6,0.7,0.0
AR-GOV,governor,AR,05063,2384,6874,697,0,9955,-48.5,-60.78,85.8,2.1,6.5,1.0,0.4,0.1
AR-GOV,governor,AR,05065,897,3018,295,0,4210,-54.18,-67.29,90.1,2.2,2.0,0.2,0.6,0.1
AR-GOV,governor,AR,05067,1011,2144,237,0,3392,-35.93,-49.57,77.8,16.3,2.1,0.4,0.3,0.0
AR-GOV,governor,AR,05069,9479,4791,1074,0,15344,32.85,20.38,40.2,54.1,1.9,0.9,0.3,0.1
AR-GOV,governor,AR,05071,1804,4182,450,0,6436,-39.72,-52.51,78.6,1.9,11.0,2.9,0.8,0.1
AR-GOV,governor,AR,05073,571,965,116,0,1652,-25.65,-38.96,63.1,31.5,2.1,0.5,0.6,0.1
AR-GOV,governor,AR,05075,902,2860,283,0,4044,-52.05,-65.37,93.0,1.0,1.7,0.2,0.2,0.1
AR-GOV,governor,AR,05077,970,694,125,0,1790,16.6,3.63,41.8,52.6,2.4,0.2,0.3,0.0
AR-GOV,governor,AR,05079,704,1524,168,0,2396,-36.82,-50.95,62.8,30.2,3.9,0.2,0.2,0.0
AR-GOV,governor,AR,05081,943,2294,244,0,3481,-41.73,-55.1,73.6,17.9,2.5,0.2,1.3,0.1
AR-GOV,governor,AR,05083,1336,4086,408,0,5830,-50.71,-63.54,89.4,1.0,2.3,1.5,1.1,0.0
AR-GOV,governor,AR,05085,5755,14478,1523,0,21755,-43.11,-54.76,83.9,5.8,3.9,1.1,0.5,0.1
AR-GOV,governor,AR,05087,1320,3636,373,0,5329,-46.72,-59.57,86.9,0.2,4.6,0.6,1.2,1.1
AR-GOV,governor,AR,05089,1332,3856,390,0,5578,-48.65,-61.17,92.5,0.1,1.7,0.4,0.7,0.0
AR-GOV,governor,AR,05091,3197,7244,786,0,11227,-38.76,-51.71,67.7,24.2,3.1,0.5,0.6,0.0
AR-GOV,governor,AR,05093,2929,4151,533,0,7613,-17.27,-32.16,59.7,33.1,3.5,0.6,0.2,0.0
AR-GOV,governor,AR,05095,776,831,121,0,1728,-3.39,-16.05,55.2,38.3,2.3,0.5,0.4,0.1
AR-GOV,governor,AR,05097,593,1856,184,0,2634,-51.55,-64.48,89.8,0.2,3.7,0.4,1.1,0.1
AR-GOV,governor,AR,05099,697,1189,142,0,2028,-26.08,-40.04,64.1,28.9,3.3,0.5,0.4,0.0
AR-GOV,governor,AR,05101,586,1905,187,0,2679,-52.92,-65.25,92.5,0.1,0.9,0.3,0.9,0.0
AR-GOV,governor,AR,05103,2675,3023,429,0,6127,-6.1,-19.41,56.3,37.8,1.8,0.6,0.2,0.0
AR-GOV,governor,AR,05105,824,2205,228,0,3257,-45.62,-58.81,91.8,1.2,2.0,0.2,0.5,0.0
AR-GOV,governor,AR,05107,2078,1184,246,0,3507,27.42,13.52,36.4,59.5,1.5,0.5,0.2,0.0
AR-GOV,governor,AR,05109,566,2313,217,0,3097,-60.66,-73.99,85.5,2.4,6.8,0.2,0.8,0.0
AR-GOV,governor,AR,05111,1144,3533,352,0,5030,-51.07,-64.54,85.7,7.3,2.7,0.3,0.4,0.0
AR-GOV,governor,AR,05113,1108,4369,412,0,5889,-59.56,-71.84,85.9,0.2,5.3,0.5,1.5,0.0
AR-GOV,governor,AR,05115,4682,11302,1203,0,17187,-41.41,-53.51,81.3,3.3,8.3,1.1,0.8,0.0
AR-GOV,governor,AR,05117,497,1618,159,0,2274,-53.0,-66.75,84.8,11.0,1.3,0.2,0.2,0.0
AR-GOV,governor,AR,05119,68206,33444,7654,0,109304,34.2,22.71,52.4,33.9,7.0,2.5,0.3,0.1
AR-GOV,governor,AR,05121,1053,3332,330,0,4715,-51.96,-65.01,90.5,0.8,1.7,0.3,0.5,2.3
AR-GOV,governor,AR,05123,2252,1697,297,0,4246,14.07,0.75,42.5,51.6,3.0,0.5,0.3,0.0
AR-GOV,governor,AR,05125,13338,24724,2865,0,40927,-29.91,-41.05,81.3,7.5,5.5,1.2,0.4,0.0
AR-GOV,governor,AR,05127,430,1806,168,0,2405,-61.55,-74.54,84.7,0.1,5.7,2.8,1.8,0.1
AR-GOV,governor,AR,05129,506,2051,192,0,2749,-60.44,-73.22,90.9,0.0,1.4,0.3,0.9,0.1
AR-GOV,governor,AR,05131,10852,18627,2219,0,31697,-26.37,-38.19,68.9,5.9,12.4,4.7,1.8,0.1
AR-GOV,governor,AR,05133,797,2318,234,0,3349,-48.86,-62.8,59.3,4.0,29.1,0.5,1.8,1.2
AR-GOV,governor,AR,05135,1196,3718,370,0,5284,-51.33,-63.92,92.1,0.5,1.6,0.3,0.8,0.1
AR-GOV,governor,AR,05137,995,2989,300,0,4284,-50.05,-63.07,92.8,0.1,1.8,0.2,0.8,0.0
AR-GOV,governor,AR,05139,4018,6187,768,0,10974,-21.25,-34.03,61.3,31.2,3.6,0.7,0.3,0.0
AR-GOV,governor,AR,05141,1291,3745,379,0,5415,-48.72,-61.47,91.5,0.4,2.4,0.4,0.7,0.0
AR-GOV,governor,AR,05143,33704,30472,4831,0,69007,5.04,-6.87,69.9,3.3,15.3,2.5,1.0,2.6
AR-GOV,governor,AR,05145,5062,15315,1533,0,21910,-50.32,-62.59,85.6,4.8,3.5,0.8,0.4,0.0
AR-GOV,governor,AR,05147,621,910,115,0,1647,-18.84,-33.13,68.5,26.1,1.3,0.3,0.2,0.0
AR-GOV,governor,AR,05149,1089,3191,322,0,4602,-49.12,-61.86,76.2,1.1,17.5,1.0,0.6,0.0
AZ-GOV,governor,AZ,04001,15223,6902,287,0,22412,37.61,19.19,22.9,0.3,5.2,0.5,69.1,0.0
AZ-GOV,governor,AZ,04003,18693,22026,528,0,41247,-8.19,-23.42,58.9,3.6,29.9,2.2,0.6,0.3
AZ-GOV,governor,AZ,04005,32835,15582,628,0,49045,35.64,20.16,56.9,1.4,13.7,1.9,21.8,0.2
AZ-GOV,governor,AZ,04007,7412,11695,248,0,19355,-22.41,-37.94,66.7,0.4,15.2,0.8,13.5,0.1
AZ-GOV,governor,AZ,04009,3521,6972,136,0,10629,-32.89,-48.59,55.4,1.5,28.4,0.5,12.0,0.1
AZ-GOV,governor,AZ,04011,862,1424,30,0,2316,-24.57,-41.51,50.0,0.8,42.9,0.9,2.6,0.0
AZ-GOV,governor,AZ,04012,1873,3395,68,0,5337,-28.89,-44.5,62.2,0.7,20.9,0.7,11.6,0.2
AZ-GOV,governor,AZ,04013,795846,623506,18403,0,1437756,12.14,-3.52,58.0,5.3,26.7,4.6,1.5,0.2
AZ-GOV,governor,AZ,04015,22671,53661,990,0,77322,-40.6,-56.12,78.1,1.0,13.7,1.3,1.7,0.2
AZ-GOV,governor,AZ,04017,17397,17643,454,0,35495,-0.7,-17.37,45.6,0.7,9.3,0.6,41.2,0.1
AZ-GOV,governor,AZ,04019,231460,123153,4598,0,359210,30.54,15.34,56.1,3.4,31.8,3.0,2.1,0.2
AZ-GOV,governor,AZ,04021,67546,77267,1878,0,146691,-6.71,-22.29,61.2,4.7,24.8,1.6,3.7,0.2
AZ-GOV,governor,AZ,04023,9167,4045,171,0,13384,38.77,18.8,18.5,0.3,79.4,0.6,0.2,0.0
AZ-GOV,governor,AZ,04025,41957,61291,1339,0,104587,-18.73,-34.19,81.0,0.6,11.8,1.2,1.2,0.1
AZ-GOV,governor,AZ,04027,23089,24038,611,0,47738,-2.01,-20.6,34.9,1.9,58.5,1.3,0.9,0.1
CA-GOV,governor,CA,06001,378575,89566,0,0,468141,61.74,56.03,30.6,9.8,21.4,32.3,0.2,0.8
CA-GOV,governor,CA,06003,349,167,0,0,516,35.12,32.69,72.0,0.9,6.1,1.1,16.1,0.0
CA-GOV,governor,CA,06005,5917,9756,0,0,15673,-24.49,-28.6,75.1,3.5,13.4,1.4,1.3,0.2
CA-GOV,governor,CA,06007,33379,32731,0,0,66110,0.98,-3.23,69.3,1.5,16.9,4.7,1.4,0.2
CA-GOV,governor,CA,06009,6995,11530,0,0,18525,-24.48,-28.85,79.1,0.7,11.1,1.7,1.1,0.2
CA-GOV,governor,CA,06011,1906,3006,0,0,4912,-22.4,-28.97,37.1,0.9,56.1,1.3,1.3,0.3
CA-GOV,governor,CA,06013,266833,102602,0,0,369435,44.45,39.29,42.4,8.5,24.4,18.8,0.2,0.5
CA-GOV,governor,CA,06015,3194,4190,0,0,7384,-13.49,-16.82,61.7,3.6,18.1,2.6,6.6,0.1
CA-GOV,governor,CA,06017,35772,42477,0,0,78248,-8.57,-12.31,76.4,0.8,11.8,4.6,0.7,0.1
CA-GOV,governor,CA,06019,117633,113576,0,0,231209,1.75,-4.66,31.0,4.4,49.6,11.1,0.6,0.1
CA-GOV,governor,CA,06021,2520,4745,0,0,7265,-30.62,-35.77,52.7,0.6,39.1,2.2,1.6,0.1
CA-GOV,governor,CA,06023,30053,14845,0,0,44898,33.87,29.73,72.0,1.3,11.9,2.4,4.7,0.3
CA-GOV,governor,CA,06025,20789,16873,0,0,37662,10.4,-0.83,10.8,2.6,83.0,1.5,0.9,0.1
CA-GOV,governor,CA,06027,3130,3127,0,0,6257,0.04,-2.99,63.3,0.5,19.6,1.5,10.5,0.1
CA-GOV,governor,CA,06029,83487,114487,0,0,197974,-15.66,-21.57,34.7,5.3,50.5,5.4,0.6,0.1
CA-GOV,governor,CA,06031,13381,18624,0,0,32005,-16.38,-21.98,32.4,6.1,52.9,4.1,1.1,0.2
CA-GOV,governor,CA,06033,9706,9004,0,0,18709,3.75,-1.4,69.3,1.8,18.8,1.5,2.2,0.1
CA-GOV,governor,CA,06035,1934,6020,0,0,7954,-51.37,-55.32,59.1,8.0,23.4,1.5,2.7,0.7
CA-GOV,governor,CA,06037,1834069,772540,0,0,2606609,40.72,34.03,28.0,7.8,44.8,15.8,0.2,0.2
CA-GOV,governor,CA,06039,16068,22131,0,0,38199,-15.87,-21.33,35.9,3.1,53.9,2.5,1.1,0.1
CA-GOV,governor,CA,06041,85374,15336,0,0,100710,69.54,65.7,69.0,2.5,16.6,6.6,0.2,0.2
CA-GOV,governor,CA,06043,2728,3924,0,0,6652,-17.99,-21.66,77.9,0.7,10.4,1.7,2.5,0.1
CA-GOV,governor,CA,06045,18214,9097,0,0,27311,33.38,28.01,66.4,0.7,21.8,2.0,3.5,0.1
CA-GOV,governor,CA,06047,30892,29044,0,0,59936,3.08,-4.21,28.3,3.2,57.2,7.6,0.5,0.2
CA-GOV,governor,CA,06049,778,2032,0,0,2810,-44.64,-48.2,77.1,0.7,12.4,0.9,4.1,0.1
CA-GOV,governor,CA,06051,2634,1606,0,0,4241,24.24,21.11,69.9,0.5,22.6,1.3,1.3,0.2
CA-GOV,governor,CA,06053,70349,32241,0,0,102590,37.15,30.81,31.9,2.4,54.9,6.5,0.3,0.5
CA-GOV,governor,CA,06055,32166,13630,0,0,45796,40.47,35.97,54.5,1.7,31.1,7.7,0.4,0.2
CA-GOV,governor,CA,06057,25188,18260,0,0,43448,15.94,12.69,83.5,0.4,8.5,1.4,0.7,0.1
CA-GOV,governor,CA,06059,523848,448680,0,0,972528,7.73,2.75,40.6,1.6,31.1,22.6,0.2,0.2
CA-GOV,governor,CA,06061,77681,86462,0,0,164143,-5.35,-8.74,70.8,1.6,12.9,8.5,0.5,0.2
CA-GOV,governor,CA,06063,3014,4029,0,0,7042,-14.41,-17.5,83.5,0.5,7.6,0.8,1.8,0.2
CA-GOV,governor,CA,06065,342661,314751,0,0,657412,4.25,-1.28,36.6,6.2,45.6,7.4,0.5,0.3
CA-GOV,governor,CA,06067,287427,171708,0,0,459135,25.2,20.43,44.7,9.1,21.1,17.4,0.5,1.1
CA-GOV,governor,CA,06069,11520,7816,0,0,19336,19.15,12.93,34.8,0.8,56.8,3.8,0.4,0.2
CA-GOV,governor,CA,06071,281045,255635,0,0,536681,4.73,-1.85,29.2,8.0,50.0,8.8,0.4,0.3
CA-GOV,governor,CA,06073,630265,402886,0,0,1033150,22.01,17.3,46.4,4.5,30.9,12.7,0.4,0.4
CA-GOV,governor,CA,06075,243767,37906,0,0,281673,73.09,67.59,40.6,5.1,14.6,34.3,0.2,0.4
CA-GOV,governor,CA,06077,98002,86364,0,0,184366,6.31,-0.91,31.5,7.5,37.9,17.7,0.4,0.7
CA-GOV,governor,CA,06079,60503,44918,0,0,105421,14.78,11.21,68.4,1.7,20.7,3.8,0.4,0.1
CA-GOV,governor,CA,06081,181745,49344,0,0,231089,57.29,52.06,38.2,2.1,23.1,30.8,0.1,1.1
CA-GOV,governor,CA,06083,85275,43838,0,0,129113,32.09,27.53,45.9,1.6,41.7,6.5,0.4,0.1
CA-GOV,governor,CA,06085,386064,138449,0,0,524514,47.21,41.54,31.1,2.3,23.1,39.5,0.2,0.3
CA-GOV,governor,CA,06087,75586,18121,0,0,93707,61.32,56.62,57.6,1.2,30.9,5.0,0.3,0.1
CA-GOV,governor,CA,06089,20653,41544,0,0,62197,-33.59,-37.39,78.2,1.0,9.1,3.2,2.1,0.2
CA-GOV,governor,CA,06091,484,744,0,0,1227,-21.19,-24.9,83.5,0.1,9.4,0.3,0.5,0.0
CA-GOV,governor,CA,06093,6312,8721,0,0,15033,-16.03,-19.87,76.5,1.1,10.5,1.9,3.4,0.1
CA-GOV,governor,CA,06095,85588,47070,0,0,132658,29.04,23.71,37.4,13.6,25.0,16.7,0.4,0.9
CA-GOV,governor,CA,06097,133777,41836,0,0,175613,52.35,47.83,62.9,1.5,25.0,4.8,0.6,0.4
CA-GOV,governor,CA,06099,65742,72340,0,0,138082,-4.78,-11.24,42.0,2.7,43.6,6.3,0.5,0.7
CA-GOV,governor,CA,06101,10329,17191,0,0,27520,-24.93,-32.19,45.3,1.9,27.7,18.7,0.9,0.3
CA-GOV,governor,CA,06103,5754,12811,0,0,18565,-38.01,-42.78,67.5,0.6,22.9,1.6,1.7,0.2
CA-GOV,governor,CA,06105,1859,2089,0,0,3949,-5.83,-9.76,72.6,0.4,5.1,13.5,2.4,0.1
CA-GOV,governor,CA,06107,41261,55468,0,0,96729,-14.69,-21.2,30.7,1.2,60.8,3.8,0.8,0.1
CA-GOV,governor,CA,06109,8210,11945,0,0,20155,-18.53,-22.41,77.8,2.1,11.4,1.4,1.4,0.2
CA-GOV,governor,CA,06111,162653,107897,0,0,270550,20.24,15.57,46.8,1.7,39.3,8.0,0.3,0.2
CA-GOV,governor,CA,06113,46093,18648,0,0,64742,42.39,37.6,46.7,2.7,29.9,14.6,0.5,0.5
CA-GOV,governor,CA,06115,8168,12869,0,0,21037,-22.34,-26.58,55.7,3.6,25.2,6.8,1.3,0.5
CO-GOV,governor,CO,08001,94092,63467,5884,0,163443,19.44,9.26,50.6,3.1,37.5,4.5,0.6,0.2
CO-GOV,governor,CO,08003,2554,2526,190,0,5271,0.55,-11.14,49.3,1.5,43.4,0.9,1.4,0.1
CO-GOV,governor,CO,08005,142791,76937,8206,0,227934,29.97,20.7,60.1,10.0,18.2,6.5,0.4,0.2
CO-GOV,governor,CO,08007,2944,3370,236,0,6551,-6.75,-14.4,79.4,0.3,13.7,0.7,1.2,0.0
CO-GOV,governor,CO,08009,251,1102,51,0,1403,-62.93,-71.95,85.3,0.5,8.2,0.3,1.1,0.0
CO-GOV,governor,CO,08011,521,957,55,0,1533,-29.51,-39.75,60.2,5.1,29.4,0.8,1.9,0.0
CO-GOV,governor,CO,08013,109858,22586,4947,0,137391,65.89,57.3,76.8,1.0,12.5,5.1,0.3,0.1
CO-GOV,governor,CO,08014,21651,9960,1181,0,32792,36.98,29.35,75.4,1.3,11.7,6.9,0.3,0.1
CO-GOV,governor,CO,08015,5849,3884,363,0,10096,20.19,13.96,84.2,1.6,8.8,0.7,0.7,0.1
CO-GOV,governor,CO,08017,108,604,27,0,739,-69.57,-79.19,87.3,0.1,9.3,0.2,0.0,0.0
CO-GOV,governor,CO,08019,2558,1560,154,0,4271,24.24,17.11,87.8,0.4,6.2,0.9,0.4,0.1
CO-GOV,governor,CO,08021,1295,1476,103,0,2874,-6.54,-18.34,45.4,0.1,51.6,0.3,0.6,0.0
CO-GOV,governor,CO,08023,895,509,52,0,1456,27.48,15.21,38.7,0.8,54.3,1.8,1.0,0.0
CO-GOV,governor,CO,08025,344,808,43,0,1194,-40.3,-48.94,58.2,9.5,26.1,1.3,2.9,0.0
CO-GOV,governor,CO,08027,928,1681,97,0,2707,-28.85,-36.99,90.6,0.3,3.5,0.5,0.9,0.0
CO-GOV,governor,CO,08029,4685,8461,491,0,13637,-28.72,-36.45,82.3,0.4,11.7,0.7,0.4,0.0
CO-GOV,governor,CO,08031,205484,39775,9161,0,254420,67.56,57.69,58.7,8.0,24.5,3.9,0.5,0.2
CO-GOV,governor,CO,08033,264,694,36,0,994,-44.93,-53.6,85.3,0.7,6.0,0.3,1.7,0.2
CO-GOV,governor,CO,08035,82878,81712,6146,0,170736,0.71,-7.17,80.2,1.4,8.3,5.5,0.3,0.1
CO-GOV,governor,CO,08037,12634,6128,701,0,19463,34.67,25.08,68.6,0.6,26.8,1.4,0.2,0.1
CO-GOV,governor,CO,08039,3881,9903,515,0,14299,-43.68,-52.27,87.1,0.5,6.7,0.7,0.5,0.1
CO-GOV,governor,CO,08041,125312,131799,9601,0,266711,-2.52,-10.08,69.3,5.6,15.4,3.2,0.5,0.4
CO-GOV,governor,CO,08043,5893,11297,642,0,17832,-31.44,-39.4,77.8,4.3,11.6,0.7,1.6,0.1
CO-GOV,governor,CO,08045,11305,9193,765,0,21264,10.3,2.14,67.1,0.5,27.4,0.7,0.5,0.1
CO-GOV,governor,CO,08047,1680,1107,104,0,2891,20.58,13.18,86.0,0.6,6.0,1.5,0.7,0.1
CO-GOV,governor,CO,08049,3563,3107,249,0,6919,6.83,-0.83,87.5,0.4,8.0,0.6,0.3,0.1
CO-GOV,governor,CO,08051,5118,2265,276,0,7659,38.65,30.24,86.1,0.4,8.0,0.7,0.4,0.0
CO-GOV,governor,CO,08053,194,216,15,0,425,-5.5,-12.73,90.7,0.5,3.8,0.3,0.9,0.0
CO-GOV,governor,CO,08055,1516,1481,112,0,3110,1.17,-8.84,66.0,0.7,27.4,0.4,1.0,0.0
CO-GOV,governor,CO,08057,145,418,21,0,584,-48.62,-57.13,86.3,0.0,7.7,0.2,1.1,0.0
CO-GOV,governor,CO,08059,155946,88133,9115,0,253194,27.78,20.03,77.3,1.1,13.8,3.1,0.5,0.1
CO-GOV,governor,CO,08061,95,488,22,0,604,-67.54,-75.89,88.8,0.3,5.2,0.8,0.0,0.1
CO-GOV,governor,CO,08063,501,1995,93,0,2589,-59.83,-69.44,79.1,0.3,16.3,0.5,0.3,0.1
CO-GOV,governor,CO,08065,1667,973,99,0,2739,26.29,17.09,62.7,0.5,31.1,0.9,0.6,0.1
CO-GOV,governor,CO,08067,15317,8767,899,0,24984,27.2,19.17,78.8,0.3,11.0,0.7,4.7,0.0
CO-GOV,governor,CO,08069,95659,56609,5686,0,157955,25.65,18.12,81.2,1.0,10.6,2.4,0.4,0.1
CO-GOV,governor,CO,08071,2510,2749,196,0,5456,-4.54,-13.83,58.0,1.3,35.9,0.7,1.0,0.1
CO-GOV,governor,CO,08073,378,1358,65,0,1800,-56.46,-65.74,74.4,6.1,13.4,0.7,1.3,0.3
CO-GOV,governor,CO,08075,1752,5110,256,0,7118,-48.94,-57.84,77.2,3.9,14.8,0.6,0.9,0.1
CO-GOV,governor,CO,08077,25419,36414,2309,0,64143,-17.78,-24.9,80.2,0.6,12.8,1.1,0.6,0.1
CO-GOV,governor,CO,08079,241,268,19,0,527,-5.33,-13.62,91.3,0.0,4.3,0.4,0.5,0.0
CO-GOV,governor,CO,08081,989,3514,168,0,4671,-56.06,-64.23,80.5,0.6,13.6,0.4,0.9,0.0
CO-GOV,governor,CO,08083,4405,5812,382,0,10599,-13.76,-21.53,74.2,0.2,10.0,0.5,10.5,0.1
CO-GOV,governor,CO,08085,6399,10896,646,0,17941,-26.0,-33.32,76.7,0.3,17.8,0.8,0.6,0.0
CO-GOV,governor,CO,08087,2760,6328,339,0,9427,-39.26,-49.84,61.5,2.9,32.2,0.6,0.4,0.0
CO-GOV,governor,CO,08089,2488,3536,225,0,6249,-17.4,-27.13,57.4,0.8,37.3,0.6,0.7,0.1
CO-GOV,governor,CO,08091,1790,976,103,0,2869,29.44,21.64,90.0,0.4,5.0,0.5,0.4,0.0
CO-GOV,governor,CO,08093,3695,4436,304,0,8435,-9.12,-17.03,87.4,0.5,5.9,0.6,0.7,0.1
CO-GOV,governor,CO,08095,363,1227,59,0,1649,-54.37,-64.17,74.9,0.2,22.3,0.6,0.3,0.0
CO-GOV,governor,CO,08097,5865,1671,281,0,7817,55.64,45.22,84.3,0.6,10.1,1.8,0.2,0.0
CO-GOV,governor,CO,08099,1013,2460,130,0,3602,-41.66,-51.5,61.3,0.8,33.5,0.3,1.0,0.1
CO-GOV,governor,CO,08101,30210,27232,2145,0,59587,5.18,-5.25,54.6,1.8,38.0,1.0,0.8,0.1
CO-GOV,governor,CO,08103,532,1960,93,0,2585,-57.33,-64.86,85.9,0.5,7.9,0.4,0.8,0.0
CO-GOV,governor,CO,08105,1800,2380,156,0,4336,-13.87,-23.76,57.6,0.5,37.0,0.3,1.0,0.0
CO-GOV,governor,CO,08107,7527,3495,412,0,11434,36.58,28.53,87.4,0.6,7.4,0.7,0.3,0.2
CO-GOV,governor,CO,08109,1320,975,86,0,2381,15.05,3.87,60.4,0.3,33.4,1.0,1.3,0.0
CO-GOV,governor,CO,08111,277,121,15,0,412,39.15,33.33,85.5,0.0,9.3,0.0,0.3,0.0
CO-GOV,governor,CO,08113,2596,645,121,0,3362,60.18,50.72,85.4,0.3,9.2,0.8,0.6,0.0
CO-GOV,governor,CO,08115,235,682,34,0,951,-48.71,-57.48,83.4,0.2,12.2,0.6,0.5,0.0
CO-GOV,governor,CO,08117,8702,3136,442,0,12280,47.01,38.33,79.6,0.8,14.5,1.4,0.2,0.1
CO-GOV,governor,CO,08119,3959,7068,412,0,11439,-28.19,-36.37,87.0,0.6,5.8,0.8,0.5,0.0
CO-GOV,governor,CO,08121,311,1584,71,0,1965,-67.21,-76.2,86.3,0.6,9.0,0.3,0.2,0.3
CO-GOV,governor,CO,08123,53203,68222,4534,0,125960,-12.37,-21.53,66.4,1.2,26.5,1.8,0.4,0.1
CO-GOV,governor,CO,08125,657,2490,118,0,3265,-58.23,-66.79,74.1,0.2,23.3,0.3,0.2,0.0
CT-GOV,governor,CT,09001,199102,117503,0,0,316605,25.77,19.93,60.6,10.4,19.4,5.3,0.1,0.0
CT-GOV,governor,CT,09003,192785,107678,0,0,300463,28.33,22.94,61.9,12.8,16.1,5.6,0.1,0.0
CT-GOV,governor,CT,09005,35727,38447,0,0,74174,-3.67,-8.15,86.4,1.5,6.3,1.8,0.1,0.0
CT-GOV,governor,CT,09007,40171,28088,0,0,68260,17.7,13.06,82.6,4.7,6.0,3.0,0.1,0.0
CT-GOV,governor,CT,09009,163767,114750,0,0,278517,17.6,12.18,63.1,12.2,16.8,4.3,0.2,0.0
CT-GOV,governor,CT,09011,56515,39730,0,0,96245,17.44,12.83,75.9,5.2,9.6,4.0,0.7,0.1
CT-GOV,governor,CT,09013,32252,24805,0,0,57057,13.05,8.16,81.7,3.4,5.5,5.7,0.1,0.0
CT-GOV,governor,CT,09015,18956,20862,0,0,39819,-4.79,-10.43,81.8,1.8,10.2,1.8,0.3,0.0
FL-GOV,governor,FL,12001,61720,33889,480,0,96089,29.11,21.29,60.7,16.6,11.6,6.6,0.2,0.0
FL-GOV,governor,FL,12003,1786,8670,53,0,10509,-65.83,-73.41,78.8,14.1,3.3,0.5,0.4,0.1
FL-GOV,governor,FL,12005,20277,48096,344,0,68716,-40.69,-47.88,75.9,9.5,6.8,2.4,0.5,0.1
FL-GOV,governor,FL,12007,2446,7273,49,0,9768,-49.67,-57.51,72.2,19.7,4.8,0.5,0.2,0.0
FL-GOV,governor,FL,12009,109108,143738,1271,0,254117,-13.7,-21.05,74.2,8.6,9.8,2.6,0.3,0.1
FL-GOV,governor,FL,12011,388981,221982,3070,0,614033,27.33,17.13,35.9,25.1,30.5,3.8,0.1,0.0
FL-GOV,governor,FL,12013,903,3586,23,0,4511,-59.78,-68.03,77.1,13.1,4.3,0.4,0.7,0.0
FL-GOV,governor,FL,12015,32019,54434,434,0,86888,-25.93,-34.19,84.6,4.4,6.3,1.3,0.2,0.0
FL-GOV,governor,FL,12017,21143,47497,345,0,68984,-38.39,-46.17,87.3,2.4,5.1,1.5,0.3,0.0
FL-GOV,governor,FL,12019,29624,59055,446,0,89125,-33.19,-39.63,71.2,11.1,9.3,3.3,0.3,0.2
FL-GOV,governor,FL,12021,56979,94472,761,0,152212,-24.76,-33.28,67.5,5.2,23.6,1.4,0.1,0.0
FL-GOV,governor,FL,12023,6718,16749,118,0,23585,-42.75,-50.54,72.7,15.7,6.5,1.3,0.3,0.0
FL-GOV,governor,FL,12027,2895,5829,44,0,8768,-33.62,-43.2,59.3,12.8,25.1,0.5,0.3,0.0
FL-GOV,governor,FL,12029,1053,4634,29,0,5715,-62.97,-70.8,82.5,9.9,3.8,0.4,0.4,0.0
FL-GOV,governor,FL,12031,174729,154938,1657,0,331324,6.0,-1.49,52.9,27.1,10.3,5.0,0.2,0.1
FL-GOV,governor,FL,12033,49788,64095,572,0,114455,-12.56,-19.75,65.8,19.3,5.8,3.2,0.7,0.1
FL-GOV,governor,FL,12035,22345,33528,281,0,56154,-20.01,-28.43,75.8,8.6,9.4,2.2,0.2,0.0
FL-GOV,governor,FL,12037,1507,3219,24,0,4750,-36.21,-44.19,80.0,11.8,4.8,0.2,0.3,0.0
FL-GOV,governor,FL,12039,10618,4656,77,0,15351,39.04,30.92,36.0,51.4,9.7,0.4,0.2,0.0
FL-GOV,governor,FL,12041,1455,6016,38,0,7509,-61.04,-68.62,84.5,4.5,6.5,0.4,0.3,0.0
FL-GOV,governor,FL,12043,1020,2671,19,0,3710,-44.72,-53.5,61.6,12.3,22.5,0.3,1.2,0.0
FL-GOV,governor,FL,12045,1609,4468,31,0,6107,-47.06,-54.47,79.9,12.3,3.5,0.3,0.6,0.0
FL-GOV,governor,FL,12047,1388,2618,20,0,4027,-30.7,-39.31,56.8,31.6,8.7,0.3,0.3,0.0
FL-GOV,governor,FL,12049,1505,4180,29,0,5713,-47.06,-56.7,51.7,9.3,36.3,0.7,0.2,0.0
FL-GOV,governor,FL,12051,3402,5992,47,0,9441,-27.58,-38.63,33.6,10.1,53.4,0.9,0.4,0.0
FL-GOV,governor,FL,12053,27451,49902,389,0,77741,-29.02,-37.33,77.1,4.5,13.1,1.3,0.3,0.0
FL-GOV,governor,FL,12055,12193,24049,182,0,36424,-32.71,-40.99,69.5,8.3,17.6,1.6,0.3,0.0
FL-GOV,governor,FL,12057,249078,220981,2362,0,472422,5.98,-3.1,49.0,14.6,27.5,4.8,0.2,0.1
FL-GOV,governor,FL,12059,836,5526,32,0,6394,-73.73,-80.56,85.6,6.9,3.2,0.5,0.7,0.1
FL-GOV,governor,FL,12061,27793,41507,348,0,69648,-19.79,-27.53,77.6,7.0,10.8,1.4,0.2,0.0
FL-GOV,governor,FL,12063,4789,10641,78,0,15508,-37.93,-46.35,66.0,25.6,4.2,0.6,0.4,0.0
FL-GOV,governor,FL,12065,2700,3242,30,0,5972,-9.12,-18.74,62.0,30.7,4.0,0.3,0.3,0.0
FL-GOV,governor,FL,12067,413,2211,13,0,2637,-68.5,-76.4,74.3,13.7,9.9,0.1,0.2,0.0
FL-GOV,governor,FL,12069,65425,93041,796,0,159262,-17.43,-24.86,69.6,9.0,14.9,2.2,0.3,0.1
FL-GOV,governor,FL,12071,110016,164490,1379,0,275885,-19.84,-28.58,69.3,6.4,19.5,1.7,0.2,0.0
FL-GOV,governor,FL,12073,71425,38422,552,0,110399,30.05,22.03,56.7,28.3,7.5,3.5,0.2,0.1
FL-GOV,governor,FL,12075,4868,12164,86,0,17117,-42.84,-50.54,79.4,7.8,7.9,0.7,0.3,0.0
FL-GOV,governor,FL,12077,499,1936,12,0,2448,-59.01,-67.32,70.9,19.0,6.3,0.3,0.8,0.0
FL-GOV,governor,FL,12079,2562,3830,32,0,6423,-19.84,-29.03,58.3,33.9,4.7,0.3,0.3,0.0
FL-GOV,governor,FL,12081,67725,92344,804,0,160873,-15.38,-23.69,73.0,7.0,14.6,2.1,0.2,0.1
FL-GOV,governor,FL,12083,56884,92692,752,0,150328,-23.94,-31.86,71.2,10.3,13.0,1.6,0.3,0.0
FL-GOV,governor,FL,12085,26377,42438,346,0,69161,-23.34,-31.31,79.2,4.3,12.2,1.4,0.1,0.0
FL-GOV,governor,FL,12086,387689,376504,3840,0,768034,1.46,-11.53,13.0,13.4,69.9,1.6,0.1,0.0
FL-GOV,governor,FL,12087,14064,16932,156,0,31152,-9.25,-18.48,69.2,4.8,21.4,1.4,0.2,0.1
FL-GOV,governor,FL,12089,13559,32369,231,0,46158,-40.96,-47.32,85.7,5.4,4.1,1.0,0.2,0.1
FL-GOV,governor,FL,12091,25302,54263,400,0,79964,-36.4,-42.92,72.1,8.7,9.0,3.5,0.4,0.2
FL-GOV,governor,FL,12093,3092,8120,56,0,11268,-44.85,-54.07,66.6,8.8,20.7,0.8,0.6,0.0
FL-GOV,governor,FL,12095,260879,163681,2134,0,426695,22.89,13.78,39.9,17.6,31.7,5.6,0.2,0.1
FL-GOV,governor,FL,12097,66278,54413,607,0,121298,9.83,-1.47,31.3,8.9,52.7,3.1,0.1,0.1
FL-GOV,governor,FL,12099,288181,233122,2620,0,523923,10.56,0.77,56.6,15.6,21.3,2.9,0.1,0.0
FL-GOV,governor,FL,12101,91524,131130,1119,0,223773,-17.79,-25.48,73.2,5.3,14.5,2.9,0.3,0.1
FL-GOV,governor,FL,12103,185454,176260,1818,0,363532,2.54,-5.28,74.6,8.6,9.3,3.5,0.2,0.1
FL-GOV,governor,FL,12105,106396,137467,1225,0,245088,-12.74,-20.86,58.5,13.0,23.0,1.9,0.2,0.0
FL-GOV,governor,FL,12107,7648,17679,127,0,25454,-39.61,-48.11,72.9,13.9,8.7,0.7,0.4,0.1
FL-GOV,governor,FL,12109,52200,86060,695,0,138955,-24.49,-31.64,81.1,4.5,7.1,3.3,0.2,0.0
FL-GOV,governor,FL,12111,64190,65171,650,0,130011,-0.76,-9.13,58.4,17.9,17.8,1.8,0.2,0.0
FL-GOV,governor,FL,12113,21818,56832,395,0,79045,-44.52,-51.44,80.2,6.0,5.5,2.2,0.6,0.2
FL-GOV,governor,FL,12115,87545,106852,977,0,195374,-9.93,-18.32,83.4,3.3,8.4,1.9,0.2,0.0
FL-GOV,governor,FL,12117,92498,85008,892,0,178398,4.22,-3.6,59.0,10.4,21.0,5.3,0.2,0.1
FL-GOV,governor,FL,12119,25323,48238,370,0,73931,-31.15,-37.81,86.0,6.0,4.9,0.9,0.2,0.0
FL-GOV,governor,FL,12121,3546,11749,77,0,15372,-53.63,-61.27,75.2,11.2,9.4,0.6,0.4,0.0
FL-GOV,governor,FL,12123,1681,5301,35,0,7016,-51.85,-59.96,72.9,18.8,3.9,1.0,0.5,0.0
FL-GOV,governor,FL,12125,843,3508,22,0,4373,-61.25,-68.65,70.7,21.6,4.7,0.2,0.3,0.0
FL-GOV,governor,FL,12127,93982,123083,1091,0,218156,-13.41,-21.95,71.9,9.2,13.1,1.9,0.2,0.0
FL-GOV,governor,FL,12129,4349,9529,70,0,13947,-37.33,-44.72,77.3,13.1,4.5,0.6,0.5,0.1
FL-GOV,governor,FL,12131,8569,26122,174,0,34866,-50.6,-58.23,82.7,4.4,6.8,1.2,0.6,0.1
FL-GOV,governor,FL,12133,1849,6945,44,0,8839,-57.95,-65.79,78.0,13.4,3.2,0.5,0.9,0.1
GA-GOV,governor,GA,13001,1238,4595,0,0,5833,-57.55,-62.5,72.0,17.4,8.0,0.8,0.2,0.0
GA-GOV,governor,GA,13003,550,1589,0,0,2140,-48.56,-54.1,61.8,14.8,20.9,0.2,0.4,0.0
GA-GOV,governor,GA,13005,521,2866,0,0,3387,-69.23,-73.3,76.7,13.9,6.6,0.4,0.0,0.0
GA-GOV,governor,GA,13007,441,592,0,0,1033,-14.64,-19.89,54.3,39.8,3.4,0.8,0.0,0.0
GA-GOV,governor,GA,13009,6743,6427,0,0,13170,2.4,-2.22,54.2,39.7,2.3,1.4,0.1,0.1
GA-GOV,governor,GA,13011,929,6435,0,0,7364,-74.77,-78.35,88.3,2.2,5.2,1.1,0.3,0.0
GA-GOV,governor,GA,13013,9464,21282,0,0,30746,-38.44,-40.71,69.5,12.0,10.8,3.8,0.2,0.0
GA-GOV,governor,GA,13015,10473,29803,0,0,40276,-48.0,-51.26,76.3,10.3,8.2,1.1,0.3,0.0
GA-GOV,governor,GA,13017,1658,2891,0,0,4549,-27.12,-32.13,56.7,34.8,5.0,0.7,0.3,0.0
GA-GOV,governor,GA,13019,973,4674,0,0,5647,-65.54,-69.96,81.7,10.2,4.5,0.5,0.1,0.0
GA-GOV,governor,GA,13021,30581,17810,0,0,48391,26.39,22.54,39.7,51.4,3.9,2.1,0.2,0.0
GA-GOV,governor,GA,13023,1028,3202,0,0,4230,-51.38,-55.54,73.2,20.6,3.2,1.3,0.1,0.1
GA-GOV,governor,GA,13025,638,5312,0,0,5950,-78.55,-82.64,91.5,3.0,1.5,0.3,0.3,0.0
GA-GOV,governor,GA,13027,1980,3065,0,0,5045,-21.5,-26.86,58.7,33.1,5.0,0.5,0.2,0.0
GA-GOV,governor,GA,13029,5752,11499,0,0,17251,-33.32,-36.54,72.4,14.2,6.0,2.4,0.3,0.1
GA-GOV,governor,GA,13031,8664,14188,0,0,22852,-24.17,-29.14,63.6,26.8,4.7,1.6,0.2,0.1
GA-GOV,governor,GA,13033,3739,4006,0,0,7745,-3.45,-9.37,50.9,43.2,2.6,0.4,0.2,0.0
GA-GOV,governor,GA,13035,2672,6439,0,0,9111,-41.34,-45.34,66.4,27.0,2.7,0.4,0.2,0.0
GA-GOV,governor,GA,13037,841,597,0,0,1438,16.95,12.32,33.4,63.2,1.9,0.3,0.2,0.0
GA-GOV,governor,GA,13039,6341,12128,0,0,18470,-31.33,-35.9,70.3,17.1,5.9,1.6,0.3,0.1
GA-GOV,governor,GA,13043,916,2281,0,0,3197,-42.7,-47.57,63.5,23.7,10.1,0.5,0.2,0.0
GA-GOV,governor,GA,13045,13261,29074,0,0,42335,-37.35,-41.39,70.1,18.2,6.7,0.9,0.2,0.0
GA-GOV,governor,GA,13047,5790,18733,0,0,24523,-52.78,-55.79,88.8,2.6,2.8,1.5,0.3,0.1
GA-GOV,governor,GA,13049,790,2449,0,0,3239,-51.2,-56.35,58.5,18.1,19.4,1.0,0.3,0.0
GA-GOV,governor,GA,13051,60110,38597,0,0,98708,21.79,18.15,50.8,34.5,7.1,3.8,0.2,0.1
GA-GOV,governor,GA,13053,1658,1511,0,0,3169,4.65,5.65,58.5,15.1,16.1,3.6,0.4,0.9
GA-GOV,governor,GA,13055,1496,5997,0,0,7494,-60.07,-64.44,81.8,10.7,3.8,0.4,0.2,0.0
GA-GOV,governor,GA,13057,35950,77618,0,0,113568,-36.69,-39.32,77.0,6.3,10.3,2.1,0.2,0.0
GA-GOV,governor,GA,13059,26485,10504,0,0,36989,43.2,38.68,60.4,21.8,9.6,4.1,0.2,0.0
GA-GOV,governor,GA,13061,565,444,0,0,1009,12.0,7.53,43.3,53.8,0.8,0.3,0.0,0.0
GA-GOV,governor,GA,13063,67925,10201,0,0,78126,73.89,69.61,10.6,68.9,12.4,4.9,0.2,0.0
GA-GOV,governor,GA,13065,544,1492,0,0,2035,-46.58,-51.64,67.0,26.7,3.1,0.3,0.4,0.1
GA-GOV,governor,GA,13067,165238,115534,0,0,280772,17.7,15.04,51.2,25.8,12.6,5.6,0.2,0.0
GA-GOV,governor,GA,13069,3285,7713,0,0,10998,-40.26,-45.23,59.1,27.4,10.3,0.8,0.2,0.0
GA-GOV,governor,GA,13071,3141,8485,0,0,11626,-45.96,-50.33,60.0,20.9,16.0,0.8,0.2,0.0
GA-GOV,governor,GA,13073,23090,37033,0,0,60123,-23.19,-25.84,66.2,17.5,6.4,4.8,0.2,0.2
GA-GOV,governor,GA,13075,1507,3642,0,0,5149,-41.47,-46.63,64.2,26.9,5.4,0.6,0.2,0.0
GA-GOV,governor,GA,13077,20601,39522,0,0,60123,-31.47,-34.1,70.2,17.0,6.6,2.3,0.2,0.0
GA-GOV,governor,GA,13079,1216,3221,0,0,4437,-45.19,-49.97,73.7,19.2,3.0,0.3,0.5,0.0
GA-GOV,governor,GA,13081,2216,3463,0,0,5679,-21.95,-26.03,53.0,41.1,2.7,0.9,0.1,0.0
GA-GOV,governor,GA,13083,1059,4681,0,0,5740,-63.11,-67.03,91.8,0.8,1.9,0.8,0.4,0.0
GA-GOV,governor,GA,13085,2531,11174,0,0,13705,-63.06,-65.58,89.5,0.7,4.9,0.9,0.3,0.1
GA-GOV,governor,GA,13087,3284,4798,0,0,8081,-18.73,-24.04,51.6,40.1,5.3,0.7,0.2,0.0
GA-GOV,governor,GA,13089,217139,38797,0,0,255936,69.68,65.43,30.3,50.2,9.3,6.5,0.1,0.0
GA-GOV,governor,GA,13091,1598,4246,0,0,5844,-45.31,-50.04,65.9,29.3,2.6,0.5,0.1,0.1
GA-GOV,governor,GA,13093,1413,1510,0,0,2922,-3.32,-7.73,43.9,48.6,5.4,0.5,0.2,0.0
GA-GOV,governor,GA,13095,17124,6551,0,0,23675,44.66,41.28,27.0,67.3,2.4,0.8,0.2,0.0
GA-GOV,governor,GA,13097,32831,16636,0,0,49466,32.74,31.67,38.2,46.5,9.4,1.7,0.2,0.1
GA-GOV,governor,GA,13099,1596,1818,0,0,3414,-6.49,-11.48,47.9,48.0,1.4,0.4,0.4,0.0
GA-GOV,governor,GA,13101,117,890,0,0,1007,-76.85,-82.29,68.5,3.8,24.6,0.1,1.2,0.0
GA-GOV,governor,GA,13103,6801,18565,0,0,25366,-46.38,-49.32,76.6,13.3,4.3,1.1,0.3,0.1
GA-GOV,governor,GA,13105,2080,4630,0,0,6711,-38.0,-43.51,66.6,25.7,4.3,0.9,0.2,0.0
GA-GOV,governor,GA,13107,2050,4682,0,0,6732,-39.09,-44.27,63.6,30.5,3.4,0.6,0.2,0.0
GA-GOV,governor,GA,13109,930,2040,0,0,2970,-37.39,-42.53,59.4,28.4,9.0,0.7,0.1,0.1
GA-GOV,governor,GA,13111,2173,9093,0,0,11266,-61.42,-65.0,93.1,0.3,2.4,0.4,0.3,0.0
GA-GOV,governor,GA,13113,25741,26475,0,0,52216,-1.41,-3.18,60.0,24.1,6.7,5.1,0.2,0.0
GA-GOV,governor,GA,13115,9615,21694,0,0,31309,-38.58,-42.18,72.2,13.6,9.4,1.3,0.2,0.0
GA-GOV,governor,GA,13117,33368,63377,0,0,96745,-31.02,-33.46,67.3,4.1,8.9,16.1,0.1,0.0
GA-GOV,governor,GA,13119,1343,7154,0,0,8498,-68.38,-72.79,84.5,7.8,3.7,1.1,0.2,0.0
GA-GOV,governor,GA,13121,279260,95070,0,0,374330,49.21,45.35,40.2,41.2,7.3,7.5,0.1,0.0
GA-GOV,governor,GA,13123,2600,10335,0,0,12936,-59.8,-62.88,87.3,0.4,8.5,0.5,0.2,0.0
GA-GOV,governor,GA,13125,121,1048,0,0,1169,-79.3,-84.04,89.6,7.0,1.4,0.3,0.0,0.0
GA-GOV,governor,GA,13127,11955,18772,0,0,30727,-22.19,-26.12,66.7,22.3,6.2,1.4,0.2,0.1
GA-GOV,governor,GA,13129,3862,15461,0,0,19323,-60.03,-63.74,78.4,3.7,12.9,1.3,0.2,0.0
GA-GOV,governor,GA,13131,2506,4995,0,0,7500,-33.19,-38.36,60.0,27.3,9.3,0.5,0.4,0.0
GA-GOV,governor,GA,13133,3366,5581,0,0,8947,-24.76,-29.08,63.0,28.3,5.4,0.9,0.2,0.0
GA-GOV,governor,GA,13135,176464,117812,0,0,294277,19.93,16.72,35.5,26.2,20.7,14.0,0.2,0.0
GA-GOV,governor,GA,13137,3128,13167,0,0,16295,-61.6,-65.17,78.9,4.1,11.5,2.2,0.2,0.0
GA-GOV,governor,GA,13139,21076,50289,0,0,71365,-40.93,-44.05,64.2,7.0,23.5,2.2,0.2,0.0
GA-GOV,governor,GA,13141,2105,860,0,0,2965,41.98,35.48,29.7,67.2,0.6,0.5,0.3,0.0
GA-GOV,governor,GA,13143,1671,9784,0,0,11455,-70.82,-74.67,90.2,4.4,1.4,0.6,0.2,0.0
GA-GOV,governor,GA,13145,4495,11149,0,0,15644,-42.53,-46.3,75.7,15.5,3.4,1.2,0.3,0.1
GA-GOV,governor,GA,13147,2514,7516,0,0,10030,-49.87,-55.02,77.1,16.1,2.8,1.2,0.1,0.0
GA-GOV,governor,GA,13149,710,3637,0,0,4347,-67.35,-72.26,85.2,8.6,1.8,0.6,0.2,0.0
GA-GOV,governor,GA,13151,58685,31570,0,0,90256,30.04,29.84,38.8,47.1,6.7,3.4,0.2,0.1
GA-GOV,governor,GA,13153,26042,30991,0,0,57033,-8.68,-11.34,55.7,30.7,6.2,3.2,0.2,0.1
GA-GOV,governor,GA,13155,762,2277,0,0,3039,-49.87,-54.42,66.9,22.0,7.2,1.5,0.1,0.0
GA-GOV,governor,GA,13157,7759,25307,0,0,33066,-53.07,-55.41,79.7,6.8,7.5,2.3,0.2,0.1
GA-GOV,governor,GA,13159,1494,4887,0,0,6382,-53.17,-58.59,75.6,17.0,3.6,0.2,0.3,0.0
GA-GOV,governor,GA,13161,747,3363,0,0,4110,-63.63,-68.46,70.4,15.3,11.4,0.4,0.2,0.0
GA-GOV,governor,GA,13163,2736,2485,0,0,5221,4.81,-1.22,45.0,50.3,2.3,0.5,0.2,0.0
GA-GOV,governor,GA,13165,886,1499,0,0,2385,-25.71,-30.57,55.3,39.7,2.8,0.2,0.2,0.1
GA-GOV,governor,GA,13167,823,1965,0,0,2788,-40.94,-46.42,64.1,32.8,1.1,0.4,0.1,0.1
GA-GOV,governor,GA,13169,3742,7520,0,0,11261,-33.55,-38.16,71.5,24.0,1.4,0.5,0.2,0.0
GA-GOV,governor,GA,13171,2147,5139,0,0,7287,-41.06,-46.09,67.8,26.6,2.2,0.6,0.1,0.0
GA-GOV,governor,GA,13173,762,1853,0,0,2615,-41.74,-46.52,68.4,21.5,5.1,1.0,0.3,0.1
GA-GOV,governor,GA,13175,5874,10467,0,0,16341,-28.1,-32.82,58.9,35.0,2.4,1.1,0.2,0.0
GA-GOV,governor,GA,13177,3651,8724,0,0,12375,-40.99,-43.71,70.3,21.6,2.4,2.5,0.2,0.0
GA-GOV,governor,GA,13179,9888,6220,0,0,16108,22.77,17.55,39.7,41.2,10.9,2.4,0.4,0.6
GA-GOV,governor,GA,13181,1046,2405,0,0,3451,-39.4,-44.97,68.8,26.7,0.9,0.3,0.3,0.0
GA-GOV,governor,GA,13183,1837,3100,0,0,4938,-25.58,-29.59,57.2,25.0,10.9,1.1,0.4,0.5
GA-GOV,governor,GA,13185,14493,18949,0,0,33442,-13.32,-18.07,52.9,35.8,5.8,1.7,0.3,0.1
GA-GOV,governor,GA,13187,2626,9838,0,0,12464,-57.86,-62.07,88.2,1.3,4.9,0.8,0.5,0.1
GA-GOV,governor,GA,13189,2954,4419,0,0,7373,-19.86,-25.0,56.3,37.5,3.2,0.4,0.3,0.0
GA-GOV,governor,GA,13191,1993,3190,0,0,5184,-23.09,-28.73,66.3,28.0,1.8,0.4,0.3,0.0
GA-GOV,governor,GA,13193,2021,1257,0,0,3278,23.28,17.96,34.0,59.8,3.2,1.3,0.2,0.1
GA-GOV,governor,GA,13195,2858,8891,0,0,11749,-51.35,-55.06,80.7,9.0,5.2,1.6,0.2,0.0
GA-GOV,governor,GA,13197,944,1590,0,0,2534,-25.5,-30.41,62.2,28.0,5.8,0.8,0.2,0.2
GA-GOV,governor,GA,13199,3289,4960,0,0,8248,-20.26,-25.55,60.5,34.6,1.8,0.4,0.3,0.0
GA-GOV,governor,GA,13201,512,1394,0,0,1906,-46.24,-50.64,68.2,27.8,1.9,0.4,0.2,0.0
GA-GOV,governor,GA,13205,2758,3453,0,0,6211,-11.18,-16.37,48.5,45.2,3.6,0.5,0.2,0.0
GA-GOV,governor,GA,13207,3584,8806,0,0,12390,-42.15,-46.85,72.0,22.3,2.1,0.9,0.1,0.0
GA-GOV,governor,GA,13209,711,2070,0,0,2781,-48.86,-53.18,66.7,25.4,5.6,0.4,0.1,0.0
GA-GOV,governor,GA,13211,2701,6523,0,0,9225,-41.43,-46.15,73.5,20.4,2.8,0.6,0.2,0.0
GA-GOV,governor,GA,13213,1981,10246,0,0,12227,-67.59,-71.77,83.2,0.6,12.2,0.3,0.3,0.0
GA-GOV,governor,GA,13215,35766,20537,0,0,56302,27.05,23.49,41.2,44.7,6.9,2.8,0.2,0.2
GA-GOV,governor,GA,13217,24214,17094,0,0,41308,17.24,15.23,44.4,45.2,5.4,1.0,0.2,0.1
GA-GOV,governor,GA,13219,6441,12654,0,0,19095,-32.54,-36.25,82.5,4.9,4.6,4.8,0.1,0.0
GA-GOV,governor,GA,13221,1902,4272,0,0,6174,-38.4,-42.65,75.6,15.1,4.6,0.7,0.3,0.0
GA-GOV,governor,GA,13223,25694,40919,0,0,66613,-22.86,-24.29,67.0,20.9,6.4,1.2,0.2,0.1
GA-GOV,governor,GA,13225,4618,4795,0,0,9413,-1.88,-6.05,45.5,42.7,8.1,0.7,0.2,0.0
GA-GOV,governor,GA,13227,2717,11922,0,0,14640,-62.88,-66.14,91.9,0.9,2.8,0.6,0.3,0.0
GA-GOV,governor,GA,13229,911,5922,0,0,6833,-73.34,-77.65,85.0,7.9,4.0,0.4,0.2,0.0
GA-GOV,governor,GA,13231,1345,7439,0,0,8784,-69.37,-73.66,86.6,8.2,1.4,0.5,0.2,0.0
GA-GOV,governor,GA,13233,2931,10487,0,0,13418,-56.32,-60.75,74.6,11.6,10.1,0.6,0.2,0.0
GA-GOV,governor,GA,13235,963,2071,0,0,3034,-36.51,-40.65,62.7,31.4,2.8,0.8,0.1,0.0
GA-GOV,governor,GA,13237,2777,6234,0,0,9012,-38.36,-42.39,68.4,22.8,5.8,0.5,0.2,0.0
GA-GOV,governor,GA,13239,357,440,0,0,798,-10.45,-15.49,55.5,39.7,1.0,0.4,0.7,0.0
GA-GOV,governor,GA,13241,1678,5617,0,0,7295,-54.0,-57.16,88.9,0.6,6.7,0.4,0.2,0.0
GA-GOV,governor,GA,13243,1170,921,0,0,2092,11.9,7.67,38.6,57.5,1.6,0.4,0.2,0.0
GA-GOV,governor,GA,13245,40927,17529,0,0,58456,40.03,36.31,36.3,52.2,5.2,2.2,0.3,0.2
GA-GOV,governor,GA,13247,23495,8089,0,0,31584,48.78,47.81,30.0,55.8,8.5,1.8,0.2,0.1
GA-GOV,governor,GA,13249,358,1341,0,0,1699,-57.87,-62.61,75.7,19.0,3.1,0.4,0.0,0.1
GA-GOV,governor,GA,13251,1939,2903,0,0,4842,-19.92,-25.25,58.6,36.8,1.7,0.4,0.3,0.0
GA-GOV,governor,GA,13253,908,1896,0,0,2804,-35.25,-40.48,64.3,30.5,2.2,0.6,0.1,0.0
GA-GOV,governor,GA,13255,9891,13226,0,0,23117,-14.43,-16.75,58.7,32.3,4.6,1.0,0.2,0.0
GA-GOV,governor,GA,13257,1897,7271,0,0,9168,-58.62,-63.12,81.8,10.7,2.7,0.8,0.3,0.0
GA-GOV,governor,GA,13259,857,562,0,0,1419,20.84,16.3,25.1,43.3,25.9,3.6,0.2,0.1
GA-GOV,governor,GA,13261,4484,3945,0,0,8429,6.39,2.22,42.5,48.5,5.0,1.7,0.1,0.0
GA-GOV,governor,GA,13263,1397,967,0,0,2364,18.21,12.01,44.5,52.1,1.2,0.4,0.1,0.0
GA-GOV,governor,GA,13265,372,246,0,0,618,20.39,14.97,39.3,54.2,3.6,0.2,0.2,0.0
GA-GOV,governor,GA,13267,1523,4435,0,0,5957,-48.89,-53.62,62.4,26.7,8.0,0.6,0.2,0.0
GA-GOV,governor,GA,13269,1030,1757,0,0,2786,-26.09,-31.11,60.2,35.4,1.7,0.3,0.3,0.0
GA-GOV,governor,GA,13271,980,1969,0,0,2949,-33.53,-39.39,47.1,34.0,17.2,0.3,0.2,0.0
GA-GOV,governor,GA,13273,1655,1382,0,0,3037,8.98,4.11,37.6,57.9,1.7,0.7,0.2,0.0
GA-GOV,governor,GA,13275,6216,9234,0,0,15450,-19.53,-24.18,59.2,34.2,2.8,0.9,0.3,0.0
GA-GOV,governor,GA,13277,4049,7839,0,0,11889,-31.88,-35.77,57.7,27.7,10.6,1.6,0.1,0.0
GA-GOV,governor,GA,13279,2062,5575,0,0,7637,-45.99,-50.85,63.2,23.9,9.8,0.8,0.1,0.0
GA-GOV,governor,GA,13281,1281,4905,0,0,6186,-58.59,-62.54,92.5,1.0,3.1,0.6,0.2,0.0
GA-GOV,governor,GA,13283,667,1517,0,0,2184,-38.92,-44.51,66.3,29.6,2.0,0.1,0.3,0.0
GA-GOV,governor,GA,13285,8726,13178,0,0,21905,-20.33,-24.51,57.8,33.4,3.5,2.4,0.2,0.1
GA-GOV,governor,GA,13287,1019,1663,0,0,2682,-24.0,-28.57,55.9,38.3,3.7,0.5,0.0,0.0
GA-GOV,governor,GA,13289,1422,1695,0,0,3118,-8.75,-14.72,56.7,38.7,1.2,0.5,0.2,0.0
GA-GOV,governor,GA,13291,2532,9983,0,0,12515,-59.53,-62.79,93.0,0.5,2.7,0.4,0.3,0.0
GA-GOV,governor,GA,13293,3114,6447,0,0,9561,-34.86,-39.85,67.0,27.6,1.9,0.5,0.2,0.0
GA-GOV,governor,GA,13295,4906,17552,0,0,22458,-56.31,-59.65,89.6,4.1,2.0,0.5,0.2,0.0
GA-GOV,governor,GA,13297,11440,29415,0,0,40855,-44.0,-46.2,73.4,17.0,4.4,1.5,0.2,0.0
GA-GOV,governor,GA,13299,3073,6999,0,0,10072,-38.97,-43.29,64.1,28.5,3.6,0.9,0.2,0.1
GA-GOV,governor,GA,13301,1000,813,0,0,1813,10.3,4.72,41.3,55.6,1.1,0.4,0.2,0.0
GA-GOV,governor,GA,13303,3402,3240,0,0,6641,2.44,-1.91,44.2,52.1,1.5,0.4,0.2,0.0
GA-GOV,governor,GA,13305,2097,7394,0,0,9492,-55.81,-59.94,72.5,19.2,4.8,0.6,0.2,0.0
GA-GOV,governor,GA,13307,409,526,0,0,935,-12.57,-18.44,50.4,44.3,1.9,0.5,0.0,0.2
GA-GOV,governor,GA,13309,479,1114,0,0,1593,-39.89,-45.2,55.0,40.7,2.8,0.2,0.1,0.0
GA-GOV,governor,GA,13311,2065,9712,0,0,11777,-64.94,-68.84,90.4,1.7,2.7,0.6,0.4,0.0
GA-GOV,governor,GA,13313,8295,19579,0,0,27873,-40.48,-44.69,61.5,3.6,30.9,1.4,0.2,0.0
GA-GOV,governor,GA,13315,648,1694,0,0,2342,-44.67,-49.28,58.4,37.0,2.9,0.5,0.0,0.0
GA-GOV,governor,GA,13317,1560,2007,0,0,3567,-12.53,-16.9,54.3,39.2,3.2,0.6,0.2,0.0
GA-GOV,governor,GA,13319,1500,1934,0,0,3434,-12.66,-17.88,59.3,35.3,2.2,0.2,0.4,0.0
GA-GOV,governor,GA,13321,1747,4768,0,0,6515,-46.36,-50.49,71.4,24.2,1.5,0.4,0.2,0.0
HI-GOV,governor,HI,15001,40455,17521,0,0,57976,39.56,28.94,36.6,0.6,9.1,21.3,0.4,11.5
HI-GOV,governor,HI,15003,157560,81085,0,0,238645,32.05,22.05,18.8,2.0,7.7,45.7,0.1,8.5
HI-GOV,governor,HI,15005,23,6,0,0,29,60.86,40.0,37.5,0.0,15.3,9.7,0.0,20.8
HI-GOV,governor,HI,15007,13802,7242,0,0,21045,31.17,19.92,33.8,0.5,8.4,30.6,0.2,8.4
HI-GOV,governor,HI,15009,30292,13704,0,0,43996,37.7,26.46,35.4,0.7,8.7,28.1,0.3,10.1
IA-GOV,governor,IA,19001,1093,1763,0,0,2856,-23.46,-45.73,95.6,0.6,1.4,0.3,0.2,0.0
IA-GOV,governor,IA,19003,570,925,0,0,1495,-23.74,-44.96,95.9,0.3,0.7,0.4,0.4,0.0
IA-GOV,governor,IA,19005,2247,2876,0,0,5123,-12.27,-34.79,90.9,0.8,6.5,0.3,0.1,0.0
IA-GOV,governor,IA,19007,1713,2826,0,0,4539,-24.52,-47.23,94.9,0.5,1.5,0.6,0.1,0.0
IA-GOV,governor,IA,19009,941,1333,0,0,2274,-17.22,-39.07,97.0,0.2,1.1,0.1,0.1,0.0
IA-GOV,governor,IA,19011,4504,5653,0,0,10157,-11.31,-33.66,95.5,0.4,1.3,0.3,0.1,0.0
IA-GOV,governor,IA,19013,27301,16731,0,0,44032,24.0,1.18,80.9,9.2,3.9,2.4,0.2,0.5
IA-GOV,governor,IA,19015,5423,5360,0,0,10782,0.59,-21.89,94.3,0.7,1.9,0.4,0.2,0.0
IA-GOV,governor,IA,19017,5117,5108,0,0,10225,0.09,-22.46,94.5,1.0,1.7,0.9,0.1,0.0
IA-GOV,governor,IA,19019,3555,3970,0,0,7525,-5.51,-28.65,95.8,0.4,1.3,0.3,0.1,0.0
IA-GOV,governor,IA,19021,2351,2926,0,0,5276,-10.89,-33.67,60.3,2.4,24.8,8.3,0.1,2.4
IA-GOV,governor,IA,19023,2160,3473,0,0,5633,-23.3,-45.91,96.8,0.2,1.0,0.2,0.1,0.0
IA-GOV,governor,IA,19025,1334,2235,0,0,3568,-25.25,-47.26,94.0,1.8,1.9,0.2,0.3,0.1
IA-GOV,governor,IA,19027,3113,4686,0,0,7799,-20.17,-42.5,94.7,1.0,2.4,0.4,0.1,0.0
IA-GOV,governor,IA,19029,2021,3031,0,0,5052,-20.0,-41.36,95.2,0.3,1.7,0.2,0.2,0.4
IA-GOV,governor,IA,19031,3720,3731,0,0,7451,-0.15,-22.12,94.7,0.3,2.0,0.4,0.2,0.0
IA-GOV,governor,IA,19033,8887,7227,0,0,16114,10.3,-11.83,90.0,1.6,4.2,1.3,0.2,0.3
IA-GOV,governor,IA,19035,1623,2651,0,0,4274,-24.04,-46.38,93.6,0.7,3.4,0.4,0.1,0.1
IA-GOV,governor,IA,19037,1863,2505,0,0,4368,-14.7,-37.62,94.5,0.4,3.3,0.3,0.0,0.0
IA-GOV,governor,IA,19039,1260,1875,0,0,3136,-19.62,-42.57,83.4,0.4,13.0,0.9,0.1,0.3
IA-GOV,governor,IA,19041,2327,3652,0,0,5979,-22.15,-43.74,93.4,0.6,3.2,0.7,0.2,0.0
IA-GOV,governor,IA,19043,2888,3693,0,0,6580,-12.23,-34.92,95.8,0.6,1.3,0.3,0.2,0.0
IA-GOV,governor,IA,19045,8715,8000,0,0,16715,4.28,-19.17,91.1,2.6,2.4,0.6,0.2,0.0
IA-GOV,governor,IA,19047,1798,2784,0,0,4582,-21.53,-43.93,71.0,2.1,23.5,1.8,0.2,0.0
IA-GOV,governor,IA,19049,25600,18472,0,0,44072,16.17,-4.81,84.5,2.3,5.6,4.9,0.1,0.0
IA-GOV,governor,IA,19051,932,1836,0,0,2768,-32.63,-55.03,96.1,0.1,1.5,0.2,0.2,0.0
IA-GOV,governor,IA,19053,991,1627,0,0,2618,-24.3,-47.82,92.0,1.3,2.8,0.6,0.3,0.4
IA-GOV,governor,IA,19055,2914,4183,0,0,7097,-17.87,-40.21,96.5,0.5,1.2,0.2,0.1,0.0
IA-GOV,governor,IA,19057,7161,6177,0,0,13338,7.38,-15.27,87.5,5.4,2.5,1.0,0.2,0.0
IA-GOV,governor,IA,19059,3217,4648,0,0,7864,-18.2,-40.44,95.7,0.3,1.6,0.5,0.1,0.0
IA-GOV,governor,IA,19061,21013,15926,0,0,36938,13.77,-8.7,90.2,3.4,2.5,1.1,0.1,0.6
IA-GOV,governor,IA,19063,1314,2045,0,0,3359,-21.79,-44.48,89.4,0.9,7.1,0.4,0.3,0.0
IA-GOV,governor,IA,19065,3174,3720,0,0,6894,-7.92,-30.97,94.0,1.0,2.1,0.4,0.2,0.0
IA-GOV,governor,IA,19067,2590,2765,0,0,5355,-3.28,-26.07,91.5,1.9,2.7,1.9,0.1,0.0
IA-GOV,governor,IA,19069,1377,2053,0,0,3430,-19.69,-42.25,84.7,0.2,12.5,0.4,0.1,0.0
IA-GOV,governor,IA,19071,1013,1644,0,0,2657,-23.73,-45.21,94.1,0.1,2.5,0.1,0.4,0.1
IA-GOV,governor,IA,19073,1519,1898,0,0,3417,-11.11,-33.4,94.8,0.1,2.3,0.4,0.2,0.0
IA-GOV,governor,IA,19075,1982,3020,0,0,5003,-20.74,-42.45,96.5,0.2,0.9,0.3,0.1,0.0
IA-GOV,governor,IA,19077,1901,2680,0,0,4580,-17.01,-38.5,95.1,0.2,2.0,0.4,0.2,0.2
IA-GOV,governor,IA,19079,2369,2949,0,0,5318,-10.91,-33.69,87.7,0.5,7.5,1.8,0.2,0.0
IA-GOV,governor,IA,19081,1536,2622,0,0,4158,-26.12,-48.01,92.8,0.5,4.2,0.2,0.2,0.0
IA-GOV,governor,IA,19083,2482,3441,0,0,5922,-16.19,-38.8,92.5,0.6,3.9,0.5,0.2,0.0
IA-GOV,governor,IA,19085,2207,3364,0,0,5572,-20.77,-42.52,95.8,0.2,1.4,0.3,0.1,0.0
IA-GOV,governor,IA,19087,2865,3855,0,0,6720,-14.73,-36.51,87.9,2.6,4.3,2.2,0.3,0.0
IA-GOV,governor,IA,19089,1533,1862,0,0,3395,-9.71,-32.2,95.2,0.2,2.1,0.3,0.3,0.1
IA-GOV,governor,IA,19091,1271,2287,0,0,3559,-28.56,-50.62,93.9,0.4,3.2,0.2,0.1,0.0
IA-GOV,governor,IA,19093,861,1698,0,0,2559,-32.74,-54.07,94.8,0.4,2.9,0.3,0.0,0.1
IA-GOV,governor,IA,19095,3149,3598,0,0,6748,-6.65,-28.18,94.3,0.6,2.2,0.6,0.2,0.0
IA-GOV,governor,IA,19097,3403,4158,0,0,7561,-9.99,-32.96,95.4,0.5,1.0,0.2,0.1,0.9
IA-GOV,governor,IA,19099,6687,7452,0,0,14139,-5.41,-28.02,92.5,1.7,2.3,0.6,0.3,0.1
IA-GOV,governor,IA,19101,3372,2471,0,0,5842,15.42,-6.94,87.0,2.8,3.2,3.2,0.2,0.0
IA-GOV,governor,IA,19103,48709,11932,0,0,60641,60.65,38.57,77.8,6.7,5.9,5.9,0.1,0.0
IA-GOV,governor,IA,19105,3670,4016,0,0,7686,-4.5,-26.74,92.9,2.3,2.1,0.3,0.3,0.0
IA-GOV,governor,IA,19107,1273,2333,0,0,3605,-29.4,-52.08,95.5,0.3,1.7,0.1,0.1,0.0
IA-GOV,governor,IA,19109,2279,3600,0,0,5878,-22.47,-44.74,94.2,0.4,3.2,0.5,0.1,0.0
IA-GOV,governor,IA,19111,5377,5962,0,0,11339,-5.16,-28.42,90.5,2.9,2.8,0.4,0.2,0.0
IA-GOV,governor,IA,19113,56655,29410,0,0,86065,31.66,10.05,84.8,6.0,3.2,2.3,0.2,0.2
IA-GOV,governor,IA,19115,1468,2132,0,0,3600,-18.45,-41.55,80.9,0.7,13.6,2.1,0.1,0.0
IA-GOV,governor,IA,19117,1198,2055,0,0,3253,-26.36,-48.83,95.1,0.2,2.1,0.2,0.1,0.0
IA-GOV,governor,IA,19119,1247,3656,0,0,4902,-49.14,-70.44,95.0,0.2,2.8,0.3,0.2,0.4
IA-GOV,governor,IA,19121,2913,4107,0,0,7020,-17.01,-39.06,94.8,0.3,1.6,0.5,0.1,0.0
IA-GOV,governor,IA,19123,2671,4992,0,0,7663,-30.28,-52.21,92.5,1.7,1.8,1.2,0.2,0.1
IA-GOV,governor,IA,19125,5730,7968,0,0,13697,-16.34,-38.3,93.7,0.6,1.7,1.2,0.2,0.0
IA-GOV,governor,IA,19127,6468,5621,0,0,12089,7.01,-15.82,74.3,1.8,18.1,3.3,0.4,0.1
IA-GOV,governor,IA,19129,2354,3424,0,0,5778,-18.53,-39.56,93.6,0.4,2.2,0.3,0.2,0.1
IA-GOV,governor,IA,19131,1825,2215,0,0,4040,-9.65,-31.57,96.0,0.3,1.4,0.4,0.0,0.0
IA-GOV,governor,IA,19133,1240,2007,0,0,3246,-23.63,-45.87,93.5,0.2,2.2,0.4,1.3,0.0
IA-GOV,governor,IA,19135,1035,1876,0,0,2911,-28.88,-51.19,96.0,0.3,1.1,0.3,0.1,0.0
IA-GOV,governor,IA,19137,1437,2115,0,0,3552,-19.07,-39.61,94.2,0.3,2.5,0.2,0.2,0.0
IA-GOV,governor,IA,19139,7450,6377,0,0,13826,7.76,-15.18,79.5,2.1,15.0,0.9,0.1,0.0
IA-GOV,governor,IA,19141,1579,3689,0,0,5268,-40.06,-61.54,91.6,0.9,5.2,0.5,0.2,0.1
IA-GOV,governor,IA,19143,635,1626,0,0,2261,-43.81,-65.07,88.5,0.4,8.1,0.4,0.3,0.5
IA-GOV,governor,IA,19145,1990,3136,0,0,5126,-22.34,-42.88,90.5,2.8,2.5,0.8,0.4,0.0
IA-GOV,governor,IA,19147,1348,2140,0,0,3488,-22.69,-45.54,94.7,0.5,2.4,0.3,0.2,0.0
IA-GOV,governor,IA,19149,3273,6508,0,0,9781,-33.07,-54.9,91.4,1.1,4.7,0.5,0.2,0.4
IA-GOV,governor,IA,19151,846,1662,0,0,2508,-32.56,-54.81,92.2,0.7,3.8,0.3,0.2,0.2
IA-GOV,governor,IA,19153,119408,60365,0,0,179773,32.84,11.03,77.6,6.2,8.0,4.7,0.2,0.1
IA-GOV,governor,IA,19155,15755,15437,0,0,31192,1.02,-20.24,87.0,1.8,6.5,0.9,0.4,0.1
IA-GOV,governor,IA,19157,3684,3325,0,0,7009,5.11,-17.21,91.9,1.8,2.5,1.3,0.3,0.1
IA-GOV,governor,IA,19159,664,1216,0,0,1880,-29.36,-51.9,96.3,0.0,1.0,0.2,0.2,0.0
IA-GOV,governor,IA,19161,1329,2493,0,0,3822,-30.45,-52.16,94.8,0.4,2.7,0.3,0.1,0.0
IA-GOV,governor,IA,19163,37444,25648,0,0,63091,18.7,-3.95,80.7,7.0,5.7,2.7,0.2,0.0
IA-GOV,governor,IA,19165,1770,2784,0,0,4554,-22.27,-43.5,94.0,0.3,2.7,0.4,0.3,0.0
IA-GOV,governor,IA,19167,3304,9999,0,0,13303,-50.32,-71.88,86.9,0.3,10.9,0.6,0.2,0.0
IA-GOV,governor,IA,19169,23048,11617,0,0,34666,32.97,10.53,82.0,2.8,4.8,5.7,0.2,0.0
IA-GOV,governor,IA,19171,2877,3155,0,0,6031,-4.62,-27.33,81.6,0.7,8.2,0.5,6.3,0.0
IA-GOV,governor,IA,19173,710,1447,0,0,2157,-34.2,-56.28,91.7,0.0,5.4,0.3,0.3,0.0
IA-GOV,governor,IA,19175,1801,2408,0,0,4209,-14.41,-36.67,93.4,0.9,2.7,0.4,0.2,0.1
IA-GOV,governor,IA,19177,833,1705,0,0,2538,-34.37,-56.33,96.1,0.3,1.0,0.4,0.1,0.0
IA-GOV,governor,IA,19179,4653,5556,0,0,10209,-8.85,-31.88,81.3,3.5,9.6,1.8,0.2,1.0
IA-GOV,governor,IA,19181,11576,11387,0,0,22963,0.82,-21.04,92.9,0.8,2.5,0.7,0.2,0.0
IA-GOV,governor,IA,19183,3937,4175,0,0,8112,-2.94,-24.72,90.7,0.7,5.5,0.5,0.1,0.0
IA-GOV,governor,IA,19185,705,1482,0,0,2187,-35.49,-58.1,96.6,0.1,0.6,0.4,0.2,0.0
IA-GOV,governor,IA,19187,5346,6379,0,0,11724,-8.81,-31.59,87.1,4.9,4.4,0.8,0.3,0.1
IA-GOV,governor,IA,19189,1792,2158,0,0,3950,-9.27,-31.15,90.5,1.9,4.4,1.0,0.1,0.0
IA-GOV,governor,IA,19191,4732,3653,0,0,8385,12.88,-9.41,94.1,0.6,2.4,0.9,0.1,0.1
IA-GOV,governor,IA,19193,14886,15160,0,0,30046,-0.91,-23.33,73.1,4.2,14.5,3.0,1.6,0.5
IA-GOV,governor,IA,19195,1397,1604,0,0,3001,-6.87,-28.58,94.8,0.6,2.0,0.3,0.1,0.0
IA-GOV,governor,IA,19197,1693,2313,0,0,4006,-15.48,-37.04,83.4,0.5,13.6,0.5,0.1,0.1
ID-GOV,governor,ID,16001,77841,89943,19268,0,187053,-7.21,-10.64,82.7,1.3,7.9,2.8,0.5,0.2
ID-GOV,governor,ID,16003,393,1289,193,0,1876,-53.29,-55.85,92.4,0.1,2.9,0.2,0.7,0.0
ID-GOV,governor,ID,16005,9653,15430,2880,0,27964,-23.03,-25.94,83.0,0.9,7.9,1.5,2.9,0.3
ID-GOV,governor,ID,16007,245,1841,240,0,2326,-76.48,-78.73,94.4,0.1,2.8,0.3,0.5,0.0
ID-GOV,governor,ID,16009,649,2580,371,0,3599,-59.81,-62.82,83.6,0.1,2.2,0.3,7.1,0.2
ID-GOV,governor,ID,16011,2713,10246,1488,0,14447,-58.13,-61.35,74.8,0.2,15.7,0.5,6.0,0.1
ID-GOV,governor,ID,16013,5571,2638,943,0,9151,35.74,32.65,78.6,0.2,16.8,0.9,0.1,0.0
ID-GOV,governor,ID,16015,739,2342,354,0,3435,-52.02,-55.55,89.8,0.3,3.6,0.6,0.8,0.0
ID-GOV,governor,ID,16017,5341,13302,2141,0,20784,-42.7,-47.25,91.1,0.2,2.6,0.5,0.7,0.1
ID-GOV,governor,ID,16019,9810,25604,4066,0,39481,-44.6,-46.95,83.0,0.5,11.7,1.3,0.6,0.1
ID-GOV,governor,ID,16021,824,3638,512,0,4974,-63.07,-67.0,88.3,0.3,5.3,0.7,1.2,0.1
ID-GOV,governor,ID,16023,133,805,108,0,1045,-71.66,-74.54,91.8,0.1,4.5,0.1,0.6,0.0
ID-GOV,governor,ID,16025,105,351,52,0,509,-53.82,-56.29,89.7,0.0,4.0,1.0,0.0,0.0
ID-GOV,governor,ID,16027,17651,45746,7279,0,70677,-44.32,-47.84,71.3,0.6,21.9,1.0,0.6,0.3
ID-GOV,governor,ID,16029,301,1821,244,0,2365,-71.62,-73.35,91.7,0.0,4.9,0.1,0.6,0.3
ID-GOV,governor,ID,16031,955,5043,689,0,6687,-68.15,-70.83,69.6,0.2,26.6,0.6,0.6,0.1
ID-GOV,governor,ID,16033,34,175,24,0,233,-67.69,-69.7,63.6,0.2,31.2,0.2,0.3,0.0
ID-GOV,governor,ID,16035,543,2230,318,0,3092,-60.82,-64.2,91.0,0.5,2.8,0.6,1.5,0.0
ID-GOV,governor,ID,16037,391,1272,191,0,1854,-52.97,-54.64,92.0,0.1,2.9,0.4,0.8,0.0
ID-GOV,governor,ID,16039,1766,4931,769,0,7466,-47.26,-49.8,72.4,2.5,15.4,3.0,0.8,0.3
ID-GOV,governor,ID,16041,502,4007,518,0,5026,-77.12,-79.86,91.0,0.1,6.2,0.2,0.5,0.0
ID-GOV,governor,ID,16043,669,3600,490,0,4760,-68.64,-71.09,86.0,0.2,10.2,0.3,0.6,0.2
ID-GOV,governor,ID,16045,1193,5472,765,0,7430,-64.2,-67.35,86.4,0.2,7.1,0.6,0.7,0.1
ID-GOV,governor,ID,16047,766,2948,426,0,4140,-58.74,-61.91,69.2,0.2,26.6,0.3,0.5,0.0
ID-GOV,governor,ID,16049,995,5007,689,0,6691,-66.83,-69.69,90.0,0.3,2.9,0.4,2.3,0.0
ID-GOV,governor,ID,16051,1316,8612,1140,0,11068,-73.49,-75.4,86.8,0.2,9.6,0.5,0.4,0.1
ID-GOV,governor,ID,16053,1197,3790,573,0,5559,-52.0,-55.07,63.7,0.1,32.7,0.4,0.4,0.1
ID-GOV,governor,ID,16055,15506,44966,6943,0,67415,-48.72,-53.04,88.8,0.2,4.2,0.9,0.9,0.1
ID-GOV,governor,ID,16057,6236,6601,1474,0,14312,-2.84,-8.27,85.8,0.8,5.0,2.6,0.6,0.1
ID-GOV,governor,ID,16059,700,2359,351,0,3410,-54.23,-56.33,92.1,0.2,3.1,0.4,0.7,0.1
ID-GOV,governor,ID,16061,214,944,133,0,1291,-63.04,-66.26,87.7,0.2,3.0,0.3,4.9,0.0
ID-GOV,governor,ID,16063,271,932,138,0,1341,-54.89,-57.8,66.4,0.1,29.0,0.2,0.5,0.1
ID-GOV,governor,ID,16065,1889,9007,1251,0,12147,-65.33,-66.85,83.3,1.5,9.7,2.1,0.3,0.4
ID-GOV,governor,ID,16067,963,4025,573,0,5560,-61.39,-64.68,63.3,0.1,33.4,0.3,0.5,0.0
ID-GOV,governor,ID,16069,4023,8612,1451,0,14085,-36.32,-39.62,86.2,0.4,3.3,0.9,5.0,0.1
ID-GOV,governor,ID,16071,181,1361,177,0,1719,-76.47,-78.67,94.0,0.0,3.4,0.2,0.2,0.0
ID-GOV,governor,ID,16073,823,2900,427,0,4150,-55.81,-55.56,71.1,0.2,21.4,0.4,3.0,0.1
ID-GOV,governor,ID,16075,1433,5947,847,0,8228,-61.16,-64.17,79.0,0.2,14.0,0.9,0.7,0.1
ID-GOV,governor,ID,16077,541,1355,218,0,2113,-42.96,-46.43,66.6,0.2,28.1,0.3,2.3,0.1
ID-GOV,governor,ID,16079,1033,2815,442,0,4290,-46.29,-50.7,90.8,0.1,2.6,0.4,1.1,0.0
ID-GOV,governor,ID,16081,2287,1915,483,0,4685,8.87,7.08,82.0,0.2,14.3,0.6,0.2,0.0
ID-GOV,governor,ID,16083,6165,17294,2694,0,26152,-47.44,-50.15,78.7,0.9,14.6,1.6,0.6,0.2
ID-GOV,governor,ID,16085,1909,2634,522,0,5064,-15.97,-18.99,90.6,0.1,4.2,0.4,0.5,0.0
ID-GOV,governor,ID,16087,700,2786,400,0,3886,-59.82,-62.86,80.5,0.1,13.2,0.9,0.8,0.1
IL-GOV,governor,IL,17001,6243,14753,1338,0,22334,-40.53,-48.13,90.9,3.4,1.6,0.7,0.1,0.0
IL-GOV,governor,IL,17003,673,825,95,0,1593,-10.15,-19.47,64.3,29.7,1.3,0.1,0.5,0.0
IL-GOV,governor,IL,17005,1658,3618,336,0,5612,-37.17,-45.78,84.9,7.4,3.7,0.6,0.3,0.1
IL-GOV,governor,IL,17007,7451,8578,1021,0,17051,-7.03,-14.74,73.1,2.0,20.4,1.2,0.2,0.0
IL-GOV,governor,IL,17009,380,1242,103,0,1726,-53.1,-61.16,73.4,19.9,5.1,0.1,0.0,0.0
IL-GOV,governor,IL,17011,4420,6157,674,0,11251,-16.42,-24.76,88.2,0.7,7.5,0.9,0.1,0.0
IL-GOV,governor,IL,17013,467,1300,113,0,1879,-47.13,-57.24,95.8,0.2,0.9,0.2,0.1,0.0
IL-GOV,governor,IL,17015,1963,3208,329,0,5501,-24.06,-32.31,87.8,5.1,4.3,0.3,0.4,0.0
IL-GOV,governor,IL,17017,1126,2324,220,0,3669,-34.71,-44.16,74.3,4.4,17.7,1.0,0.3,0.3
IL-GOV,governor,IL,17019,39070,20322,3784,0,63177,31.57,24.46,63.3,12.1,7.2,13.1,0.1,0.0
IL-GOV,governor,IL,17021,3117,7151,654,0,10922,-39.29,-47.39,92.1,1.2,3.4,0.5,0.2,0.0
IL-GOV,governor,IL,17023,1508,3907,345,0,5761,-44.29,-52.17,95.7,0.3,1.3,0.4,0.2,0.0
IL-GOV,governor,IL,17025,886,3576,284,0,4746,-60.3,-68.37,94.6,0.2,1.3,0.6,0.3,0.0
IL-GOV,governor,IL,17027,3492,9216,810,0,13517,-45.05,-52.83,89.6,3.6,3.3,0.5,0.2,0.0
IL-GOV,governor,IL,17029,5621,8603,906,0,15131,-20.96,-28.96,87.1,4.3,3.5,1.4,0.2,0.1
IL-GOV,governor,IL,17031,1044172,323977,87183,0,1455332,52.64,42.53,43.5,22.2,23.7,8.0,0.1,0.0
IL-GOV,governor,IL,17033,1607,4286,375,0,6269,-45.45,-53.32,90.7,3.8,2.3,0.4,0.2,0.0
IL-GOV,governor,IL,17035,866,2946,243,0,4055,-54.56,-62.75,95.9,0.2,1.0,0.2,0.0,0.0
IL-GOV,governor,IL,17037,17278,14028,1995,0,33300,10.38,2.01,74.4,7.8,11.5,2.5,0.1,0.0
IL-GOV,governor,IL,17039,1590,3523,326,0,5439,-37.82,-45.75,94.0,0.5,2.5,0.3,0.1,0.1
IL-GOV,governor,IL,17041,1690,3870,354,0,5915,-39.2,-46.87,89.6,0.3,6.9,0.5,0.2,0.0
IL-GOV,governor,IL,17043,185154,117996,19316,0,322466,22.15,13.54,66.6,4.6,13.5,12.6,0.1,0.0
IL-GOV,governor,IL,17045,1420,3798,332,0,5551,-45.57,-53.26,95.4,0.5,1.1,0.3,0.1,0.0
IL-GOV,governor,IL,17047,389,1780,138,0,2307,-64.15,-71.89,96.6,0.2,0.9,0.4,0.2,0.1
IL-GOV,governor,IL,17049,2916,9692,803,0,13411,-53.74,-61.4,94.6,0.4,1.9,0.7,0.1,0.0
IL-GOV,governor,IL,17051,1358,4978,404,0,6740,-57.14,-65.57,89.7,4.4,3.2,0.3,0.5,0.0
IL-GOV,governor,IL,17053,1268,3060,276,0,4603,-41.4,-48.82,92.5,0.5,3.0,0.4,0.2,0.0
IL-GOV,governor,IL,17055,3340,8336,744,0,12420,-42.79,-51.23,94.2,0.4,1.4,0.3,0.3,0.0
IL-GOV,governor,IL,17057,4509,6160,680,0,11350,-15.47,-24.34,91.1,3.9,2.2,0.2,0.2,0.0
IL-GOV,governor,IL,17059,446,1222,106,0,1775,-46.5,-54.83,95.4,0.6,0.9,0.3,0.1,0.0
IL-GOV,governor,IL,17061,990,3009,255,0,4253,-50.5,-58.92,96.2,0.2,0.7,0.2,0.1,0.0
IL-GOV,governor,IL,17063,6894,10658,1118,0,18670,-21.44,-30.05,85.5,1.5,8.9,0.9,0.1,0.0
IL-GOV,governor,IL,17065,611,2150,176,0,2936,-55.75,-64.16,95.6,0.4,0.8,0.1,0.2,0.0
IL-GOV,governor,IL,17067,1707,4287,382,0,6375,-43.05,-50.89,95.3,0.4,1.5,0.3,0.2,0.0
IL-GOV,governor,IL,17069,293,979,81,0,1353,-53.88,-62.48,94.4,0.3,1.1,0.5,0.0,0.0
IL-GOV,governor,IL,17071,797,1487,145,0,2429,-30.25,-39.56,95.5,0.3,1.4,0.2,0.1,0.1
IL-GOV,governor,IL,17073,6908,9665,1056,0,17629,-16.64,-24.95,89.8,1.9,5.1,0.4,0.1,0.0
IL-GOV,governor,IL,17075,2173,6617,560,0,9350,-50.56,-58.13,89.6,0.7,6.0,0.4,0.2,0.0
IL-GOV,governor,IL,17077,8228,6633,947,0,15808,10.74,3.54,73.4,12.8,4.7,4.3,0.2,0.0
IL-GOV,governor,IL,17079,758,2822,228,0,3807,-57.65,-65.98,96.6,0.2,0.8,0.2,0.2,0.0
IL-GOV,governor,IL,17081,3291,7704,700,0,11695,-40.14,-48.38,86.1,7.1,2.0,1.0,0.2,0.0
IL-GOV,governor,IL,17083,2203,5521,492,0,8216,-42.95,-51.03,94.2,0.7,1.3,0.3,0.1,0.0
IL-GOV,governor,IL,17085,3720,4488,523,0,8731,-9.36,-17.11,94.1,0.4,2.9,0.4,0.1,0.0
IL-GOV,governor,IL,17087,973,3044,256,0,4273,-51.55,-58.9,79.9,12.8,4.6,0.2,0.2,0.0
IL-GOV,governor,IL,17089,86424,59908,9324,0,155656,18.12,9.49,59.0,4.9,29.2,4.2,0.1,0.0
IL-GOV,governor,IL,17091,13789,17661,2004,0,33454,-12.31,-21.18,72.2,13.6,9.6,1.0,0.2,0.0
IL-GOV,governor,IL,17093,24035,19760,2790,0,46586,9.76,1.55,67.7,7.1,18.2,3.6,0.1,0.0
IL-GOV,governor,IL,17095,7252,7373,932,0,15557,-0.83,-9.56,81.9,8.2,5.2,0.8,0.1,0.0
IL-GOV,governor,IL,17097,133413,72924,13148,0,219485,29.32,21.06,61.0,6.5,21.3,8.1,0.1,0.0
IL-GOV,governor,IL,17099,15574,19101,2209,0,36885,-10.17,-18.72,85.2,2.3,8.4,0.8,0.1,0.0
IL-GOV,governor,IL,17101,1022,2995,256,0,4273,-49.12,-57.22,82.2,11.1,3.4,0.4,0.1,0.1
IL-GOV,governor,IL,17103,4547,6096,678,0,11322,-14.55,-22.65,84.1,6.2,5.8,0.8,0.1,0.0
IL-GOV,governor,IL,17105,3345,7595,697,0,11637,-38.85,-47.04,89.2,3.4,4.3,0.5,0.1,0.0
IL-GOV,governor,IL,17107,2720,5587,529,0,8836,-34.52,-42.39,87.5,6.2,2.7,0.7,0.2,0.0
IL-GOV,governor,IL,17109,3533,4381,504,0,8418,-10.72,-19.2,85.7,5.4,3.3,2.2,0.2,0.0
IL-GOV,governor,IL,17111,55000,52325,6838,0,114163,2.49,-5.37,80.2,1.2,12.6,2.9,0.1,0.0
IL-GOV,governor,IL,17113,32078,25251,3653,0,60982,11.91,4.96,78.4,8.1,5.3,4.5,0.1,0.0
IL-GOV,governor,IL,17115,13271,16680,1908,0,31859,-11.38,-19.19,76.2,16.4,2.1,1.4,0.2,0.0
IL-GOV,governor,IL,17117,5287,10182,985,0,16455,-31.64,-39.96,93.9,0.8,1.0,0.4,0.3,0.0
IL-GOV,governor,IL,17119,41255,46664,5601,0,93521,-6.15,-13.5,82.6,8.6,3.4,1.0,0.2,0.0
IL-GOV,governor,IL,17121,3218,7842,705,0,11764,-41.81,-50.18,89.7,3.5,1.5,1.1,0.2,0.0
IL-GOV,governor,IL,17123,1437,2595,257,0,4289,-28.71,-36.57,93.7,0.6,2.2,0.5,0.1,0.0
IL-GOV,governor,IL,17125,1384,2830,268,0,4482,-34.33,-43.15,95.1,0.3,1.2,0.2,0.2,0.0
IL-GOV,governor,IL,17127,1287,3125,281,0,4693,-41.66,-49.17,87.6,6.0,1.8,0.3,0.3,0.0
IL-GOV,governor,IL,17129,1394,2833,269,0,4497,-34.04,-42.08,94.9,0.5,1.0,0.3,0.2,0.0
IL-GOV,governor,IL,17131,2227,3284,351,0,5862,-19.17,-27.74,94.1,0.4,2.3,0.2,0.2,0.0
IL-GOV,governor,IL,17133,4879,8951,881,0,14712,-29.44,-36.93,94.3,0.3,1.5,0.5,0.1,0.0
IL-GOV,governor,IL,17135,2767,5952,555,0,9274,-36.53,-44.82,90.9,3.9,1.8,0.5,0.2,0.0
IL-GOV,governor,IL,17137,3607,6034,614,0,10256,-25.17,-32.92,88.0,5.8,2.3,0.7,0.2,0.0
IL-GOV,governor,IL,17139,1245,3064,275,0,4584,-42.22,-49.77,95.3,0.5,1.2,0.4,0.2,0.0
IL-GOV,governor,IL,17141,6684,10362,1086,0,18132,-21.58,-29.87,86.3,0.9,9.1,0.5,0.2,0.0
IL-GOV,governor,IL,17143,29517,22947,3343,0,55807,12.52,4.74,70.9,16.3,4.7,4.1,0.2,0.0
IL-GOV,governor,IL,17145,1712,4386,388,0,6487,-43.84,-52.81,84.5,9.2,3.2,0.6,0.2,0.0
IL-GOV,governor,IL,17147,2393,3890,400,0,6683,-23.82,-31.16,94.8,0.4,1.1,0.4,0.2,0.0
IL-GOV,governor,IL,17149,1081,3873,316,0,5269,-56.37,-64.75,94.8,0.4,1.4,0.3,0.2,0.1
IL-GOV,governor,IL,17151,329,1076,90,0,1495,-53.12,-60.64,93.7,1.2,1.6,0.2,0.0,0.0
IL-GOV,governor,IL,17153,582,988,100,0,1670,-25.86,-34.61,62.9,28.3,4.4,0.3,0.7,0.0
IL-GOV,governor,IL,17155,938,1266,140,0,2344,-14.89,-23.26,91.8,0.4,4.7,0.4,0.1,0.1
IL-GOV,governor,IL,17157,2689,6771,603,0,10063,-43.15,-50.86,84.8,8.7,3.0,0.3,0.2,0.0
IL-GOV,governor,IL,17159,1362,3754,326,0,5441,-46.76,-54.24,94.7,0.5,1.2,0.8,0.2,0.0
IL-GOV,governor,IL,17161,24669,17236,2670,0,44576,17.74,9.75,72.4,9.8,11.5,2.5,0.2,0.0
IL-GOV,governor,IL,17163,45864,33482,5056,0,84401,15.6,8.01,61.8,28.2,4.0,1.5,0.2,0.1
IL-GOV,governor,IL,17165,2024,4972,446,0,7442,-42.13,-49.66,91.1,2.6,1.6,0.5,0.3,0.0
IL-GOV,governor,IL,17167,33575,32086,4183,0,69845,2.27,-5.05,80.1,11.5,2.3,2.2,0.2,0.0
IL-GOV,governor,IL,17169,756,1724,158,0,2637,-39.04,-47.79,90.5,3.9,1.7,0.3,0.4,0.0
IL-GOV,governor,IL,17171,400,1306,109,0,1815,-53.14,-61.86,96.6,0.0,0.9,0.3,0.0,0.0
IL-GOV,governor,IL,17173,1826,5877,491,0,8194,-52.6,-61.07,96.5,0.3,0.8,0.3,0.1,0.0
IL-GOV,governor,IL,17175,567,1253,116,0,1936,-37.68,-46.45,95.1,0.2,1.9,0.4,0.2,0.0
IL-GOV,governor,IL,17177,6149,7722,884,0,14755,-11.34,-19.73,83.5,8.7,3.8,0.7,0.2,0.0
IL-GOV,governor,IL,17179,18097,26948,2870,0,47915,-19.65,-27.14,92.6,1.2,1.9,0.8,0.2,0.0
IL-GOV,governor,IL,17181,1755,3686,347,0,5789,-35.49,-43.73,90.4,1.5,3.9,0.3,0.3,0.1
IL-GOV,governor,IL,17183,7046,12469,1243,0,20759,-27.79,-36.25,79.4,12.2,4.2,0.9,0.2,0.0
IL-GOV,governor,IL,17185,939,2611,226,0,3776,-47.11,-54.67,93.1,0.3,1.2,2.6,0.1,0.1
IL-GOV,governor,IL,17187,2052,2865,313,0,5230,-16.54,-25.62,83.4,3.4,8.6,1.6,0.2,0.1
IL-GOV,governor,IL,17189,1239,3761,319,0,5318,-50.44,-58.05,95.2,0.5,1.4,0.4,0.1,0.1
IL-GOV,governor,IL,17191,975,4483,348,0,5805,-64.28,-71.74,95.8,0.4,0.9,0.3,0.2,0.0
IL-GOV,governor,IL,17193,1113,3550,297,0,4961,-52.25,-60.15,94.4,0.6,1.2,0.4,0.2,0.1
IL-GOV,governor,IL,17195,8243,9230,1113,0,18586,-5.65,-15.0,84.4,1.2,10.7,0.6,0.1,0.0
IL-GOV,governor,IL,17197,119917,96550,13792,0,230260,10.79,1.62,63.4,11.3,16.4,6.0,0.1,0.0
IL-GOV,governor,IL,17199,7447,14387,1391,0,23225,-31.78,-39.28,88.3,4.0,2.1,1.1,0.4,0.0
IL-GOV,governor,IL,17201,43550,36749,5116,0,85415,8.47,0.57,69.2,12.0,12.0,2.8,0.2,0.0
IL-GOV,governor,IL,17203,4549,9443,891,0,14883,-34.97,-42.7,94.5,0.6,1.4,0.6,0.1,0.0
KS-GOV,governor,KS,20001,1234,2686,0,0,3920,-37.02,-47.2,89.6,1.6,3.3,0.6,1.0,0.0
KS-GOV,governor,KS,20003,660,1994,0,0,2654,-50.28,-60.75,93.4,0.4,1.8,0.5,0.7,0.0
KS-GOV,governor,KS,20005,1838,3240,0,0,5078,-27.61,-38.1,87.1,4.7,3.4,0.6,0.5,0.0
KS-GOV,governor,KS,20007,275,1244,0,0,1519,-63.75,-73.11,92.4,0.1,2.6,0.4,0.7,0.0
KS-GOV,governor,KS,20009,1915,5484,0,0,7399,-48.23,-57.61,81.8,1.1,13.0,0.4,0.4,0.0
KS-GOV,governor,KS,20011,1264,3336,0,0,4600,-45.05,-55.2,88.4,3.4,1.9,0.7,0.6,0.0
KS-GOV,governor,KS,20013,898,2083,0,0,2981,-39.76,-48.93,83.7,1.1,2.7,0.3,7.6,0.1
KS-GOV,governor,KS,20015,7567,14998,0,0,22565,-32.93,-42.04,86.2,2.3,4.4,1.4,0.7,0.1
KS-GOV,governor,KS,20017,296,727,0,0,1023,-42.13,-51.6,87.1,0.9,8.6,0.4,0.1,0.0
KS-GOV,governor,KS,20019,199,870,0,0,1069,-62.72,-72.05,85.6,0.7,3.8,0.6,4.5,0.0
KS-GOV,governor,KS,20021,1722,4380,0,0,6102,-43.55,-53.94,86.1,0.4,2.0,0.3,3.7,0.1
KS-GOV,governor,KS,20023,196,799,0,0,995,-60.55,-70.38,87.6,0.3,6.9,0.6,0.0,0.0
KS-GOV,governor,KS,20025,127,583,0,0,710,-64.23,-74.1,87.6,0.1,7.7,0.9,0.9,0.1
KS-GOV,governor,KS,20027,757,2122,0,0,2879,-47.43,-56.83,93.4,0.6,2.0,0.7,0.4,0.0
KS-GOV,governor,KS,20029,699,2134,0,0,2833,-50.63,-61.51,91.8,1.5,3.1,0.4,0.4,0.1
KS-GOV,governor,KS,20031,807,2257,0,0,3064,-47.33,-56.61,93.0,0.5,2.0,0.5,0.4,0.0
KS-GOV,governor,KS,20033,120,492,0,0,612,-60.75,-69.66,92.5,0.2,4.2,0.0,0.2,0.1
KS-GOV,governor,KS,20035,3270,6184,0,0,9453,-30.83,-40.97,79.3,2.7,9.2,1.5,1.7,0.4
KS-GOV,governor,KS,20037,4821,6613,0,0,11434,-15.67,-25.74,84.6,2.2,5.4,1.3,0.8,0.4
KS-GOV,governor,KS,20039,200,817,0,0,1016,-60.74,-69.97,94.0,0.4,2.0,0.5,0.3,0.0
KS-GOV,governor,KS,20041,1722,4679,0,0,6401,-46.19,-55.81,91.3,0.6,3.8,0.5,0.5,0.1
KS-GOV,governor,KS,20043,571,1933,0,0,2504,-54.39,-64.48,88.5,4.2,2.3,0.5,1.0,0.2
KS-GOV,governor,KS,20045,30150,10481,0,0,40630,48.41,38.63,77.9,4.3,6.1,4.2,2.2,0.1
KS-GOV,governor,KS,20047,197,691,0,0,888,-55.62,-66.06,78.8,0.6,17.7,0.0,0.7,0.0
KS-GOV,governor,KS,20049,181,756,0,0,937,-61.44,-70.93,92.0,0.1,2.3,0.2,1.5,0.0
KS-GOV,governor,KS,20051,2968,6490,0,0,9457,-37.24,-47.02,88.2,1.1,6.3,0.9,0.2,0.0
KS-GOV,governor,KS,20053,541,1389,0,0,1931,-43.94,-53.13,85.5,4.8,5.6,0.4,0.7,0.0
KS-GOV,governor,KS,20055,2879,4669,0,0,7547,-23.72,-35.32,42.6,3.7,46.9,4.0,0.5,0.0
KS-GOV,governor,KS,20057,2061,3696,0,0,5757,-28.41,-39.06,42.4,2.8,51.3,1.3,0.4,0.0
KS-GOV,governor,KS,20059,3063,5832,0,0,8895,-31.13,-40.94,89.2,1.3,3.8,0.4,0.8,0.0
KS-GOV,governor,KS,20061,2950,3465,0,0,6414,-8.03,-18.01,56.8,17.0,14.0,3.8,0.6,1.2
KS-GOV,governor,KS,20063,155,822,0,0,977,-68.28,-78.21,93.4,0.1,2.5,0.5,0.1,0.0
KS-GOV,governor,KS,20065,194,707,0,0,901,-57.01,-66.8,91.5,2.5,1.8,0.4,0.4,0.0
KS-GOV,governor,KS,20067,366,1188,0,0,1554,-52.93,-63.89,49.4,0.2,46.8,0.2,0.8,0.1
KS-GOV,governor,KS,20069,303,1232,0,0,1535,-60.54,-70.01,84.7,0.2,12.5,0.2,0.1,0.0
KS-GOV,governor,KS,20071,73,342,0,0,415,-64.74,-74.36,83.1,0.0,13.0,0.5,0.0,0.0
KS-GOV,governor,KS,20073,480,1538,0,0,2019,-52.41,-61.9,91.5,0.5,2.3,0.5,0.7,0.0
KS-GOV,governor,KS,20075,120,450,0,0,570,-57.76,-67.33,58.4,0.4,38.4,0.3,0.5,0.0
KS-GOV,governor,KS,20077,397,1391,0,0,1788,-55.61,-65.17,88.6,0.3,6.1,0.4,1.4,0.0
KS-GOV,governor,KS,20079,4957,6303,0,0,11260,-11.95,-21.46,83.4,1.7,9.9,0.7,0.6,0.0
KS-GOV,governor,KS,20081,203,691,0,0,895,-54.55,-65.09,71.5,0.2,26.1,0.0,0.2,0.0
KS-GOV,governor,KS,20083,129,547,0,0,676,-61.8,-71.46,93.1,0.5,3.4,0.8,0.3,0.0
KS-GOV,governor,KS,20085,1508,3023,0,0,4532,-33.43,-43.39,82.6,0.8,3.7,0.3,7.5,0.1
KS-GOV,governor,KS,20087,2537,4412,0,0,6949,-26.98,-37.68,91.5,0.6,2.4,0.2,0.7,0.2
KS-GOV,governor,KS,20089,183,918,0,0,1102,-66.7,-77.23,95.1,0.1,1.3,0.3,0.3,0.0
KS-GOV,governor,KS,20091,141269,99381,0,0,240650,17.41,8.65,78.2,4.5,7.5,5.4,0.3,0.1
KS-GOV,governor,KS,20093,186,725,0,0,911,-59.12,-69.86,65.2,0.7,30.6,0.0,0.1,0.0
KS-GOV,governor,KS,20095,670,2093,0,0,2763,-51.52,-61.11,92.7,0.3,2.7,0.4,0.4,0.1
KS-GOV,governor,KS,20097,143,632,0,0,775,-63.11,-72.34,89.3,2.1,3.0,0.5,0.1,0.2
KS-GOV,governor,KS,20099,1972,3572,0,0,5545,-28.86,-38.81,82.5,4.2,3.9,0.5,2.0,0.1
KS-GOV,governor,KS,20101,108,482,0,0,590,-63.52,-72.93,89.9,0.0,6.7,0.0,0.6,0.2
KS-GOV,governor,KS,20103,11053,14530,0,0,25583,-13.59,-23.26,78.3,8.8,5.7,1.4,0.8,0.2
KS-GOV,governor,KS,20105,228,827,0,0,1055,-56.73,-66.28,92.6,0.3,3.3,0.3,0.6,0.0
KS-GOV,governor,KS,20107,781,2730,0,0,3511,-55.49,-65.47,92.7,0.4,1.9,0.3,0.6,0.1
KS-GOV,governor,KS,20109,176,804,0,0,980,-64.01,-73.27,91.2,0.0,5.6,0.2,0.0,0.0
KS-GOV,governor,KS,20111,4417,4862,0,0,9279,-4.79,-15.0,72.7,2.0,19.1,1.9,0.4,0.0
KS-GOV,governor,KS,20113,3338,6535,0,0,9873,-32.38,-41.88,89.1,1.7,4.4,0.8,0.3,0.0
KS-GOV,governor,KS,20115,1219,2890,0,0,4109,-40.66,-50.22,92.4,1.1,3.0,0.3,0.3,0.0
KS-GOV,governor,KS,20117,1034,2444,0,0,3478,-40.56,-50.3,95.0,0.3,1.7,0.4,0.3,0.0
KS-GOV,governor,KS,20119,231,956,0,0,1186,-61.12,-70.49,79.4,0.7,15.6,0.4,0.3,0.0
KS-GOV,governor,KS,20121,4525,8555,0,0,13079,-30.81,-40.28,90.8,1.3,2.7,0.5,0.4,0.0
KS-GOV,governor,KS,20123,487,1733,0,0,2220,-56.14,-66.33,94.7,0.2,2.0,0.3,0.3,0.0
KS-GOV,governor,KS,20125,2515,6194,0,0,8708,-42.25,-51.98,78.2,4.9,6.0,0.6,2.9,0.1
KS-GOV,governor,KS,20127,604,1351,0,0,1954,-38.23,-47.41,92.0,0.1,3.5,0.4,0.1,0.0
KS-GOV,governor,KS,20129,130,612,0,0,742,-65.08,-74.81,74.8,0.8,19.1,1.1,0.5,0.3
KS-GOV,governor,KS,20131,821,3113,0,0,3934,-58.27,-67.96,95.0,0.6,1.9,0.4,0.3,0.1
KS-GOV,governor,KS,20133,1447,3301,0,0,4749,-39.04,-49.05,88.3,0.9,4.5,0.5,0.8,0.1
KS-GOV,governor,KS,20135,140,814,0,0,954,-70.58,-80.66,89.2,0.1,8.0,0.0,0.4,0.0
KS-GOV,governor,KS,20137,320,1269,0,0,1589,-59.69,-68.94,86.8,4.3,5.2,0.8,0.7,0.0
KS-GOV,governor,KS,20139,1690,3834,0,0,5524,-38.81,-49.34,93.5,0.2,2.1,0.4,0.3,0.0
KS-GOV,governor,KS,20141,245,997,0,0,1242,-60.6,-69.97,94.8,0.0,1.7,0.6,0.7,0.0
KS-GOV,governor,KS,20143,440,1662,0,0,2102,-58.11,-67.74,93.1,0.5,2.1,0.1,0.5,0.0
KS-GOV,governor,KS,20145,536,1337,0,0,1872,-42.8,-52.44,84.0,4.7,7.0,0.4,0.4,0.0
KS-GOV,governor,KS,20147,327,1596,0,0,1923,-66.02,-75.36,94.5,0.3,1.8,0.4,0.2,0.0
KS-GOV,governor,KS,20149,2862,6569,0,0,9430,-39.31,-48.6,89.6,1.1,4.1,0.7,0.5,0.1
KS-GOV,governor,KS,20151,809,2048,0,0,2857,-43.35,-52.4,87.7,1.4,6.5,0.5,0.5,0.1
KS-GOV,governor,KS,20153,176,806,0,0,982,-64.23,-74.31,91.0,0.5,4.2,0.5,0.2,0.0
KS-GOV,governor,KS,20155,6999,11859,0,0,18858,-25.77,-35.2,83.6,3.0,8.2,0.6,0.7,0.1
KS-GOV,governor,KS,20157,363,1347,0,0,1710,-57.52,-66.96,95.3,0.4,1.3,0.2,0.2,0.2
KS-GOV,governor,KS,20159,727,2049,0,0,2776,-47.65,-57.67,82.5,1.7,11.1,0.4,0.5,0.0
KS-GOV,governor,KS,20161,9494,7526,0,0,17019,11.57,1.83,74.0,6.5,9.4,4.8,0.4,0.3
KS-GOV,governor,KS,20163,327,1447,0,0,1774,-63.18,-72.1,94.2,0.7,1.9,0.1,0.1,0.1
KS-GOV,governor,KS,20165,244,880,0,0,1124,-56.54,-66.56,93.9,0.2,3.7,0.5,0.1,0.0
KS-GOV,governor,KS,20167,535,1776,0,0,2311,-53.72,-62.47,92.2,0.9,2.5,0.5,0.5,0.0
KS-GOV,governor,KS,20169,6280,9978,0,0,16258,-22.75,-32.17,80.2,3.2,9.6,2.1,0.4,0.1
KS-GOV,governor,KS,20171,251,1243,0,0,1494,-66.34,-76.28,79.2,0.3,16.6,0.3,0.4,0.1
KS-GOV,governor,KS,20173,71574,78333,0,0,149907,-4.51,-14.06,68.3,8.3,13.0,4.5,0.9,0.1
KS-GOV,governor,KS,20175,1156,2039,0,0,3195,-27.65,-39.65,32.3,3.2,59.7,2.7,0.4,0.0
KS-GOV,governor,KS,20177,31605,25669,0,0,57274,10.36,0.51,74.5,7.4,10.8,1.4,0.9,0.1
KS-GOV,governor,KS,20179,138,823,0,0,961,-71.36,-81.4,92.8,0.0,4.1,0.4,0.4,0.1
KS-GOV,governor,KS,20181,357,1458,0,0,1815,-60.62,-70.16,83.3,2.2,11.1,0.3,0.3,0.0
KS-GOV,governor,KS,20183,283,1121,0,0,1404,-59.68,-69.62,95.2,0.2,1.6,0.3,0.5,0.0
KS-GOV,governor,KS,20185,298,1039,0,0,1336,-55.46,-65.21,85.6,0.4,10.1,0.3,0.4,0.0
KS-GOV,governor,KS,20187,106,358,0,0,465,-54.24,-64.72,56.2,0.3,39.6,0.1,1.1,0.0
KS-GOV,governor,KS,20189,212,1072,0,0,1284,-66.92,-76.73,61.9,0.4,34.1,0.5,0.5,0.0
KS-GOV,governor,KS,20191,2150,5234,0,0,7384,-41.76,-51.11,88.6,0.8,4.5,0.4,1.0,0.0
KS-GOV,governor,KS,20193,544,2021,0,0,2565,-57.57,-66.87,88.6,1.5,7.1,0.5,0.1,0.0
KS-GOV,governor,KS,20195,210,901,0,0,1111,-62.2,-72.29,94.8,0.2,1.4,0.3,0.2,0.0
KS-GOV,governor,KS,20197,804,1881,0,0,2685,-40.13,-49.79,92.1,0.5,3.3,0.2,0.5,0.1
KS-GOV,governor,KS,20199,60,463,0,0,524,-76.98,-85.91,91.5,0.3,4.7,0.0,0.1,0.2
KS-GOV,governor,KS,20201,379,1511,0,0,1890,-59.9,-70.21,93.8,0.1,3.6,0.0,0.0,0.0
KS-GOV,governor,KS,20203,109,493,0,0,602,-63.63,-74.73,68.7,0.1,26.5,0.0,0.4,0.1
KS-GOV,governor,KS,20205,583,1939,0,0,2522,-53.77,-63.46,90.7,0.2,2.4,0.5,1.0,0.0
KS-GOV,governor,KS,20207,252,802,0,0,1054,-52.11,-62.07,93.3,0.3,1.5,0.0,0.9,0.0
KS-GOV,governor,KS,20209,24049,11373,0,0,35423,35.78,24.24,42.4,20.4,28.4,4.0,0.5,0.2
MA-GOV,governor,MA,25001,63881,39025,1092,0,103998,24.15,21.07,87.2,2.5,2.8,1.3,0.4,0.0
MA-GOV,governor,MA,25003,34508,12999,504,0,48010,45.28,40.79,87.1,2.9,4.4,1.6,0.1,0.0
MA-GOV,governor,MA,25005,102710,89620,2041,0,194370,6.81,1.32,80.2,3.7,7.7,2.3,0.2,0.0
MA-GOV,governor,MA,25007,6653,1795,90,0,8538,57.52,53.8,80.6,4.1,2.2,0.9,0.9,0.1
MA-GOV,governor,MA,25009,174565,103726,2953,0,281244,25.45,20.74,70.0,3.2,19.8,3.6,0.1,0.0
MA-GOV,governor,MA,25011,20894,8292,310,0,29496,43.18,38.98,88.5,1.3,4.0,1.7,0.2,0.0
MA-GOV,governor,MA,25013,82349,61859,1530,0,145738,14.21,9.08,64.2,7.5,22.4,2.5,0.2,0.0
MA-GOV,governor,MA,25015,43051,15535,622,0,59208,46.97,43.19,79.8,2.7,6.1,7.1,0.1,0.0
MA-GOV,governor,MA,25017,407947,157136,5997,0,571080,44.38,40.45,69.0,4.8,7.8,12.7,0.1,0.0
MA-GOV,governor,MA,25019,3489,1424,52,0,4965,42.03,37.57,71.8,6.9,14.5,1.8,0.1,0.0
MA-GOV,governor,MA,25021,179163,88880,2844,0,270887,33.68,29.37,72.7,6.7,4.6,11.9,0.1,0.0
MA-GOV,governor,MA,25023,117950,90139,2208,0,210297,13.36,9.0,79.1,7.7,3.8,1.5,0.1,0.0
MA-GOV,governor,MA,25025,165210,41812,2197,0,209219,59.61,53.95,47.8,16.0,19.7,10.8,0.1,0.0
MA-GOV,governor,MA,25027,167053,124371,3092,0,294516,14.65,10.23,74.2,4.7,11.2,5.2,0.1,0.0
MD-GOV,governor,MD,24001,7071,14823,614,0,22508,-35.41,-41.15,85.5,8.7,1.5,1.1,0.2,0.0
MD-GOV,governor,MD,24003,126518,85655,5954,0,218127,19.26,14.31,65.6,17.1,8.0,4.5,0.2,0.1
MD-GOV,governor,MD,24005,183931,97229,7891,0,289051,30.84,25.13,55.2,28.5,6.0,6.3,0.2,0.0
MD-GOV,governor,MD,24009,17525,19385,1036,0,37945,-5.04,-11.22,76.0,13.4,3.7,1.7,0.2,0.1
MD-GOV,governor,MD,24011,3762,7363,312,0,11437,-32.37,-38.92,75.8,12.9,6.6,0.9,0.2,0.0
MD-GOV,governor,MD,24013,27762,42162,1962,0,71886,-20.59,-25.63,86.9,3.7,3.6,2.1,0.2,0.0
MD-GOV,governor,MD,24015,13426,22563,1010,0,36998,-25.39,-31.54,82.8,7.1,4.2,1.3,0.2,0.0
MD-GOV,governor,MD,24017,45974,16728,1760,0,64463,46.64,41.64,37.2,47.7,5.8,3.5,0.7,0.1
MD-GOV,governor,MD,24019,5215,6209,321,0,11744,-8.7,-14.9,65.1,26.0,4.3,1.1,0.3,0.0
MD-GOV,governor,MD,24021,60620,45694,2983,0,109297,14.04,9.03,71.3,9.5,10.0,4.8,0.2,0.1
MD-GOV,governor,MD,24023,2683,8108,303,0,11094,-50.28,-55.23,95.6,0.8,0.9,0.3,0.1,0.0
MD-GOV,governor,MD,24025,46562,55668,2868,0,105098,-8.91,-14.16,74.8,13.3,4.5,3.1,0.2,0.1
MD-GOV,governor,MD,24027,92405,31703,3484,0,127591,48.91,43.25,50.6,18.5,7.2,19.3,0.1,0.0
MD-GOV,governor,MD,24029,3924,3655,213,0,7791,3.56,-2.87,77.4,13.6,4.7,1.4,0.1,0.0
MD-GOV,governor,MD,24031,286338,67122,9922,0,363383,62.02,54.87,43.4,17.7,18.6,15.9,0.1,0.0
MD-GOV,governor,MD,24033,253168,21816,7721,0,282705,84.13,77.04,12.9,60.3,18.4,4.6,0.2,0.0
MD-GOV,governor,MD,24035,8480,13554,618,0,22653,-23.03,-28.36,85.6,5.8,4.0,1.2,0.2,0.0
MD-GOV,governor,MD,24037,17714,22442,1127,0,41282,-11.77,-17.6,72.8,14.1,4.9,3.1,0.3,0.1
MD-GOV,governor,MD,24039,3068,3836,194,0,7098,-11.12,-17.76,53.7,38.8,3.3,1.0,0.4,0.0
MD-GOV,governor,MD,24041,8162,7386,436,0,15985,4.99,-0.03,78.2,10.9,6.7,1.3,0.1,0.0
MD-GOV,governor,MD,24043,20461,29491,1401,0,51353,-18.08,-23.55,77.6,10.9,5.4,1.9,0.2,0.0
MD-GOV,governor,MD,24045,16040,15910,896,0,32847,0.41,-5.6,62.1,25.3,5.6,3.1,0.2,0.0
MD-GOV,governor,MD,24047,9343,13054,628,0,23026,-16.57,-22.46,81.4,11.0,3.2,1.3,0.2,0.0
MD-GOV,governor,MD,24510,142521,14542,4410,0,161473,81.48,74.91,29.4,55.8,6.7,4.1,0.2,0.0
ME-GOV,governor,ME,23001,19802,19902,1491,0,41196,-0.25,-6.22,89.2,4.1,1.6,0.8,0.4,0.0
ME-GOV,governor,ME,23003,9718,14339,903,0,24961,-19.21,-26.59,94.0,0.6,1.0,0.5,1.5,0.0
ME-GOV,governor,ME,23005,95521,38868,5048,0,139437,42.16,37.24,88.6,3.2,2.2,2.3,0.2,0.0
ME-GOV,governor,ME,23007,5909,6125,452,0,12486,-1.79,-8.42,93.2,0.5,1.1,1.1,0.3,0.0
ME-GOV,governor,ME,23009,14378,10079,919,0,25375,17.58,12.07,93.1,0.6,1.4,1.0,0.4,0.0
ME-GOV,governor,ME,23011,25407,23769,1847,0,51023,3.33,-2.82,92.3,0.7,1.6,1.0,0.4,0.0
ME-GOV,governor,ME,23013,10888,6580,656,0,18124,24.66,19.0,93.3,0.7,1.4,0.6,0.3,0.1
ME-GOV,governor,ME,23015,9420,6773,608,0,16802,16.35,11.48,94.5,0.4,1.0,0.6,0.3,0.0
ME-GOV,governor,ME,23017,10875,12464,877,0,24215,-6.81,-13.13,93.6,0.3,1.1,0.5,0.3,0.0
ME-GOV,governor,ME,23019,27894,30856,2206,0,60957,-5.04,-11.12,92.0,0.9,1.5,1.2,0.9,0.0
ME-GOV,governor,ME,23021,2636,4250,259,0,7145,-23.45,-29.78,93.5,0.3,1.2,0.6,0.5,0.1
ME-GOV,governor,ME,23023,10047,6452,620,0,17118,21.79,17.01,93.1,0.8,1.5,0.7,0.2,0.0
ME-GOV,governor,ME,23025,7581,11610,721,0,19912,-20.99,-27.51,93.7,0.4,1.0,0.6,0.4,0.0
ME-GOV,governor,ME,23027,9253,7701,637,0,17591,9.15,3.46,94.0,0.3,1.1,0.5,0.3,0.0
ME-GOV,governor,ME,23029,5039,7140,457,0,12635,-17.25,-23.87,90.4,0.5,1.7,0.4,3.8,0.0
ME-GOV,governor,ME,23031,52139,37479,3366,0,92985,16.36,10.68,92.8,0.8,1.6,1.2,0.3,0.0
MI-GOV,governor,MI,26001,1869,3335,26,0,5231,-28.17,-42.14,95.3,0.1,0.8,0.1,0.5,0.0
MI-GOV,governor,MI,26003,1706,1950,18,0,3674,-6.67,-20.05,83.6,7.8,1.0,0.2,3.1,0.0
MI-GOV,governor,MI,26005,21484,28601,252,0,50336,-14.21,-27.62,88.0,1.1,6.3,0.7,0.4,0.0
MI-GOV,governor,MI,26007,5060,6930,60,0,12050,-15.59,-28.99,94.5,0.3,1.1,0.4,0.4,0.0
MI-GOV,governor,MI,26009,5217,6543,59,0,11819,-11.28,-24.06,94.0,0.1,1.4,0.3,0.8,0.1
MI-GOV,governor,MI,26011,2343,4030,32,0,6405,-26.47,-41.11,93.6,0.2,1.4,0.3,0.8,0.0
MI-GOV,governor,MI,26013,1263,1750,15,0,3028,-16.17,-30.26,72.5,8.8,1.1,0.2,11.8,0.0
MI-GOV,governor,MI,26015,10572,16288,135,0,26995,-21.28,-34.85,92.5,0.4,2.7,0.4,0.4,0.0
MI-GOV,governor,MI,26017,21099,21486,214,0,42799,-0.91,-14.89,89.8,1.4,4.5,0.5,0.3,0.0
MI-GOV,governor,MI,26019,4652,4295,45,0,8993,3.99,-8.8,93.4,0.2,1.8,0.4,0.9,0.0
MI-GOV,governor,MI,26021,30903,27955,296,0,59154,5.01,-7.99,75.9,12.5,4.7,2.1,0.4,0.1
MI-GOV,governor,MI,26023,5231,9461,74,0,14766,-28.79,-43.06,88.1,3.0,4.6,0.6,0.3,0.0
MI-GOV,governor,MI,26025,23653,23803,238,0,47694,-0.32,-14.23,78.1,10.0,4.5,2.5,0.5,0.0
MI-GOV,governor,MI,26027,7767,11643,97,0,19508,-19.97,-34.32,86.4,4.5,3.1,0.6,0.9,0.0
MI-GOV,governor,MI,26029,5869,6423,62,0,12354,-4.51,-17.18,93.0,0.2,1.2,0.4,1.4,0.0
MI-GOV,governor,MI,26031,4682,6763,57,0,11502,-18.19,-31.55,90.8,0.3,1.1,0.4,2.5,0.0
MI-GOV,governor,MI,26033,5677,7108,64,0,12850,-11.19,-24.68,69.7,8.5,1.6,0.5,13.0,0.0
MI-GOV,governor,MI,26035,4578,7461,60,0,12100,-23.94,-38.13,93.5,0.4,1.7,0.3,0.6,0.0
MI-GOV,governor,MI,26037,18172,16577,175,0,34923,4.59,-8.74,87.4,2.1,4.0,2.6,0.3,0.0
MI-GOV,governor,MI,26039,2350,3553,30,0,5932,-20.38,-34.2,93.8,0.3,1.7,0.4,0.6,0.0
MI-GOV,governor,MI,26041,6358,8870,76,0,15304,-16.5,-30.81,92.3,0.2,1.1,0.5,2.0,0.0
MI-GOV,governor,MI,26043,4106,6566,54,0,10725,-23.05,-36.86,94.5,0.2,1.3,0.6,0.4,0.0
MI-GOV,governor,MI,26045,25022,20304,228,0,45554,10.41,-3.19,82.3,6.6,4.9,2.1,0.3,0.0
MI-GOV,governor,MI,26047,8085,7836,80,0,16001,1.57,-10.95,90.3,0.5,1.4,0.5,3.0,0.1
MI-GOV,governor,MI,26049,92267,62903,780,0,155950,18.92,4.26,72.5,18.4,3.4,1.0,0.4,0.0
MI-GOV,governor,MI,26051,3947,6838,54,0,10839,-26.81,-41.2,94.6,0.3,1.5,0.3,0.4,0.0
MI-GOV,governor,MI,26053,2795,2972,29,0,5796,-3.06,-17.32,92.1,0.4,1.2,0.2,2.7,0.0
MI-GOV,governor,MI,26055,24144,19568,220,0,43932,10.47,-1.76,91.5,0.6,2.6,0.8,0.9,0.0
MI-GOV,governor,MI,26057,5695,8119,69,0,13884,-17.54,-31.73,84.8,6.0,6.1,0.3,0.4,0.0
MI-GOV,governor,MI,26059,5363,11909,87,0,17359,-37.9,-52.05,93.2,0.4,1.9,0.4,0.4,0.0
MI-GOV,governor,MI,26061,6512,6980,68,0,13559,-3.47,-17.31,91.1,0.7,1.7,2.4,0.4,0.1
MI-GOV,governor,MI,26063,4787,8407,66,0,13260,-27.44,-41.09,95.0,0.2,2.2,0.4,0.2,0.0
MI-GOV,governor,MI,26065,74167,28858,518,0,103543,43.98,30.31,70.5,11.4,7.3,5.8,0.4,0.0
MI-GOV,governor,MI,26067,9603,14057,119,0,23779,-18.83,-32.34,86.6,6.0,4.2,0.3,0.4,0.0
MI-GOV,governor,MI,26069,4525,6431,55,0,11011,-17.39,-31.04,93.2,0.7,1.9,0.6,0.5,0.0
MI-GOV,governor,MI,26071,2063,2828,25,0,4915,-15.63,-29.67,94.7,0.2,1.1,0.4,0.7,0.0
MI-GOV,governor,MI,26073,11477,10003,108,0,21588,6.86,-7.61,83.7,3.5,4.0,1.8,2.8,0.0
MI-GOV,governor,MI,26075,26844,31443,293,0,58579,-7.89,-21.63,84.2,7.6,3.0,0.9,0.3,0.0
MI-GOV,governor,MI,26077,66622,34908,510,0,102041,31.24,18.04,77.2,10.3,4.8,2.8,0.3,0.0
MI-GOV,governor,MI,26079,2805,5229,40,0,8074,-30.17,-43.53,93.2,0.3,1.5,0.4,0.8,0.0
MI-GOV,governor,MI,26081,153269,105919,1303,0,260491,18.27,5.46,74.6,8.7,9.5,3.3,0.3,0.0
MI-GOV,governor,MI,26083,560,562,6,0,1128,-0.19,-12.99,96.4,0.2,0.6,0.0,0.1,0.0
MI-GOV,governor,MI,26085,1984,2831,24,0,4839,-17.59,-32.62,77.7,6.4,10.9,0.4,0.5,0.1
MI-GOV,governor,MI,26087,14211,24397,194,0,38802,-26.38,-40.3,90.4,1.2,3.9,0.4,0.3,0.0
MI-GOV,governor,MI,26089,7385,4934,62,0,12381,19.89,7.86,90.9,0.2,3.0,0.4,2.2,0.0
MI-GOV,governor,MI,26091,17343,20954,192,0,38490,-9.43,-23.37,85.7,2.7,7.0,0.5,0.4,0.0
MI-GOV,governor,MI,26093,40874,51225,463,0,92562,-11.24,-24.26,92.3,0.6,2.4,0.9,0.3,0.1
MI-GOV,governor,MI,26095,695,1386,10,0,2091,-33.24,-47.67,87.3,0.2,0.8,0.0,6.2,0.0
MI-GOV,governor,MI,26097,2219,2820,25,0,5065,-11.93,-25.2,76.9,0.5,1.3,0.3,14.0,0.0
MI-GOV,governor,MI,26099,178235,176379,1782,0,356396,0.52,-13.95,78.2,11.3,2.5,4.2,0.2,0.0
MI-GOV,governor,MI,26101,5181,5472,54,0,10707,-2.74,-16.2,88.8,2.8,2.5,0.3,1.9,0.0
MI-GOV,governor,MI,26103,16581,10528,136,0,27246,22.33,8.89,90.6,1.3,1.8,0.6,1.4,0.0
MI-GOV,governor,MI,26105,5775,6804,63,0,12642,-8.19,-21.66,91.3,0.6,3.4,0.5,0.8,0.0
MI-GOV,governor,MI,26107,6518,9122,79,0,15718,-16.65,-30.53,90.2,2.0,2.3,0.9,0.5,0.0
MI-GOV,governor,MI,26109,3647,5455,46,0,9147,-19.86,-34.03,92.4,0.4,1.6,0.4,2.4,0.0
MI-GOV,governor,MI,26111,17086,17940,176,0,35202,-2.44,-15.45,90.1,1.1,2.5,2.0,0.4,0.1
MI-GOV,governor,MI,26113,1818,4550,32,0,6399,-42.9,-56.83,94.2,0.2,2.4,0.3,0.3,0.0
MI-GOV,governor,MI,26115,27639,35984,320,0,63943,-13.12,-27.54,89.3,2.4,3.3,0.6,0.3,0.0
MI-GOV,governor,MI,26117,8991,15245,122,0,24358,-25.81,-39.57,88.8,3.9,3.5,0.4,0.3,0.0
MI-GOV,governor,MI,26119,1505,2940,22,0,4468,-32.28,-45.98,94.1,0.1,1.2,0.2,0.8,0.0
MI-GOV,governor,MI,26121,37107,29051,332,0,66491,12.18,-1.82,77.1,12.7,4.7,0.6,0.7,0.0
MI-GOV,governor,MI,26123,7160,13180,102,0,20442,-29.59,-43.46,89.6,0.9,4.8,0.4,0.6,0.0
MI-GOV,governor,MI,26125,334934,202881,2703,0,540518,24.55,10.79,71.1,13.2,4.0,7.9,0.2,0.0
MI-GOV,governor,MI,26127,4310,6041,52,0,10403,-16.72,-30.49,83.1,0.3,12.3,0.3,0.8,0.0
MI-GOV,governor,MI,26129,3139,5654,44,0,8838,-28.6,-42.55,93.7,0.2,1.7,0.3,0.5,0.0
MI-GOV,governor,MI,26131,1119,1555,13,0,2687,-16.31,-30.75,94.1,0.1,0.9,0.4,1.0,0.0
MI-GOV,governor,MI,26133,2991,6193,46,0,9230,-34.87,-48.69,93.9,0.5,1.3,0.2,0.6,0.0
MI-GOV,governor,MI,26135,1238,2377,18,0,3633,-31.52,-44.87,94.1,0.1,1.6,0.1,0.4,0.0
MI-GOV,governor,MI,26137,4299,6809,56,0,11164,-22.6,-35.83,93.6,0.4,1.3,0.4,0.6,0.0
MI-GOV,governor,MI,26139,56777,67344,623,0,124744,-8.51,-20.75,84.1,1.6,8.3,2.7,0.3,0.0
MI-GOV,governor,MI,26141,2553,3539,31,0,6122,-16.18,-29.43,95.6,0.2,0.8,0.4,0.5,0.0
MI-GOV,governor,MI,26143,4509,6669,56,0,11234,-19.32,-33.34,94.1,0.2,1.4,0.3,0.4,0.0
MI-GOV,governor,MI,26145,40050,32245,363,0,72659,10.8,-3.32,71.2,16.5,7.4,1.3,0.3,0.0
MI-GOV,governor,MI,26147,26584,40639,338,0,67561,-20.91,-35.15,90.7,2.2,2.8,0.5,0.4,0.0
MI-GOV,governor,MI,26149,8097,12315,103,0,20515,-20.66,-34.49,86.1,2.1,7.0,0.7,0.3,0.0
MI-GOV,governor,MI,26151,5325,10926,82,0,16332,-34.46,-48.29,92.9,0.4,3.4,0.2,0.3,0.0
MI-GOV,governor,MI,26153,1382,2025,17,0,3423,-18.87,-32.42,86.9,0.2,0.8,0.2,7.0,0.0
MI-GOV,governor,MI,26155,12840,15496,142,0,28479,-9.37,-23.43,92.7,0.4,2.4,0.4,0.3,0.0
MI-GOV,governor,MI,26157,7563,13822,107,0,21492,-29.27,-43.54,92.5,0.6,2.7,0.3,0.3,0.0
MI-GOV,governor,MI,26159,14124,14554,144,0,28822,-1.5,-15.36,82.1,3.1,9.2,0.5,0.7,0.0
MI-GOV,governor,MI,26161,123443,31782,781,0,156006,59.05,45.51,69.9,10.7,4.9,9.3,0.2,0.1
MI-GOV,governor,MI,26163,434457,162497,3001,0,599955,45.56,30.05,50.3,36.5,5.6,3.6,0.3,0.0
MI-GOV,governor,MI,26165,5287,8274,68,0,13629,-22.03,-35.14,92.8,0.4,1.8,0.6,0.5,0.0
MN-GOV,governor,MN,27001,2727,4415,172,0,7315,-23.63,-31.34,94.1,0.2,0.9,0.2,1.9,0.0
MN-GOV,governor,MN,27003,73448,70440,3462,0,147350,2.09,-4.55,80.1,6.4,4.4,4.9,0.5,0.0
MN-GOV,governor,MN,27005,4953,8545,325,0,13823,-26.62,-33.65,87.3,0.5,1.1,0.4,5.8,0.0
MN-GOV,governor,MN,27007,8581,8421,409,0,17411,0.94,-5.76,75.3,1.2,2.0,0.6,16.3,0.0
MN-GOV,governor,MN,27009,5504,10103,375,0,15983,-29.47,-36.59,88.8,4.0,2.5,1.2,0.4,0.0
MN-GOV,governor,MN,27011,745,1186,46,0,1977,-22.87,-30.14,94.9,0.3,2.1,0.3,0.6,0.0
MN-GOV,governor,MN,27013,13228,11686,600,0,25513,6.19,-1.25,84.9,4.8,4.1,2.9,0.3,0.0
MN-GOV,governor,MN,27015,3539,6443,240,0,10223,-29.09,-35.86,94.1,0.4,3.4,0.6,0.2,0.0
MN-GOV,governor,MN,27017,7476,6753,342,0,14571,5.09,-2.61,87.3,1.8,1.3,0.4,5.3,0.0
MN-GOV,governor,MN,27019,23760,23519,1138,0,48417,0.51,-5.51,88.0,1.6,4.1,3.4,0.2,0.0
MN-GOV,governor,MN,27021,4870,8371,319,0,13559,-26.44,-33.89,86.0,0.2,1.0,0.4,8.8,0.0
MN-GOV,governor,MN,27023,1574,2747,104,0,4424,-27.15,-34.66,87.0,0.5,7.6,0.3,0.7,1.8
MN-GOV,governor,MN,27025,9126,15218,586,0,24930,-25.02,-31.92,91.3,1.7,2.0,1.2,0.6,0.0
MN-GOV,governor,MN,27027,12087,10385,541,0,23013,7.57,0.49,86.5,3.9,3.5,1.3,1.4,0.0
MN-GOV,governor,MN,27029,942,2350,79,0,3372,-42.76,-50.72,86.8,0.1,1.1,0.3,7.4,0.0
MN-GOV,governor,MN,27031,1769,732,60,0,2561,41.47,35.81,85.6,0.5,1.8,0.9,7.1,0.0
MN-GOV,governor,MN,27033,1345,2750,99,0,4194,-34.33,-41.83,85.1,1.0,7.6,3.1,0.2,0.6
MN-GOV,governor,MN,27035,10849,18121,697,0,29667,-25.1,-31.85,94.1,0.5,1.1,0.5,0.8,0.0
MN-GOV,governor,MN,27037,105994,71580,4274,0,181848,19.38,13.14,77.7,6.1,6.9,5.4,0.3,0.0
MN-GOV,governor,MN,27039,3159,5378,205,0,8742,-25.99,-32.67,92.2,0.5,4.0,0.5,0.2,0.0
MN-GOV,governor,MN,27041,6110,11058,413,0,17581,-28.82,-35.63,95.2,0.5,1.6,0.5,0.3,0.0
MN-GOV,governor,MN,27043,1839,3469,128,0,5435,-30.71,-38.1,91.5,0.4,5.5,0.4,0.3,0.0
MN-GOV,governor,MN,27045,3444,5024,204,0,8672,-18.65,-25.95,95.8,0.5,1.5,0.3,0.0,0.0
MN-GOV,governor,MN,27047,4921,6500,275,0,11696,-13.82,-21.61,85.2,1.1,8.0,3.0,0.2,0.0
MN-GOV,governor,MN,27049,8858,10844,474,0,20176,-10.08,-16.78,91.4,1.2,3.0,0.7,1.0,0.1
MN-GOV,governor,MN,27051,923,1500,58,0,2481,-23.81,-31.25,94.7,0.2,2.0,0.3,0.3,0.1
MN-GOV,governor,MN,27053,369057,123020,11847,0,503924,50.0,43.64,70.3,11.4,6.5,7.3,0.6,0.0
MN-GOV,governor,MN,27055,3540,4273,188,0,8001,-9.38,-16.76,95.9,0.3,1.1,0.5,0.2,0.0
MN-GOV,governor,MN,27057,3482,5832,224,0,9538,-25.23,-32.01,92.0,0.3,1.6,0.4,2.2,0.0
MN-GOV,governor,MN,27059,5779,11946,426,0,18151,-34.79,-41.88,93.0,0.7,1.7,1.1,0.5,0.0
MN-GOV,governor,MN,27061,7977,10374,442,0,18793,-13.06,-20.49,91.5,0.3,1.0,0.3,2.7,0.0
MN-GOV,governor,MN,27063,1248,2612,93,0,3953,-35.35,-42.82,92.7,0.9,2.8,1.3,0.3,0.0
MN-GOV,governor,MN,27065,2148,4487,160,0,6795,-35.25,-42.99,94.6,0.3,0.9,0.5,0.7,0.0
MN-GOV,governor,MN,27067,6078,9846,383,0,16307,-23.66,-31.54,81.4,4.3,10.7,1.2,0.2,0.1
MN-GOV,governor,MN,27069,701,1009,41,0,1751,-18.01,-25.51,95.2,0.0,1.6,0.2,0.5,0.2
MN-GOV,governor,MN,27071,1896,2746,112,0,4754,-18.32,-26.08,92.1,0.4,1.1,0.3,2.0,0.1
MN-GOV,governor,MN,27073,1027,1705,66,0,2798,-24.82,-32.86,94.6,0.5,2.3,0.6,0.1,0.0
MN-GOV,governor,MN,27075,2624,2129,114,0,4868,10.42,3.96,95.1,0.1,0.8,0.5,0.4,0.0
MN-GOV,governor,MN,27077,479,1126,39,0,1644,-40.34,-47.8,94.6,0.4,1.0,0.5,0.6,0.0
MN-GOV,governor,MN,27079,4364,7582,287,0,12233,-26.94,-34.23,91.1,0.8,5.0,0.5,0.2,0.1
MN-GOV,governor,MN,27081,753,1459,53,0,2265,-31.9,-38.52,96.2,0.2,1.3,0.4,0.1,0.0
MN-GOV,governor,MN,27083,3346,5536,214,0,9096,-24.66,-32.45,84.9,3.1,5.3,4.3,0.3,0.0
MN-GOV,governor,MN,27085,4932,9565,349,0,14846,-31.96,-38.62,91.0,0.5,5.2,0.6,0.3,0.1
MN-GOV,governor,MN,27087,742,750,36,0,1528,-0.49,-8.88,50.3,0.1,2.4,0.2,36.1,0.0
MN-GOV,governor,MN,27089,955,2486,83,0,3524,-44.5,-52.45,94.0,0.1,3.2,0.2,0.3,0.0
MN-GOV,governor,MN,27091,2450,4933,178,0,7561,-33.62,-40.24,91.7,0.4,5.1,0.5,0.2,0.0
MN-GOV,governor,MN,27093,2975,6390,225,0,9590,-36.47,-43.45,94.1,0.3,3.0,0.3,0.1,0.0
MN-GOV,governor,MN,27095,3423,6965,250,0,10638,-34.09,-41.46,89.6,0.3,1.3,0.5,4.6,0.0
MN-GOV,governor,MN,27097,3492,10402,334,0,14228,-49.74,-56.88,95.5,0.4,1.4,0.3,0.3,0.0
MN-GOV,governor,MN,27099,6287,6682,312,0,13280,-3.05,-10.67,79.8,3.2,9.8,4.4,0.2,0.5
MN-GOV,governor,MN,27101,1050,2212,78,0,3340,-35.62,-43.14,93.0,0.4,3.6,1.1,0.1,0.0
MN-GOV,governor,MN,27103,7070,6200,319,0,13590,6.56,-0.52,87.5,4.0,4.2,1.8,0.4,0.0
MN-GOV,governor,MN,27105,2028,3631,136,0,5795,-28.33,-36.14,62.2,3.7,26.6,5.7,0.3,0.2
MN-GOV,governor,MN,27107,963,1289,54,0,2306,-14.46,-22.84,91.0,0.3,3.3,0.3,1.5,0.0
MN-GOV,governor,MN,27109,36293,25854,1496,0,63643,16.8,10.9,80.3,5.5,4.7,6.2,0.2,0.0
MN-GOV,governor,MN,27111,9031,16090,604,0,25725,-28.1,-34.76,92.6,1.0,2.8,0.6,0.4,0.0
MN-GOV,governor,MN,27113,1902,3145,121,0,5169,-24.61,-32.2,89.7,1.2,3.7,0.9,1.0,0.0
MN-GOV,governor,MN,27115,4182,7382,278,0,11842,-27.67,-35.73,88.7,1.8,2.1,0.9,2.9,0.0
MN-GOV,governor,MN,27117,963,2345,80,0,3388,-41.8,-48.86,88.9,0.9,6.4,0.7,1.1,0.0
MN-GOV,governor,MN,27119,3874,6669,254,0,10797,-26.51,-34.34,88.0,2.6,5.0,0.5,1.2,0.0
MN-GOV,governor,MN,27121,1861,3075,119,0,5054,-24.59,-32.21,96.5,0.3,1.1,0.4,0.3,0.0
MN-GOV,governor,MN,27123,143671,46294,4574,0,194539,51.26,44.33,64.3,10.9,6.9,13.4,0.5,0.0
MN-GOV,governor,MN,27125,502,945,35,0,1482,-30.67,-37.88,93.3,0.5,1.9,0.1,1.2,0.0
MN-GOV,governor,MN,27127,1791,3903,137,0,5831,-37.08,-43.87,88.9,0.4,2.0,1.9,4.3,0.0
MN-GOV,governor,MN,27129,1805,3706,133,0,5643,-34.5,-42.21,89.4,0.4,6.8,0.4,0.7,0.0
MN-GOV,governor,MN,27131,12998,11893,599,0,25490,4.44,-2.56,79.7,5.4,8.6,2.6,0.5,0.0
MN-GOV,governor,MN,27133,1230,2445,88,0,3763,-33.07,-39.91,93.6,0.4,2.9,0.6,0.4,0.0
MN-GOV,governor,MN,27135,1664,4149,140,0,5953,-42.76,-50.0,91.5,0.4,1.2,2.4,1.2,0.1
MN-GOV,governor,MN,27137,49165,32175,1958,0,83298,20.89,13.98,89.8,1.9,1.4,1.0,2.0,0.0
MN-GOV,governor,MN,27139,30104,31521,1483,0,63107,-2.3,-8.66,79.9,4.3,5.0,6.8,0.9,0.0
MN-GOV,governor,MN,27141,14105,25530,953,0,40588,-28.83,-35.48,89.3,3.2,2.4,1.3,0.5,0.0
MN-GOV,governor,MN,27143,1843,3996,140,0,5979,-36.88,-43.79,90.0,0.4,7.0,0.5,0.2,0.1
MN-GOV,governor,MN,27145,23667,35569,1425,0,60661,-20.09,-27.26,85.3,6.3,3.6,2.2,0.3,0.0
MN-GOV,governor,MN,27147,5833,8438,343,0,14615,-18.25,-24.97,87.4,2.7,6.6,0.9,0.2,0.0
MN-GOV,governor,MN,27149,1423,2090,85,0,3598,-18.98,-27.5,85.5,1.0,8.9,0.8,1.0,0.0
MN-GOV,governor,MN,27151,1265,2188,83,0,3536,-26.74,-34.75,91.0,0.5,5.0,0.6,0.3,1.0
MN-GOV,governor,MN,27153,2505,6877,226,0,9608,-46.59,-54.37,89.8,0.4,7.0,0.4,0.3,0.2
MN-GOV,governor,MN,27155,466,766,30,0,1262,-24.29,-32.24,88.9,0.4,5.1,0.0,3.5,0.0
MN-GOV,governor,MN,27157,3614,5623,222,0,9459,-21.76,-28.71,94.6,0.4,2.4,0.4,0.2,0.0
MN-GOV,governor,MN,27159,1537,3967,132,0,5636,-44.16,-52.11,94.1,0.7,1.5,0.3,0.5,0.1
MN-GOV,governor,MN,27161,2619,4484,171,0,7274,-26.26,-33.11,89.5,1.6,5.3,0.5,0.7,0.0
MN-GOV,governor,MN,27163,66783,49098,2789,0,118670,15.26,9.09,81.5,4.5,3.9,6.2,0.4,0.0
MN-GOV,governor,MN,27165,1349,2024,81,0,3454,-20.03,-28.36,74.2,0.3,23.3,0.8,0.2,0.0
MN-GOV,governor,MN,27167,767,1526,55,0,2348,-33.07,-39.8,93.2,0.5,2.6,0.1,1.0,0.0
MN-GOV,governor,MN,27169,9759,9243,457,0,19460,2.72,-4.99,90.6,1.5,3.2,1.9,0.2,0.0
MN-GOV,governor,MN,27171,23519,38051,1481,0,63051,-23.6,-29.89,91.1,1.6,2.7,1.4,0.2,0.0
MN-GOV,governor,MN,27173,1223,2476,89,0,3789,-33.87,-41.43,90.7,0.5,3.6,0.3,2.8,0.0
NE-GOV,governor,NE,31001,3366,6548,142,0,10056,-32.09,-42.16,85.5,0.8,9.4,1.4,0.4,0.0
NE-GOV,governor,NE,31003,404,1976,34,0,2413,-66.07,-76.9,94.8,0.2,2.4,0.4,0.3,0.0
NE-GOV,governor,NE,31005,22,172,3,0,197,-77.03,-87.9,94.0,0.9,1.6,0.0,0.0,0.0
NE-GOV,governor,NE,31007,37,229,4,0,270,-71.88,-82.2,89.7,0.0,7.0,0.0,1.0,0.0
NE-GOV,governor,NE,31009,35,166,3,0,204,-65.01,-74.22,95.9,0.0,0.6,0.3,0.0,0.0
NE-GOV,governor,NE,31011,449,1643,30,0,2122,-57.04,-66.88,95.4,0.3,2.6,0.1,0.2,0.0
NE-GOV,governor,NE,31013,899,2504,49,0,3452,-47.15,-57.17,83.9,0.6,9.3,0.6,2.2,0.0
NE-GOV,governor,NE,31015,129,613,11,0,753,-65.35,-75.33,96.4,0.0,1.2,0.0,0.3,0.0
NE-GOV,governor,NE,31017,195,939,16,0,1150,-65.68,-75.32,92.1,0.0,5.3,0.2,0.2,0.0
NE-GOV,governor,NE,31019,5288,11111,234,0,16633,-35.51,-45.54,86.4,1.1,8.4,1.5,0.3,0.1
NE-GOV,governor,NE,31021,827,1697,36,0,2559,-34.49,-45.62,93.7,0.2,1.6,0.4,1.1,0.3
NE-GOV,governor,NE,31023,789,2377,45,0,3211,-50.16,-60.16,92.9,0.3,4.5,0.1,0.2,0.0
NE-GOV,governor,NE,31025,3940,6933,155,0,11029,-27.53,-37.79,92.8,0.3,2.8,0.4,0.3,0.0
NE-GOV,governor,NE,31027,666,2724,48,0,3439,-60.7,-71.01,96.5,0.3,1.7,0.1,0.2,0.0
NE-GOV,governor,NE,31029,208,1080,18,0,1307,-67.75,-77.97,85.1,0.4,12.0,0.3,0.0,0.0
NE-GOV,governor,NE,31031,352,1767,30,0,2149,-66.79,-77.01,90.1,0.3,1.9,0.2,3.9,0.0
NE-GOV,governor,NE,31033,711,2416,45,0,3172,-54.51,-64.86,88.9,0.5,6.4,0.7,0.4,0.0
NE-GOV,governor,NE,31035,522,1763,33,0,2317,-54.29,-64.54,90.5,0.1,6.3,0.1,0.3,0.0
NE-GOV,governor,NE,31037,737,1690,35,0,2461,-39.25,-51.45,54.3,3.6,40.4,0.5,0.2,0.0
NE-GOV,governor,NE,31039,761,2307,44,0,3112,-50.41,-60.62,87.5,0.2,10.2,0.2,0.3,0.1
NE-GOV,governor,NE,31041,752,3311,58,0,4121,-62.99,-73.03,94.4,0.3,2.7,0.2,0.2,0.0
NE-GOV,governor,NE,31043,1750,2473,60,0,4284,-17.12,-30.2,50.2,6.6,35.6,2.9,2.2,0.6
NE-GOV,governor,NE,31045,832,1838,38,0,2708,-37.66,-47.84,86.8,2.4,3.5,0.7,3.3,0.1
NE-GOV,governor,NE,31047,1799,4062,84,0,5944,-38.62,-50.05,61.4,4.3,31.4,0.8,0.2,0.2
NE-GOV,governor,NE,31049,139,559,10,0,709,-60.11,-69.62,92.5,0.0,4.3,0.4,0.5,0.0
NE-GOV,governor,NE,31051,513,1485,29,0,2027,-48.65,-59.7,86.4,0.2,11.0,0.4,0.3,0.0
NE-GOV,governor,NE,31053,4366,6982,162,0,11511,-23.05,-33.03,83.3,0.6,12.9,0.5,0.4,0.0
NE-GOV,governor,NE,31055,113415,75243,2698,0,191357,20.23,10.31,69.8,10.2,11.4,4.5,0.4,0.1
NE-GOV,governor,NE,31057,100,542,9,0,650,-68.95,-79.24,93.0,0.2,4.5,0.1,0.7,0.0
NE-GOV,governor,NE,31059,571,1508,30,0,2109,-45.06,-55.53,95.1,0.1,2.3,0.2,0.3,0.0
NE-GOV,governor,NE,31061,224,880,16,0,1120,-59.41,-70.26,95.2,0.3,2.6,0.4,0.1,0.0
NE-GOV,governor,NE,31063,179,795,14,0,987,-63.29,-73.53,94.6,0.3,2.0,0.0,0.2,0.2
NE-GOV,governor,NE,31065,334,1331,24,0,1689,-59.84,-70.18,93.0,0.1,3.5,0.1,0.3,0.0
NE-GOV,governor,NE,31067,2679,4855,108,0,7642,-28.88,-39.77,94.1,0.5,2.0,0.5,0.3,0.0
NE-GOV,governor,NE,31069,151,620,11,0,782,-60.8,-70.84,93.1,0.2,3.8,0.1,0.1,0.0
NE-GOV,governor,NE,31071,119,582,10,0,711,-66.17,-77.01,96.9,0.2,1.1,0.0,0.0,0.0
NE-GOV,governor,NE,31073,182,590,11,0,783,-52.89,-63.42,93.4,0.1,3.7,0.5,0.3,0.0
NE-GOV,governor,NE,31075,24,229,4,0,256,-81.0,-91.8,94.7,1.1,2.1,0.0,1.5,0.0
NE-GOV,governor,NE,31077,184,669,12,0,865,-56.9,-68.58,96.9,0.1,1.6,0.4,0.2,0.0
NE-GOV,governor,NE,31079,5699,10039,225,0,15964,-27.58,-38.23,68.0,2.5,26.0,1.2,0.3,0.1
NE-GOV,governor,NE,31081,948,2881,55,0,3884,-50.49,-61.08,94.7,0.1,2.5,0.2,0.3,0.0
NE-GOV,governor,NE,31083,256,988,18,0,1262,-58.81,-68.65,95.4,0.0,2.8,0.4,0.2,0.0
NE-GOV,governor,NE,31085,33,308,5,0,346,-80.74,-92.26,89.0,0.0,7.0,0.3,0.6,0.0
NE-GOV,governor,NE,31087,160,829,14,0,1003,-67.67,-78.61,95.3,0.0,2.7,0.0,0.0,0.2
NE-GOV,governor,NE,31089,663,3094,54,0,3810,-64.72,-74.73,93.3,0.4,4.3,0.4,0.4,0.0
NE-GOV,governor,NE,31091,53,242,4,0,299,-63.98,-74.06,93.9,0.7,0.9,0.0,0.0,0.0
NE-GOV,governor,NE,31093,578,1872,35,0,2485,-52.79,-63.42,96.1,0.2,1.5,0.2,0.0,0.0
NE-GOV,governor,NE,31095,808,1698,36,0,2542,-35.51,-45.95,92.4,0.3,4.0,0.3,0.4,0.0
NE-GOV,governor,NE,31097,515,970,21,0,1507,-30.66,-41.07,78.0,7.2,10.7,1.4,1.2,0.0
NE-GOV,governor,NE,31099,633,1854,36,0,2523,-49.09,-58.7,92.6,0.1,4.4,0.2,0.2,0.0
NE-GOV,governor,NE,31101,655,2244,41,0,2940,-54.82,-64.75,89.7,0.1,6.9,0.6,0.3,0.0
NE-GOV,governor,NE,31103,51,325,5,0,381,-73.1,-83.82,96.7,0.0,2.3,0.0,0.2,0.0
NE-GOV,governor,NE,31105,247,940,17,0,1204,-58.32,-67.92,89.5,0.0,6.6,0.4,0.7,0.0
NE-GOV,governor,NE,31107,717,2345,44,0,3106,-53.18,-64.1,86.6,0.2,1.9,0.4,8.4,0.0
NE-GOV,governor,NE,31109,62536,46239,1556,0,110331,14.98,4.38,81.0,3.8,6.7,4.3,0.5,0.1
NE-GOV,governor,NE,31111,3067,8297,162,0,11527,-46.03,-55.89,87.7,1.0,7.2,0.9,0.4,0.0
NE-GOV,governor,NE,31113,35,269,4,0,308,-76.96,-88.48,95.0,0.0,2.2,0.0,0.0,0.0
NE-GOV,governor,NE,31115,65,231,4,0,300,-56.23,-65.81,95.9,0.0,1.4,0.2,0.0,0.0
NE-GOV,governor,NE,31117,19,176,3,0,198,-80.43,-91.4,97.2,0.0,0.0,0.6,0.0,0.0
NE-GOV,governor,NE,31119,2910,7920,155,0,10985,-46.26,-56.66,81.9,1.1,12.9,1.2,0.9,0.0
NE-GOV,governor,NE,31121,669,2328,43,0,3040,-55.32,-65.9,92.8,0.4,3.5,0.3,0.4,0.0
NE-GOV,governor,NE,31123,341,1334,24,0,1699,-59.31,-69.4,83.9,0.2,12.2,0.5,1.0,0.0
NE-GOV,governor,NE,31125,311,957,18,0,1286,-50.88,-61.19,96.0,0.1,1.5,0.2,0.3,0.0
NE-GOV,governor,NE,31127,765,1594,34,0,2393,-35.16,-45.5,93.1,1.0,2.6,0.5,0.4,0.0
NE-GOV,governor,NE,31129,358,1201,22,0,1581,-54.07,-64.3,94.9,0.1,2.2,0.0,0.1,0.0
NE-GOV,governor,NE,31131,2007,3651,81,0,5739,-29.07,-39.29,89.5,0.5,6.3,0.6,0.3,0.0
NE-GOV,governor,NE,31133,251,700,14,0,965,-47.17,-58.51,96.3,0.1,1.2,0.0,0.4,0.1
NE-GOV,governor,NE,31135,180,805,14,0,998,-63.49,-73.49,93.7,0.2,3.7,0.0,0.0,0.1
NE-GOV,governor,NE,31137,698,2729,49,0,3476,-59.28,-69.16,92.9,0.3,4.4,0.2,0.3,0.0
NE-GOV,governor,NE,31139,451,2239,38,0,2729,-66.47,-76.93,96.0,0.3,1.4,0.2,0.1,0.0
NE-GOV,governor,NE,31141,2780,8028,155,0,10962,-48.56,-58.87,78.1,0.9,18.2,0.6,0.2,0.0
NE-GOV,governor,NE,31143,450,1496,28,0,1974,-53.73,-64.18,92.5,0.0,4.1,0.0,0.2,0.0
NE-GOV,governor,NE,31145,749,2925,53,0,3727,-59.23,-69.08,90.8,1.1,5.1,0.4,0.4,0.1
NE-GOV,governor,NE,31147,792,1929,39,0,2760,-41.77,-52.05,91.9,0.2,1.5,0.5,2.3,0.0
NE-GOV,governor,NE,31149,88,488,8,0,584,-69.4,-79.52,96.9,0.3,1.4,0.0,0.1,0.0
NE-GOV,governor,NE,31151,1521,2382,56,0,3959,-22.07,-33.62,71.2,0.9,23.3,2.1,0.3,0.2
NE-GOV,governor,NE,31153,33938,35579,994,0,70512,-2.36,-11.81,80.1,3.7,8.8,2.7,0.3,0.1
NE-GOV,governor,NE,31155,2959,6404,134,0,9497,-36.8,-46.94,94.3,0.3,2.0,0.4,0.3,0.0
NE-GOV,governor,NE,31157,3241,7140,148,0,10529,-37.55,-48.2,75.3,0.7,19.1,0.8,1.2,0.1
NE-GOV,governor,NE,31159,2004,4335,91,0,6430,-36.76,-47.26,94.2,0.6,2.2,0.3,0.3,0.0
NE-GOV,governor,NE,31161,331,1384,25,0,1739,-61.43,-70.62,83.6,0.2,3.4,0.6,8.7,0.1
NE-GOV,governor,NE,31163,293,871,17,0,1181,-49.65,-60.77,95.2,0.0,2.0,0.0,0.7,0.1
NE-GOV,governor,NE,31165,77,391,7,0,475,-67.29,-77.15,94.3,0.0,2.8,0.4,0.2,0.2
NE-GOV,governor,NE,31167,456,1659,30,0,2145,-56.91,-67.5,91.9,0.4,4.5,0.3,0.3,0.0
NE-GOV,governor,NE,31169,488,1481,28,0,1997,-50.41,-61.45,96.0,0.2,1.6,0.3,0.2,0.1
NE-GOV,governor,NE,31171,43,228,4,0,275,-67.93,-77.55,93.9,0.0,3.6,0.0,0.6,0.0
NE-GOV,governor,NE,31173,763,702,21,0,1486,4.12,-6.99,43.5,0.5,3.2,0.2,50.3,0.1
NE-GOV,governor,NE,31175,361,1226,23,0,1610,-54.5,-64.57,94.9,0.5,2.1,0.2,0.1,0.2
NE-GOV,governor,NE,31177,2912,5746,124,0,8782,-32.73,-42.9,94.2,0.3,2.2,0.4,0.1,0.0
NE-GOV,governor,NE,31179,846,1965,40,0,2851,-39.83,-49.91,81.7,4.4,8.6,1.6,0.3,0.0
NE-GOV,governor,NE,31181,273,944,17,0,1234,-55.11,-66.07,93.2,0.5,2.8,0.3,0.5,0.0
NE-GOV,governor,NE,31183,58,278,5,0,340,-65.66,-76.3,96.9,0.0,1.6,0.0,0.0,0.0
NE-GOV,governor,NE,31185,1384,3437,69,0,4889,-42.58,-52.11,90.3,1.3,5.1,0.7,0.5,0.0
NH-GOV,governor,NH,33001,10376,17956,142,0,28474,-26.76,-13.16,93.4,0.4,1.5,0.9,0.2,0.0
NH-GOV,governor,NH,33003,10234,13905,121,0,24261,-15.21,-1.76,94.6,0.2,1.3,0.7,0.2,0.0
NH-GOV,governor,NH,33005,15477,16136,159,0,31772,-2.08,10.07,91.8,0.8,2.0,1.3,0.2,0.1
NH-GOV,governor,NH,33007,4473,7592,61,0,12126,-25.86,-13.84,92.4,1.7,1.8,0.6,0.3,0.0
NH-GOV,governor,NH,33009,20888,18042,196,0,39126,7.31,20.19,89.2,0.8,2.5,3.2,0.2,0.0
NH-GOV,governor,NH,33011,73339,89948,821,0,164108,-10.17,2.91,83.6,2.1,6.6,3.7,0.1,0.0
NH-GOV,governor,NH,33013,29865,34894,325,0,65084,-7.77,5.26,90.5,1.5,2.1,1.9,0.2,0.0
NH-GOV,governor,NH,33015,59618,81718,710,0,142046,-15.64,-2.46,91.5,0.6,2.6,1.9,0.1,0.0
NH-GOV,governor,NH,33017,26398,27015,268,0,53681,-1.15,12.19,88.8,1.1,2.6,3.3,0.2,0.0
NH-GOV,governor,NH,33019,7573,9993,88,0,17655,-13.77,-0.67,92.1,0.4,1.5,0.9,0.3,0.0
NM-GOV,governor,NM,35001,135461,82008,0,0,217468,24.58,21.58,41.3,2.7,45.2,3.0,4.4,0.1
NM-GOV,governor,NM,35003,428,1222,0,0,1650,-48.17,-50.84,78.3,0.7,15.5,0.2,1.3,0.0
NM-GOV,governor,NM,35005,4502,11036,0,0,15538,-42.05,-45.58,41.9,1.7,52.3,1.0,0.7,0.1
NM-GOV,governor,NM,35006,3323,2959,0,0,6281,5.8,1.59,23.5,1.1,31.3,0.8,40.6,0.0
NM-GOV,governor,NM,35007,1811,2257,0,0,4068,-10.97,-14.35,51.5,0.2,44.1,0.5,0.9,0.1
NM-GOV,governor,NM,35009,3144,7511,0,0,10656,-40.99,-43.39,48.0,5.4,40.4,1.7,0.6,0.1
NM-GOV,governor,NM,35011,157,455,0,0,612,-48.69,-51.81,60.1,0.1,37.1,0.3,0.3,0.3
NM-GOV,governor,NM,35013,34282,25474,0,0,59756,14.74,9.99,31.3,1.5,63.0,1.2,0.7,0.1
NM-GOV,governor,NM,35015,3904,12527,0,0,16430,-52.48,-56.57,47.4,1.4,46.4,0.9,0.9,0.1
NM-GOV,governor,NM,35017,5383,4556,0,0,9940,8.32,5.23,50.6,1.0,43.8,0.7,0.9,0.1
NM-GOV,governor,NM,35019,728,628,0,0,1356,7.4,0.74,18.8,1.8,75.2,1.3,1.1,0.0
NM-GOV,governor,NM,35021,98,203,0,0,302,-34.75,-39.76,54.4,0.4,41.9,0.0,0.0,0.0
NM-GOV,governor,NM,35023,537,779,0,0,1316,-18.43,-23.56,41.7,0.4,54.6,0.2,0.3,0.0
NM-GOV,governor,NM,35025,3056,11791,0,0,14847,-58.84,-62.44,36.3,3.6,56.0,0.9,0.8,0.0
NM-GOV,governor,NM,35027,2254,4860,0,0,7115,-36.63,-39.19,65.7,0.4,27.9,0.6,1.8,0.0
NM-GOV,governor,NM,35028,5653,2872,0,0,8526,32.62,31.25,72.0,0.9,15.6,6.4,0.5,0.1
NM-GOV,governor,NM,35029,2419,3219,0,0,5638,-14.2,-19.33,35.1,0.9,60.4,0.7,0.6,0.1
NM-GOV,governor,NM,35031,11925,6171,0,0,18096,31.8,25.31,9.5,0.5,11.4,1.4,75.3,0.1
NM-GOV,governor,NM,35033,1080,660,0,0,1740,24.15,17.52,20.0,0.3,77.1,0.3,0.6,0.0
NM-GOV,governor,NM,35035,6538,10717,0,0,17255,-24.22,-26.27,50.2,3.7,34.5,1.7,5.5,0.2
NM-GOV,governor,NM,35037,799,1794,0,0,2593,-38.37,-41.79,55.1,1.0,39.8,0.6,0.6,0.0
NM-GOV,governor,NM,35039,7087,4097,0,0,11184,26.74,19.86,16.9,0.4,66.4,0.6,13.9,0.0
NM-GOV,governor,NM,35041,1355,3292,0,0,4647,-41.67,-44.06,52.5,2.4,39.9,0.9,0.9,0.1
NM-GOV,governor,NM,35043,30237,25417,0,0,55654,8.66,5.91,47.0,1.9,35.4,1.6,10.6,0.1
NM-GOV,governor,NM,35045,13015,24028,0,0,37043,-29.73,-32.48,39.6,0.5,17.3,0.8,38.7,0.1
NM-GOV,governor,NM,35047,5232,2539,0,0,7771,34.65,28.5,22.5,1.1,72.7,0.5,1.0,0.0
NM-GOV,governor,NM,35049,45024,13533,0,0,58557,53.78,50.02,48.3,0.8,43.9,1.5,2.3,0.0
NM-GOV,governor,NM,35051,1700,2466,0,0,4166,-18.38,-19.66,68.6,0.6,24.9,0.9,1.1,0.0
NM-GOV,governor,NM,35053,2573,2488,0,0,5061,1.68,-3.8,36.3,0.8,47.2,2.0,10.6,0.1
NM-GOV,governor,NM,35055,8921,2715,0,0,11636,53.34,48.83,43.5,0.4,47.2,0.6,5.1,0.0
NM-GOV,governor,NM,35057,1625,3400,0,0,5025,-35.33,-38.95,55.3,0.8,37.9,0.4,1.6,0.0
NM-GOV,governor,NM,35059,280,885,0,0,1166,-51.92,-53.48,55.6,1.8,37.9,0.2,1.5,0.1
NM-GOV,governor,NM,35061,10189,13098,0,0,23288,-12.49,-16.68,36.1,1.1,56.3,0.5,3.1,0.0
NV-GOV,governor,NV,32001,2442,6555,453,0,9450,-45.71,-51.61,73.4,1.8,11.5,2.8,4.0,0.4
NV-GOV,governor,NV,32003,380114,307037,34570,0,721721,10.63,2.68,43.3,11.7,27.5,11.2,0.4,0.8
NV-GOV,governor,NV,32005,8649,15043,1192,0,24884,-26.99,-33.58,81.4,0.4,10.3,1.9,1.4,0.2
NV-GOV,governor,NV,32007,3606,11357,753,0,15716,-51.8,-57.86,67.0,0.9,22.3,1.1,4.5,0.2
NV-GOV,governor,NV,32009,59,248,15,0,322,-61.53,-67.41,75.3,0.2,18.1,0.7,2.7,0.0
NV-GOV,governor,NV,32011,91,595,35,0,720,-73.5,-79.54,84.6,0.1,9.0,0.1,0.6,0.2
NV-GOV,governor,NV,32013,1339,4003,269,0,5611,-49.87,-56.39,68.0,0.8,22.5,1.0,3.1,0.1
NV-GOV,governor,NV,32015,385,1431,91,0,1907,-57.59,-63.79,70.7,0.2,20.1,0.6,3.9,0.1
NV-GOV,governor,NV,32017,268,1378,83,0,1729,-67.44,-74.05,86.3,3.8,5.7,0.6,0.8,0.3
NV-GOV,governor,NV,32019,6849,15504,1125,0,23477,-38.72,-45.43,75.2,0.8,14.6,1.7,1.8,0.3
NV-GOV,governor,NV,32021,548,977,77,0,1602,-28.17,-36.56,66.6,3.6,9.4,1.6,14.5,0.2
NV-GOV,governor,NV,32023,5694,12297,905,0,18896,-36.7,-42.97,75.6,2.8,12.8,2.2,1.2,0.4
NV-GOV,governor,NV,32027,392,1146,77,0,1615,-49.06,-56.11,65.1,5.7,20.6,2.0,2.8,0.1
NV-GOV,governor,NV,32029,690,1354,103,0,2147,-32.45,-39.4,83.4,0.7,6.6,1.8,1.1,0.2
NV-GOV,governor,NV,32031,94667,80980,8837,0,184484,7.79,1.04,63.4,2.3,21.5,6.1,1.2,0.6
NV-GOV,governor,NV,32033,688,2212,146,0,3045,-52.57,-58.42,71.0,5.9,14.8,1.4,3.8,0.2
NV-GOV,governor,NV,32510,9751,10948,1041,0,21741,-5.78,-11.56,67.5,2.1,21.4,2.5,1.8,0.2
NY-GOV,governor,NY,36001,66338,38423,0,0,104761,26.65,25.84,70.3,11.9,6.0,7.3,0.2,0.0
NY-GOV,governor,NY,36003,4107,10216,0,0,14324,-42.65,-42.63,91.3,2.0,2.0,0.9,0.2,0.0
NY-GOV,governor,NY,36005,193174,61567,0,0,254742,51.66,45.44,9.8,28.9,53.5,4.7,0.2,0.0
NY-GOV,governor,NY,36007,31788,31544,0,0,63331,0.39,0.42,81.0,5.2,4.4,5.0,0.2,0.0
NY-GOV,governor,NY,36009,8015,15873,0,0,23887,-32.9,-32.82,89.6,1.3,1.6,0.7,3.1,0.0
NY-GOV,governor,NY,36011,11166,14403,0,0,25569,-12.66,-12.99,88.4,3.7,3.0,0.5,0.3,0.0
NY-GOV,governor,NY,36013,15525,24423,0,0,39948,-22.27,-21.98,85.7,2.3,7.4,0.7,0.4,0.0
NY-GOV,governor,NY,36015,10942,15359,0,0,26301,-16.79,-16.8,84.8,5.9,2.9,1.6,0.3,0.0
NY-GOV,governor,NY,36017,5789,10079,0,0,15868,-27.04,-27.22,92.6,0.6,2.0,0.5,0.2,0.0
NY-GOV,governor,NY,36019,12447,12678,0,0,25124,-0.92,-2.15,87.0,3.9,3.5,1.2,0.3,0.0
NY-GOV,governor,NY,36021,14324,10804,0,0,25128,14.01,14.7,85.0,3.7,4.7,2.1,0.1,0.0
NY-GOV,governor,NY,36023,7259,8189,0,0,15448,-6.02,-6.44,88.0,1.7,3.4,2.5,0.3,0.0
NY-GOV,governor,NY,36025,6462,9826,0,0,16288,-20.66,-19.77,88.7,2.2,3.9,1.1,0.2,0.0
NY-GOV,governor,NY,36027,56609,50791,0,0,107400,5.42,5.41,70.0,9.9,12.4,3.7,0.1,0.0
NY-GOV,governor,NY,36029,177077,144888,0,0,321965,10.0,9.68,74.4,12.6,5.2,4.5,0.5,0.0
NY-GOV,governor,NY,36031,6831,6721,0,0,13552,0.81,0.5,90.8,1.8,2.5,0.6,0.2,0.0
NY-GOV,governor,NY,36033,6267,7357,0,0,13624,-8.0,-9.01,81.5,4.3,3.0,0.4,7.8,0.0
NY-GOV,governor,NY,36035,5435,11411,0,0,16846,-35.48,-35.86,89.7,1.8,3.1,0.6,0.2,0.0
NY-GOV,governor,NY,36037,6539,13382,0,0,19921,-34.35,-33.95,88.8,2.3,4.1,0.8,0.7,0.0
NY-GOV,governor,NY,36039,7306,10509,0,0,17814,-17.98,-16.97,83.9,4.9,5.7,1.0,0.2,0.0
NY-GOV,governor,NY,36041,835,1573,0,0,2408,-30.64,-29.47,94.5,0.7,1.5,0.3,0.1,0.0
NY-GOV,governor,NY,36043,6464,13655,0,0,20118,-35.74,-36.44,92.3,1.1,2.0,0.6,0.1,0.0
NY-GOV,governor,NY,36045,11582,18569,0,0,30152,-23.17,-23.62,81.2,5.4,6.1,2.0,0.4,0.2
NY-GOV,governor,NY,36047,439327,158086,0,0,597413,47.08,43.98,35.5,27.3,18.3,13.8,0.1,0.0
NY-GOV,governor,NY,36049,2570,6558,0,0,9128,-43.68,-44.41,94.5,0.3,1.4,0.3,0.2,0.0
NY-GOV,governor,NY,36051,8572,13266,0,0,21838,-21.49,-21.44,89.4,2.0,3.7,1.1,0.2,0.0
NY-GOV,governor,NY,36053,10333,13488,0,0,23820,-13.24,-13.06,90.6,1.8,2.2,1.1,0.6,0.0
NY-GOV,governor,NY,36055,151792,103544,0,0,255335,18.9,19.08,70.3,13.7,8.0,4.3,0.2,0.0
NY-GOV,governor,NY,36057,5246,9312,0,0,14558,-27.93,-28.73,80.6,1.9,12.2,1.0,0.2,0.0
NY-GOV,governor,NY,36059,247112,253976,0,0,501088,-1.37,-4.2,58.3,10.7,16.8,11.3,0.1,0.0
NY-GOV,governor,NY,36061,386921,75260,0,0,462181,67.43,64.82,48.6,11.4,22.5,13.4,0.1,0.1
NY-GOV,governor,NY,36063,30733,41332,0,0,72065,-14.71,-14.93,84.6,7.0,2.9,1.1,1.1,0.0
NY-GOV,governor,NY,36065,27869,42389,0,0,70259,-20.67,-21.25,81.3,5.8,5.5,3.9,0.2,0.0
NY-GOV,governor,NY,36067,93725,66137,0,0,159862,17.26,17.28,76.4,10.2,4.6,4.1,0.6,0.0
NY-GOV,governor,NY,36069,20732,21522,0,0,42254,-1.87,-1.17,88.7,2.1,4.4,1.2,0.2,0.0
NY-GOV,governor,NY,36071,57117,65874,0,0,122991,-7.12,-8.38,60.8,10.6,20.6,3.1,0.2,0.0
NY-GOV,governor,NY,36073,3777,8881,0,0,12657,-40.33,-40.46,86.1,4.9,4.4,0.4,0.5,0.0
NY-GOV,governor,NY,36075,14431,23498,0,0,37930,-23.9,-24.18,91.0,1.2,2.5,0.8,0.4,0.0
NY-GOV,governor,NY,36077,9149,10759,0,0,19907,-8.09,-7.86,88.9,2.1,3.7,1.4,0.2,0.0
NY-GOV,governor,NY,36079,17005,22217,0,0,39222,-13.29,-13.69,76.7,2.5,15.8,2.2,0.1,0.0
NY-GOV,governor,NY,36081,326174,174917,0,0,501091,30.19,24.6,24.2,15.8,26.5,27.6,0.4,0.0
NY-GOV,governor,NY,36083,28131,27284,0,0,55416,1.53,1.36,80.1,6.5,4.8,3.7,0.2,0.0
NY-GOV,governor,NY,36085,51603,88850,0,0,140453,-26.52,-29.78,58.9,9.0,17.5,11.9,0.1,0.0
NY-GOV,governor,NY,36087,48335,57269,0,0,105604,-8.46,-11.82,59.9,11.3,19.1,6.9,0.1,0.0
NY-GOV,governor,NY,36089,12883,18045,0,0,30928,-16.69,-18.0,88.9,3.1,2.6,1.0,1.0,0.0
NY-GOV,governor,NY,36091,46563,45018,0,0,91581,1.69,1.83,88.3,1.5,3.1,2.9,0.1,0.0
NY-GOV,governor,NY,36093,28236,22593,0,0,50829,11.1,10.82,70.7,9.2,6.4,5.0,0.6,0.1
NY-GOV,governor,NY,36095,3885,7399,0,0,11284,-31.14,-30.53,90.7,1.0,3.2,0.7,0.3,0.0
NY-GOV,governor,NY,36097,2635,4040,0,0,6675,-21.05,-20.94,93.7,0.4,1.5,0.6,0.2,0.0
NY-GOV,governor,NY,36099,4667,5910,0,0,10577,-11.76,-11.8,87.4,4.3,3.6,0.8,0.4,0.0
NY-GOV,governor,NY,36101,10815,21104,0,0,31919,-32.23,-31.79,91.4,1.5,1.5,1.7,0.2,0.0
NY-GOV,governor,NY,36103,246718,292021,0,0,538739,-8.41,-9.97,66.7,6.9,19.3,4.3,0.2,0.0
NY-GOV,governor,NY,36105,10381,14170,0,0,24551,-15.43,-16.71,69.8,8.0,15.5,2.2,0.3,0.0
NY-GOV,governor,NY,36107,6595,10604,0,0,17198,-23.31,-22.88,92.2,0.9,1.9,0.8,0.1,0.0
NY-GOV,governor,NY,36109,24607,8212,0,0,32819,49.95,50.62,73.6,4.0,6.3,10.6,0.2,0.0
NY-GOV,governor,NY,36111,40768,28203,0,0,68971,18.22,18.66,77.9,5.6,9.9,2.1,0.2,0.0
NY-GOV,governor,NY,36113,12089,13169,0,0,25258,-4.28,-4.22,91.5,1.1,2.2,1.1,0.2,0.0
NY-GOV,governor,NY,36115,7950,12068,0,0,20018,-20.57,-21.21,89.4,3.0,2.7,0.5,0.3,0.0
NY-GOV,governor,NY,36117,12026,19283,0,0,31308,-23.18,-23.03,89.0,2.6,3.9,0.5,0.2,0.0
NY-GOV,governor,NY,36119,205687,114752,0,0,320440,28.38,26.28,52.0,13.4,24.8,6.5,0.1,0.0
NY-GOV,governor,NY,36121,3451,9977,0,0,13428,-48.59,-48.23,87.4,5.5,3.7,0.5,0.3,0.0
NY-GOV,governor,NY,36123,3045,4335,0,0,7381,-17.47,-16.19,93.7,0.7,2.2,0.4,0.1,0.0
OH-GOV,governor,OH,39001,1941,6709,44,0,8695,-55.12,-66.07,95.9,0.3,0.6,0.2,0.3,0.0
OH-GOV,governor,OH,39003,10751,21515,165,0,32431,-33.36,-44.49,80.9,11.7,2.6,0.9,0.2,0.0
OH-GOV,governor,OH,39005,5537,13019,95,0,18651,-40.32,-50.44,94.1,0.7,1.4,0.7,0.2,0.1
OH-GOV,governor,OH,39007,12498,17684,155,0,30337,-17.18,-28.63,88.0,3.8,3.6,0.4,0.2,0.0
OH-GOV,governor,OH,39009,10933,6970,92,0,17995,22.13,10.84,86.6,4.9,2.3,2.0,0.4,0.0
OH-GOV,governor,OH,39011,4031,13802,91,0,17925,-54.79,-65.06,95.0,0.4,1.4,0.6,0.2,0.1
OH-GOV,governor,OH,39013,6854,14744,111,0,21708,-36.53,-47.6,91.8,3.4,1.0,0.4,0.1,0.0
OH-GOV,governor,OH,39015,3686,11237,76,0,15000,-50.6,-61.84,94.8,0.7,0.8,0.2,0.2,0.0
OH-GOV,governor,OH,39017,53309,74150,653,0,128112,-16.35,-26.5,78.6,8.1,5.2,4.1,0.2,0.1
OH-GOV,governor,OH,39019,2670,6947,49,0,9666,-44.47,-55.18,95.0,0.4,1.0,0.2,0.3,0.0
OH-GOV,governor,OH,39021,4243,10003,73,0,14318,-40.44,-51.24,92.6,1.8,1.3,0.3,0.2,0.0
OH-GOV,governor,OH,39023,17918,25812,224,0,43955,-18.05,-29.81,83.5,8.5,3.0,0.7,0.2,0.1
OH-GOV,governor,OH,39025,29040,50380,407,0,79827,-26.87,-36.11,91.4,1.5,1.9,1.2,0.2,0.0
OH-GOV,governor,OH,39027,3994,10468,74,0,14536,-44.76,-55.06,92.3,2.0,1.4,0.5,0.2,0.0
OH-GOV,governor,OH,39029,10314,23125,171,0,33610,-38.31,-49.39,92.8,2.2,1.4,0.3,0.2,0.0
OH-GOV,governor,OH,39031,3316,8052,58,0,11426,-41.66,-52.65,95.3,1.0,0.8,0.3,0.2,0.0
OH-GOV,governor,OH,39033,4030,10058,72,0,14159,-42.79,-53.37,94.9,0.7,1.1,0.3,0.1,0.0
OH-GOV,governor,OH,39035,285648,115122,2054,0,402824,42.55,31.71,60.2,27.3,5.7,3.5,0.1,0.0
OH-GOV,governor,OH,39037,4185,14606,96,0,18888,-55.45,-65.82,95.2,0.5,1.3,0.4,0.2,0.1
OH-GOV,governor,OH,39039,4700,8630,68,0,13398,-29.48,-40.25,86.5,1.6,8.6,0.4,0.2,0.1
OH-GOV,governor,OH,39041,47563,45246,476,0,93285,2.5,-6.65,82.3,3.5,2.7,8.0,0.1,0.0
OH-GOV,governor,OH,39043,13336,14318,142,0,27797,-3.55,-14.28,83.8,8.2,3.3,0.7,0.2,0.0
OH-GOV,governor,OH,39045,25119,33641,301,0,59061,-14.5,-24.26,84.7,7.5,2.0,1.9,0.2,0.0
OH-GOV,governor,OH,39047,2428,6321,45,0,8794,-44.5,-55.56,92.2,1.9,1.8,0.6,0.2,0.0
OH-GOV,governor,OH,39049,289313,126518,2132,0,417962,39.15,28.7,63.7,20.3,5.8,5.6,0.2,0.0
OH-GOV,governor,OH,39051,5307,10318,80,0,15706,-32.07,-42.75,88.8,0.4,7.4,0.3,0.2,0.0
OH-GOV,governor,OH,39053,2305,6743,46,0,9094,-49.06,-59.83,93.1,2.1,0.7,0.5,0.2,0.0
OH-GOV,governor,OH,39055,16360,21838,196,0,38394,-14.34,-24.32,94.1,1.1,1.4,0.7,0.0,0.0
OH-GOV,governor,OH,39057,28062,34595,321,0,62978,-10.43,-20.03,82.3,6.9,2.6,3.4,0.2,0.1
OH-GOV,governor,OH,39059,3593,8652,63,0,12308,-41.31,-52.44,93.8,1.3,0.9,0.4,0.3,0.0
OH-GOV,governor,OH,39061,178055,107102,1462,0,286620,24.88,15.03,66.0,23.5,3.5,3.1,0.1,0.1
OH-GOV,governor,OH,39063,9359,17044,135,0,26538,-29.1,-38.87,88.9,1.8,4.6,1.8,0.1,0.0
OH-GOV,governor,OH,39065,2494,6479,46,0,9019,-44.4,-55.17,93.7,0.8,1.9,0.6,0.2,0.0
OH-GOV,governor,OH,39067,1363,3585,25,0,4973,-44.9,-55.73,93.7,1.7,0.6,0.2,0.1,0.1
OH-GOV,governor,OH,39069,3306,7072,53,0,10431,-36.29,-47.15,90.4,0.5,6.4,0.5,0.2,0.0
OH-GOV,governor,OH,39071,3284,10625,71,0,13980,-52.78,-63.69,94.3,1.2,0.8,0.3,0.3,0.0
OH-GOV,governor,OH,39073,3102,6286,48,0,9436,-33.92,-44.65,95.2,0.4,0.6,0.2,0.2,0.0
OH-GOV,governor,OH,39075,2291,9091,58,0,11441,-59.74,-70.31,97.0,0.3,1.0,0.1,0.1,0.0
OH-GOV,governor,OH,39077,6290,12649,97,0,19036,-33.58,-44.43,89.8,1.0,5.4,0.4,0.3,0.0
OH-GOV,governor,OH,39079,2623,7319,51,0,9993,-47.23,-58.41,94.9,0.5,0.8,0.3,0.3,0.0
OH-GOV,governor,OH,39081,7294,14460,112,0,21865,-32.94,-44.4,88.7,5.2,1.4,0.5,0.2,0.0
OH-GOV,governor,OH,39083,7281,15053,114,0,22448,-34.8,-45.31,93.5,0.9,1.6,0.6,0.2,0.0
OH-GOV,governor,OH,39085,42712,46741,459,0,89912,-4.5,-14.47,87.3,4.2,3.7,1.4,0.1,0.0
OH-GOV,governor,OH,39087,5607,12984,95,0,18686,-39.68,-50.89,93.6,2.0,0.9,0.4,0.2,0.0
OH-GOV,governor,OH,39089,26453,39694,339,0,66486,-20.02,-30.29,87.6,3.8,1.8,2.7,0.2,0.0
OH-GOV,governor,OH,39091,4360,11928,83,0,16371,-46.46,-56.68,91.9,1.5,1.8,0.7,0.2,0.0
OH-GOV,governor,OH,39093,58200,52426,567,0,111193,5.22,-5.77,79.0,7.1,8.8,1.1,0.2,0.0
OH-GOV,governor,OH,39095,82128,50463,680,0,133271,23.88,12.68,69.8,18.1,6.1,1.7,0.2,0.0
OH-GOV,governor,OH,39097,4780,9604,74,0,14458,-33.54,-44.13,86.5,7.3,2.3,0.6,0.1,0.0
OH-GOV,governor,OH,39099,40298,38119,402,0,78819,2.78,-9.49,77.1,13.8,5.0,0.8,0.1,0.0
OH-GOV,governor,OH,39101,6574,12464,98,0,19136,-30.94,-41.73,86.9,7.0,2.3,0.6,0.2,0.0
OH-GOV,governor,OH,39103,31693,42786,382,0,74861,-14.89,-25.02,92.3,1.2,2.0,1.2,0.1,0.0
OH-GOV,governor,OH,39105,1939,5300,37,0,7275,-46.43,-57.36,95.6,0.7,0.7,0.1,0.3,0.0
OH-GOV,governor,OH,39107,3554,12975,85,0,16614,-56.99,-67.21,94.6,0.4,1.8,0.4,0.2,0.9
OH-GOV,governor,OH,39109,13252,27933,211,0,41396,-35.65,-45.54,90.9,2.3,1.6,1.5,0.1,0.0
OH-GOV,governor,OH,39111,1218,3511,24,0,4753,-48.49,-60.31,96.9,0.1,0.3,0.2,0.1,0.0
OH-GOV,governor,OH,39113,98093,79172,909,0,178174,10.67,0.48,70.1,19.8,3.3,2.4,0.2,0.0
OH-GOV,governor,OH,39115,1367,3354,24,0,4744,-42.1,-53.63,91.8,2.9,0.7,0.2,0.2,0.0
OH-GOV,governor,OH,39117,3560,9563,67,0,13190,-45.74,-56.17,94.7,0.4,1.3,0.3,0.1,0.0
OH-GOV,governor,OH,39119,9174,18196,140,0,27511,-32.96,-44.27,90.7,3.5,0.9,0.4,0.2,0.0
OH-GOV,governor,OH,39121,983,3305,22,0,4310,-54.15,-65.06,90.0,6.6,1.2,0.2,0.2,0.0
OH-GOV,governor,OH,39123,7109,9564,85,0,16758,-14.73,-25.3,92.0,0.8,4.1,0.4,0.1,0.0
OH-GOV,governor,OH,39125,1756,4700,33,0,6489,-45.61,-56.76,91.7,0.7,4.5,0.1,0.2,0.0
OH-GOV,governor,OH,39127,3359,8466,61,0,11886,-43.18,-54.93,95.4,0.2,0.6,0.2,0.3,0.0
OH-GOV,governor,OH,39129,6270,14105,104,0,20479,-38.46,-48.99,90.3,4.1,1.3,0.5,0.2,0.0
OH-GOV,governor,OH,39131,2465,6038,44,0,8547,-42.01,-54.01,94.7,0.7,0.6,0.3,0.5,0.0
OH-GOV,governor,OH,39133,27561,30328,297,0,58186,-4.78,-15.67,87.2,4.6,1.9,2.2,0.2,0.0
OH-GOV,governor,OH,39135,3834,11236,77,0,15147,-49.12,-59.58,95.2,0.4,0.8,0.4,0.2,0.0
OH-GOV,governor,OH,39137,2825,10924,70,0,13819,-58.91,-69.38,92.8,0.3,5.3,0.2,0.1,0.0
OH-GOV,governor,OH,39139,13807,26808,208,0,40823,-32.01,-42.68,84.9,9.1,1.7,0.7,0.2,0.0
OH-GOV,governor,OH,39141,8230,14688,117,0,23036,-28.18,-39.68,88.4,6.0,1.1,0.5,0.3,0.0
OH-GOV,governor,OH,39143,8258,12421,106,0,20785,-20.13,-31.14,85.2,2.8,8.3,0.4,0.1,0.0
OH-GOV,governor,OH,39145,6882,14817,111,0,21811,-36.57,-48.25,92.0,3.0,1.0,0.4,0.4,0.0
OH-GOV,governor,OH,39147,6414,11168,90,0,17672,-27.04,-37.89,89.5,2.4,4.2,0.7,0.1,0.1
OH-GOV,governor,OH,39149,3965,13636,90,0,17690,-54.95,-65.32,92.9,1.7,1.4,0.9,0.2,0.1
OH-GOV,governor,OH,39151,56859,71306,657,0,128822,-11.27,-22.12,85.5,7.1,2.2,0.9,0.2,0.0
OH-GOV,governor,OH,39153,111918,78359,975,0,191252,17.64,7.05,76.6,13.5,2.0,3.8,0.2,0.0
OH-GOV,governor,OH,39155,31872,35297,344,0,67513,-5.1,-16.95,86.1,8.0,1.6,0.5,0.1,0.0
OH-GOV,governor,OH,39157,10081,19859,153,0,30093,-32.66,-43.62,92.8,0.7,3.1,0.3,0.1,0.0
OH-GOV,governor,OH,39159,10238,15713,133,0,26084,-21.1,-29.93,86.6,2.2,2.0,5.9,0.1,0.0
OH-GOV,governor,OH,39161,2621,7630,53,0,10304,-48.87,-58.95,92.8,0.8,3.1,0.3,0.2,0.0
OH-GOV,governor,OH,39163,1047,2946,20,0,4013,-47.58,-58.98,95.9,0.3,0.5,0.2,0.2,0.0
OH-GOV,governor,OH,39165,37732,59420,498,0,97649,-22.32,-31.83,83.8,3.5,2.6,6.5,0.1,0.1
OH-GOV,governor,OH,39167,7161,14414,111,0,21686,-33.62,-44.09,94.0,1.0,0.9,0.5,0.2,0.0
OH-GOV,governor,OH,39169,13118,23865,190,0,37173,-29.06,-39.62,92.5,1.5,1.9,0.8,0.1,0.0
OH-GOV,governor,OH,39171,3925,8793,65,0,12783,-38.27,-48.7,91.4,1.0,4.1,0.5,0.2,0.0
OH-GOV,governor,OH,39173,23576,23445,241,0,47262,0.28,-10.26,86.7,2.4,5.2,2.1,0.1,0.0
OH-GOV,governor,OH,39175,2321,5605,41,0,7967,-41.43,-51.64,94.6,0.3,2.5,0.4,0.1,0.0
OK-GOV,governor,OK,40001,1081,3866,133,0,5080,-56.29,-63.94,43.4,0.2,4.6,0.8,40.2,0.0
OK-GOV,governor,OK,40003,208,1265,40,0,1512,-71.82,-77.81,83.5,4.9,4.4,0.2,3.7,0.0
OK-GOV,governor,OK,40005,669,3191,104,0,3964,-65.35,-72.23,70.1,4.5,3.2,0.4,13.1,0.0
OK-GOV,governor,OK,40007,159,1289,39,0,1487,-78.03,-84.92,73.4,0.1,21.5,0.3,0.7,0.2
OK-GOV,governor,OK,40009,908,4327,141,0,5376,-65.31,-71.11,76.1,6.1,9.7,0.6,3.3,0.1
OK-GOV,governor,OK,40011,550,2031,69,0,2651,-57.37,-63.97,75.8,3.1,9.0,0.3,6.9,0.1
OK-GOV,governor,OK,40013,2878,9265,327,0,12469,-52.6,-59.37,70.0,1.6,5.9,0.7,12.8,0.0
OK-GOV,governor,OK,40015,1909,4564,174,0,6647,-41.01,-48.09,57.0,2.8,15.9,0.3,18.1,0.1
OK-GOV,governor,OK,40017,15819,33991,1340,0,51150,-36.48,-41.23,73.7,3.4,8.6,3.3,3.8,0.1
OK-GOV,governor,OK,40019,3405,9880,357,0,13642,-48.75,-55.5,69.2,6.0,5.9,1.2,7.9,0.1
OK-GOV,governor,OK,40021,4488,7660,327,0,12475,-26.11,-33.28,48.7,1.2,5.6,0.7,31.5,0.0
OK-GOV,governor,OK,40023,794,3050,103,0,3948,-58.68,-66.15,62.7,9.6,3.2,0.2,15.6,0.0
OK-GOV,governor,OK,40025,65,572,17,0,655,-79.56,-85.75,76.0,0.1,20.7,0.0,0.2,0.0
OK-GOV,governor,OK,40027,36826,44473,2188,0,83486,-9.41,-15.25,69.6,4.8,8.6,4.5,3.9,0.1
OK-GOV,governor,OK,40029,303,1427,47,0,1777,-64.97,-72.4,69.7,0.6,2.6,0.2,16.3,0.0
OK-GOV,governor,OK,40031,9695,13671,629,0,23995,-17.02,-23.78,56.8,15.9,11.7,2.8,5.2,0.6
OK-GOV,governor,OK,40033,327,1381,46,0,1754,-61.69,-68.12,77.9,1.4,5.3,0.5,8.6,0.2
OK-GOV,governor,OK,40035,980,3148,111,0,4240,-52.51,-59.27,63.8,3.0,2.7,0.5,18.4,0.0
OK-GOV,governor,OK,40037,5299,16046,574,0,21920,-50.35,-56.78,75.7,2.1,3.8,0.4,8.8,0.1
OK-GOV,governor,OK,40039,1793,5138,186,0,7118,-48.25,-54.29,68.9,3.0,16.1,1.1,5.3,0.0
OK-GOV,governor,OK,40041,2834,9511,332,0,12677,-54.09,-61.13,66.7,0.3,3.1,1.1,18.9,0.1
OK-GOV,governor,OK,40043,192,1319,41,0,1551,-74.62,-80.94,86.8,0.2,4.6,0.1,4.5,0.0
OK-GOV,governor,OK,40045,169,1067,33,0,1269,-72.68,-77.89,86.9,0.3,7.0,0.3,1.6,0.0
OK-GOV,governor,OK,40047,3824,11067,401,0,15292,-48.64,-54.77,73.3,2.7,11.6,1.2,2.1,3.4
OK-GOV,governor,OK,40049,1501,5993,202,0,7695,-59.95,-66.83,75.4,2.1,7.7,0.5,7.0,0.0
OK-GOV,governor,OK,40051,3688,13548,464,0,17700,-57.21,-63.59,79.3,2.5,5.3,0.4,4.9,0.1
OK-GOV,governor,OK,40053,247,1202,39,0,1488,-65.96,-71.76,89.1,1.0,3.7,0.2,2.0,0.2
OK-GOV,governor,OK,40055,251,1001,34,0,1285,-59.91,-66.5,75.8,7.4,9.1,0.2,3.5,0.0
OK-GOV,governor,OK,40057,135,466,16,0,617,-55.05,-62.24,62.1,6.0,26.1,0.4,1.4,0.0
OK-GOV,governor,OK,40059,131,859,27,0,1016,-73.59,-79.45,76.2,0.1,19.1,0.0,0.8,0.0
OK-GOV,governor,OK,40061,620,2745,91,0,3456,-63.13,-70.54,71.9,0.5,3.2,0.2,15.9,0.1
OK-GOV,governor,OK,40063,693,2484,85,0,3262,-56.39,-63.67,64.1,6.4,5.0,0.3,16.8,0.1
OK-GOV,governor,OK,40065,1288,4202,148,0,5638,-53.1,-59.43,63.9,6.7,20.7,1.4,1.5,0.3
OK-GOV,governor,OK,40067,275,1344,44,0,1663,-66.02,-72.72,78.4,0.5,8.2,0.7,4.8,0.1
OK-GOV,governor,OK,40069,581,2303,78,0,2961,-59.69,-67.0,69.6,2.7,4.5,0.6,13.7,0.1
OK-GOV,governor,OK,40071,3203,8326,310,0,11839,-44.43,-50.23,75.0,2.0,6.6,0.6,8.2,0.5
OK-GOV,governor,OK,40073,778,3827,124,0,4729,-66.21,-72.32,75.9,1.3,15.3,0.3,2.7,0.0
OK-GOV,governor,OK,40075,532,1703,60,0,2295,-52.4,-59.22,76.5,3.8,8.6,0.5,5.7,0.0
OK-GOV,governor,OK,40077,571,2210,75,0,2856,-58.93,-66.26,67.0,0.5,2.7,0.7,20.5,0.0
OK-GOV,governor,OK,40079,2641,10145,344,0,13130,-58.69,-65.61,71.2,2.0,5.6,0.7,12.2,0.1
OK-GOV,governor,OK,40081,2218,8325,284,0,10827,-57.92,-64.33,81.3,1.8,2.5,0.4,6.1,0.1
OK-GOV,governor,OK,40083,4641,11820,443,0,16905,-43.61,-50.1,75.2,7.2,6.6,0.6,3.1,0.0
OK-GOV,governor,OK,40085,583,2321,78,0,2982,-59.83,-67.18,71.0,2.1,14.3,0.7,5.5,0.0
OK-GOV,governor,OK,40087,3240,11347,392,0,14980,-55.57,-61.68,77.5,0.8,7.1,0.5,5.7,0.1
OK-GOV,governor,OK,40089,1443,6268,207,0,7918,-62.58,-69.66,64.1,8.2,4.7,0.4,13.0,1.1
OK-GOV,governor,OK,40091,1556,4197,155,0,5908,-45.92,-53.46,70.9,3.0,2.0,0.3,15.0,0.0
OK-GOV,governor,OK,40093,302,2070,64,0,2435,-74.55,-80.84,86.1,0.3,7.8,0.4,1.5,0.0
OK-GOV,governor,OK,40095,961,3531,121,0,4613,-57.22,-64.12,69.3,1.1,13.3,0.3,8.4,0.0
OK-GOV,governor,OK,40097,2872,8972,319,0,12163,-51.5,-58.59,65.6,0.4,2.7,0.5,18.7,0.1
OK-GOV,governor,OK,40099,893,3119,108,0,4120,-55.46,-62.56,72.7,1.3,5.4,0.4,12.3,0.1
OK-GOV,governor,OK,40101,5754,10848,447,0,17049,-30.69,-38.2,57.9,9.9,5.4,0.8,16.0,0.1
OK-GOV,governor,OK,40103,806,2574,91,0,3470,-52.33,-58.49,80.8,1.5,2.8,0.5,7.4,0.0
OK-GOV,governor,OK,40105,605,2505,84,0,3193,-61.11,-67.96,67.7,1.2,1.8,0.1,15.2,0.0
OK-GOV,governor,OK,40107,688,2031,73,0,2792,-49.39,-56.58,61.9,6.9,2.8,0.3,20.7,0.0
OK-GOV,governor,OK,40109,102357,94523,5298,0,202178,3.98,-1.72,56.0,14.4,16.1,3.7,2.8,0.1
OK-GOV,governor,OK,40111,3156,6625,263,0,10044,-35.47,-43.48,63.3,8.0,3.7,0.5,14.8,0.0
OK-GOV,governor,OK,40113,4556,9505,378,0,14439,-35.2,-42.11,63.7,10.6,3.4,0.3,12.4,0.0
OK-GOV,governor,OK,40115,2009,5611,205,0,7825,-47.26,-54.35,67.3,0.9,4.4,0.5,16.2,0.5
OK-GOV,governor,OK,40117,1100,3590,126,0,4816,-53.08,-59.91,77.5,0.5,2.4,0.4,11.3,0.0
OK-GOV,governor,OK,40119,8015,11940,537,0,20492,-19.67,-25.95,74.2,4.0,5.9,3.5,4.1,0.1
OK-GOV,governor,OK,40121,2833,9147,322,0,12301,-52.71,-59.88,69.6,3.2,4.1,0.7,12.7,0.1
OK-GOV,governor,OK,40123,3060,7283,278,0,10622,-40.82,-47.58,65.1,2.3,4.5,1.0,15.9,0.0
OK-GOV,governor,OK,40125,5692,13922,528,0,20142,-41.96,-48.43,71.7,3.2,4.9,0.8,11.0,0.1
OK-GOV,governor,OK,40127,542,2663,86,0,3292,-66.16,-73.45,72.6,0.6,2.8,0.5,15.2,0.0
OK-GOV,governor,OK,40129,148,1034,32,0,1213,-74.98,-81.26,86.4,0.2,5.2,0.2,3.1,0.0
OK-GOV,governor,OK,40131,8010,23963,860,0,32834,-49.89,-55.97,70.2,1.2,4.5,1.6,11.6,0.0
OK-GOV,governor,OK,40133,1553,3931,148,0,5631,-43.37,-50.62,65.2,4.3,3.7,0.4,17.0,0.0
OK-GOV,governor,OK,40135,2388,8235,286,0,10909,-55.04,-62.24,62.2,1.5,3.3,0.7,20.9,0.0
OK-GOV,governor,OK,40137,2628,10066,341,0,13036,-58.59,-64.69,79.2,1.8,6.3,0.5,4.4,0.0
OK-GOV,governor,OK,40139,670,2879,95,0,3645,-62.24,-68.97,44.1,4.3,45.6,2.0,0.8,0.0
OK-GOV,governor,OK,40141,413,1313,46,0,1773,-52.13,-60.1,62.6,6.4,23.5,0.4,2.8,0.0
OK-GOV,governor,OK,40143,78810,96294,4712,0,179816,-9.99,-15.57,60.6,9.6,12.4,3.5,5.2,0.1
OK-GOV,governor,OK,40145,7255,18990,706,0,26951,-44.71,-50.66,69.8,3.2,6.0,1.6,9.0,0.0
OK-GOV,governor,OK,40147,4520,11277,425,0,16222,-42.78,-48.8,72.0,2.6,5.0,1.7,8.9,0.0
OK-GOV,governor,OK,40149,489,2683,85,0,3257,-69.15,-75.94,84.3,0.6,6.9,0.2,2.4,0.0
OK-GOV,governor,OK,40151,498,1982,67,0,2547,-59.82,-65.59,83.2,3.0,6.1,0.9,2.9,0.0
OK-GOV,governor,OK,40153,821,4164,134,0,5119,-67.06,-73.13,78.2,2.1,12.3,0.7,2.7,0.0
OR-GOV,governor,OR,41001,1286,5294,215,0,6796,-60.91,-50.16,89.8,0.4,3.7,0.4,0.9,0.1
OR-GOV,governor,OR,41003,22242,11819,1115,0,35176,30.6,41.01,77.5,1.0,7.7,7.2,0.5,0.3
OR-GOV,governor,OR,41005,83552,83475,5468,0,172495,0.05,10.21,80.0,1.0,8.0,4.9,0.6,0.2
OR-GOV,governor,OR,41007,7987,7811,517,0,16315,1.11,11.67,84.2,0.6,7.3,1.5,0.8,0.2
OR-GOV,governor,OR,41009,8101,13159,696,0,21956,-23.79,-14.38,86.2,0.5,4.6,1.2,1.2,0.2
OR-GOV,governor,OR,41011,8337,15911,793,0,25042,-31.24,-20.58,84.6,0.4,5.4,1.2,1.9,0.2
OR-GOV,governor,OR,41013,2132,8930,362,0,11424,-61.45,-51.59,86.4,0.3,5.8,0.5,1.0,0.1
OR-GOV,governor,OR,41015,3501,6134,315,0,9950,-27.33,-16.47,85.1,0.3,5.8,0.9,1.8,0.1
OR-GOV,governor,OR,41017,42825,43576,2828,0,89229,-0.87,10.78,85.4,0.3,7.1,1.3,0.6,0.1
OR-GOV,governor,OR,41019,10686,31262,1372,0,43321,-49.05,-38.66,85.9,0.3,4.9,1.1,1.5,0.1
OR-GOV,governor,OR,41021,167,603,25,0,795,-56.57,-46.9,89.0,0.0,4.7,0.4,1.6,0.4
OR-GOV,governor,OR,41023,430,2596,99,0,3124,-71.6,-62.1,89.8,0.1,3.2,0.4,0.9,0.2
OR-GOV,governor,OR,41025,419,2469,94,0,2983,-70.96,-61.16,87.8,0.1,3.6,0.6,2.8,0.0
OR-GOV,governor,OR,41027,5455,3161,282,0,8899,26.63,36.91,66.4,0.2,26.4,1.7,0.6,0.1
OR-GOV,governor,OR,41029,33879,47244,2655,0,83778,-16.48,-6.63,79.5,0.7,11.1,1.5,0.8,0.3
OR-GOV,governor,OR,41031,2404,5570,261,0,8235,-39.69,-30.83,66.4,0.6,16.8,0.6,11.0,0.1
OR-GOV,governor,OR,41033,10199,23480,1102,0,34781,-39.44,-29.55,84.6,0.4,6.7,1.1,1.0,0.1
OR-GOV,governor,OR,41035,5638,18467,789,0,24894,-53.22,-42.92,78.1,0.7,10.4,1.1,3.3,0.2
OR-GOV,governor,OR,41037,342,2518,94,0,2954,-76.07,-66.8,82.3,0.7,7.8,0.7,1.4,0.2
OR-GOV,governor,OR,41039,81206,61659,4678,0,147542,13.68,23.82,80.5,1.1,8.2,2.6,0.9,0.2
OR-GOV,governor,OR,41041,10896,9319,662,0,20877,7.8,19.01,81.7,0.4,7.5,1.4,2.6,0.2
OR-GOV,governor,OR,41043,15624,32847,1586,0,50057,-35.53,-25.18,83.4,0.5,8.0,1.2,1.0,0.2
OR-GOV,governor,OR,41045,1643,5786,243,0,7672,-55.76,-45.55,64.7,1.6,27.5,1.5,1.1,0.1
OR-GOV,governor,OR,41047,46861,59439,3479,0,109779,-11.83,-2.06,66.8,1.1,23.2,2.3,0.9,0.9
OR-GOV,governor,OR,41049,661,2551,105,0,3317,-58.81,-49.93,59.8,0.3,35.3,0.3,0.7,0.0
OR-GOV,governor,OR,41051,215995,64815,9198,0,290009,53.84,64.33,69.0,5.0,10.9,7.7,0.7,0.6
OR-GOV,governor,OR,41053,13909,18379,1057,0,33345,-13.84,-3.79,77.4,0.7,12.0,2.1,1.7,0.4
OR-GOV,governor,OR,41055,126,663,26,0,815,-68.04,-58.5,87.9,0.0,6.1,0.5,0.8,0.0
OR-GOV,governor,OR,41057,4851,6175,361,0,11386,-12.01,-1.43,83.6,0.3,8.1,1.1,0.8,0.3
OR-GOV,governor,OR,41059,5514,15678,693,0,21886,-47.96,-38.78,66.9,1.0,23.8,0.9,3.2,0.2
OR-GOV,governor,OR,41061,2380,7512,324,0,10215,-51.88,-41.53,86.0,0.5,4.2,0.8,0.8,1.7
OR-GOV,governor,OR,41063,922,2545,113,0,3580,-46.83,-36.3,90.6,0.1,2.6,0.5,0.8,0.0
OR-GOV,governor,OR,41065,3819,5266,297,0,9382,-15.92,-5.95,74.3,0.4,15.5,1.0,3.5,0.6
OR-GOV,governor,OR,41067,125988,76055,6616,0,208659,24.71,35.16,64.6,2.0,15.4,11.5,0.4,0.5
OR-GOV,governor,OR,41069,116,474,19,0,608,-60.78,-49.28,89.6,0.0,4.1,0.4,0.7,0.0
OR-GOV,governor,OR,41071,16401,22813,1283,0,40497,-16.35,-6.35,77.0,0.8,13.9,1.6,1.2,0.2
PA-GOV,governor,PA,42001,18306,23930,212,0,42447,-13.32,-33.96,88.9,1.4,5.9,1.0,0.2,0.0
PA-GOV,governor,PA,42003,356081,147769,2532,0,506382,41.34,20.51,77.8,11.9,2.4,4.5,0.1,0.0
PA-GOV,governor,PA,42005,8738,17114,130,0,25982,-32.4,-53.58,95.8,0.7,0.6,0.2,0.1,0.0
PA-GOV,governor,PA,42007,33278,32763,332,0,66372,0.78,-20.89,87.8,6.0,1.8,0.6,0.1,0.0
PA-GOV,governor,PA,42009,5121,14493,99,0,19713,-47.78,-69.02,96.0,0.4,0.9,0.3,0.2,0.0
PA-GOV,governor,PA,42011,80053,66051,734,0,146838,9.58,-12.3,72.2,4.2,19.6,1.5,0.1,0.0
PA-GOV,governor,PA,42013,17405,27827,227,0,45459,-23.04,-43.77,93.3,1.9,1.1,0.7,0.1,0.0
PA-GOV,governor,PA,42015,7949,13774,109,0,21833,-26.81,-48.33,93.9,0.6,1.2,0.7,0.2,0.0
PA-GOV,governor,PA,42017,170611,109509,1408,0,281527,21.81,-0.07,83.1,3.7,5.1,5.2,0.1,0.0
PA-GOV,governor,PA,42019,36737,46902,420,0,84059,-12.15,-32.71,93.2,1.1,1.5,1.4,0.1,0.0
PA-GOV,governor,PA,42021,20203,29336,249,0,49788,-18.44,-40.0,91.5,3.6,1.5,0.6,0.1,0.0
PA-GOV,governor,PA,42023,547,998,8,0,1553,-29.16,-50.91,95.2,0.3,1.3,0.4,0.2,0.0
PA-GOV,governor,PA,42025,10647,14002,124,0,24772,-13.61,-35.08,90.9,1.5,4.3,0.5,0.1,0.0
PA-GOV,governor,PA,42027,34781,21090,281,0,56152,24.5,3.25,82.0,3.6,3.5,7.6,0.1,0.0
PA-GOV,governor,PA,42029,154265,72977,1142,0,228384,35.77,14.61,78.6,5.4,6.9,6.0,0.1,0.0
PA-GOV,governor,PA,42031,4691,9052,69,0,13812,-31.74,-53.44,94.4,1.5,0.9,0.5,0.1,0.1
PA-GOV,governor,PA,42033,9788,18370,141,0,28299,-30.48,-51.92,90.9,2.5,3.5,0.6,0.1,0.0
PA-GOV,governor,PA,42035,5224,7675,65,0,12964,-19.0,-41.23,94.2,1.1,1.4,0.6,0.2,0.0
PA-GOV,governor,PA,42037,10158,12527,114,0,22799,-10.44,-31.32,92.1,1.3,2.8,1.1,0.1,0.0
PA-GOV,governor,PA,42039,12219,17637,150,0,30006,-18.15,-39.55,93.3,1.8,1.2,0.4,0.1,0.0
PA-GOV,governor,PA,42041,57119,46204,519,0,103842,10.56,-9.56,84.1,3.8,3.9,5.1,0.1,0.0
PA-GOV,governor,PA,42043,66245,37853,523,0,104621,27.27,5.99,65.3,15.9,9.1,5.8,0.1,0.0
PA-GOV,governor,PA,42045,166206,62234,1148,0,229588,45.51,23.99,66.3,20.6,3.9,6.2,0.1,0.0
PA-GOV,governor,PA,42047,4432,7514,60,0,12006,-25.8,-47.34,96.0,0.2,0.7,0.4,0.1,0.0
PA-GOV,governor,PA,42049,57631,38165,481,0,96277,20.32,-1.03,84.0,6.6,3.5,2.2,0.1,0.0
PA-GOV,governor,PA,42051,18603,25598,222,0,44423,-15.83,-38.12,90.9,4.3,1.0,0.3,0.1,0.1
PA-GOV,governor,PA,42053,703,1142,9,0,1855,-23.78,-44.86,74.3,19.3,4.7,0.2,0.0,0.0
PA-GOV,governor,PA,42055,22566,35853,293,0,58712,-22.74,-43.37,87.6,3.0,5.4,0.9,0.2,0.0
PA-GOV,governor,PA,42057,1373,4322,29,0,5724,-51.77,-72.93,95.2,0.8,0.7,0.2,0.2,0.0
PA-GOV,governor,PA,42059,4560,7443,60,0,12064,-24.02,-45.69,91.4,3.5,1.4,0.3,0.2,0.0
PA-GOV,governor,PA,42061,5491,10636,81,0,16208,-31.9,-53.31,89.2,6.0,1.8,0.6,0.1,0.0
PA-GOV,governor,PA,42063,12068,17340,148,0,29556,-17.93,-39.41,91.3,3.2,1.7,1.0,0.1,0.0
PA-GOV,governor,PA,42065,4975,11134,81,0,16190,-38.23,-58.97,95.7,0.3,0.8,0.2,0.1,0.0
PA-GOV,governor,PA,42067,2486,5945,42,0,8473,-41.03,-61.87,94.2,0.4,3.0,0.3,0.1,0.0
PA-GOV,governor,PA,42069,50686,30483,408,0,81577,24.89,2.81,84.4,3.0,6.6,3.1,0.1,0.0
PA-GOV,governor,PA,42071,105856,96538,1017,0,203410,4.6,-16.11,82.1,3.4,9.5,2.5,0.1,0.0
PA-GOV,governor,PA,42073,14457,18349,165,0,32971,-11.87,-34.0,90.4,3.6,1.5,0.4,0.1,0.0
PA-GOV,governor,PA,42075,22703,28614,258,0,51575,-11.52,-32.25,82.7,1.7,11.8,1.5,0.1,0.0
PA-GOV,governor,PA,42077,82457,49688,664,0,132809,24.8,2.72,65.5,5.8,22.4,3.6,0.1,0.0
PA-GOV,governor,PA,42079,55011,52261,539,0,107811,2.56,-19.24,80.8,3.9,11.8,1.2,0.1,0.0
PA-GOV,governor,PA,42081,16388,25177,209,0,41774,-21.15,-41.82,89.3,4.7,1.7,0.8,0.2,0.0
PA-GOV,governor,PA,42083,5038,8669,69,0,13776,-26.49,-47.58,91.9,2.5,1.4,0.5,0.3,0.0
PA-GOV,governor,PA,42085,18648,22026,204,0,40878,-8.31,-30.42,89.5,5.3,1.1,0.6,0.1,0.0
PA-GOV,governor,PA,42087,4912,10458,77,0,15447,-36.09,-56.98,95.1,0.7,1.6,0.4,0.1,0.0
PA-GOV,governor,PA,42089,36209,23335,299,0,59843,21.62,-0.79,65.8,13.0,14.7,2.4,0.2,0.0
PA-GOV,governor,PA,42091,262254,100350,1822,0,364427,44.65,23.05,74.7,9.1,5.3,7.8,0.1,0.0
PA-GOV,governor,PA,42093,3418,3481,35,0,6934,-0.91,-21.23,90.4,1.4,2.2,3.6,0.2,0.0
PA-GOV,governor,PA,42095,74150,49927,623,0,124701,19.52,-1.79,76.6,5.2,11.9,3.2,0.1,0.0
PA-GOV,governor,PA,42097,12220,18089,152,0,30461,-19.36,-40.32,90.8,2.6,3.5,0.5,0.1,0.0
PA-GOV,governor,PA,42099,6332,11585,90,0,18006,-29.32,-49.84,94.4,0.6,1.5,0.4,0.1,0.0
PA-GOV,governor,PA,42101,456149,45103,2520,0,503771,82.0,59.44,37.8,36.9,13.1,8.5,0.2,0.0
PA-GOV,governor,PA,42103,11862,12474,122,0,24459,-2.51,-24.24,80.1,5.0,9.7,1.4,0.2,0.0
PA-GOV,governor,PA,42105,1843,4485,32,0,6360,-41.74,-62.81,95.1,0.3,1.2,0.4,0.2,0.0
PA-GOV,governor,PA,42107,20074,30892,256,0,51222,-21.22,-42.43,89.8,3.2,4.4,0.5,0.1,0.0
PA-GOV,governor,PA,42109,5124,8831,70,0,14025,-26.56,-47.35,93.9,1.3,2.1,0.8,0.1,0.0
PA-GOV,governor,PA,42111,9046,19427,143,0,28616,-36.46,-57.64,93.3,3.0,1.2,0.3,0.1,0.0
PA-GOV,governor,PA,42113,952,1640,13,0,2604,-26.56,-47.2,93.5,1.4,1.5,0.3,0.2,0.0
PA-GOV,governor,PA,42115,5970,9632,78,0,15681,-23.47,-45.13,94.3,0.3,1.7,0.4,0.1,0.0
PA-GOV,governor,PA,42117,5153,9881,76,0,15110,-31.45,-52.27,94.0,0.8,1.3,0.5,0.2,0.0
PA-GOV,governor,PA,42119,7158,7595,74,0,14828,-2.96,-23.61,84.4,6.5,4.5,2.0,0.2,0.0
PA-GOV,governor,PA,42121,7313,11303,94,0,18710,-21.43,-42.48,94.6,0.7,0.8,0.4,0.1,0.0
PA-GOV,governor,PA,42123,5859,8572,73,0,14504,-18.8,-39.56,94.9,0.3,0.8,0.4,0.2,0.0
PA-GOV,governor,PA,42125,40576,44110,425,0,85112,-4.17,-25.67,90.8,3.3,1.6,1.0,0.1,0.0
PA-GOV,governor,PA,42127,8621,11884,103,0,20608,-15.91,-37.37,88.4,3.6,4.0,0.8,0.2,0.0
PA-GOV,governor,PA,42129,67818,79425,740,0,147983,-7.88,-28.63,92.7,2.3,1.2,0.9,0.1,0.0
PA-GOV,governor,PA,42131,4398,6084,53,0,10535,-16.09,-37.19,93.7,0.9,1.7,0.5,0.1,0.0
PA-GOV,governor,PA,42133,82646,90888,872,0,174406,-4.75,-25.51,83.0,5.3,7.0,1.4,0.1,0.0
RI-GOV,governor,RI,44001,10239,5029,4630,0,19899,34.13,27.17,89.8,1.4,3.3,2.2,0.2,0.0
RI-GOV,governor,RI,44003,27499,22669,15214,0,65382,9.63,2.13,87.3,1.6,4.6,2.7,0.2,0.0
RI-GOV,governor,RI,44005,16024,8017,7291,0,31332,33.3,26.28,85.6,2.9,5.2,1.8,0.3,0.1
RI-GOV,governor,RI,44007,89637,55647,44060,0,189344,23.4,14.56,61.6,6.8,21.1,4.4,0.3,0.0
RI-GOV,governor,RI,44009,25126,15841,12424,0,53391,22.66,15.57,90.1,1.1,3.0,2.1,0.6,0.0
SC-GOV,governor,SC,45001,2810,5466,158,0,8434,-32.09,-42.91,69.7,25.5,1.5,0.3,0.2,0.0
SC-GOV,governor,SC,45003,24309,34829,1127,0,60266,-17.79,-26.26,67.0,22.3,5.6,1.1,0.3,0.0
SC-GOV,governor,SC,45005,1615,461,40,0,2116,55.57,45.4,27.0,68.3,2.4,0.3,0.5,0.0
SC-GOV,governor,SC,45007,20691,46837,1287,0,68815,-38.72,-47.93,77.1,14.3,3.9,1.2,0.2,0.0
SC-GOV,governor,SC,45009,2466,1445,75,0,3985,26.11,15.46,38.7,57.6,1.0,0.5,0.2,0.0
SC-GOV,governor,SC,45011,3185,3549,128,0,6862,-5.41,-15.72,52.7,41.3,2.1,0.8,0.4,0.1
SC-GOV,governor,SC,45013,33796,37919,1367,0,73081,-5.75,-14.66,71.9,13.6,10.3,1.3,0.2,0.1
SC-GOV,governor,SC,45015,35752,41755,1477,0,78983,-7.74,-16.51,62.8,22.0,7.5,2.5,0.5,0.1
SC-GOV,governor,SC,45017,2613,2823,104,0,5540,-3.87,-14.53,56.4,38.1,2.6,0.2,0.4,0.1
SC-GOV,governor,SC,45019,84982,62360,2808,0,150150,15.35,5.77,67.0,21.6,6.1,1.9,0.2,0.1
SC-GOV,governor,SC,45021,4977,12088,325,0,17390,-41.67,-51.79,72.8,19.5,4.0,0.6,0.3,0.0
SC-GOV,governor,SC,45023,4955,5730,204,0,10889,-7.26,-17.4,60.2,34.0,2.0,0.4,0.4,0.0
SC-GOV,governor,SC,45025,5185,7449,241,0,12874,-17.92,-28.36,62.1,29.8,4.1,0.6,0.4,0.0
SC-GOV,governor,SC,45027,5540,5670,214,0,11424,-1.15,-12.41,50.8,43.5,2.4,0.7,0.4,0.0
SC-GOV,governor,SC,45029,5772,6781,239,0,12792,-8.03,-18.38,59.2,33.8,2.8,0.5,0.8,0.1
SC-GOV,governor,SC,45031,10087,10748,397,0,21231,-3.17,-13.47,56.3,38.9,1.7,0.4,0.2,0.0
SC-GOV,governor,SC,45033,4067,4080,155,0,8302,-0.16,-10.92,48.7,43.8,2.5,0.2,2.2,0.0
SC-GOV,governor,SC,45035,25021,28396,1018,0,54434,-6.32,-14.87,64.1,23.2,5.6,2.1,0.6,0.1
SC-GOV,governor,SC,45037,3732,5830,182,0,9744,-21.94,-32.24,58.6,32.9,5.0,0.4,0.3,0.0
SC-GOV,governor,SC,45039,4782,2920,147,0,7849,24.17,13.42,42.9,51.8,1.8,0.5,0.3,0.0
SC-GOV,governor,SC,45041,21252,20744,800,0,42796,1.21,-8.14,53.0,40.1,2.6,1.7,0.2,0.0
SC-GOV,governor,SC,45043,11676,14258,494,0,26428,-9.95,-19.74,68.0,26.5,2.8,0.4,0.2,0.0
SC-GOV,governor,SC,45045,77699,103180,3447,0,184325,-14.09,-22.61,68.4,16.1,9.4,2.5,0.2,0.1
SC-GOV,governor,SC,45047,8524,12694,404,0,21623,-19.65,-29.36,61.8,29.0,5.5,1.0,0.2,0.0
SC-GOV,governor,SC,45049,3311,2344,108,0,5763,17.1,6.48,43.1,50.7,3.7,0.5,0.2,0.1
SC-GOV,governor,SC,45051,49623,91861,2696,0,144180,-29.85,-38.91,79.0,10.4,5.5,1.3,0.3,0.1
SC-GOV,governor,SC,45053,6350,6169,239,0,12758,1.45,-9.73,50.3,32.3,14.0,0.7,0.2,0.1
SC-GOV,governor,SC,45055,9286,13749,439,0,23474,-19.38,-28.58,68.5,23.0,4.2,0.6,0.2,0.0
SC-GOV,governor,SC,45057,15567,21820,712,0,38100,-16.72,-25.06,70.6,19.3,5.4,1.8,0.2,0.0
SC-GOV,governor,SC,45059,7171,13585,395,0,21151,-30.9,-41.3,68.3,23.1,4.9,0.5,0.3,0.0
SC-GOV,governor,SC,45061,3587,1960,106,0,5652,29.33,18.82,36.2,59.9,1.5,0.2,0.3,0.0
SC-GOV,governor,SC,45063,37524,63392,1923,0,102839,-25.63,-33.95,74.1,13.7,6.1,2.2,0.3,0.1
SC-GOV,governor,SC,45065,1987,2240,81,0,4307,-5.98,-17.31,56.6,39.0,1.2,0.3,0.3,0.0
SC-GOV,governor,SC,45067,5589,3606,175,0,9370,21.56,10.66,41.0,54.0,1.9,0.4,0.3,0.0
SC-GOV,governor,SC,45069,3942,3031,133,0,7106,13.06,2.4,41.1,49.4,2.3,0.4,4.1,0.0
SC-GOV,governor,SC,45071,4733,7721,237,0,12691,-24.0,-34.77,63.4,26.6,7.0,0.4,0.3,0.0
SC-GOV,governor,SC,45073,8245,20791,553,0,29589,-43.21,-52.17,84.6,6.3,4.4,0.8,0.2,0.0
SC-GOV,governor,SC,45075,17189,8201,484,0,25875,35.4,24.83,34.9,59.3,1.9,1.1,0.6,0.0
SC-GOV,governor,SC,45077,11386,30145,791,0,42322,-45.17,-53.4,83.1,6.4,4.2,2.2,0.2,0.0
SC-GOV,governor,SC,45079,90149,35125,2388,0,127662,43.92,35.22,44.3,43.7,5.6,2.8,0.2,0.1
SC-GOV,governor,SC,45081,2037,4155,118,0,6310,-34.2,-44.89,63.8,21.7,12.1,0.1,0.3,0.0
SC-GOV,governor,SC,45083,40286,66602,2037,0,108925,-24.62,-34.03,67.9,19.0,7.1,2.5,0.2,0.0
SC-GOV,governor,SC,45085,17846,13178,591,0,31616,15.05,4.95,46.3,45.0,3.5,1.4,0.3,0.1
SC-GOV,governor,SC,45087,3273,5169,161,0,8603,-22.45,-32.97,65.6,30.3,1.2,0.3,0.2,0.0
SC-GOV,governor,SC,45089,6516,3326,188,0,10029,32.41,21.97,33.5,62.0,1.9,0.4,0.3,0.0
SC-GOV,governor,SC,45091,45816,57261,1964,0,105042,-11.1,-19.37,69.3,17.9,5.7,2.9,0.6,0.0
SD-GOV,governor,SD,46003,246,723,0,0,969,-49.26,-55.52,89.5,0.2,7.3,0.4,0.6,0.0
SD-GOV,governor,SD,46005,1580,3298,0,0,4878,-35.22,-41.05,76.2,0.6,11.1,8.9,1.1,0.2
SD-GOV,governor,SD,46007,303,454,0,0,757,-20.02,-26.95,38.2,0.3,1.7,0.2,53.9,0.0
SD-GOV,governor,SD,46009,555,1527,0,0,2082,-46.66,-52.47,87.5,1.8,1.6,0.1,7.5,0.0
SD-GOV,governor,SD,46011,4598,5797,0,0,10395,-11.54,-17.85,88.7,1.7,3.4,2.8,0.9,0.0
SD-GOV,governor,SD,46013,4666,7193,0,0,11860,-21.31,-27.33,87.7,1.3,3.7,2.2,2.5,0.1
SD-GOV,governor,SD,46015,518,1168,0,0,1686,-38.54,-43.56,85.6,0.4,1.9,0.6,7.6,0.1
SD-GOV,governor,SD,46017,217,107,0,0,324,33.87,27.91,17.6,0.0,0.8,0.0,78.6,0.0
SD-GOV,governor,SD,46019,769,2768,0,0,3537,-56.53,-62.06,91.1,0.1,2.9,0.3,1.6,0.1
SD-GOV,governor,SD,46021,99,483,0,0,582,-66.12,-70.94,94.3,0.0,2.3,0.5,1.9,0.0
SD-GOV,governor,SD,46023,791,1724,0,0,2516,-37.09,-43.68,66.3,0.2,2.2,0.4,28.2,0.2
SD-GOV,governor,SD,46025,336,946,0,0,1282,-47.63,-53.81,94.8,0.2,3.7,0.1,0.4,0.0
SD-GOV,governor,SD,46027,2228,1708,0,0,3936,13.2,6.71,86.8,1.6,2.7,2.4,2.7,0.0
SD-GOV,governor,SD,46029,3005,6397,0,0,9401,-36.08,-41.77,92.8,0.3,2.0,0.7,2.0,0.0
SD-GOV,governor,SD,46031,380,415,0,0,795,-4.36,-12.08,30.0,0.2,0.9,0.8,63.9,0.0
SD-GOV,governor,SD,46033,1234,2942,0,0,4176,-40.91,-46.7,92.0,0.4,1.7,0.4,1.8,0.0
SD-GOV,governor,SD,46035,2148,4238,0,0,6386,-32.72,-38.71,90.6,0.6,3.8,0.6,2.4,0.0
SD-GOV,governor,SD,46037,773,1267,0,0,2040,-24.23,-30.46,88.0,0.1,2.2,0.4,7.5,0.1
SD-GOV,governor,SD,46039,434,1165,0,0,1599,-45.67,-52.96,95.8,0.0,2.3,0.1,0.3,0.0
SD-GOV,governor,SD,46041,775,527,0,0,1302,19.09,13.1,20.1,0.3,1.1,0.2,75.0,0.0
SD-GOV,governor,SD,46043,185,969,0,0,1154,-67.98,-73.26,94.4,0.1,1.7,0.1,0.9,0.0
SD-GOV,governor,SD,46045,316,1097,0,0,1413,-55.22,-61.64,95.4,0.4,1.2,0.4,1.0,0.0
SD-GOV,governor,SD,46047,826,2148,0,0,2974,-44.44,-50.54,87.2,0.5,2.1,0.7,5.1,0.2
SD-GOV,governor,SD,46049,154,633,0,0,786,-60.86,-66.82,94.4,0.0,1.6,0.2,2.7,0.0
SD-GOV,governor,SD,46051,756,1770,0,0,2526,-40.11,-46.55,91.9,0.0,5.4,0.2,0.7,0.0
SD-GOV,governor,SD,46053,350,1228,0,0,1578,-55.66,-61.55,90.0,0.3,1.1,0.4,5.2,0.1
SD-GOV,governor,SD,46055,94,689,0,0,783,-76.0,-81.06,93.4,0.1,1.1,0.8,1.5,0.0
SD-GOV,governor,SD,46057,505,1740,0,0,2245,-55.04,-61.51,92.9,0.1,4.5,0.1,0.6,0.1
SD-GOV,governor,SD,46059,288,939,0,0,1228,-53.02,-58.07,96.4,0.3,0.9,0.3,0.4,0.0
SD-GOV,governor,SD,46061,333,1091,0,0,1424,-53.22,-60.3,96.5,0.1,0.8,0.0,0.1,0.0
SD-GOV,governor,SD,46063,49,521,0,0,571,-82.68,-88.03,93.7,0.5,2.1,0.0,1.1,0.0
SD-GOV,governor,SD,46065,2178,3692,0,0,5870,-25.78,-30.92,83.0,0.4,2.1,0.7,10.1,0.0
SD-GOV,governor,SD,46067,607,1993,0,0,2600,-53.34,-58.89,95.6,0.1,2.0,0.3,0.8,0.0
SD-GOV,governor,SD,46069,115,368,0,0,484,-52.25,-56.34,89.2,0.3,1.5,0.5,5.3,0.0
SD-GOV,governor,SD,46071,274,512,0,0,786,-30.27,-35.68,44.6,0.3,2.0,0.3,47.5,0.2
SD-GOV,governor,SD,46073,213,482,0,0,695,-38.65,-43.9,93.0,0.0,4.3,0.1,0.9,0.0
SD-GOV,governor,SD,46075,56,326,0,0,383,-70.48,-77.65,88.3,0.0,0.6,0.0,4.3,0.0
SD-GOV,governor,SD,46077,602,1347,0,0,1949,-38.18,-44.71,95.8,0.0,1.8,0.2,0.6,0.2
SD-GOV,governor,SD,46079,1534,2576,0,0,4110,-25.37,-31.76,90.2,0.8,4.9,0.8,0.8,0.1
SD-GOV,governor,SD,46081,3905,6818,0,0,10723,-27.17,-32.25,90.8,0.5,2.9,0.7,1.7,0.0
SD-GOV,governor,SD,46083,9939,15385,0,0,25325,-21.5,-27.08,91.7,1.4,2.1,1.6,0.6,0.0
SD-GOV,governor,SD,46085,332,675,0,0,1007,-34.03,-40.35,58.4,0.1,1.3,0.2,36.9,0.0
SD-GOV,governor,SD,46087,590,1520,0,0,2109,-44.1,-50.47,94.4,0.1,2.5,0.1,0.8,0.0
SD-GOV,governor,SD,46089,163,741,0,0,904,-63.83,-70.51,95.1,0.2,1.9,0.2,0.8,0.0
SD-GOV,governor,SD,46091,604,864,0,0,1468,-17.69,-24.44,87.5,0.1,4.7,0.2,5.7,0.0
SD-GOV,governor,SD,46093,2712,7498,0,0,10210,-46.87,-52.18,87.0,1.5,3.6,1.0,2.4,0.2
SD-GOV,governor,SD,46095,217,298,0,0,515,-15.61,-20.72,43.3,0.1,1.2,0.2,50.4,0.0
SD-GOV,governor,SD,46097,238,574,0,0,812,-41.46,-48.32,95.8,0.1,1.6,0.3,0.3,0.0
SD-GOV,governor,SD,46099,30332,35066,0,0,65399,-7.24,-12.99,82.7,4.7,4.9,2.3,2.2,0.0
SD-GOV,governor,SD,46101,830,1389,0,0,2219,-25.21,-32.56,80.2,0.1,4.1,1.5,10.4,0.0
SD-GOV,governor,SD,46102,1920,210,0,0,2130,80.29,72.69,4.6,0.3,2.6,0.3,90.7,0.0
SD-GOV,governor,SD,46103,15313,24059,0,0,39372,-22.21,-27.17,79.8,1.3,4.1,1.4,8.4,0.1
SD-GOV,governor,SD,46105,189,918,0,0,1107,-65.86,-70.96,94.3,0.0,1.0,0.1,1.9,0.1
SD-GOV,governor,SD,46107,176,727,0,0,903,-61.06,-66.38,95.4,0.3,0.7,0.5,1.7,0.0
SD-GOV,governor,SD,46109,1216,1671,0,0,2887,-15.78,-23.42,62.0,0.3,1.8,0.3,32.2,0.0
SD-GOV,governor,SD,46111,208,636,0,0,843,-50.75,-56.4,94.5,0.0,2.3,0.1,0.7,0.0
SD-GOV,governor,SD,46115,728,1456,0,0,2184,-33.31,-39.92,95.1,0.3,2.1,0.0,0.9,0.0
SD-GOV,governor,SD,46117,345,863,0,0,1207,-42.91,-47.63,88.4,0.5,0.8,0.2,4.5,0.4
SD-GOV,governor,SD,46119,136,491,0,0,627,-56.47,-61.99,93.5,0.4,2.7,0.0,0.4,0.0
SD-GOV,governor,SD,46121,1170,309,0,0,1479,58.21,51.91,10.2,0.1,1.8,0.5,85.3,0.0
SD-GOV,governor,SD,46123,384,1463,0,0,1847,-58.43,-64.12,81.6,0.2,0.9,0.1,13.7,0.0
SD-GOV,governor,SD,46125,845,2313,0,0,3158,-46.46,-52.74,94.6,0.2,2.2,0.2,0.5,0.0
SD-GOV,governor,SD,46127,1999,4178,0,0,6177,-35.27,-41.48,91.0,0.9,3.1,1.4,0.6,0.2
SD-GOV,governor,SD,46129,394,1322,0,0,1716,-54.07,-60.26,82.2,0.1,1.4,0.1,12.3,0.0
SD-GOV,governor,SD,46135,2995,4542,0,0,7538,-20.52,-26.27,88.5,1.5,4.6,0.6,2.4,0.0
SD-GOV,governor,SD,46137,284,259,0,0,543,4.57,-2.92,23.0,0.0,1.4,0.0,73.1,0.0
TN-GOV,governor,TN,47001,9313,14282,1990,0,25586,-21.06,-36.16,87.4,3.6,2.9,1.3,0.3,0.1
TN-GOV,governor,TN,47003,3718,9256,1094,0,14068,-42.68,-58.56,76.6,7.3,12.1,0.7,0.3,0.0
TN-GOV,governor,TN,47005,1242,3447,395,0,5084,-47.03,-63.43,91.6,2.0,1.9,0.7,0.3,0.0
TN-GOV,governor,TN,47007,904,3094,337,0,4336,-54.77,-71.0,87.9,6.2,2.5,0.2,0.3,0.0
TN-GOV,governor,TN,47009,14873,29824,3770,0,48467,-33.45,-48.32,88.9,2.6,3.3,0.9,0.2,0.0
TN-GOV,governor,TN,47011,8811,22991,2682,0,34484,-44.59,-59.53,83.3,4.6,6.2,1.1,0.3,0.1
TN-GOV,governor,TN,47013,2283,7746,846,0,10875,-54.47,-70.1,95.0,0.3,1.0,0.2,0.2,0.0
TN-GOV,governor,TN,47015,1102,3342,375,0,4819,-50.41,-66.77,91.1,1.4,2.3,0.3,0.2,0.0
TN-GOV,governor,TN,47017,2073,5600,647,0,8320,-45.96,-62.09,84.8,8.8,2.2,0.4,0.3,0.0
TN-GOV,governor,TN,47019,4076,11974,1353,0,17403,-49.21,-63.82,92.8,1.2,1.7,0.4,0.3,0.0
TN-GOV,governor,TN,47021,4560,8832,1130,0,14522,-31.9,-46.56,89.8,1.9,3.6,0.4,0.3,0.1
TN-GOV,governor,TN,47023,1222,3672,413,0,5306,-50.06,-65.67,85.4,8.3,2.3,0.4,0.4,0.0
TN-GOV,governor,TN,47025,1976,6766,737,0,9478,-54.8,-70.66,93.7,1.0,1.5,0.5,0.2,0.0
TN-GOV,governor,TN,47027,611,1817,205,0,2633,-49.64,-67.09,95.3,1.1,1.4,0.1,0.3,0.0
TN-GOV,governor,TN,47029,2349,7767,853,0,10969,-53.56,-68.88,92.0,1.7,2.1,0.4,0.4,0.0
TN-GOV,governor,TN,47031,4818,11282,1358,0,17458,-40.15,-55.8,86.9,3.6,4.4,1.0,0.3,0.0
TN-GOV,governor,TN,47033,1085,2738,322,0,4146,-43.22,-59.25,75.1,13.6,8.6,0.2,0.1,0.0
TN-GOV,governor,TN,47035,6204,16167,1887,0,24258,-44.53,-59.32,93.2,0.4,2.4,0.6,0.2,0.0
TN-GOV,governor,TN,47037,134157,52935,15795,0,202887,43.41,28.02,58.1,22.7,11.4,3.9,0.2,0.0
TN-GOV,governor,TN,47039,819,2712,298,0,3828,-53.62,-69.75,92.5,2.5,2.5,0.4,0.1,0.1
TN-GOV,governor,TN,47041,1602,4466,512,0,6580,-47.2,-63.33,89.0,1.2,5.7,0.4,0.3,0.0
TN-GOV,governor,TN,47043,5132,11143,1373,0,17647,-36.94,-52.53,88.1,3.6,4.0,0.6,0.3,0.0
TN-GOV,governor,TN,47045,2489,6806,784,0,10080,-46.44,-62.17,79.6,13.6,2.7,0.6,0.2,0.0
TN-GOV,governor,TN,47047,5579,9720,1290,0,16590,-27.07,-42.75,67.6,25.6,2.7,0.7,0.2,0.1
TN-GOV,governor,TN,47049,1247,5064,532,0,6843,-60.47,-76.32,95.4,0.1,1.3,0.2,0.2,0.0
TN-GOV,governor,TN,47051,3977,8762,1074,0,13813,-37.56,-53.66,87.5,4.7,2.8,0.9,0.3,0.0
TN-GOV,governor,TN,47053,4438,9540,1179,0,15157,-36.5,-52.44,76.9,17.5,2.3,0.4,0.2,0.0
TN-GOV,governor,TN,47055,2645,6064,735,0,9444,-39.26,-55.51,83.9,9.7,1.8,0.6,0.4,0.0
TN-GOV,governor,TN,47057,1485,5704,606,0,7795,-58.69,-74.11,93.4,0.5,2.5,0.3,0.2,0.0
TN-GOV,governor,TN,47059,4925,15157,1693,0,21776,-50.95,-66.52,91.3,1.9,2.8,0.4,0.2,0.0
TN-GOV,governor,TN,47061,948,3139,345,0,4432,-53.62,-69.82,93.7,0.3,1.1,0.4,0.3,0.0
TN-GOV,governor,TN,47063,4607,11861,1389,0,17857,-44.04,-59.41,80.5,3.4,11.1,1.1,0.2,0.4
TN-GOV,governor,TN,47065,57146,55438,9500,0,122083,1.52,-13.26,71.2,16.6,5.9,2.2,0.2,0.0
TN-GOV,governor,TN,47067,364,1515,158,0,2037,-61.26,-76.9,95.9,0.4,0.6,0.0,0.4,0.0
TN-GOV,governor,TN,47069,2818,3249,512,0,6579,-7.12,-24.31,56.9,38.5,1.8,0.6,0.2,0.0
TN-GOV,governor,TN,47071,1713,6098,659,0,8470,-56.14,-71.59,91.3,3.1,1.8,0.5,0.3,0.0
TN-GOV,governor,TN,47073,3897,13067,1430,0,18395,-54.06,-69.39,93.8,1.2,1.2,0.4,0.2,0.0
TN-GOV,governor,TN,47075,2515,1778,362,0,4655,17.16,0.38,44.3,49.4,3.9,0.2,0.2,0.0
TN-GOV,governor,TN,47077,1837,5944,656,0,8437,-52.78,-68.26,87.1,7.1,2.1,0.3,0.2,0.0
TN-GOV,governor,TN,47079,2902,6833,821,0,10556,-40.38,-55.94,86.5,6.9,2.2,0.6,0.2,0.0
TN-GOV,governor,TN,47081,1821,4837,561,0,7219,-45.3,-61.54,89.3,4.3,2.2,0.3,0.4,0.0
TN-GOV,governor,TN,47083,715,1746,207,0,2668,-41.9,-58.9,92.1,2.6,1.4,0.2,0.3,0.1
TN-GOV,governor,TN,47085,1599,3737,450,0,5787,-40.07,-56.73,92.0,2.4,1.8,0.3,0.2,0.0
TN-GOV,governor,TN,47087,984,2681,309,0,3975,-46.3,-63.03,93.8,0.3,1.7,0.1,0.3,0.0
TN-GOV,governor,TN,47089,4236,12438,1406,0,18080,-49.19,-64.78,91.3,1.5,3.3,0.5,0.3,0.0
TN-GOV,governor,TN,47091,1181,4052,441,0,5674,-54.88,-69.85,89.9,4.8,2.3,0.1,0.1,0.1
TN-GOV,governor,TN,47093,68050,75155,12083,0,155287,-4.96,-19.83,80.6,7.8,4.8,2.5,0.2,0.1
TN-GOV,governor,TN,47095,386,866,106,0,1358,-38.4,-55.36,68.8,26.7,2.4,0.1,0.2,0.1
TN-GOV,governor,TN,47097,2132,3205,450,0,5787,-20.11,-37.32,62.4,31.9,1.9,0.2,0.5,0.0
TN-GOV,governor,TN,47099,2909,9707,1064,0,13679,-53.89,-69.65,92.5,1.5,2.0,0.4,0.2,0.0
TN-GOV,governor,TN,47101,946,2858,321,0,4125,-50.28,-66.08,92.1,1.5,2.2,0.5,0.3,0.1
TN-GOV,governor,TN,47103,2620,7796,878,0,11294,-49.69,-65.2,86.4,6.0,3.0,0.5,0.3,0.0
TN-GOV,governor,TN,47105,6551,14893,1809,0,23253,-38.9,-53.58,87.6,1.0,7.4,0.8,0.2,0.0
TN-GOV,governor,TN,47107,3935,11612,1311,0,16857,-49.38,-64.77,88.0,3.5,3.3,0.8,0.3,0.0
TN-GOV,governor,TN,47109,1702,5575,614,0,7890,-53.23,-69.06,89.3,6.0,1.4,0.3,0.2,0.0
TN-GOV,governor,TN,47111,1346,5329,563,0,7237,-59.68,-75.05,90.7,0.5,5.3,0.2,0.3,0.0
TN-GOV,governor,TN,47113,12537,13258,2176,0,27971,-2.8,-18.41,57.4,34.5,3.8,1.2,0.2,0.0
TN-GOV,governor,TN,47115,2695,6302,759,0,9756,-40.09,-56.19,90.2,3.4,1.7,0.5,0.4,0.0
TN-GOV,governor,TN,47117,3049,7258,869,0,11177,-40.83,-57.13,84.4,6.0,5.3,0.5,0.3,0.0
TN-GOV,governor,TN,47119,11964,21669,2837,0,36469,-28.86,-45.09,78.2,11.0,6.2,0.9,0.3,0.0
TN-GOV,governor,TN,47121,946,2993,332,0,4271,-51.97,-68.02,93.5,1.0,1.2,0.2,0.4,0.0
TN-GOV,governor,TN,47123,3481,10936,1216,0,15633,-51.71,-67.4,90.4,1.6,3.2,0.5,0.3,0.0
TN-GOV,governor,TN,47125,25520,27248,4452,0,57221,-3.28,-18.7,62.6,19.6,9.0,2.5,0.4,0.4
TN-GOV,governor,TN,47127,537,1823,199,0,2559,-54.46,-69.91,93.6,1.8,1.0,0.5,0.3,0.0
TN-GOV,governor,TN,47129,1124,4405,466,0,5995,-59.33,-75.14,89.9,5.7,1.1,0.2,0.3,0.0
TN-GOV,governor,TN,47131,2097,6234,703,0,9034,-49.65,-65.34,83.1,9.6,3.9,0.3,0.1,0.0
TN-GOV,governor,TN,47133,1849,5300,603,0,7751,-48.27,-64.8,95.0,0.3,1.2,0.3,0.3,0.0
TN-GOV,governor,TN,47135,561,1839,202,0,2602,-53.23,-69.81,92.7,2.5,1.3,0.4,0.4,0.0
TN-GOV,governor,TN,47137,467,1441,161,0,2069,-51.05,-66.73,96.7,0.2,1.2,0.3,0.2,0.0
TN-GOV,governor,TN,47139,1333,4304,475,0,6112,-52.71,-68.68,93.1,0.4,1.4,0.2,0.4,0.1
TN-GOV,governor,TN,47141,7590,14969,1903,0,24462,-32.71,-47.95,85.9,2.9,6.0,1.4,0.2,0.0
TN-GOV,governor,TN,47143,2227,7102,787,0,10115,-52.26,-67.63,88.7,1.9,4.9,0.6,0.3,0.0
TN-GOV,governor,TN,47145,5313,12388,1493,0,19194,-39.97,-55.15,91.2,2.4,1.5,0.6,0.3,0.0
TN-GOV,governor,TN,47147,7240,15405,1910,0,24555,-36.06,-51.41,81.0,6.9,7.6,0.6,0.2,0.0
TN-GOV,governor,TN,47149,44373,50936,8041,0,103350,-6.89,-22.1,67.3,15.2,9.6,3.7,0.2,0.1
TN-GOV,governor,TN,47151,1092,5112,523,0,6727,-64.8,-80.27,96.4,0.1,0.6,0.3,0.2,0.0
TN-GOV,governor,TN,47153,1237,3858,430,0,5525,-51.44,-66.93,92.5,0.4,2.8,0.4,0.4,0.0
TN-GOV,governor,TN,47155,7538,20856,2394,0,30789,-46.9,-61.76,87.5,0.8,6.8,1.1,0.3,0.0
TN-GOV,governor,TN,47157,148959,61658,17781,0,228398,41.45,25.83,37.0,49.9,7.0,3.1,0.2,0.0
TN-GOV,governor,TN,47159,1537,4492,508,0,6538,-49.02,-65.51,91.9,1.9,1.9,0.4,0.3,0.0
TN-GOV,governor,TN,47161,1105,3171,361,0,4636,-48.32,-64.57,91.2,1.3,1.9,0.7,0.7,0.0
TN-GOV,governor,TN,47163,14465,34316,4114,0,52895,-40.69,-55.54,91.9,2.0,1.8,0.8,0.2,0.0
TN-GOV,governor,TN,47165,22848,40271,5324,0,68443,-27.6,-42.31,81.6,7.4,5.5,1.5,0.3,0.1
TN-GOV,governor,TN,47167,5371,11891,1456,0,18718,-37.77,-53.34,75.3,17.4,2.2,0.7,0.3,0.1
TN-GOV,governor,TN,47169,805,1941,232,0,2977,-41.39,-59.38,75.5,18.5,2.7,0.2,0.2,0.0
TN-GOV,governor,TN,47171,1438,4078,465,0,5981,-47.86,-62.67,91.6,0.2,5.0,0.2,0.2,0.0
TN-GOV,governor,TN,47173,1223,4376,472,0,6071,-56.32,-71.72,94.7,0.2,1.6,0.2,0.2,0.0
TN-GOV,governor,TN,47175,515,1594,178,0,2286,-51.19,-67.67,95.4,0.4,1.2,0.2,0.0,0.0
TN-GOV,governor,TN,47177,3284,7704,927,0,11914,-40.23,-56.68,85.5,2.8,7.7,0.6,0.2,0.0
TN-GOV,governor,TN,47179,14764,24770,3335,0,42869,-25.31,-39.99,86.4,4.1,3.8,1.4,0.2,0.0
TN-GOV,governor,TN,47181,830,3582,372,0,4784,-62.38,-77.52,89.1,6.3,1.9,0.2,0.1,0.0
TN-GOV,governor,TN,47183,2454,6195,729,0,9379,-43.25,-58.92,86.0,7.8,2.2,0.6,0.2,0.0
TN-GOV,governor,TN,47185,2023,6328,704,0,9056,-51.55,-67.17,91.7,1.5,2.4,0.5,0.3,0.0
TN-GOV,governor,TN,47187,38448,54945,7879,0,101271,-17.66,-32.95,82.9,4.0,4.9,4.8,0.2,0.0
TN-GOV,governor,TN,47189,19366,33094,4425,0,56885,-26.17,-40.57,82.7,6.7,4.7,2.0,0.3,0.0
TX-GOV,governor,TX,48001,3122,10387,68,0,13576,-53.78,-62.2,58.4,20.7,17.6,0.7,0.3,0.0
TX-GOV,governor,TX,48003,749,3475,21,0,4245,-64.54,-73.18,43.5,1.2,52.0,0.6,0.5,0.0
TX-GOV,governor,TX,48005,6787,17238,121,0,24146,-43.5,-52.36,61.6,14.5,19.8,1.1,0.2,0.0
TX-GOV,governor,TX,48007,2381,6701,46,0,9127,-47.57,-56.18,70.3,0.9,22.2,2.0,0.6,0.1
TX-GOV,governor,TX,48009,493,3085,18,0,3596,-72.45,-79.66,87.9,0.4,7.2,0.3,0.8,0.0
TX-GOV,governor,TX,48011,83,693,4,0,781,-78.53,-86.08,88.2,0.4,6.0,0.6,1.2,0.0
TX-GOV,governor,TX,48013,4280,8588,65,0,12933,-33.48,-43.67,35.9,0.7,60.5,0.4,0.3,0.0
TX-GOV,governor,TX,48015,2433,8311,54,0,10798,-54.7,-63.12,65.3,7.7,23.1,0.7,0.3,0.0
TX-GOV,governor,TX,48017,288,924,6,0,1219,-52.42,-61.55,36.8,0.7,60.9,0.2,0.2,0.0
TX-GOV,governor,TX,48019,2149,7330,48,0,9527,-54.65,-62.41,77.2,0.5,17.0,0.5,0.5,0.0
TX-GOV,governor,TX,48021,12443,15362,140,0,27944,-10.5,-18.61,52.4,6.0,37.1,0.8,0.4,0.1
TX-GOV,governor,TX,48023,175,991,6,0,1171,-70.01,-77.85,83.9,1.6,10.4,0.2,0.4,0.0
TX-GOV,governor,TX,48025,2176,3948,31,0,6155,-28.94,-40.21,29.4,8.7,59.6,0.7,0.2,0.0
TX-GOV,governor,TX,48027,42206,49048,459,0,91713,-7.5,-16.41,46.3,21.3,22.5,3.3,0.4,0.9
TX-GOV,governor,TX,48029,315414,213756,2660,0,531830,19.21,9.86,29.5,7.5,56.5,3.4,0.2,0.1
TX-GOV,governor,TX,48031,1644,4312,30,0,5986,-44.79,-53.14,79.2,0.7,16.1,0.3,0.2,0.0
TX-GOV,governor,TX,48033,22,248,1,0,271,-83.52,-91.71,87.9,0.0,11.3,0.0,0.0,0.0
TX-GOV,governor,TX,48035,1344,5338,34,0,6715,-59.79,-67.89,78.8,1.4,14.9,0.4,0.4,0.0
TX-GOV,governor,TX,48037,7629,17953,128,0,25710,-40.35,-49.01,62.9,23.9,7.4,1.2,0.6,0.1
TX-GOV,governor,TX,48039,49333,63545,567,0,113445,-12.59,-19.95,46.9,14.5,28.2,7.0,0.3,0.0
TX-GOV,governor,TX,48041,26950,37110,322,0,64383,-15.86,-25.22,55.9,9.4,24.3,6.8,0.2,0.1
TX-GOV,governor,TX,48043,1543,1645,16,0,3205,-3.19,-12.76,55.0,1.8,38.0,1.0,0.3,0.1
TX-GOV,governor,TX,48045,73,447,3,0,522,-72.06,-80.49,72.9,1.2,23.3,0.0,0.4,0.0
TX-GOV,governor,TX,48047,1020,652,8,0,1681,22.03,9.69,12.1,0.2,86.2,0.5,0.2,0.0
TX-GOV,governor,TX,48049,1947,9800,59,0,11805,-66.86,-74.51,73.5,3.5,18.5,0.7,0.4,0.1
TX-GOV,governor,TX,48051,1491,5037,33,0,6560,-54.33,-63.34,67.6,10.2,18.0,0.4,0.4,0.0
TX-GOV,governor,TX,48053,5061,14560,99,0,19719,-48.41,-56.19,75.1,1.2,18.9,0.9,0.4,0.0
TX-GOV,governor,TX,48055,5136,5825,55,0,11016,-6.29,-14.6,41.0,5.4,50.2,0.5,0.3,0.0
TX-GOV,governor,TX,48057,1573,3891,27,0,5492,-42.43,-52.44,45.6,2.0,45.0,5.3,0.2,0.0
TX-GOV,governor,TX,48059,716,4155,24,0,4896,-70.59,-78.07,86.2,0.8,8.1,0.4,0.5,0.1
TX-GOV,governor,TX,48061,43732,37263,407,0,81402,7.99,-5.84,10.5,0.4,87.6,0.7,0.1,0.0
TX-GOV,governor,TX,48063,1026,2635,18,0,3679,-43.94,-53.91,58.9,15.2,21.4,0.9,0.3,0.1
TX-GOV,governor,TX,48065,289,1926,11,0,2226,-73.94,-81.62,84.8,0.4,8.7,0.4,0.8,0.0
TX-GOV,governor,TX,48067,2129,7729,50,0,9907,-56.81,-65.87,76.2,15.5,3.8,0.4,0.6,0.0
TX-GOV,governor,TX,48069,357,1053,7,0,1417,-49.33,-58.45,35.4,1.5,60.9,0.4,0.5,0.1
TX-GOV,governor,TX,48071,3672,13724,87,0,17483,-57.79,-66.16,67.2,7.2,20.3,1.4,0.4,0.0
TX-GOV,governor,TX,48073,3286,11007,72,0,14365,-54.02,-63.18,63.5,13.0,19.7,0.5,0.3,0.0
TX-GOV,governor,TX,48075,252,1334,8,0,1593,-68.25,-76.66,58.6,9.8,27.5,0.8,0.4,0.0
TX-GOV,governor,TX,48077,576,3550,21,0,4146,-72.07,-80.11,89.0,0.3,4.8,0.6,0.8,0.0
TX-GOV,governor,TX,48079,132,491,3,0,626,-57.73,-66.48,39.0,3.1,56.1,0.0,0.1,0.0
TX-GOV,governor,TX,48081,174,1091,6,0,1271,-72.49,-80.13,77.3,0.3,17.9,0.0,0.6,0.2
TX-GOV,governor,TX,48083,415,2488,15,0,2918,-71.41,-79.32,81.0,1.8,13.2,0.4,0.5,0.0
TX-GOV,governor,TX,48085,174572,185992,1812,0,362375,-3.17,-11.45,54.1,9.9,14.3,17.3,0.4,0.1
TX-GOV,governor,TX,48087,129,708,4,0,841,-69.12,-77.52,65.8,4.4,26.2,0.4,0.9,0.1
TX-GOV,governor,TX,48089,1798,5180,35,0,7013,-48.47,-57.55,61.7,10.7,25.0,0.4,0.1,0.0
TX-GOV,governor,TX,48091,22208,49908,362,0,72478,-38.41,-45.96,68.5,2.3,23.9,1.2,0.3,0.1
TX-GOV,governor,TX,48093,777,3785,23,0,4585,-65.95,-74.39,72.7,0.2,23.7,0.3,0.4,0.0
TX-GOV,governor,TX,48095,144,691,4,0,839,-65.51,-74.31,66.1,2.3,28.6,0.7,0.3,0.0
TX-GOV,governor,TX,48097,2871,11381,72,0,14324,-59.71,-67.37,75.5,2.7,16.3,0.8,0.8,0.0
TX-GOV,governor,TX,48099,5614,10993,83,0,16691,-32.39,-41.1,58.5,14.4,18.0,2.5,0.5,1.1
TX-GOV,governor,TX,48101,83,375,2,0,460,-63.67,-72.78,69.6,6.3,20.6,0.0,0.2,0.1
TX-GOV,governor,TX,48103,178,791,5,0,974,-63.23,-73.06,33.7,1.6,62.3,0.6,0.4,0.0
TX-GOV,governor,TX,48105,266,724,5,0,995,-46.27,-54.18,37.7,0.6,59.1,0.3,0.3,0.0
TX-GOV,governor,TX,48107,377,933,7,0,1317,-42.37,-51.69,46.2,2.4,49.1,0.3,0.1,0.0
TX-GOV,governor,TX,48109,264,280,3,0,547,-3.09,-17.14,23.0,1.2,72.7,1.0,0.5,0.0
TX-GOV,governor,TX,48111,152,857,5,0,1014,-69.96,-78.84,47.3,1.2,48.7,0.2,0.7,0.1
TX-GOV,governor,TX,48113,392609,201433,2987,0,597029,32.18,22.62,31.6,21.6,36.6,7.2,0.3,0.0
TX-GOV,governor,TX,48115,581,1867,12,0,2461,-52.54,-61.63,39.7,8.4,50.1,0.5,0.2,0.0
TX-GOV,governor,TX,48117,859,2128,15,0,3002,-42.46,-52.07,26.8,0.6,70.7,0.2,0.3,0.0
TX-GOV,governor,TX,48119,354,1498,9,0,1862,-61.75,-70.0,82.4,5.8,6.2,0.6,0.8,0.1
TX-GOV,governor,TX,48121,147795,165068,1572,0,314435,-5.52,-13.35,56.8,10.4,18.1,10.1,0.4,0.1
TX-GOV,governor,TX,48123,1122,4333,27,0,5482,-58.87,-67.37,58.2,8.0,31.3,0.4,0.2,0.0
TX-GOV,governor,TX,48125,126,566,3,0,696,-63.5,-70.51,70.8,1.1,24.8,0.1,0.0,0.0
TX-GOV,governor,TX,48127,1386,986,12,0,2384,16.85,3.0,11.8,0.9,85.4,0.9,0.1,0.1
TX-GOV,governor,TX,48129,175,1019,6,0,1199,-70.67,-79.36,80.6,4.7,9.0,0.4,1.0,0.0
TX-GOV,governor,TX,48131,1598,1499,16,0,3113,3.17,-9.98,10.9,1.9,79.4,0.5,0.2,0.0
TX-GOV,governor,TX,48133,872,4953,29,0,5855,-70.05,-78.05,79.8,2.1,14.0,0.5,0.5,0.1
TX-GOV,governor,TX,48135,8339,21452,150,0,29940,-44.02,-53.27,34.3,4.6,57.1,1.5,0.4,0.2
TX-GOV,governor,TX,48137,131,570,4,0,704,-62.64,-73.45,50.0,0.2,46.3,0.5,0.4,0.1
TX-GOV,governor,TX,48139,25886,43657,349,0,69893,-25.55,-31.35,59.2,12.1,23.8,0.8,0.4,0.1
TX-GOV,governor,TX,48141,112874,62565,882,0,176322,28.68,15.32,12.6,2.9,81.3,1.4,0.3,0.2
TX-GOV,governor,TX,48143,2551,10275,64,0,12890,-60.23,-68.49,73.4,3.2,18.7,0.8,0.5,0.0
TX-GOV,governor,TX,48145,1413,2960,22,0,4396,-35.37,-45.03,54.4,21.6,20.8,0.3,0.4,0.1
TX-GOV,governor,TX,48147,2321,9106,57,0,11485,-59.37,-67.92,77.8,6.7,10.0,0.4,0.9,0.1
TX-GOV,governor,TX,48149,2156,7155,47,0,9358,-53.68,-61.93,74.3,5.2,17.6,0.3,0.2,0.0
TX-GOV,governor,TX,48151,289,989,6,0,1285,-54.73,-63.68,70.2,2.5,24.1,0.5,0.5,0.1
TX-GOV,governor,TX,48153,324,1133,7,0,1464,-55.54,-65.46,44.2,2.3,51.5,0.2,0.1,0.0
TX-GOV,governor,TX,48155,81,298,2,0,382,-57.1,-65.93,80.9,1.2,15.1,0.0,0.0,0.1
TX-GOV,governor,TX,48157,140647,112485,1272,0,254404,11.13,1.62,31.4,20.4,22.7,22.5,0.1,0.0
TX-GOV,governor,TX,48159,715,2987,19,0,3721,-61.35,-69.24,79.1,3.4,12.1,0.6,0.5,0.1
TX-GOV,governor,TX,48161,1329,4983,32,0,6344,-57.88,-66.7,68.2,14.9,13.6,0.3,0.4,0.0
TX-GOV,governor,TX,48163,1526,1915,17,0,3458,-11.31,-24.69,18.3,4.7,74.5,1.3,0.2,0.0
TX-GOV,governor,TX,48165,573,3900,22,0,4496,-74.37,-83.13,57.6,1.2,39.2,0.4,0.2,0.0
TX-GOV,governor,TX,48167,44734,66029,556,0,111320,-19.23,-27.74,58.0,12.1,22.5,3.6,0.3,0.1
TX-GOV,governor,TX,48169,195,921,6,0,1122,-65.0,-73.16,37.5,3.9,56.4,0.4,0.3,0.0
TX-GOV,governor,TX,48171,2661,8833,58,0,11552,-53.69,-61.37,78.2,0.3,18.0,0.5,0.3,0.0
TX-GOV,governor,TX,48173,44,418,2,0,465,-80.8,-88.5,66.8,0.9,31.6,0.0,0.0,0.4
TX-GOV,governor,TX,48175,679,2101,14,0,2795,-51.14,-60.67,63.7,3.4,29.7,0.4,0.3,0.0
TX-GOV,governor,TX,48177,1462,3952,27,0,5441,-45.99,-55.15,46.8,5.8,44.8,0.3,0.3,0.0
TX-GOV,governor,TX,48179,783,4502,27,0,5312,-70.35,-77.57,65.5,4.5,25.4,0.7,0.7,0.0
TX-GOV,governor,TX,48181,12324,33700,231,0,46256,-46.45,-54.71,74.2,5.4,12.5,1.4,1.3,0.0
TX-GOV,governor,TX,48183,10725,21841,164,0,32730,-34.13,-42.6,59.0,19.9,16.0,1.3,0.4,0.0
TX-GOV,governor,TX,48185,2381,7412,49,0,9842,-51.37,-60.75,61.1,13.5,21.7,0.4,0.3,0.0
TX-GOV,governor,TX,48187,23307,36163,299,0,59768,-21.62,-29.81,52.2,7.2,34.4,2.0,0.3,0.2
TX-GOV,governor,TX,48189,1643,4828,32,0,6504,-49.22,-58.57,37.0,4.7,55.4,0.5,0.4,0.1
TX-GOV,governor,TX,48191,138,663,4,0,806,-65.45,-73.88,62.7,6.4,28.1,0.2,0.3,0.0
TX-GOV,governor,TX,48193,562,2561,16,0,3139,-63.99,-71.81,84.8,0.3,10.4,0.5,0.5,0.0
TX-GOV,governor,TX,48195,159,1234,7,0,1401,-77.15,-85.31,53.5,0.3,43.9,0.2,0.4,0.1
TX-GOV,governor,TX,48197,175,805,5,0,984,-64.32,-73.1,72.9,3.9,18.8,0.6,0.5,0.0
TX-GOV,governor,TX,48199,3121,16508,99,0,19727,-68.2,-76.13,85.1,5.4,5.0,0.7,0.4,0.1
TX-GOV,governor,TX,48201,623883,460604,5451,0,1089938,15.06,5.62,30.6,18.7,39.9,7.9,0.2,0.1
TX-GOV,governor,TX,48203,6103,14972,106,0,21181,-42.08,-50.92,63.9,19.9,11.6,0.7,0.5,0.1
TX-GOV,governor,TX,48205,172,1234,7,0,1413,-75.55,-83.75,64.0,4.4,28.9,0.5,0.2,0.0
TX-GOV,governor,TX,48207,289,1275,8,0,1571,-63.04,-71.98,69.4,3.7,23.0,0.4,0.5,0.1
TX-GOV,governor,TX,48209,49799,37817,440,0,88056,13.68,5.72,53.3,4.0,35.3,2.2,0.3,0.1
TX-GOV,governor,TX,48211,176,949,6,0,1131,-68.71,-76.28,67.7,0.0,28.7,0.2,0.4,0.0
TX-GOV,governor,TX,48213,5977,20929,135,0,27041,-55.57,-63.87,78.3,5.6,11.1,0.6,0.5,0.0
TX-GOV,governor,TX,48215,84345,66946,760,0,152051,11.5,-2.9,7.4,0.4,90.4,1.1,0.1,0.0
TX-GOV,governor,TX,48217,2547,9097,58,0,11703,-56.25,-64.81,71.6,5.6,18.2,0.5,0.5,0.1
TX-GOV,governor,TX,48219,1161,4406,28,0,5595,-58.29,-66.67,49.9,2.8,44.5,0.3,0.4,0.0
TX-GOV,governor,TX,48221,5239,20221,128,0,25588,-58.84,-66.59,83.9,0.7,10.4,0.7,0.6,0.1
TX-GOV,governor,TX,48223,2539,9156,59,0,11753,-56.58,-65.01,74.0,6.5,14.6,0.8,0.6,0.0
TX-GOV,governor,TX,48225,1734,4799,33,0,6565,-46.92,-55.65,61.0,23.2,12.3,0.5,0.4,0.0
TX-GOV,governor,TX,48227,1528,5198,34,0,6760,-54.58,-63.26,47.1,4.2,44.6,1.1,0.7,0.0
TX-GOV,governor,TX,48229,233,486,4,0,722,-35.26,-46.61,38.7,0.1,59.1,0.4,0.2,0.0
TX-GOV,governor,TX,48231,8460,24109,164,0,32733,-48.05,-55.93,69.3,8.0,16.3,1.1,0.8,0.1
TX-GOV,governor,TX,48233,858,4890,29,0,5776,-70.16,-77.69,70.8,2.1,20.4,0.5,1.5,0.0
TX-GOV,governor,TX,48235,98,507,3,0,608,-67.68,-75.75,74.5,0.3,22.1,0.0,0.7,0.1
TX-GOV,governor,TX,48237,368,2561,15,0,2944,-74.86,-82.64,77.2,4.2,15.5,0.4,0.5,0.0
TX-GOV,governor,TX,48239,826,3566,22,0,4414,-62.39,-71.14,60.8,6.0,28.9,1.0,0.3,0.0
TX-GOV,governor,TX,48241,2324,8731,56,0,11110,-57.96,-66.85,74.4,16.2,5.7,0.4,0.4,0.1
TX-GOV,governor,TX,48243,348,466,4,0,818,-14.42,-21.67,68.0,0.0,27.1,0.8,0.4,0.0
TX-GOV,governor,TX,48245,30244,29953,303,0,60499,0.48,-8.96,41.0,32.1,20.3,4.0,0.3,0.0
TX-GOV,governor,TX,48247,669,435,6,0,1109,21.25,8.29,9.5,0.1,87.5,0.5,0.3,0.0
TX-GOV,governor,TX,48249,4385,4856,46,0,9288,-5.1,-15.58,19.9,0.5,77.2,0.4,0.2,0.0
TX-GOV,governor,TX,48251,15430,40969,283,0,56682,-45.28,-51.88,69.9,3.6,20.5,1.0,0.5,0.4
TX-GOV,governor,TX,48253,849,4002,24,0,4875,-65.0,-73.69,59.0,11.6,26.6,0.5,0.3,0.0
TX-GOV,governor,TX,48255,906,2631,18,0,3555,-48.76,-58.39,38.9,9.0,49.0,1.1,0.2,0.0
TX-GOV,governor,TX,48257,18604,29840,243,0,48688,-23.19,-28.11,58.8,14.1,21.4,1.5,0.5,0.1
TX-GOV,governor,TX,48259,5236,15181,103,0,20519,-48.71,-56.21,75.1,0.7,19.7,0.8,0.3,0.1
TX-GOV,governor,TX,48261,37,73,1,0,111,-33.08,-47.44,22.5,0.0,75.7,0.0,0.0,0.0
TX-GOV,governor,TX,48263,47,264,2,0,312,-69.64,-77.27,87.5,0.3,10.4,0.0,0.5,0.0
TX-GOV,governor,TX,48265,5195,14437,99,0,19731,-47.07,-54.78,72.0,1.3,22.1,1.0,0.3,0.1
TX-GOV,governor,TX,48267,251,1425,8,0,1684,-70.01,-78.13,76.3,0.2,19.8,0.9,0.4,0.1
TX-GOV,governor,TX,48269,8,86,0,0,95,-83.47,-91.11,87.3,0.0,10.6,0.0,0.0,2.1
TX-GOV,governor,TX,48271,293,698,5,0,996,-40.93,-50.96,51.7,1.4,42.6,0.4,0.8,0.1
TX-GOV,governor,TX,48273,3424,3568,35,0,7028,-2.06,-12.74,23.9,3.5,67.9,2.9,0.3,0.0
TX-GOV,governor,TX,48275,193,766,5,0,964,-59.79,-68.76,63.1,4.6,28.1,0.3,0.3,0.0
TX-GOV,governor,TX,48277,3474,11361,74,0,14910,-53.16,-61.38,73.9,12.3,7.0,1.0,1.4,0.0
TX-GOV,governor,TX,48279,633,2260,15,0,2908,-56.22,-64.67,42.7,3.1,52.6,0.0,0.1,0.1
TX-GOV,governor,TX,48281,1879,6011,40,0,7930,-52.37,-60.12,73.7,3.4,16.2,1.2,0.6,0.4
TX-GOV,governor,TX,48283,748,896,8,0,1652,-9.04,-20.6,25.3,4.1,69.6,0.1,0.1,0.0
TX-GOV,governor,TX,48285,1170,6148,37,0,7354,-68.03,-76.36,75.7,5.5,16.1,0.3,0.1,0.0
TX-GOV,governor,TX,48287,1405,4468,29,0,5903,-52.15,-60.78,65.5,9.5,21.3,0.3,0.3,0.0
TX-GOV,governor,TX,48289,979,5337,32,0,6348,-69.0,-77.08,77.2,6.2,12.5,0.6,0.4,0.0
TX-GOV,governor,TX,48291,5044,16787,110,0,21941,-53.79,-61.84,58.8,8.4,28.9,0.5,0.4,0.0
TX-GOV,governor,TX,48293,1638,4699,32,0,6369,-48.32,-57.32,61.1,16.6,18.5,0.8,0.3,0.0
TX-GOV,governor,TX,48295,120,758,4,0,882,-72.63,-80.29,63.4,0.2,32.0,0.1,0.6,0.0
TX-GOV,governor,TX,48297,683,2867,18,0,3568,-61.54,-69.97,54.2,2.1,40.4,0.4,0.4,0.0
TX-GOV,governor,TX,48299,2191,7308,48,0,9547,-53.86,-61.33,85.3,0.4,9.3,0.6,0.5,0.0
TX-GOV,governor,TX,48301,9,59,0,0,68,-73.63,-79.17,90.0,0.0,0.0,0.0,2.5,0.0
TX-GOV,governor,TX,48303,29990,57131,438,0,87559,-31.15,-39.94,53.4,8.3,31.6,3.4,0.5,0.1
TX-GOV,governor,TX,48305,348,1440,9,0,1798,-61.06,-71.08,54.9,2.0,40.2,0.2,0.3,0.1
TX-GOV,governor,TX,48307,423,2025,12,0,2461,-65.42,-73.91,68.1,1.2,27.5,0.5,0.1,0.0
TX-GOV,governor,TX,48309,27026,42413,349,0,69787,-22.16,-31.22,57.8,13.3,23.0,2.1,0.4,0.1
TX-GOV,governor,TX,48311,41,299,2,0,341,-76.13,-84.74,59.1,0.2,37.2,0.6,0.2,0.2
TX-GOV,governor,TX,48313,849,2976,19,0,3845,-55.6,-64.7,53.3,19.9,23.7,0.7,0.3,0.0
TX-GOV,governor,TX,48315,933,2352,16,0,3302,-43.2,-52.93,73.2,18.7,3.1,0.4,0.7,0.0
TX-GOV,governor,TX,48317,236,1218,7,0,1461,-67.52,-76.16,55.9,1.4,40.5,0.2,0.4,0.0
TX-GOV,governor,TX,48319,376,1387,9,0,1772,-57.33,-65.42,77.5,0.1,19.7,0.0,0.0,0.0
TX-GOV,governor,TX,48321,2706,6570,47,0,9322,-41.66,-51.0,46.9,10.1,38.2,2.2,0.3,0.0
TX-GOV,governor,TX,48323,5457,5508,55,0,11021,-0.47,-18.6,3.0,0.3,94.8,0.4,1.3,0.0
TX-GOV,governor,TX,48325,5572,11581,86,0,17239,-35.03,-43.07,47.0,2.9,47.0,0.5,0.3,0.1
TX-GOV,governor,TX,48327,152,573,4,0,729,-58.18,-67.02,65.1,0.7,31.3,0.3,0.4,0.1
TX-GOV,governor,TX,48329,9742,31357,206,0,41305,-52.59,-61.06,48.3,6.3,40.0,2.2,0.4,0.1
TX-GOV,governor,TX,48331,1983,5752,39,0,7773,-48.74,-57.7,66.6,8.5,21.2,0.5,0.3,0.1
TX-GOV,governor,TX,48333,288,1624,10,0,1921,-69.9,-77.27,81.1,0.2,14.2,0.1,0.3,0.0
TX-GOV,governor,TX,48335,321,1431,9,0,1761,-63.37,-71.79,49.4,11.8,36.3,0.6,0.5,0.0
TX-GOV,governor,TX,48337,1143,6593,39,0,7775,-70.46,-78.1,84.5,0.2,9.5,0.5,0.8,0.0
TX-GOV,governor,TX,48339,65655,148451,1075,0,215182,-38.67,-45.91,63.7,5.3,23.3,3.5,0.3,0.1
TX-GOV,governor,TX,48341,783,2952,19,0,3754,-58.08,-67.66,34.4,3.3,55.5,3.9,0.5,0.0
TX-GOV,governor,TX,48343,1118,2677,19,0,3814,-41.07,-51.44,67.8,20.6,7.5,0.3,0.6,0.1
TX-GOV,governor,TX,48345,43,410,2,0,455,-80.81,-89.18,83.8,0.7,10.8,0.0,0.0,0.0
TX-GOV,governor,TX,48347,6204,11553,89,0,17846,-30.12,-39.13,61.7,15.6,17.9,1.2,0.3,0.0
TX-GOV,governor,TX,48349,3918,9926,70,0,13914,-43.39,-52.18,56.2,12.2,25.9,0.8,0.3,1.2
TX-GOV,governor,TX,48351,851,3158,20,0,4029,-57.56,-66.79,77.2,16.6,2.3,0.2,0.5,0.0
TX-GOV,governor,TX,48353,871,2699,18,0,3588,-51.2,-59.75,59.8,4.0,32.3,0.7,0.4,0.0
TX-GOV,governor,TX,48355,41608,43137,426,0,85171,-1.8,-11.58,32.9,3.8,58.4,2.3,0.3,0.1
TX-GOV,governor,TX,48357,272,1827,11,0,2109,-74.11,-82.02,47.0,0.2,49.9,0.3,0.4,0.0
TX-GOV,governor,TX,48359,79,600,3,0,682,-76.84,-84.73,79.9,0.5,15.1,0.7,0.3,0.0
TX-GOV,governor,TX,48361,5230,20125,127,0,25483,-58.74,-67.1,78.9,8.8,7.3,1.3,0.4,0.0
TX-GOV,governor,TX,48363,1886,7409,47,0,9342,-59.42,-67.62,76.5,1.9,16.7,0.8,0.6,0.0
TX-GOV,governor,TX,48365,1659,6314,40,0,8013,-58.38,-66.59,73.8,14.7,7.8,0.5,0.4,0.0
TX-GOV,governor,TX,48367,12883,50435,318,0,63636,-59.31,-66.97,82.1,1.1,11.2,0.7,0.6,0.1
TX-GOV,governor,TX,48369,343,1403,9,0,1754,-60.73,-70.45,36.2,0.7,62.0,0.2,0.2,0.0
TX-GOV,governor,TX,48371,956,1993,15,0,2964,-35.15,-45.34,25.7,4.2,67.7,0.9,0.2,0.0
TX-GOV,governor,TX,48373,4164,12766,85,0,17015,-50.81,-59.3,71.6,10.0,12.9,0.7,1.6,0.0
TX-GOV,governor,TX,48375,7126,15257,112,0,22495,-36.33,-44.9,47.1,9.8,34.4,4.7,0.6,0.0
TX-GOV,governor,TX,48377,972,415,7,0,1394,40.18,30.5,18.3,0.3,78.9,1.3,0.3,0.0
TX-GOV,governor,TX,48379,789,3781,23,0,4593,-65.46,-73.34,85.3,2.1,7.3,0.5,0.7,0.0
TX-GOV,governor,TX,48381,10797,35831,234,0,46863,-53.69,-60.95,71.6,3.1,19.3,1.9,0.6,0.0
TX-GOV,governor,TX,48383,127,535,3,0,665,-61.69,-70.03,32.7,1.3,63.0,0.7,0.2,0.0
TX-GOV,governor,TX,48385,273,1093,7,0,1373,-59.98,-67.53,74.8,0.5,21.1,0.4,0.4,0.0
TX-GOV,governor,TX,48387,952,3088,20,0,4060,-52.88,-61.87,75.3,15.0,5.1,0.5,0.8,0.0
TX-GOV,governor,TX,48389,913,1488,12,0,2413,-23.94,-37.24,12.4,1.6,83.8,1.2,0.2,0.0
TX-GOV,governor,TX,48391,748,1395,11,0,2153,-30.22,-39.8,45.7,6.0,46.0,0.4,0.2,0.0
TX-GOV,governor,TX,48393,29,370,2,0,401,-85.45,-92.95,88.8,0.3,4.6,0.0,0.3,0.0
TX-GOV,governor,TX,48395,1662,4033,29,0,5723,-41.64,-52.46,60.3,18.0,18.1,0.6,0.2,0.1
TX-GOV,governor,TX,48397,14412,29146,219,0,43777,-33.83,-41.29,68.3,7.2,16.8,3.2,0.5,0.1
TX-GOV,governor,TX,48399,434,2394,14,0,2842,-69.33,-77.58,65.1,1.5,29.9,0.3,0.4,0.1
TX-GOV,governor,TX,48401,3670,11460,76,0,15206,-51.49,-59.82,64.0,16.4,15.6,0.4,0.4,0.0
TX-GOV,governor,TX,48403,579,3311,20,0,3910,-70.21,-78.78,85.7,6.7,3.1,0.5,0.5,0.0
TX-GOV,governor,TX,48405,687,1925,13,0,2624,-47.42,-56.58,69.9,21.1,6.3,0.4,0.3,0.0
TX-GOV,governor,TX,48407,1909,7005,45,0,8959,-57.17,-65.75,73.3,7.9,14.4,0.3,0.5,0.0
TX-GOV,governor,TX,48409,6502,11319,90,0,17911,-27.03,-36.72,42.3,1.5,52.0,1.3,0.3,0.1
TX-GOV,governor,TX,48411,272,1618,9,0,1899,-71.24,-79.46,68.5,2.3,26.3,0.3,0.5,0.0
TX-GOV,governor,TX,48413,167,605,4,0,776,-56.76,-65.03,49.9,0.8,46.8,0.4,0.2,0.0
TX-GOV,governor,TX,48415,680,3315,20,0,4015,-65.96,-74.15,55.4,4.1,37.4,0.5,0.4,0.0
TX-GOV,governor,TX,48417,146,1059,6,0,1211,-75.74,-82.93,86.8,0.3,9.7,0.5,0.2,0.0
TX-GOV,governor,TX,48419,1528,5405,35,0,6969,-55.92,-64.85,63.6,15.8,16.4,1.4,0.3,0.1
TX-GOV,governor,TX,48421,76,550,3,0,629,-75.73,-84.22,53.7,0.3,42.6,0.1,0.3,0.0
TX-GOV,governor,TX,48423,22880,49719,365,0,72963,-36.97,-45.5,61.4,16.2,17.0,1.8,0.3,0.0
TX-GOV,governor,TX,48425,680,3021,19,0,3719,-63.26,-71.36,79.5,0.3,15.3,0.5,0.6,0.0
TX-GOV,governor,TX,48427,5774,5663,57,0,11494,0.97,-16.06,1.8,0.1,97.7,0.2,0.0,0.0
TX-GOV,governor,TX,48429,370,2256,13,0,2639,-71.84,-79.53,72.5,3.0,20.5,0.6,0.4,0.0
TX-GOV,governor,TX,48431,49,389,2,0,441,-77.59,-86.26,66.4,0.3,30.4,0.1,0.2,0.2
TX-GOV,governor,TX,48433,97,400,2,0,499,-61.16,-69.62,81.0,1.2,14.1,0.5,0.3,0.0
TX-GOV,governor,TX,48435,209,768,5,0,981,-57.24,-67.31,39.7,0.2,58.5,0.2,0.2,0.0
TX-GOV,governor,TX,48437,355,1225,8,0,1589,-55.04,-64.07,50.0,6.4,40.9,0.2,0.3,0.0
TX-GOV,governor,TX,48439,295222,278153,2882,0,576256,2.98,-5.19,46.9,16.4,26.3,6.3,0.4,0.2
TX-GOV,governor,TX,48441,11149,27469,194,0,38812,-42.26,-50.3,65.0,7.4,21.1,2.1,0.5,0.1
TX-GOV,governor,TX,48443,78,204,1,0,284,-44.65,-55.06,50.5,1.3,45.1,0.0,0.0,0.0
TX-GOV,governor,TX,48445,530,1858,12,0,2400,-55.62,-65.49,41.9,4.0,51.9,0.4,0.3,0.0
TX-GOV,governor,TX,48447,77,550,3,0,631,-75.37,-83.71,88.9,0.0,8.2,0.3,0.3,0.0
TX-GOV,governor,TX,48449,1963,5165,36,0,7164,-44.92,-55.11,48.4,9.8,38.1,0.8,0.4,0.0
TX-GOV,governor,TX,48451,9430,22248,159,0,31838,-40.46,-48.49,55.6,3.5,35.6,1.5,0.3,0.1
TX-GOV,governor,TX,48453,302273,104148,2044,0,408465,48.75,40.05,50.8,7.5,29.7,7.9,0.2,0.1
TX-GOV,governor,TX,48455,1068,4059,26,0,5153,-58.34,-67.4,80.3,7.8,7.6,0.3,0.3,0.0
TX-GOV,governor,TX,48457,1165,5554,34,0,6752,-65.32,-73.86,77.8,10.7,7.3,0.5,0.5,0.0
TX-GOV,governor,TX,48459,2541,11322,70,0,13932,-63.34,-71.46,79.0,7.4,7.6,0.5,0.7,0.0
TX-GOV,governor,TX,48461,146,762,5,0,913,-67.77,-77.45,43.6,2.1,50.1,0.2,0.3,0.0
TX-GOV,governor,TX,48463,2650,4157,34,0,6842,-22.14,-33.65,30.1,0.5,67.2,0.7,0.1,0.0
TX-GOV,governor,TX,48465,4389,5790,51,0,10230,-13.76,-26.86,19.1,1.3,77.5,0.8,0.1,0.1
TX-GOV,governor,TX,48467,3209,16275,98,0,19582,-67.06,-75.18,83.2,2.5,9.7,0.5,0.6,0.1
TX-GOV,governor,TX,48469,8063,16537,124,0,24724,-34.45,-42.88,47.0,5.9,43.1,1.6,0.2,0.0
TX-GOV,governor,TX,48471,6053,11488,88,0,17629,-30.98,-40.25,53.4,21.5,20.7,1.5,0.3,0.1
TX-GOV,governor,TX,48473,7835,11365,96,0,19296,-18.38,-25.29,43.3,24.2,28.0,1.4,0.4,0.0
TX-GOV,governor,TX,48475,563,2061,13,0,2637,-57.1,-66.49,41.9,3.6,51.5,0.5,0.3,0.0
TX-GOV,governor,TX,48477,3400,9329,64,0,12793,-46.58,-55.11,65.5,15.4,14.6,1.5,0.2,0.0
TX-GOV,governor,TX,48479,26197,19757,231,0,46184,14.01,-2.14,3.9,0.4,94.8,0.6,0.1,0.0
TX-GOV,governor,TX,48481,3313,8166,58,0,11536,-42.28,-52.17,47.9,13.3,36.5,0.4,0.2,0.0
TX-GOV,governor,TX,48483,179,1406,8,0,1593,-77.39,-85.06,75.1,1.4,19.6,0.6,0.7,0.1
TX-GOV,governor,TX,48485,9774,21255,156,0,31185,-37.0,-44.45,64.9,10.3,17.4,2.1,0.8,0.1
TX-GOV,governor,TX,48487,735,2378,16,0,3129,-52.78,-61.14,59.4,8.5,24.9,3.8,0.8,0.0
TX-GOV,governor,TX,48489,2130,1744,19,0,3893,9.97,-3.31,10.2,2.8,85.2,1.0,0.3,0.0
TX-GOV,governor,TX,48491,113287,102260,1083,0,216631,5.12,-2.49,59.0,6.3,21.7,8.5,0.3,0.1
TX-GOV,governor,TX,48493,5222,13818,96,0,19135,-45.15,-53.97,58.8,1.6,35.9,0.5,0.3,0.0
TX-GOV,governor,TX,48495,263,1085,7,0,1354,-61.03,-70.66,38.4,2.0,57.0,1.0,0.4,0.0
TX-GOV,governor,TX,48497,4967,21691,134,0,26792,-62.73,-70.49,76.8,1.0,17.0,0.6,0.7,0.0
TX-GOV,governor,TX,48499,3192,13806,85,0,17084,-62.44,-70.15,82.4,3.8,9.0,0.5,0.5,0.0
TX-GOV,governor,TX,48501,315,1356,8,0,1679,-62.34,-71.27,36.1,0.7,60.8,0.5,0.3,0.0
TX-GOV,governor,TX,48503,906,4890,29,0,5825,-68.75,-76.71,78.8,1.0,16.1,0.5,0.5,0.0
TX-GOV,governor,TX,48505,1564,1829,17,0,3410,-7.83,-22.55,7.2,0.1,92.1,0.1,0.1,0.0
TX-GOV,governor,TX,48507,1559,871,12,0,2442,28.34,14.55,6.4,0.7,92.2,0.3,0.2,0.0
VT-GOV,governor,VT,50001,6837,8695,304,0,15837,-11.96,37.02,90.0,0.9,3.0,1.7,0.2,0.0
VT-GOV,governor,VT,50003,5295,8924,278,0,14497,-25.53,23.12,91.9,1.0,2.1,1.1,0.2,0.0
VT-GOV,governor,VT,50005,3624,7799,224,0,11647,-36.55,12.89,91.9,0.6,1.7,1.0,0.3,0.1
VT-GOV,governor,VT,50007,35216,31593,1308,0,68116,5.42,55.26,86.8,2.3,2.6,4.1,0.2,0.0
VT-GOV,governor,VT,50009,403,1948,46,0,2398,-65.69,-16.88,94.3,0.2,0.8,0.3,0.3,0.0
VT-GOV,governor,VT,50011,5016,13346,359,0,18721,-45.36,3.07,91.5,0.6,1.6,0.6,1.0,0.0
VT-GOV,governor,VT,50013,1237,2197,67,0,3501,-27.97,21.66,92.9,0.5,1.3,0.4,0.6,0.0
VT-GOV,governor,VT,50015,4489,5702,200,0,10391,-11.91,36.96,91.9,0.9,2.1,0.6,0.4,0.0
VT-GOV,governor,VT,50017,4368,7762,237,0,12367,-27.98,20.93,92.6,0.5,1.4,0.6,0.4,0.0
VT-GOV,governor,VT,50019,2539,7599,198,0,10336,-49.92,-1.59,93.1,0.4,1.4,0.5,0.7,0.0
VT-GOV,governor,VT,50021,6643,16771,458,0,23873,-43.26,5.43,92.0,0.8,1.8,0.8,0.2,0.0
VT-GOV,governor,VT,50023,11589,12694,475,0,24758,-4.55,44.9,91.0,1.0,2.3,1.0,0.2,0.0
VT-GOV,governor,VT,50025,8503,9301,349,0,18153,-4.48,44.2,90.8,1.0,2.4,1.1,0.2,0.0
VT-GOV,governor,VT,50027,10305,13237,461,0,24002,-12.45,36.67,92.2,0.7,1.7,1.0,0.2,0.0
WI-GOV,governor,WI,55001,3512,5506,0,0,9018,-22.11,-27.2,89.8,3.2,3.1,0.4,0.9,0.0
WI-GOV,governor,WI,55003,3479,2790,0,0,6268,10.99,4.78,81.9,0.7,1.7,0.6,11.1,0.1
WI-GOV,governor,WI,55005,7055,11714,0,0,18769,-24.83,-30.33,91.9,1.5,2.1,0.8,0.8,0.0
WI-GOV,governor,WI,55007,4573,3295,0,0,7868,16.24,11.37,85.7,0.2,1.2,0.2,8.6,0.0
WI-GOV,governor,WI,55009,50538,53998,0,0,104537,-3.31,-7.61,81.6,2.7,7.8,2.8,2.2,0.0
WI-GOV,governor,WI,55011,2135,3536,0,0,5671,-24.7,-30.68,95.4,0.3,1.8,0.2,0.2,0.1
WI-GOV,governor,WI,55013,2793,4775,0,0,7568,-26.2,-31.32,90.9,0.4,1.1,0.3,3.5,0.1
WI-GOV,governor,WI,55015,9696,13347,0,0,23043,-15.85,-20.24,90.3,0.7,4.2,2.2,0.4,0.1
WI-GOV,governor,WI,55017,11037,15896,0,0,26932,-18.04,-23.24,92.3,1.7,1.6,1.2,0.5,0.0
WI-GOV,governor,WI,55019,3517,7223,0,0,10740,-34.51,-39.84,92.5,0.2,4.9,0.3,0.4,0.0
WI-GOV,governor,WI,55021,12294,12146,0,0,24440,0.61,-4.65,91.9,1.6,2.9,0.6,0.4,0.0
WI-GOV,governor,WI,55023,2941,3433,0,0,6374,-7.72,-13.96,93.3,2.0,1.6,0.3,0.3,0.0
WI-GOV,governor,WI,55025,201106,54983,0,0,256090,57.06,52.45,79.0,4.6,6.2,6.4,0.2,0.0
WI-GOV,governor,WI,55027,12620,22595,0,0,35215,-28.33,-33.38,88.5,3.4,4.9,0.6,0.4,0.0
WI-GOV,governor,WI,55029,7787,6873,0,0,14661,6.24,2.26,93.4,0.4,2.8,0.4,0.4,0.0
WI-GOV,governor,WI,55031,9791,7872,0,0,17663,10.87,5.41,90.8,1.1,1.3,0.6,1.7,0.0
WI-GOV,governor,WI,55033,8007,9968,0,0,17976,-10.91,-16.09,91.5,0.8,1.8,2.8,0.3,0.0
WI-GOV,governor,WI,55035,25454,18768,0,0,44222,15.12,10.74,89.6,1.0,2.3,3.6,0.4,0.1
WI-GOV,governor,WI,55037,611,1600,0,0,2211,-44.76,-50.11,96.1,0.2,0.9,0.1,0.6,0.0
WI-GOV,governor,WI,55039,15558,25416,0,0,40974,-24.06,-29.04,89.1,1.9,5.2,1.1,0.4,0.0
WI-GOV,governor,WI,55041,1281,2287,0,0,3568,-28.19,-33.6,85.1,0.3,1.0,0.2,10.3,0.1
WI-GOV,governor,WI,55043,8388,10728,0,0,19116,-12.24,-18.43,93.8,1.3,2.1,0.8,0.2,0.0
WI-GOV,governor,WI,55045,8151,7302,0,0,15453,5.5,0.28,93.3,0.4,3.0,0.5,0.2,0.0
WI-GOV,governor,WI,55047,2617,5120,0,0,7738,-32.35,-36.76,92.6,0.5,3.9,0.5,0.2,0.0
WI-GOV,governor,WI,55049,5858,4416,0,0,10273,14.04,7.78,94.7,0.4,1.6,0.7,0.1,0.1
WI-GOV,governor,WI,55051,1128,1731,0,0,2859,-21.09,-26.46,95.6,0.2,0.8,0.2,1.0,0.0
WI-GOV,governor,WI,55053,3166,4186,0,0,7352,-13.88,-19.76,86.5,2.4,2.7,0.4,5.2,0.0
WI-GOV,governor,WI,55055,15461,19643,0,0,35105,-11.91,-16.61,88.9,0.9,6.5,0.8,0.2,0.0
WI-GOV,governor,WI,55057,3716,6473,0,0,10189,-27.06,-32.48,90.9,2.4,2.2,0.5,1.3,0.0
WI-GOV,governor,WI,55059,31489,31989,0,0,63477,-0.79,-6.33,76.2,6.2,12.0,1.7,0.2,0.0
WI-GOV,governor,WI,55061,3100,5640,0,0,8740,-29.06,-34.14,94.1,0.3,3.0,0.3,0.3,0.0
WI-GOV,governor,WI,55063,29043,21537,0,0,50580,14.84,9.49,89.5,1.4,2.2,3.9,0.3,0.0
WI-GOV,governor,WI,55065,2660,3523,0,0,6183,-13.96,-20.48,92.3,0.2,5.3,0.3,0.1,0.0
WI-GOV,governor,WI,55067,2860,5306,0,0,8166,-29.95,-35.01,94.0,0.3,1.6,0.3,1.1,0.0
WI-GOV,governor,WI,55069,4801,7247,0,0,12048,-20.3,-25.54,95.6,0.2,1.4,0.4,0.3,0.0
WI-GOV,governor,WI,55071,13119,19306,0,0,32425,-19.08,-23.69,90.1,1.0,3.7,2.3,0.4,0.0
WI-GOV,governor,WI,55073,23656,31527,0,0,55183,-14.26,-18.89,89.0,0.7,2.4,4.9,0.4,0.0
WI-GOV,governor,WI,55075,5728,11365,0,0,17093,-32.98,-38.43,93.7,0.4,2.1,0.4,0.5,0.0
WI-GOV,governor,WI,55077,2485,4115,0,0,6600,-24.71,-30.01,94.3,0.3,2.2,0.3,0.4,0.0
WI-GOV,governor,WI,55078,918,182,0,0,1100,66.83,62.1,16.1,0.1,2.8,0.1,78.9,0.0
WI-GOV,governor,WI,55079,233882,90934,0,0,324816,44.01,39.24,54.4,23.4,13.9,4.5,0.4,0.0
WI-GOV,governor,WI,55081,6443,9917,0,0,16360,-21.23,-26.42,90.1,1.3,4.2,0.8,1.0,0.1
WI-GOV,governor,WI,55083,5391,12050,0,0,17442,-38.18,-43.45,94.1,0.2,1.6,0.3,1.1,0.0
WI-GOV,governor,WI,55085,7586,9842,0,0,17428,-12.95,-17.83,94.4,0.5,1.2,0.5,1.0,0.0
WI-GOV,governor,WI,55087,36835,41521,0,0,78356,-5.98,-10.33,87.6,1.4,3.9,3.0,1.4,0.1
WI-GOV,governor,WI,55089,20640,23793,0,0,44433,-7.1,-10.63,90.8,1.5,2.6,2.4,0.2,0.0
WI-GOV,governor,WI,55091,1157,1892,0,0,3048,-24.11,-29.51,94.4,0.3,1.7,0.3,0.5,0.0
WI-GOV,governor,WI,55093,7835,9940,0,0,17776,-11.84,-17.27,92.3,0.9,2.5,0.7,0.5,0.0
WI-GOV,governor,WI,55095,7309,12450,0,0,19758,-26.02,-31.33,94.2,0.3,1.7,0.4,0.7,0.0
WI-GOV,governor,WI,55097,16080,14200,0,0,30280,6.21,1.21,90.2,1.2,3.0,2.9,0.4,0.0
WI-GOV,governor,WI,55099,2297,3903,0,0,6200,-25.92,-31.46,94.7,0.2,0.9,0.5,0.5,0.6
WI-GOV,governor,WI,55101,37237,38145,0,0,75382,-1.2,-6.25,73.2,10.5,11.4,1.2,0.3,0.0
WI-GOV,governor,WI,55103,3015,3511,0,0,6526,-7.6,-13.29,94.1,0.3,2.3,0.5,0.2,0.0
WI-GOV,governor,WI,55105,34897,26918,0,0,61815,12.91,7.4,83.0,4.5,7.6,1.3,0.3,0.0
WI-GOV,governor,WI,55107,1936,3854,0,0,5790,-33.13,-38.45,94.4,0.3,1.5,0.3,0.4,0.0
WI-GOV,governor,WI,55109,18142,24311,0,0,42453,-14.53,-19.64,92.7,0.6,2.3,1.1,0.3,0.0
WI-GOV,governor,WI,55111,13621,12688,0,0,26309,3.55,-1.69,90.0,0.8,5.1,0.6,1.0,0.0
WI-GOV,governor,WI,55113,3443,4355,0,0,7799,-11.69,-16.54,80.5,0.5,1.5,0.3,13.3,0.0
WI-GOV,governor,WI,55115,5596,10856,0,0,16453,-31.97,-36.72,86.8,0.2,2.2,0.4,7.3,0.0
WI-GOV,governor,WI,55117,20805,26492,0,0,47297,-12.02,-16.58,84.9,1.9,5.8,4.7,0.3,0.0
WI-GOV,governor,WI,55119,2195,5637,0,0,7832,-43.96,-48.82,95.2,0.3,2.2,0.4,0.2,0.0
WI-GOV,governor,WI,55121,4747,6510,0,0,11256,-15.66,-21.68,88.2,0.2,9.3,0.3,0.2,0.0
WI-GOV,governor,WI,55123,5662,5965,0,0,11627,-2.6,-7.92,95.5,0.4,1.3,0.3,0.2,0.0
WI-GOV,governor,WI,55125,4587,6708,0,0,11296,-18.78,-23.3,88.2,0.2,1.4,0.2,7.2,0.0
WI-GOV,governor,WI,55127,17532,24890,0,0,42422,-17.34,-22.49,85.6,1.0,9.5,1.0,0.2,0.0
WI-GOV,governor,WI,55129,2960,4726,0,0,7686,-22.97,-28.58,93.8,0.1,1.3,0.4,1.0,0.0
WI-GOV,governor,WI,55131,21451,42544,0,0,63995,-32.96,-36.73,92.4,1.0,2.8,1.3,0.2,0.0
WI-GOV,governor,WI,55133,80789,112280,0,0,193068,-16.31,-20.02,88.1,1.4,4.3,3.5,0.2,0.0
WI-GOV,governor,WI,55135,7578,13707,0,0,21285,-28.79,-33.77,93.6,0.4,2.8,0.5,0.5,0.0
WI-GOV,governor,WI,55137,3483,6573,0,0,10056,-30.73,-35.6,89.4,1.8,5.4,0.4,0.5,0.0
WI-GOV,governor,WI,55139,33254,33507,0,0,66761,-0.38,-4.82,87.4,2.6,3.9,2.9,0.6,0.0
WI-GOV,governor,WI,55141,12480,17074,0,0,29554,-15.54,-20.19,92.5,0.6,2.4,1.6,0.7,0.0
WY-GOV,governor,WY,56001,6337,5683,489,0,12509,5.44,-3.23,81.6,1.0,9.3,2.8,0.7,0.1
WY-GOV,governor,WY,56003,667,3203,157,0,4027,-65.55,-73.58,88.0,0.1,7.4,0.4,0.8,0.1
WY-GOV,governor,WY,56005,1802,10539,502,0,12843,-70.79,-77.75,86.5,0.5,7.5,0.7,1.0,0.1
WY-GOV,governor,WY,56007,1065,3232,175,0,4471,-50.43,-59.07,78.3,1.0,15.8,0.7,1.1,0.1
WY-GOV,governor,WY,56009,749,3785,184,0,4719,-66.97,-74.4,89.0,0.2,6.5,0.5,0.5,0.0
WY-GOV,governor,WY,56011,407,2516,119,0,3042,-72.17,-79.14,94.3,0.0,1.6,0.2,0.6,0.0
WY-GOV,governor,WY,56013,4021,7585,472,0,12078,-30.71,-38.09,72.7,0.5,5.2,0.6,16.6,0.0
WY-GOV,governor,WY,56015,954,3199,169,0,4322,-54.06,-61.78,87.2,0.7,8.4,0.4,0.7,0.0
WY-GOV,governor,WY,56017,402,1361,72,0,1834,-54.4,-62.02,91.2,0.2,2.7,0.5,0.8,0.0
WY-GOV,governor,WY,56019,712,2583,134,0,3429,-56.79,-64.58,91.7,0.2,3.3,0.2,0.7,0.1
WY-GOV,governor,WY,56021,10956,18206,1187,0,30349,-24.86,-32.95,77.8,2.3,13.3,1.3,0.6,0.1
WY-GOV,governor,WY,56023,1388,5904,297,0,7590,-61.92,-69.32,91.6,0.1,4.3,0.5,0.5,0.1
WY-GOV,governor,WY,56025,6587,16230,928,0,23745,-42.27,-49.48,85.8,0.9,7.4,0.8,0.9,0.1
WY-GOV,governor,WY,56027,113,717,34,0,864,-72.79,-81.64,92.5,0.2,2.8,0.3,1.3,0.2
WY-GOV,governor,WY,56029,2691,8561,458,0,11710,-52.18,-60.09,90.4,0.2,4.7,0.7,0.4,0.0
WY-GOV,governor,WY,56031,673,2533,130,0,3336,-58.0,-66.48,88.8,0.0,6.7,0.5,0.8,0.1
WY-GOV,governor,WY,56033,3139,7910,450,0,11498,-43.18,-50.88,90.4,0.3,3.7,0.6,1.0,0.1
WY-GOV,governor,WY,56035,747,2565,135,0,3447,-54.88,-61.87,89.3,0.2,5.8,0.5,0.4,0.2
WY-GOV,governor,WY,56037,3012,8221,457,0,11689,-46.38,-54.14,79.3,0.8,14.2,0.8,0.6,0.1
WY-GOV,governor,WY,56039,6414,2515,364,0,9293,43.66,35.82,83.5,0.2,11.5,1.3,0.3,0.0
WY-GOV,governor,WY,56041,1309,4806,249,0,6363,-57.19,-64.7,87.2,0.2,8.3,0.5,0.6,0.1
WY-GOV,governor,WY,56043,547,2061,106,0,2714,-58.05,-65.3,84.2,0.1,11.3,0.5,0.5,0.0
WY-GOV,governor,WY,56045,345,2018,96,0,2459,-70.8,-78.07,90.7,0.4,4.0,0.4,1.4,0.1
AK-SEN,senate,AK,02013,139,195,0,9,342,-16.61,-31.7,20.3,9.5,21.1,24.4,19.4,0.9
AK-SEN,senate,AK,02016,498,319,0,21,838,21.86,6.77,32.6,5.6,12.7,29.8,12.0,4.3
AK-SEN,senate,AK,02020,53024,40011,0,2385,95420,13.99,-1.1,58.5,4.8,8.0,9.3,7.6,2.8
AK-SEN,senate,AK,02050,2359,964,0,85,3408,41.97,26.88,11.5,0.6,1.2,1.5,80.7,0.0
AK-SEN,senate,AK,02060,140,172,0,8,319,-10.35,-25.44,49.1,0.5,3.8,0.8,32.8,0.5
AK-SEN,senate,AK,02063,1213,1138,0,60,2412,3.19,-11.9,70.2,0.8,4.7,7.4,9.1,0.8
AK-SEN,senate,AK,02066,412,721,0,29,1163,-27.23,-42.32,65.8,0.2,2.4,0.8,22.2,0.4
AK-SEN,senate,AK,02068,459,403,0,22,883,6.53,-8.56,86.8,0.6,2.2,1.0,4.1,0.0
AK-SEN,senate,AK,02070,679,463,0,29,1171,18.86,3.77,19.3,0.6,2.6,1.1,67.9,0.2
AK-SEN,senate,AK,02090,14102,15160,0,750,30012,-3.62,-18.71,68.9,4.2,6.9,3.5,7.1,0.6
AK-SEN,senate,AK,02100,700,399,0,28,1127,27.39,12.3,78.4,0.1,3.3,0.8,9.7,0.1
AK-SEN,senate,AK,02105,680,220,0,23,923,51.1,36.01,51.3,0.3,3.6,0.8,35.9,0.2
AK-SEN,senate,AK,02110,8351,3701,0,309,12361,38.58,23.49,65.0,1.1,5.5,6.7,10.1,1.3
AK-SEN,senate,AK,02122,8657,13213,0,561,22430,-20.83,-35.92,79.9,0.7,3.3,1.5,6.8,0.3
AK-SEN,senate,AK,02130,2218,2480,0,120,4819,-5.57,-20.66,62.6,0.7,3.9,8.3,15.2,0.2
AK-SEN,senate,AK,02150,1721,2151,0,99,3972,-11.1,-26.19,50.9,0.7,6.9,21.8,12.5,0.8
AK-SEN,senate,AK,02158,873,313,0,30,1217,47.2,32.11,3.2,0.3,0.2,0.4,93.8,0.0
AK-SEN,senate,AK,02164,276,138,0,11,425,33.38,18.29,23.9,0.1,2.0,0.5,66.7,0.0
AK-SEN,senate,AK,02170,10725,24034,0,891,35650,-38.29,-53.38,78.8,1.1,3.9,1.5,6.0,0.4
AK-SEN,senate,AK,02180,1608,746,0,60,2415,36.6,21.51,17.6,0.6,1.8,1.3,71.6,0.1
AK-SEN,senate,AK,02185,824,709,0,39,1572,7.52,-7.57,34.6,1.9,5.8,6.0,44.4,2.9
AK-SEN,senate,AK,02188,846,455,0,33,1335,30.04,14.94,12.1,1.3,1.4,1.1,79.5,0.2
AK-SEN,senate,AK,02195,579,703,0,33,1314,-9.68,-24.77,75.6,1.3,3.8,3.7,5.9,0.4
AK-SEN,senate,AK,02198,1022,941,0,50,2014,4.14,-10.95,46.6,0.5,2.1,0.4,40.8,0.4
AK-SEN,senate,AK,02220,2057,1104,0,81,3242,30.14,15.05,63.4,0.5,5.2,7.2,13.7,0.2
AK-SEN,senate,AK,02230,427,96,0,13,536,63.39,48.3,86.9,0.4,3.3,2.8,2.1,0.0
AK-SEN,senate,AK,02240,623,1735,0,60,2418,-47.17,-62.26,75.8,1.1,4.9,1.4,10.8,0.2
AK-SEN,senate,AK,02275,338,494,0,21,853,-18.74,-33.83,67.9,0.0,2.9,1.2,16.3,0.1
AK-SEN,senate,AK,02282,123,80,0,5,209,21.13,6.04,42.3,0.4,3.4,6.0,36.1,0.2
AK-SEN,senate,AK,02290,1086,518,0,41,1646,35.38,20.29,23.8,0.1,0.9,0.2,69.3,0.1
AL-SEN,senate,AL,01001,6250,13549,0,0,19799,-36.87,-46.72,72.8,18.7,3.0,1.4,0.3,0.0
AL-SEN,senate,AL,01003,22189,63405,0,0,85594,-48.15,-58.7,82.7,7.4,4.5,0.9,0.6,0.0
AL-SEN,senate,AL,01005,3344,3553,0,0,6898,-3.04,-14.83,47.0,45.8,4.6,0.4,0.2,0.0
AL-SEN,senate,AL,01007,1519,4962,0,0,6482,-53.12,-64.77,74.5,20.2,2.6,0.1,0.2,0.1
AL-SEN,senate,AL,01009,2802,16921,0,0,19723,-71.59,-81.55,86.5,1.4,7.8,0.3,0.3,0.0
AL-SEN,senate,AL,01011,2258,618,0,0,2876,57.05,46.08,24.8,70.4,3.3,0.1,0.0,0.0
AL-SEN,senate,AL,01013,2640,3295,0,0,5936,-11.04,-22.81,53.4,42.3,1.2,0.8,0.2,0.0
AL-SEN,senate,AL,01015,11224,22837,0,0,34061,-34.1,-45.15,70.2,21.4,3.5,1.1,0.4,0.1
AL-SEN,senate,AL,01017,4407,5564,0,0,9971,-11.6,-23.42,55.6,37.7,3.0,1.2,0.2,0.0
AL-SEN,senate,AL,01019,1585,7523,0,0,9108,-65.19,-75.94,91.2,4.1,1.2,0.2,0.4,0.0
AL-SEN,senate,AL,01021,2668,11170,0,0,13839,-61.44,-72.49,80.0,8.9,8.0,0.4,0.3,0.0
AL-SEN,senate,AL,01023,2052,2607,0,0,4659,-11.93,-24.0,56.0,41.3,0.7,0.1,0.1,0.0
AL-SEN,senate,AL,01025,3938,4432,0,0,8370,-5.9,-17.14,53.7,43.1,0.7,0.4,0.3,0.0
AL-SEN,senate,AL,01027,980,3759,0,0,4738,-58.65,-70.48,80.9,13.5,2.5,0.3,0.3,0.0
AL-SEN,senate,AL,01029,717,4641,0,0,5358,-73.25,-84.06,92.0,3.1,1.6,0.2,0.3,0.0
AL-SEN,senate,AL,01031,4090,11536,0,0,15627,-47.65,-58.35,69.7,16.1,7.3,1.8,0.8,0.1
AL-SEN,senate,AL,01033,6170,12844,0,0,19014,-35.1,-46.84,77.4,15.8,2.4,0.7,0.4,0.0
AL-SEN,senate,AL,01035,2068,2168,0,0,4235,-2.36,-14.04,52.5,42.6,1.7,0.4,0.6,0.0
AL-SEN,senate,AL,01037,1272,2416,0,0,3688,-31.03,-43.54,66.9,28.6,1.3,0.1,0.3,0.0
AL-SEN,senate,AL,01039,2281,9689,0,0,11971,-61.89,-72.76,83.1,11.8,1.4,0.6,0.4,0.0
AL-SEN,senate,AL,01041,1290,3251,0,0,4541,-43.17,-54.87,72.2,23.1,1.1,0.6,0.4,0.0
AL-SEN,senate,AL,01043,4444,25771,0,0,30215,-70.58,-81.1,90.5,1.1,3.7,0.6,0.4,0.1
AL-SEN,senate,AL,01045,3904,9495,0,0,13400,-41.72,-52.7,68.9,19.5,5.5,1.5,0.5,0.1
AL-SEN,senate,AL,01047,7824,3053,0,0,10877,43.86,32.71,29.2,67.7,0.7,0.4,0.1,0.0
AL-SEN,senate,AL,01049,3780,16989,0,0,20769,-63.6,-74.43,80.5,1.5,12.2,0.3,1.0,0.0
AL-SEN,senate,AL,01051,8447,20695,0,0,29142,-42.03,-52.49,72.9,20.2,2.6,0.8,0.3,0.0
AL-SEN,senate,AL,01053,3433,7038,0,0,10471,-34.43,-46.61,61.8,29.6,1.6,0.3,3.7,0.1
AL-SEN,senate,AL,01055,8893,23409,0,0,32303,-44.94,-56.1,77.4,14.1,3.6,0.9,0.4,0.0
AL-SEN,senate,AL,01057,1133,4723,0,0,5856,-61.31,-72.46,84.5,10.4,1.9,0.3,0.3,0.0
AL-SEN,senate,AL,01059,1618,6853,0,0,8471,-61.8,-73.83,77.8,3.8,15.6,0.2,0.4,0.0
AL-SEN,senate,AL,01061,1446,7238,0,0,8684,-66.69,-77.42,83.1,8.5,3.8,0.4,0.6,0.0
AL-SEN,senate,AL,01063,2371,454,0,0,2825,67.84,55.95,18.1,78.9,0.8,0.1,0.1,0.0
AL-SEN,senate,AL,01065,3063,2049,0,0,5112,19.83,6.9,41.7,55.3,0.8,0.1,0.2,0.0
AL-SEN,senate,AL,01067,1984,4541,0,0,6525,-39.2,-51.08,69.8,25.1,1.6,0.4,0.3,0.0
AL-SEN,senate,AL,01069,9707,21342,0,0,31049,-37.48,-48.19,66.9,24.6,3.5,1.2,0.3,0.1
AL-SEN,senate,AL,01071,3234,13261,0,0,16495,-60.79,-71.94,87.3,3.1,2.5,0.4,1.3,0.0
AL-SEN,senate,AL,01073,126144,82878,0,0,209022,20.7,10.57,50.4,40.4,4.3,2.0,0.2,0.0
AL-SEN,senate,AL,01075,835,3989,0,0,4825,-65.37,-76.43,86.3,10.4,1.2,0.0,0.2,0.0
AL-SEN,senate,AL,01077,9069,21482,0,0,30551,-40.63,-52.01,83.5,9.4,2.7,0.8,0.3,0.0
AL-SEN,senate,AL,01079,2791,8497,0,0,11288,-50.55,-62.73,76.1,10.5,2.2,0.2,4.1,0.0
AL-SEN,senate,AL,01081,21336,29852,0,0,51187,-16.64,-28.16,64.8,22.1,4.5,5.0,0.2,0.1
AL-SEN,senate,AL,01083,12233,25331,0,0,37564,-34.87,-44.44,75.4,13.1,5.4,1.7,0.5,0.1
AL-SEN,senate,AL,01085,2959,997,0,0,3956,49.6,37.49,29.3,67.3,1.2,0.2,0.1,0.0
AL-SEN,senate,AL,01087,4625,855,0,0,5480,68.79,56.68,16.6,78.9,1.7,0.4,0.2,0.0
AL-SEN,senate,AL,01089,69354,68955,0,0,138308,0.29,-9.11,63.7,23.0,5.3,2.7,0.5,0.1
AL-SEN,senate,AL,01091,3643,3133,0,0,6776,7.52,-3.78,45.3,51.1,1.7,0.3,0.0,0.0
AL-SEN,senate,AL,01093,1361,8123,0,0,9484,-71.3,-82.19,90.4,3.8,2.2,0.2,0.3,0.1
AL-SEN,senate,AL,01095,5402,22880,0,0,28281,-61.8,-72.23,80.9,2.3,12.0,0.6,0.4,0.1
AL-SEN,senate,AL,01097,57787,64813,0,0,122600,-5.73,-16.61,57.4,33.4,2.9,2.1,0.9,0.0
AL-SEN,senate,AL,01099,3041,3829,0,0,6870,-11.46,-23.26,54.2,40.6,0.8,0.4,1.4,0.0
AL-SEN,senate,AL,01101,44221,18606,0,0,62827,40.77,31.07,35.2,54.9,3.8,3.5,0.2,0.0
AL-SEN,senate,AL,01103,10666,26594,0,0,37260,-42.75,-53.13,74.9,12.0,7.8,0.7,0.6,0.1
AL-SEN,senate,AL,01105,2405,719,0,0,3124,53.99,42.88,30.4,66.9,0.9,0.1,0.2,0.0
AL-SEN,senate,AL,01107,2752,3486,0,0,6238,-11.77,-23.46,54.3,37.4,5.9,0.4,0.1,0.0
AL-SEN,senate,AL,01109,3994,5269,0,0,9263,-13.77,-25.34,56.9,35.4,2.3,1.8,0.5,0.0
AL-SEN,senate,AL,01111,1810,5956,0,0,7766,-53.38,-65.16,77.7,17.0,1.9,0.4,0.3,0.0
AL-SEN,senate,AL,01113,8148,6350,0,0,14499,12.4,1.68,48.4,42.6,4.4,0.8,0.3,0.2
AL-SEN,senate,AL,01115,6838,23639,0,0,30477,-55.12,-64.58,83.5,9.4,2.3,0.7,0.3,0.0
AL-SEN,senate,AL,01117,27215,53082,0,0,80297,-32.21,-41.31,75.4,12.5,6.1,2.3,0.2,0.0
AL-SEN,senate,AL,01119,2845,867,0,0,3713,53.27,41.45,25.5,70.8,1.1,1.0,0.2,0.0
AL-SEN,senate,AL,01121,9073,14203,0,0,23275,-22.04,-33.95,63.6,31.2,1.8,0.5,0.3,0.0
AL-SEN,senate,AL,01123,4320,9698,0,0,14018,-38.37,-49.9,70.9,23.7,2.1,0.6,0.2,0.0
AL-SEN,senate,AL,01125,26937,32737,0,0,59674,-9.72,-20.59,62.1,28.6,4.8,1.5,0.2,0.0
AL-SEN,senate,AL,01127,4019,16842,0,0,20862,-61.47,-72.26,87.7,5.8,2.6,0.4,0.3,0.0
AL-SEN,senate,AL,01129,1665,4245,0,0,5910,-43.65,-55.63,67.7,21.9,0.8,0.1,6.8,0.0
AL-SEN,senate,AL,01131,2639,1043,0,0,3682,43.37,31.59,29.6,67.8,1.0,0.1,0.1,0.1
AL-SEN,senate,AL,01133,1024,6784,0,0,7808,-73.77,-84.04,93.0,0.6,2.5,0.2,0.4,0.0
AR-SEN,senate,AR,05001,1313,2492,136,0,3941,-30.98,-44.88,70.2,23.0,2.9,0.6,0.2,0.0
AR-SEN,senate,AR,05003,1569,3254,172,0,4994,-34.94,-48.72,68.7,23.9,4.7,0.2,0.2,0.0
AR-SEN,senate,AR,05005,3962,10414,512,0,14888,-44.89,-57.84,92.4,0.2,2.0,0.6,0.5,0.0
AR-SEN,senate,AR,05007,36992,51165,3141,0,91298,-16.08,-27.69,71.1,1.5,15.4,4.8,1.3,0.7
AR-SEN,senate,AR,05009,2760,8980,418,0,12159,-52.98,-66.07,91.3,0.2,2.1,0.7,0.7,0.1
AR-SEN,senate,AR,05011,829,1372,78,0,2280,-24.69,-39.45,57.8,27.6,12.0,0.3,0.3,0.0
AR-SEN,senate,AR,05013,375,1060,51,0,1486,-47.76,-63.08,74.7,19.9,1.9,0.1,0.1,0.2
AR-SEN,senate,AR,05015,3173,4742,282,0,8196,-19.82,-32.42,78.8,0.3,12.3,1.7,0.9,1.1
AR-SEN,senate,AR,05017,1419,974,85,0,2479,18.62,4.0,41.5,50.5,4.7,0.5,0.2,0.1
AR-SEN,senate,AR,05019,2449,2803,187,0,5439,-6.75,-20.94,67.8,23.2,4.0,0.7,0.4,0.1
AR-SEN,senate,AR,05021,860,2548,121,0,3529,-49.55,-62.79,94.2,0.3,1.7,0.1,0.4,0.0
AR-SEN,senate,AR,05023,1917,6824,311,0,9052,-56.14,-69.03,93.1,0.2,1.9,0.4,0.5,0.0
AR-SEN,senate,AR,05025,530,1785,82,0,2397,-54.24,-68.51,86.4,8.6,1.9,0.1,0.4,0.0
AR-SEN,senate,AR,05027,2091,3355,194,0,5641,-23.21,-37.04,60.3,33.3,3.0,0.7,0.3,0.0
AR-SEN,senate,AR,05029,2127,3732,209,0,6068,-27.39,-41.29,79.7,10.5,3.5,0.4,0.7,0.1
AR-SEN,senate,AR,05031,9497,16050,910,0,26457,-25.65,-38.34,75.2,14.2,5.0,1.7,0.3,0.0
AR-SEN,senate,AR,05033,4359,11993,582,0,16934,-46.69,-59.32,82.0,1.3,6.1,1.6,2.0,0.0
AR-SEN,senate,AR,05035,5839,4229,359,0,10426,15.99,2.32,43.0,50.8,2.5,0.8,0.2,0.0
AR-SEN,senate,AR,05037,1447,3036,160,0,4642,-35.45,-48.65,74.0,20.7,1.5,0.6,0.3,0.0
AR-SEN,senate,AR,05039,674,920,57,0,1651,-15.43,-30.0,56.1,38.5,2.3,0.1,0.3,0.0
AR-SEN,senate,AR,05041,1317,1087,86,0,2489,9.58,-4.85,45.1,45.3,5.9,0.5,0.4,0.0
AR-SEN,senate,AR,05043,1737,2629,156,0,4522,-20.45,-34.43,66.0,27.2,3.1,0.6,0.4,0.1
AR-SEN,senate,AR,05045,14858,22502,1331,0,38691,-20.46,-33.15,77.2,10.9,4.6,1.2,0.5,0.0
AR-SEN,senate,AR,05047,1175,3608,170,0,4953,-50.88,-63.84,89.9,0.4,2.3,0.9,1.1,0.1
AR-SEN,senate,AR,05049,873,2587,123,0,3583,-49.52,-63.36,93.2,0.1,0.9,0.4,0.5,0.0
AR-SEN,senate,AR,05051,10981,18054,1034,0,30069,-24.36,-37.09,80.4,7.4,5.5,1.0,0.6,0.1
AR-SEN,senate,AR,05053,1196,4346,197,0,5740,-56.83,-70.0,90.9,2.6,1.9,0.4,0.4,0.0
AR-SEN,senate,AR,05055,2752,8102,387,0,11240,-49.29,-62.26,90.5,1.5,2.7,0.4,0.4,0.5
AR-SEN,senate,AR,05057,1534,2643,149,0,4326,-26.54,-40.49,56.8,27.5,11.8,0.4,0.3,0.0
AR-SEN,senate,AR,05059,2541,5886,300,0,8727,-39.7,-53.2,81.1,10.7,2.9,0.3,0.5,0.0
AR-SEN,senate,AR,05061,1015,2054,109,0,3178,-33.85,-47.41,65.8,20.1,9.3,0.6,0.7,0.0
AR-SEN,senate,AR,05063,2501,7112,342,0,9955,-47.97,-60.78,85.8,2.1,6.5,1.0,0.4,0.1
AR-SEN,senate,AR,05065,942,3123,145,0,4210,-53.65,-67.29,90.1,2.2,2.0,0.2,0.6,0.1
AR-SEN,senate,AR,05067,1058,2218,117,0,3392,-35.4,-49.57,77.8,16.3,2.1,0.4,0.3,0.0
AR-SEN,senate,AR,05069,9881,4935,528,0,15344,33.38,20.38,40.2,54.1,1.9,0.9,0.3,0.1
AR-SEN,senate,AR,05071,1890,4325,221,0,6436,-39.19,-52.51,78.6,1.9,11.0,2.9,0.8,0.1
AR-SEN,senate,AR,05073,597,998,57,0,1652,-25.12,-38.96,63.1,31.5,2.1,0.5,0.6,0.1
AR-SEN,senate,AR,05075,947,2959,139,0,4044,-51.52,-65.37,93.0,1.0,1.7,0.2,0.2,0.1
AR-SEN,senate,AR,05077,1012,716,62,0,1790,17.13,3.63,41.8,52.6,2.4,0.2,0.3,0.0
AR-SEN,senate,AR,05079,737,1576,82,0,2396,-36.29,-50.95,62.8,30.2,3.9,0.2,0.2,0.0
AR-SEN,senate,AR,05081,988,2373,120,0,3481,-41.2,-55.1,73.6,17.9,2.5,0.2,1.3,0.1
AR-SEN,senate,AR,05083,1402,4227,201,0,5830,-50.18,-63.54,89.4,1.0,2.3,1.5,1.1,0.0
AR-SEN,senate,AR,05085,6031,14976,748,0,21755,-42.58,-54.76,83.9,5.8,3.9,1.1,0.5,0.1
AR-SEN,senate,AR,05087,1385,3762,183,0,5329,-46.19,-59.57,86.9,0.2,4.6,0.6,1.2,1.1
AR-SEN,senate,AR,05089,1397,3989,192,0,5578,-48.12,-61.17,92.5,0.1,1.7,0.4,0.7,0.0
AR-SEN,senate,AR,05091,3349,7493,386,0,11227,-38.23,-51.71,67.7,24.2,3.1,0.5,0.6,0.0
AR-SEN,senate,AR,05093,3060,4291,262,0,7613,-16.74,-32.16,59.7,33.1,3.5,0.6,0.2,0.0
AR-SEN,senate,AR,05095,811,858,59,0,1728,-2.86,-16.05,55.2,38.3,2.3,0.5,0.4,0.1
AR-SEN,senate,AR,05097,623,1920,91,0,2634,-51.02,-64.48,89.8,0.2,3.7,0.4,1.1,0.1
AR-SEN,senate,AR,05099,729,1229,70,0,2028,-25.55,-40.04,64.1,28.9,3.3,0.5,0.4,0.0
AR-SEN,senate,AR,05101,616,1971,92,0,2679,-52.39,-65.25,92.5,0.1,0.9,0.3,0.9,0.0
AR-SEN,senate,AR,05103,2793,3123,211,0,6127,-5.57,-19.41,56.3,37.8,1.8,0.6,0.2,0.0
AR-SEN,senate,AR,05105,863,2281,112,0,3257,-45.09,-58.81,91.8,1.2,2.0,0.2,0.5,0.0
AR-SEN,senate,AR,05107,2166,1220,121,0,3507,27.95,13.52,36.4,59.5,1.5,0.5,0.2,0.0
AR-SEN,senate,AR,05109,596,2394,106,0,3097,-60.13,-73.99,85.5,2.4,6.8,0.2,0.8,0.0
AR-SEN,senate,AR,05111,1201,3656,173,0,5030,-50.54,-64.54,85.7,7.3,2.7,0.3,0.4,0.0
AR-SEN,senate,AR,05113,1165,4522,203,0,5889,-59.03,-71.84,85.9,0.2,5.3,0.5,1.5,0.0
AR-SEN,senate,AR,05115,4906,11690,591,0,17187,-40.88,-53.51,81.3,3.3,8.3,1.1,0.8,0.0
AR-SEN,senate,AR,05117,522,1674,78,0,2274,-52.47,-66.75,84.8,11.0,1.3,0.2,0.2,0.0
AR-SEN,senate,AR,05119,71097,34444,3761,0,109302,34.73,22.71,52.4,33.9,7.0,2.5,0.3,0.1
AR-SEN,senate,AR,05121,1106,3447,162,0,4715,-51.43,-65.01,90.5,0.8,1.7,0.3,0.5,2.3
AR-SEN,senate,AR,05123,2349,1751,146,0,4246,14.6,0.75,42.5,51.6,3.0,0.5,0.3,0.0
AR-SEN,senate,AR,05125,13954,25565,1408,0,40927,-29.38,-41.05,81.3,7.5,5.5,1.2,0.4,0.0
AR-SEN,senate,AR,05127,453,1869,83,0,2405,-61.02,-74.54,84.7,0.1,5.7,2.8,1.8,0.1
AR-SEN,senate,AR,05129,532,2122,95,0,2749,-59.91,-73.22,90.9,0.0,1.4,0.3,0.9,0.1
AR-SEN,senate,AR,05131,11349,19258,1090,0,31698,-25.84,-38.19,68.9,5.9,12.4,4.7,1.8,0.1
AR-SEN,senate,AR,05133,836,2399,115,0,3349,-48.33,-62.8,59.3,4.0,29.1,0.5,1.8,1.2
AR-SEN,senate,AR,05135,1255,3847,182,0,5284,-50.8,-63.92,92.1,0.5,1.6,0.3,0.8,0.1
AR-SEN,senate,AR,05137,1044,3093,147,0,4284,-49.52,-63.07,92.8,0.1,1.8,0.2,0.8,0.0
AR-SEN,senate,AR,05139,4200,6396,377,0,10974,-20.72,-34.03,61.3,31.2,3.6,0.7,0.3,0.0
AR-SEN,senate,AR,05141,1355,3874,186,0,5415,-48.19,-61.47,91.5,0.4,2.4,0.4,0.7,0.0
AR-SEN,senate,AR,05143,35170,31462,2374,0,69006,5.57,-6.87,69.9,3.3,15.3,2.5,1.0,2.6
AR-SEN,senate,AR,05145,5311,15845,754,0,21910,-49.79,-62.59,85.6,4.8,3.5,0.8,0.4,0.0
AR-SEN,senate,AR,05147,649,941,57,0,1647,-18.31,-33.13,68.5,26.1,1.3,0.3,0.2,0.0
AR-SEN,senate,AR,05149,1142,3301,158,0,4602,-48.58,-61.86,76.2,1.1,17.5,1.0,0.6,0.0
CO-SEN,senate,CO,08001,92045,53092,12422,5884,163443,26.84,9.26,50.6,3.1,37.5,4.5,0.6,0.2
CO-SEN,senate,CO,08003,2526,2154,401,190,5271,7.95,-11.14,49.3,1.5,43.4,0.9,1.4,0.1
CO-SEN,senate,CO,08005,139025,63380,17324,8206,227934,37.37,20.7,60.1,10.0,18.2,6.5,0.4,0.2
CO-SEN,senate,CO,08007,2927,2890,498,236,6550,0.65,-14.4,79.4,0.3,13.7,0.7,1.2,0.0
CO-SEN,senate,CO,08009,277,969,107,51,1403,-55.53,-71.95,85.3,0.5,8.2,0.3,1.1,0.0
CO-SEN,senate,CO,08011,530,831,116,55,1533,-22.11,-39.75,60.2,5.1,29.4,0.8,1.9,0.0
CO-SEN,senate,CO,08013,105713,16289,10443,4947,137392,73.3,57.3,76.8,1.0,12.5,5.1,0.3,0.1
CO-SEN,senate,CO,08014,21022,8097,2492,1181,32792,44.39,29.35,75.4,1.3,11.7,6.9,0.3,0.1
CO-SEN,senate,CO,08015,5719,3246,767,363,10096,27.59,13.96,84.2,1.6,8.8,0.7,0.7,0.1
CO-SEN,senate,CO,08017,124,532,56,27,739,-62.17,-79.19,87.3,0.1,9.3,0.2,0.0,0.0
CO-SEN,senate,CO,08019,2497,1296,325,154,4271,31.65,17.11,87.8,0.4,6.2,0.9,0.4,0.1
CO-SEN,senate,CO,08021,1287,1265,218,103,2874,0.86,-18.34,45.4,0.1,51.6,0.3,0.6,0.0
CO-SEN,senate,CO,08023,872,421,111,52,1456,34.88,15.21,38.7,0.8,54.3,1.8,1.0,0.0
CO-SEN,senate,CO,08025,356,705,91,43,1194,-32.91,-48.94,58.2,9.5,26.1,1.3,2.9,0.0
CO-SEN,senate,CO,08027,944,1460,206,97,2707,-21.45,-36.99,90.6,0.3,3.5,0.5,0.9,0.0
CO-SEN,senate,CO,08029,4764,7346,1036,491,13637,-21.33,-36.45,82.3,0.4,11.7,0.7,0.4,0.0
CO-SEN,senate,CO,08031,197648,28275,19339,9161,254422,74.97,57.69,58.7,8.0,24.5,3.9,0.5,0.2
CO-SEN,senate,CO,08033,276,607,75,36,994,-37.54,-53.6,85.3,0.7,6.0,0.3,1.7,0.2
CO-SEN,senate,CO,08035,81954,69660,12975,6146,170736,8.11,-7.17,80.2,1.4,8.3,5.5,0.3,0.1
CO-SEN,senate,CO,08037,12277,5005,1479,701,19463,42.08,25.08,68.6,0.6,26.8,1.4,0.2,0.1
CO-SEN,senate,CO,08039,4045,8652,1086,515,14298,-36.28,-52.27,87.1,0.5,6.7,0.7,0.5,0.1
CO-SEN,senate,CO,08041,124196,112645,20268,9601,266710,4.88,-10.08,69.3,5.6,15.4,3.2,0.5,0.4
CO-SEN,senate,CO,08043,6014,9821,1355,642,17832,-24.04,-39.4,77.8,4.3,11.6,0.7,1.6,0.1
CO-SEN,senate,CO,08045,11113,7770,1616,765,21264,17.7,2.14,67.1,0.5,27.4,0.7,0.5,0.1
CO-SEN,senate,CO,08047,1643,924,220,104,2891,27.99,13.18,86.0,0.6,6.0,1.5,0.7,0.1
CO-SEN,senate,CO,08049,3509,2635,526,249,6919,14.24,-0.83,87.5,0.4,8.0,0.6,0.3,0.1
CO-SEN,senate,CO,08051,4967,1835,582,276,7659,46.05,30.24,86.1,0.4,8.0,0.7,0.4,0.0
CO-SEN,senate,CO,08053,192,185,32,15,425,1.9,-12.73,90.7,0.5,3.8,0.3,0.9,0.0
CO-SEN,senate,CO,08055,1499,1262,236,112,3110,8.57,-8.84,66.0,0.7,27.4,0.4,1.0,0.0
CO-SEN,senate,CO,08057,152,366,44,21,584,-41.22,-57.13,86.3,0.0,7.7,0.2,1.1,0.0
CO-SEN,senate,CO,08059,151973,72863,19243,9115,253195,35.19,20.03,77.3,1.1,13.8,3.1,0.5,0.1
CO-SEN,senate,CO,08061,107,430,46,22,604,-60.14,-75.89,88.8,0.3,5.2,0.8,0.0,0.1
CO-SEN,senate,CO,08063,547,1753,197,93,2589,-52.43,-69.44,79.1,0.3,16.3,0.5,0.3,0.1
CO-SEN,senate,CO,08065,1626,806,208,99,2739,33.69,17.09,62.7,0.5,31.1,0.9,0.6,0.1
CO-SEN,senate,CO,08067,14931,7255,1899,899,24984,34.6,19.17,78.8,0.3,11.0,0.7,4.7,0.0
CO-SEN,senate,CO,08069,93308,46955,12005,5686,157955,33.05,18.12,81.2,1.0,10.6,2.4,0.4,0.1
CO-SEN,senate,CO,08071,2492,2353,415,196,5456,2.86,-13.83,58.0,1.3,35.9,0.7,1.0,0.1
CO-SEN,senate,CO,08073,407,1191,137,65,1800,-49.06,-65.74,74.4,6.1,13.4,0.7,1.3,0.3
CO-SEN,senate,CO,08075,1847,4473,541,256,7118,-41.55,-57.84,77.2,3.9,14.8,0.6,0.9,0.1
CO-SEN,senate,CO,08077,25523,31436,4874,2309,64142,-10.38,-24.9,80.2,0.6,12.8,1.1,0.6,0.1
CO-SEN,senate,CO,08079,239,229,40,19,527,2.07,-13.62,91.3,0.0,4.3,0.4,0.5,0.0
CO-SEN,senate,CO,08081,1065,3083,355,168,4671,-48.66,-64.23,80.5,0.6,13.6,0.4,0.9,0.0
CO-SEN,senate,CO,08083,4406,5005,805,382,10599,-6.36,-21.53,74.2,0.2,10.0,0.5,10.5,0.1
CO-SEN,senate,CO,08085,6484,9448,1363,646,17941,-18.6,-33.32,76.7,0.3,17.8,0.8,0.6,0.0
CO-SEN,senate,CO,08087,2852,5520,716,339,9427,-31.86,-49.84,61.5,2.9,32.2,0.6,0.4,0.0
CO-SEN,senate,CO,08089,2497,3052,475,225,6249,-10.01,-27.13,57.4,0.8,37.3,0.6,0.7,0.1
CO-SEN,senate,CO,08091,1743,804,218,103,2869,36.84,21.64,90.0,0.4,5.0,0.5,0.4,0.0
CO-SEN,senate,CO,08093,3681,3810,641,304,8435,-1.72,-17.03,87.4,0.5,5.9,0.6,0.7,0.1
CO-SEN,senate,CO,08095,388,1076,125,59,1649,-46.97,-64.17,74.9,0.2,22.3,0.6,0.3,0.0
CO-SEN,senate,CO,08097,5659,1283,594,281,7817,63.05,45.22,84.3,0.6,10.1,1.8,0.2,0.0
CO-SEN,senate,CO,08099,1051,2147,274,130,3602,-34.26,-51.5,61.3,0.8,33.5,0.3,1.0,0.1
CO-SEN,senate,CO,08101,29786,23127,4528,2145,59587,12.59,-5.25,54.6,1.8,38.0,1.0,0.8,0.1
CO-SEN,senate,CO,08103,575,1721,196,93,2585,-49.93,-64.86,85.9,0.5,7.9,0.4,0.8,0.0
CO-SEN,senate,CO,08105,1801,2050,330,156,4336,-6.47,-23.76,57.6,0.5,37.0,0.3,1.0,0.0
CO-SEN,senate,CO,08107,7309,2844,869,412,11434,43.98,28.53,87.4,0.6,7.4,0.7,0.3,0.2
CO-SEN,senate,CO,08109,1294,820,181,86,2381,22.45,3.87,60.4,0.3,33.4,1.0,1.3,0.0
CO-SEN,senate,CO,08111,268,98,31,15,412,46.55,33.33,85.5,0.0,9.3,0.0,0.3,0.0
CO-SEN,senate,CO,08113,2502,484,256,121,3362,67.59,50.72,85.4,0.3,9.2,0.8,0.6,0.0
CO-SEN,senate,CO,08115,248,597,72,34,951,-41.31,-57.48,83.4,0.2,12.2,0.6,0.5,0.0
CO-SEN,senate,CO,08117,8419,2485,933,442,12280,54.42,38.33,79.6,0.8,14.5,1.4,0.2,0.1
CO-SEN,senate,CO,08119,4023,6135,869,412,11438,-20.79,-36.37,87.0,0.6,5.8,0.8,0.5,0.0
CO-SEN,senate,CO,08121,351,1394,149,71,1965,-59.82,-76.2,86.3,0.6,9.0,0.3,0.2,0.3
CO-SEN,senate,CO,08123,53147,58706,9572,4534,125959,-4.97,-21.53,66.4,1.2,26.5,1.8,0.4,0.1
CO-SEN,senate,CO,08125,713,2187,248,118,3265,-50.83,-66.79,74.1,0.2,23.3,0.3,0.2,0.0
DE-SEN,senate,DE,10001,34845,26803,0,0,61649,13.04,1.98,60.8,24.6,6.4,2.5,0.5,0.1
DE-SEN,senate,DE,10003,139558,53111,0,0,192669,44.87,32.96,56.7,24.1,9.4,6.0,0.2,0.0
DE-SEN,senate,DE,10005,51147,52077,0,0,103224,-0.9,-11.22,76.9,9.6,8.6,1.3,0.3,0.0
FL-SEN,senate,FL,12001,61489,34119,480,0,96089,28.63,21.29,60.7,16.6,11.6,6.6,0.2,0.0
FL-SEN,senate,FL,12003,1761,8696,53,0,10509,-66.31,-73.41,78.8,14.1,3.3,0.5,0.4,0.1
FL-SEN,senate,FL,12005,20112,48260,344,0,68716,-41.17,-47.88,75.9,9.5,6.8,2.4,0.5,0.1
FL-SEN,senate,FL,12007,2422,7297,49,0,9768,-50.16,-57.51,72.2,19.7,4.8,0.5,0.2,0.0
FL-SEN,senate,FL,12009,108499,144347,1271,0,254117,-14.18,-21.05,74.2,8.6,9.8,2.6,0.3,0.1
FL-SEN,senate,FL,12011,387509,223453,3070,0,614033,26.85,17.13,35.9,25.1,30.5,3.8,0.1,0.0
FL-SEN,senate,FL,12013,892,3597,23,0,4511,-60.26,-68.03,77.1,13.1,4.3,0.4,0.7,0.0
FL-SEN,senate,FL,12015,31811,54643,434,0,86888,-26.41,-34.19,84.6,4.4,6.3,1.3,0.2,0.0
FL-SEN,senate,FL,12017,20977,47662,345,0,68984,-38.88,-46.17,87.3,2.4,5.1,1.5,0.3,0.0
FL-SEN,senate,FL,12019,29411,59269,446,0,89125,-33.67,-39.63,71.2,11.1,9.3,3.3,0.3,0.2
FL-SEN,senate,FL,12021,56615,94836,761,0,152212,-25.24,-33.28,67.5,5.2,23.6,1.4,0.1,0.0
FL-SEN,senate,FL,12023,6661,16806,118,0,23585,-43.23,-50.54,72.7,15.7,6.5,1.3,0.3,0.0
FL-SEN,senate,FL,12027,2874,5850,44,0,8768,-34.11,-43.2,59.3,12.8,25.1,0.5,0.3,0.0
FL-SEN,senate,FL,12029,1039,4647,29,0,5715,-63.46,-70.8,82.5,9.9,3.8,0.4,0.4,0.0
FL-SEN,senate,FL,12031,173935,155732,1657,0,331324,5.52,-1.49,52.9,27.1,10.3,5.0,0.2,0.1
FL-SEN,senate,FL,12033,49514,64369,572,0,114455,-13.04,-19.75,65.8,19.3,5.8,3.2,0.7,0.1
FL-SEN,senate,FL,12035,22211,33663,281,0,56154,-20.5,-28.43,75.8,8.6,9.4,2.2,0.2,0.0
FL-SEN,senate,FL,12037,1496,3230,24,0,4750,-36.69,-44.19,80.0,11.8,4.8,0.2,0.3,0.0
FL-SEN,senate,FL,12039,10581,4693,77,0,15351,38.55,30.92,36.0,51.4,9.7,0.4,0.2,0.0
FL-SEN,senate,FL,12041,1437,6034,38,0,7509,-61.52,-68.62,84.5,4.5,6.5,0.4,0.3,0.0
FL-SEN,senate,FL,12043,1011,2680,19,0,3710,-45.2,-53.5,61.6,12.3,22.5,0.3,1.2,0.0
FL-SEN,senate,FL,12045,1594,4483,31,0,6107,-47.54,-54.47,79.9,12.3,3.5,0.3,0.6,0.0
FL-SEN,senate,FL,12047,1379,2628,20,0,4027,-31.18,-39.31,56.8,31.6,8.7,0.3,0.3,0.0
FL-SEN,senate,FL,12049,1491,4194,29,0,5713,-47.54,-56.7,51.7,9.3,36.3,0.7,0.2,0.0
FL-SEN,senate,FL,12051,3379,6015,47,0,9441,-28.06,-38.63,33.6,10.1,53.4,0.9,0.4,0.0
FL-SEN,senate,FL,12053,27265,50088,389,0,77741,-29.51,-37.33,77.1,4.5,13.1,1.3,0.3,0.0
FL-SEN,senate,FL,12055,12106,24137,182,0,36424,-33.2,-40.99,69.5,8.3,17.6,1.6,0.3,0.0
FL-SEN,senate,FL,12057,247946,222114,2362,0,472422,5.5,-3.1,49.0,14.6,27.5,4.8,0.2,0.1
FL-SEN,senate,FL,12059,820,5541,32,0,6394,-74.21,-80.56,85.6,6.9,3.2,0.5,0.7,0.1
FL-SEN,senate,FL,12061,27626,41674,348,0,69648,-20.27,-27.53,77.6,7.0,10.8,1.4,0.2,0.0
FL-SEN,senate,FL,12063,4752,10678,78,0,15508,-38.41,-46.35,66.0,25.6,4.2,0.6,0.4,0.0
FL-SEN,senate,FL,12065,2686,3256,30,0,5972,-9.6,-18.74,62.0,30.7,4.0,0.3,0.3,0.0
FL-SEN,senate,FL,12067,407,2217,13,0,2637,-68.98,-76.4,74.3,13.7,9.9,0.1,0.2,0.0
FL-SEN,senate,FL,12069,65043,93423,796,0,159262,-17.91,-24.86,69.6,9.0,14.9,2.2,0.3,0.1
FL-SEN,senate,FL,12071,109355,165151,1379,0,275885,-20.33,-28.58,69.3,6.4,19.5,1.7,0.2,0.0
FL-SEN,senate,FL,12073,71161,38686,552,0,110399,29.56,22.03,56.7,28.3,7.5,3.5,0.2,0.1
FL-SEN,senate,FL,12075,4827,12205,86,0,17117,-43.32,-50.54,79.4,7.8,7.9,0.7,0.3,0.0
FL-SEN,senate,FL,12077,493,1942,12,0,2448,-59.5,-67.32,70.9,19.0,6.3,0.3,0.8,0.0
FL-SEN,senate,FL,12079,2546,3845,32,0,6423,-20.32,-29.03,58.3,33.9,4.7,0.3,0.3,0.0
FL-SEN,senate,FL,12081,67339,92729,804,0,160873,-15.86,-23.69,73.0,7.0,14.6,2.1,0.2,0.1
FL-SEN,senate,FL,12083,56524,93053,752,0,150328,-24.42,-31.86,71.2,10.3,13.0,1.6,0.3,0.0
FL-SEN,senate,FL,12085,26212,42603,346,0,69161,-23.82,-31.31,79.2,4.3,12.2,1.4,0.1,0.0
FL-SEN,senate,FL,12086,385849,378345,3840,0,768034,0.98,-11.53,13.0,13.4,69.9,1.6,0.1,0.0
FL-SEN,senate,FL,12087,13989,17007,156,0,31152,-9.73,-18.48,69.2,4.8,21.4,1.4,0.2,0.1
FL-SEN,senate,FL,12089,13448,32479,231,0,46158,-41.44,-47.32,85.7,5.4,4.1,1.0,0.2,0.1
FL-SEN,senate,FL,12091,25110,54454,400,0,79964,-36.88,-42.92,72.1,8.7,9.0,3.5,0.4,0.2
FL-SEN,senate,FL,12093,3065,8147,56,0,11268,-45.33,-54.07,66.6,8.8,20.7,0.8,0.6,0.0
FL-SEN,senate,FL,12095,259857,164704,2134,0,426695,22.41,13.78,39.9,17.6,31.7,5.6,0.2,0.1
FL-SEN,senate,FL,12097,65988,54704,607,0,121298,9.35,-1.47,31.3,8.9,52.7,3.1,0.1,0.1
FL-SEN,senate,FL,12099,286926,234377,2620,0,523923,10.08,0.77,56.6,15.6,21.3,2.9,0.1,0.0
FL-SEN,senate,FL,12101,90988,131666,1119,0,223773,-18.27,-25.48,73.2,5.3,14.5,2.9,0.3,0.1
FL-SEN,senate,FL,12103,184583,177131,1818,0,363532,2.06,-5.28,74.6,8.6,9.3,3.5,0.2,0.1
FL-SEN,senate,FL,12105,105809,138054,1225,0,245088,-13.22,-20.86,58.5,13.0,23.0,1.9,0.2,0.0
FL-SEN,senate,FL,12107,7587,17740,127,0,25454,-40.09,-48.11,72.9,13.9,8.7,0.7,0.4,0.1
FL-SEN,senate,FL,12109,51867,86393,695,0,138955,-24.97,-31.64,81.1,4.5,7.1,3.3,0.2,0.0
FL-SEN,senate,FL,12111,63878,65483,650,0,130011,-1.24,-9.13,58.4,17.9,17.8,1.8,0.2,0.0
FL-SEN,senate,FL,12113,21629,57021,395,0,79045,-45.0,-51.44,80.2,6.0,5.5,2.2,0.6,0.2
FL-SEN,senate,FL,12115,87077,107320,977,0,195374,-10.41,-18.32,83.4,3.3,8.4,1.9,0.2,0.0
FL-SEN,senate,FL,12117,92071,85435,892,0,178398,3.74,-3.6,59.0,10.4,21.0,5.3,0.2,0.1
FL-SEN,senate,FL,12119,25146,48416,370,0,73931,-31.63,-37.81,86.0,6.0,4.9,0.9,0.2,0.0
FL-SEN,senate,FL,12121,3509,11786,77,0,15372,-54.11,-61.27,75.2,11.2,9.4,0.6,0.4,0.0
FL-SEN,senate,FL,12123,1664,5317,35,0,7016,-52.34,-59.96,72.9,18.8,3.9,1.0,0.5,0.0
FL-SEN,senate,FL,12125,833,3518,22,0,4373,-61.73,-68.65,70.7,21.6,4.7,0.2,0.3,0.0
FL-SEN,senate,FL,12127,93459,123606,1091,0,218156,-13.89,-21.95,71.9,9.2,13.1,1.9,0.2,0.0
FL-SEN,senate,FL,12129,4315,9562,70,0,13947,-37.81,-44.72,77.3,13.1,4.5,0.6,0.5,0.1
FL-SEN,senate,FL,12131,8486,26206,174,0,34866,-51.08,-58.23,82.7,4.4,6.8,1.2,0.6,0.1
FL-SEN,senate,FL,12133,1828,6967,44,0,8839,-58.43,-65.79,78.0,13.4,3.2,0.5,0.9,0.1
GA-SEN,senate,GA,13001,1563,4270,0,0,5833,-46.41,-62.5,72.0,17.4,8.0,0.8,0.2,0.0
GA-SEN,senate,GA,13003,670,1470,0,0,2140,-37.41,-54.1,61.8,14.8,20.9,0.2,0.4,0.0
GA-SEN,senate,GA,13005,710,2677,0,0,3387,-58.09,-73.3,76.7,13.9,6.6,0.4,0.0,0.0
GA-SEN,senate,GA,13007,498,534,0,0,1033,-3.49,-19.89,54.3,39.8,3.4,0.8,0.0,0.0
GA-SEN,senate,GA,13009,7477,5693,0,0,13170,13.55,-2.22,54.2,39.7,2.3,1.4,0.1,0.1
GA-SEN,senate,GA,13011,1339,6025,0,0,7364,-63.63,-78.35,88.3,2.2,5.2,1.1,0.3,0.0
GA-SEN,senate,GA,13013,11178,19569,0,0,30746,-27.29,-40.71,69.5,12.0,10.8,3.8,0.2,0.0
GA-SEN,senate,GA,13015,12717,27559,0,0,40276,-36.85,-51.26,76.3,10.3,8.2,1.1,0.3,0.0
GA-SEN,senate,GA,13017,1911,2638,0,0,4549,-15.97,-32.13,56.7,34.8,5.0,0.7,0.3,0.0
GA-SEN,senate,GA,13019,1288,4360,0,0,5647,-54.39,-69.96,81.7,10.2,4.5,0.5,0.1,0.0
GA-SEN,senate,GA,13021,33281,15110,0,0,48391,37.55,22.54,39.7,51.4,3.9,2.1,0.2,0.0
GA-SEN,senate,GA,13023,1264,2966,0,0,4230,-40.23,-55.54,73.2,20.6,3.2,1.3,0.1,0.1
GA-SEN,senate,GA,13025,970,4981,0,0,5950,-67.41,-82.64,91.5,3.0,1.5,0.3,0.3,0.0
GA-SEN,senate,GA,13027,2261,2784,0,0,5045,-10.36,-26.86,58.7,33.1,5.0,0.5,0.2,0.0
GA-SEN,senate,GA,13029,6713,10538,0,0,17251,-22.17,-36.54,72.4,14.2,6.0,2.4,0.3,0.1
GA-SEN,senate,GA,13031,9938,12914,0,0,22852,-13.02,-29.14,63.6,26.8,4.7,1.6,0.2,0.1
GA-SEN,senate,GA,13033,4171,3574,0,0,7745,7.7,-9.37,50.9,43.2,2.6,0.4,0.2,0.0
GA-SEN,senate,GA,13035,3180,5931,0,0,9111,-30.19,-45.34,66.4,27.0,2.7,0.4,0.2,0.0
GA-SEN,senate,GA,13037,921,517,0,0,1438,28.1,12.32,33.4,63.2,1.9,0.3,0.2,0.0
GA-SEN,senate,GA,13039,7371,11099,0,0,18470,-20.18,-35.9,70.3,17.1,5.9,1.6,0.3,0.1
GA-SEN,senate,GA,13043,1094,2103,0,0,3197,-31.56,-47.57,63.5,23.7,10.1,0.5,0.2,0.0
GA-SEN,senate,GA,13045,15621,26715,0,0,42335,-26.2,-41.39,70.1,18.2,6.7,0.9,0.2,0.0
GA-SEN,senate,GA,13047,7157,17367,0,0,24523,-41.63,-55.79,88.8,2.6,2.8,1.5,0.3,0.1
GA-SEN,senate,GA,13049,971,2268,0,0,3239,-40.05,-56.35,58.5,18.1,19.4,1.0,0.3,0.0
GA-SEN,senate,GA,13051,65617,33091,0,0,98708,32.95,18.15,50.8,34.5,7.1,3.8,0.2,0.1
GA-SEN,senate,GA,13053,1835,1334,0,0,3169,15.81,5.65,58.5,15.1,16.1,3.6,0.4,0.9
GA-SEN,senate,GA,13055,1914,5580,0,0,7494,-48.93,-64.44,81.8,10.7,3.8,0.4,0.2,0.0
GA-SEN,senate,GA,13057,42280,71289,0,0,113568,-25.54,-39.32,77.0,6.3,10.3,2.1,0.2,0.0
GA-SEN,senate,GA,13059,28549,8440,0,0,36989,54.36,38.68,60.4,21.8,9.6,4.1,0.2,0.0
GA-SEN,senate,GA,13061,621,388,0,0,1009,23.16,7.53,43.3,53.8,0.8,0.3,0.0,0.0
GA-SEN,senate,GA,13063,72286,5839,0,0,78125,85.05,69.61,10.6,68.9,12.4,4.9,0.2,0.0
GA-SEN,senate,GA,13065,657,1378,0,0,2035,-35.44,-51.64,67.0,26.7,3.1,0.3,0.4,0.1
GA-SEN,senate,GA,13067,180899,99872,0,0,280771,28.86,15.04,51.2,25.8,12.6,5.6,0.2,0.0
GA-SEN,senate,GA,13069,3898,7100,0,0,10998,-29.11,-45.23,59.1,27.4,10.3,0.8,0.2,0.0
GA-SEN,senate,GA,13071,3789,7837,0,0,11626,-34.82,-50.33,60.0,20.9,16.0,0.8,0.2,0.0
GA-SEN,senate,GA,13073,26441,33681,0,0,60123,-12.04,-25.84,66.2,17.5,6.4,4.8,0.2,0.2
GA-SEN,senate,GA,13075,1794,3355,0,0,5149,-30.32,-46.63,64.2,26.9,5.4,0.6,0.2,0.0
GA-SEN,senate,GA,13077,23953,36171,0,0,60124,-20.32,-34.1,70.2,17.0,6.6,2.3,0.2,0.0
GA-SEN,senate,GA,13079,1463,2974,0,0,4437,-34.05,-49.97,73.7,19.2,3.0,0.3,0.5,0.0
GA-SEN,senate,GA,13081,2533,3146,0,0,5679,-10.8,-26.03,53.0,41.1,2.7,0.9,0.1,0.0
GA-SEN,senate,GA,13083,1378,4361,0,0,5740,-51.97,-67.03,91.8,0.8,1.9,0.8,0.4,0.0
GA-SEN,senate,GA,13085,3295,10411,0,0,13705,-51.92,-65.58,89.5,0.7,4.9,0.9,0.3,0.1
GA-SEN,senate,GA,13087,3734,4347,0,0,8081,-7.58,-24.04,51.6,40.1,5.3,0.7,0.2,0.0
GA-SEN,senate,GA,13089,231426,24508,0,0,255934,80.85,65.43,30.3,50.2,9.3,6.5,0.1,0.0
GA-SEN,senate,GA,13091,1924,3920,0,0,5844,-34.16,-50.04,65.9,29.3,2.6,0.5,0.1,0.1
GA-SEN,senate,GA,13093,1576,1347,0,0,2922,7.83,-7.73,43.9,48.6,5.4,0.5,0.2,0.0
GA-SEN,senate,GA,13095,18445,5230,0,0,23674,55.82,41.28,27.0,67.3,2.4,0.8,0.2,0.0
GA-SEN,senate,GA,13097,35591,13876,0,0,49466,43.9,31.67,38.2,46.5,9.4,1.7,0.2,0.1
GA-SEN,senate,GA,13099,1786,1627,0,0,3414,4.66,-11.48,47.9,48.0,1.4,0.4,0.4,0.0
GA-SEN,senate,GA,13101,173,834,0,0,1007,-65.71,-82.29,68.5,3.8,24.6,0.1,1.2,0.0
GA-SEN,senate,GA,13103,8214,17152,0,0,25366,-35.23,-49.32,76.6,13.3,4.3,1.1,0.3,0.1
GA-SEN,senate,GA,13105,2454,4256,0,0,6711,-26.85,-43.51,66.6,25.7,4.3,0.9,0.2,0.0
GA-SEN,senate,GA,13107,2425,4306,0,0,6732,-27.94,-44.27,63.6,30.5,3.4,0.6,0.2,0.0
GA-SEN,senate,GA,13109,1095,1875,0,0,2970,-26.25,-42.53,59.4,28.4,9.0,0.7,0.1,0.1
GA-SEN,senate,GA,13111,2801,8465,0,0,11266,-50.27,-65.0,93.1,0.3,2.4,0.4,0.3,0.0
GA-SEN,senate,GA,13113,28653,23563,0,0,52216,9.75,-3.18,60.0,24.1,6.7,5.1,0.2,0.0
GA-SEN,senate,GA,13115,11360,19949,0,0,31309,-27.43,-42.18,72.2,13.6,9.4,1.3,0.2,0.0
GA-SEN,senate,GA,13117,38761,57985,0,0,96746,-19.87,-33.46,67.3,4.1,8.9,16.1,0.1,0.0
GA-SEN,senate,GA,13119,1817,6681,0,0,8498,-57.24,-72.79,84.5,7.8,3.7,1.1,0.2,0.0
GA-SEN,senate,GA,13121,300149,74178,0,0,374328,60.37,45.35,40.2,41.2,7.3,7.5,0.1,0.0
GA-SEN,senate,GA,13123,3321,9615,0,0,12936,-48.65,-62.88,87.3,0.4,8.5,0.5,0.2,0.0
GA-SEN,senate,GA,13125,186,983,0,0,1169,-68.16,-84.04,89.6,7.0,1.4,0.3,0.0,0.0
GA-SEN,senate,GA,13127,13668,17059,0,0,30727,-11.04,-26.12,66.7,22.3,6.2,1.4,0.2,0.1
GA-SEN,senate,GA,13129,4938,14385,0,0,19323,-48.89,-63.74,78.4,3.7,12.9,1.3,0.2,0.0
GA-SEN,senate,GA,13131,2924,4577,0,0,7501,-22.04,-38.36,60.0,27.3,9.3,0.5,0.4,0.0
GA-SEN,senate,GA,13133,3865,5082,0,0,8947,-13.61,-29.08,63.0,28.3,5.4,0.9,0.2,0.0
GA-SEN,senate,GA,13135,192879,101397,0,0,294276,31.09,16.72,35.5,26.2,20.7,14.0,0.2,0.0
GA-SEN,senate,GA,13137,4036,12259,0,0,16295,-50.46,-65.17,78.9,4.1,11.5,2.2,0.2,0.0
GA-SEN,senate,GA,13139,25053,46312,0,0,71365,-29.79,-44.05,64.2,7.0,23.5,2.2,0.2,0.0
GA-SEN,senate,GA,13141,2271,695,0,0,2965,53.14,35.48,29.7,67.2,0.6,0.5,0.3,0.0
GA-SEN,senate,GA,13143,2309,9146,0,0,11455,-59.68,-74.67,90.2,4.4,1.4,0.6,0.2,0.0
GA-SEN,senate,GA,13145,5367,10277,0,0,15644,-31.39,-46.3,75.7,15.5,3.4,1.2,0.3,0.1
GA-SEN,senate,GA,13147,3073,6957,0,0,10030,-38.72,-55.02,77.1,16.1,2.8,1.2,0.1,0.0
GA-SEN,senate,GA,13149,952,3395,0,0,4347,-56.21,-72.26,85.2,8.6,1.8,0.6,0.2,0.0
GA-SEN,senate,GA,13151,63720,26535,0,0,90255,41.2,29.84,38.8,47.1,6.7,3.4,0.2,0.1
GA-SEN,senate,GA,13153,29223,27811,0,0,57033,2.48,-11.34,55.7,30.7,6.2,3.2,0.2,0.1
GA-SEN,senate,GA,13155,931,2108,0,0,3039,-38.73,-54.42,66.9,22.0,7.2,1.5,0.1,0.0
GA-SEN,senate,GA,13157,9601,23465,0,0,33066,-41.93,-55.41,79.7,6.8,7.5,2.3,0.2,0.1
GA-SEN,senate,GA,13159,1850,4532,0,0,6382,-42.02,-58.59,75.6,17.0,3.6,0.2,0.3,0.0
GA-SEN,senate,GA,13161,976,3134,0,0,4110,-52.49,-68.46,70.4,15.3,11.4,0.4,0.2,0.0
GA-SEN,senate,GA,13163,3027,2194,0,0,5221,15.97,-1.22,45.0,50.3,2.3,0.5,0.2,0.0
GA-SEN,senate,GA,13165,1019,1366,0,0,2386,-14.56,-30.57,55.3,39.7,2.8,0.2,0.2,0.1
GA-SEN,senate,GA,13167,979,1809,0,0,2788,-29.79,-46.42,64.1,32.8,1.1,0.4,0.1,0.1
GA-SEN,senate,GA,13169,4369,6892,0,0,11261,-22.4,-38.16,71.5,24.0,1.4,0.5,0.2,0.0
GA-SEN,senate,GA,13171,2553,4733,0,0,7287,-29.92,-46.09,67.8,26.6,2.2,0.6,0.1,0.0
GA-SEN,senate,GA,13173,907,1707,0,0,2615,-30.59,-46.52,68.4,21.5,5.1,1.0,0.3,0.1
GA-SEN,senate,GA,13175,6785,9556,0,0,16341,-16.95,-32.82,58.9,35.0,2.4,1.1,0.2,0.0
GA-SEN,senate,GA,13177,4341,8034,0,0,12375,-29.84,-43.71,70.3,21.6,2.4,2.5,0.2,0.0
GA-SEN,senate,GA,13179,10787,5322,0,0,16108,33.93,17.55,39.7,41.2,10.9,2.4,0.4,0.6
GA-SEN,senate,GA,13181,1238,2213,0,0,3451,-28.25,-44.97,68.8,26.7,0.9,0.3,0.3,0.0
GA-SEN,senate,GA,13183,2113,2825,0,0,4938,-14.43,-29.59,57.2,25.0,10.9,1.1,0.4,0.5
GA-SEN,senate,GA,13185,16358,17084,0,0,33442,-2.17,-18.07,52.9,35.8,5.8,1.7,0.3,0.1
GA-SEN,senate,GA,13187,3321,9144,0,0,12464,-46.72,-62.07,88.2,1.3,4.9,0.8,0.5,0.1
GA-SEN,senate,GA,13189,3365,4008,0,0,7373,-8.71,-25.0,56.3,37.5,3.2,0.4,0.3,0.0
GA-SEN,senate,GA,13191,2282,2901,0,0,5184,-11.94,-28.73,66.3,28.0,1.8,0.4,0.3,0.0
GA-SEN,senate,GA,13193,2203,1074,0,0,3278,34.44,17.96,34.0,59.8,3.2,1.3,0.2,0.1
GA-SEN,senate,GA,13195,3513,8237,0,0,11749,-40.21,-55.06,80.7,9.0,5.2,1.6,0.2,0.0
GA-SEN,senate,GA,13197,1085,1449,0,0,2534,-14.35,-30.41,62.2,28.0,5.8,0.8,0.2,0.2
GA-SEN,senate,GA,13199,3748,4500,0,0,8248,-9.11,-25.55,60.5,34.6,1.8,0.4,0.3,0.0
GA-SEN,senate,GA,13201,619,1288,0,0,1906,-35.09,-50.64,68.2,27.8,1.9,0.4,0.2,0.0
GA-SEN,senate,GA,13205,3105,3106,0,0,6211,-0.03,-16.37,48.5,45.2,3.6,0.5,0.2,0.0
GA-SEN,senate,GA,13207,4274,8116,0,0,12390,-31.01,-46.85,72.0,22.3,2.1,0.9,0.1,0.0
GA-SEN,senate,GA,13209,866,1915,0,0,2781,-37.71,-53.18,66.7,25.4,5.6,0.4,0.1,0.0
GA-SEN,senate,GA,13211,3215,6009,0,0,9225,-30.29,-46.15,73.5,20.4,2.8,0.6,0.2,0.0
GA-SEN,senate,GA,13213,2663,9565,0,0,12227,-56.45,-71.77,83.2,0.6,12.2,0.3,0.3,0.0
GA-SEN,senate,GA,13215,38907,17396,0,0,56302,38.21,23.49,41.2,44.7,6.9,2.8,0.2,0.2
GA-SEN,senate,GA,13217,26519,14790,0,0,41308,28.39,15.23,44.4,45.2,5.4,1.0,0.2,0.1
GA-SEN,senate,GA,13219,7505,11590,0,0,19096,-21.39,-36.25,82.5,4.9,4.6,4.8,0.1,0.0
GA-SEN,senate,GA,13221,2246,3928,0,0,6174,-27.25,-42.65,75.6,15.1,4.6,0.7,0.3,0.0
GA-SEN,senate,GA,13223,29408,37206,0,0,66613,-11.71,-24.29,67.0,20.9,6.4,1.2,0.2,0.1
GA-SEN,senate,GA,13225,5143,4270,0,0,9413,9.27,-6.05,45.5,42.7,8.1,0.7,0.2,0.0
GA-SEN,senate,GA,13227,3533,11107,0,0,14640,-51.73,-66.14,91.9,0.9,2.8,0.6,0.3,0.0
GA-SEN,senate,GA,13229,1292,5541,0,0,6833,-62.2,-77.65,85.0,7.9,4.0,0.4,0.2,0.0
GA-SEN,senate,GA,13231,1835,6950,0,0,8784,-58.23,-73.66,86.6,8.2,1.4,0.5,0.2,0.0
GA-SEN,senate,GA,13233,3679,9740,0,0,13418,-45.17,-60.75,74.6,11.6,10.1,0.6,0.2,0.0
GA-SEN,senate,GA,13235,1132,1902,0,0,3034,-25.37,-40.65,62.7,31.4,2.8,0.8,0.1,0.0
GA-SEN,senate,GA,13237,3280,5732,0,0,9012,-27.21,-42.39,68.4,22.8,5.8,0.5,0.2,0.0
GA-SEN,senate,GA,13239,402,396,0,0,798,0.7,-15.49,55.5,39.7,1.0,0.4,0.7,0.0
GA-SEN,senate,GA,13241,2084,5211,0,0,7295,-42.86,-57.16,88.9,0.6,6.7,0.4,0.2,0.0
GA-SEN,senate,GA,13243,1287,805,0,0,2092,23.06,7.67,38.6,57.5,1.6,0.4,0.2,0.0
GA-SEN,senate,GA,13245,44188,14268,0,0,58456,51.19,36.31,36.3,52.2,5.2,2.2,0.3,0.2
GA-SEN,senate,GA,13247,25257,6326,0,0,31584,59.94,47.81,30.0,55.8,8.5,1.8,0.2,0.1
GA-SEN,senate,GA,13249,453,1247,0,0,1699,-46.73,-62.61,75.7,19.0,3.1,0.4,0.0,0.1
GA-SEN,senate,GA,13251,2209,2633,0,0,4842,-8.77,-25.25,58.6,36.8,1.7,0.4,0.3,0.0
GA-SEN,senate,GA,13253,1064,1740,0,0,2804,-24.1,-40.48,64.3,30.5,2.2,0.6,0.1,0.0
GA-SEN,senate,GA,13255,11180,11937,0,0,23117,-3.28,-16.75,58.7,32.3,4.6,1.0,0.2,0.0
GA-SEN,senate,GA,13257,2408,6761,0,0,9169,-47.47,-63.12,81.8,10.7,2.7,0.8,0.3,0.0
GA-SEN,senate,GA,13259,936,482,0,0,1419,31.99,16.3,25.1,43.3,25.9,3.6,0.2,0.1
GA-SEN,senate,GA,13261,4954,3475,0,0,8429,17.54,2.22,42.5,48.5,5.0,1.7,0.1,0.0
GA-SEN,senate,GA,13263,1529,835,0,0,2364,29.36,12.01,44.5,52.1,1.2,0.4,0.1,0.0
GA-SEN,senate,GA,13265,407,212,0,0,618,31.55,14.97,39.3,54.2,3.6,0.2,0.2,0.0
GA-SEN,senate,GA,13267,1854,4103,0,0,5957,-37.74,-53.62,62.4,26.7,8.0,0.6,0.2,0.0
GA-SEN,senate,GA,13269,1185,1601,0,0,2786,-14.94,-31.11,60.2,35.4,1.7,0.3,0.3,0.0
GA-SEN,senate,GA,13271,1144,1805,0,0,2949,-22.39,-39.39,47.1,34.0,17.2,0.3,0.2,0.0
GA-SEN,senate,GA,13273,1824,1213,0,0,3037,20.14,4.11,37.6,57.9,1.7,0.7,0.2,0.0
GA-SEN,senate,GA,13275,7078,8372,0,0,15450,-8.38,-24.18,59.2,34.2,2.8,0.9,0.3,0.0
GA-SEN,senate,GA,13277,4712,7177,0,0,11889,-20.73,-35.77,57.7,27.7,10.6,1.6,0.1,0.0
GA-SEN,senate,GA,13279,2488,5149,0,0,7637,-34.85,-50.85,63.2,23.9,9.8,0.8,0.1,0.0
GA-SEN,senate,GA,13281,1626,4561,0,0,6186,-47.44,-62.54,92.5,1.0,3.1,0.6,0.2,0.0
GA-SEN,senate,GA,13283,789,1395,0,0,2184,-27.77,-44.51,66.3,29.6,2.0,0.1,0.3,0.0
GA-SEN,senate,GA,13285,9947,11957,0,0,21905,-9.18,-24.51,57.8,33.4,3.5,2.4,0.2,0.1
GA-SEN,senate,GA,13287,1169,1513,0,0,2682,-12.85,-28.57,55.9,38.3,3.7,0.5,0.0,0.0
GA-SEN,senate,GA,13289,1596,1521,0,0,3118,2.4,-14.72,56.7,38.7,1.2,0.5,0.2,0.0
GA-SEN,senate,GA,13291,3230,9285,0,0,12515,-48.39,-62.79,93.0,0.5,2.7,0.4,0.3,0.0
GA-SEN,senate,GA,13293,3647,5914,0,0,9561,-23.71,-39.85,67.0,27.6,1.9,0.5,0.2,0.0
GA-SEN,senate,GA,13295,6158,16300,0,0,22458,-45.16,-59.65,89.6,4.1,2.0,0.5,0.2,0.0
GA-SEN,senate,GA,13297,13717,27138,0,0,40855,-32.85,-46.2,73.4,17.0,4.4,1.5,0.2,0.0
GA-SEN,senate,GA,13299,3635,6437,0,0,10072,-27.82,-43.29,64.1,28.5,3.6,0.9,0.2,0.1
GA-SEN,senate,GA,13301,1101,712,0,0,1813,21.46,4.72,41.3,55.6,1.1,0.4,0.2,0.0
GA-SEN,senate,GA,13303,3772,2869,0,0,6641,13.59,-1.91,44.2,52.1,1.5,0.4,0.2,0.0
GA-SEN,senate,GA,13305,2626,6866,0,0,9492,-44.66,-59.94,72.5,19.2,4.8,0.6,0.2,0.0
GA-SEN,senate,GA,13307,461,474,0,0,935,-1.42,-18.44,50.4,44.3,1.9,0.5,0.0,0.2
GA-SEN,senate,GA,13309,568,1025,0,0,1593,-28.74,-45.2,55.0,40.7,2.8,0.2,0.1,0.0
GA-SEN,senate,GA,13311,2721,9056,0,0,11777,-53.79,-68.84,90.4,1.7,2.7,0.6,0.4,0.0
GA-SEN,senate,GA,13313,9848,18025,0,0,27873,-29.34,-44.69,61.5,3.6,30.9,1.4,0.2,0.0
GA-SEN,senate,GA,13315,779,1564,0,0,2342,-33.53,-49.28,58.4,37.0,2.9,0.5,0.0,0.0
GA-SEN,senate,GA,13317,1759,1808,0,0,3567,-1.38,-16.9,54.3,39.2,3.2,0.6,0.2,0.0
GA-SEN,senate,GA,13319,1691,1743,0,0,3434,-1.51,-17.88,59.3,35.3,2.2,0.2,0.4,0.0
GA-SEN,senate,GA,13321,2110,4405,0,0,6515,-35.21,-50.49,71.4,24.2,1.5,0.4,0.2,0.0
IA-SEN,senate,IA,19001,975,1867,14,0,2856,-31.36,-45.73,95.6,0.6,1.4,0.3,0.2,0.0
IA-SEN,senate,IA,19003,508,979,7,0,1495,-31.64,-44.96,95.9,0.3,0.7,0.4,0.4,0.0
IA-SEN,senate,IA,19005,2035,3063,26,0,5123,-20.17,-34.79,90.9,0.8,6.5,0.3,0.1,0.0
IA-SEN,senate,IA,19007,1526,2990,23,0,4539,-32.41,-47.23,94.9,0.5,1.5,0.6,0.1,0.0
IA-SEN,senate,IA,19009,847,1416,11,0,2274,-25.11,-39.07,97.0,0.2,1.1,0.1,0.1,0.0
IA-SEN,senate,IA,19011,4082,6024,51,0,10157,-19.21,-33.66,95.5,0.4,1.3,0.3,0.1,0.0
IA-SEN,senate,IA,19013,25434,18378,220,0,44032,16.11,1.18,80.9,9.2,3.9,2.4,0.2,0.5
IA-SEN,senate,IA,19015,4972,5756,54,0,10782,-7.31,-21.89,94.3,0.7,1.9,0.4,0.2,0.0
IA-SEN,senate,IA,19017,4690,5484,51,0,10225,-7.81,-22.46,94.5,1.0,1.7,0.9,0.1,0.0
IA-SEN,senate,IA,19019,3242,4246,38,0,7525,-13.41,-28.65,95.8,0.4,1.3,0.3,0.1,0.0
IA-SEN,senate,IA,19021,2132,3118,26,0,5276,-18.79,-33.67,60.3,2.4,24.8,8.3,0.1,2.4
IA-SEN,senate,IA,19023,1928,3676,28,0,5633,-31.19,-45.91,96.8,0.2,1.0,0.2,0.1,0.0
IA-SEN,senate,IA,19025,1187,2364,18,0,3568,-33.14,-47.26,94.0,1.8,1.9,0.2,0.3,0.1
IA-SEN,senate,IA,19027,2791,4969,39,0,7799,-28.06,-42.5,94.7,1.0,2.4,0.4,0.1,0.0
IA-SEN,senate,IA,19029,1812,3215,25,0,5052,-27.9,-41.36,95.2,0.3,1.7,0.2,0.2,0.4
IA-SEN,senate,IA,19031,3409,4005,37,0,7451,-8.05,-22.12,94.7,0.3,2.0,0.4,0.2,0.0
IA-SEN,senate,IA,19033,8209,7824,81,0,16114,2.4,-11.83,90.0,1.6,4.2,1.3,0.2,0.3
IA-SEN,senate,IA,19035,1447,2805,21,0,4274,-31.94,-46.38,93.6,0.7,3.4,0.4,0.1,0.1
IA-SEN,senate,IA,19037,1682,2664,22,0,4368,-22.59,-37.62,94.5,0.4,3.3,0.3,0.0,0.0
IA-SEN,senate,IA,19039,1131,1989,16,0,3136,-27.52,-42.57,83.4,0.4,13.0,0.9,0.1,0.3
IA-SEN,senate,IA,19041,2081,3868,30,0,5979,-30.04,-43.74,93.4,0.6,3.2,0.7,0.2,0.0
IA-SEN,senate,IA,19043,2615,3933,33,0,6580,-20.12,-34.92,95.8,0.6,1.3,0.3,0.2,0.0
IA-SEN,senate,IA,19045,8015,8617,84,0,16715,-3.62,-19.17,91.1,2.6,2.4,0.6,0.2,0.0
IA-SEN,senate,IA,19047,1609,2950,23,0,4582,-29.42,-43.93,71.0,2.1,23.5,1.8,0.2,0.0
IA-SEN,senate,IA,19049,23740,20111,220,0,44072,8.28,-4.81,84.5,2.3,5.6,4.9,0.1,0.0
IA-SEN,senate,IA,19051,819,1935,14,0,2768,-40.53,-55.03,96.1,0.1,1.5,0.2,0.2,0.0
IA-SEN,senate,IA,19053,883,1722,13,0,2618,-32.2,-47.82,92.0,1.3,2.8,0.6,0.3,0.4
IA-SEN,senate,IA,19055,2621,4441,35,0,7097,-25.77,-40.21,96.5,0.5,1.2,0.2,0.1,0.0
IA-SEN,senate,IA,19057,6601,6670,67,0,13338,-0.52,-15.27,87.5,5.4,2.5,1.0,0.2,0.0
IA-SEN,senate,IA,19059,2891,4934,39,0,7864,-26.1,-40.44,95.7,0.3,1.6,0.5,0.1,0.0
IA-SEN,senate,IA,19061,19456,17297,185,0,36938,5.87,-8.7,90.2,3.4,2.5,1.1,0.1,0.6
IA-SEN,senate,IA,19063,1175,2167,17,0,3359,-29.68,-44.48,89.4,0.9,7.1,0.4,0.3,0.0
IA-SEN,senate,IA,19065,2887,3972,34,0,6894,-15.81,-30.97,94.0,1.0,2.1,0.4,0.2,0.0
IA-SEN,senate,IA,19067,2366,2962,27,0,5355,-11.18,-26.07,91.5,1.9,2.7,1.9,0.1,0.0
IA-SEN,senate,IA,19069,1236,2177,17,0,3430,-27.58,-42.25,84.7,0.2,12.5,0.4,0.1,0.0
IA-SEN,senate,IA,19071,904,1740,13,0,2657,-31.63,-45.21,94.1,0.1,2.5,0.1,0.4,0.1
IA-SEN,senate,IA,19073,1377,2023,17,0,3417,-19.01,-33.4,94.8,0.1,2.3,0.4,0.2,0.0
IA-SEN,senate,IA,19075,1776,3202,25,0,5003,-28.64,-42.45,96.5,0.2,0.9,0.3,0.1,0.0
IA-SEN,senate,IA,19077,1711,2846,23,0,4580,-24.91,-38.5,95.1,0.2,2.0,0.4,0.2,0.2
IA-SEN,senate,IA,19079,2148,3143,27,0,5318,-18.8,-33.69,87.7,0.5,7.5,1.8,0.2,0.0
IA-SEN,senate,IA,19081,1365,2772,21,0,4158,-34.01,-48.01,92.8,0.5,4.2,0.2,0.2,0.0
IA-SEN,senate,IA,19083,2237,3656,30,0,5922,-24.08,-38.8,92.5,0.6,3.9,0.5,0.2,0.0
IA-SEN,senate,IA,19085,1977,3566,28,0,5572,-28.66,-42.52,95.8,0.2,1.4,0.3,0.1,0.0
IA-SEN,senate,IA,19087,2587,4100,34,0,6720,-22.63,-36.51,87.9,2.6,4.3,2.2,0.3,0.0
IA-SEN,senate,IA,19089,1392,1987,17,0,3395,-17.61,-32.2,95.2,0.2,2.1,0.3,0.3,0.1
IA-SEN,senate,IA,19091,1125,2416,18,0,3559,-36.46,-50.62,93.9,0.4,3.2,0.2,0.1,0.0
IA-SEN,senate,IA,19093,756,1790,13,0,2559,-40.63,-54.07,94.8,0.4,2.9,0.3,0.0,0.1
IA-SEN,senate,IA,19095,2869,3845,34,0,6748,-14.55,-28.18,94.3,0.6,2.2,0.6,0.2,0.0
IA-SEN,senate,IA,19097,3089,4435,38,0,7561,-17.89,-32.96,95.4,0.5,1.0,0.2,0.1,0.9
IA-SEN,senate,IA,19099,6099,7970,71,0,14139,-13.3,-28.02,92.5,1.7,2.3,0.6,0.3,0.1
IA-SEN,senate,IA,19101,3125,2688,29,0,5842,7.52,-6.94,87.0,2.8,3.2,3.2,0.2,0.0
IA-SEN,senate,IA,19103,46083,14255,303,0,60641,52.75,38.57,77.8,6.7,5.9,5.9,0.1,0.0
IA-SEN,senate,IA,19105,3350,4298,38,0,7686,-12.39,-26.74,92.9,2.3,2.1,0.3,0.3,0.0
IA-SEN,senate,IA,19107,1125,2463,18,0,3605,-37.29,-52.08,95.5,0.3,1.7,0.1,0.1,0.0
IA-SEN,senate,IA,19109,2036,3813,29,0,5878,-30.37,-44.74,94.2,0.4,3.2,0.5,0.1,0.0
IA-SEN,senate,IA,19111,4905,6378,57,0,11339,-13.06,-28.42,90.5,2.9,2.8,0.4,0.2,0.0
IA-SEN,senate,IA,19113,52990,32645,430,0,86065,23.76,10.05,84.8,6.0,3.2,2.3,0.2,0.2
IA-SEN,senate,IA,19115,1319,2263,18,0,3600,-26.34,-41.55,80.9,0.7,13.6,2.1,0.1,0.0
IA-SEN,senate,IA,19117,1064,2172,16,0,3253,-34.26,-48.83,95.1,0.2,2.1,0.2,0.1,0.0
IA-SEN,senate,IA,19119,1048,3830,25,0,4902,-57.04,-70.44,95.0,0.2,2.8,0.3,0.2,0.4
IA-SEN,senate,IA,19121,2623,4362,35,0,7020,-24.9,-39.06,94.8,0.3,1.6,0.5,0.1,0.0
IA-SEN,senate,IA,19123,2357,5268,38,0,7663,-38.18,-52.21,92.5,1.7,1.8,1.2,0.2,0.1
IA-SEN,senate,IA,19125,5163,8466,68,0,13697,-24.23,-38.3,93.7,0.6,1.7,1.2,0.2,0.0
IA-SEN,senate,IA,19127,5961,6068,60,0,12089,-0.89,-15.82,74.3,1.8,18.1,3.3,0.4,0.1
IA-SEN,senate,IA,19129,2115,3634,29,0,5778,-26.43,-39.56,93.6,0.4,2.2,0.3,0.2,0.1
IA-SEN,senate,IA,19131,1657,2363,20,0,4040,-17.55,-31.57,96.0,0.3,1.4,0.4,0.0,0.0
IA-SEN,senate,IA,19133,1106,2124,16,0,3246,-31.52,-45.87,93.5,0.2,2.2,0.4,1.3,0.0
IA-SEN,senate,IA,19135,916,1981,15,0,2911,-36.78,-51.19,96.0,0.3,1.1,0.3,0.1,0.0
IA-SEN,senate,IA,19137,1291,2244,18,0,3552,-26.97,-39.61,94.2,0.3,2.5,0.2,0.2,0.0
IA-SEN,senate,IA,19139,6869,6888,69,0,13826,-0.14,-15.18,79.5,2.1,15.0,0.9,0.1,0.0
IA-SEN,senate,IA,19141,1364,3878,26,0,5268,-47.95,-61.54,91.6,0.9,5.2,0.5,0.2,0.1
IA-SEN,senate,IA,19143,543,1706,11,0,2261,-51.7,-65.07,88.5,0.4,8.1,0.4,0.3,0.5
IA-SEN,senate,IA,19145,1779,3321,26,0,5126,-30.24,-42.88,90.5,2.8,2.5,0.8,0.4,0.0
IA-SEN,senate,IA,19147,1204,2266,17,0,3488,-30.58,-45.54,94.7,0.5,2.4,0.3,0.2,0.0
IA-SEN,senate,IA,19149,2873,6859,49,0,9781,-40.97,-54.9,91.4,1.1,4.7,0.5,0.2,0.4
IA-SEN,senate,IA,19151,743,1752,13,0,2508,-40.46,-54.81,92.2,0.7,3.8,0.3,0.2,0.2
IA-SEN,senate,IA,19153,111747,67127,899,0,179773,24.94,11.03,77.6,6.2,8.0,4.7,0.2,0.1
IA-SEN,senate,IA,19155,14451,16585,156,0,31192,-6.88,-20.24,87.0,1.8,6.5,0.9,0.4,0.1
IA-SEN,senate,IA,19157,3390,3584,35,0,7009,-2.79,-17.21,91.9,1.8,2.5,1.3,0.3,0.1
IA-SEN,senate,IA,19159,587,1284,9,0,1880,-37.26,-51.9,96.3,0.0,1.0,0.2,0.2,0.0
IA-SEN,senate,IA,19161,1172,2631,19,0,3822,-38.35,-52.16,94.8,0.4,2.7,0.3,0.1,0.0
IA-SEN,senate,IA,19163,34777,27998,315,0,63091,10.8,-3.95,80.7,7.0,5.7,2.7,0.2,0.0
IA-SEN,senate,IA,19165,1582,2949,23,0,4554,-30.17,-43.5,94.0,0.3,2.7,0.4,0.3,0.0
IA-SEN,senate,IA,19167,2765,10471,67,0,13303,-58.22,-71.88,86.9,0.3,10.9,0.6,0.2,0.0
IA-SEN,senate,IA,19169,21571,12921,173,0,34666,25.08,10.53,82.0,2.8,4.8,5.7,0.2,0.0
IA-SEN,senate,IA,19171,2625,3376,30,0,6031,-12.51,-27.33,81.6,0.7,8.2,0.5,6.3,0.0
IA-SEN,senate,IA,19173,621,1525,11,0,2157,-42.09,-56.28,91.7,0.0,5.4,0.3,0.3,0.0
IA-SEN,senate,IA,19175,1627,2561,21,0,4209,-22.31,-36.67,93.4,0.9,2.7,0.4,0.2,0.1
IA-SEN,senate,IA,19177,729,1796,13,0,2538,-42.27,-56.33,96.1,0.3,1.0,0.4,0.1,0.0
IA-SEN,senate,IA,19179,4228,5929,51,0,10209,-16.75,-31.88,81.3,3.5,9.6,1.8,0.2,1.0
IA-SEN,senate,IA,19181,10616,12233,115,0,22963,-7.07,-21.04,92.9,0.8,2.5,0.7,0.2,0.0
IA-SEN,senate,IA,19183,3598,4473,41,0,8112,-10.83,-24.72,90.7,0.7,5.5,0.5,0.1,0.0
IA-SEN,senate,IA,19185,616,1560,11,0,2187,-43.38,-58.1,96.6,0.1,0.6,0.4,0.2,0.0
IA-SEN,senate,IA,19187,4858,6807,59,0,11724,-16.71,-31.59,87.1,4.9,4.4,0.8,0.3,0.1
IA-SEN,senate,IA,19189,1628,2302,20,0,3950,-17.17,-31.15,90.5,1.9,4.4,1.0,0.1,0.0
IA-SEN,senate,IA,19191,4379,3964,42,0,8385,4.98,-9.41,94.1,0.6,2.4,0.9,0.1,0.1
IA-SEN,senate,IA,19193,13631,16264,150,0,30046,-8.81,-23.33,73.1,4.2,14.5,3.0,1.6,0.5
IA-SEN,senate,IA,19195,1273,1714,15,0,3001,-14.77,-28.58,94.8,0.6,2.0,0.3,0.1,0.0
IA-SEN,senate,IA,19197,1527,2459,20,0,4006,-23.38,-37.04,83.4,0.5,13.6,0.5,0.1,0.1
ID-SEN,senate,ID,16001,0,79098,99743,8213,187053,11.54,-10.64,82.7,1.3,7.9,2.8,0.5,0.2
ID-SEN,senate,ID,16003,0,1206,587,82,1876,-34.54,-55.85,92.4,0.1,2.9,0.2,0.7,0.0
ID-SEN,senate,ID,16005,0,13940,12796,1228,27964,-4.28,-25.94,83.0,0.9,7.9,1.5,2.9,0.3
ID-SEN,senate,ID,16007,0,1754,470,102,2326,-57.73,-78.73,94.4,0.1,2.8,0.3,0.5,0.0
ID-SEN,senate,ID,16009,0,2427,1014,158,3599,-41.06,-62.82,83.6,0.1,2.2,0.3,7.1,0.2
ID-SEN,senate,ID,16011,0,9626,4187,634,14447,-39.38,-61.35,74.8,0.2,15.7,0.5,6.0,0.1
ID-SEN,senate,ID,16013,0,1991,6759,402,9151,54.5,32.65,78.6,0.2,16.8,0.9,0.1,0.0
ID-SEN,senate,ID,16015,0,2188,1096,151,3435,-33.27,-55.55,89.8,0.3,3.6,0.6,0.8,0.0
ID-SEN,senate,ID,16017,0,12316,7556,912,20784,-23.95,-47.25,91.1,0.2,2.6,0.5,0.7,0.1
ID-SEN,senate,ID,16019,0,23752,13996,1733,39481,-25.85,-46.95,83.0,0.5,11.7,1.3,0.6,0.1
ID-SEN,senate,ID,16021,0,3432,1324,218,4974,-44.32,-67.0,88.3,0.3,5.3,0.7,1.2,0.1
ID-SEN,senate,ID,16023,0,764,235,46,1045,-52.91,-74.54,91.8,0.1,4.5,0.1,0.6,0.0
ID-SEN,senate,ID,16025,0,329,158,22,509,-35.07,-56.29,89.7,0.0,4.0,1.0,0.0,0.0
ID-SEN,senate,ID,16027,0,42425,25149,3103,70677,-25.57,-47.84,71.3,0.6,21.9,1.0,0.6,0.3
ID-SEN,senate,ID,16029,0,1729,533,104,2365,-52.87,-73.35,91.7,0.0,4.9,0.1,0.6,0.3
ID-SEN,senate,ID,16031,0,4776,1617,294,6687,-49.4,-70.83,69.6,0.2,26.6,0.6,0.6,0.1
ID-SEN,senate,ID,16033,0,166,57,10,233,-48.95,-69.7,63.6,0.2,31.2,0.2,0.3,0.0
ID-SEN,senate,ID,16035,0,2100,856,136,3092,-42.08,-64.2,91.0,0.5,2.8,0.6,1.5,0.0
ID-SEN,senate,ID,16037,0,1190,583,81,1854,-34.22,-54.64,92.0,0.1,2.9,0.4,0.8,0.0
ID-SEN,senate,ID,16039,0,4587,2552,328,7466,-28.51,-49.8,72.4,2.5,15.4,3.0,0.8,0.3
ID-SEN,senate,ID,16041,0,3820,985,221,5026,-58.99,-79.86,91.0,0.1,6.2,0.2,0.5,0.0
ID-SEN,senate,ID,16043,0,3411,1140,209,4760,-49.9,-71.09,86.0,0.2,10.2,0.3,0.6,0.2
ID-SEN,senate,ID,16045,0,5166,1937,326,7430,-45.45,-67.35,86.4,0.2,7.1,0.6,0.7,0.1
ID-SEN,senate,ID,16047,0,2771,1188,182,4140,-39.99,-61.91,69.2,0.2,26.6,0.3,0.5,0.0
ID-SEN,senate,ID,16049,0,4737,1661,294,6691,-48.09,-69.69,90.0,0.3,2.9,0.4,2.3,0.0
ID-SEN,senate,ID,16051,0,8188,2395,486,11068,-54.74,-75.4,86.8,0.2,9.6,0.5,0.4,0.1
ID-SEN,senate,ID,16053,0,3541,1774,244,5559,-33.25,-55.07,63.7,0.1,32.7,0.4,0.4,0.1
ID-SEN,senate,ID,16055,0,41885,22570,2959,67414,-29.97,-53.04,88.8,0.2,4.2,0.9,0.9,0.1
ID-SEN,senate,ID,16057,0,5753,7930,628,14312,15.91,-8.27,85.8,0.8,5.0,2.6,0.6,0.1
ID-SEN,senate,ID,16059,0,2208,1052,150,3410,-35.48,-56.33,92.1,0.2,3.1,0.4,0.7,0.1
ID-SEN,senate,ID,16061,0,891,344,57,1291,-44.29,-66.26,87.7,0.2,3.0,0.3,4.9,0.0
ID-SEN,senate,ID,16063,0,873,409,59,1341,-36.14,-57.8,66.4,0.1,29.0,0.2,0.5,0.1
ID-SEN,senate,ID,16065,0,8512,3102,533,12147,-46.58,-66.85,83.3,1.5,9.7,2.1,0.3,0.4
ID-SEN,senate,ID,16067,0,3792,1525,244,5560,-42.64,-64.68,63.3,0.1,33.4,0.3,0.5,0.0
ID-SEN,senate,ID,16069,0,7916,5551,618,14085,-17.57,-39.62,86.2,0.4,3.3,0.9,5.0,0.1
ID-SEN,senate,ID,16071,0,1296,347,75,1719,-57.73,-78.67,94.0,0.0,3.4,0.2,0.2,0.0
ID-SEN,senate,ID,16073,0,2719,1249,182,4150,-37.06,-55.56,71.1,0.2,21.4,0.4,3.0,0.1
ID-SEN,senate,ID,16075,0,5602,2265,361,8228,-42.41,-64.17,79.0,0.2,14.0,0.9,0.7,0.1
ID-SEN,senate,ID,16077,0,1255,766,93,2113,-24.21,-46.43,66.6,0.2,28.1,0.3,2.3,0.1
ID-SEN,senate,ID,16079,0,2615,1486,188,4290,-27.54,-50.7,90.8,0.1,2.6,0.4,1.1,0.0
ID-SEN,senate,ID,16081,0,1621,2858,206,4685,27.63,7.08,82.0,0.2,14.3,0.6,0.2,0.0
ID-SEN,senate,ID,16083,0,16089,8915,1148,26152,-28.69,-50.15,78.7,0.9,14.6,1.6,0.6,0.2
ID-SEN,senate,ID,16085,0,2354,2488,222,5064,2.79,-18.99,90.6,0.1,4.2,0.4,0.5,0.0
ID-SEN,senate,ID,16087,0,2621,1095,171,3886,-41.07,-62.86,80.5,0.1,13.2,0.9,0.8,0.1
IL-SEN,senate,IL,17001,6146,15545,643,0,22334,-43.33,-48.13,90.9,3.4,1.6,0.7,0.1,0.0
IL-SEN,senate,IL,17003,673,874,46,0,1593,-12.96,-19.47,64.3,29.7,1.3,0.1,0.5,0.0
IL-SEN,senate,IL,17005,1636,3815,162,0,5612,-39.97,-45.78,84.9,7.4,3.7,0.6,0.3,0.1
IL-SEN,senate,IL,17007,7466,9095,491,0,17051,-9.84,-14.74,73.1,2.0,20.4,1.2,0.2,0.0
IL-SEN,senate,IL,17009,370,1307,50,0,1726,-55.91,-61.16,73.4,19.9,5.1,0.1,0.0,0.0
IL-SEN,senate,IL,17011,4413,6514,324,0,11251,-19.22,-24.76,88.2,0.7,7.5,0.9,0.1,0.0
IL-SEN,senate,IL,17013,457,1368,54,0,1879,-49.93,-57.24,95.8,0.2,0.9,0.2,0.1,0.0
IL-SEN,senate,IL,17015,1953,3389,158,0,5501,-26.87,-32.31,87.8,5.1,4.3,0.3,0.4,0.0
IL-SEN,senate,IL,17017,1113,2450,106,0,3669,-37.52,-44.16,74.3,4.4,17.7,1.0,0.3,0.3
IL-SEN,senate,IL,17019,39502,21856,1820,0,63177,28.76,24.46,63.3,12.1,7.2,13.1,0.1,0.0
IL-SEN,senate,IL,17021,3071,7536,314,0,10922,-42.09,-47.39,92.1,1.2,3.4,0.5,0.2,0.0
IL-SEN,senate,IL,17023,1480,4115,166,0,5761,-47.1,-52.17,95.7,0.3,1.3,0.4,0.2,0.0
IL-SEN,senate,IL,17025,850,3759,137,0,4746,-63.11,-68.37,94.6,0.2,1.3,0.6,0.3,0.0
IL-SEN,senate,IL,17027,3423,9705,389,0,13517,-47.85,-52.83,89.6,3.6,3.3,0.5,0.2,0.0
IL-SEN,senate,IL,17029,5601,9094,436,0,15131,-23.77,-28.96,87.1,4.3,3.5,1.4,0.2,0.1
IL-SEN,senate,IL,17031,1058875,354536,41917,0,1455328,49.83,42.53,43.5,22.2,23.7,8.0,0.1,0.0
IL-SEN,senate,IL,17033,1575,4513,181,0,6269,-48.26,-53.32,90.7,3.8,2.3,0.4,0.2,0.0
IL-SEN,senate,IL,17035,840,3099,117,0,4055,-57.36,-62.75,95.9,0.2,1.0,0.2,0.0,0.0
IL-SEN,senate,IL,17037,17395,14945,959,0,33300,7.58,2.01,74.4,7.8,11.5,2.5,0.1,0.0
IL-SEN,senate,IL,17039,1568,3714,157,0,5439,-40.63,-45.75,94.0,0.5,2.5,0.3,0.1,0.1
IL-SEN,senate,IL,17041,1666,4078,170,0,5915,-42.0,-46.87,89.6,0.3,6.9,0.5,0.2,0.0
IL-SEN,senate,IL,17043,186884,126294,9287,0,322466,19.35,13.54,66.6,4.6,13.5,12.6,0.1,0.0
IL-SEN,senate,IL,17045,1392,3999,160,0,5551,-48.37,-53.26,95.4,0.5,1.1,0.3,0.1,0.0
IL-SEN,senate,IL,17047,370,1870,66,0,2307,-66.95,-71.89,96.6,0.2,0.9,0.4,0.2,0.1
IL-SEN,senate,IL,17049,2830,10195,386,0,13411,-56.55,-61.4,94.6,0.4,1.9,0.7,0.1,0.0
IL-SEN,senate,IL,17051,1311,5235,194,0,6740,-59.95,-65.57,89.7,4.4,3.2,0.3,0.5,0.0
IL-SEN,senate,IL,17053,1247,3224,133,0,4603,-44.21,-48.82,92.5,0.5,3.0,0.4,0.2,0.0
IL-SEN,senate,IL,17055,3281,8781,358,0,12420,-45.6,-51.23,94.2,0.4,1.4,0.3,0.3,0.0
IL-SEN,senate,IL,17057,4504,6519,327,0,11350,-18.28,-24.34,91.1,3.9,2.2,0.2,0.2,0.0
IL-SEN,senate,IL,17059,437,1287,51,0,1775,-49.3,-54.83,95.4,0.6,0.9,0.3,0.1,0.0
IL-SEN,senate,IL,17061,964,3166,122,0,4253,-53.31,-58.92,96.2,0.2,0.7,0.2,0.1,0.0
IL-SEN,senate,IL,17063,6868,11265,538,0,18670,-24.25,-30.05,85.5,1.5,8.9,0.9,0.1,0.0
IL-SEN,senate,IL,17065,591,2261,85,0,2936,-58.56,-64.16,95.6,0.4,0.8,0.1,0.2,0.0
IL-SEN,senate,IL,17067,1676,4516,184,0,6375,-45.86,-50.89,95.3,0.4,1.5,0.3,0.2,0.0
IL-SEN,senate,IL,17069,285,1030,39,0,1353,-56.69,-62.48,94.4,0.3,1.1,0.5,0.0,0.0
IL-SEN,senate,IL,17071,790,1570,70,0,2429,-33.05,-39.56,95.5,0.3,1.4,0.2,0.1,0.1
IL-SEN,senate,IL,17073,6896,10225,508,0,17629,-19.45,-24.95,89.8,1.9,5.1,0.4,0.1,0.0
IL-SEN,senate,IL,17075,2117,6963,269,0,9350,-53.37,-58.13,89.6,0.7,6.0,0.4,0.2,0.0
IL-SEN,senate,IL,17077,8285,7068,455,0,15808,7.93,3.54,73.4,12.8,4.7,4.3,0.2,0.0
IL-SEN,senate,IL,17079,731,2967,110,0,3807,-60.46,-65.98,96.6,0.2,0.8,0.2,0.2,0.0
IL-SEN,senate,IL,17081,3240,8118,337,0,11695,-42.95,-48.38,86.1,7.1,2.0,1.0,0.2,0.0
IL-SEN,senate,IL,17083,2164,5815,237,0,8216,-45.75,-51.03,94.2,0.7,1.3,0.3,0.1,0.0
IL-SEN,senate,IL,17085,3724,4755,251,0,8731,-12.16,-17.11,94.1,0.4,2.9,0.4,0.1,0.0
IL-SEN,senate,IL,17087,947,3203,123,0,4273,-54.36,-58.9,79.9,12.8,4.6,0.2,0.2,0.0
IL-SEN,senate,IL,17089,87162,64012,4483,0,155656,15.31,9.49,59.0,4.9,29.2,4.2,0.1,0.0
IL-SEN,senate,IL,17091,13790,18701,963,0,33454,-15.12,-21.18,72.2,13.6,9.6,1.0,0.2,0.0
IL-SEN,senate,IL,17093,24196,21049,1342,0,46586,6.96,1.55,67.7,7.1,18.2,3.6,0.1,0.0
IL-SEN,senate,IL,17095,7280,7829,448,0,15557,-3.63,-9.56,81.9,8.2,5.2,0.8,0.1,0.0
IL-SEN,senate,IL,17097,134835,78329,6321,0,219485,26.51,21.06,61.0,6.5,21.3,8.1,0.1,0.0
IL-SEN,senate,IL,17099,15587,20236,1062,0,36885,-12.98,-18.72,85.2,2.3,8.4,0.8,0.1,0.0
IL-SEN,senate,IL,17101,998,3152,123,0,4273,-51.92,-57.22,82.2,11.1,3.4,0.4,0.1,0.1
IL-SEN,senate,IL,17103,4543,6452,326,0,11322,-17.36,-22.65,84.1,6.2,5.8,0.8,0.1,0.0
IL-SEN,senate,IL,17105,3297,8005,335,0,11637,-41.66,-47.04,89.2,3.4,4.3,0.5,0.1,0.0
IL-SEN,senate,IL,17107,2689,5893,254,0,8836,-37.33,-42.39,87.5,6.2,2.7,0.7,0.2,0.0
IL-SEN,senate,IL,17109,3535,4641,242,0,8418,-13.52,-19.2,85.7,5.4,3.3,2.2,0.2,0.0
IL-SEN,senate,IL,17111,55264,55612,3288,0,114163,-0.31,-5.37,80.2,1.2,12.6,2.9,0.1,0.0
IL-SEN,senate,IL,17113,32308,26917,1756,0,60982,9.1,4.96,78.4,8.1,5.3,4.5,0.1,0.0
IL-SEN,senate,IL,17115,13276,17666,917,0,31859,-14.19,-19.19,76.2,16.4,2.1,1.4,0.2,0.0
IL-SEN,senate,IL,17117,5238,10743,474,0,16455,-34.45,-39.96,93.9,0.8,1.0,0.4,0.3,0.0
IL-SEN,senate,IL,17119,41345,49483,2693,0,93521,-8.96,-13.5,82.6,8.6,3.4,1.0,0.2,0.0
IL-SEN,senate,IL,17121,3164,8261,339,0,11764,-44.61,-50.18,89.7,3.5,1.5,1.1,0.2,0.0
IL-SEN,senate,IL,17123,1426,2740,124,0,4290,-31.52,-36.57,93.7,0.6,2.2,0.5,0.1,0.0
IL-SEN,senate,IL,17125,1368,2985,129,0,4482,-37.14,-43.15,95.1,0.3,1.2,0.2,0.2,0.0
IL-SEN,senate,IL,17127,1266,3292,135,0,4693,-44.46,-49.17,87.6,6.0,1.8,0.3,0.3,0.0
IL-SEN,senate,IL,17129,1379,2988,129,0,4497,-36.84,-42.08,94.9,0.5,1.0,0.3,0.2,0.0
IL-SEN,senate,IL,17131,2221,3472,169,0,5862,-21.98,-27.74,94.1,0.4,2.3,0.2,0.2,0.0
IL-SEN,senate,IL,17133,4840,9448,424,0,14712,-32.25,-36.93,94.3,0.3,1.5,0.5,0.1,0.0
IL-SEN,senate,IL,17135,2732,6275,267,0,9274,-39.34,-44.82,90.9,3.9,1.8,0.5,0.2,0.0
IL-SEN,senate,IL,17137,3587,6373,295,0,10256,-27.97,-32.92,88.0,5.8,2.3,0.7,0.2,0.0
IL-SEN,senate,IL,17139,1224,3228,132,0,4584,-45.03,-49.77,95.3,0.5,1.2,0.4,0.2,0.0
IL-SEN,senate,IL,17141,6658,10952,522,0,18132,-24.38,-29.87,86.3,0.9,9.1,0.5,0.2,0.0
IL-SEN,senate,IL,17143,29733,24467,1607,0,55807,9.72,4.74,70.9,16.3,4.7,4.1,0.2,0.0
IL-SEN,senate,IL,17145,1681,4619,187,0,6487,-46.65,-52.81,84.5,9.2,3.2,0.6,0.2,0.0
IL-SEN,senate,IL,17147,2381,4109,192,0,6683,-26.63,-31.16,94.8,0.4,1.1,0.4,0.2,0.0
IL-SEN,senate,IL,17149,1045,4072,152,0,5269,-59.17,-64.75,94.8,0.4,1.4,0.3,0.2,0.1
IL-SEN,senate,IL,17151,320,1132,43,0,1495,-55.92,-60.64,93.7,1.2,1.6,0.2,0.0,0.0
IL-SEN,senate,IL,17153,579,1044,48,0,1670,-28.66,-34.61,62.9,28.3,4.4,0.3,0.7,0.0
IL-SEN,senate,IL,17155,937,1340,67,0,2344,-17.7,-23.26,91.8,0.4,4.7,0.4,0.1,0.1
IL-SEN,senate,IL,17157,2641,7132,290,0,10063,-45.95,-50.86,84.8,8.7,3.0,0.3,0.2,0.0
IL-SEN,senate,IL,17159,1333,3952,157,0,5441,-49.56,-54.24,94.7,0.5,1.2,0.8,0.2,0.0
IL-SEN,senate,IL,17161,24878,18414,1284,0,44576,14.93,9.75,72.4,9.8,11.5,2.5,0.2,0.0
IL-SEN,senate,IL,17163,46231,35740,2431,0,84401,12.8,8.01,61.8,28.2,4.0,1.5,0.2,0.1
IL-SEN,senate,IL,17165,1990,5238,214,0,7442,-44.94,-49.66,91.1,2.6,1.6,0.5,0.3,0.0
IL-SEN,senate,IL,17167,33734,34100,2011,0,69845,-0.54,-5.05,80.1,11.5,2.3,2.2,0.2,0.0
IL-SEN,senate,IL,17169,745,1817,76,0,2637,-41.84,-47.79,90.5,3.9,1.7,0.3,0.4,0.0
IL-SEN,senate,IL,17171,388,1374,52,0,1815,-55.95,-61.86,96.6,0.0,0.9,0.3,0.0,0.0
IL-SEN,senate,IL,17173,1774,6183,236,0,8194,-55.4,-61.07,96.5,0.3,0.8,0.3,0.1,0.0
IL-SEN,senate,IL,17175,559,1321,56,0,1936,-40.49,-46.45,95.1,0.2,1.9,0.4,0.2,0.0
IL-SEN,senate,IL,17177,6151,8179,425,0,14755,-14.15,-19.73,83.5,8.7,3.8,0.7,0.2,0.0
IL-SEN,senate,IL,17179,18043,28492,1380,0,47915,-22.45,-27.14,92.6,1.2,1.9,0.8,0.2,0.0
IL-SEN,senate,IL,17181,1735,3887,167,0,5789,-38.29,-43.73,90.4,1.5,3.9,0.3,0.3,0.1
IL-SEN,senate,IL,17183,6996,13165,598,0,20759,-30.6,-36.25,79.4,12.2,4.2,0.9,0.2,0.0
IL-SEN,senate,IL,17185,918,2749,109,0,3776,-49.91,-54.67,93.1,0.3,1.2,2.6,0.1,0.1
IL-SEN,senate,IL,17187,2048,3031,151,0,5230,-19.34,-25.62,83.4,3.4,8.6,1.6,0.2,0.1
IL-SEN,senate,IL,17189,1207,3958,153,0,5318,-53.25,-58.05,95.2,0.5,1.4,0.4,0.1,0.1
IL-SEN,senate,IL,17191,928,4710,167,0,5805,-67.08,-71.74,95.8,0.4,0.9,0.3,0.2,0.0
IL-SEN,senate,IL,17193,1083,3735,143,0,4961,-55.06,-60.15,94.4,0.6,1.2,0.4,0.2,0.1
IL-SEN,senate,IL,17195,8262,9789,535,0,18586,-8.46,-15.0,84.4,1.2,10.7,0.6,0.1,0.0
IL-SEN,senate,IL,17197,120746,102883,6631,0,230260,7.99,1.62,63.4,11.3,16.4,6.0,0.1,0.0
IL-SEN,senate,IL,17199,7377,15179,669,0,23225,-34.59,-39.28,88.3,4.0,2.1,1.1,0.4,0.0
IL-SEN,senate,IL,17201,43826,39129,2460,0,85415,5.66,0.57,69.2,12.0,12.0,2.8,0.2,0.0
IL-SEN,senate,IL,17203,4497,9958,429,0,14883,-37.78,-42.7,94.5,0.6,1.4,0.6,0.1,0.0
KS-SEN,senate,KS,20001,1287,2555,78,0,3920,-32.99,-47.2,89.6,1.6,3.3,0.6,1.0,0.0
KS-SEN,senate,KS,20003,699,1902,53,0,2654,-46.25,-60.75,93.4,0.4,1.8,0.5,0.7,0.0
KS-SEN,senate,KS,20005,1902,3076,101,0,5078,-23.58,-38.1,87.1,4.7,3.4,0.6,0.5,0.0
KS-SEN,senate,KS,20007,300,1189,30,0,1519,-59.72,-73.11,92.4,0.1,2.6,0.4,0.7,0.0
KS-SEN,senate,KS,20009,2023,5228,147,0,7399,-44.2,-57.61,81.8,1.1,13.0,0.4,0.4,0.0
KS-SEN,senate,KS,20011,1330,3179,92,0,4600,-41.02,-55.2,88.4,3.4,1.9,0.7,0.6,0.0
KS-SEN,senate,KS,20013,939,1982,59,0,2981,-35.73,-48.93,83.7,1.1,2.7,0.3,7.6,0.1
KS-SEN,senate,KS,20015,7862,14253,449,0,22565,-28.9,-42.04,86.2,2.3,4.4,1.4,0.7,0.1
KS-SEN,senate,KS,20017,310,693,20,0,1023,-38.1,-51.6,87.1,0.9,8.6,0.4,0.1,0.0
KS-SEN,senate,KS,20019,216,831,21,0,1069,-58.69,-72.05,85.6,0.7,3.8,0.6,4.5,0.0
KS-SEN,senate,KS,20021,1808,4172,121,0,6102,-39.52,-53.94,86.1,0.4,2.0,0.3,3.7,0.1
KS-SEN,senate,KS,20023,212,763,20,0,995,-56.52,-70.38,87.6,0.3,6.9,0.6,0.0,0.0
KS-SEN,senate,KS,20025,138,557,14,0,710,-60.2,-74.1,87.6,0.1,7.7,0.9,0.9,0.1
KS-SEN,senate,KS,20027,798,2023,57,0,2879,-43.4,-56.83,93.4,0.6,2.0,0.7,0.4,0.0
KS-SEN,senate,KS,20029,741,2035,56,0,2833,-46.6,-61.51,91.8,1.5,3.1,0.4,0.4,0.1
KS-SEN,senate,KS,20031,851,2152,61,0,3064,-43.3,-56.61,93.0,0.5,2.0,0.5,0.4,0.0
KS-SEN,senate,KS,20033,130,470,12,0,612,-56.72,-69.66,92.5,0.2,4.2,0.0,0.2,0.1
KS-SEN,senate,KS,20035,3391,5874,188,0,9453,-26.8,-40.97,79.3,2.7,9.2,1.5,1.7,0.4
KS-SEN,senate,KS,20037,4951,6255,228,0,11434,-11.64,-25.74,84.6,2.2,5.4,1.3,0.8,0.4
KS-SEN,senate,KS,20039,216,780,20,0,1016,-56.71,-69.97,94.0,0.4,2.0,0.5,0.3,0.0
KS-SEN,senate,KS,20041,1814,4459,127,0,6401,-42.16,-55.81,91.3,0.6,3.8,0.5,0.5,0.1
KS-SEN,senate,KS,20043,609,1845,50,0,2504,-50.36,-64.48,88.5,4.2,2.3,0.5,1.0,0.2
KS-SEN,senate,KS,20045,30352,9470,808,0,40630,52.44,38.63,77.9,4.3,6.1,4.2,2.2,0.1
KS-SEN,senate,KS,20047,211,660,18,0,888,-51.59,-66.06,78.8,0.6,17.7,0.0,0.7,0.0
KS-SEN,senate,KS,20049,195,722,19,0,937,-57.41,-70.93,92.0,0.1,2.3,0.2,1.5,0.0
KS-SEN,senate,KS,20051,3095,6174,188,0,9457,-33.21,-47.02,88.2,1.1,6.3,0.9,0.2,0.0
KS-SEN,senate,KS,20053,568,1324,38,0,1931,-39.91,-53.13,85.5,4.8,5.6,0.4,0.7,0.0
KS-SEN,senate,KS,20055,2970,4427,150,0,7547,-19.69,-35.32,42.6,3.7,46.9,4.0,0.5,0.0
KS-SEN,senate,KS,20057,2133,3509,115,0,5757,-24.38,-39.06,42.4,2.8,51.3,1.3,0.4,0.0
KS-SEN,senate,KS,20059,3178,5541,177,0,8895,-27.1,-40.94,89.2,1.3,3.8,0.4,0.8,0.0
KS-SEN,senate,KS,20061,3017,3269,128,0,6414,-4.0,-18.01,56.8,17.0,14.0,3.8,0.6,1.2
KS-SEN,senate,KS,20063,171,787,19,0,977,-64.25,-78.21,93.4,0.1,2.5,0.5,0.1,0.0
KS-SEN,senate,KS,20065,208,675,18,0,901,-52.98,-66.8,91.5,2.5,1.8,0.4,0.4,0.0
KS-SEN,senate,KS,20067,389,1134,31,0,1554,-48.9,-63.89,49.4,0.2,46.8,0.2,0.8,0.1
KS-SEN,senate,KS,20069,327,1177,31,0,1535,-56.51,-70.01,84.7,0.2,12.5,0.2,0.1,0.0
KS-SEN,senate,KS,20071,80,327,8,0,415,-60.71,-74.36,83.1,0.0,13.0,0.5,0.0,0.0
KS-SEN,senate,KS,20073,511,1468,40,0,2019,-48.38,-61.9,91.5,0.5,2.3,0.5,0.7,0.0
KS-SEN,senate,KS,20075,129,430,11,0,570,-53.73,-67.33,58.4,0.4,38.4,0.3,0.5,0.0
KS-SEN,senate,KS,20077,424,1328,36,0,1788,-51.58,-65.17,88.6,0.3,6.1,0.4,1.4,0.0
KS-SEN,senate,KS,20079,5081,5955,224,0,11260,-7.92,-21.46,83.4,1.7,9.9,0.7,0.6,0.0
KS-SEN,senate,KS,20081,217,660,18,0,895,-50.52,-65.09,71.5,0.2,26.1,0.0,0.2,0.0
KS-SEN,senate,KS,20083,140,523,13,0,676,-57.77,-71.46,93.1,0.5,3.4,0.8,0.3,0.0
KS-SEN,senate,KS,20085,1568,2874,90,0,4532,-29.4,-43.39,82.6,0.8,3.7,0.3,7.5,0.1
KS-SEN,senate,KS,20087,2624,4187,138,0,6949,-22.95,-37.68,91.5,0.6,2.4,0.2,0.7,0.2
KS-SEN,senate,KS,20089,202,878,22,0,1102,-62.67,-77.23,95.1,0.1,1.3,0.3,0.3,0.0
KS-SEN,senate,KS,20091,143210,92652,4789,0,240650,21.44,8.65,78.2,4.5,7.5,5.4,0.3,0.1
KS-SEN,senate,KS,20093,200,692,18,0,911,-55.09,-69.86,65.2,0.7,30.6,0.0,0.1,0.0
KS-SEN,senate,KS,20095,711,1997,55,0,2763,-47.49,-61.11,92.7,0.3,2.7,0.4,0.4,0.1
KS-SEN,senate,KS,20097,155,604,15,0,775,-59.08,-72.34,89.3,2.1,3.0,0.5,0.1,0.2
KS-SEN,senate,KS,20099,2042,3392,110,0,5545,-24.83,-38.81,82.5,4.2,3.9,0.5,2.0,0.1
KS-SEN,senate,KS,20101,117,461,12,0,590,-59.49,-72.93,89.9,0.0,6.7,0.0,0.6,0.2
KS-SEN,senate,KS,20103,11338,13736,509,0,25583,-9.56,-23.26,78.3,8.8,5.7,1.4,0.8,0.2
KS-SEN,senate,KS,20105,245,789,21,0,1055,-52.7,-66.28,92.6,0.3,3.3,0.3,0.6,0.0
KS-SEN,senate,KS,20107,835,2606,70,0,3511,-51.46,-65.47,92.7,0.4,1.9,0.3,0.6,0.1
KS-SEN,senate,KS,20109,192,768,20,0,980,-59.98,-73.27,91.2,0.0,5.6,0.2,0.0,0.0
KS-SEN,senate,KS,20111,4513,4582,185,0,9279,-0.76,-15.0,72.7,2.0,19.1,1.9,0.4,0.0
KS-SEN,senate,KS,20113,3467,6210,196,0,9873,-28.35,-41.88,89.1,1.7,4.4,0.8,0.3,0.0
KS-SEN,senate,KS,20115,1276,2751,82,0,4109,-36.63,-50.22,92.4,1.1,3.0,0.3,0.3,0.0
KS-SEN,senate,KS,20117,1082,2327,69,0,3478,-36.53,-50.3,95.0,0.3,1.7,0.4,0.3,0.0
KS-SEN,senate,KS,20119,250,913,24,0,1186,-57.09,-70.49,79.4,0.7,15.6,0.4,0.3,0.0
KS-SEN,senate,KS,20121,4693,8126,260,0,13079,-26.78,-40.28,90.8,1.3,2.7,0.5,0.4,0.0
KS-SEN,senate,KS,20123,521,1655,44,0,2220,-52.11,-66.33,94.7,0.2,2.0,0.3,0.3,0.0
KS-SEN,senate,KS,20125,2637,5899,173,0,8708,-38.22,-51.98,78.2,4.9,6.0,0.6,2.9,0.1
KS-SEN,senate,KS,20127,630,1285,39,0,1954,-34.2,-47.41,92.0,0.1,3.5,0.4,0.1,0.0
KS-SEN,senate,KS,20129,142,586,15,0,742,-61.05,-74.81,74.8,0.8,19.1,1.1,0.5,0.3
KS-SEN,senate,KS,20131,882,2973,78,0,3934,-54.24,-67.96,95.0,0.6,1.9,0.4,0.3,0.1
KS-SEN,senate,KS,20133,1512,3142,94,0,4749,-35.01,-49.05,88.3,0.9,4.5,0.5,0.8,0.1
KS-SEN,senate,KS,20135,156,779,19,0,954,-66.55,-80.66,89.2,0.1,8.0,0.0,0.4,0.0
KS-SEN,senate,KS,20137,345,1212,32,0,1589,-55.66,-68.94,86.8,4.3,5.2,0.8,0.7,0.0
KS-SEN,senate,KS,20139,1766,3649,110,0,5524,-34.78,-49.34,93.5,0.2,2.1,0.4,0.3,0.0
KS-SEN,senate,KS,20141,264,953,25,0,1242,-56.57,-69.97,94.8,0.0,1.7,0.6,0.7,0.0
KS-SEN,senate,KS,20143,473,1587,42,0,2102,-54.08,-67.74,93.1,0.5,2.1,0.1,0.5,0.0
KS-SEN,senate,KS,20145,562,1273,37,0,1872,-38.77,-52.44,84.0,4.7,7.0,0.4,0.4,0.0
KS-SEN,senate,KS,20147,358,1526,38,0,1923,-61.99,-75.36,94.5,0.3,1.8,0.4,0.2,0.0
KS-SEN,senate,KS,20149,2991,6252,188,0,9430,-35.28,-48.6,89.6,1.1,4.1,0.7,0.5,0.1
KS-SEN,senate,KS,20151,850,1951,57,0,2857,-39.32,-52.4,87.7,1.4,6.5,0.5,0.5,0.1
KS-SEN,senate,KS,20153,192,771,20,0,982,-60.2,-74.31,91.0,0.5,4.2,0.5,0.2,0.0
KS-SEN,senate,KS,20155,7232,11250,375,0,18858,-21.74,-35.2,83.6,3.0,8.2,0.6,0.7,0.1
KS-SEN,senate,KS,20157,390,1286,34,0,1710,-53.49,-66.96,95.3,0.4,1.3,0.2,0.2,0.2
KS-SEN,senate,KS,20159,767,1954,55,0,2776,-43.62,-57.67,82.5,1.7,11.1,0.4,0.5,0.0
KS-SEN,senate,KS,20161,9641,7040,339,0,17019,15.59,1.83,74.0,6.5,9.4,4.8,0.4,0.3
KS-SEN,senate,KS,20163,355,1383,35,0,1774,-59.15,-72.1,94.2,0.7,1.9,0.1,0.1,0.1
KS-SEN,senate,KS,20165,262,840,22,0,1124,-52.51,-66.56,93.9,0.2,3.7,0.5,0.1,0.0
KS-SEN,senate,KS,20167,570,1695,46,0,2311,-49.69,-62.47,92.2,0.9,2.5,0.5,0.5,0.0
KS-SEN,senate,KS,20169,6476,9459,324,0,16258,-18.72,-32.17,80.2,3.2,9.6,2.1,0.4,0.1
KS-SEN,senate,KS,20171,276,1189,30,0,1494,-62.31,-76.28,79.2,0.3,16.6,0.3,0.4,0.1
KS-SEN,senate,KS,20173,73110,73814,2983,0,149907,-0.48,-14.06,68.3,8.3,13.0,4.5,0.9,0.1
KS-SEN,senate,KS,20175,1196,1936,64,0,3195,-23.62,-39.65,32.3,3.2,59.7,2.7,0.4,0.0
KS-SEN,senate,KS,20177,32107,24027,1140,0,57274,14.39,0.51,74.5,7.4,10.8,1.4,0.9,0.1
KS-SEN,senate,KS,20179,154,788,19,0,961,-67.33,-81.4,92.8,0.0,4.1,0.4,0.4,0.1
KS-SEN,senate,KS,20181,386,1393,36,0,1815,-56.59,-70.16,83.3,2.2,11.1,0.3,0.3,0.0
KS-SEN,senate,KS,20183,305,1071,28,0,1404,-55.65,-69.62,95.2,0.2,1.6,0.3,0.5,0.0
KS-SEN,senate,KS,20185,318,992,27,0,1336,-51.43,-65.21,85.6,0.4,10.1,0.3,0.4,0.0
KS-SEN,senate,KS,20187,113,342,9,0,465,-50.21,-64.72,56.2,0.3,39.6,0.1,1.1,0.0
KS-SEN,senate,KS,20189,234,1025,26,0,1284,-62.89,-76.73,61.9,0.4,34.1,0.5,0.5,0.0
KS-SEN,senate,KS,20191,2253,4984,147,0,7384,-37.73,-51.11,88.6,0.8,4.5,0.4,1.0,0.0
KS-SEN,senate,KS,20193,584,1930,51,0,2565,-53.54,-66.87,88.6,1.5,7.1,0.5,0.1,0.0
KS-SEN,senate,KS,20195,228,861,22,0,1111,-58.17,-72.29,94.8,0.2,1.4,0.3,0.2,0.0
KS-SEN,senate,KS,20197,841,1791,53,0,2685,-36.1,-49.79,92.1,0.5,3.3,0.2,0.5,0.1
KS-SEN,senate,KS,20199,69,444,10,0,524,-72.95,-85.91,91.5,0.3,4.7,0.0,0.1,0.2
KS-SEN,senate,KS,20201,409,1444,38,0,1890,-55.87,-70.21,93.8,0.1,3.6,0.0,0.0,0.0
KS-SEN,senate,KS,20203,119,471,12,0,602,-59.6,-74.73,68.7,0.1,26.5,0.0,0.4,0.1
KS-SEN,senate,KS,20205,621,1851,50,0,2522,-49.74,-63.46,90.7,0.2,2.4,0.5,1.0,0.0
KS-SEN,senate,KS,20207,268,765,21,0,1054,-48.08,-62.07,93.3,0.3,1.5,0.0,0.9,0.0
KS-SEN,senate,KS,20209,24270,10448,705,0,35422,39.81,24.24,42.4,20.4,28.4,4.0,0.5,0.2
KY-SEN,senate,KY,21001,1065,5088,131,0,6284,-65.38,-71.75,91.1,2.9,2.7,0.4,0.2,0.0
KY-SEN,senate,KY,21003,1238,5220,138,0,6595,-61.67,-67.74,93.5,1.0,2.1,0.2,0.2,0.0
KY-SEN,senate,KY,21005,2492,6485,192,0,9168,-44.48,-49.89,92.0,2.1,1.8,0.4,0.2,0.0
KY-SEN,senate,KY,21007,578,2225,60,0,2863,-58.75,-65.39,92.7,2.5,0.9,0.3,0.1,0.0
KY-SEN,senate,KY,21009,3594,9981,290,0,13864,-47.05,-53.38,88.8,3.9,3.5,0.6,0.2,0.1
KY-SEN,senate,KY,21011,1031,2663,79,0,3773,-44.16,-51.95,95.6,1.1,1.0,0.1,0.0,0.0
KY-SEN,senate,KY,21013,1196,5208,137,0,6540,-62.64,-69.32,93.2,2.5,0.9,0.5,0.2,0.0
KY-SEN,senate,KY,21015,15535,30677,986,0,47198,-32.77,-37.81,85.2,3.8,4.7,2.3,0.2,0.2
KY-SEN,senate,KY,21017,2349,4187,140,0,6676,-28.12,-34.1,85.6,5.4,5.6,0.3,0.2,0.0
KY-SEN,senate,KY,21019,4824,9537,307,0,14667,-32.82,-39.08,92.3,2.9,1.2,0.6,0.2,0.0
KY-SEN,senate,KY,21021,3767,6084,210,0,10061,-23.51,-29.46,83.8,7.2,4.3,1.2,0.1,0.0
KY-SEN,senate,KY,21023,580,2267,61,0,2908,-59.24,-65.76,95.9,0.4,0.7,0.1,0.2,0.0
KY-SEN,senate,KY,21025,832,2673,75,0,3580,-52.51,-60.22,95.1,0.4,0.6,0.2,0.0,0.0
KY-SEN,senate,KY,21027,1646,5242,147,0,7035,-52.21,-58.91,92.7,2.2,1.2,0.2,0.2,0.0
KY-SEN,senate,KY,21029,8006,21614,632,0,30252,-45.94,-51.71,92.4,1.1,2.0,0.5,0.2,0.0
KY-SEN,senate,KY,21031,792,3283,87,0,4162,-61.13,-67.12,93.6,0.2,3.3,0.2,0.2,0.0
KY-SEN,senate,KY,21033,1003,3239,91,0,4333,-52.7,-58.93,89.6,5.1,1.3,0.4,0.2,0.0
KY-SEN,senate,KY,21035,3942,7672,248,0,11862,-32.12,-38.61,88.2,3.6,2.9,1.2,0.2,0.0
KY-SEN,senate,KY,21037,14071,19052,707,0,33831,-15.04,-20.04,90.5,2.8,2.0,1.1,0.1,0.0
KY-SEN,senate,KY,21039,337,1452,38,0,1828,-62.31,-68.49,93.7,1.2,1.5,0.3,0.3,0.0
KY-SEN,senate,KY,21041,769,1991,59,0,2818,-44.29,-51.57,89.2,1.6,5.7,0.4,0.2,0.0
KY-SEN,senate,KY,21043,1861,5974,167,0,8002,-52.5,-59.16,95.8,0.9,0.6,0.2,0.2,0.0
KY-SEN,senate,KY,21045,701,4154,104,0,4958,-71.12,-77.09,94.4,0.5,2.4,0.3,0.3,0.0
KY-SEN,senate,KY,21047,5366,9487,317,0,15170,-27.75,-34.03,66.6,20.4,7.0,1.4,0.4,0.2
KY-SEN,senate,KY,21049,4275,7983,262,0,12520,-30.25,-35.88,89.2,4.3,3.0,0.5,0.2,0.0
KY-SEN,senate,KY,21051,642,4513,110,0,5264,-75.1,-81.35,91.0,4.8,1.8,0.1,0.1,0.1
KY-SEN,senate,KY,21053,479,2868,71,0,3418,-71.4,-77.24,95.0,0.4,1.6,0.1,0.1,0.0
KY-SEN,senate,KY,21055,507,2243,59,0,2808,-63.15,-69.27,95.0,1.1,1.2,0.0,0.2,0.0
KY-SEN,senate,KY,21057,405,1955,50,0,2410,-65.65,-71.63,93.4,2.7,1.2,0.0,0.0,0.0
KY-SEN,senate,KY,21059,11852,20427,689,0,32968,-26.57,-32.41,87.3,4.6,2.9,2.0,0.1,0.1
KY-SEN,senate,KY,21061,910,3373,91,0,4374,-57.52,-63.74,95.0,0.8,1.2,0.3,0.3,0.1
KY-SEN,senate,KY,21063,454,1537,42,0,2034,-54.39,-62.89,93.0,4.2,1.2,0.1,0.2,0.0
KY-SEN,senate,KY,21065,921,3392,92,0,4404,-57.3,-64.09,96.4,0.2,0.8,0.1,0.2,0.0
KY-SEN,senate,KY,21067,60956,37643,2106,0,100705,23.64,18.51,70.7,13.7,7.5,4.1,0.2,0.0
KY-SEN,senate,KY,21069,1079,3720,102,0,4901,-55.05,-61.4,95.7,1.1,1.0,0.1,0.2,0.0
KY-SEN,senate,KY,21071,2540,8191,229,0,10959,-52.66,-60.21,96.9,0.3,0.6,0.3,0.1,0.0
KY-SEN,senate,KY,21073,8917,8735,377,0,18030,1.03,-4.95,82.8,8.4,3.0,1.9,0.2,0.0
KY-SEN,senate,KY,21075,490,980,31,0,1502,-33.28,-40.2,73.4,20.9,1.9,0.3,0.2,0.1
KY-SEN,senate,KY,21077,617,2069,57,0,2743,-54.06,-60.67,91.0,1.1,4.3,0.1,0.0,0.1
KY-SEN,senate,KY,21079,1376,4737,130,0,6244,-54.98,-60.95,92.4,1.9,1.9,0.2,0.2,0.1
KY-SEN,senate,KY,21081,1622,6241,168,0,8031,-58.73,-65.64,92.8,0.7,2.3,0.3,0.3,0.2
KY-SEN,senate,KY,21083,2522,8913,244,0,11678,-55.89,-62.32,86.3,4.0,5.8,0.5,0.3,0.0
KY-SEN,senate,KY,21085,1797,6495,177,0,8469,-56.65,-62.58,94.1,1.3,1.2,0.3,0.3,0.0
KY-SEN,senate,KY,21087,672,3343,86,0,4102,-66.51,-73.1,94.0,1.6,1.3,0.3,0.2,0.0
KY-SEN,senate,KY,21089,3297,8613,254,0,12164,-44.64,-51.22,95.2,0.6,0.7,0.7,0.2,0.0
KY-SEN,senate,KY,21091,939,2237,68,0,3244,-40.87,-48.42,95.4,0.9,1.3,0.4,0.1,0.0
KY-SEN,senate,KY,21093,12561,20393,703,0,33657,-23.77,-29.85,75.7,11.3,5.1,2.2,0.3,0.3
KY-SEN,senate,KY,21095,1052,6070,152,0,7275,-70.45,-76.74,93.5,2.1,0.9,0.3,0.2,0.0
KY-SEN,senate,KY,21097,1767,4415,132,0,6314,-42.85,-49.12,93.3,1.8,1.5,0.3,0.2,0.0
KY-SEN,senate,KY,21099,1344,4421,123,0,5888,-53.36,-60.59,91.0,4.1,1.3,0.3,0.2,0.0
KY-SEN,senate,KY,21101,5163,8330,288,0,13781,-23.47,-29.62,85.7,8.1,2.3,0.6,0.2,0.1
KY-SEN,senate,KY,21103,1488,4047,118,0,5653,-46.22,-53.28,91.2,2.3,2.8,0.2,0.3,0.0
KY-SEN,senate,KY,21105,317,1101,30,0,1449,-55.28,-61.56,87.6,8.2,1.5,0.2,0.1,0.0
KY-SEN,senate,KY,21107,3798,10281,300,0,14379,-46.05,-51.51,87.9,6.4,1.9,0.5,0.2,0.0
KY-SEN,senate,KY,21109,470,3599,87,0,4156,-76.88,-82.74,97.0,0.1,0.6,0.1,0.3,0.0
KY-SEN,senate,KY,21111,148640,93930,5180,0,247751,22.55,16.83,66.3,19.8,6.7,3.3,0.2,0.1
KY-SEN,senate,KY,21113,6297,11994,390,0,18681,-31.15,-36.51,87.8,3.8,3.5,1.2,0.2,0.1
KY-SEN,senate,KY,21115,1130,5467,141,0,6738,-65.75,-71.58,96.6,0.2,0.8,0.5,0.2,0.0
KY-SEN,senate,KY,21117,23052,32423,1184,0,56659,-16.89,-22.17,86.7,4.5,3.6,1.2,0.2,0.1
KY-SEN,senate,KY,21119,959,3157,88,0,4203,-53.42,-60.05,97.1,0.5,0.5,0.2,0.1,0.0
KY-SEN,senate,KY,21121,1544,7476,192,0,9213,-65.76,-71.98,94.9,0.9,1.0,0.3,0.3,0.0
KY-SEN,senate,KY,21123,1117,3860,106,0,5083,-55.12,-61.21,90.8,2.6,2.3,0.2,0.3,0.1
KY-SEN,senate,KY,21125,3356,15765,408,0,19528,-64.9,-70.7,94.0,0.7,1.3,0.6,0.2,0.0
KY-SEN,senate,KY,21127,865,3643,96,0,4603,-61.64,-67.92,97.1,0.2,0.6,0.2,0.0,0.0
KY-SEN,senate,KY,21129,342,1502,39,0,1884,-62.87,-69.16,92.6,4.6,0.6,0.0,0.0,0.0
KY-SEN,senate,KY,21131,349,2639,64,0,3051,-76.67,-82.19,97.1,0.2,0.6,0.2,0.2,0.0
KY-SEN,senate,KY,21133,1191,4589,123,0,5904,-58.77,-64.91,96.6,0.4,0.5,0.3,0.2,0.0
KY-SEN,senate,KY,21135,593,3330,84,0,4006,-69.78,-76.48,96.9,0.2,0.4,0.1,0.2,0.0
KY-SEN,senate,KY,21137,1675,5890,161,0,7726,-55.72,-61.88,93.7,2.0,1.4,0.2,0.1,0.0
KY-SEN,senate,KY,21139,716,2693,73,0,3482,-57.98,-63.89,93.8,0.3,1.4,0.1,0.3,0.1
KY-SEN,senate,KY,21141,2201,6376,183,0,8760,-48.67,-55.74,87.8,6.2,2.6,0.3,0.2,0.0
KY-SEN,senate,KY,21143,760,2110,61,0,2932,-47.05,-54.07,89.1,6.4,1.5,0.4,0.3,0.0
KY-SEN,senate,KY,21145,7686,14210,467,0,22364,-29.79,-35.38,82.0,10.4,2.5,0.9,0.3,0.0
KY-SEN,senate,KY,21147,567,3692,91,0,4350,-73.36,-79.23,87.8,6.9,2.2,0.2,0.4,0.0
KY-SEN,senate,KY,21149,781,2396,68,0,3245,-50.83,-56.69,96.2,0.5,1.0,0.1,0.1,0.0
KY-SEN,senate,KY,21151,11521,19450,661,0,31632,-25.6,-31.48,86.7,4.4,2.9,1.1,0.2,0.1
KY-SEN,senate,KY,21153,777,2839,77,0,3693,-57.05,-65.02,97.6,0.1,0.4,0.0,0.1,0.1
KY-SEN,senate,KY,21155,1971,4268,133,0,6372,-36.82,-44.07,87.6,6.4,2.7,0.6,0.0,0.2
KY-SEN,senate,KY,21157,2950,9117,258,0,12325,-51.11,-57.41,94.8,0.3,1.3,0.3,0.2,0.0
KY-SEN,senate,KY,21159,279,2228,53,0,2560,-77.77,-84.19,86.7,8.5,3.0,0.2,0.4,0.0
KY-SEN,senate,KY,21161,1676,3740,116,0,5531,-38.11,-44.29,88.6,6.0,1.4,0.6,0.2,0.0
KY-SEN,senate,KY,21163,2602,7080,207,0,9888,-46.25,-52.85,88.5,3.0,2.9,0.8,0.5,0.2
KY-SEN,senate,KY,21165,549,1709,48,0,2306,-51.38,-58.85,96.4,0.4,0.8,0.0,0.2,0.0
KY-SEN,senate,KY,21167,2216,5908,173,0,8297,-45.46,-51.34,90.0,3.6,2.4,0.3,0.2,0.1
KY-SEN,senate,KY,21169,731,2784,75,0,3590,-58.39,-65.2,94.1,1.2,1.9,0.1,0.0,0.0
KY-SEN,senate,KY,21171,509,3131,78,0,3717,-72.03,-78.08,92.8,2.1,3.4,0.0,0.1,0.0
KY-SEN,senate,KY,21173,2601,6187,188,0,8976,-40.8,-47.29,91.3,2.5,2.5,0.5,0.1,0.0
KY-SEN,senate,KY,21175,786,2897,79,0,3762,-57.3,-64.51,90.0,4.4,3.5,0.2,0.1,0.0
KY-SEN,senate,KY,21177,2430,6956,200,0,9587,-48.22,-54.97,91.6,4.4,1.6,0.2,0.2,0.0
KY-SEN,senate,KY,21179,5047,10616,334,0,15998,-35.55,-42.26,89.8,4.7,1.9,0.5,0.2,0.0
KY-SEN,senate,KY,21181,652,1624,49,0,2324,-42.72,-49.68,95.6,0.6,1.1,0.1,0.1,0.0
KY-SEN,senate,KY,21183,1696,5802,160,0,7658,-54.76,-61.13,93.4,0.7,3.0,0.2,0.1,0.0
KY-SEN,senate,KY,21185,10694,15492,559,0,26745,-18.32,-23.04,87.1,3.7,3.8,1.6,0.2,0.0
KY-SEN,senate,KY,21187,812,2958,80,0,3851,-56.91,-63.56,93.5,0.9,1.8,0.1,0.2,0.0
KY-SEN,senate,KY,21189,178,1083,27,0,1288,-71.78,-77.79,97.0,0.2,0.9,0.0,0.0,0.2
KY-SEN,senate,KY,21191,988,3742,101,0,4832,-58.21,-64.43,95.4,0.3,1.2,0.2,0.1,0.0
KY-SEN,senate,KY,21193,1580,5270,146,0,6996,-53.86,-60.2,94.6,1.3,0.6,0.9,0.2,0.0
KY-SEN,senate,KY,21195,3302,13118,350,0,16771,-59.78,-66.05,95.4,0.8,0.9,0.6,0.1,0.0
KY-SEN,senate,KY,21197,948,2727,78,0,3753,-48.42,-55.41,95.8,0.6,1.2,0.3,0.2,0.0
KY-SEN,senate,KY,21199,4307,17454,464,0,22225,-60.42,-65.92,92.7,1.1,2.3,0.6,0.3,0.0
KY-SEN,senate,KY,21201,177,608,17,0,801,-54.97,-61.95,96.1,0.3,0.6,0.4,0.2,0.0
KY-SEN,senate,KY,21203,847,4449,113,0,5409,-68.02,-74.12,96.2,0.2,0.8,0.2,0.3,0.0
KY-SEN,senate,KY,21205,2663,4104,144,0,6911,-21.29,-28.22,92.8,1.6,1.9,0.6,0.2,0.0
KY-SEN,senate,KY,21207,1008,5090,130,0,6228,-66.95,-72.8,93.7,0.6,2.9,0.5,0.3,0.0
KY-SEN,senate,KY,21209,7883,12519,436,0,20838,-22.72,-28.19,85.8,5.1,4.3,1.0,0.1,0.0
KY-SEN,senate,KY,21211,5980,10895,360,0,17235,-29.13,-35.3,81.1,5.9,8.6,0.7,0.2,0.1
KY-SEN,senate,KY,21213,1875,4140,128,0,6144,-37.66,-44.48,84.4,8.5,2.6,0.5,0.3,0.0
KY-SEN,senate,KY,21215,1899,5971,168,0,8038,-51.73,-57.41,92.6,1.5,1.6,0.4,0.2,0.1
KY-SEN,senate,KY,21217,2066,6339,179,0,8585,-50.83,-57.42,88.7,5.2,2.1,1.0,0.1,0.0
KY-SEN,senate,KY,21219,838,2666,75,0,3579,-52.17,-58.46,85.1,7.5,4.1,0.1,0.1,0.0
KY-SEN,senate,KY,21221,1302,3631,105,0,5038,-47.23,-53.06,88.1,6.7,2.0,0.2,0.3,0.0
KY-SEN,senate,KY,21223,731,2182,62,0,2975,-49.81,-56.11,94.2,0.3,1.7,0.3,0.3,0.1
KY-SEN,senate,KY,21225,988,3165,89,0,4242,-52.43,-59.05,87.0,8.2,1.3,0.3,0.2,0.0
KY-SEN,senate,KY,21227,15957,23032,832,0,39821,-18.14,-24.67,76.3,9.1,5.8,4.5,0.2,0.4
KY-SEN,senate,KY,21229,1204,3143,93,0,4440,-44.61,-50.97,88.2,5.8,2.9,0.3,0.2,0.1
KY-SEN,senate,KY,21231,1186,4799,128,0,6112,-60.37,-66.61,92.8,1.2,3.5,0.3,0.2,0.0
KY-SEN,senate,KY,21233,923,2886,81,0,3890,-51.55,-58.01,87.8,4.1,4.5,0.2,0.2,0.0
KY-SEN,senate,KY,21235,1862,8474,221,0,10557,-63.97,-70.02,93.1,1.6,1.6,0.6,0.2,0.0
KY-SEN,senate,KY,21237,559,1439,43,0,2041,-44.04,-51.68,97.2,0.3,0.9,0.1,0.1,0.0
KY-SEN,senate,KY,21239,4654,5620,219,0,10494,-9.4,-14.54,85.7,4.8,5.7,0.6,0.1,0.0
LA-SEN,senate,LA,22001,3803,14913,0,0,18715,-59.36,-64.54,78.8,16.3,2.4,0.3,0.2,0.0
LA-SEN,senate,LA,22003,1348,4781,0,0,6129,-56.02,-61.66,66.4,17.6,10.0,0.8,2.2,0.0
LA-SEN,senate,LA,22005,15210,28529,0,0,43739,-30.45,-34.52,65.5,23.1,7.2,1.3,0.2,0.0
LA-SEN,senate,LA,22007,2527,4731,0,0,7258,-30.36,-36.05,66.4,27.6,3.8,0.3,0.5,0.0
LA-SEN,senate,LA,22009,3437,7793,0,0,11229,-38.79,-43.68,65.3,25.4,4.1,1.0,0.8,0.0
LA-SEN,senate,LA,22011,1836,9284,0,0,11120,-66.97,-72.07,80.0,11.9,3.0,0.6,0.8,0.1
LA-SEN,senate,LA,22013,1918,2461,0,0,4379,-12.39,-18.24,54.2,40.5,1.4,0.1,0.5,0.0
LA-SEN,senate,LA,22015,11024,25550,0,0,36574,-39.72,-43.9,64.3,22.1,6.9,1.9,0.5,0.1
LA-SEN,senate,LA,22017,36147,30116,0,0,66263,9.1,4.71,46.0,45.9,3.1,1.4,0.4,0.1
LA-SEN,senate,LA,22019,18488,38367,0,0,56855,-34.96,-40.19,65.6,24.2,4.6,1.8,0.4,0.1
LA-SEN,senate,LA,22021,492,2544,0,0,3036,-67.59,-73.05,79.0,15.9,2.2,0.6,0.1,0.0
LA-SEN,senate,LA,22023,214,2142,0,0,2356,-81.83,-86.88,93.2,1.2,3.0,0.3,0.4,0.0
LA-SEN,senate,LA,22025,826,2219,0,0,3045,-45.74,-50.9,65.2,24.0,8.0,0.3,0.3,0.1
LA-SEN,senate,LA,22027,1700,2371,0,0,4071,-16.49,-22.27,52.8,40.9,3.5,0.3,0.3,0.0
LA-SEN,senate,LA,22029,2040,3389,0,0,5429,-24.85,-29.67,56.4,38.6,2.2,0.7,0.2,0.0
LA-SEN,senate,LA,22031,3467,6274,0,0,9741,-28.82,-35.79,57.7,35.5,2.4,0.4,0.9,0.0
LA-SEN,senate,LA,22033,77086,56299,0,0,133385,15.58,11.31,45.1,42.7,6.1,3.2,0.2,0.0
LA-SEN,senate,LA,22035,1003,610,0,0,1613,24.33,17.94,29.7,67.2,1.4,0.3,0.0,0.0
LA-SEN,senate,LA,22037,2894,4069,0,0,6963,-16.87,-22.49,59.6,35.6,2.0,0.3,0.3,0.0
LA-SEN,senate,LA,22039,2766,7161,0,0,9927,-44.28,-49.66,66.9,25.3,4.6,0.7,0.2,0.0
LA-SEN,senate,LA,22041,1715,4446,0,0,6161,-44.33,-49.63,65.6,30.8,1.2,0.2,0.2,0.0
LA-SEN,senate,LA,22043,862,5456,0,0,6318,-72.71,-77.67,74.0,14.8,6.7,0.4,0.9,0.0
LA-SEN,senate,LA,22045,7210,13325,0,0,20535,-29.78,-34.49,58.5,31.0,5.0,2.8,0.3,0.0
LA-SEN,senate,LA,22047,5621,5124,0,0,10744,4.62,-0.75,51.1,41.4,4.9,0.4,0.2,0.0
LA-SEN,senate,LA,22049,1450,3610,0,0,5060,-42.7,-48.15,67.2,25.6,3.2,1.1,0.3,0.0
LA-SEN,senate,LA,22051,56751,67977,0,0,124728,-9.0,-13.22,50.9,25.0,16.1,4.5,0.3,0.0
LA-SEN,senate,LA,22053,2195,7861,0,0,10056,-56.35,-61.92,79.0,15.5,2.0,0.3,0.4,0.0
LA-SEN,senate,LA,22055,28139,49633,0,0,77772,-27.64,-31.91,65.1,23.7,5.9,2.2,0.3,0.0
LA-SEN,senate,LA,22057,6283,23720,0,0,30003,-58.12,-62.84,75.3,14.2,5.0,0.8,2.3,0.0
LA-SEN,senate,LA,22059,491,4147,0,0,4638,-78.81,-83.38,74.3,8.8,11.5,2.1,0.8,0.1
LA-SEN,senate,LA,22061,5062,7649,0,0,12710,-20.36,-25.85,54.4,37.9,3.1,1.5,0.3,0.0
LA-SEN,senate,LA,22063,7847,38320,0,0,46167,-66.01,-69.37,83.0,7.2,5.1,0.8,0.3,0.0
LA-SEN,senate,LA,22065,1576,1217,0,0,2793,12.84,6.29,38.4,57.8,2.0,0.1,0.3,0.0
LA-SEN,senate,LA,22067,3042,4025,0,0,7068,-13.91,-19.59,50.1,44.7,1.5,0.4,0.3,0.0
LA-SEN,senate,LA,22069,4399,6129,0,0,10528,-16.44,-22.64,53.2,37.1,3.9,0.5,0.8,0.1
LA-SEN,senate,LA,22071,96285,14958,0,0,111243,73.11,68.85,34.7,51.2,7.6,2.9,0.2,0.0
LA-SEN,senate,LA,22073,17305,27804,0,0,45109,-23.27,-28.22,57.6,34.1,3.3,1.5,0.3,0.0
LA-SEN,senate,LA,22075,2303,4660,0,0,6963,-33.86,-38.47,60.9,20.8,7.9,4.5,1.2,0.2
LA-SEN,senate,LA,22077,3151,4948,0,0,8100,-22.19,-27.83,61.5,32.9,2.6,0.3,0.2,0.0
LA-SEN,senate,LA,22079,12690,24694,0,0,37384,-32.11,-37.25,61.3,29.4,3.5,1.5,0.7,0.0
LA-SEN,senate,LA,22081,1031,1576,0,0,2608,-20.89,-27.77,57.9,36.7,2.0,0.0,0.7,0.0
LA-SEN,senate,LA,22083,2113,4324,0,0,6437,-34.35,-39.86,60.1,34.9,1.9,0.3,0.3,0.0
LA-SEN,senate,LA,22085,1234,5890,0,0,7124,-65.37,-70.54,69.9,14.9,2.9,0.3,7.6,0.0
LA-SEN,senate,LA,22087,4480,7626,0,0,12106,-25.98,-29.8,56.9,23.7,12.7,2.3,0.5,0.0
LA-SEN,senate,LA,22089,6701,11982,0,0,18682,-28.27,-32.87,64.8,24.0,6.9,1.0,0.4,0.0
LA-SEN,senate,LA,22091,2162,1858,0,0,4020,7.55,0.78,44.8,50.6,1.8,0.2,0.3,0.0
LA-SEN,senate,LA,22093,4320,3930,0,0,8250,4.72,-0.94,50.5,46.2,1.5,0.1,0.1,0.0
LA-SEN,senate,LA,22095,8762,4407,0,0,13169,33.07,29.49,34.7,54.7,6.8,0.9,0.2,0.0
LA-SEN,senate,LA,22097,11194,14735,0,0,25929,-13.66,-19.04,55.0,39.8,2.2,0.5,0.2,0.0
LA-SEN,senate,LA,22099,5622,11887,0,0,17509,-35.78,-41.14,66.1,27.6,2.9,0.8,0.3,0.0
LA-SEN,senate,LA,22101,5312,9318,0,0,14630,-27.38,-32.2,56.5,29.5,7.9,1.4,1.7,0.0
LA-SEN,senate,LA,22103,28490,68412,0,0,96902,-41.2,-44.51,75.0,12.1,7.1,1.5,0.3,0.0
LA-SEN,senate,LA,22105,12977,25605,0,0,38581,-32.73,-37.9,63.3,27.8,4.8,0.8,0.3,0.0
LA-SEN,senate,LA,22107,761,729,0,0,1489,2.14,-4.34,44.3,52.3,1.4,0.2,0.0,0.0
LA-SEN,senate,LA,22109,7539,21409,0,0,28948,-47.91,-52.47,66.6,18.1,5.7,1.2,5.0,0.0
LA-SEN,senate,LA,22111,1766,5571,0,0,7336,-51.86,-57.5,70.3,22.5,4.3,0.2,0.3,0.0
LA-SEN,senate,LA,22113,3714,14798,0,0,18512,-59.87,-64.53,79.2,12.7,3.5,2.2,0.3,0.0
LA-SEN,senate,LA,22115,2043,9269,0,0,11312,-63.88,-68.56,71.2,12.7,7.6,2.0,1.0,0.5
LA-SEN,senate,LA,22117,4137,8785,0,0,12922,-35.97,-40.72,67.3,27.0,2.6,0.3,0.3,0.0
LA-SEN,senate,LA,22119,3894,7451,0,0,11346,-31.35,-36.91,62.7,31.9,1.5,0.4,0.4,0.0
LA-SEN,senate,LA,22121,4470,5214,0,0,9684,-7.68,-11.87,53.7,38.5,4.2,0.9,0.2,0.0
LA-SEN,senate,LA,22123,489,2735,0,0,3225,-69.66,-74.67,81.9,13.1,2.5,0.1,0.4,0.0
LA-SEN,senate,LA,22125,1552,2654,0,0,4206,-26.2,-32.38,70.4,22.5,4.5,0.2,0.7,0.0
LA-SEN,senate,LA,22127,1025,3024,0,0,4049,-49.39,-54.9,62.9,23.7,8.6,1.5,0.5,0.1
MA-SEN,senate,MA,25001,60918,35769,3879,3432,103998,26.01,21.07,87.2,2.5,2.8,1.3,0.4,0.0
MA-SEN,senate,MA,25003,32836,11799,1791,1585,48011,47.13,40.79,87.1,2.9,4.4,1.6,0.1,0.0
MA-SEN,senate,MA,25005,98179,82528,7249,6413,194369,8.66,1.32,80.2,3.7,7.7,2.3,0.2,0.0
MA-SEN,senate,MA,25007,6325,1612,319,282,8538,59.37,53.8,80.6,4.1,2.2,0.9,0.9,0.1
MA-SEN,senate,MA,25009,166441,95031,10490,9281,281243,27.31,20.74,70.0,3.2,19.8,3.6,0.1,0.0
MA-SEN,senate,MA,25011,19886,7537,1100,973,29497,45.03,38.98,88.5,1.3,4.0,1.7,0.2,0.0
MA-SEN,senate,MA,25013,78630,56864,5435,4809,145738,16.06,9.08,64.2,7.5,22.4,2.5,0.2,0.0
MA-SEN,senate,MA,25015,40960,14085,2209,1954,59208,48.82,43.19,79.8,2.7,6.1,7.1,0.1,0.0
MA-SEN,senate,MA,25017,388220,142711,21303,18848,571083,46.24,40.45,69.0,4.8,7.8,12.7,0.1,0.0
MA-SEN,senate,MA,25019,3321,1295,185,164,4965,43.88,37.57,71.8,6.9,14.5,1.8,0.1,0.0
MA-SEN,senate,MA,25021,170672,81172,10104,8940,270888,35.54,29.37,72.7,6.7,4.6,11.9,0.1,0.0
MA-SEN,senate,MA,25023,112636,82878,7843,6939,210296,15.22,9.0,79.1,7.7,3.8,1.5,0.1,0.0
MA-SEN,senate,MA,25025,157031,37479,7805,6906,209221,61.46,53.95,47.8,16.0,19.7,10.8,0.1,0.0
MA-SEN,senate,MA,25027,159498,114315,10984,9718,294515,16.5,10.23,74.2,4.7,11.2,5.2,0.1,0.0
ME-SEN,senate,ME,23001,18322,22873,0,0,41196,-11.05,-6.22,89.2,4.1,1.6,0.8,0.4,0.0
ME-SEN,senate,ME,23003,8736,16225,0,0,24961,-30.0,-26.59,94.0,0.6,1.0,0.5,1.5,0.0
ME-SEN,senate,ME,23005,91578,47859,0,0,139437,31.35,37.24,88.6,3.2,2.2,2.3,0.2,0.0
ME-SEN,senate,ME,23007,5457,7029,0,0,12486,-12.59,-8.42,93.2,0.5,1.1,1.1,0.3,0.0
ME-SEN,senate,ME,23009,13548,11828,0,0,25375,6.78,12.07,93.1,0.6,1.4,1.0,0.4,0.0
ME-SEN,senate,ME,23011,23606,27416,0,0,51023,-7.47,-2.82,92.3,0.7,1.6,1.0,0.4,0.0
ME-SEN,senate,ME,23013,10318,7806,0,0,18124,13.86,19.0,93.3,0.7,1.4,0.6,0.3,0.1
ME-SEN,senate,ME,23015,8867,7935,0,0,16802,5.55,11.48,94.5,0.4,1.0,0.6,0.3,0.0
ME-SEN,senate,ME,23017,9976,14240,0,0,24215,-17.61,-13.13,93.6,0.3,1.1,0.5,0.3,0.0
ME-SEN,senate,ME,23019,25651,35305,0,0,60957,-15.84,-11.12,92.0,0.9,1.5,1.2,0.9,0.0
ME-SEN,senate,ME,23021,2349,4796,0,0,7145,-34.24,-29.78,93.5,0.3,1.2,0.6,0.5,0.1
ME-SEN,senate,ME,23023,9500,7619,0,0,17118,10.99,17.01,93.1,0.8,1.5,0.7,0.2,0.0
ME-SEN,senate,ME,23025,6791,13121,0,0,19912,-31.79,-27.51,93.7,0.4,1.0,0.6,0.4,0.0
ME-SEN,senate,ME,23027,8651,8940,0,0,17591,-1.64,3.46,94.0,0.3,1.1,0.5,0.3,0.0
ME-SEN,senate,ME,23029,4546,8090,0,0,12636,-28.05,-23.87,90.4,0.5,1.7,0.4,3.8,0.0
ME-SEN,senate,ME,23031,49077,43908,0,0,92985,5.56,10.68,92.8,0.8,1.6,1.2,0.3,0.0
MI-SEN,senate,MI,26001,1678,3406,26,121,5231,-34.01,-42.14,95.3,0.1,0.8,0.1,0.5,0.0
MI-SEN,senate,MI,26003,1562,2009,18,85,3674,-12.51,-20.05,83.6,7.8,1.0,0.2,3.1,0.0
MI-SEN,senate,MI,26005,19556,29366,252,1162,50335,-20.05,-27.62,88.0,1.1,6.3,0.7,0.4,0.0
MI-SEN,senate,MI,26007,4600,7111,60,278,12050,-21.43,-28.99,94.5,0.3,1.1,0.4,0.4,0.0
MI-SEN,senate,MI,26009,4760,6727,59,273,11819,-17.12,-24.06,94.0,0.1,1.4,0.3,0.8,0.1
MI-SEN,senate,MI,26011,2107,4118,32,148,6405,-32.31,-41.11,93.6,0.2,1.4,0.3,0.8,0.0
MI-SEN,senate,MI,26013,1147,1795,15,70,3028,-22.01,-30.26,72.5,8.8,1.1,0.2,11.8,0.0
MI-SEN,senate,MI,26015,9561,16676,135,623,26995,-27.12,-34.85,92.5,0.4,2.7,0.4,0.4,0.0
MI-SEN,senate,MI,26017,19393,22203,214,988,42798,-6.75,-14.89,89.8,1.4,4.5,0.5,0.3,0.0
MI-SEN,senate,MI,26019,4289,4451,45,208,8993,-1.86,-8.8,93.4,0.2,1.8,0.4,0.9,0.0
MI-SEN,senate,MI,26021,28505,28987,296,1366,59154,-0.84,-7.99,75.9,12.5,4.7,2.1,0.4,0.1
MI-SEN,senate,MI,26023,4690,9660,74,341,14765,-34.63,-43.06,88.1,3.0,4.6,0.6,0.3,0.0
MI-SEN,senate,MI,26025,21749,24605,238,1101,47694,-6.16,-14.23,78.1,10.0,4.5,2.5,0.5,0.0
MI-SEN,senate,MI,26027,7033,11927,97,450,19508,-25.81,-34.32,86.4,4.5,3.1,0.6,0.9,0.0
MI-SEN,senate,MI,26029,5381,6625,62,285,12353,-10.36,-17.18,93.0,0.2,1.2,0.4,1.4,0.0
MI-SEN,senate,MI,26031,4246,6933,57,266,11502,-24.03,-31.55,90.8,0.3,1.1,0.4,2.5,0.0
MI-SEN,senate,MI,26033,5180,7308,64,297,12850,-17.04,-24.68,69.7,8.5,1.6,0.5,13.0,0.0
MI-SEN,senate,MI,26035,4129,7631,60,279,12100,-29.78,-38.13,93.5,0.4,1.7,0.3,0.6,0.0
MI-SEN,senate,MI,26037,16758,17184,175,807,34923,-1.26,-8.74,87.4,2.1,4.0,2.6,0.3,0.0
MI-SEN,senate,MI,26039,2127,3638,30,137,5932,-26.22,-34.2,93.8,0.3,1.7,0.4,0.6,0.0
MI-SEN,senate,MI,26041,5776,9098,76,353,15304,-22.34,-30.81,92.3,0.2,1.1,0.5,2.0,0.0
MI-SEN,senate,MI,26043,3706,6718,54,248,10725,-28.89,-36.86,94.5,0.2,1.3,0.6,0.4,0.0
MI-SEN,senate,MI,26045,23147,21127,228,1052,45554,4.56,-3.19,82.3,6.6,4.9,2.1,0.3,0.0
MI-SEN,senate,MI,26047,7443,8108,80,370,16001,-4.28,-10.95,90.3,0.5,1.4,0.5,3.0,0.1
MI-SEN,senate,MI,26049,85693,65876,780,3603,155951,13.07,4.26,72.5,18.4,3.4,1.0,0.4,0.0
MI-SEN,senate,MI,26051,3547,6987,54,250,10839,-32.65,-41.2,94.6,0.3,1.5,0.3,0.4,0.0
MI-SEN,senate,MI,26053,2566,3067,29,134,5796,-8.9,-17.32,92.1,0.4,1.2,0.2,2.7,0.0
MI-SEN,senate,MI,26055,22335,20363,220,1015,43932,4.62,-1.76,91.5,0.6,2.6,0.8,0.9,0.0
MI-SEN,senate,MI,26057,5169,8324,69,321,13883,-23.39,-31.73,84.8,6.0,6.1,0.3,0.4,0.0
MI-SEN,senate,MI,26059,4746,12125,87,401,17359,-43.74,-52.05,93.2,0.4,1.9,0.4,0.4,0.0
MI-SEN,senate,MI,26061,5975,7203,68,313,13559,-9.32,-17.31,91.1,0.7,1.7,2.4,0.4,0.1
MI-SEN,senate,MI,26063,4299,8588,66,306,13260,-33.28,-41.09,95.0,0.2,2.2,0.4,0.2,0.0
MI-SEN,senate,MI,26065,69500,31134,518,2393,103545,38.12,30.31,70.5,11.4,7.3,5.8,0.4,0.0
MI-SEN,senate,MI,26067,8704,14406,119,549,23778,-24.67,-32.34,86.6,6.0,4.2,0.3,0.4,0.0
MI-SEN,senate,MI,26069,4108,6594,55,254,11011,-23.23,-31.04,93.2,0.7,1.9,0.6,0.5,0.0
MI-SEN,senate,MI,26071,1876,2902,25,113,4915,-21.48,-29.67,94.7,0.2,1.1,0.4,0.7,0.0
MI-SEN,senate,MI,26073,10597,10384,108,499,21588,1.01,-7.61,83.7,3.5,4.0,1.8,2.8,0.0
MI-SEN,senate,MI,26075,24557,32376,293,1353,58579,-13.73,-21.63,84.2,7.6,3.0,0.9,0.3,0.0
MI-SEN,senate,MI,26077,62174,37000,510,2358,102042,25.38,18.04,77.2,10.3,4.8,2.8,0.3,0.0
MI-SEN,senate,MI,26079,2511,5337,40,186,8074,-36.01,-43.53,93.2,0.3,1.5,0.4,0.8,0.0
MI-SEN,senate,MI,26081,142307,110864,1303,6018,260492,12.42,5.46,74.6,8.7,9.5,3.3,0.3,0.0
MI-SEN,senate,MI,26083,515,581,6,26,1128,-6.04,-12.99,96.4,0.2,0.6,0.0,0.1,0.0
MI-SEN,senate,MI,26085,1800,2902,24,112,4839,-23.43,-32.62,77.7,6.4,10.9,0.4,0.5,0.1
MI-SEN,senate,MI,26087,12780,24931,194,896,38801,-32.22,-40.3,90.4,1.2,3.9,0.4,0.3,0.0
MI-SEN,senate,MI,26089,6861,5171,62,286,12381,14.04,7.86,90.9,0.2,3.0,0.4,2.2,0.0
MI-SEN,senate,MI,26091,15848,21561,192,889,38490,-15.27,-23.37,85.7,2.7,7.0,0.5,0.4,0.0
MI-SEN,senate,MI,26093,37296,52664,463,2137,92560,-17.08,-24.26,92.3,0.6,2.4,0.9,0.3,0.1
MI-SEN,senate,MI,26095,619,1413,10,48,2091,-39.07,-47.67,87.3,0.2,0.8,0.0,6.2,0.0
MI-SEN,senate,MI,26097,2024,2899,25,117,5065,-17.78,-25.2,76.9,0.5,1.3,0.3,14.0,0.0
MI-SEN,senate,MI,26099,163973,182408,1782,8231,356393,-5.32,-13.95,78.2,11.3,2.5,4.2,0.2,0.0
MI-SEN,senate,MI,26101,4757,5649,54,247,10707,-8.58,-16.2,88.8,2.8,2.5,0.3,1.9,0.0
MI-SEN,senate,MI,26103,15422,11059,136,629,27246,16.48,8.89,90.6,1.3,1.8,0.6,1.4,0.0
MI-SEN,senate,MI,26105,5282,7005,63,292,12642,-14.03,-21.66,91.3,0.6,3.4,0.5,0.8,0.0
MI-SEN,senate,MI,26107,5920,9356,79,363,15718,-22.49,-30.53,90.2,2.0,2.3,0.9,0.5,0.0
MI-SEN,senate,MI,26109,3302,5588,46,211,9147,-25.7,-34.03,92.4,0.4,1.6,0.4,2.4,0.0
MI-SEN,senate,MI,26111,15690,18523,176,813,35202,-8.28,-15.45,90.1,1.1,2.5,2.0,0.4,0.1
MI-SEN,senate,MI,26113,1594,4625,32,148,6399,-48.74,-56.83,94.2,0.2,2.4,0.3,0.3,0.0
MI-SEN,senate,MI,26115,25182,36964,320,1476,63942,-18.96,-27.54,89.3,2.4,3.3,0.6,0.3,0.0
MI-SEN,senate,MI,26117,8091,15582,122,562,24357,-31.65,-39.57,88.8,3.9,3.5,0.4,0.3,0.0
MI-SEN,senate,MI,26119,1343,2999,22,103,4468,-38.12,-45.98,94.1,0.1,1.2,0.2,0.8,0.0
MI-SEN,senate,MI,26121,34356,30266,332,1536,66491,6.33,-1.82,77.1,12.7,4.7,0.6,0.7,0.0
MI-SEN,senate,MI,26123,6414,13454,102,472,20442,-35.43,-43.46,89.6,0.9,4.8,0.4,0.6,0.0
MI-SEN,senate,MI,26125,311792,213539,2703,12489,540522,18.7,10.79,71.1,13.2,4.0,7.9,0.2,0.0
MI-SEN,senate,MI,26127,3915,6196,52,240,10403,-22.56,-30.49,83.1,0.3,12.3,0.3,0.8,0.0
MI-SEN,senate,MI,26129,2816,5774,44,204,8837,-34.44,-42.55,93.7,0.2,1.7,0.3,0.5,0.0
MI-SEN,senate,MI,26131,1016,1595,13,62,2687,-22.15,-30.75,94.1,0.1,0.9,0.4,1.0,0.0
MI-SEN,senate,MI,26133,2659,6311,46,213,9230,-40.71,-48.69,93.9,0.5,1.3,0.2,0.6,0.0
MI-SEN,senate,MI,26135,1106,2425,18,84,3633,-37.36,-44.87,94.1,0.1,1.6,0.1,0.4,0.0
MI-SEN,senate,MI,26137,3882,6968,56,258,11163,-28.44,-35.83,93.6,0.4,1.3,0.4,0.6,0.0
MI-SEN,senate,MI,26139,51916,69323,623,2881,124743,-14.36,-20.75,84.1,1.6,8.3,2.7,0.3,0.0
MI-SEN,senate,MI,26141,2320,3630,31,141,6122,-22.02,-29.43,95.6,0.2,0.8,0.4,0.5,0.0
MI-SEN,senate,MI,26143,4086,6833,56,259,11234,-25.16,-33.34,94.1,0.2,1.4,0.3,0.4,0.0
MI-SEN,senate,MI,26145,37056,33561,363,1678,72659,4.95,-3.32,71.2,16.5,7.4,1.3,0.3,0.0
MI-SEN,senate,MI,26147,24049,41613,338,1560,67560,-26.75,-35.15,90.7,2.2,2.8,0.5,0.4,0.0
MI-SEN,senate,MI,26149,7327,12611,103,474,20514,-26.51,-34.49,86.1,2.1,7.0,0.7,0.3,0.0
MI-SEN,senate,MI,26151,4738,11135,82,377,16332,-40.3,-48.29,92.9,0.4,3.4,0.2,0.3,0.0
MI-SEN,senate,MI,26153,1252,2075,17,79,3423,-24.71,-32.42,86.9,0.2,0.8,0.2,7.0,0.0
MI-SEN,senate,MI,26155,11733,15945,142,658,28478,-15.22,-23.43,92.7,0.4,2.4,0.4,0.3,0.0
MI-SEN,senate,MI,26157,6777,14111,107,496,21492,-35.11,-43.54,92.5,0.6,2.7,0.3,0.3,0.0
MI-SEN,senate,MI,26159,12978,15035,144,666,28822,-7.34,-15.36,82.1,3.1,9.2,0.5,0.7,0.0
MI-SEN,senate,MI,26161,116137,35486,781,3607,156010,53.19,45.51,69.9,10.7,4.9,9.3,0.2,0.1
MI-SEN,senate,MI,26163,407304,175795,3001,13867,599967,39.7,30.05,50.3,36.5,5.6,3.6,0.3,0.0
MI-SEN,senate,MI,26165,4777,8469,68,315,13629,-27.87,-35.14,92.8,0.4,1.8,0.6,0.5,0.0
MN-SEN,senate,MN,27001,2678,4499,138,0,7315,-25.37,-31.34,94.1,0.2,0.9,0.2,1.9,0.0
MN-SEN,senate,MN,27003,72538,72027,2785,0,147350,0.35,-4.55,80.1,6.4,4.4,4.9,0.5,0.0
MN-SEN,senate,MN,27005,4858,8703,261,0,13823,-28.35,-33.65,87.3,0.5,1.1,0.4,5.8,0.0
MN-SEN,senate,MN,27007,8473,8609,329,0,17411,-0.79,-5.76,75.3,1.2,2.0,0.6,16.3,0.0
MN-SEN,senate,MN,27009,5394,10287,302,0,15983,-31.2,-36.59,88.8,4.0,2.5,1.2,0.4,0.0
MN-SEN,senate,MN,27011,731,1209,37,0,1977,-24.6,-30.14,94.9,0.3,2.1,0.3,0.6,0.0
MN-SEN,senate,MN,27013,13073,11958,482,0,25513,4.45,-1.25,84.9,4.8,4.1,2.9,0.3,0.0
MN-SEN,senate,MN,27015,3469,6561,193,0,10223,-30.83,-35.86,94.1,0.4,3.4,0.6,0.2,0.0
MN-SEN,senate,MN,27017,7387,6909,275,0,14571,3.35,-2.61,87.3,1.8,1.3,0.4,5.3,0.0
MN-SEN,senate,MN,27019,23460,24043,915,0,48417,-1.23,-5.51,88.0,1.6,4.1,3.4,0.2,0.0
MN-SEN,senate,MN,27021,4777,8526,256,0,13559,-28.18,-33.89,86.0,0.2,1.0,0.4,8.8,0.0
MN-SEN,senate,MN,27023,1543,2797,84,0,4424,-28.89,-34.66,87.0,0.5,7.6,0.3,0.7,1.8
MN-SEN,senate,MN,27025,8957,15502,471,0,24930,-26.76,-31.92,91.3,1.7,2.0,1.2,0.6,0.0
MN-SEN,senate,MN,27027,11947,10630,435,0,23013,5.83,0.49,86.5,3.9,3.5,1.3,1.4,0.0
MN-SEN,senate,MN,27029,918,2390,64,0,3372,-44.5,-50.72,86.8,0.1,1.1,0.3,7.4,0.0
MN-SEN,senate,MN,27031,1756,757,48,0,2561,39.74,35.81,85.6,0.5,1.8,0.9,7.1,0.0
MN-SEN,senate,MN,27033,1315,2799,79,0,4194,-36.06,-41.83,85.1,1.0,7.6,3.1,0.2,0.6
MN-SEN,senate,MN,27035,10647,18459,560,0,29667,-26.84,-31.85,94.1,0.5,1.1,0.5,0.8,0.0
MN-SEN,senate,MN,27037,104943,73468,3437,0,181848,17.64,13.14,77.7,6.1,6.9,5.4,0.3,0.0
MN-SEN,senate,MN,27039,3099,5478,165,0,8742,-27.73,-32.67,92.2,0.5,4.0,0.5,0.2,0.0
MN-SEN,senate,MN,27041,5989,11260,332,0,17581,-30.55,-35.63,95.2,0.5,1.6,0.5,0.3,0.0
MN-SEN,senate,MN,27043,1801,3531,103,0,5435,-32.45,-38.1,91.5,0.4,5.5,0.4,0.3,0.0
MN-SEN,senate,MN,27045,3387,5122,164,0,8672,-20.39,-25.95,95.8,0.5,1.5,0.3,0.0,0.0
MN-SEN,senate,MN,27047,4845,6630,221,0,11696,-15.56,-21.61,85.2,1.1,8.0,3.0,0.2,0.0
MN-SEN,senate,MN,27049,8728,11067,381,0,20176,-11.82,-16.78,91.4,1.2,3.0,0.7,1.0,0.1
MN-SEN,senate,MN,27051,906,1528,47,0,2481,-25.55,-31.25,94.7,0.2,2.0,0.3,0.3,0.1
MN-SEN,senate,MN,27053,366498,127898,9528,0,503924,48.26,43.64,70.3,11.4,6.5,7.3,0.6,0.0
MN-SEN,senate,MN,27055,3489,4362,151,0,8001,-11.12,-16.76,95.9,0.3,1.1,0.5,0.2,0.0
MN-SEN,senate,MN,27057,3417,5941,180,0,9538,-26.96,-32.01,92.0,0.3,1.6,0.4,2.2,0.0
MN-SEN,senate,MN,27059,5651,12157,343,0,18151,-36.53,-41.88,93.0,0.7,1.7,1.1,0.5,0.0
MN-SEN,senate,MN,27061,7854,10583,355,0,18793,-14.8,-20.49,91.5,0.3,1.0,0.3,2.7,0.0
MN-SEN,senate,MN,27063,1220,2658,75,0,3953,-37.09,-42.82,92.7,0.9,2.8,1.3,0.3,0.0
MN-SEN,senate,MN,27065,2100,4566,128,0,6795,-36.99,-42.99,94.6,0.3,0.9,0.5,0.7,0.0
MN-SEN,senate,MN,27067,5968,10031,308,0,16307,-25.4,-31.54,81.4,4.3,10.7,1.2,0.2,0.1
MN-SEN,senate,MN,27069,689,1028,33,0,1751,-19.75,-25.51,95.2,0.0,1.6,0.2,0.5,0.2
MN-SEN,senate,MN,27071,1864,2800,90,0,4754,-20.06,-26.08,92.1,0.4,1.1,0.3,2.0,0.1
MN-SEN,senate,MN,27073,1008,1737,53,0,2798,-26.56,-32.86,94.6,0.5,2.3,0.6,0.1,0.0
MN-SEN,senate,MN,27075,2595,2181,92,0,4868,8.68,3.96,95.1,0.1,0.8,0.5,0.4,0.0
MN-SEN,senate,MN,27077,467,1146,31,0,1644,-42.08,-47.8,94.6,0.4,1.0,0.5,0.6,0.0
MN-SEN,senate,MN,27079,4280,7722,231,0,12233,-28.67,-34.23,91.1,0.8,5.0,0.5,0.2,0.1
MN-SEN,senate,MN,27081,738,1485,43,0,2265,-33.63,-38.52,96.2,0.2,1.3,0.4,0.1,0.0
MN-SEN,senate,MN,27083,3284,5640,172,0,9096,-26.4,-32.45,84.9,3.1,5.3,4.3,0.3,0.0
MN-SEN,senate,MN,27085,4829,9736,280,0,14846,-33.69,-38.62,91.0,0.5,5.2,0.6,0.3,0.1
MN-SEN,senate,MN,27087,733,766,29,0,1528,-2.23,-8.88,50.3,0.1,2.4,0.2,36.1,0.0
MN-SEN,senate,MN,27089,929,2528,67,0,3524,-46.24,-52.45,94.0,0.1,3.2,0.2,0.3,0.0
MN-SEN,senate,MN,27091,2397,5020,143,0,7561,-35.36,-40.24,91.7,0.4,5.1,0.5,0.2,0.0
MN-SEN,senate,MN,27093,2907,6502,181,0,9590,-38.2,-43.45,94.1,0.3,3.0,0.3,0.1,0.0
MN-SEN,senate,MN,27095,3349,7088,201,0,10638,-35.83,-41.46,89.6,0.3,1.3,0.5,4.6,0.0
MN-SEN,senate,MN,27097,3387,10572,269,0,14228,-51.47,-56.88,95.5,0.4,1.4,0.3,0.3,0.0
MN-SEN,senate,MN,27099,6203,6826,251,0,13280,-4.78,-10.67,79.8,3.2,9.8,4.4,0.2,0.5
MN-SEN,senate,MN,27101,1026,2250,63,0,3340,-37.36,-43.14,93.0,0.4,3.6,1.1,0.1,0.0
MN-SEN,senate,MN,27103,6988,6345,257,0,13590,4.82,-0.52,87.5,4.0,4.2,1.8,0.4,0.0
MN-SEN,senate,MN,27105,1988,3697,109,0,5795,-30.06,-36.14,62.2,3.7,26.6,5.7,0.3,0.2
MN-SEN,senate,MN,27107,948,1315,44,0,2306,-16.19,-22.84,91.0,0.3,3.3,0.3,1.5,0.0
MN-SEN,senate,MN,27109,35922,26519,1203,0,63643,15.06,10.9,80.3,5.5,4.7,6.2,0.2,0.0
MN-SEN,senate,MN,27111,8855,16384,486,0,25725,-29.83,-34.76,92.6,1.0,2.8,0.6,0.4,0.0
MN-SEN,senate,MN,27113,1867,3204,98,0,5169,-26.35,-32.2,89.7,1.2,3.7,0.9,1.0,0.0
MN-SEN,senate,MN,27115,4101,7518,224,0,11842,-29.41,-35.73,88.7,1.8,2.1,0.9,2.9,0.0
MN-SEN,senate,MN,27117,938,2385,64,0,3388,-43.54,-48.86,88.9,0.9,6.4,0.7,1.1,0.0
MN-SEN,senate,MN,27119,3801,6793,204,0,10797,-28.25,-34.34,88.0,2.6,5.0,0.5,1.2,0.0
MN-SEN,senate,MN,27121,1827,3132,95,0,5054,-26.32,-32.21,96.5,0.3,1.1,0.4,0.3,0.0
MN-SEN,senate,MN,27123,142688,48172,3678,0,194539,49.52,44.33,64.3,10.9,6.9,13.4,0.5,0.0
MN-SEN,senate,MN,27125,491,962,28,0,1482,-32.41,-37.88,93.3,0.5,1.9,0.1,1.2,0.0
MN-SEN,senate,MN,27127,1750,3971,110,0,5831,-38.81,-43.87,88.9,0.4,2.0,1.9,4.3,0.0
MN-SEN,senate,MN,27129,1765,3772,107,0,5643,-36.24,-42.21,89.4,0.4,6.8,0.4,0.7,0.0
MN-SEN,senate,MN,27131,12842,12167,482,0,25490,2.7,-2.56,79.7,5.4,8.6,2.6,0.5,0.0
MN-SEN,senate,MN,27133,1203,2488,71,0,3763,-34.81,-39.91,93.6,0.4,2.9,0.6,0.4,0.0
MN-SEN,senate,MN,27135,1621,4219,112,0,5953,-44.49,-50.0,91.5,0.4,1.2,2.4,1.2,0.1
MN-SEN,senate,MN,27137,48687,33037,1574,0,83298,19.15,13.98,89.8,1.9,1.4,1.0,2.0,0.0
MN-SEN,senate,MN,27139,29708,32207,1193,0,63107,-4.04,-8.66,79.9,4.3,5.0,6.8,0.9,0.0
MN-SEN,senate,MN,27141,13826,25996,767,0,40588,-30.56,-35.48,89.3,3.2,2.4,1.3,0.5,0.0
MN-SEN,senate,MN,27143,1800,4065,113,0,5979,-38.61,-43.79,90.0,0.4,7.0,0.5,0.2,0.1
MN-SEN,senate,MN,27145,23262,36253,1146,0,60661,-21.83,-27.26,85.3,6.3,3.6,2.2,0.3,0.0
MN-SEN,senate,MN,27147,5736,8602,276,0,14615,-19.99,-24.97,87.4,2.7,6.6,0.9,0.2,0.0
MN-SEN,senate,MN,27149,1399,2131,68,0,3598,-20.72,-27.5,85.5,1.0,8.9,0.8,1.0,0.0
MN-SEN,senate,MN,27151,1241,2228,67,0,3536,-28.47,-34.75,91.0,0.5,5.0,0.6,0.3,1.0
MN-SEN,senate,MN,27153,2435,6991,181,0,9608,-48.33,-54.37,89.8,0.4,7.0,0.4,0.3,0.2
MN-SEN,senate,MN,27155,458,780,24,0,1262,-26.02,-32.24,88.9,0.4,5.1,0.0,3.5,0.0
MN-SEN,senate,MN,27157,3550,5730,179,0,9459,-23.49,-28.71,94.6,0.4,2.4,0.4,0.2,0.0
MN-SEN,senate,MN,27159,1496,4034,106,0,5636,-45.9,-52.11,94.1,0.7,1.5,0.3,0.5,0.1
MN-SEN,senate,MN,27161,2569,4567,137,0,7274,-28.0,-33.11,89.5,1.6,5.3,0.5,0.7,0.0
MN-SEN,senate,MN,27163,66086,50341,2243,0,118670,13.52,9.09,81.5,4.5,3.9,6.2,0.4,0.0
MN-SEN,senate,MN,27165,1326,2063,65,0,3454,-21.76,-28.36,74.2,0.3,23.3,0.8,0.2,0.0
MN-SEN,senate,MN,27167,751,1553,44,0,2348,-34.8,-39.8,93.2,0.5,2.6,0.1,1.0,0.0
MN-SEN,senate,MN,27169,9640,9452,368,0,19460,0.98,-4.99,90.6,1.5,3.2,1.9,0.2,0.0
MN-SEN,senate,MN,27171,23093,38767,1191,0,63051,-25.34,-29.89,91.1,1.6,2.7,1.4,0.2,0.0
MN-SEN,senate,MN,27173,1197,2520,72,0,3789,-35.61,-41.43,90.7,0.5,3.6,0.3,2.8,0.0
MS-SEN,senate,MS,28001,5039,3015,296,0,8349,25.13,14.06,39.4,54.0,3.9,0.6,0.2,0.0
MS-SEN,senate,MS,28003,2195,8010,374,0,10580,-56.97,-68.93,82.2,12.0,2.5,0.5,0.2,0.0
MS-SEN,senate,MS,28005,1827,2774,169,0,4771,-20.58,-33.25,59.8,36.8,0.9,0.3,0.2,0.0
MS-SEN,senate,MS,28007,2297,2904,191,0,5392,-11.68,-23.43,55.8,40.2,1.5,0.5,0.2,0.0
MS-SEN,senate,MS,28009,1079,1541,96,0,2716,-17.67,-31.59,61.3,34.2,1.7,0.0,0.1,0.0
MS-SEN,senate,MS,28011,4809,2236,259,0,7304,36.53,23.9,34.2,60.1,2.5,0.9,0.1,0.0
MS-SEN,senate,MS,28013,1308,2767,150,0,4224,-35.81,-48.35,67.8,25.3,4.3,0.1,0.1,0.0
MS-SEN,senate,MS,28015,1185,2322,129,0,3636,-32.4,-44.55,66.4,29.6,1.5,0.3,0.2,0.0
MS-SEN,senate,MS,28017,2420,2464,179,0,5064,-0.91,-13.8,52.8,41.9,3.1,0.3,0.1,0.0
MS-SEN,senate,MS,28019,825,1802,96,0,2723,-37.19,-49.82,69.1,27.4,1.0,0.1,0.2,0.0
MS-SEN,senate,MS,28021,2153,238,88,0,2478,80.12,68.19,12.2,85.6,0.7,0.0,0.1,0.0
MS-SEN,senate,MS,28023,1948,3164,188,0,5300,-23.8,-35.4,65.1,31.9,0.6,0.1,0.1,0.0
MS-SEN,senate,MS,28025,3751,2364,224,0,6339,22.67,10.5,41.4,55.6,0.9,0.3,0.1,0.0
MS-SEN,senate,MS,28027,3480,1104,168,0,4752,51.84,40.23,22.9,72.9,1.6,0.6,0.1,0.0
MS-SEN,senate,MS,28029,4205,3671,289,0,8165,6.78,-6.12,45.6,48.6,3.1,0.4,0.1,0.1
MS-SEN,senate,MS,28031,2366,3617,220,0,6203,-20.92,-33.54,62.4,33.7,1.7,0.4,0.1,0.0
MS-SEN,senate,MS,28033,22764,30634,1960,0,55358,-14.74,-24.7,61.6,28.7,4.6,1.7,0.2,0.1
MS-SEN,senate,MS,28035,9036,10184,705,0,19926,-5.97,-18.19,57.6,34.5,3.6,1.2,0.2,0.0
MS-SEN,senate,MS,28037,999,1746,101,0,2846,-27.21,-40.01,65.3,32.3,0.6,0.1,0.0,0.0
MS-SEN,senate,MS,28039,1185,6290,274,0,7749,-68.28,-79.3,86.7,7.3,2.2,0.3,0.4,0.0
MS-SEN,senate,MS,28041,794,3020,140,0,3955,-58.35,-70.24,70.9,25.4,1.0,0.2,0.5,0.0
MS-SEN,senate,MS,28043,3136,3458,242,0,6836,-4.89,-16.38,54.2,41.7,1.2,0.4,0.1,0.0
MS-SEN,senate,MS,28045,3703,10597,525,0,14824,-48.21,-59.3,82.9,7.8,3.8,1.0,0.5,0.0
MS-SEN,senate,MS,28047,21006,30259,1881,0,53147,-18.05,-29.24,63.7,22.6,5.7,3.0,0.4,0.1
MS-SEN,senate,MS,28049,46236,12382,2152,0,60770,57.75,46.73,28.0,67.0,1.8,1.0,0.1,0.0
MS-SEN,senate,MS,28051,3958,585,167,0,4710,74.25,62.69,16.4,81.1,0.6,0.1,0.2,0.0
MS-SEN,senate,MS,28053,1802,540,86,0,2427,53.89,42.32,20.9,75.3,1.1,0.2,0.1,0.0
MS-SEN,senate,MS,28055,235,185,15,0,435,11.83,-1.54,33.7,55.1,10.3,0.2,0.1,0.0
MS-SEN,senate,MS,28057,1117,6055,263,0,7436,-68.85,-80.53,89.3,6.8,1.4,0.2,0.2,0.0
MS-SEN,senate,MS,28059,12623,22766,1299,0,36689,-28.66,-40.33,67.3,20.1,6.0,2.3,0.4,0.1
MS-SEN,senate,MS,28061,2860,2474,196,0,5529,7.24,-5.11,48.3,49.0,0.9,0.1,0.1,0.0
MS-SEN,senate,MS,28063,1995,232,82,0,2309,79.14,66.89,14.3,83.1,0.8,0.3,0.2,0.1
MS-SEN,senate,MS,28065,2281,1350,133,0,3764,25.63,13.83,40.1,57.0,0.7,0.2,0.1,0.0
MS-SEN,senate,MS,28067,6044,12691,688,0,19423,-35.48,-47.18,65.4,26.9,4.8,0.4,0.5,0.0
MS-SEN,senate,MS,28069,1783,976,101,0,2860,29.24,16.94,34.1,59.4,0.7,0.1,4.2,0.0
MS-SEN,senate,MS,28071,7172,8634,580,0,16386,-9.25,-22.14,71.2,19.3,3.4,3.1,0.1,0.0
MS-SEN,senate,MS,28073,5809,13214,698,0,19721,-38.93,-49.39,71.1,20.8,3.0,1.7,0.2,0.1
MS-SEN,senate,MS,28075,8341,10164,679,0,19185,-9.85,-21.39,53.1,41.7,2.1,0.8,0.2,0.0
MS-SEN,senate,MS,28077,1541,2546,150,0,4237,-24.6,-36.83,66.2,29.9,1.5,0.3,0.2,0.0
MS-SEN,senate,MS,28079,2529,3129,208,0,5866,-10.6,-23.56,51.1,37.5,4.3,0.4,5.0,0.0
MS-SEN,senate,MS,28081,8667,15195,876,0,24738,-27.36,-39.26,66.5,27.2,2.7,1.1,0.1,0.0
MS-SEN,senate,MS,28083,4764,1570,232,0,6566,50.43,39.02,23.7,70.9,2.7,0.8,0.1,0.0
MS-SEN,senate,MS,28085,3548,7123,392,0,11062,-33.5,-45.69,67.2,29.2,1.0,0.5,0.2,0.0
MS-SEN,senate,MS,28087,8545,7947,605,0,17098,3.62,-8.23,52.0,42.4,2.0,0.9,0.2,0.0
MS-SEN,senate,MS,28089,17727,19889,1380,0,38996,-5.75,-17.5,57.2,34.4,3.2,2.8,0.2,0.0
MS-SEN,senate,MS,28091,2643,4912,277,0,7832,-30.03,-42.01,65.9,30.4,1.3,0.3,0.2,0.0
MS-SEN,senate,MS,28093,5386,4730,371,0,10488,6.49,-7.33,49.9,43.7,3.6,0.2,0.2,0.1
MS-SEN,senate,MS,28095,4118,6733,398,0,11249,-24.1,-36.18,67.0,29.5,1.1,0.2,0.1,0.0
MS-SEN,senate,MS,28097,1361,1626,110,0,3097,-8.85,-20.96,54.4,42.5,0.9,0.2,0.1,0.0
MS-SEN,senate,MS,28099,2236,5098,269,0,7603,-39.03,-51.34,60.7,21.2,1.3,0.4,14.5,0.0
MS-SEN,senate,MS,28101,2143,4153,231,0,6526,-31.93,-43.68,62.7,29.6,1.4,0.4,4.2,0.0
MS-SEN,senate,MS,28103,2406,598,110,0,3114,60.18,47.92,26.9,69.2,1.3,0.1,0.2,0.0
MS-SEN,senate,MS,28105,6812,5376,447,0,12635,11.78,-0.28,59.1,32.9,2.4,2.9,0.2,0.0
MS-SEN,senate,MS,28107,4805,4933,357,0,10095,-1.31,-15.01,50.5,45.6,1.6,0.2,0.1,0.0
MS-SEN,senate,MS,28109,3649,13011,611,0,17272,-56.19,-67.39,80.0,11.6,3.5,0.5,0.5,0.0
MS-SEN,senate,MS,28111,966,2775,137,0,3878,-48.36,-60.82,78.0,18.3,1.1,0.3,0.4,0.0
MS-SEN,senate,MS,28113,5658,4797,384,0,10839,8.24,-3.53,44.6,50.7,1.4,0.6,0.3,0.0
MS-SEN,senate,MS,28115,2079,7421,349,0,9849,-56.22,-68.27,78.7,13.5,5.0,0.2,0.2,0.0
MS-SEN,senate,MS,28117,1619,5391,257,0,7267,-53.81,-66.49,81.6,14.2,1.4,0.3,0.3,0.0
MS-SEN,senate,MS,28119,1295,512,66,0,1874,43.36,31.33,26.6,71.4,0.1,0.2,0.0,0.1
MS-SEN,senate,MS,28121,14797,32254,1727,0,48778,-37.1,-47.62,73.1,20.1,2.7,1.5,0.2,0.0
MS-SEN,senate,MS,28123,2940,3738,245,0,6924,-11.94,-24.11,51.0,34.9,12.0,0.4,0.3,0.0
MS-SEN,senate,MS,28125,880,313,44,0,1236,47.56,37.1,28.3,67.3,1.6,0.3,0.0,0.1
MS-SEN,senate,MS,28127,2819,4672,275,0,7766,-24.73,-36.92,63.2,32.7,1.3,0.3,0.2,0.0
MS-SEN,senate,MS,28129,1315,3869,190,0,5374,-49.28,-61.06,76.3,20.6,1.2,0.1,0.2,0.0
MS-SEN,senate,MS,28131,1424,3923,196,0,5544,-46.73,-58.64,76.2,17.5,2.4,0.5,0.4,0.1
MS-SEN,senate,MS,28133,3931,1386,195,0,5512,47.88,35.74,28.5,67.3,2.4,0.3,0.1,0.0
MS-SEN,senate,MS,28135,2015,1396,125,0,3535,18.15,5.86,39.9,54.9,4.0,0.1,0.0,0.0
MS-SEN,senate,MS,28137,2999,5685,319,0,9003,-30.93,-44.19,66.4,28.3,2.3,0.2,0.2,0.0
MS-SEN,senate,MS,28139,1453,5023,238,0,6714,-55.12,-67.54,78.1,15.8,4.1,0.1,0.1,0.0
MS-SEN,senate,MS,28141,979,5132,224,0,6336,-67.96,-79.5,91.8,2.4,2.3,0.2,0.2,0.0
MS-SEN,senate,MS,28143,1371,429,66,0,1867,52.34,39.35,22.3,73.4,1.9,0.4,0.2,0.0
MS-SEN,senate,MS,28145,1742,6685,309,0,8736,-58.66,-70.77,79.4,14.1,3.8,0.3,0.1,0.0
MS-SEN,senate,MS,28147,1884,2524,162,0,4570,-14.52,-27.19,56.8,39.7,1.3,0.3,0.4,0.0
MS-SEN,senate,MS,28149,6645,5710,453,0,12808,7.57,-4.0,49.8,45.0,1.8,0.9,0.2,0.0
MS-SEN,senate,MS,28151,7218,2598,360,0,10176,47.07,35.36,27.3,68.9,1.1,0.7,0.1,0.0
MS-SEN,senate,MS,28153,2440,3717,226,0,6383,-20.74,-33.02,59.4,37.3,1.5,0.2,0.2,0.0
MS-SEN,senate,MS,28155,799,2642,126,0,3567,-53.58,-65.58,78.9,17.8,1.1,0.2,0.1,0.0
MS-SEN,senate,MS,28157,1374,605,73,0,2051,38.83,25.66,31.6,65.1,0.9,0.1,0.2,0.0
MS-SEN,senate,MS,28159,2659,3002,208,0,5869,-6.06,-18.4,53.2,43.2,1.0,0.2,0.8,0.0
MS-SEN,senate,MS,28161,1814,2155,146,0,4115,-8.58,-21.16,61.5,35.0,1.2,0.2,0.2,0.0
MS-SEN,senate,MS,28163,3349,2708,222,0,6279,10.58,-2.43,36.7,56.4,4.7,0.5,0.2,0.0
MT-SEN,senate,MT,30001,426,2373,1110,148,4057,-36.26,-44.9,90.7,0.1,4.0,0.3,1.0,0.0
MT-SEN,senate,MT,30003,812,1346,856,115,3128,-22.24,-1.77,32.4,0.1,3.8,0.4,59.2,0.0
MT-SEN,senate,MT,30005,516,941,578,77,2113,-23.86,-6.19,47.0,0.2,1.9,0.1,46.7,0.0
MT-SEN,senate,MT,30007,161,2162,921,123,3368,-40.24,-61.98,92.2,0.2,2.4,0.1,0.7,0.0
MT-SEN,senate,MT,30009,744,2780,1398,187,5109,-33.09,-33.46,92.8,0.2,2.0,0.2,0.8,0.0
MT-SEN,senate,MT,30011,0,413,164,22,598,-43.22,-82.04,95.0,0.0,0.9,0.0,0.6,0.0
MT-SEN,senate,MT,30013,4761,13386,7199,963,26309,-30.05,-23.05,83.8,1.3,4.0,1.2,4.0,0.1
MT-SEN,senate,MT,30015,295,1122,562,75,2054,-33.26,-33.45,76.4,0.1,2.2,0.3,18.3,0.0
MT-SEN,senate,MT,30017,352,2448,1110,149,4059,-37.58,-50.47,91.4,0.6,2.6,0.5,1.5,0.1
MT-SEN,senate,MT,30019,22,437,182,24,666,-41.19,-66.95,90.5,0.0,2.0,1.0,1.3,0.0
MT-SEN,senate,MT,30021,166,2075,888,119,3248,-40.03,-60.45,90.6,0.5,2.2,0.7,1.9,0.0
MT-SEN,senate,MT,30023,914,1437,933,125,3408,-21.26,1.0,91.2,0.3,2.0,0.3,2.5,0.0
MT-SEN,senate,MT,30025,0,728,289,39,1056,-43.22,-77.76,95.4,0.2,1.3,0.2,0.8,0.1
MT-SEN,senate,MT,30027,354,2888,1286,172,4700,-38.39,-53.08,93.4,0.0,1.5,0.3,1.0,0.0
MT-SEN,senate,MT,30029,6211,24281,12095,1618,44205,-33.5,-34.71,90.9,0.2,2.6,0.7,0.9,0.1
MT-SEN,senate,MT,30031,13317,20418,13390,1791,48916,-20.79,3.32,88.7,0.4,4.3,1.2,0.7,0.1
MT-SEN,senate,MT,30033,0,387,153,20,560,-43.22,-90.19,95.7,0.0,1.0,0.0,1.0,0.0
MT-SEN,senate,MT,30035,1203,1247,973,130,3553,-1.8,20.4,29.4,0.1,1.8,0.4,62.7,0.1
MT-SEN,senate,MT,30037,4,245,99,13,361,-42.61,-73.57,91.1,0.8,2.7,0.0,0.0,0.0
MT-SEN,senate,MT,30039,164,887,417,56,1524,-36.05,-45.27,93.1,0.0,2.1,0.1,0.9,0.0
MT-SEN,senate,MT,30041,935,2350,1303,174,4763,-28.65,-19.02,72.7,0.3,2.5,0.6,19.2,0.1
MT-SEN,senate,MT,30043,767,3237,1588,212,5805,-34.18,-37.57,91.8,0.1,1.8,0.4,1.3,0.0
MT-SEN,senate,MT,30045,52,602,259,35,947,-39.8,-59.73,93.4,0.4,1.9,0.2,0.1,0.1
MT-SEN,senate,MT,30047,2260,5904,3239,433,11837,-29.15,-20.56,70.4,0.2,3.2,0.5,18.3,0.1
MT-SEN,senate,MT,30049,7032,13253,8050,1077,29412,-24.43,-5.9,89.1,0.4,3.0,0.8,1.7,0.1
MT-SEN,senate,MT,30051,48,430,189,25,692,-38.85,-55.69,95.9,0.1,0.4,0.4,0.7,0.0
MT-SEN,senate,MT,30053,606,5089,2258,302,8255,-38.53,-54.62,91.3,0.1,2.3,0.5,1.0,0.1
MT-SEN,senate,MT,30055,2,521,207,28,758,-43.1,-75.66,94.3,0.1,1.3,0.6,1.0,0.0
MT-SEN,senate,MT,30057,463,2658,1238,166,4524,-36.46,-46.41,92.6,0.2,2.5,0.3,0.4,0.1
MT-SEN,senate,MT,30059,57,509,225,30,821,-38.81,-55.24,93.5,0.5,2.3,0.0,0.0,0.0
MT-SEN,senate,MT,30061,182,1186,543,73,1984,-37.22,-49.67,90.1,0.1,2.4,0.6,1.6,0.1
MT-SEN,senate,MT,30063,17075,18039,13940,1864,50919,-2.74,22.22,86.3,0.5,4.9,1.2,2.3,0.1
MT-SEN,senate,MT,30065,19,1437,577,77,2110,-42.69,-73.12,91.8,0.1,2.7,0.4,1.4,0.1
MT-SEN,senate,MT,30067,1887,3770,2245,300,8201,-25.36,-7.96,91.9,0.4,2.4,0.5,0.7,0.0
MT-SEN,senate,MT,30069,0,157,62,8,227,-43.22,-76.95,94.4,0.0,1.0,0.0,0.0,0.0
MT-SEN,senate,MT,30071,57,1001,419,56,1533,-40.96,-63.99,85.8,0.2,2.1,0.4,6.6,0.0
MT-SEN,senate,MT,30073,226,1151,546,73,1997,-35.64,-43.21,81.9,0.0,1.2,0.5,12.6,0.2
MT-SEN,senate,MT,30075,0,534,212,28,775,-43.22,-76.05,93.3,0.1,1.7,0.0,1.7,0.0
MT-SEN,senate,MT,30077,161,1424,629,84,2298,-38.75,-55.29,87.3,1.0,1.7,0.3,6.5,0.0
MT-SEN,senate,MT,30079,18,314,132,18,482,-40.91,-63.47,92.8,0.2,2.2,0.8,1.0,0.0
MT-SEN,senate,MT,30081,2475,11968,5728,766,20937,-35.26,-41.69,91.2,0.2,2.9,0.6,0.7,0.1
MT-SEN,senate,MT,30083,69,2497,1017,136,3718,-42.11,-69.87,88.0,0.5,4.3,1.0,1.3,0.1
MT-SEN,senate,MT,30085,629,1260,750,100,2739,-25.4,-10.04,38.7,0.2,2.0,0.6,52.4,0.0
MT-SEN,senate,MT,30087,331,1452,707,95,2586,-34.48,-38.5,63.4,0.1,2.1,0.4,30.1,0.0
MT-SEN,senate,MT,30089,380,3518,1546,207,5650,-38.94,-56.59,88.0,0.2,2.2,0.4,3.4,0.0
MT-SEN,senate,MT,30091,144,780,366,49,1339,-36.08,-44.37,92.2,0.3,2.2,0.4,1.3,0.0
MT-SEN,senate,MT,30093,3702,5094,3491,467,12754,-15.82,7.29,90.0,0.3,3.8,0.6,1.4,0.1
MT-SEN,senate,MT,30095,183,2670,1131,151,4136,-40.48,-63.3,92.0,0.1,2.5,0.3,0.8,0.0
MT-SEN,senate,MT,30097,116,1034,456,61,1667,-38.78,-54.62,92.0,0.2,2.2,0.4,0.4,0.0
MT-SEN,senate,MT,30099,251,1473,683,91,2498,-36.6,-46.42,92.0,0.2,1.0,0.3,1.7,0.1
MT-SEN,senate,MT,30101,87,902,392,52,1433,-39.4,-58.21,84.6,0.8,3.0,0.7,7.8,0.0
MT-SEN,senate,MT,30103,4,210,85,11,310,-42.49,-73.11,92.3,0.2,4.3,0.5,1.2,0.0
MT-SEN,senate,MT,30105,226,1744,781,105,2856,-38.12,-52.71,86.6,0.2,1.9,0.3,7.3,0.0
MT-SEN,senate,MT,30107,41,484,208,28,761,-39.88,-60.27,92.4,0.1,1.4,0.2,0.2,0.0
MT-SEN,senate,MT,30109,2,262,105,14,382,-42.97,-73.41,93.6,0.3,2.5,0.0,0.7,0.3
MT-SEN,senate,MT,30111,9341,29961,15591,2085,56978,-31.55,-27.99,85.8,0.7,5.0,0.8,3.4,0.1
NC-SEN,senate,NC,37001,31715,29678,321,1176,62889,3.32,-8.26,63.7,19.3,11.7,1.7,0.4,0.0
NC-SEN,senate,NC,37003,3691,10448,74,271,14484,-47.79,-60.32,86.2,5.6,4.0,1.0,0.3,0.0
NC-SEN,senate,NC,37005,1336,3101,23,85,4545,-39.77,-52.32,86.9,1.0,9.7,0.2,0.2,0.0
NC-SEN,senate,NC,37007,4154,3277,39,142,7612,11.81,-2.52,49.9,44.0,2.5,0.9,0.4,0.0
NC-SEN,senate,NC,37009,3709,7403,58,213,11383,-33.24,-44.82,92.0,0.4,4.6,0.4,0.2,0.0
NC-SEN,senate,NC,37011,1906,4580,34,124,6644,-41.22,-52.78,88.1,4.3,4.5,0.3,0.3,0.0
NC-SEN,senate,NC,37013,7456,10712,95,348,18611,-17.92,-31.3,69.2,22.1,5.9,0.4,0.2,0.0
NC-SEN,senate,NC,37015,4043,2204,33,120,6399,29.43,15.66,36.2,58.8,1.8,0.4,0.4,0.0
NC-SEN,senate,NC,37017,4972,5788,56,206,11022,-7.59,-21.89,55.7,32.4,6.7,0.2,2.4,0.0
NC-SEN,senate,NC,37019,32359,42403,390,1432,76585,-13.43,-25.04,83.7,7.8,4.1,0.6,0.5,0.0
NC-SEN,senate,NC,37021,74415,35232,573,2101,112321,35.74,25.14,82.4,5.3,6.6,1.2,0.3,0.1
NC-SEN,senate,NC,37023,11087,20257,164,600,32108,-29.25,-41.54,81.2,5.7,6.4,3.2,0.3,0.1
NC-SEN,senate,NC,37025,42264,39883,429,1573,84150,2.9,-7.82,63.3,18.0,10.1,4.7,0.3,0.1
NC-SEN,senate,NC,37027,8825,20919,155,569,30469,-40.66,-52.97,86.5,4.7,4.8,0.6,0.2,0.0
NC-SEN,senate,NC,37029,1332,2981,23,83,4417,-38.24,-51.2,80.3,11.0,2.5,1.2,0.4,0.0
NC-SEN,senate,NC,37031,10733,20591,164,600,32087,-31.47,-43.46,86.9,4.7,3.6,0.8,0.4,0.1
NC-SEN,senate,NC,37033,3675,4554,43,158,8430,-10.68,-24.73,62.2,30.9,3.6,0.2,0.3,0.0
NC-SEN,senate,NC,37035,21959,37591,311,1140,61002,-26.25,-38.32,76.1,7.8,8.7,3.8,0.2,0.0
NC-SEN,senate,NC,37037,22204,13528,187,685,36604,24.28,12.63,73.3,10.4,10.7,2.2,0.2,0.0
NC-SEN,senate,NC,37039,3312,8876,64,233,12485,-45.66,-58.04,89.6,1.1,2.4,0.5,1.5,0.0
NC-SEN,senate,NC,37041,2352,2809,27,99,5288,-8.85,-22.61,62.8,30.9,3.0,0.4,0.3,0.0
NC-SEN,senate,NC,37043,1623,3660,28,101,5413,-38.55,-50.42,92.3,0.5,3.1,0.3,0.4,0.0
NC-SEN,senate,NC,37045,13685,21662,185,677,36208,-22.57,-35.22,72.9,19.5,3.3,0.9,0.2,0.0
NC-SEN,senate,NC,37047,7205,10843,94,346,18488,-20.16,-34.09,61.2,28.5,4.1,0.3,3.2,0.0
NC-SEN,senate,NC,37049,17565,20829,201,735,39329,-8.5,-20.66,67.6,19.4,5.9,2.7,0.4,0.1
NC-SEN,senate,NC,37051,60654,35343,502,1839,98339,26.37,13.57,42.6,36.9,10.5,2.9,1.4,0.4
NC-SEN,senate,NC,37053,3924,8419,64,236,12644,-36.41,-48.38,85.5,5.0,3.5,1.0,0.4,0.1
NC-SEN,senate,NC,37055,8022,9208,90,330,17650,-6.88,-18.97,88.7,1.8,5.4,0.7,0.3,0.0
NC-SEN,senate,NC,37057,20499,43409,334,1224,65465,-35.85,-47.56,79.5,9.1,6.5,1.4,0.4,0.0
NC-SEN,senate,NC,37059,5961,12400,96,352,18808,-35.07,-47.03,84.1,5.7,6.2,0.6,0.2,0.0
NC-SEN,senate,NC,37061,6637,9013,82,300,16032,-15.19,-29.11,54.9,24.4,18.1,0.3,0.3,0.0
NC-SEN,senate,NC,37063,107899,15431,645,2364,126340,74.98,62.91,44.4,33.5,12.7,5.6,0.2,0.0
NC-SEN,senate,NC,37065,11394,5320,87,320,17121,36.34,22.86,38.0,54.8,4.5,0.2,0.3,0.0
NC-SEN,senate,NC,37067,87607,52262,731,2680,143280,25.27,13.33,58.3,24.2,11.5,2.4,0.3,0.0
NC-SEN,senate,NC,37069,14349,14811,152,559,29871,-1.59,-13.71,64.3,23.2,8.2,0.7,0.4,0.0
NC-SEN,senate,NC,37071,34910,46606,426,1561,83502,-14.35,-25.25,70.7,16.5,7.3,1.5,0.4,0.0
NC-SEN,senate,NC,37073,1854,2157,21,77,4108,-7.55,-21.87,64.4,30.0,1.4,0.2,0.6,0.1
NC-SEN,senate,NC,37075,790,2478,17,63,3348,-51.63,-64.46,88.7,0.5,2.1,0.3,5.7,0.0
NC-SEN,senate,NC,37077,11353,10587,115,420,22474,3.49,-9.51,57.3,30.6,8.2,0.6,0.3,0.0
NC-SEN,senate,NC,37079,2758,3017,30,111,5916,-4.48,-18.19,49.5,36.2,11.4,0.2,0.6,0.0
NC-SEN,senate,NC,37081,130763,64025,1018,3733,199538,34.26,22.15,50.7,32.4,8.0,5.0,0.4,0.0
NC-SEN,senate,NC,37083,10444,5536,84,306,16369,30.72,17.29,41.2,50.0,2.4,0.6,3.3,0.0
NC-SEN,senate,NC,37085,18981,24599,228,835,44642,-12.89,-25.38,62.1,20.1,11.6,1.1,0.8,0.2
NC-SEN,senate,NC,37087,11142,14753,135,496,26526,-13.95,-25.41,91.2,1.1,3.6,0.6,0.4,0.0
NC-SEN,senate,NC,37089,22830,25007,250,916,49003,-4.55,-14.72,82.1,2.7,10.7,1.1,0.2,0.2
NC-SEN,senate,NC,37091,4742,1981,35,129,6887,41.07,26.97,32.9,54.9,8.0,0.5,0.9,0.0
NC-SEN,senate,NC,37093,9277,6279,81,298,15935,19.28,6.01,40.0,32.7,12.5,1.5,7.7,0.3
NC-SEN,senate,NC,37095,759,899,9,32,1699,-8.45,-22.29,64.5,26.8,5.9,0.2,0.2,0.1
NC-SEN,senate,NC,37097,29831,45963,396,1451,77641,-21.28,-32.92,76.0,11.0,7.1,2.4,0.2,0.0
NC-SEN,senate,NC,37099,7681,7314,78,287,15361,2.45,-9.52,79.4,1.9,6.4,1.1,7.5,0.0
NC-SEN,senate,NC,37101,37907,47306,445,1632,87289,-11.03,-21.77,66.8,15.4,13.2,0.9,0.4,0.0
NC-SEN,senate,NC,37103,1638,2096,20,72,3825,-12.26,-25.89,64.3,28.7,3.4,0.4,0.5,0.0
NC-SEN,senate,NC,37105,9776,10783,107,394,21060,-4.9,-17.64,61.6,17.0,16.8,1.1,0.4,0.1
NC-SEN,senate,NC,37107,9958,8837,98,360,19253,5.96,-6.84,51.5,39.1,6.2,0.6,0.3,0.1
NC-SEN,senate,NC,37109,12475,25527,198,728,38928,-34.35,-46.05,84.4,5.2,6.2,0.8,0.3,0.0
NC-SEN,senate,NC,37111,5051,11122,84,310,16568,-37.54,-49.55,86.7,4.0,5.2,0.8,0.3,0.0
NC-SEN,senate,NC,37113,5488,9507,78,287,15360,-26.81,-38.35,87.7,0.7,7.4,0.7,0.4,0.0
NC-SEN,senate,NC,37115,4093,5217,49,178,9537,-12.07,-23.83,91.3,1.1,3.1,0.4,0.3,0.0
NC-SEN,senate,NC,37117,4225,3963,43,157,8387,3.2,-10.5,54.4,39.6,3.1,0.4,0.2,0.0
NC-SEN,senate,NC,37119,287291,107209,2062,7560,404122,45.65,33.44,47.9,28.8,13.3,6.3,0.3,0.0
NC-SEN,senate,NC,37121,1667,4379,32,116,6193,-44.86,-56.27,92.3,0.3,3.7,0.4,0.2,0.0
NC-SEN,senate,NC,37123,3423,5605,47,173,9248,-24.17,-38.09,68.2,16.5,11.6,1.5,0.3,0.0
NC-SEN,senate,NC,37125,17427,24811,221,809,43267,-17.48,-29.78,78.3,10.5,5.8,1.2,0.7,0.1
NC-SEN,senate,NC,37127,19841,16014,187,687,36729,10.68,-1.78,51.6,37.9,6.3,0.9,0.6,0.0
NC-SEN,senate,NC,37129,53198,41374,494,1812,96877,12.5,0.6,76.7,11.4,6.3,1.5,0.3,0.1
NC-SEN,senate,NC,37131,4036,2246,33,120,6436,28.49,14.54,41.6,53.9,1.5,0.2,0.3,0.0
NC-SEN,senate,NC,37133,21397,34441,292,1069,57199,-23.36,-36.3,65.7,13.0,12.5,2.5,0.5,0.4
NC-SEN,senate,NC,37135,49143,10833,314,1150,61439,63.88,51.76,67.6,10.6,8.9,8.6,0.2,0.0
NC-SEN,senate,NC,37137,2203,3250,28,104,5585,-19.21,-32.3,75.6,17.1,3.4,0.4,0.4,0.0
NC-SEN,senate,NC,37139,7544,6357,73,266,14240,8.54,-4.92,55.3,35.2,4.5,1.2,0.4,0.1
NC-SEN,senate,NC,37141,10361,16237,139,509,27246,-22.09,-35.28,75.9,13.3,6.4,0.5,0.4,0.0
NC-SEN,senate,NC,37143,1924,3246,27,99,5296,-25.57,-39.62,73.5,20.5,1.8,0.3,0.3,0.1
NC-SEN,senate,NC,37145,6696,8366,79,288,15429,-11.09,-23.91,66.6,24.9,4.5,0.3,0.6,0.0
NC-SEN,senate,NC,37147,35277,24134,310,1138,60859,18.76,6.0,54.2,33.8,6.5,1.9,0.3,0.1
NC-SEN,senate,NC,37149,3852,5080,47,171,9150,-13.75,-25.36,88.5,3.4,4.1,0.3,0.3,0.0
NC-SEN,senate,NC,37151,14156,37818,271,995,53240,-45.53,-57.64,78.6,6.0,10.6,1.4,0.5,0.0
NC-SEN,senate,NC,37153,6306,7277,71,260,13914,-7.15,-21.02,58.3,29.1,5.6,0.9,2.3,0.0
NC-SEN,senate,NC,37155,13982,17986,167,612,32747,-12.53,-27.86,27.9,22.8,8.2,0.8,37.0,0.1
NC-SEN,senate,NC,37157,13034,20870,177,649,34730,-23.11,-36.18,72.8,18.4,5.2,0.5,0.3,0.0
NC-SEN,senate,NC,37159,19501,32040,269,987,52797,-24.33,-36.22,71.5,15.2,8.6,1.1,0.3,0.0
NC-SEN,senate,NC,37161,7601,16104,124,454,24282,-35.87,-48.13,83.1,9.0,4.0,0.5,0.3,0.0
NC-SEN,senate,NC,37163,8122,11155,101,369,19747,-15.73,-29.96,54.1,24.5,16.8,0.4,1.7,0.0
NC-SEN,senate,NC,37165,5347,4648,52,191,10238,7.0,-6.98,44.9,37.3,3.1,0.9,10.1,0.0
NC-SEN,senate,NC,37167,7580,17430,131,479,25620,-39.38,-51.35,80.1,11.0,3.9,1.6,0.4,0.0
NC-SEN,senate,NC,37169,4871,13705,97,356,19028,-47.55,-60.06,90.0,3.8,2.6,0.4,0.3,0.0
NC-SEN,senate,NC,37171,7533,18097,134,491,26254,-41.22,-53.65,83.9,3.4,9.4,0.5,0.2,0.0
NC-SEN,senate,NC,37173,2138,2682,25,92,4938,-11.27,-23.99,65.3,0.8,3.4,0.4,25.7,0.0
NC-SEN,senate,NC,37175,6975,7227,74,272,14548,-1.78,-12.31,88.6,2.9,4.1,0.5,0.3,0.1
NC-SEN,senate,NC,37177,551,650,6,23,1230,-8.2,-21.7,61.2,29.5,5.8,1.5,0.1,0.0
NC-SEN,senate,NC,37179,41027,54238,498,1824,97588,-13.87,-25.54,70.5,11.3,10.9,3.7,0.3,0.0
NC-SEN,senate,NC,37181,8741,4986,72,263,14061,27.35,13.45,41.6,48.4,6.9,0.6,0.2,0.0
NC-SEN,senate,NC,37183,307647,138824,2333,8556,457361,37.81,25.99,60.0,18.1,9.8,8.3,0.2,0.0
NC-SEN,senate,NC,37185,4566,2274,36,131,7007,33.5,19.25,41.6,47.4,3.0,0.3,4.9,0.0
NC-SEN,senate,NC,37187,2431,1635,21,78,4165,19.59,6.26,48.3,46.7,2.4,0.3,0.2,0.0
NC-SEN,senate,NC,37189,13357,9255,118,433,23163,18.14,6.07,83.6,4.2,6.2,1.8,0.2,0.0
NC-SEN,senate,NC,37191,18083,19345,196,717,38340,-3.37,-16.54,54.5,30.0,10.3,1.4,0.3,0.1
NC-SEN,senate,NC,37193,6534,18248,129,474,25386,-47.27,-60.06,87.6,4.0,5.4,0.5,0.1,0.0
NC-SEN,senate,NC,37195,15490,11873,143,524,28030,13.22,0.4,49.1,37.5,9.2,1.1,0.3,0.0
NC-SEN,senate,NC,37197,3406,10415,72,265,14158,-50.71,-62.92,84.7,2.9,9.2,0.4,0.2,0.0
NC-SEN,senate,NC,37199,2986,4727,40,148,7901,-22.56,-34.76,91.7,0.6,4.0,0.3,0.3,0.0
NE-SEN,senate,NE,31001,0,6043,3793,219,10056,-22.87,-42.16,85.5,0.8,9.4,1.4,0.4,0.0
NE-SEN,senate,NE,31003,0,1852,509,53,2413,-56.85,-76.9,94.8,0.2,2.4,0.4,0.3,0.0
NE-SEN,senate,NE,31005,0,162,31,4,197,-67.81,-87.9,94.0,0.9,1.6,0.0,0.0,0.0
NE-SEN,senate,NE,31007,0,215,49,6,270,-62.66,-82.2,89.7,0.0,7.0,0.0,1.0,0.0
NE-SEN,senate,NE,31009,0,155,44,4,204,-55.79,-74.22,95.9,0.0,0.6,0.3,0.0,0.0
NE-SEN,senate,NE,31011,0,1534,542,46,2122,-47.82,-66.88,95.4,0.3,2.6,0.1,0.2,0.0
NE-SEN,senate,NE,31013,0,2329,1048,75,3452,-37.93,-57.17,83.9,0.6,9.3,0.6,2.2,0.0
NE-SEN,senate,NE,31015,0,575,162,16,753,-56.13,-75.33,96.4,0.0,1.2,0.0,0.3,0.0
NE-SEN,senate,NE,31017,0,880,245,25,1150,-56.46,-75.32,92.1,0.0,5.3,0.2,0.2,0.0
NE-SEN,senate,NE,31019,0,10274,5997,363,16633,-26.29,-45.54,86.4,1.1,8.4,1.5,0.3,0.1
NE-SEN,senate,NE,31021,0,1568,936,56,2559,-25.27,-45.62,93.7,0.2,1.6,0.4,1.1,0.3
NE-SEN,senate,NE,31023,0,2214,928,70,3211,-40.94,-60.16,92.9,0.3,4.5,0.1,0.2,0.0
NE-SEN,senate,NE,31025,0,6382,4407,240,11029,-18.31,-37.79,92.8,0.3,2.8,0.4,0.3,0.0
NE-SEN,senate,NE,31027,0,2548,816,75,3439,-51.48,-71.01,96.5,0.3,1.7,0.1,0.2,0.0
NE-SEN,senate,NE,31029,0,1013,265,28,1307,-58.53,-77.97,85.1,0.4,12.0,0.3,0.0,0.0
NE-SEN,senate,NE,31031,0,1656,446,47,2149,-57.57,-77.01,90.1,0.3,1.9,0.2,3.9,0.0
NE-SEN,senate,NE,31033,0,2254,849,69,3172,-45.29,-64.86,88.9,0.5,6.4,0.7,0.4,0.0
NE-SEN,senate,NE,31035,0,1644,623,51,2317,-45.07,-64.54,90.5,0.1,6.3,0.1,0.3,0.0
NE-SEN,senate,NE,31037,0,1565,842,54,2461,-30.03,-51.45,54.3,3.6,40.4,0.5,0.2,0.0
NE-SEN,senate,NE,31039,0,2149,895,68,3112,-41.19,-60.62,87.5,0.2,10.2,0.2,0.3,0.1
NE-SEN,senate,NE,31041,0,3100,932,90,4121,-53.77,-73.03,94.4,0.3,2.7,0.2,0.2,0.0
NE-SEN,senate,NE,31043,0,2261,1930,93,4284,-7.9,-30.2,50.2,6.6,35.6,2.9,2.2,0.6
NE-SEN,senate,NE,31045,0,1701,948,59,2708,-28.44,-47.84,86.8,2.4,3.5,0.7,3.3,0.1
NE-SEN,senate,NE,31047,0,3762,2053,130,5944,-29.4,-50.05,61.4,4.3,31.4,0.8,0.2,0.2
NE-SEN,senate,NE,31049,0,523,170,15,709,-50.89,-69.62,92.5,0.0,4.3,0.4,0.5,0.0
NE-SEN,senate,NE,31051,0,1382,600,44,2027,-39.43,-59.7,86.4,0.2,11.0,0.4,0.3,0.0
NE-SEN,senate,NE,31053,0,6408,4851,251,11511,-13.83,-33.03,83.3,0.6,12.9,0.5,0.4,0.0
NE-SEN,senate,NE,31055,0,66022,121163,4172,191357,29.46,10.31,69.8,10.2,11.4,4.5,0.4,0.1
NE-SEN,senate,NE,31057,0,508,128,14,650,-59.73,-79.24,93.0,0.2,4.5,0.1,0.7,0.0
NE-SEN,senate,NE,31059,0,1401,662,46,2109,-35.84,-55.53,95.1,0.1,2.3,0.2,0.3,0.0
NE-SEN,senate,NE,31061,0,823,273,24,1120,-50.2,-70.26,95.2,0.3,2.6,0.4,0.1,0.0
NE-SEN,senate,NE,31063,0,744,222,22,987,-54.07,-73.53,94.6,0.3,2.0,0.0,0.2,0.2
NE-SEN,senate,NE,31065,0,1245,408,37,1689,-50.62,-70.18,93.0,0.1,3.5,0.1,0.3,0.0
NE-SEN,senate,NE,31067,0,4472,3003,167,7642,-19.66,-39.77,94.1,0.5,2.0,0.5,0.3,0.0
NE-SEN,senate,NE,31069,0,580,185,17,782,-51.58,-70.84,93.1,0.2,3.8,0.1,0.1,0.0
NE-SEN,senate,NE,31071,0,546,150,15,711,-56.95,-77.01,96.9,0.2,1.1,0.0,0.0,0.0
NE-SEN,senate,NE,31073,0,550,216,17,783,-43.67,-63.42,93.4,0.1,3.7,0.5,0.3,0.0
NE-SEN,senate,NE,31075,0,215,35,6,256,-71.78,-91.8,94.7,1.1,2.1,0.0,1.5,0.0
NE-SEN,senate,NE,31077,0,625,221,19,865,-47.68,-68.58,96.9,0.1,1.6,0.4,0.2,0.0
NE-SEN,senate,NE,31079,0,9241,6375,348,15964,-18.35,-38.23,68.0,2.5,26.0,1.2,0.3,0.1
NE-SEN,senate,NE,31081,0,2683,1116,85,3884,-41.27,-61.08,94.7,0.1,2.5,0.2,0.3,0.0
NE-SEN,senate,NE,31083,0,923,311,27,1262,-49.59,-68.65,95.4,0.0,2.8,0.4,0.2,0.0
NE-SEN,senate,NE,31085,0,290,48,8,346,-71.52,-92.26,89.0,0.0,7.0,0.3,0.6,0.0
NE-SEN,senate,NE,31087,0,778,204,22,1003,-58.45,-78.61,95.3,0.0,2.7,0.0,0.0,0.2
NE-SEN,senate,NE,31089,0,2898,829,83,3810,-55.5,-74.73,93.3,0.4,4.3,0.4,0.4,0.0
NE-SEN,senate,NE,31091,0,226,66,7,299,-54.76,-74.06,93.9,0.7,0.9,0.0,0.0,0.0
NE-SEN,senate,NE,31093,0,1745,686,54,2485,-43.57,-63.42,96.1,0.2,1.5,0.2,0.0,0.0
NE-SEN,senate,NE,31095,0,1570,916,55,2542,-26.29,-45.95,92.4,0.3,4.0,0.3,0.4,0.0
NE-SEN,senate,NE,31097,0,895,579,33,1507,-21.44,-41.07,78.0,7.2,10.7,1.4,1.2,0.0
NE-SEN,senate,NE,31099,0,1726,742,55,2523,-39.88,-58.7,92.6,0.1,4.4,0.2,0.2,0.0
NE-SEN,senate,NE,31101,0,2094,782,64,2940,-45.6,-64.75,89.7,0.1,6.9,0.6,0.3,0.0
NE-SEN,senate,NE,31103,0,305,67,8,381,-63.88,-83.82,96.7,0.0,2.3,0.0,0.2,0.0
NE-SEN,senate,NE,31105,0,878,300,26,1204,-49.1,-67.92,89.5,0.0,6.6,0.4,0.7,0.0
NE-SEN,senate,NE,31107,0,2187,851,68,3106,-43.96,-64.1,86.6,0.2,1.9,0.4,8.4,0.0
NE-SEN,senate,NE,31109,0,40901,67025,2406,110331,24.21,4.38,81.0,3.8,6.7,4.3,0.5,0.1
NE-SEN,senate,NE,31111,0,7713,3563,251,11526,-36.81,-55.89,87.7,1.0,7.2,0.9,0.4,0.0
NE-SEN,senate,NE,31113,0,253,49,7,308,-67.74,-88.48,95.0,0.0,2.2,0.0,0.0,0.0
NE-SEN,senate,NE,31115,0,215,78,7,300,-47.01,-65.81,95.9,0.0,1.4,0.2,0.0,0.0
NE-SEN,senate,NE,31117,0,166,28,4,198,-71.21,-91.4,97.2,0.0,0.0,0.6,0.0,0.0
NE-SEN,senate,NE,31119,0,7363,3382,239,10985,-37.05,-56.66,81.9,1.1,12.9,1.2,0.9,0.0
NE-SEN,senate,NE,31121,0,2172,801,66,3040,-46.11,-65.9,92.8,0.4,3.5,0.3,0.4,0.0
NE-SEN,senate,NE,31123,0,1247,415,37,1699,-50.09,-69.4,83.9,0.2,12.2,0.5,1.0,0.0
NE-SEN,senate,NE,31125,0,891,367,28,1286,-41.66,-61.19,96.0,0.1,1.5,0.2,0.3,0.0
NE-SEN,senate,NE,31127,0,1474,867,52,2393,-25.94,-45.5,93.1,1.0,2.6,0.5,0.4,0.0
NE-SEN,senate,NE,31129,0,1120,426,34,1581,-44.85,-64.3,94.9,0.1,2.2,0.0,0.1,0.0
NE-SEN,senate,NE,31131,0,3364,2250,125,5739,-19.85,-39.29,89.5,0.5,6.3,0.6,0.3,0.0
NE-SEN,senate,NE,31133,0,651,293,21,965,-37.95,-58.51,96.3,0.1,1.2,0.0,0.4,0.1
NE-SEN,senate,NE,31135,0,753,223,22,998,-54.27,-73.49,93.7,0.2,3.7,0.0,0.0,0.1
NE-SEN,senate,NE,31137,0,2551,849,76,3476,-50.06,-69.16,92.9,0.3,4.4,0.2,0.3,0.0
NE-SEN,senate,NE,31139,0,2099,570,59,2729,-57.25,-76.93,96.0,0.3,1.4,0.2,0.1,0.0
NE-SEN,senate,NE,31141,0,7471,3252,239,10962,-39.34,-58.87,78.1,0.9,18.2,0.6,0.2,0.0
NE-SEN,senate,NE,31143,0,1395,536,43,1974,-44.51,-64.18,92.5,0.0,4.1,0.0,0.2,0.0
NE-SEN,senate,NE,31145,0,2734,911,81,3727,-50.01,-69.08,90.8,1.1,5.1,0.4,0.4,0.1
NE-SEN,senate,NE,31147,0,1789,910,60,2760,-32.55,-52.05,91.9,0.2,1.5,0.5,2.3,0.0
NE-SEN,senate,NE,31149,0,458,114,13,584,-60.19,-79.52,96.9,0.3,1.4,0.0,0.1,0.0
NE-SEN,senate,NE,31151,0,2185,1687,86,3959,-12.85,-33.62,71.2,0.9,23.3,2.1,0.3,0.2
NE-SEN,senate,NE,31153,0,32121,36854,1537,70512,6.86,-11.81,80.1,3.7,8.8,2.7,0.3,0.1
NE-SEN,senate,NE,31155,0,5926,3364,207,9497,-27.58,-46.94,94.3,0.3,2.0,0.4,0.3,0.0
NE-SEN,senate,NE,31157,0,6609,3691,230,10529,-28.33,-48.2,75.3,0.7,19.1,0.8,1.2,0.1
NE-SEN,senate,NE,31159,0,4011,2279,140,6429,-27.54,-47.26,94.2,0.6,2.2,0.3,0.3,0.0
NE-SEN,senate,NE,31161,0,1295,407,38,1739,-52.21,-70.62,83.6,0.2,3.4,0.6,8.7,0.1
NE-SEN,senate,NE,31163,0,811,344,26,1181,-40.43,-60.77,95.2,0.0,2.0,0.0,0.7,0.1
NE-SEN,senate,NE,31165,0,367,97,10,475,-58.08,-77.15,94.3,0.0,2.8,0.4,0.2,0.2
NE-SEN,senate,NE,31167,0,1550,549,47,2145,-47.7,-67.5,91.9,0.4,4.5,0.3,0.3,0.0
NE-SEN,senate,NE,31169,0,1379,574,44,1997,-41.19,-61.45,96.0,0.2,1.6,0.3,0.2,0.1
NE-SEN,senate,NE,31171,0,214,56,6,275,-58.71,-77.55,93.9,0.0,3.6,0.0,0.6,0.0
NE-SEN,senate,NE,31173,0,630,824,32,1486,13.34,-6.99,43.5,0.5,3.2,0.2,50.3,0.1
NE-SEN,senate,NE,31175,0,1144,431,35,1610,-45.29,-64.57,94.9,0.5,2.1,0.2,0.1,0.2
NE-SEN,senate,NE,31177,0,5305,3286,191,8782,-23.51,-42.9,94.2,0.3,2.2,0.4,0.1,0.0
NE-SEN,senate,NE,31179,0,1822,968,62,2851,-30.61,-49.91,81.7,4.4,8.6,1.6,0.3,0.0
NE-SEN,senate,NE,31181,0,881,327,27,1234,-45.89,-66.07,93.2,0.5,2.8,0.3,0.5,0.0
NE-SEN,senate,NE,31183,0,260,73,7,340,-56.44,-76.3,96.9,0.0,1.6,0.0,0.0,0.0
NE-SEN,senate,NE,31185,0,3189,1594,107,4889,-33.36,-52.11,90.3,1.3,5.1,0.7,0.5,0.0
NH-SEN,senate,NH,33001,13144,15187,142,0,28474,-7.21,-13.16,93.4,0.4,1.5,0.9,0.2,0.0
NH-SEN,senate,NH,33003,12593,11546,121,0,24261,4.34,-1.76,94.6,0.2,1.3,0.7,0.2,0.0
NH-SEN,senate,NH,33005,18567,13046,159,0,31772,17.46,10.07,91.8,0.8,2.0,1.3,0.2,0.1
NH-SEN,senate,NH,33007,5652,6413,61,0,12126,-6.31,-13.84,92.4,1.7,1.8,0.6,0.3,0.0
NH-SEN,senate,NH,33009,24693,14237,196,0,39126,26.86,20.19,89.2,0.8,2.5,3.2,0.2,0.0
NH-SEN,senate,NH,33011,89298,73989,821,0,164108,9.38,2.91,83.6,2.1,6.6,3.7,0.1,0.0
NH-SEN,senate,NH,33013,36194,28565,325,0,65085,11.78,5.26,90.5,1.5,2.1,1.9,0.2,0.0
NH-SEN,senate,NH,33015,73432,67904,710,0,142046,3.91,-2.46,91.5,0.6,2.6,1.9,0.1,0.0
NH-SEN,senate,NH,33017,31618,21794,268,0,53681,18.39,12.19,88.8,1.1,2.6,3.3,0.2,0.0
NH-SEN,senate,NH,33019,9290,8276,88,0,17655,5.77,-0.67,92.1,0.4,1.5,0.9,0.3,0.0
NJ-SEN,senate,NJ,34001,48920,38521,1912,0,89353,11.89,-3.28,58.2,13.7,16.9,7.9,0.1,0.0
NJ-SEN,senate,NJ,34003,180865,122627,6637,0,310128,19.19,3.5,55.6,5.3,19.9,16.6,0.1,0.0
NJ-SEN,senate,NJ,34005,99174,53609,3341,0,156124,29.82,16.75,66.3,16.2,7.5,5.5,0.1,0.1
NJ-SEN,senate,NJ,34007,113892,46479,3507,0,163878,42.04,27.89,57.0,17.9,15.6,6.2,0.1,0.0
NJ-SEN,senate,NJ,34009,17250,19656,807,0,37714,-6.52,-19.71,86.9,3.3,6.0,0.9,0.1,0.0
NJ-SEN,senate,NJ,34011,20503,16404,807,0,37714,11.11,-4.09,47.3,17.1,30.4,1.4,0.6,0.0
NJ-SEN,senate,NJ,34013,169419,41124,4605,0,215147,60.94,45.51,29.0,37.5,23.0,5.5,0.1,0.0
NJ-SEN,senate,NJ,34015,61710,49735,2437,0,113882,10.75,-2.92,77.1,10.2,6.0,3.1,0.1,0.0
NJ-SEN,senate,NJ,34017,114825,41910,3428,0,160163,46.52,28.86,30.2,9.7,38.6,17.7,0.1,0.0
NJ-SEN,senate,NJ,34019,28979,25876,1200,0,56055,5.66,-6.8,83.4,2.4,7.1,4.3,0.1,0.0
NJ-SEN,senate,NJ,34021,78935,27449,2327,0,108710,48.4,34.31,47.3,18.5,19.2,12.2,0.1,0.0
NJ-SEN,senate,NJ,34023,145403,88289,5110,0,238802,24.44,8.31,42.0,9.1,20.3,25.6,0.1,0.0
NJ-SEN,senate,NJ,34025,124689,118485,5317,0,248491,2.55,-11.8,74.1,6.1,10.8,5.6,0.1,0.0
NJ-SEN,senate,NJ,34027,105916,85499,4186,0,195600,10.67,-3.17,69.4,3.1,13.7,11.1,0.1,0.0
NJ-SEN,senate,NJ,34029,87471,138392,4939,0,230802,-22.55,-36.64,83.3,2.8,9.2,1.9,0.1,0.0
NJ-SEN,senate,NJ,34031,78974,58279,3001,0,140255,15.08,-2.96,41.5,10.1,40.2,5.9,0.1,0.0
NJ-SEN,senate,NJ,34033,9916,11066,459,0,21441,-5.49,-19.52,73.5,13.1,8.1,1.1,0.3,0.0
NJ-SEN,senate,NJ,34035,77087,43283,2632,0,123003,28.08,14.28,54.7,8.8,15.1,18.5,0.1,0.0
NJ-SEN,senate,NJ,34037,25131,32174,1253,0,58558,-12.29,-25.39,84.3,1.9,8.5,2.1,0.1,0.0
NJ-SEN,senate,NJ,34039,113953,48726,3558,0,166236,40.1,24.53,38.7,19.9,32.1,5.7,0.1,0.0
NJ-SEN,senate,NJ,34041,18725,22015,891,0,41631,-8.08,-21.08,80.0,4.6,9.4,2.6,0.1,0.0
NM-SEN,senate,NM,35001,146638,70830,0,0,217468,34.86,21.58,41.3,2.7,45.2,3.0,4.4,0.1
NM-SEN,senate,NM,35003,512,1138,0,0,1650,-37.9,-50.84,78.3,0.7,15.5,0.2,1.3,0.0
NM-SEN,senate,NM,35005,5300,10238,0,0,15538,-31.78,-45.58,41.9,1.7,52.3,1.0,0.7,0.1
NM-SEN,senate,NM,35006,3646,2636,0,0,6281,16.08,1.59,23.5,1.1,31.3,0.8,40.6,0.0
NM-SEN,senate,NM,35007,2020,2048,0,0,4068,-0.7,-14.35,51.5,0.2,44.1,0.5,0.9,0.1
NM-SEN,senate,NM,35009,3691,6964,0,0,10656,-30.72,-43.39,48.0,5.4,40.4,1.7,0.6,0.1
NM-SEN,senate,NM,35011,188,423,0,0,612,-38.42,-51.81,60.1,0.1,37.1,0.3,0.3,0.3
NM-SEN,senate,NM,35013,37353,22403,0,0,59756,25.02,9.99,31.3,1.5,63.0,1.2,0.7,0.1
NM-SEN,senate,NM,35015,4747,11683,0,0,16431,-42.21,-56.57,47.4,1.4,46.4,0.9,0.9,0.1
NM-SEN,senate,NM,35017,5894,4046,0,0,9940,18.6,5.23,50.6,1.0,43.8,0.7,0.9,0.1
NM-SEN,senate,NM,35019,798,558,0,0,1356,17.68,0.74,18.8,1.8,75.2,1.3,1.1,0.0
NM-SEN,senate,NM,35021,114,188,0,0,302,-24.48,-39.76,54.4,0.4,41.9,0.0,0.0,0.0
NM-SEN,senate,NM,35023,604,712,0,0,1316,-8.16,-23.56,41.7,0.4,54.6,0.2,0.3,0.0
NM-SEN,senate,NM,35025,3818,11029,0,0,14847,-48.57,-62.44,36.3,3.6,56.0,0.9,0.8,0.0
NM-SEN,senate,NM,35027,2620,4495,0,0,7115,-26.36,-39.19,65.7,0.4,27.9,0.6,1.8,0.0
NM-SEN,senate,NM,35028,6091,2434,0,0,8526,42.9,31.25,72.0,0.9,15.6,6.4,0.5,0.1
NM-SEN,senate,NM,35029,2708,2929,0,0,5638,-3.92,-19.33,35.1,0.9,60.4,0.7,0.6,0.1
NM-SEN,senate,NM,35031,12855,5241,0,0,18096,42.08,25.31,9.5,0.5,11.4,1.4,75.3,0.1
NM-SEN,senate,NM,35033,1169,570,0,0,1740,34.43,17.52,20.0,0.3,77.1,0.3,0.6,0.0
NM-SEN,senate,NM,35035,7425,9831,0,0,17256,-13.94,-26.27,50.2,3.7,34.5,1.7,5.5,0.2
NM-SEN,senate,NM,35037,932,1661,0,0,2593,-28.1,-41.79,55.1,1.0,39.8,0.6,0.6,0.0
NM-SEN,senate,NM,35039,7662,3522,0,0,11184,37.02,19.86,16.9,0.4,66.4,0.6,13.9,0.0
NM-SEN,senate,NM,35041,1594,3053,0,0,4647,-31.4,-44.06,52.5,2.4,39.9,0.9,0.9,0.1
NM-SEN,senate,NM,35043,33097,22557,0,0,55654,18.94,5.91,47.0,1.9,35.4,1.6,10.6,0.1
NM-SEN,senate,NM,35045,14918,22126,0,0,37043,-19.46,-32.48,39.6,0.5,17.3,0.8,38.7,0.1
NM-SEN,senate,NM,35047,5631,2139,0,0,7771,44.93,28.5,22.5,1.1,72.7,0.5,1.0,0.0
NM-SEN,senate,NM,35049,48034,10522,0,0,58556,64.06,50.02,48.3,0.8,43.9,1.5,2.3,0.0
NM-SEN,senate,NM,35051,1914,2252,0,0,4166,-8.11,-19.66,68.6,0.6,24.9,0.9,1.1,0.0
NM-SEN,senate,NM,35053,2833,2228,0,0,5061,11.96,-3.8,36.3,0.8,47.2,2.0,10.6,0.1
NM-SEN,senate,NM,35055,9520,2116,0,0,11636,63.63,48.83,43.5,0.4,47.2,0.6,5.1,0.0
NM-SEN,senate,NM,35057,1883,3142,0,0,5025,-25.06,-38.95,55.3,0.8,37.9,0.4,1.6,0.0
NM-SEN,senate,NM,35059,340,826,0,0,1166,-41.65,-53.48,55.6,1.8,37.9,0.2,1.5,0.1
NM-SEN,senate,NM,35061,11386,11902,0,0,23288,-2.22,-16.68,36.1,1.1,56.3,0.5,3.1,0.0
OH-SEN,senate,OH,39001,2055,6459,43,136,8695,-51.72,-66.07,95.9,0.3,0.6,0.2,0.3,0.0
OH-SEN,senate,OH,39003,11122,20638,162,509,32431,-29.96,-44.49,80.9,11.7,2.6,0.9,0.2,0.0
OH-SEN,senate,OH,39005,5761,12504,93,293,18651,-36.92,-50.44,94.1,0.7,1.4,0.7,0.2,0.1
OH-SEN,senate,OH,39007,12807,16902,152,476,30337,-13.78,-28.63,88.0,3.8,3.6,0.4,0.2,0.0
OH-SEN,senate,OH,39009,11061,6561,90,283,17995,25.53,10.84,86.6,4.9,2.3,2.0,0.4,0.0
OH-SEN,senate,OH,39011,4267,13287,90,281,17925,-51.39,-65.06,95.0,0.4,1.4,0.6,0.2,0.1
OH-SEN,senate,OH,39013,7108,14151,109,341,21708,-33.13,-47.6,91.8,3.4,1.0,0.4,0.1,0.0
OH-SEN,senate,OH,39015,3878,10811,75,235,15000,-47.2,-61.84,94.8,0.7,0.8,0.2,0.2,0.0
OH-SEN,senate,OH,39017,54607,70854,641,2011,128112,-12.95,-26.5,78.6,8.1,5.2,4.1,0.2,0.1
OH-SEN,senate,OH,39019,2789,6677,48,152,9666,-41.07,-55.18,95.0,0.4,1.0,0.2,0.3,0.0
OH-SEN,senate,OH,39021,4414,9607,72,225,14318,-37.03,-51.24,92.6,1.8,1.3,0.3,0.2,0.0
OH-SEN,senate,OH,39023,18369,24675,220,690,43955,-14.65,-29.81,83.5,8.5,3.0,0.7,0.2,0.1
OH-SEN,senate,OH,39025,29914,48261,399,1253,79827,-23.47,-36.11,91.4,1.5,1.9,1.2,0.2,0.0
OH-SEN,senate,OH,39027,4173,10062,73,228,14536,-41.36,-55.06,92.3,2.0,1.4,0.5,0.2,0.0
OH-SEN,senate,OH,39029,10712,22202,168,528,33610,-34.91,-49.39,92.8,2.2,1.4,0.3,0.2,0.0
OH-SEN,senate,OH,39031,3454,7735,57,179,11426,-38.26,-52.65,95.3,1.0,0.8,0.3,0.2,0.0
OH-SEN,senate,OH,39033,4202,9664,71,222,14159,-39.39,-53.37,94.9,0.7,1.1,0.3,0.1,0.0
OH-SEN,senate,OH,39035,287878,106607,2014,6325,402824,45.95,31.71,60.2,27.3,5.7,3.5,0.1,0.0
OH-SEN,senate,OH,39037,4434,14063,94,297,18888,-52.05,-65.82,95.2,0.5,1.3,0.4,0.2,0.1
OH-SEN,senate,OH,39039,4849,8272,67,210,13398,-26.08,-40.25,86.5,1.6,8.6,0.4,0.2,0.1
OH-SEN,senate,OH,39041,48370,42983,466,1465,93285,5.9,-6.65,82.3,3.5,2.7,8.0,0.1,0.0
OH-SEN,senate,OH,39043,13590,13631,139,436,27797,-0.15,-14.28,83.8,8.2,3.3,0.7,0.2,0.0
OH-SEN,senate,OH,39045,25709,32130,295,927,59061,-11.1,-24.26,84.7,7.5,2.0,1.9,0.2,0.0
OH-SEN,senate,OH,39047,2536,6076,44,138,8794,-41.1,-55.56,92.2,1.9,1.8,0.6,0.2,0.0
OH-SEN,senate,OH,39049,291737,117573,2090,6562,417962,42.55,28.7,63.7,20.3,5.8,5.6,0.2,0.0
OH-SEN,senate,OH,39051,5486,9895,79,247,15706,-28.67,-42.75,88.8,0.4,7.4,0.3,0.2,0.0
OH-SEN,senate,OH,39053,2420,6486,45,143,9094,-45.65,-59.83,93.1,2.1,0.7,0.5,0.2,0.0
OH-SEN,senate,OH,39055,16743,20856,192,603,38394,-10.94,-24.32,94.1,1.1,1.4,0.7,0.0,0.0
OH-SEN,senate,OH,39057,28671,33004,315,989,62978,-7.03,-20.03,82.3,6.9,2.6,3.4,0.2,0.1
OH-SEN,senate,OH,39059,3742,8311,62,193,12308,-37.91,-52.44,93.8,1.3,0.9,0.4,0.3,0.0
OH-SEN,senate,OH,39061,180037,100650,1433,4500,286620,28.28,15.03,66.0,23.5,3.5,3.1,0.1,0.1
OH-SEN,senate,OH,39063,9654,16334,133,417,26538,-25.7,-38.87,88.9,1.8,4.6,1.8,0.1,0.0
OH-SEN,senate,OH,39065,2605,6227,45,142,9019,-41.0,-55.17,93.7,0.8,1.9,0.6,0.2,0.0
OH-SEN,senate,OH,39067,1424,3446,25,78,4973,-41.5,-55.73,93.7,1.7,0.6,0.2,0.1,0.1
OH-SEN,senate,OH,39069,3427,6788,52,164,10431,-32.89,-47.15,90.4,0.5,6.4,0.5,0.2,0.0
OH-SEN,senate,OH,39071,3465,10225,70,219,13980,-49.38,-63.69,94.3,1.2,0.8,0.3,0.3,0.0
OH-SEN,senate,OH,39073,3210,6031,47,148,9436,-30.52,-44.65,95.2,0.4,0.6,0.2,0.2,0.0
OH-SEN,senate,OH,39075,2446,8758,57,180,11441,-56.34,-70.31,97.0,0.3,1.0,0.1,0.1,0.0
OH-SEN,senate,OH,39077,6508,12134,95,299,19036,-30.18,-44.43,89.8,1.0,5.4,0.4,0.3,0.0
OH-SEN,senate,OH,39079,2748,7038,50,157,9993,-43.83,-58.41,94.9,0.5,0.8,0.3,0.3,0.0
OH-SEN,senate,OH,39081,7544,13869,109,343,21865,-29.54,-44.4,88.7,5.2,1.4,0.5,0.2,0.0
OH-SEN,senate,OH,39083,7540,14443,112,352,22448,-31.4,-45.31,93.5,0.9,1.6,0.6,0.2,0.0
OH-SEN,senate,OH,39085,43540,44511,450,1412,89912,-1.1,-14.47,87.3,4.2,3.7,1.4,0.1,0.0
OH-SEN,senate,OH,39087,5830,12469,93,293,18686,-36.28,-50.89,93.6,2.0,0.9,0.4,0.2,0.0
OH-SEN,senate,OH,39089,27145,37965,332,1044,66486,-16.62,-30.29,87.6,3.8,1.8,2.7,0.2,0.0
OH-SEN,senate,OH,39091,4564,11468,82,257,16371,-43.06,-56.68,91.9,1.5,1.8,0.7,0.2,0.0
OH-SEN,senate,OH,39093,59139,49752,556,1746,111193,8.62,-5.77,79.0,7.1,8.8,1.1,0.2,0.0
OH-SEN,senate,OH,39095,83060,47452,666,2092,133271,27.28,12.68,69.8,18.1,6.1,1.7,0.2,0.0
OH-SEN,senate,OH,39097,4946,9213,72,227,14458,-30.14,-44.13,86.5,7.3,2.3,0.6,0.1,0.0
OH-SEN,senate,OH,39099,40979,36209,394,1237,78819,6.18,-9.49,77.1,13.8,5.0,0.8,0.1,0.0
OH-SEN,senate,OH,39101,6790,11950,96,300,19136,-27.54,-41.73,86.9,7.0,2.3,0.6,0.2,0.0
OH-SEN,senate,OH,39103,32442,40869,374,1175,74861,-11.49,-25.02,92.3,1.2,2.0,1.2,0.1,0.0
OH-SEN,senate,OH,39105,2029,5095,36,114,7275,-43.03,-57.36,95.6,0.7,0.7,0.1,0.3,0.0
OH-SEN,senate,OH,39107,3775,12495,83,261,16614,-53.59,-67.21,94.6,0.4,1.8,0.4,0.2,0.9
OH-SEN,senate,OH,39109,13733,26806,207,650,41396,-32.25,-45.54,90.9,2.3,1.6,1.5,0.1,0.0
OH-SEN,senate,OH,39111,1278,3376,24,75,4753,-45.09,-60.31,96.9,0.1,0.3,0.2,0.1,0.0
OH-SEN,senate,OH,39113,99522,74964,891,2797,178174,14.07,0.48,70.1,19.8,3.3,2.4,0.2,0.0
OH-SEN,senate,OH,39115,1424,3222,24,74,4744,-38.7,-53.63,91.8,2.9,0.7,0.2,0.2,0.0
OH-SEN,senate,OH,39117,3724,9193,66,207,13190,-42.34,-56.17,94.7,0.4,1.3,0.3,0.1,0.0
OH-SEN,senate,OH,39119,9488,17453,138,432,27511,-29.56,-44.27,90.7,3.5,0.9,0.4,0.2,0.0
OH-SEN,senate,OH,39121,1039,3181,22,68,4310,-50.75,-65.06,90.0,6.6,1.2,0.2,0.2,0.0
OH-SEN,senate,OH,39123,7276,9135,84,263,16758,-11.33,-25.3,92.0,0.8,4.1,0.4,0.1,0.0
OH-SEN,senate,OH,39125,1836,4518,32,102,6489,-42.21,-56.76,91.7,0.7,4.5,0.1,0.2,0.0
OH-SEN,senate,OH,39127,3505,8135,59,187,11886,-39.78,-54.93,95.4,0.2,0.6,0.2,0.3,0.0
OH-SEN,senate,OH,39129,6512,13543,102,322,20479,-35.06,-48.99,90.3,4.1,1.3,0.5,0.2,0.0
OH-SEN,senate,OH,39131,2569,5801,43,134,8547,-38.61,-54.01,94.7,0.7,0.6,0.3,0.5,0.0
OH-SEN,senate,OH,39133,28098,28884,291,914,58186,-1.38,-15.67,87.2,4.6,1.9,2.2,0.2,0.0
OH-SEN,senate,OH,39135,4026,10808,76,238,15147,-45.72,-59.58,95.2,0.4,0.8,0.4,0.2,0.0
OH-SEN,senate,OH,39137,3011,10522,69,217,13819,-55.51,-69.38,92.8,0.3,5.3,0.2,0.1,0.0
OH-SEN,senate,OH,39139,14271,25708,204,641,40823,-28.61,-42.68,84.9,9.1,1.7,0.7,0.2,0.0
OH-SEN,senate,OH,39141,8485,14074,115,362,23036,-24.78,-39.68,88.4,6.0,1.1,0.5,0.3,0.0
OH-SEN,senate,OH,39143,8474,11880,104,326,20785,-16.73,-31.14,85.2,2.8,8.3,0.4,0.1,0.0
OH-SEN,senate,OH,39145,7138,14222,109,342,21811,-33.17,-48.25,92.0,3.0,1.0,0.4,0.4,0.0
OH-SEN,senate,OH,39147,6608,10698,88,277,17672,-23.64,-37.89,89.5,2.4,4.2,0.7,0.1,0.1
OH-SEN,senate,OH,39149,4197,13127,88,278,17690,-51.55,-65.32,92.9,1.7,1.4,0.9,0.2,0.1
OH-SEN,senate,OH,39151,58113,68043,644,2022,128822,-7.87,-22.12,85.5,7.1,2.2,0.9,0.2,0.0
OH-SEN,senate,OH,39153,113348,73945,956,3003,191252,21.04,7.05,76.6,13.5,2.0,3.8,0.2,0.0
OH-SEN,senate,OH,39155,32497,33619,338,1060,67513,-1.7,-16.95,86.1,8.0,1.6,0.5,0.1,0.0
OH-SEN,senate,OH,39157,10424,19046,150,472,30093,-29.26,-43.62,92.8,0.7,3.1,0.3,0.1,0.0
OH-SEN,senate,OH,39159,10511,15033,130,410,26084,-17.7,-29.93,86.6,2.2,2.0,5.9,0.1,0.0
OH-SEN,senate,OH,39161,2751,7339,52,162,10304,-45.47,-58.95,92.8,0.8,3.1,0.3,0.2,0.0
OH-SEN,senate,OH,39163,1097,2833,20,63,4013,-44.17,-58.98,95.9,0.3,0.5,0.2,0.2,0.0
OH-SEN,senate,OH,39165,38766,56862,488,1533,97649,-18.92,-31.83,83.8,3.5,2.6,6.5,0.1,0.1
OH-SEN,senate,OH,39167,7410,13827,108,340,21686,-30.21,-44.09,94.0,1.0,0.9,0.5,0.2,0.0
OH-SEN,senate,OH,39169,13532,22872,186,584,37173,-25.66,-39.62,92.5,1.5,1.9,0.8,0.1,0.0
OH-SEN,senate,OH,39171,4077,8442,64,201,12783,-34.87,-48.7,91.4,1.0,4.1,0.5,0.2,0.0
OH-SEN,senate,OH,39173,23993,22291,236,742,47262,3.68,-10.26,86.7,2.4,5.2,2.1,0.1,0.0
OH-SEN,senate,OH,39175,2417,5385,40,125,7967,-38.03,-51.64,94.6,0.3,2.5,0.4,0.1,0.0
OK-SEN,senate,OK,40001,981,3763,203,133,5080,-58.65,-63.94,43.4,0.2,4.6,0.8,40.2,0.0
OK-SEN,senate,OK,40003,182,1230,60,40,1512,-74.18,-77.81,83.5,4.9,4.4,0.2,3.7,0.0
OK-SEN,senate,OK,40005,598,3104,159,104,3964,-67.71,-72.23,70.1,4.5,3.2,0.4,13.1,0.0
OK-SEN,senate,OK,40007,136,1253,59,39,1487,-80.39,-84.92,73.4,0.1,21.5,0.3,0.7,0.2
OK-SEN,senate,OK,40009,811,4208,215,141,5376,-67.67,-71.11,76.1,6.1,9.7,0.6,3.3,0.1
OK-SEN,senate,OK,40011,498,1977,106,69,2651,-59.74,-63.97,75.8,3.1,9.0,0.3,6.9,0.1
OK-SEN,senate,OK,40013,2622,9022,499,327,12469,-54.96,-59.37,70.0,1.6,5.9,0.7,12.8,0.0
OK-SEN,senate,OK,40015,1758,4450,266,174,6647,-43.37,-48.09,57.0,2.8,15.9,0.3,18.1,0.1
OK-SEN,senate,OK,40017,14604,33160,2046,1340,51150,-38.85,-41.23,73.7,3.4,8.6,3.3,3.8,0.1
OK-SEN,senate,OK,40019,3114,9625,546,357,13642,-51.11,-55.5,69.2,6.0,5.9,1.2,7.9,0.1
OK-SEN,senate,OK,40021,4166,7483,499,327,12475,-28.48,-33.28,48.7,1.2,5.6,0.7,31.5,0.0
OK-SEN,senate,OK,40023,718,2968,158,103,3948,-61.04,-66.15,62.7,9.6,3.2,0.2,15.6,0.0
OK-SEN,senate,OK,40025,55,556,26,17,655,-81.92,-85.75,76.0,0.1,20.7,0.0,0.2,0.0
OK-SEN,senate,OK,40027,34390,43569,3340,2188,83487,-11.77,-15.25,69.6,4.8,8.6,4.5,3.9,0.1
OK-SEN,senate,OK,40029,271,1388,71,47,1777,-67.33,-72.4,69.7,0.6,2.6,0.2,16.3,0.0
OK-SEN,senate,OK,40031,9031,13375,960,629,23995,-19.38,-23.78,56.8,15.9,11.7,2.8,5.2,0.6
OK-SEN,senate,OK,40033,294,1344,70,46,1754,-64.06,-68.12,77.9,1.4,5.3,0.5,8.6,0.2
OK-SEN,senate,OK,40035,893,3066,170,111,4240,-54.88,-59.27,63.8,3.0,2.7,0.5,18.4,0.0
OK-SEN,senate,OK,40037,4840,15629,877,574,21920,-52.71,-56.78,75.7,2.1,3.8,0.4,8.8,0.1
OK-SEN,senate,OK,40039,1641,5006,285,186,7118,-50.62,-54.29,68.9,3.0,16.1,1.1,5.3,0.0
OK-SEN,senate,OK,40041,2577,9261,507,332,12677,-56.46,-61.13,66.7,0.3,3.1,1.1,18.9,0.1
OK-SEN,senate,OK,40043,167,1282,62,41,1551,-76.98,-80.94,86.8,0.2,4.6,0.1,4.5,0.0
OK-SEN,senate,OK,40045,148,1037,51,33,1269,-75.04,-77.89,86.9,0.3,7.0,0.3,1.6,0.0
OK-SEN,senate,OK,40047,3498,10782,612,401,15292,-51.01,-54.77,73.3,2.7,11.6,1.2,2.1,3.4
OK-SEN,senate,OK,40049,1354,5831,308,202,7695,-62.31,-66.83,75.4,2.1,7.7,0.5,7.0,0.0
OK-SEN,senate,OK,40051,3341,13188,708,464,17700,-59.57,-63.59,79.3,2.5,5.3,0.4,4.9,0.1
OK-SEN,senate,OK,40053,220,1169,59,39,1488,-68.33,-71.76,89.1,1.0,3.7,0.2,2.0,0.2
OK-SEN,senate,OK,40055,226,974,51,34,1285,-62.27,-66.5,75.8,7.4,9.1,0.2,3.5,0.0
OK-SEN,senate,OK,40057,123,454,25,16,617,-57.41,-62.24,62.1,6.0,26.1,0.4,1.4,0.0
OK-SEN,senate,OK,40059,114,835,41,27,1016,-75.96,-79.45,76.2,0.1,19.1,0.0,0.8,0.0
OK-SEN,senate,OK,40061,557,2670,138,91,3456,-65.49,-70.54,71.9,0.5,3.2,0.2,15.9,0.1
OK-SEN,senate,OK,40063,628,2418,130,85,3262,-58.75,-63.67,64.1,6.4,5.0,0.3,16.8,0.1
OK-SEN,senate,OK,40065,1172,4092,225,148,5638,-55.46,-59.43,63.9,6.7,20.7,1.4,1.5,0.3
OK-SEN,senate,OK,40067,245,1307,66,44,1663,-68.39,-72.72,78.4,0.5,8.2,0.7,4.8,0.1
OK-SEN,senate,OK,40069,525,2241,118,78,2961,-62.05,-67.0,69.6,2.7,4.5,0.6,13.7,0.1
OK-SEN,senate,OK,40071,2941,8115,474,310,11839,-46.8,-50.23,75.0,2.0,6.6,0.6,8.2,0.5
OK-SEN,senate,OK,40073,694,3722,189,124,4729,-68.58,-72.32,75.9,1.3,15.3,0.3,2.7,0.0
OK-SEN,senate,OK,40075,485,1658,92,60,2295,-54.76,-59.22,76.5,3.8,8.6,0.5,5.7,0.0
OK-SEN,senate,OK,40077,516,2151,114,75,2856,-61.3,-66.26,67.0,0.5,2.7,0.7,20.5,0.0
OK-SEN,senate,OK,40079,2387,9873,525,344,13129,-61.06,-65.61,71.2,2.0,5.6,0.7,12.2,0.1
OK-SEN,senate,OK,40081,2008,8102,433,284,10827,-60.28,-64.33,81.3,1.8,2.5,0.4,6.1,0.1
OK-SEN,senate,OK,40083,4264,11522,676,443,16905,-45.98,-50.1,75.2,7.2,6.6,0.6,3.1,0.0
OK-SEN,senate,OK,40085,526,2259,119,78,2982,-62.2,-67.18,71.0,2.1,14.3,0.7,5.5,0.0
OK-SEN,senate,OK,40087,2942,11046,599,392,14979,-57.94,-61.68,77.5,0.8,7.1,0.5,5.7,0.1
OK-SEN,senate,OK,40089,1296,6098,317,207,7918,-64.95,-69.66,64.1,8.2,4.7,0.4,13.0,1.1
OK-SEN,senate,OK,40091,1426,4090,236,155,5908,-48.29,-53.46,70.9,3.0,2.0,0.3,15.0,0.0
OK-SEN,senate,OK,40093,262,2012,97,64,2435,-76.92,-80.84,86.1,0.3,7.8,0.4,1.5,0.0
OK-SEN,senate,OK,40095,870,3437,184,121,4613,-59.59,-64.12,69.3,1.1,13.3,0.3,8.4,0.0
OK-SEN,senate,OK,40097,2620,8738,486,319,12163,-53.86,-58.59,65.6,0.4,2.7,0.5,18.7,0.1
OK-SEN,senate,OK,40099,811,3036,165,108,4120,-57.83,-62.56,72.7,1.3,5.4,0.4,12.3,0.1
OK-SEN,senate,OK,40101,5329,10591,682,447,17049,-33.06,-38.2,57.9,9.9,5.4,0.8,16.0,0.1
OK-SEN,senate,OK,40103,734,2506,139,91,3470,-54.69,-58.49,80.8,1.5,2.8,0.5,7.4,0.0
OK-SEN,senate,OK,40105,544,2437,128,84,3193,-63.48,-67.96,67.7,1.2,1.8,0.1,15.2,0.0
OK-SEN,senate,OK,40107,629,1978,112,73,2792,-51.76,-56.58,61.9,6.9,2.8,0.3,20.7,0.0
OK-SEN,senate,OK,40109,95917,92875,8089,5298,202180,1.61,-1.72,56.0,14.4,16.1,3.7,2.8,0.1
OK-SEN,senate,OK,40111,2915,6464,402,263,10044,-37.84,-43.48,63.3,8.0,3.7,0.5,14.8,0.0
OK-SEN,senate,OK,40113,4209,9274,578,378,14439,-37.57,-42.11,63.7,10.6,3.4,0.3,12.4,0.0
OK-SEN,senate,OK,40115,1840,5467,313,205,7825,-49.63,-54.35,67.3,0.9,4.4,0.5,16.2,0.5
OK-SEN,senate,OK,40117,1002,3496,193,126,4816,-55.44,-59.91,77.5,0.5,2.4,0.4,11.3,0.0
OK-SEN,senate,OK,40119,7459,11676,820,537,20492,-22.04,-25.95,74.2,4.0,5.9,3.5,4.1,0.1
OK-SEN,senate,OK,40121,2580,8907,492,322,12301,-55.07,-59.88,69.6,3.2,4.1,0.7,12.7,0.1
OK-SEN,senate,OK,40123,2817,7101,425,278,10622,-43.19,-47.58,65.1,2.3,4.5,1.0,15.9,0.0
OK-SEN,senate,OK,40125,5236,13573,806,528,20142,-44.33,-48.43,71.7,3.2,4.9,0.8,11.0,0.1
OK-SEN,senate,OK,40127,484,2590,132,86,3292,-68.52,-73.45,72.6,0.6,2.8,0.5,15.2,0.0
OK-SEN,senate,OK,40129,128,1005,49,32,1213,-77.35,-81.26,86.4,0.2,5.2,0.2,3.1,0.0
OK-SEN,senate,OK,40131,7319,23342,1313,860,32833,-52.26,-55.97,70.2,1.2,4.5,1.6,11.6,0.0
OK-SEN,senate,OK,40133,1427,3832,225,148,5631,-45.74,-50.62,65.2,4.3,3.7,0.4,17.0,0.0
OK-SEN,senate,OK,40135,2170,8017,436,286,10909,-57.4,-62.24,62.2,1.5,3.3,0.7,20.9,0.0
OK-SEN,senate,OK,40137,2376,9797,521,341,13036,-60.96,-64.69,79.2,1.8,6.3,0.5,4.4,0.0
OK-SEN,senate,OK,40139,602,2801,146,95,3645,-64.6,-68.97,44.1,4.3,45.6,2.0,0.8,0.0
OK-SEN,senate,OK,40141,377,1279,71,46,1773,-54.49,-60.1,62.6,6.4,23.5,0.4,2.8,0.0
OK-SEN,senate,OK,40143,73584,94327,7194,4712,179816,-12.35,-15.57,60.6,9.6,12.4,3.5,5.2,0.1
OK-SEN,senate,OK,40145,6659,18508,1078,706,26951,-47.08,-50.66,69.8,3.2,6.0,1.6,9.0,0.0
OK-SEN,senate,OK,40147,4155,10993,649,425,16222,-45.14,-48.8,72.0,2.6,5.0,1.7,8.9,0.0
OK-SEN,senate,OK,40149,433,2608,130,85,3257,-71.51,-75.94,84.3,0.6,6.9,0.2,2.4,0.0
OK-SEN,senate,OK,40151,450,1929,102,67,2547,-62.19,-65.59,83.2,3.0,6.1,0.9,2.9,0.0
OK-SEN,senate,OK,40153,731,4050,205,134,5119,-69.43,-73.13,78.2,2.1,12.3,0.7,2.7,0.0
OR-SEN,senate,OR,41001,1797,4363,318,318,6795,-41.65,-50.16,89.8,0.4,3.7,0.4,0.9,0.1
OR-SEN,senate,OR,41003,23897,7985,1647,1647,35176,49.91,41.01,77.5,1.0,7.7,7.2,0.5,0.3
OR-SEN,senate,OR,41005,93293,63057,8072,8072,172495,19.34,10.21,80.0,1.0,8.0,4.9,0.6,0.2
OR-SEN,senate,OR,41007,8903,5885,764,764,16315,20.4,11.67,84.2,0.6,7.3,1.5,0.8,0.2
OR-SEN,senate,OR,41009,9502,10400,1027,1027,21956,-4.51,-14.38,86.2,0.5,4.6,1.2,1.2,0.2
OR-SEN,senate,OR,41011,9992,12707,1171,1171,25042,-11.96,-20.58,84.6,0.4,5.4,1.2,1.9,0.2
OR-SEN,senate,OR,41013,2994,7362,534,534,11424,-42.18,-51.59,86.4,0.3,5.8,0.5,1.0,0.1
OR-SEN,senate,OR,41015,4147,4873,466,466,9950,-8.05,-16.47,85.1,0.3,5.8,0.9,1.8,0.1
OR-SEN,senate,OR,41017,47889,32989,4176,4176,89229,18.42,10.78,85.4,0.3,7.1,1.3,0.6,0.1
OR-SEN,senate,OR,41019,13787,25481,2026,2026,43321,-29.78,-38.66,85.9,0.3,4.9,1.1,1.5,0.1
OR-SEN,senate,OR,41021,226,495,37,37,795,-37.3,-46.9,89.0,0.0,4.7,0.4,1.6,0.4
OR-SEN,senate,OR,41023,675,2157,146,146,3124,-52.34,-62.1,89.8,0.1,3.2,0.4,0.9,0.2
OR-SEN,senate,OR,41025,653,2051,139,139,2983,-51.7,-61.16,87.8,0.1,3.6,0.6,2.8,0.0
OR-SEN,senate,OR,41027,5885,2180,417,417,8899,45.93,36.91,66.4,0.2,26.4,1.7,0.6,0.1
OR-SEN,senate,OR,41029,39036,36902,3920,3920,83778,2.81,-6.63,79.5,0.7,11.1,1.5,0.8,0.3
OR-SEN,senate,OR,41031,2970,4494,385,385,8235,-20.42,-30.83,66.4,0.6,16.8,0.6,11.0,0.1
OR-SEN,senate,OR,41033,12585,18942,1627,1627,34781,-20.16,-29.55,84.6,0.4,6.7,1.1,1.0,0.1
OR-SEN,senate,OR,41035,7452,15113,1164,1164,24894,-33.95,-42.92,78.1,0.7,10.4,1.1,3.3,0.2
OR-SEN,senate,OR,41037,578,2099,138,138,2954,-56.81,-66.8,82.3,0.7,7.8,0.7,1.4,0.2
OR-SEN,senate,OR,41039,88919,44812,6906,6906,147543,32.98,23.82,80.5,1.1,8.2,2.6,0.9,0.2
OR-SEN,senate,OR,41041,12025,6898,977,977,20877,27.1,19.01,81.7,0.4,7.5,1.4,2.6,0.2
OR-SEN,senate,OR,41043,18999,26375,2342,2342,50057,-16.26,-25.18,83.4,0.5,8.0,1.2,1.0,0.2
OR-SEN,senate,OR,41045,2208,4746,359,359,7672,-36.49,-45.55,64.7,1.6,27.5,1.5,1.1,0.1
OR-SEN,senate,OR,41047,53461,46044,5137,5137,109779,7.45,-2.06,66.8,1.1,23.2,2.3,0.9,0.9
OR-SEN,senate,OR,41049,909,2098,155,155,3317,-39.55,-49.93,59.8,0.3,35.3,0.3,0.7,0.0
OR-SEN,senate,OR,41051,227573,35278,13580,13580,290011,73.16,64.33,69.0,5.0,10.9,7.7,0.7,0.6
OR-SEN,senate,OR,41053,15935,14289,1560,1560,33345,5.44,-3.79,77.4,0.7,12.0,2.1,1.7,0.4
OR-SEN,senate,OR,41055,189,550,38,38,815,-48.78,-58.5,87.9,0.0,6.1,0.5,0.8,0.0
OR-SEN,senate,OR,41057,5536,4785,533,533,11386,7.28,-1.43,83.6,0.3,8.1,1.1,0.8,0.3
OR-SEN,senate,OR,41059,7073,12765,1024,1024,21885,-28.69,-38.78,66.9,1.0,23.8,0.9,3.2,0.2
OR-SEN,senate,OR,41061,3120,6140,478,478,10215,-32.61,-41.53,86.0,0.5,4.2,0.8,0.8,1.7
OR-SEN,senate,OR,41063,1175,2070,167,167,3580,-27.56,-36.3,90.6,0.1,2.6,0.5,0.8,0.0
OR-SEN,senate,OR,41065,4395,4109,439,439,9382,3.36,-5.95,74.3,0.4,15.5,1.0,3.5,0.6
OR-SEN,senate,OR,41067,136187,52937,9767,9767,208659,44.02,35.16,64.6,2.0,15.4,11.5,0.4,0.5
OR-SEN,senate,OR,41069,161,390,28,28,608,-41.51,-49.28,89.6,0.0,4.1,0.4,0.7,0.0
OR-SEN,senate,OR,41071,18892,17815,1895,1895,40497,2.93,-6.35,77.0,0.8,13.9,1.6,1.2,0.2
RI-SEN,senate,RI,44001,13117,5942,840,0,19899,37.65,27.17,89.8,1.4,3.3,2.2,0.2,0.0
RI-SEN,senate,RI,44003,35428,27195,2759,0,65382,13.15,2.13,87.3,1.6,4.6,2.7,0.2,0.0
RI-SEN,senate,RI,44005,20530,9480,1322,0,31332,36.82,26.28,85.6,2.9,5.2,1.8,0.3,0.1
RI-SEN,senate,RI,44007,115083,66271,7990,0,189344,26.92,14.56,61.6,6.8,21.1,4.4,0.3,0.0
RI-SEN,senate,RI,44009,32264,18874,2253,0,53391,26.18,15.57,90.1,1.1,3.0,2.1,0.6,0.0
SC-SEN,senate,SC,45001,3008,5161,107,158,8434,-26.35,-42.91,69.7,25.5,1.5,0.3,0.2,0.0
SC-SEN,senate,SC,45003,25669,32705,765,1127,60266,-12.05,-26.26,67.0,22.3,5.6,1.1,0.3,0.0
SC-SEN,senate,SC,45005,1653,396,27,40,2116,61.31,45.4,27.0,68.3,2.4,0.3,0.5,0.0
SC-SEN,senate,SC,45007,22334,44320,874,1287,68815,-32.98,-47.93,77.1,14.3,3.9,1.2,0.2,0.0
SC-SEN,senate,SC,45009,2545,1315,51,75,3985,31.85,15.46,38.7,57.6,1.0,0.5,0.2,0.0
SC-SEN,senate,SC,45011,3334,3313,87,128,6862,0.32,-15.72,52.7,41.3,2.1,0.8,0.4,0.1
SC-SEN,senate,SC,45013,35388,35398,928,1367,73081,-0.01,-14.66,71.9,13.6,10.3,1.3,0.2,0.1
SC-SEN,senate,SC,45015,37483,39020,1003,1477,78983,-2.01,-16.51,62.8,22.0,7.5,2.5,0.5,0.1
SC-SEN,senate,SC,45017,2733,2633,70,104,5540,1.86,-14.53,56.4,38.1,2.6,0.2,0.4,0.1
SC-SEN,senate,SC,45019,88053,57382,1907,2808,150151,21.09,5.77,67.0,21.6,6.1,1.9,0.2,0.1
SC-SEN,senate,SC,45021,5395,11449,221,325,17389,-35.94,-51.79,72.8,19.5,4.0,0.6,0.3,0.0
SC-SEN,senate,SC,45023,5193,5354,138,204,10889,-1.52,-17.4,60.2,34.0,2.0,0.4,0.4,0.0
SC-SEN,senate,SC,45025,5475,6995,163,241,12874,-12.19,-28.36,62.1,29.8,4.1,0.6,0.4,0.0
SC-SEN,senate,SC,45027,5786,5279,145,214,11424,4.58,-12.41,50.8,43.5,2.4,0.7,0.4,0.0
SC-SEN,senate,SC,45029,6053,6338,162,239,12792,-2.3,-18.38,59.2,33.8,2.8,0.5,0.8,0.1
SC-SEN,senate,SC,45031,10546,10019,270,397,21231,2.56,-13.47,56.3,38.9,1.7,0.4,0.2,0.0
SC-SEN,senate,SC,45033,4245,3797,105,155,8302,5.57,-10.92,48.7,43.8,2.5,0.2,2.2,0.0
SC-SEN,senate,SC,45035,26209,26516,691,1018,54434,-0.58,-14.87,64.1,23.2,5.6,2.1,0.6,0.1
SC-SEN,senate,SC,45037,3954,5484,124,182,9744,-16.21,-32.24,58.6,32.9,5.0,0.4,0.3,0.0
SC-SEN,senate,SC,45039,4938,2665,100,147,7849,29.91,13.42,42.9,51.8,1.8,0.5,0.3,0.0
SC-SEN,senate,SC,45041,22166,19287,544,800,42796,6.94,-8.14,53.0,40.1,2.6,1.7,0.2,0.0
SC-SEN,senate,SC,45043,12259,13339,336,494,26428,-4.22,-19.74,68.0,26.5,2.8,0.4,0.2,0.0
SC-SEN,senate,SC,45045,81812,96725,2341,3447,184325,-8.35,-22.61,68.4,16.1,9.4,2.5,0.2,0.1
SC-SEN,senate,SC,45047,9014,11929,275,404,21622,-13.92,-29.36,61.8,29.0,5.5,1.0,0.2,0.0
SC-SEN,senate,SC,45049,3428,2153,73,108,5763,22.84,6.48,43.1,50.7,3.7,0.5,0.2,0.1
SC-SEN,senate,SC,45051,52984,86668,1831,2696,144179,-24.12,-38.91,79.0,10.4,5.5,1.3,0.3,0.1
SC-SEN,senate,SC,45053,6623,5735,162,239,12758,7.18,-9.73,50.3,32.3,14.0,0.7,0.2,0.1
SC-SEN,senate,SC,45055,9818,12919,298,439,23474,-13.64,-28.58,68.5,23.0,4.2,0.6,0.2,0.0
SC-SEN,senate,SC,45057,16424,20480,484,712,38100,-10.99,-25.06,70.6,19.3,5.4,1.8,0.2,0.0
SC-SEN,senate,SC,45059,7665,12821,269,395,21151,-25.17,-41.3,68.3,23.1,4.9,0.5,0.3,0.0
SC-SEN,senate,SC,45061,3697,1777,72,106,5652,35.07,18.82,36.2,59.9,1.5,0.2,0.3,0.0
SC-SEN,senate,SC,45063,39894,59716,1306,1923,102839,-19.9,-33.95,74.1,13.7,6.1,2.2,0.3,0.1
SC-SEN,senate,SC,45065,2081,2091,55,81,4307,-0.24,-17.31,56.6,39.0,1.2,0.3,0.3,0.0
SC-SEN,senate,SC,45067,5777,3299,119,175,9370,27.3,10.66,41.0,54.0,1.9,0.4,0.3,0.0
SC-SEN,senate,SC,45069,4088,2795,90,133,7106,18.8,2.4,41.1,49.4,2.3,0.4,4.1,0.0
SC-SEN,senate,SC,45071,5024,7269,161,237,12691,-18.26,-34.77,63.4,26.6,7.0,0.4,0.3,0.0
SC-SEN,senate,SC,45073,8960,19700,376,553,29589,-37.47,-52.17,84.6,6.3,4.4,0.8,0.2,0.0
SC-SEN,senate,SC,45075,17686,7376,329,484,25875,41.14,24.83,34.9,59.3,1.9,1.1,0.6,0.0
SC-SEN,senate,SC,45077,12414,28579,537,791,42322,-39.44,-53.4,83.1,6.4,4.2,2.2,0.2,0.0
SC-SEN,senate,SC,45079,92529,31124,1622,2388,127662,49.66,35.22,44.3,43.7,5.6,2.8,0.2,0.1
SC-SEN,senate,SC,45081,2186,3926,80,118,6310,-28.47,-44.89,63.8,21.7,12.1,0.1,0.3,0.0
SC-SEN,senate,SC,45083,42789,62715,1383,2037,108924,-18.89,-34.03,67.9,19.0,7.1,2.5,0.2,0.0
SC-SEN,senate,SC,45085,18494,12130,402,591,31616,20.78,4.95,46.3,45.0,3.5,1.4,0.3,0.1
SC-SEN,senate,SC,45087,3470,4863,109,161,8603,-16.72,-32.97,65.6,30.3,1.2,0.3,0.2,0.0
SC-SEN,senate,SC,45089,6710,3004,127,188,10029,38.15,21.97,33.5,62.0,1.9,0.4,0.3,0.0
SC-SEN,senate,SC,45091,48141,53603,1334,1964,105042,-5.37,-19.37,69.3,17.9,5.7,2.9,0.6,0.0
SD-SEN,senate,SD,46003,0,686,284,0,969,-41.5,-55.52,89.5,0.2,7.3,0.4,0.6,0.0
SD-SEN,senate,SD,46005,0,3109,1769,0,4878,-27.46,-41.05,76.2,0.6,11.1,8.9,1.1,0.2
SD-SEN,senate,SD,46007,0,425,332,0,757,-12.26,-26.95,38.2,0.3,1.7,0.2,53.9,0.0
SD-SEN,senate,SD,46009,0,1446,636,0,2082,-38.9,-52.47,87.5,1.8,1.6,0.1,7.5,0.0
SD-SEN,senate,SD,46011,0,5394,5001,0,10395,-3.78,-17.85,88.7,1.7,3.4,2.8,0.9,0.0
SD-SEN,senate,SD,46013,0,6733,5126,0,11860,-13.55,-27.33,87.7,1.3,3.7,2.2,2.5,0.1
SD-SEN,senate,SD,46015,0,1103,584,0,1686,-30.78,-43.56,85.6,0.4,1.9,0.6,7.6,0.1
SD-SEN,senate,SD,46017,0,95,230,0,324,41.63,27.91,17.6,0.0,0.8,0.0,78.6,0.0
SD-SEN,senate,SD,46019,0,2631,906,0,3537,-48.77,-62.06,91.1,0.1,2.9,0.3,1.6,0.1
SD-SEN,senate,SD,46021,0,461,121,0,582,-58.36,-70.94,94.3,0.0,2.3,0.5,1.9,0.0
SD-SEN,senate,SD,46023,0,1627,889,0,2516,-29.33,-43.68,66.3,0.2,2.2,0.4,28.2,0.2
SD-SEN,senate,SD,46025,0,896,385,0,1282,-39.87,-53.81,94.8,0.2,3.7,0.1,0.4,0.0
SD-SEN,senate,SD,46027,0,1556,2381,0,3936,20.96,6.71,86.8,1.6,2.7,2.4,2.7,0.0
SD-SEN,senate,SD,46029,0,6032,3369,0,9401,-28.32,-41.77,92.8,0.3,2.0,0.7,2.0,0.0
SD-SEN,senate,SD,46031,0,384,411,0,795,3.4,-12.08,30.0,0.2,0.9,0.8,63.9,0.0
SD-SEN,senate,SD,46033,0,2780,1396,0,4176,-33.15,-46.7,92.0,0.4,1.7,0.4,1.8,0.0
SD-SEN,senate,SD,46035,0,3990,2396,0,6386,-24.96,-38.71,90.6,0.6,3.8,0.6,2.4,0.0
SD-SEN,senate,SD,46037,0,1188,852,0,2040,-16.47,-30.46,88.0,0.1,2.2,0.4,7.5,0.1
SD-SEN,senate,SD,46039,0,1103,496,0,1599,-37.91,-52.96,95.8,0.0,2.3,0.1,0.3,0.0
SD-SEN,senate,SD,46041,0,476,826,0,1302,26.85,13.1,20.1,0.3,1.1,0.2,75.0,0.0
SD-SEN,senate,SD,46043,0,924,229,0,1154,-60.22,-73.26,94.4,0.1,1.7,0.1,0.9,0.0
SD-SEN,senate,SD,46045,0,1042,371,0,1413,-47.46,-61.64,95.4,0.4,1.2,0.4,1.0,0.0
SD-SEN,senate,SD,46047,0,2033,942,0,2974,-36.68,-50.54,87.2,0.5,2.1,0.7,5.1,0.2
SD-SEN,senate,SD,46049,0,602,184,0,786,-53.11,-66.82,94.4,0.0,1.6,0.2,2.7,0.0
SD-SEN,senate,SD,46051,0,1672,854,0,2526,-32.36,-46.55,91.9,0.0,5.4,0.2,0.7,0.0
SD-SEN,senate,SD,46053,0,1167,411,0,1578,-47.91,-61.55,90.0,0.3,1.1,0.4,5.2,0.1
SD-SEN,senate,SD,46055,0,659,124,0,783,-68.24,-81.06,93.4,0.1,1.1,0.8,1.5,0.0
SD-SEN,senate,SD,46057,0,1653,592,0,2245,-47.28,-61.51,92.9,0.1,4.5,0.1,0.6,0.1
SD-SEN,senate,SD,46059,0,892,336,0,1228,-45.26,-58.07,96.4,0.3,0.9,0.3,0.4,0.0
SD-SEN,senate,SD,46061,0,1036,388,0,1424,-45.46,-60.3,96.5,0.1,0.8,0.0,0.1,0.0
SD-SEN,senate,SD,46063,0,499,72,0,571,-74.92,-88.03,93.7,0.5,2.1,0.0,1.1,0.0
SD-SEN,senate,SD,46065,0,3464,2406,0,5870,-18.02,-30.92,83.0,0.4,2.1,0.7,10.1,0.0
SD-SEN,senate,SD,46067,0,1892,707,0,2600,-45.58,-58.89,95.6,0.1,2.0,0.3,0.8,0.0
SD-SEN,senate,SD,46069,0,349,134,0,484,-44.49,-56.34,89.2,0.3,1.5,0.5,5.3,0.0
SD-SEN,senate,SD,46071,0,481,304,0,786,-22.51,-35.68,44.6,0.3,2.0,0.3,47.5,0.2
SD-SEN,senate,SD,46073,0,455,240,0,695,-30.89,-43.9,93.0,0.0,4.3,0.1,0.9,0.0
SD-SEN,senate,SD,46075,0,311,71,0,383,-62.72,-77.65,88.3,0.0,0.6,0.0,4.3,0.0
SD-SEN,senate,SD,46077,0,1271,678,0,1949,-30.42,-44.71,95.8,0.0,1.8,0.2,0.6,0.2
SD-SEN,senate,SD,46079,0,2417,1693,0,4110,-17.61,-31.76,90.2,0.8,4.9,0.8,0.8,0.1
SD-SEN,senate,SD,46081,0,6402,4321,0,10723,-19.41,-32.25,90.8,0.5,2.9,0.7,1.7,0.0
SD-SEN,senate,SD,46083,0,14403,10922,0,25325,-13.74,-27.08,91.7,1.4,2.1,1.6,0.6,0.0
SD-SEN,senate,SD,46085,0,636,371,0,1007,-26.27,-40.35,58.4,0.1,1.3,0.2,36.9,0.0
SD-SEN,senate,SD,46087,0,1438,671,0,2109,-36.34,-50.47,94.4,0.1,2.5,0.1,0.8,0.0
SD-SEN,senate,SD,46089,0,705,199,0,904,-56.07,-70.51,95.1,0.2,1.9,0.2,0.8,0.0
SD-SEN,senate,SD,46091,0,807,661,0,1468,-9.93,-24.44,87.5,0.1,4.7,0.2,5.7,0.0
SD-SEN,senate,SD,46093,0,7102,3108,0,10210,-39.11,-52.18,87.0,1.5,3.6,1.0,2.4,0.2
SD-SEN,senate,SD,46095,0,278,237,0,515,-7.85,-20.72,43.3,0.1,1.2,0.2,50.4,0.0
SD-SEN,senate,SD,46097,0,543,269,0,812,-33.7,-48.32,95.8,0.1,1.6,0.3,0.3,0.0
SD-SEN,senate,SD,46099,0,32529,32870,0,65399,0.52,-12.99,82.7,4.7,4.9,2.3,2.2,0.0
SD-SEN,senate,SD,46101,0,1303,916,0,2219,-17.45,-32.56,80.2,0.1,4.1,1.5,10.4,0.0
SD-SEN,senate,SD,46102,0,127,2003,0,2130,88.05,72.69,4.6,0.3,2.6,0.3,90.7,0.0
SD-SEN,senate,SD,46103,0,22532,16840,0,39372,-14.45,-27.17,79.8,1.3,4.1,1.4,8.4,0.1
SD-SEN,senate,SD,46105,0,875,232,0,1107,-58.1,-70.96,94.3,0.0,1.0,0.1,1.9,0.1
SD-SEN,senate,SD,46107,0,692,211,0,903,-53.3,-66.38,95.4,0.3,0.7,0.5,1.7,0.0
SD-SEN,senate,SD,46109,0,1559,1328,0,2887,-8.02,-23.42,62.0,0.3,1.8,0.3,32.2,0.0
SD-SEN,senate,SD,46111,0,603,240,0,843,-42.99,-56.4,94.5,0.0,2.3,0.1,0.7,0.0
SD-SEN,senate,SD,46115,0,1371,813,0,2184,-25.55,-39.92,95.1,0.3,2.1,0.0,0.9,0.0
SD-SEN,senate,SD,46117,0,816,391,0,1207,-35.15,-47.63,88.4,0.5,0.8,0.2,4.5,0.4
SD-SEN,senate,SD,46119,0,466,161,0,627,-48.71,-61.99,93.5,0.4,2.7,0.0,0.4,0.0
SD-SEN,senate,SD,46121,0,252,1227,0,1479,65.97,51.91,10.2,0.1,1.8,0.5,85.3,0.0
SD-SEN,senate,SD,46123,0,1391,456,0,1847,-50.67,-64.12,81.6,0.2,0.9,0.1,13.7,0.0
SD-SEN,senate,SD,46125,0,2190,968,0,3158,-38.7,-52.74,94.6,0.2,2.2,0.2,0.5,0.0
SD-SEN,senate,SD,46127,0,3938,2239,0,6177,-27.51,-41.48,91.0,0.9,3.1,1.4,0.6,0.2
SD-SEN,senate,SD,46129,0,1255,461,0,1716,-46.31,-60.26,82.2,0.1,1.4,0.1,12.3,0.0
SD-SEN,senate,SD,46135,0,4250,3288,0,7538,-12.76,-26.27,88.5,1.5,4.6,0.6,2.4,0.0
SD-SEN,senate,SD,46137,0,238,305,0,543,12.33,-2.92,23.0,0.0,1.4,0.0,73.1,0.0
TN-SEN,senate,TN,47001,8067,16091,1428,0,25586,-33.22,-36.16,87.4,3.6,2.9,1.3,0.3,0.1
TN-SEN,senate,TN,47003,3000,10284,785,0,14068,-54.84,-58.56,76.6,7.3,12.1,0.7,0.3,0.0
TN-SEN,senate,TN,47005,980,3821,284,0,5084,-59.19,-63.43,91.6,2.0,1.9,0.7,0.3,0.0
TN-SEN,senate,TN,47007,677,3417,242,0,4336,-66.91,-71.0,87.9,6.2,2.5,0.2,0.3,0.0
TN-SEN,senate,TN,47009,12447,33318,2704,0,48468,-45.61,-48.32,88.9,2.6,3.3,0.9,0.2,0.0
TN-SEN,senate,TN,47011,7043,25518,1924,0,34485,-56.74,-59.53,83.3,4.6,6.2,1.1,0.3,0.1
TN-SEN,senate,TN,47013,1714,8555,607,0,10875,-66.62,-70.1,95.0,0.3,1.0,0.2,0.2,0.0
TN-SEN,senate,TN,47015,852,3698,269,0,4819,-62.56,-66.77,91.1,1.4,2.3,0.3,0.2,0.0
TN-SEN,senate,TN,47017,1645,6211,464,0,8321,-58.11,-62.09,84.8,8.8,2.2,0.4,0.3,0.0
TN-SEN,senate,TN,47019,3175,13258,971,0,17404,-61.36,-63.82,92.8,1.2,1.7,0.4,0.3,0.0
TN-SEN,senate,TN,47021,3835,9876,810,0,14522,-44.06,-46.56,89.8,1.9,3.6,0.4,0.3,0.1
TN-SEN,senate,TN,47023,947,4064,296,0,5306,-62.21,-65.67,85.4,8.3,2.3,0.4,0.4,0.0
TN-SEN,senate,TN,47025,1479,7471,529,0,9479,-66.95,-70.66,93.7,1.0,1.5,0.5,0.2,0.0
TN-SEN,senate,TN,47027,475,2011,147,0,2633,-61.79,-67.09,95.3,1.1,1.4,0.1,0.3,0.0
TN-SEN,senate,TN,47029,1776,8582,612,0,10969,-65.71,-68.88,92.0,1.7,2.1,0.4,0.4,0.0
TN-SEN,senate,TN,47031,3932,12553,974,0,17458,-52.3,-55.8,86.9,3.6,4.4,1.0,0.3,0.0
TN-SEN,senate,TN,47033,873,3041,231,0,4146,-55.38,-59.25,75.1,13.6,8.6,0.2,0.1,0.0
TN-SEN,senate,TN,47035,4961,17945,1353,0,24259,-56.68,-59.32,93.2,0.4,2.4,0.6,0.2,0.0
TN-SEN,senate,TN,47037,125686,65861,11329,0,202876,31.23,28.02,58.1,22.7,11.4,3.9,0.2,0.0
TN-SEN,senate,TN,47039,619,2996,214,0,3828,-65.77,-69.75,92.5,2.5,2.5,0.4,0.1,0.1
TN-SEN,senate,TN,47041,1263,4950,367,0,6580,-59.35,-63.33,89.0,1.2,5.7,0.4,0.3,0.0
TN-SEN,senate,TN,47043,4242,12422,984,0,17648,-49.09,-52.53,88.1,3.6,4.0,0.6,0.3,0.0
TN-SEN,senate,TN,47045,1971,7547,562,0,10080,-58.59,-62.17,79.6,13.6,2.7,0.6,0.2,0.0
TN-SEN,senate,TN,47047,4760,10904,926,0,16590,-39.23,-42.75,67.6,25.6,2.7,0.7,0.2,0.1
TN-SEN,senate,TN,47049,885,5577,382,0,6844,-72.61,-76.32,95.4,0.1,1.3,0.2,0.2,0.0
TN-SEN,senate,TN,47051,3279,9764,771,0,13814,-49.72,-53.66,87.5,4.7,2.8,0.9,0.3,0.0
TN-SEN,senate,TN,47053,3674,10638,846,0,15158,-48.65,-52.44,76.9,17.5,2.3,0.4,0.2,0.0
TN-SEN,senate,TN,47055,2166,6751,527,0,9444,-51.42,-55.51,83.9,9.7,1.8,0.6,0.4,0.0
TN-SEN,senate,TN,47057,1073,6287,435,0,7795,-70.84,-74.11,93.4,0.5,2.5,0.3,0.2,0.0
TN-SEN,senate,TN,47059,3794,16768,1215,0,21776,-63.1,-66.52,91.3,1.9,2.8,0.4,0.2,0.0
TN-SEN,senate,TN,47061,716,3468,247,0,4432,-65.77,-69.82,93.7,0.3,1.1,0.4,0.3,0.0
TN-SEN,senate,TN,47063,3693,13168,996,0,17857,-56.2,-59.41,80.5,3.4,11.1,1.1,0.2,0.4
TN-SEN,senate,TN,47065,51495,63773,6814,0,122082,-10.65,-13.26,71.2,16.6,5.9,2.2,0.2,0.0
TN-SEN,senate,TN,47067,256,1667,114,0,2037,-73.41,-76.9,95.9,0.4,0.6,0.0,0.4,0.0
TN-SEN,senate,TN,47069,2507,3705,367,0,6579,-19.28,-24.31,56.9,38.5,1.8,0.6,0.2,0.0
TN-SEN,senate,TN,47071,1268,6730,472,0,8470,-68.29,-71.59,91.3,3.1,1.8,0.5,0.3,0.0
TN-SEN,senate,TN,47073,2935,14435,1026,0,18395,-66.21,-69.39,93.8,1.2,1.2,0.4,0.2,0.0
TN-SEN,senate,TN,47075,2307,2088,260,0,4655,4.99,0.38,44.3,49.4,3.9,0.2,0.2,0.0
TN-SEN,senate,TN,47077,1397,6569,471,0,8437,-64.93,-68.26,87.1,7.1,2.1,0.3,0.2,0.0
TN-SEN,senate,TN,47079,2366,7602,589,0,10557,-52.53,-55.94,86.5,6.9,2.2,0.6,0.2,0.0
TN-SEN,senate,TN,47081,1450,5366,403,0,7219,-57.46,-61.54,89.3,4.3,2.2,0.3,0.4,0.0
TN-SEN,senate,TN,47083,579,1940,149,0,2668,-54.05,-58.9,92.1,2.6,1.4,0.2,0.3,0.1
TN-SEN,senate,TN,47085,1305,4159,323,0,5787,-52.22,-56.73,92.0,2.4,1.8,0.3,0.2,0.0
TN-SEN,senate,TN,47087,780,2973,222,0,3975,-58.45,-63.03,93.8,0.3,1.7,0.1,0.3,0.0
TN-SEN,senate,TN,47089,3300,13772,1008,0,18080,-61.34,-64.78,91.3,1.5,3.3,0.5,0.3,0.0
TN-SEN,senate,TN,47091,883,4475,316,0,5674,-67.03,-69.85,89.9,4.8,2.3,0.1,0.1,0.1
TN-SEN,senate,TN,47093,60754,85866,8666,0,155286,-17.13,-19.83,80.6,7.8,4.8,2.5,0.2,0.1
TN-SEN,senate,TN,47095,317,965,76,0,1358,-50.55,-55.36,68.8,26.7,2.4,0.1,0.2,0.1
TN-SEN,senate,TN,47097,1850,3613,323,0,5787,-32.27,-37.32,62.4,31.9,1.9,0.2,0.5,0.0
TN-SEN,senate,TN,47099,2194,10723,763,0,13680,-66.03,-69.65,92.5,1.5,2.0,0.4,0.2,0.0
TN-SEN,senate,TN,47101,732,3163,230,0,4125,-62.42,-66.08,92.1,1.5,2.2,0.5,0.3,0.1
TN-SEN,senate,TN,47103,2035,8630,630,0,11295,-61.84,-65.2,86.4,6.0,3.0,0.5,0.3,0.0
TN-SEN,senate,TN,47105,5373,16583,1297,0,23253,-51.06,-53.58,87.6,1.0,7.4,0.8,0.2,0.0
TN-SEN,senate,TN,47107,3062,12856,940,0,16858,-61.53,-64.77,88.0,3.5,3.3,0.8,0.3,0.0
TN-SEN,senate,TN,47109,1290,6161,440,0,7891,-65.38,-69.06,89.3,6.0,1.4,0.3,0.2,0.0
TN-SEN,senate,TN,47111,963,5871,404,0,7237,-71.82,-75.05,90.7,0.5,5.3,0.2,0.3,0.0
TN-SEN,senate,TN,47113,11229,15181,1561,0,27971,-14.96,-18.41,57.4,34.5,3.8,1.2,0.2,0.0
TN-SEN,senate,TN,47115,2200,7012,544,0,9756,-52.24,-56.19,90.2,3.4,1.7,0.5,0.4,0.0
TN-SEN,senate,TN,47117,2481,8073,623,0,11177,-52.99,-57.13,84.4,6.0,5.3,0.5,0.3,0.0
TN-SEN,senate,TN,47119,10156,24279,2035,0,36470,-41.01,-45.09,78.2,11.0,6.2,0.9,0.3,0.0
TN-SEN,senate,TN,47121,724,3310,238,0,4271,-64.12,-68.02,93.5,1.0,1.2,0.2,0.4,0.0
TN-SEN,senate,TN,47123,2667,12094,872,0,15633,-63.86,-67.4,90.4,1.6,3.2,0.5,0.3,0.0
TN-SEN,senate,TN,47125,22842,31185,3193,0,57220,-15.44,-18.7,62.6,19.6,9.0,2.5,0.4,0.4
TN-SEN,senate,TN,47127,403,2013,143,0,2559,-66.6,-69.91,93.6,1.8,1.0,0.5,0.3,0.0
TN-SEN,senate,TN,47129,807,4854,334,0,5995,-71.48,-75.14,89.9,5.7,1.1,0.2,0.3,0.0
TN-SEN,senate,TN,47131,1629,6901,504,0,9034,-61.8,-65.34,83.1,9.6,3.9,0.3,0.1,0.0
TN-SEN,senate,TN,47133,1448,5871,432,0,7752,-60.43,-64.8,95.0,0.3,1.2,0.3,0.3,0.0
TN-SEN,senate,TN,47135,425,2032,145,0,2602,-65.38,-69.81,92.7,2.5,1.3,0.4,0.4,0.0
TN-SEN,senate,TN,47137,359,1594,115,0,2069,-63.2,-66.73,96.7,0.2,1.2,0.3,0.2,0.0
TN-SEN,senate,TN,47139,1014,4757,341,0,6112,-64.86,-68.68,93.1,0.4,1.4,0.2,0.4,0.1
TN-SEN,senate,TN,47141,6368,16731,1365,0,24463,-44.87,-47.95,85.9,2.9,6.0,1.4,0.2,0.0
TN-SEN,senate,TN,47143,1700,7852,564,0,10116,-64.41,-67.63,88.7,1.9,4.9,0.6,0.3,0.0
TN-SEN,senate,TN,47145,4338,13785,1071,0,19195,-52.12,-55.15,91.2,2.4,1.5,0.6,0.3,0.0
TN-SEN,senate,TN,47147,6004,17182,1370,0,24556,-48.21,-51.41,81.0,6.9,7.6,0.6,0.2,0.0
TN-SEN,senate,TN,47149,39495,58086,5767,0,103349,-19.05,-22.1,67.3,15.2,9.6,3.7,0.2,0.1
TN-SEN,senate,TN,47151,732,5620,375,0,6728,-76.94,-80.27,96.4,0.1,0.6,0.3,0.2,0.0
TN-SEN,senate,TN,47153,950,4267,308,0,5526,-63.58,-66.93,92.5,0.4,2.8,0.4,0.4,0.0
TN-SEN,senate,TN,47155,5952,23120,1717,0,30789,-59.06,-61.76,87.5,0.8,6.8,1.1,0.3,0.0
TN-SEN,senate,TN,47157,139374,76259,12753,0,228386,29.27,25.83,37.0,49.9,7.0,3.1,0.2,0.0
TN-SEN,senate,TN,47159,1199,4975,365,0,6538,-61.17,-65.51,91.9,1.9,1.9,0.4,0.3,0.0
TN-SEN,senate,TN,47161,865,3512,259,0,4636,-60.47,-64.57,91.2,1.3,1.9,0.7,0.7,0.0
TN-SEN,senate,TN,47163,11775,38170,2951,0,52896,-52.85,-55.54,91.9,2.0,1.8,0.8,0.2,0.0
TN-SEN,senate,TN,47165,19465,45161,3819,0,68444,-39.76,-42.31,81.6,7.4,5.5,1.5,0.3,0.1
TN-SEN,senate,TN,47167,4426,13249,1044,0,18719,-49.92,-53.34,75.3,17.4,2.2,0.7,0.3,0.1
TN-SEN,senate,TN,47169,653,2158,166,0,2977,-53.54,-59.38,75.5,18.5,2.7,0.2,0.2,0.0
TN-SEN,senate,TN,47171,1129,4518,334,0,5981,-60.01,-62.67,91.6,0.2,5.0,0.2,0.2,0.0
TN-SEN,senate,TN,47173,904,4829,339,0,6071,-68.46,-71.72,94.7,0.2,1.6,0.2,0.2,0.0
TN-SEN,senate,TN,47175,396,1763,128,0,2287,-63.34,-67.67,95.4,0.4,1.2,0.2,0.0,0.0
TN-SEN,senate,TN,47177,2679,8571,665,0,11914,-52.38,-56.68,85.5,2.8,7.7,0.6,0.2,0.0
TN-SEN,senate,TN,47179,12656,27822,2392,0,42870,-37.47,-39.99,86.4,4.1,3.8,1.4,0.2,0.0
TN-SEN,senate,TN,47181,576,3942,267,0,4785,-74.52,-77.52,89.1,6.3,1.9,0.2,0.1,0.0
TN-SEN,senate,TN,47183,1975,6881,523,0,9379,-55.4,-58.92,86.0,7.8,2.2,0.6,0.2,0.0
TN-SEN,senate,TN,47185,1552,6999,505,0,9056,-63.69,-67.17,91.7,1.5,2.4,0.5,0.3,0.0
TN-SEN,senate,TN,47187,33551,62070,5651,0,101271,-29.83,-32.95,82.9,4.0,4.9,4.8,0.2,0.0
TN-SEN,senate,TN,47189,16563,37149,3174,0,56886,-38.33,-40.57,82.7,6.7,4.7,2.0,0.3,0.0
TX-SEN,senate,TX,48001,3625,9883,68,0,13576,-46.33,-62.2,58.4,20.7,17.6,0.7,0.3,0.0
TX-SEN,senate,TX,48003,906,3317,21,0,4245,-57.09,-73.18,43.5,1.2,52.0,0.6,0.5,0.0
TX-SEN,senate,TX,48005,7683,16343,121,0,24146,-36.04,-52.36,61.6,14.5,19.8,1.1,0.2,0.0
TX-SEN,senate,TX,48007,2719,6362,46,0,9127,-40.11,-56.18,70.3,0.9,22.2,2.0,0.6,0.1
TX-SEN,senate,TX,48009,626,2952,18,0,3596,-65.0,-79.66,87.9,0.4,7.2,0.3,0.8,0.0
TX-SEN,senate,TX,48011,112,664,4,0,781,-71.08,-86.08,88.2,0.4,6.0,0.6,1.2,0.0
TX-SEN,senate,TX,48013,4760,8108,65,0,12933,-26.02,-43.67,35.9,0.7,60.5,0.4,0.3,0.0
TX-SEN,senate,TX,48015,2834,7910,54,0,10798,-47.25,-63.12,65.3,7.7,23.1,0.7,0.3,0.0
TX-SEN,senate,TX,48017,334,879,6,0,1219,-44.97,-61.55,36.8,0.7,60.9,0.2,0.2,0.0
TX-SEN,senate,TX,48019,2503,6976,48,0,9527,-47.2,-62.41,77.2,0.5,17.0,0.5,0.5,0.0
TX-SEN,senate,TX,48021,13480,14324,140,0,27944,-3.03,-18.61,52.4,6.0,37.1,0.8,0.4,0.1
TX-SEN,senate,TX,48023,218,947,6,0,1171,-62.56,-77.85,83.9,1.6,10.4,0.2,0.4,0.0
TX-SEN,senate,TX,48025,2404,3720,31,0,6155,-21.48,-40.21,29.4,8.7,59.6,0.7,0.2,0.0
TX-SEN,senate,TX,48027,45611,45643,459,0,91713,-0.04,-16.41,46.3,21.3,22.5,3.3,0.4,0.9
TX-SEN,senate,TX,48029,335176,193994,2660,0,531830,26.68,9.86,29.5,7.5,56.5,3.4,0.2,0.1
TX-SEN,senate,TX,48031,1866,4090,30,0,5986,-37.34,-53.14,79.2,0.7,16.1,0.3,0.2,0.0
TX-SEN,senate,TX,48033,32,238,1,0,271,-76.08,-91.71,87.9,0.0,11.3,0.0,0.0,0.0
TX-SEN,senate,TX,48035,1592,5089,34,0,6715,-52.33,-67.89,78.8,1.4,14.9,0.4,0.4,0.0
TX-SEN,senate,TX,48037,8583,16999,128,0,25710,-32.9,-49.01,62.9,23.9,7.4,1.2,0.6,0.1
TX-SEN,senate,TX,48039,53545,59333,567,0,113445,-5.13,-19.95,46.9,14.5,28.2,7.0,0.3,0.0
TX-SEN,senate,TX,48041,29340,34720,322,0,64383,-8.4,-25.22,55.9,9.4,24.3,6.8,0.2,0.1
TX-SEN,senate,TX,48043,1662,1526,16,0,3205,4.27,-12.76,55.0,1.8,38.0,1.0,0.3,0.1
TX-SEN,senate,TX,48045,92,427,3,0,522,-64.61,-80.49,72.9,1.2,23.3,0.0,0.4,0.0
TX-SEN,senate,TX,48047,1083,590,8,0,1681,29.5,9.69,12.1,0.2,86.2,0.5,0.2,0.0
TX-SEN,senate,TX,48049,2384,9362,59,0,11805,-59.41,-74.51,73.5,3.5,18.5,0.7,0.4,0.1
TX-SEN,senate,TX,48051,1734,4793,33,0,6560,-46.87,-63.34,67.6,10.2,18.0,0.4,0.4,0.0
TX-SEN,senate,TX,48053,5792,13828,99,0,19719,-40.96,-56.19,75.1,1.2,18.9,0.9,0.4,0.0
TX-SEN,senate,TX,48055,5545,5416,55,0,11016,1.18,-14.6,41.0,5.4,50.2,0.5,0.3,0.0
TX-SEN,senate,TX,48057,1776,3688,27,0,5492,-34.98,-52.44,45.6,2.0,45.0,5.3,0.2,0.0
TX-SEN,senate,TX,48059,898,3974,24,0,4896,-63.14,-78.07,86.2,0.8,8.1,0.4,0.5,0.1
TX-SEN,senate,TX,48061,46756,34239,407,0,81402,15.45,-5.84,10.5,0.4,87.6,0.7,0.1,0.0
TX-SEN,senate,TX,48063,1163,2498,18,0,3679,-36.48,-53.91,58.9,15.2,21.4,0.9,0.3,0.1
TX-SEN,senate,TX,48065,371,1844,11,0,2226,-66.49,-81.62,84.8,0.4,8.7,0.4,0.8,0.0
TX-SEN,senate,TX,48067,2496,7361,50,0,9907,-49.35,-65.87,76.2,15.5,3.8,0.4,0.6,0.0
TX-SEN,senate,TX,48069,410,1000,7,0,1417,-41.88,-58.45,35.4,1.5,60.9,0.4,0.5,0.1
TX-SEN,senate,TX,48071,4320,13076,87,0,17483,-50.33,-66.16,67.2,7.2,20.3,1.4,0.4,0.0
TX-SEN,senate,TX,48073,3818,10475,72,0,14365,-46.57,-63.18,63.5,13.0,19.7,0.5,0.3,0.0
TX-SEN,senate,TX,48075,311,1275,8,0,1593,-60.8,-76.66,58.6,9.8,27.5,0.8,0.4,0.0
TX-SEN,senate,TX,48077,730,3396,21,0,4146,-64.62,-80.11,89.0,0.3,4.8,0.6,0.8,0.0
TX-SEN,senate,TX,48079,155,468,3,0,626,-50.28,-66.48,39.0,3.1,56.1,0.0,0.1,0.0
TX-SEN,senate,TX,48081,221,1044,6,0,1271,-65.04,-80.13,77.3,0.3,17.9,0.0,0.6,0.2
TX-SEN,senate,TX,48083,523,2380,15,0,2917,-63.96,-79.32,81.0,1.8,13.2,0.4,0.5,0.0
TX-SEN,senate,TX,48085,188028,172535,1812,0,362375,4.3,-11.45,54.1,9.9,14.3,17.3,0.4,0.1
TX-SEN,senate,TX,48087,160,677,4,0,841,-61.67,-77.52,65.8,4.4,26.2,0.4,0.9,0.1
TX-SEN,senate,TX,48089,2058,4920,35,0,7013,-41.01,-57.55,61.7,10.7,25.0,0.4,0.1,0.0
TX-SEN,senate,TX,48091,24897,47219,362,0,72478,-30.95,-45.96,68.5,2.3,23.9,1.2,0.3,0.1
TX-SEN,senate,TX,48093,947,3615,23,0,4585,-58.5,-74.39,72.7,0.2,23.7,0.3,0.4,0.0
TX-SEN,senate,TX,48095,175,660,4,0,839,-58.06,-74.31,66.1,2.3,28.6,0.7,0.3,0.0
TX-SEN,senate,TX,48097,3402,10850,72,0,14324,-52.26,-67.37,75.5,2.7,16.3,0.8,0.8,0.0
TX-SEN,senate,TX,48099,6234,10374,83,0,16691,-24.93,-41.1,58.5,14.4,18.0,2.5,0.5,1.1
TX-SEN,senate,TX,48101,100,358,2,0,460,-56.21,-72.78,69.6,6.3,20.6,0.0,0.2,0.1
TX-SEN,senate,TX,48103,214,755,5,0,974,-55.78,-73.06,33.7,1.6,62.3,0.6,0.4,0.0
TX-SEN,senate,TX,48105,303,687,5,0,995,-38.81,-54.18,37.7,0.6,59.1,0.3,0.3,0.0
TX-SEN,senate,TX,48107,426,884,7,0,1317,-34.92,-51.69,46.2,2.4,49.1,0.3,0.1,0.0
TX-SEN,senate,TX,48109,284,260,3,0,547,4.37,-17.14,23.0,1.2,72.7,1.0,0.5,0.0
TX-SEN,senate,TX,48111,189,820,5,0,1014,-62.51,-78.84,47.3,1.2,48.7,0.2,0.7,0.1
TX-SEN,senate,TX,48113,414802,179241,2987,0,597029,39.65,22.62,31.6,21.6,36.6,7.2,0.3,0.0
TX-SEN,senate,TX,48115,672,1776,12,0,2461,-45.08,-61.63,39.7,8.4,50.1,0.5,0.2,0.0
TX-SEN,senate,TX,48117,971,2016,15,0,3002,-35.01,-52.07,26.8,0.6,70.7,0.2,0.3,0.0
TX-SEN,senate,TX,48119,423,1429,9,0,1862,-54.3,-70.0,82.4,5.8,6.2,0.6,0.8,0.1
TX-SEN,senate,TX,48121,159471,153392,1572,0,314435,1.94,-13.35,56.8,10.4,18.1,10.1,0.4,0.1
TX-SEN,senate,TX,48123,1325,4129,27,0,5482,-51.41,-67.37,58.2,8.0,31.3,0.4,0.2,0.0
TX-SEN,senate,TX,48125,152,540,3,0,696,-56.05,-70.51,70.8,1.1,24.8,0.1,0.0,0.0
TX-SEN,senate,TX,48127,1475,898,12,0,2384,24.32,3.0,11.8,0.9,85.4,0.9,0.1,0.1
TX-SEN,senate,TX,48129,219,974,6,0,1199,-63.22,-79.36,80.6,4.7,9.0,0.4,1.0,0.0
TX-SEN,senate,TX,48131,1713,1384,16,0,3113,10.64,-9.98,10.9,1.9,79.4,0.5,0.2,0.0
TX-SEN,senate,TX,48133,1090,4736,29,0,5855,-62.6,-78.05,79.8,2.1,14.0,0.5,0.5,0.1
TX-SEN,senate,TX,48135,9449,20341,150,0,29940,-36.56,-53.27,34.3,4.6,57.1,1.5,0.4,0.2
TX-SEN,senate,TX,48137,157,544,4,0,704,-55.19,-73.45,50.0,0.2,46.3,0.5,0.4,0.1
TX-SEN,senate,TX,48139,28480,41064,349,0,69893,-18.09,-31.35,59.2,12.1,23.8,0.8,0.4,0.1
TX-SEN,senate,TX,48141,119428,56012,882,0,176322,36.15,15.32,12.6,2.9,81.3,1.4,0.3,0.2
TX-SEN,senate,TX,48143,3029,9797,64,0,12890,-52.77,-68.49,73.4,3.2,18.7,0.8,0.5,0.0
TX-SEN,senate,TX,48145,1576,2797,22,0,4396,-27.92,-45.03,54.4,21.6,20.8,0.3,0.4,0.1
TX-SEN,senate,TX,48147,2747,8681,57,0,11485,-51.92,-67.92,77.8,6.7,10.0,0.4,0.9,0.1
TX-SEN,senate,TX,48149,2503,6808,47,0,9358,-46.23,-61.93,74.3,5.2,17.6,0.3,0.2,0.0
TX-SEN,senate,TX,48151,337,941,6,0,1285,-47.28,-63.68,70.2,2.5,24.1,0.5,0.5,0.1
TX-SEN,senate,TX,48153,378,1079,7,0,1464,-48.08,-65.46,44.2,2.3,51.5,0.2,0.1,0.0
TX-SEN,senate,TX,48155,96,284,2,0,382,-49.64,-65.93,80.9,1.2,15.1,0.0,0.0,0.1
TX-SEN,senate,TX,48157,150098,103034,1272,0,254404,18.59,1.62,31.4,20.4,22.7,22.5,0.1,0.0
TX-SEN,senate,TX,48159,853,2849,19,0,3721,-53.89,-69.24,79.1,3.4,12.1,0.6,0.5,0.1
TX-SEN,senate,TX,48161,1564,4748,32,0,6344,-50.43,-66.7,68.2,14.9,13.6,0.3,0.4,0.0
TX-SEN,senate,TX,48163,1654,1786,17,0,3458,-3.85,-24.69,18.3,4.7,74.5,1.3,0.2,0.0
TX-SEN,senate,TX,48165,740,3733,22,0,4496,-66.92,-83.13,57.6,1.2,39.2,0.4,0.2,0.0
TX-SEN,senate,TX,48167,48866,61897,556,0,111320,-11.76,-27.74,58.0,12.1,22.5,3.6,0.3,0.1
TX-SEN,senate,TX,48169,237,880,6,0,1122,-57.55,-73.16,37.5,3.9,56.4,0.4,0.3,0.0
TX-SEN,senate,TX,48171,3090,8405,58,0,11552,-46.24,-61.37,78.2,0.3,18.0,0.5,0.3,0.0
TX-SEN,senate,TX,48173,62,401,2,0,465,-73.35,-88.5,66.8,0.9,31.6,0.0,0.0,0.4
TX-SEN,senate,TX,48175,783,1998,14,0,2795,-43.68,-60.67,63.7,3.4,29.7,0.4,0.3,0.0
TX-SEN,senate,TX,48177,1664,3750,27,0,5441,-38.53,-55.15,46.8,5.8,44.8,0.3,0.3,0.0
TX-SEN,senate,TX,48179,980,4305,27,0,5312,-62.9,-77.57,65.5,4.5,25.4,0.7,0.7,0.0
TX-SEN,senate,TX,48181,14040,31985,231,0,46255,-38.99,-54.71,74.2,5.4,12.5,1.4,1.3,0.0
TX-SEN,senate,TX,48183,11939,20627,164,0,32730,-26.68,-42.6,59.0,19.9,16.0,1.3,0.4,0.0
TX-SEN,senate,TX,48185,2746,7047,49,0,9842,-43.92,-60.75,61.1,13.5,21.7,0.4,0.3,0.0
TX-SEN,senate,TX,48187,25525,33944,299,0,59768,-14.16,-29.81,52.2,7.2,34.4,2.0,0.3,0.2
TX-SEN,senate,TX,48189,1884,4587,32,0,6504,-41.76,-58.57,37.0,4.7,55.4,0.5,0.4,0.1
TX-SEN,senate,TX,48191,168,633,4,0,806,-58.0,-73.88,62.7,6.4,28.1,0.2,0.3,0.0
TX-SEN,senate,TX,48193,679,2444,16,0,3139,-56.54,-71.81,84.8,0.3,10.4,0.5,0.5,0.0
TX-SEN,senate,TX,48195,211,1183,7,0,1401,-69.7,-85.31,53.5,0.3,43.9,0.2,0.4,0.1
TX-SEN,senate,TX,48197,211,768,5,0,984,-56.87,-73.1,72.9,3.9,18.8,0.6,0.5,0.0
TX-SEN,senate,TX,48199,3852,15777,99,0,19727,-60.75,-76.13,85.1,5.4,5.0,0.7,0.4,0.1
TX-SEN,senate,TX,48201,664378,420109,5451,0,1089938,22.52,5.62,30.6,18.7,39.9,7.9,0.2,0.1
TX-SEN,senate,TX,48203,6889,14186,106,0,21181,-34.63,-50.92,63.9,19.9,11.6,0.7,0.5,0.1
TX-SEN,senate,TX,48205,224,1181,7,0,1413,-68.1,-83.75,64.0,4.4,28.9,0.5,0.2,0.0
TX-SEN,senate,TX,48207,347,1216,8,0,1571,-55.58,-71.98,69.4,3.7,23.0,0.4,0.5,0.1
TX-SEN,senate,TX,48209,53070,34546,440,0,88056,21.14,5.72,53.3,4.0,35.3,2.2,0.3,0.1
TX-SEN,senate,TX,48211,218,907,6,0,1131,-61.26,-76.28,67.7,0.0,28.7,0.2,0.4,0.0
TX-SEN,senate,TX,48213,6980,19926,135,0,27041,-48.12,-63.87,78.3,5.6,11.1,0.6,0.5,0.0
TX-SEN,senate,TX,48215,89993,61297,760,0,152051,18.97,-2.9,7.4,0.4,90.4,1.1,0.1,0.0
TX-SEN,senate,TX,48217,2981,8663,58,0,11703,-48.8,-64.81,71.6,5.6,18.2,0.5,0.5,0.1
TX-SEN,senate,TX,48219,1368,4199,28,0,5595,-50.84,-66.67,49.9,2.8,44.5,0.3,0.4,0.0
TX-SEN,senate,TX,48221,6188,19272,128,0,25588,-51.39,-66.59,83.9,0.7,10.4,0.7,0.6,0.1
TX-SEN,senate,TX,48223,2975,8720,59,0,11753,-49.13,-65.01,74.0,6.5,14.6,0.8,0.6,0.0
TX-SEN,senate,TX,48225,1977,4555,33,0,6565,-39.47,-55.65,61.0,23.2,12.3,0.5,0.4,0.0
TX-SEN,senate,TX,48227,1778,4948,34,0,6760,-47.12,-63.26,47.1,4.2,44.6,1.1,0.7,0.0
TX-SEN,senate,TX,48229,259,459,4,0,722,-27.8,-46.61,38.7,0.1,59.1,0.4,0.2,0.0
TX-SEN,senate,TX,48231,9674,22895,164,0,32733,-40.59,-55.93,69.3,8.0,16.3,1.1,0.8,0.1
TX-SEN,senate,TX,48233,1072,4676,29,0,5776,-62.71,-77.69,70.8,2.1,20.4,0.5,1.5,0.0
TX-SEN,senate,TX,48235,120,485,3,0,608,-60.23,-75.75,74.5,0.3,22.1,0.0,0.7,0.1
TX-SEN,senate,TX,48237,477,2452,15,0,2944,-67.41,-82.64,77.2,4.2,15.5,0.4,0.5,0.0
TX-SEN,senate,TX,48239,990,3402,22,0,4414,-54.94,-71.14,60.8,6.0,28.9,1.0,0.3,0.0
TX-SEN,senate,TX,48241,2736,8319,56,0,11110,-50.51,-66.85,74.4,16.2,5.7,0.4,0.4,0.1
TX-SEN,senate,TX,48243,379,435,4,0,818,-6.96,-21.67,68.0,0.0,27.1,0.8,0.4,0.0
TX-SEN,senate,TX,48245,32490,27706,303,0,60499,7.95,-8.96,41.0,32.1,20.3,4.0,0.3,0.0
TX-SEN,senate,TX,48247,710,393,6,0,1109,28.72,8.29,9.5,0.1,87.5,0.5,0.3,0.0
TX-SEN,senate,TX,48249,4730,4511,46,0,9288,2.36,-15.58,19.9,0.5,77.2,0.4,0.2,0.0
TX-SEN,senate,TX,48251,17532,38867,283,0,56682,-37.83,-51.88,69.9,3.6,20.5,1.0,0.5,0.4
TX-SEN,senate,TX,48253,1030,3821,24,0,4875,-57.55,-73.69,59.0,11.6,26.6,0.5,0.3,0.0
TX-SEN,senate,TX,48255,1038,2499,18,0,3555,-41.31,-58.39,38.9,9.0,49.0,1.1,0.2,0.0
TX-SEN,senate,TX,48257,20411,28033,243,0,48688,-15.73,-28.11,58.8,14.1,21.4,1.5,0.5,0.1
TX-SEN,senate,TX,48259,5997,14420,103,0,20519,-41.25,-56.21,75.1,0.7,19.7,0.8,0.3,0.1
TX-SEN,senate,TX,48261,41,69,1,0,111,-25.62,-47.44,22.5,0.0,75.7,0.0,0.0,0.0
TX-SEN,senate,TX,48263,59,252,2,0,312,-62.19,-77.27,87.5,0.3,10.4,0.0,0.5,0.0
TX-SEN,senate,TX,48265,5927,13705,99,0,19731,-39.62,-54.78,72.0,1.3,22.1,1.0,0.3,0.1
TX-SEN,senate,TX,48267,314,1362,8,0,1684,-62.56,-78.13,76.3,0.2,19.8,0.9,0.4,0.1
TX-SEN,senate,TX,48269,11,83,0,0,95,-76.02,-91.11,87.3,0.0,10.6,0.0,0.0,2.1
TX-SEN,senate,TX,48271,330,661,5,0,996,-33.48,-50.96,51.7,1.4,42.6,0.4,0.8,0.1
TX-SEN,senate,TX,48273,3685,3307,35,0,7028,5.4,-12.74,23.9,3.5,67.9,2.9,0.3,0.0
TX-SEN,senate,TX,48275,229,731,5,0,964,-52.34,-68.76,63.1,4.6,28.1,0.3,0.3,0.0
TX-SEN,senate,TX,48277,4027,10808,74,0,14910,-45.71,-61.38,73.9,12.3,7.0,1.0,1.4,0.0
TX-SEN,senate,TX,48279,741,2152,15,0,2908,-48.77,-64.67,42.7,3.1,52.6,0.0,0.1,0.1
TX-SEN,senate,TX,48281,2173,5717,40,0,7930,-44.92,-60.12,73.7,3.4,16.2,1.2,0.6,0.4
TX-SEN,senate,TX,48283,809,835,8,0,1652,-1.58,-20.6,25.3,4.1,69.6,0.1,0.1,0.0
TX-SEN,senate,TX,48285,1442,5875,37,0,7354,-60.58,-76.36,75.7,5.5,16.1,0.3,0.1,0.0
TX-SEN,senate,TX,48287,1624,4249,29,0,5903,-44.7,-60.78,65.5,9.5,21.3,0.3,0.3,0.0
TX-SEN,senate,TX,48289,1214,5102,32,0,6348,-61.55,-77.08,77.2,6.2,12.5,0.6,0.4,0.0
TX-SEN,senate,TX,48291,5858,15974,110,0,21941,-46.34,-61.84,58.8,8.4,28.9,0.5,0.4,0.0
TX-SEN,senate,TX,48293,1874,4463,32,0,6369,-40.86,-57.32,61.1,16.6,18.5,0.8,0.3,0.0
TX-SEN,senate,TX,48295,153,725,4,0,882,-65.18,-80.29,63.4,0.2,32.0,0.1,0.6,0.0
TX-SEN,senate,TX,48297,815,2735,18,0,3568,-54.09,-69.97,54.2,2.1,40.4,0.4,0.4,0.0
TX-SEN,senate,TX,48299,2545,6954,48,0,9547,-46.41,-61.33,85.3,0.4,9.3,0.6,0.5,0.0
TX-SEN,senate,TX,48301,11,56,0,0,68,-66.18,-79.17,90.0,0.0,0.0,0.0,2.5,0.0
TX-SEN,senate,TX,48303,33239,53882,438,0,87559,-23.69,-39.94,53.4,8.3,31.6,3.4,0.5,0.1
TX-SEN,senate,TX,48305,415,1374,9,0,1798,-53.61,-71.08,54.9,2.0,40.2,0.2,0.3,0.1
TX-SEN,senate,TX,48307,515,1934,12,0,2461,-57.97,-73.91,68.1,1.2,27.5,0.5,0.1,0.0
TX-SEN,senate,TX,48309,29616,39823,349,0,69787,-14.7,-31.22,57.8,13.3,23.0,2.1,0.4,0.1
TX-SEN,senate,TX,48311,53,286,2,0,341,-68.68,-84.74,59.1,0.2,37.2,0.6,0.2,0.2
TX-SEN,senate,TX,48313,992,2834,19,0,3845,-48.15,-64.7,53.3,19.9,23.7,0.7,0.3,0.0
TX-SEN,senate,TX,48315,1055,2230,16,0,3302,-35.74,-52.93,73.2,18.7,3.1,0.4,0.7,0.0
TX-SEN,senate,TX,48317,290,1164,7,0,1461,-60.07,-76.16,55.9,1.4,40.5,0.2,0.4,0.0
TX-SEN,senate,TX,48319,442,1321,9,0,1772,-49.87,-65.42,77.5,0.1,19.7,0.0,0.0,0.0
TX-SEN,senate,TX,48321,3052,6224,47,0,9322,-34.2,-51.0,46.9,10.1,38.2,2.2,0.3,0.0
TX-SEN,senate,TX,48323,5867,5099,55,0,11021,7.0,-18.6,3.0,0.3,94.8,0.4,1.3,0.0
TX-SEN,senate,TX,48325,6212,10941,86,0,17239,-27.57,-43.07,47.0,2.9,47.0,0.5,0.3,0.1
TX-SEN,senate,TX,48327,179,546,4,0,729,-50.73,-67.02,65.1,0.7,31.3,0.3,0.4,0.1
TX-SEN,senate,TX,48329,11274,29825,206,0,41305,-45.14,-61.06,48.3,6.3,40.0,2.2,0.4,0.1
TX-SEN,senate,TX,48331,2271,5464,39,0,7773,-41.28,-57.7,66.6,8.5,21.2,0.5,0.3,0.1
TX-SEN,senate,TX,48333,359,1553,10,0,1921,-62.45,-77.27,81.1,0.2,14.2,0.1,0.3,0.0
TX-SEN,senate,TX,48335,386,1366,9,0,1761,-55.92,-71.79,49.4,11.8,36.3,0.6,0.5,0.0
TX-SEN,senate,TX,48337,1431,6305,39,0,7775,-63.01,-78.1,84.5,0.2,9.5,0.5,0.8,0.0
TX-SEN,senate,TX,48339,73638,140468,1075,0,215182,-31.21,-45.91,63.7,5.3,23.3,3.5,0.3,0.1
TX-SEN,senate,TX,48341,922,2813,19,0,3754,-50.62,-67.66,34.4,3.3,55.5,3.9,0.5,0.0
TX-SEN,senate,TX,48343,1260,2535,19,0,3814,-33.62,-51.44,67.8,20.6,7.5,0.3,0.6,0.1
TX-SEN,senate,TX,48345,60,393,2,0,455,-73.36,-89.18,83.8,0.7,10.8,0.0,0.0,0.0
TX-SEN,senate,TX,48347,6866,10891,89,0,17846,-22.66,-39.13,61.7,15.6,17.9,1.2,0.3,0.0
TX-SEN,senate,TX,48349,4435,9410,70,0,13914,-35.94,-52.18,56.2,12.2,25.9,0.8,0.3,1.2
TX-SEN,senate,TX,48351,1000,3009,20,0,4029,-50.11,-66.79,77.2,16.6,2.3,0.2,0.5,0.0
TX-SEN,senate,TX,48353,1004,2566,18,0,3588,-43.75,-59.75,59.8,4.0,32.3,0.7,0.4,0.0
TX-SEN,senate,TX,48355,44771,39974,426,0,85171,5.66,-11.58,32.9,3.8,58.4,2.3,0.3,0.1
TX-SEN,senate,TX,48357,350,1749,11,0,2109,-66.66,-82.02,47.0,0.2,49.9,0.3,0.4,0.0
TX-SEN,senate,TX,48359,104,575,3,0,682,-69.4,-84.73,79.9,0.5,15.1,0.7,0.3,0.0
TX-SEN,senate,TX,48361,6175,19181,127,0,25483,-51.29,-67.1,78.9,8.8,7.3,1.3,0.4,0.0
TX-SEN,senate,TX,48363,2233,7063,47,0,9342,-51.96,-67.62,76.5,1.9,16.7,0.8,0.6,0.0
TX-SEN,senate,TX,48365,1956,6017,40,0,8013,-50.93,-66.59,73.8,14.7,7.8,0.5,0.4,0.0
TX-SEN,senate,TX,48367,15243,48075,318,0,63636,-51.85,-66.97,82.1,1.1,11.2,0.7,0.6,0.1
TX-SEN,senate,TX,48369,408,1338,9,0,1754,-53.28,-70.45,36.2,0.7,62.0,0.2,0.2,0.0
TX-SEN,senate,TX,48371,1066,1883,15,0,2964,-27.7,-45.34,25.7,4.2,67.7,0.9,0.2,0.0
TX-SEN,senate,TX,48373,4795,12135,85,0,17015,-43.35,-59.3,71.6,10.0,12.9,0.7,1.6,0.0
TX-SEN,senate,TX,48375,7960,14422,112,0,22495,-28.87,-44.9,47.1,9.8,34.4,4.7,0.6,0.0
TX-SEN,senate,TX,48377,1024,363,7,0,1394,47.65,30.5,18.3,0.3,78.9,1.3,0.3,0.0
TX-SEN,senate,TX,48379,959,3611,23,0,4593,-58.01,-73.34,85.3,2.1,7.3,0.5,0.7,0.0
TX-SEN,senate,TX,48381,12535,34094,234,0,46863,-46.24,-60.95,71.6,3.1,19.3,1.9,0.6,0.0
TX-SEN,senate,TX,48383,151,510,3,0,665,-54.24,-70.03,32.7,1.3,63.0,0.7,0.2,0.0
TX-SEN,senate,TX,48385,324,1042,7,0,1373,-52.53,-67.53,74.8,0.5,21.1,0.4,0.4,0.0
TX-SEN,senate,TX,48387,1102,2937,20,0,4060,-45.43,-61.87,75.3,15.0,5.1,0.5,0.8,0.0
TX-SEN,senate,TX,48389,1003,1398,12,0,2413,-16.48,-37.24,12.4,1.6,83.8,1.2,0.2,0.0
TX-SEN,senate,TX,48391,827,1315,11,0,2153,-22.76,-39.8,45.7,6.0,46.0,0.4,0.2,0.0
TX-SEN,senate,TX,48393,44,355,2,0,401,-78.0,-92.95,88.8,0.3,4.6,0.0,0.3,0.0
TX-SEN,senate,TX,48395,1874,3821,29,0,5723,-34.18,-52.46,60.3,18.0,18.1,0.6,0.2,0.1
TX-SEN,senate,TX,48397,16036,27522,219,0,43777,-26.37,-41.29,68.3,7.2,16.8,3.2,0.5,0.1
TX-SEN,senate,TX,48399,539,2289,14,0,2842,-61.88,-77.58,65.1,1.5,29.9,0.3,0.4,0.1
TX-SEN,senate,TX,48401,4234,10896,76,0,15206,-44.03,-59.82,64.0,16.4,15.6,0.4,0.4,0.0
TX-SEN,senate,TX,48403,724,3166,20,0,3910,-62.76,-78.78,85.7,6.7,3.1,0.5,0.5,0.0
TX-SEN,senate,TX,48405,784,1827,13,0,2624,-39.96,-56.58,69.9,21.1,6.3,0.4,0.3,0.0
TX-SEN,senate,TX,48407,2241,6673,45,0,8959,-49.72,-65.75,73.3,7.9,14.4,0.3,0.5,0.0
TX-SEN,senate,TX,48409,7167,10654,90,0,17911,-19.57,-36.72,42.3,1.5,52.0,1.3,0.3,0.1
TX-SEN,senate,TX,48411,342,1548,9,0,1899,-63.79,-79.46,68.5,2.3,26.3,0.3,0.5,0.0
TX-SEN,senate,TX,48413,196,577,4,0,776,-49.31,-65.03,49.9,0.8,46.8,0.4,0.2,0.0
TX-SEN,senate,TX,48415,829,3166,20,0,4015,-58.51,-74.15,55.4,4.1,37.4,0.5,0.4,0.0
TX-SEN,senate,TX,48417,191,1014,6,0,1211,-68.29,-82.93,86.8,0.3,9.7,0.5,0.2,0.0
TX-SEN,senate,TX,48419,1787,5147,35,0,6969,-48.46,-64.85,63.6,15.8,16.4,1.4,0.3,0.1
TX-SEN,senate,TX,48421,99,527,3,0,629,-68.28,-84.22,53.7,0.3,42.6,0.1,0.3,0.0
TX-SEN,senate,TX,48423,25586,47012,365,0,72963,-29.51,-45.5,61.4,16.2,17.0,1.8,0.3,0.0
TX-SEN,senate,TX,48425,818,2883,19,0,3719,-55.81,-71.36,79.5,0.3,15.3,0.5,0.6,0.0
TX-SEN,senate,TX,48427,6201,5236,57,0,11494,8.44,-16.06,1.8,0.1,97.7,0.2,0.0,0.0
TX-SEN,senate,TX,48429,467,2158,13,0,2639,-64.39,-79.53,72.5,3.0,20.5,0.6,0.4,0.0
TX-SEN,senate,TX,48431,65,373,2,0,441,-70.14,-86.26,66.4,0.3,30.4,0.1,0.2,0.2
TX-SEN,senate,TX,48433,115,382,2,0,499,-53.71,-69.62,81.0,1.2,14.1,0.5,0.3,0.0
TX-SEN,senate,TX,48435,245,731,5,0,981,-49.79,-67.31,39.7,0.2,58.5,0.2,0.2,0.0
TX-SEN,senate,TX,48437,414,1167,8,0,1589,-47.59,-64.07,50.0,6.4,40.9,0.2,0.3,0.0
TX-SEN,senate,TX,48439,316625,256750,2882,0,576257,10.44,-5.19,46.9,16.4,26.3,6.3,0.4,0.2
TX-SEN,senate,TX,48441,12589,26029,194,0,38812,-34.8,-50.3,65.0,7.4,21.1,2.1,0.5,0.1
TX-SEN,senate,TX,48443,89,194,1,0,284,-37.2,-55.06,50.5,1.3,45.1,0.0,0.0,0.0
TX-SEN,senate,TX,48445,619,1769,12,0,2400,-48.17,-65.49,41.9,4.0,51.9,0.4,0.3,0.0
TX-SEN,senate,TX,48447,101,527,3,0,631,-67.93,-83.71,88.9,0.0,8.2,0.3,0.3,0.0
TX-SEN,senate,TX,48449,2229,4900,36,0,7164,-37.47,-55.11,48.4,9.8,38.1,0.8,0.4,0.0
TX-SEN,senate,TX,48451,10611,21067,159,0,31838,-33.01,-48.49,55.6,3.5,35.6,1.5,0.3,0.1
TX-SEN,senate,TX,48453,317463,88958,2044,0,408465,56.22,40.05,50.8,7.5,29.7,7.9,0.2,0.1
TX-SEN,senate,TX,48455,1259,3868,26,0,5153,-50.89,-67.4,80.3,7.8,7.6,0.3,0.3,0.0
TX-SEN,senate,TX,48457,1415,5303,34,0,6752,-57.87,-73.86,77.8,10.7,7.3,0.5,0.5,0.0
TX-SEN,senate,TX,48459,3057,10805,70,0,13932,-55.89,-71.46,79.0,7.4,7.6,0.5,0.7,0.0
TX-SEN,senate,TX,48461,180,728,5,0,913,-60.32,-77.45,43.6,2.1,50.1,0.2,0.3,0.0
TX-SEN,senate,TX,48463,2904,3903,34,0,6842,-14.68,-33.65,30.1,0.5,67.2,0.7,0.1,0.0
TX-SEN,senate,TX,48465,4769,5410,51,0,10230,-6.3,-26.86,19.1,1.3,77.5,0.8,0.1,0.1
TX-SEN,senate,TX,48467,3935,15549,98,0,19582,-59.61,-75.18,83.2,2.5,9.7,0.5,0.6,0.1
TX-SEN,senate,TX,48469,8980,15620,124,0,24724,-26.99,-42.88,47.0,5.9,43.1,1.6,0.2,0.0
TX-SEN,senate,TX,48471,6707,10834,88,0,17629,-23.52,-40.25,53.4,21.5,20.7,1.5,0.3,0.1
TX-SEN,senate,TX,48473,8551,10648,96,0,19296,-10.92,-25.29,43.3,24.2,28.0,1.4,0.4,0.0
TX-SEN,senate,TX,48475,661,1964,13,0,2637,-49.65,-66.49,41.9,3.6,51.5,0.5,0.3,0.0
TX-SEN,senate,TX,48477,3874,8855,64,0,12793,-39.13,-55.11,65.5,15.4,14.6,1.5,0.2,0.0
TX-SEN,senate,TX,48479,27913,18041,231,0,46184,21.48,-2.14,3.9,0.4,94.8,0.6,0.1,0.0
TX-SEN,senate,TX,48481,3740,7738,58,0,11536,-34.83,-52.17,47.9,13.3,36.5,0.4,0.2,0.0
TX-SEN,senate,TX,48483,238,1347,8,0,1593,-69.94,-85.06,75.1,1.4,19.6,0.6,0.7,0.1
TX-SEN,senate,TX,48485,10931,20098,156,0,31185,-29.54,-44.45,64.9,10.3,17.4,2.1,0.8,0.1
TX-SEN,senate,TX,48487,851,2262,16,0,3129,-45.32,-61.14,59.4,8.5,24.9,3.8,0.8,0.0
TX-SEN,senate,TX,48489,2275,1599,19,0,3893,17.43,-3.31,10.2,2.8,85.2,1.0,0.3,0.0
TX-SEN,senate,TX,48491,121334,94214,1083,0,216631,12.58,-2.49,59.0,6.3,21.7,8.5,0.3,0.1
TX-SEN,senate,TX,48493,5931,13108,96,0,19135,-37.69,-53.97,58.8,1.6,35.9,0.5,0.3,0.0
TX-SEN,senate,TX,48495,313,1035,7,0,1354,-53.58,-70.66,38.4,2.0,57.0,1.0,0.4,0.0
TX-SEN,senate,TX,48497,5960,20697,134,0,26792,-55.28,-70.49,76.8,1.0,17.0,0.6,0.7,0.0
TX-SEN,senate,TX,48499,3825,13173,85,0,17084,-54.99,-70.15,82.4,3.8,9.0,0.5,0.5,0.0
TX-SEN,senate,TX,48501,377,1294,8,0,1679,-54.89,-71.27,36.1,0.7,60.8,0.5,0.3,0.0
TX-SEN,senate,TX,48503,1122,4674,29,0,5825,-61.3,-76.71,78.8,1.0,16.1,0.5,0.5,0.0
TX-SEN,senate,TX,48505,1690,1703,17,0,3410,-0.36,-22.55,7.2,0.1,92.1,0.1,0.1,0.0
TX-SEN,senate,TX,48507,1650,780,12,0,2442,35.81,14.55,6.4,0.7,92.2,0.3,0.2,0.0
VA-SEN,senate,VA,51001,6020,6008,0,0,12029,0.1,-13.42,63.6,24.9,7.7,0.7,0.2,0.0
VA-SEN,senate,VA,51003,34501,12525,0,0,47026,46.73,34.6,73.5,8.7,6.3,7.8,0.1,0.0
VA-SEN,senate,VA,51005,1909,3903,0,0,5813,-34.3,-48.48,91.7,4.4,1.0,0.3,0.1,0.0
VA-SEN,senate,VA,51007,1969,3672,0,0,5641,-30.2,-44.58,73.2,20.5,2.4,0.6,0.2,0.0
VA-SEN,senate,VA,51009,4694,7469,0,0,12163,-22.82,-36.77,74.9,17.6,2.2,0.5,0.7,0.1
VA-SEN,senate,VA,51011,2118,4671,0,0,6789,-37.6,-51.42,77.4,17.7,1.4,0.3,0.3,0.0
VA-SEN,senate,VA,51013,78770,11803,0,0,90574,73.94,59.86,60.6,8.5,14.2,12.0,0.1,0.1
VA-SEN,senate,VA,51015,10039,21096,0,0,31134,-35.51,-47.97,89.4,4.3,2.8,0.6,0.2,0.0
VA-SEN,senate,VA,51017,548,1263,0,0,1811,-39.51,-54.13,92.1,2.9,1.6,0.5,0.1,0.0
VA-SEN,senate,VA,51019,11141,24665,0,0,35806,-37.77,-50.77,87.3,6.1,2.0,1.1,0.2,0.0
VA-SEN,senate,VA,51021,533,1960,0,0,2493,-57.21,-70.24,93.7,3.1,0.8,0.1,0.0,0.0
VA-SEN,senate,VA,51023,5159,10245,0,0,15404,-33.01,-45.51,92.0,2.8,1.7,0.6,0.1,0.0
VA-SEN,senate,VA,51025,3343,2082,0,0,5425,23.25,8.58,41.9,54.1,2.0,0.2,0.1,0.0
VA-SEN,senate,VA,51027,1413,5135,0,0,6548,-56.85,-70.84,94.7,2.9,0.7,0.3,0.1,0.0
VA-SEN,senate,VA,51029,2546,3005,0,0,5551,-8.28,-23.73,61.4,33.2,2.2,0.4,0.2,0.0
VA-SEN,senate,VA,51031,7070,14860,0,0,21930,-35.52,-48.97,78.6,14.1,2.6,1.1,0.3,0.0
VA-SEN,senate,VA,51033,6501,5892,0,0,12393,4.92,-8.9,62.5,25.8,5.5,1.0,0.6,0.0
VA-SEN,senate,VA,51035,2806,8553,0,0,11359,-50.6,-63.61,94.2,0.5,2.6,0.3,0.1,0.0
VA-SEN,senate,VA,51036,1923,1123,0,0,3047,26.26,10.86,44.5,42.6,1.4,0.5,6.7,0.1
VA-SEN,senate,VA,51037,1732,2485,0,0,4218,-17.86,-32.74,67.2,27.9,1.9,0.2,0.2,0.1
VA-SEN,senate,VA,51041,88886,58548,0,0,147434,20.58,9.11,60.5,22.5,9.3,3.8,0.2,0.0
VA-SEN,senate,VA,51043,3304,3587,0,0,6891,-4.11,-17.11,85.3,3.9,4.9,1.5,0.2,0.1
VA-SEN,senate,VA,51045,534,1664,0,0,2198,-51.41,-65.08,95.8,0.1,0.8,0.2,0.1,0.1
VA-SEN,senate,VA,51047,8867,11223,0,0,20090,-11.73,-25.24,69.9,12.7,11.7,1.5,0.2,0.1
VA-SEN,senate,VA,51049,1778,2075,0,0,3853,-7.72,-22.34,63.9,29.9,1.9,0.4,0.5,0.1
VA-SEN,senate,VA,51051,1271,3679,0,0,4950,-48.63,-62.49,97.2,0.3,0.5,0.1,0.2,0.0
VA-SEN,senate,VA,51053,4998,5937,0,0,10935,-8.59,-23.28,63.1,29.8,3.1,0.5,0.4,0.0
VA-SEN,senate,VA,51057,2267,1986,0,0,4253,6.6,-7.81,58.6,34.1,2.7,0.6,0.6,0.0
VA-SEN,senate,VA,51059,309536,102763,0,0,412300,50.15,35.99,49.6,9.3,15.8,20.9,0.1,0.1
VA-SEN,senate,VA,51061,14306,17053,0,0,31359,-8.76,-21.92,78.1,7.2,8.8,1.7,0.2,0.1
VA-SEN,senate,VA,51063,2555,4218,0,0,6773,-24.55,-37.64,92.1,1.6,2.7,0.2,0.1,0.0
VA-SEN,senate,VA,51065,6237,5487,0,0,11724,6.4,-6.34,78.1,13.8,3.4,0.8,0.3,0.0
VA-SEN,senate,VA,51067,7362,14379,0,0,21741,-32.28,-45.69,86.5,7.1,2.8,0.6,0.2,0.0
VA-SEN,senate,VA,51069,15286,21329,0,0,36616,-16.5,-28.74,81.7,4.0,8.8,1.8,0.1,0.0
VA-SEN,senate,VA,51071,1905,4588,0,0,6494,-41.31,-54.88,93.9,1.3,1.3,0.4,0.2,0.0
VA-SEN,senate,VA,51073,6043,10234,0,0,16277,-25.74,-38.71,84.1,7.5,2.9,0.8,0.4,0.1
VA-SEN,senate,VA,51075,6440,7380,0,0,13820,-6.8,-18.8,78.1,13.8,2.8,2.1,0.2,0.0
VA-SEN,senate,VA,51077,1437,4256,0,0,5693,-49.52,-62.64,87.9,6.4,3.1,0.2,0.2,0.0
VA-SEN,senate,VA,51079,3694,4787,0,0,8481,-12.89,-25.03,81.5,7.1,5.2,2.3,0.1,0.0
VA-SEN,senate,VA,51081,1866,1146,0,0,3012,23.91,9.32,38.2,57.4,2.3,0.3,0.1,0.0
VA-SEN,senate,VA,51083,5815,6703,0,0,12518,-7.1,-21.2,60.6,34.7,1.8,0.6,0.2,0.0
VA-SEN,senate,VA,51085,22078,29354,0,0,51431,-14.15,-26.04,82.5,9.0,2.9,1.8,0.3,0.0
VA-SEN,senate,VA,51087,89881,37086,0,0,126967,41.58,29.31,52.9,28.5,5.6,9.0,0.3,0.0
VA-SEN,senate,VA,51089,7191,10658,0,0,17848,-19.43,-33.03,70.0,21.9,4.8,0.5,0.1,0.0
VA-SEN,senate,VA,51091,365,711,0,0,1076,-32.09,-44.94,96.0,0.1,1.0,0.3,0.1,0.0
VA-SEN,senate,VA,51093,8054,9290,0,0,17344,-7.12,-19.97,69.8,22.6,2.5,1.0,0.4,0.0
VA-SEN,senate,VA,51095,21161,14732,0,0,35893,17.91,6.29,75.6,12.2,5.2,2.9,0.2,0.1
VA-SEN,senate,VA,51097,1295,1639,0,0,2934,-11.72,-25.87,68.8,23.7,2.3,0.3,1.3,0.0
VA-SEN,senate,VA,51099,4740,6074,0,0,10814,-12.33,-25.35,71.8,15.4,4.9,1.7,0.6,0.1
VA-SEN,senate,VA,51101,2946,5171,0,0,8117,-27.42,-40.91,76.5,15.6,2.1,0.8,1.5,0.0
VA-SEN,senate,VA,51103,2710,2411,0,0,5121,5.84,-7.08,71.7,24.3,0.9,0.7,0.1,0.0
VA-SEN,senate,VA,51105,1473,5626,0,0,7099,-58.51,-72.36,90.3,4.7,2.2,0.2,0.4,0.0
VA-SEN,senate,VA,51107,105419,55320,0,0,160739,31.17,16.79,54.3,7.3,13.2,20.8,0.1,0.1
VA-SEN,senate,VA,51109,7354,9568,0,0,16922,-13.09,-26.42,77.4,14.8,2.8,0.7,0.3,0.1
VA-SEN,senate,VA,51111,1873,2249,0,0,4122,-9.11,-22.93,60.5,32.6,3.3,0.3,0.2,0.1
VA-SEN,senate,VA,51113,2315,3627,0,0,5942,-22.08,-35.49,84.8,8.2,2.6,0.7,0.1,0.0
VA-SEN,senate,VA,51115,1537,2629,0,0,4166,-26.23,-39.66,86.1,8.0,1.7,0.5,0.1,0.2
VA-SEN,senate,VA,51117,5329,6091,0,0,11420,-6.67,-20.91,61.2,33.4,2.2,0.7,0.2,0.0
VA-SEN,senate,VA,51119,2070,2769,0,0,4839,-14.44,-27.58,79.9,14.5,1.9,0.3,0.3,0.0
VA-SEN,senate,VA,51121,19193,13746,0,0,32939,16.54,3.55,78.6,4.1,4.3,9.0,0.1,0.0
VA-SEN,senate,VA,51125,3489,3115,0,0,6603,5.66,-7.59,82.2,10.4,3.5,0.5,0.3,0.0
VA-SEN,senate,VA,51127,4685,7091,0,0,11776,-20.43,-32.1,78.5,12.6,2.7,1.0,1.0,0.0
VA-SEN,senate,VA,51131,2879,1920,0,0,4799,19.98,6.19,59.8,30.2,6.7,0.6,0.4,0.1
VA-SEN,senate,VA,51133,2665,3101,0,0,5766,-7.57,-21.33,73.6,20.7,2.2,0.6,0.1,0.0
VA-SEN,senate,VA,51135,2218,2594,0,0,4811,-7.81,-22.52,55.4,37.4,4.1,0.4,0.3,0.0
VA-SEN,senate,VA,51137,6907,8762,0,0,15669,-11.84,-24.92,78.2,11.9,4.7,0.9,0.3,0.1
VA-SEN,senate,VA,51139,2741,6548,0,0,9289,-40.99,-54.56,93.2,1.9,1.7,0.5,0.2,0.0
VA-SEN,senate,VA,51141,1793,5021,0,0,6814,-47.38,-60.84,89.8,4.8,2.4,0.3,0.2,0.0
VA-SEN,senate,VA,51143,8396,15541,0,0,23938,-29.85,-43.38,74.1,20.9,2.2,0.4,0.2,0.0
VA-SEN,senate,VA,51145,4971,9687,0,0,14658,-32.17,-44.47,84.3,9.2,2.1,0.6,0.2,0.1
VA-SEN,senate,VA,51147,3716,2907,0,0,6623,12.2,-2.61,48.2,42.8,5.0,0.8,0.1,0.0
VA-SEN,senate,VA,51149,5697,6655,0,0,12351,-7.76,-21.49,54.2,30.0,9.1,2.1,0.5,0.3
VA-SEN,senate,VA,51153,106594,53553,0,0,160147,33.12,18.5,41.3,19.9,23.1,10.7,0.2,0.1
VA-SEN,senate,VA,51155,4255,8181,0,0,12436,-31.57,-44.99,89.4,4.9,1.7,0.5,0.1,0.0
VA-SEN,senate,VA,51157,1689,1859,0,0,3548,-4.78,-18.1,88.7,2.9,3.5,1.0,0.1,0.0
VA-SEN,senate,VA,51159,1221,1699,0,0,2920,-16.36,-30.42,63.6,27.8,5.6,0.4,0.2,0.0
VA-SEN,senate,VA,51161,17904,22059,0,0,39964,-10.4,-22.73,84.7,5.7,2.8,3.4,0.2,0.0
VA-SEN,senate,VA,51163,3553,5435,0,0,8988,-20.94,-34.11,91.4,2.4,1.7,0.8,0.4,0.0
VA-SEN,senate,VA,51165,11540,20837,0,0,32378,-28.71,-40.97,87.3,2.2,6.9,1.1,0.1,0.0
VA-SEN,senate,VA,51167,2194,7306,0,0,9500,-53.81,-67.76,96.4,0.9,0.5,0.2,0.1,0.0
VA-SEN,senate,VA,51169,1656,6112,0,0,7768,-57.36,-70.78,95.8,0.6,0.9,0.1,0.1,0.0
VA-SEN,senate,VA,51171,6014,11149,0,0,17163,-29.92,-42.69,87.0,2.2,6.7,0.8,0.2,0.0
VA-SEN,senate,VA,51173,2683,7460,0,0,10144,-47.09,-60.84,94.0,1.4,1.5,0.3,0.2,0.0
VA-SEN,senate,VA,51175,3055,3808,0,0,6863,-10.98,-25.7,61.6,33.6,1.4,0.3,0.3,0.1
VA-SEN,senate,VA,51177,28864,26807,0,0,55671,3.69,-8.66,65.6,16.2,10.0,2.9,0.3,0.1
VA-SEN,senate,VA,51179,33104,25382,0,0,58486,13.2,0.81,58.2,18.8,13.0,4.0,0.4,0.2
VA-SEN,senate,VA,51181,1781,1329,0,0,3109,14.54,-0.66,53.9,41.5,1.4,0.2,0.2,0.1
VA-SEN,senate,VA,51183,2049,1381,0,0,3430,19.45,4.46,41.4,53.7,2.4,0.1,0.2,0.0
VA-SEN,senate,VA,51185,3061,10898,0,0,13960,-56.14,-69.3,92.9,2.5,1.2,0.5,0.1,0.0
VA-SEN,senate,VA,51187,5956,9936,0,0,15892,-25.04,-38.05,85.3,4.3,4.9,1.2,0.3,0.0
VA-SEN,senate,VA,51191,6110,14582,0,0,20693,-40.94,-53.66,94.1,1.3,1.3,0.5,0.2,0.0
VA-SEN,senate,VA,51193,3711,3717,0,0,7428,-0.09,-14.41,66.4,23.8,4.5,0.8,0.4,0.0
VA-SEN,senate,VA,51195,2914,8877,0,0,11791,-50.58,-63.62,89.9,5.7,1.1,0.4,0.1,0.0
VA-SEN,senate,VA,51197,2901,7948,0,0,10850,-46.52,-59.91,92.8,2.6,1.1,0.5,0.2,0.0
VA-SEN,senate,VA,51199,14684,13150,0,0,27834,5.51,-6.22,70.0,12.5,5.9,6.2,0.3,0.2
VA-SEN,senate,VA,51510,48895,7658,0,0,56553,72.92,58.92,52.2,19.4,16.4,7.2,0.1,0.0
VA-SEN,senate,VA,51520,1902,3347,0,0,5249,-27.54,-39.93,87.5,5.5,2.3,0.9,0.3,0.0
VA-SEN,senate,VA,51530,698,1312,0,0,2009,-30.55,-45.25,86.7,4.6,3.1,0.4,0.5,0.4
VA-SEN,senate,VA,51540,15046,1333,0,0,16378,83.73,70.01,66.2,14.0,6.1,9.0,0.1,0.0
VA-SEN,senate,VA,51550,52230,37320,0,0,89550,16.65,3.83,56.7,28.6,5.9,3.7,0.3,0.1
VA-SEN,senate,VA,51570,2487,3794,0,0,6281,-20.81,-32.72,72.4,14.1,5.5,3.3,0.2,0.1
VA-SEN,senate,VA,51580,712,1026,0,0,1738,-18.06,-33.5,81.2,12.7,2.0,0.6,0.3,0.1
VA-SEN,senate,VA,51590,8313,4081,0,0,12394,34.15,21.25,43.9,48.7,3.8,1.2,0.2,0.0
VA-SEN,senate,VA,51595,1105,420,0,0,1524,44.92,31.21,29.7,61.3,4.9,1.0,0.2,0.1
VA-SEN,senate,VA,51600,7016,2474,0,0,9490,47.86,34.32,55.8,4.4,16.2,19.4,0.2,0.0
VA-SEN,senate,VA,51610,5590,744,0,0,6335,76.5,63.27,70.4,3.9,9.4,11.1,0.1,0.1
VA-SEN,senate,VA,51620,1877,884,0,0,2761,35.99,22.32,40.0,53.9,2.2,1.0,0.4,0.0
VA-SEN,senate,VA,51630,6905,2593,0,0,9499,45.39,32.33,59.6,20.2,10.5,4.0,0.3,0.1
VA-SEN,senate,VA,51640,662,1245,0,0,1907,-30.53,-44.2,79.1,5.4,11.5,0.8,0.2,0.0
VA-SEN,senate,VA,51650,33751,10189,0,0,43940,53.62,40.45,38.5,48.0,5.3,2.7,0.4,0.2
VA-SEN,senate,VA,51660,8470,3657,0,0,12126,39.69,25.88,65.6,7.0,19.3,4.2,0.1,0.0
VA-SEN,senate,VA,51670,3994,2320,0,0,6314,26.52,13.9,47.6,39.6,6.9,1.2,0.4,0.1
VA-SEN,senate,VA,51678,1431,595,0,0,2025,41.28,27.08,83.3,6.0,3.8,4.2,0.1,0.0
VA-SEN,senate,VA,51680,13798,12126,0,0,25924,6.45,-8.03,64.1,24.8,4.4,2.2,0.3,0.0
VA-SEN,senate,VA,51683,7233,3927,0,0,11160,29.63,15.03,39.4,12.0,37.9,6.8,0.1,0.1
VA-SEN,senate,VA,51685,2862,1339,0,0,4201,36.25,20.47,30.7,12.8,40.9,11.7,0.2,0.1
VA-SEN,senate,VA,51690,2709,1261,0,0,3969,36.48,22.9,46.2,43.8,5.9,0.8,0.2,0.0
VA-SEN,senate,VA,51700,37891,15216,0,0,53106,42.7,29.22,41.8,40.1,9.1,3.6,0.3,0.2
VA-SEN,senate,VA,51710,46920,13238,0,0,60157,55.99,42.18,43.6,38.0,8.9,4.0,0.4,0.2
VA-SEN,senate,VA,51720,398,751,0,0,1149,-30.73,-43.86,89.5,4.8,1.6,0.8,0.1,0.0
VA-SEN,senate,VA,51730,8600,573,0,0,9173,87.51,73.61,17.3,72.6,5.1,1.0,0.3,0.1
VA-SEN,senate,VA,51735,1862,3791,0,0,5653,-34.13,-46.48,89.8,0.9,2.7,2.3,0.3,0.0
VA-SEN,senate,VA,51740,22036,6899,0,0,28935,52.31,39.18,38.9,50.9,3.9,1.4,0.4,0.1
VA-SEN,senate,VA,51750,2653,1955,0,0,4609,15.14,0.53,75.3,13.7,4.3,1.4,0.2,0.0
VA-SEN,senate,VA,51760,68764,7235,0,0,75999,80.96,67.77,45.5,38.0,9.0,3.1,0.2,0.0
VA-SEN,senate,VA,51770,20259,9346,0,0,29606,36.86,23.96,60.7,25.5,6.9,2.4,0.2,0.0
VA-SEN,senate,VA,51775,4287,4964,0,0,9251,-7.31,-19.47,84.0,6.9,3.4,2.2,0.2,0.0
VA-SEN,senate,VA,51790,5952,3583,0,0,9536,24.84,13.57,79.7,11.3,3.6,1.2,0.3,0.0
VA-SEN,senate,VA,51800,24180,13338,0,0,37518,28.9,16.12,49.1,41.0,3.7,1.8,0.3,0.1
VA-SEN,senate,VA,51810,92430,67720,0,0,160151,15.43,2.68,61.5,17.7,7.6,7.7,0.3,0.1
VA-SEN,senate,VA,51820,4224,3702,0,0,7926,6.58,-5.77,76.5,11.4,6.8,1.2,0.1,0.1
VA-SEN,senate,VA,51830,4347,1174,0,0,5521,57.47,45.19,48.7,38.0,6.4,3.3,0.1,0.1
VA-SEN,senate,VA,51840,5099,3226,0,0,8325,22.51,9.91,67.5,10.0,15.7,2.6,0.3,0.1
WV-SEN,senate,WV,54001,916,3458,103,0,4477,-58.11,-61.75,93.3,2.0,1.1,0.2,0.3,0.0
WV-SEN,senate,WV,54003,12735,25635,899,0,39270,-33.62,-36.46,81.8,7.5,4.5,1.3,0.2,0.0
WV-SEN,senate,WV,54005,1239,4330,131,0,5700,-55.5,-58.74,95.3,0.6,0.5,0.1,0.2,0.0
WV-SEN,senate,WV,54007,925,2710,85,0,3719,-49.12,-52.79,96.4,0.5,0.5,0.2,0.2,0.1
WV-SEN,senate,WV,54009,1911,4773,157,0,6841,-42.81,-45.45,93.4,1.6,0.9,0.3,0.2,0.0
WV-SEN,senate,WV,54011,9724,14506,568,0,24798,-19.74,-22.35,88.4,4.9,1.5,1.5,0.2,0.0
WV-SEN,senate,WV,54013,374,1635,47,0,2055,-62.78,-66.1,96.4,0.2,0.6,0.2,0.2,0.0
WV-SEN,senate,WV,54015,436,1780,52,0,2268,-60.63,-63.49,95.4,0.1,0.5,0.2,0.5,0.0
WV-SEN,senate,WV,54017,288,1734,47,0,2070,-71.5,-74.34,93.5,2.6,0.8,0.2,0.2,0.0
WV-SEN,senate,WV,54019,3222,7462,250,0,10934,-39.69,-42.64,90.3,4.3,1.1,0.3,0.3,0.0
WV-SEN,senate,WV,54021,363,1241,38,0,1641,-54.78,-57.89,79.0,14.7,3.5,0.4,0.2,0.0
WV-SEN,senate,WV,54023,434,3375,89,0,3898,-77.21,-79.93,95.5,0.7,0.7,0.3,0.1,0.0
WV-SEN,senate,WV,54025,3063,7194,240,0,10497,-40.27,-42.96,92.4,2.4,1.5,0.6,0.2,0.0
WV-SEN,senate,WV,54027,1412,5771,168,0,7351,-60.69,-63.49,94.5,0.7,1.1,0.3,0.1,0.0
WV-SEN,senate,WV,54029,2468,6451,209,0,9128,-44.66,-47.58,92.4,2.3,1.2,0.4,0.1,0.0
WV-SEN,senate,WV,54031,967,3418,103,0,4488,-55.89,-58.79,90.2,2.8,3.7,0.4,0.1,0.0
WV-SEN,senate,WV,54033,6157,14016,473,0,20646,-38.96,-41.82,91.9,1.7,1.9,0.7,0.2,0.0
WV-SEN,senate,WV,54035,2027,6743,206,0,8976,-53.77,-57.18,95.9,0.3,0.7,0.3,0.2,0.0
WV-SEN,senate,WV,54037,8678,11261,467,0,20406,-12.95,-16.14,81.8,6.2,5.8,1.5,0.2,0.0
WV-SEN,senate,WV,54039,21774,29680,1206,0,52660,-15.36,-17.83,86.3,7.2,1.3,1.2,0.2,0.0
WV-SEN,senate,WV,54041,1022,3799,113,0,4934,-57.6,-60.36,95.1,0.4,0.9,0.4,0.1,0.1
WV-SEN,senate,WV,54043,995,3922,115,0,5031,-59.53,-63.71,96.5,0.2,0.7,0.1,0.1,0.0
WV-SEN,senate,WV,54045,1399,6447,184,0,8029,-64.34,-67.43,94.9,1.9,0.6,0.2,0.1,0.0
WV-SEN,senate,WV,54047,781,2930,87,0,3798,-57.92,-61.24,82.5,12.1,2.3,0.1,0.1,0.0
WV-SEN,senate,WV,54049,5935,10913,395,0,17243,-29.55,-31.98,90.5,3.2,1.4,0.4,0.2,0.1
WV-SEN,senate,WV,54051,2319,6735,212,0,9266,-48.78,-50.96,94.4,0.9,1.0,0.4,0.1,0.0
WV-SEN,senate,WV,54053,1591,5624,169,0,7384,-55.89,-59.18,96.3,0.7,0.6,0.2,0.2,0.0
WV-SEN,senate,WV,54055,3600,12533,378,0,16510,-55.37,-58.22,89.1,5.9,1.0,0.5,0.3,0.0
WV-SEN,senate,WV,54057,1837,6990,207,0,9034,-58.39,-60.99,92.4,2.8,0.9,0.4,0.2,0.0
WV-SEN,senate,WV,54059,824,4984,136,0,5944,-71.62,-74.7,95.0,1.8,0.6,0.1,0.2,0.0
WV-SEN,senate,WV,54061,13860,14486,664,0,29010,-2.21,-4.51,85.2,3.8,2.8,3.5,0.1,0.1
WV-SEN,senate,WV,54063,879,3477,102,0,4457,-59.65,-63.0,95.5,0.8,0.8,0.1,0.2,0.0
WV-SEN,senate,WV,54065,1440,4782,146,0,6368,-53.71,-56.52,94.2,0.6,1.1,0.5,0.2,0.0
WV-SEN,senate,WV,54067,1437,5429,161,0,7027,-58.15,-61.15,95.8,0.2,0.7,0.3,0.2,0.0
WV-SEN,senate,WV,54069,4805,7974,300,0,13078,-24.81,-26.56,90.5,3.6,1.2,0.9,0.1,0.0
WV-SEN,senate,WV,54071,516,1827,55,0,2398,-55.98,-59.61,95.3,1.4,0.8,0.0,0.1,0.0
WV-SEN,senate,WV,54073,486,1803,54,0,2342,-57.55,-60.07,94.7,1.4,0.6,0.1,0.3,0.0
WV-SEN,senate,WV,54075,694,1974,63,0,2731,-47.95,-51.42,95.6,0.6,1.0,0.1,0.2,0.0
WV-SEN,senate,WV,54077,2191,7677,231,0,10099,-55.59,-58.2,87.8,7.1,2.1,0.2,0.2,0.0
WV-SEN,senate,WV,54079,5216,13598,441,0,19255,-44.55,-47.21,93.5,1.0,1.2,1.0,0.2,0.0
WV-SEN,senate,WV,54081,5059,16122,496,0,21678,-52.23,-55.25,86.0,8.0,1.4,1.1,0.2,0.0
WV-SEN,senate,WV,54083,2208,5722,186,0,8116,-44.31,-47.06,93.9,1.5,0.9,0.3,0.2,0.0
WV-SEN,senate,WV,54085,394,2377,65,0,2836,-71.55,-74.09,96.4,0.2,0.6,0.2,0.1,0.1
WV-SEN,senate,WV,54087,919,2857,89,0,3865,-51.31,-54.95,95.0,0.2,0.8,0.3,0.2,0.0
WV-SEN,senate,WV,54089,917,2684,84,0,3685,-49.06,-52.45,90.7,3.9,1.5,0.3,0.3,0.0
WV-SEN,senate,WV,54091,1247,3723,116,0,5086,-49.81,-52.4,94.2,0.7,0.9,0.3,0.1,0.0
WV-SEN,senate,WV,54093,645,1842,58,0,2545,-48.15,-49.99,96.1,0.1,0.7,0.1,0.1,0.0
WV-SEN,senate,WV,54095,416,2059,58,0,2533,-66.41,-68.75,96.2,0.0,0.6,0.0,0.2,0.0
WV-SEN,senate,WV,54097,1507,5237,158,0,6902,-55.3,-57.94,94.2,1.0,1.2,0.4,0.2,0.0
WV-SEN,senate,WV,54099,2615,8156,252,0,11024,-51.44,-54.33,96.0,0.3,0.7,0.2,0.2,0.0
WV-SEN,senate,WV,54101,367,1684,48,0,2099,-64.19,-67.6,97.1,0.1,0.3,0.1,0.1,0.0
WV-SEN,senate,WV,54103,976,3244,99,0,4319,-53.75,-56.96,95.4,0.2,0.9,0.3,0.2,0.0
WV-SEN,senate,WV,54105,312,1453,41,0,1806,-64.67,-67.64,96.7,0.0,0.3,0.0,0.0,0.1
WV-SEN,senate,WV,54107,7424,18098,598,0,26119,-41.82,-43.77,93.3,1.2,1.2,0.7,0.2,0.0
WV-SEN,senate,WV,54109,744,4431,121,0,5296,-71.23,-73.81,96.4,0.5,0.7,0.1,0.1,0.0
WY-SEN,senate,WY,56001,6465,6044,0,0,12508,3.36,-3.23,81.6,1.0,9.3,2.8,0.7,0.1
WY-SEN,senate,WY,56003,652,3375,0,0,4027,-67.63,-73.58,88.0,0.1,7.4,0.4,0.8,0.1
WY-SEN,senate,WY,56005,1742,11101,0,0,12843,-72.87,-77.75,86.5,0.5,7.5,0.7,1.0,0.1
WY-SEN,senate,WY,56007,1062,3410,0,0,4471,-52.51,-59.07,78.3,1.0,15.8,0.7,1.1,0.1
WY-SEN,senate,WY,56009,730,3988,0,0,4719,-69.04,-74.4,89.0,0.2,6.5,0.5,0.5,0.0
WY-SEN,senate,WY,56011,392,2650,0,0,3042,-74.24,-79.14,94.3,0.0,1.6,0.2,0.6,0.0
WY-SEN,senate,WY,56013,4059,8019,0,0,12078,-32.79,-38.09,72.7,0.5,5.2,0.6,16.6,0.0
WY-SEN,senate,WY,56015,948,3374,0,0,4322,-56.14,-61.78,87.2,0.7,8.4,0.4,0.7,0.0
WY-SEN,senate,WY,56017,399,1435,0,0,1834,-56.47,-62.02,91.2,0.2,2.7,0.5,0.8,0.0
WY-SEN,senate,WY,56019,705,2724,0,0,3429,-58.86,-64.58,91.7,0.2,3.3,0.2,0.7,0.1
WY-SEN,senate,WY,56021,11087,19262,0,0,30349,-26.94,-32.95,77.8,2.3,13.3,1.3,0.6,0.1
WY-SEN,senate,WY,56023,1366,6223,0,0,7590,-64.0,-69.32,91.6,0.1,4.3,0.5,0.5,0.1
WY-SEN,senate,WY,56025,6608,17137,0,0,23745,-44.34,-49.48,85.8,0.9,7.4,0.8,0.9,0.1
WY-SEN,senate,WY,56027,109,755,0,0,864,-74.86,-81.64,92.5,0.2,2.8,0.3,1.3,0.2
WY-SEN,senate,WY,56029,2679,9031,0,0,11710,-54.25,-60.09,90.4,0.2,4.7,0.7,0.4,0.0
WY-SEN,senate,WY,56031,666,2670,0,0,3336,-60.08,-66.48,88.8,0.0,6.7,0.5,0.8,0.1
WY-SEN,senate,WY,56033,3147,8351,0,0,11498,-45.26,-50.88,90.4,0.3,3.7,0.6,1.0,0.1
WY-SEN,senate,WY,56035,742,2705,0,0,3447,-56.96,-61.87,89.3,0.2,5.8,0.5,0.4,0.2
WY-SEN,senate,WY,56037,3013,8677,0,0,11689,-48.45,-54.14,79.3,0.8,14.2,0.8,0.6,0.1
WY-SEN,senate,WY,56039,6578,2714,0,0,9293,41.58,35.82,83.5,0.2,11.5,1.3,0.3,0.0
WY-SEN,senate,WY,56041,1296,5067,0,0,6363,-59.26,-64.7,87.2,0.2,8.3,0.5,0.6,0.1
WY-SEN,senate,WY,56043,541,2173,0,0,2714,-60.13,-65.3,84.2,0.1,11.3,0.5,0.5,0.0
WY-SEN,senate,WY,56045,334,2126,0,0,2459,-72.87,-78.07,90.7,0.4,4.0,0.4,1.4,0.1
AK-01,house,AK,02013,0,187,157,4,347,-8.76,-31.7,20.3,9.5,21.1,24.4,19.4,0.9
AK-01,house,AK,02016,58,377,383,10,828,0.8,6.77,32.6,5.6,12.7,29.8,12.0,4.3
AK-01,house,AK,02020,5071,45001,43645,1145,94862,-1.53,-1.1,58.5,4.8,8.0,9.3,7.6,2.8
AK-01,house,AK,02050,369,1347,1559,41,3316,7.28,26.88,11.5,0.6,1.2,1.5,80.7,0.0
AK-01,house,AK,02060,2,172,146,4,323,-8.09,-25.44,49.1,0.5,3.8,0.8,32.8,0.5
AK-01,house,AK,02063,77,1209,1103,29,2418,-4.55,-11.9,70.2,0.8,4.7,7.4,9.1,0.8
AK-01,house,AK,02066,0,634,532,14,1180,-8.76,-42.32,65.8,0.2,2.4,0.8,22.2,0.4
AK-01,house,AK,02068,34,435,404,11,883,-3.64,-8.56,86.8,0.6,2.2,1.0,4.1,0.0
AK-01,house,AK,02070,73,537,536,14,1160,-0.1,3.77,19.3,0.6,2.6,1.1,67.9,0.2
AK-01,house,AK,02090,556,15594,13728,360,30238,-6.37,-18.71,68.9,4.2,6.9,3.5,7.1,0.6
AK-01,house,AK,02100,90,490,515,14,1109,2.5,12.3,78.4,0.1,3.3,0.8,9.7,0.1
AK-01,house,AK,02105,116,342,422,11,892,10.51,36.01,51.3,0.3,3.6,0.8,35.9,0.2
AK-01,house,AK,02110,1255,5001,5654,148,12057,6.13,23.49,65.0,1.1,5.5,6.7,10.1,1.3
AK-01,house,AK,02122,0,12230,10259,269,22759,-8.76,-35.92,79.9,0.7,3.3,1.5,6.8,0.3
AK-01,house,AK,02130,71,2529,2204,58,4862,-6.87,-20.66,62.6,0.7,3.9,8.3,15.2,0.2
AK-01,house,AK,02150,15,2145,1817,48,4024,-8.28,-26.19,50.9,0.7,6.9,21.8,12.5,0.8
AK-01,house,AK,02158,144,464,556,15,1179,9.1,32.11,3.2,0.3,0.2,0.4,93.8,0.0
AK-01,house,AK,02164,39,178,194,5,416,4.41,18.29,23.9,0.1,2.0,0.5,66.7,0.0
AK-01,house,AK,02170,0,19439,16306,428,36173,-8.76,-53.38,78.8,1.1,3.9,1.5,6.0,0.4
AK-01,house,AK,02180,236,990,1105,29,2359,5.47,21.51,17.6,0.6,1.8,1.3,71.6,0.1
AK-01,house,AK,02185,64,769,719,19,1571,-3.36,-7.57,34.6,1.9,5.8,6.0,44.4,2.9
AK-01,house,AK,02188,113,571,611,16,1311,3.34,14.94,12.1,1.3,1.4,1.1,79.5,0.2
AK-01,house,AK,02195,9,704,601,16,1330,-7.93,-24.77,75.6,1.3,3.8,3.7,5.9,0.4
AK-01,house,AK,02198,68,1004,921,24,2017,-4.29,-10.95,46.6,0.5,2.1,0.4,40.8,0.4
AK-01,house,AK,02220,275,1386,1483,39,3183,3.37,15.05,63.4,0.5,5.2,7.2,13.7,0.2
AK-01,house,AK,02230,81,181,245,6,513,15.17,48.3,86.9,0.4,3.3,2.8,2.1,0.0
AK-01,house,AK,02240,0,1319,1106,29,2454,-8.76,-62.26,75.8,1.1,4.9,1.4,10.8,0.2
AK-01,house,AK,02275,0,465,390,10,865,-8.76,-33.83,67.9,0.0,2.9,1.2,16.3,0.1
AK-01,house,AK,02282,14,94,95,3,206,0.58,6.04,42.3,0.4,3.4,6.0,36.1,0.2
AK-01,house,AK,02290,157,680,753,20,1609,5.07,20.29,23.8,0.1,0.9,0.2,69.3,0.1
AL-01,house,AL,01003,22313,63278,0,0,85591,-47.86,-58.7,82.7,7.4,4.5,0.9,0.6,0.0
AL-01,house,AL,01039,2131,8830,0,0,10961,-61.11,-72.25,83.1,11.8,1.4,0.6,0.4,0.0
AL-01,house,AL,01053,3449,7023,0,0,10472,-34.13,-46.61,61.8,29.6,1.6,0.3,3.7,0.1
AL-01,house,AL,01097,57986,64639,0,0,122625,-5.43,-16.61,57.4,33.4,2.9,2.1,0.9,0.0
AL-02,house,AL,01005,3475,3423,0,0,6898,0.75,-14.83,47.0,45.8,4.6,0.4,0.2,0.0
AL-02,house,AL,01011,2313,563,0,0,2876,60.84,46.08,24.8,70.4,3.3,0.1,0.0,0.0
AL-02,house,AL,01013,2753,3183,0,0,5936,-7.25,-22.81,53.4,42.3,1.2,0.8,0.2,0.0
AL-02,house,AL,01031,4386,11241,0,0,15628,-43.87,-58.35,69.7,16.1,7.3,1.8,0.8,0.1
AL-02,house,AL,01039,184,824,0,0,1008,-63.49,-78.34,83.1,11.8,1.4,0.6,0.4,0.0
AL-02,house,AL,01041,1376,3165,0,0,4541,-39.39,-54.87,72.2,23.1,1.1,0.6,0.4,0.0
AL-02,house,AL,01045,4158,9242,0,0,13400,-37.94,-52.7,68.9,19.5,5.5,1.5,0.5,0.1
AL-02,house,AL,01051,4208,8424,0,0,12632,-33.37,-47.88,72.9,20.2,2.6,0.8,0.3,0.0
AL-02,house,AL,01061,1610,7074,0,0,8684,-62.91,-77.42,83.1,8.5,3.8,0.4,0.6,0.0
AL-02,house,AL,01067,2107,4418,0,0,6525,-35.41,-51.08,69.8,25.1,1.6,0.4,0.3,0.0
AL-02,house,AL,01069,10295,20756,0,0,31051,-33.69,-48.19,66.9,24.6,3.5,1.2,0.3,0.1
AL-02,house,AL,01085,3035,922,0,0,3957,53.39,37.49,29.3,67.3,1.2,0.2,0.1,0.0
AL-02,house,AL,01087,4729,751,0,0,5481,72.58,56.68,16.6,78.9,1.7,0.4,0.2,0.0
AL-02,house,AL,01101,45419,17419,0,0,62837,44.56,31.07,35.2,54.9,3.8,3.5,0.2,0.0
AL-02,house,AL,01109,4170,5094,0,0,9264,-9.98,-25.34,56.9,35.4,2.3,1.8,0.5,0.0
AL-02,house,AL,01113,8424,6076,0,0,14501,16.19,1.68,48.4,42.6,4.4,0.8,0.3,0.2
AL-03,house,AL,01015,10827,23225,0,0,34053,-36.41,-45.15,70.2,21.4,3.5,1.1,0.4,0.1
AL-03,house,AL,01017,4291,5678,0,0,9969,-13.91,-23.42,55.6,37.7,3.0,1.2,0.2,0.0
AL-03,house,AL,01019,1479,7626,0,0,9104,-67.51,-75.94,91.2,4.1,1.2,0.2,0.4,0.0
AL-03,house,AL,01027,924,3812,0,0,4737,-60.97,-70.48,80.9,13.5,2.5,0.3,0.3,0.0
AL-03,house,AL,01029,654,4702,0,0,5356,-75.57,-84.06,92.0,3.1,1.6,0.2,0.3,0.0
AL-03,house,AL,01055,8517,23777,0,0,32293,-47.25,-56.1,77.4,14.1,3.6,0.9,0.4,0.0
AL-03,house,AL,01081,20740,30437,0,0,51177,-18.95,-28.16,64.8,22.1,4.5,5.0,0.2,0.1
AL-03,house,AL,01111,1720,6044,0,0,7763,-55.7,-65.16,77.7,17.0,1.9,0.4,0.3,0.0
AL-03,house,AL,01115,6483,23984,0,0,30468,-57.44,-64.58,83.5,9.4,2.3,0.7,0.3,0.0
AL-03,house,AL,01121,8675,13876,0,0,22552,-23.06,-32.65,63.6,31.2,1.8,0.5,0.3,0.0
AL-03,house,AL,01123,4157,9858,0,0,14015,-40.68,-49.9,70.9,23.7,2.1,0.6,0.2,0.0
AL-04,house,AL,01009,2584,17136,0,0,19720,-73.79,-81.55,86.5,1.4,7.8,0.3,0.3,0.0
AL-04,house,AL,01033,5962,13052,0,0,19014,-37.29,-46.84,77.4,15.8,2.4,0.7,0.4,0.0
AL-04,house,AL,01043,4111,26101,0,0,30211,-72.79,-81.1,90.5,1.1,3.7,0.6,0.4,0.1
AL-04,house,AL,01049,3551,17216,0,0,20768,-65.8,-74.43,80.5,1.5,12.2,0.3,1.0,0.0
AL-04,house,AL,01057,1068,4787,0,0,5856,-63.51,-72.46,84.5,10.4,1.9,0.3,0.3,0.0
AL-04,house,AL,01059,1525,6945,0,0,8470,-64.0,-73.83,77.8,3.8,15.6,0.2,0.4,0.0
AL-04,house,AL,01075,782,4042,0,0,4824,-67.57,-76.43,86.3,10.4,1.2,0.0,0.2,0.0
AL-04,house,AL,01077,7491,16456,0,0,23947,-37.44,-46.6,83.5,9.4,2.7,0.8,0.3,0.0
AL-04,house,AL,01093,1256,8227,0,0,9483,-73.5,-82.19,90.4,3.8,2.2,0.2,0.3,0.1
AL-04,house,AL,01095,5090,23189,0,0,28279,-64.0,-72.23,80.9,2.3,12.0,0.6,0.4,0.1
AL-04,house,AL,01125,9059,18404,0,0,27463,-34.03,-42.56,62.1,28.6,4.8,1.5,0.2,0.0
AL-04,house,AL,01127,3789,17070,0,0,20860,-63.67,-72.26,87.7,5.8,2.6,0.4,0.3,0.0
AL-04,house,AL,01133,938,6869,0,0,7807,-75.98,-84.04,93.0,0.6,2.5,0.2,0.4,0.0
AL-05,house,AL,01071,3174,13323,0,0,16497,-61.52,-71.94,87.3,3.1,2.5,0.4,1.3,0.0
AL-05,house,AL,01077,1278,5327,0,0,6605,-61.31,-71.58,83.5,9.4,2.7,0.8,0.3,0.0
AL-05,house,AL,01079,2750,8540,0,0,11290,-51.28,-62.73,76.1,10.5,2.2,0.2,4.1,0.0
AL-05,house,AL,01083,12095,25471,0,0,37566,-35.61,-44.44,75.4,13.1,5.4,1.7,0.5,0.1
AL-05,house,AL,01089,68837,69461,0,0,138298,-0.45,-9.11,63.7,23.0,5.3,2.7,0.5,0.1
AL-05,house,AL,01103,10531,26733,0,0,37264,-43.48,-53.13,74.9,12.0,7.8,0.7,0.6,0.1
AL-06,house,AL,01001,5977,13817,0,0,19794,-39.6,-46.72,72.8,18.7,3.0,1.4,0.3,0.0
AL-06,house,AL,01007,1430,5050,0,0,6480,-55.86,-64.77,74.5,20.2,2.6,0.1,0.2,0.1
AL-06,house,AL,01021,2478,11357,0,0,13835,-64.17,-72.49,80.0,8.9,8.0,0.4,0.3,0.0
AL-06,house,AL,01037,1221,2466,0,0,3687,-33.77,-43.54,66.9,28.6,1.3,0.1,0.3,0.0
AL-06,house,AL,01051,4249,12257,0,0,16506,-48.51,-56.01,72.9,20.2,2.6,0.8,0.3,0.0
AL-06,house,AL,01073,46516,56818,0,0,103334,-9.97,-16.33,50.4,40.4,4.3,2.0,0.2,0.0
AL-06,house,AL,01117,26108,54167,0,0,80275,-34.95,-41.31,75.4,12.5,6.1,2.3,0.2,0.0
AL-06,house,AL,01121,120,599,0,0,719,-66.54,-74.53,63.6,31.2,1.8,0.5,0.3,0.0
AL-07,house,AL,01023,2244,2417,0,0,4661,-3.71,-24.0,56.0,41.3,0.7,0.1,0.1,0.0
AL-07,house,AL,01025,4284,4089,0,0,8373,2.32,-17.14,53.7,43.1,0.7,0.4,0.3,0.0
AL-07,house,AL,01035,2243,1994,0,0,4237,5.86,-14.04,52.5,42.6,1.7,0.4,0.6,0.0
AL-07,house,AL,01047,8275,2607,0,0,10882,52.08,32.71,29.2,67.7,0.7,0.4,0.1,0.0
AL-07,house,AL,01063,2488,338,0,0,2827,76.06,55.95,18.1,78.9,0.8,0.1,0.1,0.0
AL-07,house,AL,01065,3274,1840,0,0,5114,28.05,6.9,41.7,55.3,0.8,0.1,0.2,0.0
AL-07,house,AL,01073,82135,23572,0,0,105707,55.4,36.71,50.4,40.4,4.3,2.0,0.2,0.0
AL-07,house,AL,01091,3923,2856,0,0,6779,15.75,-3.78,45.3,51.1,1.7,0.3,0.0,0.0
AL-07,house,AL,01099,3325,3548,0,0,6873,-3.24,-23.26,54.2,40.6,0.8,0.4,1.4,0.0
AL-07,house,AL,01105,2535,590,0,0,3125,62.22,42.88,30.4,66.9,0.9,0.1,0.2,0.0
AL-07,house,AL,01107,3009,3231,0,0,6240,-3.55,-23.46,54.3,37.4,5.9,0.4,0.1,0.0
AL-07,house,AL,01119,2999,715,0,0,3714,61.49,41.45,25.5,70.8,1.1,1.0,0.2,0.0
AL-07,house,AL,01125,18842,13382,0,0,32225,16.94,-1.9,62.1,28.6,4.8,1.5,0.2,0.0
AL-07,house,AL,01129,1908,4004,0,0,5912,-35.44,-55.63,67.7,21.9,0.8,0.1,6.8,0.0
AL-07,house,AL,01131,2792,892,0,0,3684,51.59,31.59,29.6,67.8,1.0,0.1,0.1,0.1
AR-01,house,AR,05001,1222,2646,104,0,3972,-36.83,-44.88,70.2,23.0,2.9,0.6,0.2,0.0
AR-01,house,AR,05005,3599,11013,393,0,15006,-50.74,-57.84,92.4,0.2,2.0,0.6,0.5,0.0
AR-01,house,AR,05009,2456,9477,321,0,12254,-58.84,-66.07,91.3,0.2,2.1,0.7,0.7,0.1
AR-01,house,AR,05017,1372,1061,65,0,2499,12.78,4.0,41.5,50.5,4.7,0.5,0.2,0.1
AR-01,house,AR,05021,772,2692,93,0,3557,-55.41,-62.79,94.2,0.3,1.7,0.1,0.4,0.0
AR-01,house,AR,05031,8895,17075,699,0,26669,-31.5,-38.34,75.2,14.2,5.0,1.7,0.3,0.0
AR-01,house,AR,05035,5638,4599,275,0,10513,10.15,2.32,43.0,50.8,2.5,0.8,0.2,0.0
AR-01,house,AR,05037,1337,3219,123,0,4679,-41.3,-48.65,74.0,20.7,1.5,0.6,0.3,0.0
AR-01,house,AR,05041,1268,1176,66,0,2510,3.74,-4.85,45.1,45.3,5.9,0.5,0.4,0.0
AR-01,house,AR,05049,785,2732,95,0,3611,-55.38,-63.36,93.2,0.1,0.9,0.4,0.5,0.0
AR-01,house,AR,05055,2474,8558,297,0,11329,-55.15,-62.26,90.5,1.5,2.7,0.4,0.4,0.5
AR-01,house,AR,05063,2256,7515,263,0,10034,-53.83,-60.78,85.8,2.1,6.5,1.0,0.4,0.1
AR-01,house,AR,05065,837,3295,111,0,4243,-59.51,-67.29,90.1,2.2,2.0,0.2,0.6,0.1
AR-01,house,AR,05067,978,2352,90,0,3419,-41.25,-49.57,77.8,16.3,2.1,0.4,0.3,0.0
AR-01,house,AR,05075,846,3123,107,0,4076,-57.38,-65.37,93.0,1.0,1.7,0.2,0.2,0.1
AR-01,house,AR,05077,978,779,47,0,1805,11.29,3.63,41.8,52.6,2.4,0.2,0.3,0.0
AR-01,house,AR,05079,680,1671,63,0,2415,-42.14,-50.95,62.8,30.2,3.9,0.2,0.2,0.0
AR-01,house,AR,05085,5505,15848,575,0,21928,-48.44,-54.76,83.9,5.8,3.9,1.1,0.5,0.1
AR-01,house,AR,05089,1260,4215,147,0,5622,-53.97,-61.17,92.5,0.1,1.7,0.4,0.7,0.0
AR-01,house,AR,05093,2893,4581,201,0,7675,-22.59,-32.16,59.7,33.1,3.5,0.6,0.2,0.0
AR-01,house,AR,05095,775,922,46,0,1742,-8.7,-16.05,55.2,38.3,2.3,0.5,0.4,0.1
AR-01,house,AR,05107,2102,1341,93,0,3536,22.1,13.52,36.4,59.5,1.5,0.5,0.2,0.0
AR-01,house,AR,05111,1076,3860,133,0,5069,-56.4,-64.54,85.7,7.3,2.7,0.3,0.4,0.0
AR-01,house,AR,05117,465,1767,60,0,2292,-58.33,-66.75,84.8,11.0,1.3,0.2,0.2,0.0
AR-01,house,AR,05119,1549,654,59,0,2262,40.63,33.78,52.4,33.9,7.0,2.5,0.3,0.1
AR-01,house,AR,05121,988,3639,125,0,4752,-57.29,-65.01,90.5,0.8,1.7,0.3,0.5,2.3
AR-01,house,AR,05123,2267,1902,112,0,4282,8.75,0.75,42.5,51.6,3.0,0.5,0.3,0.0
AR-01,house,AR,05129,462,2236,73,0,2771,-65.77,-73.22,90.9,0.0,1.4,0.3,0.9,0.1
AR-01,house,AR,05135,1124,4062,140,0,5326,-56.66,-63.92,92.1,0.5,1.6,0.3,0.8,0.1
AR-01,house,AR,05137,938,3267,113,0,4318,-55.38,-63.07,92.8,0.1,1.8,0.2,0.8,0.0
AR-01,house,AR,05147,613,1003,43,0,1660,-24.16,-33.13,68.5,26.1,1.3,0.3,0.2,0.0
AR-02,house,AR,05023,1949,7044,0,0,8994,-56.65,-69.03,93.1,0.2,1.9,0.4,0.5,0.0
AR-02,house,AR,05029,2173,3856,0,0,6029,-27.91,-41.29,79.7,10.5,3.5,0.4,0.7,0.1
AR-02,house,AR,05045,15190,23252,0,0,38442,-20.97,-33.15,77.2,10.9,4.6,1.2,0.5,0.0
AR-02,house,AR,05105,880,2356,0,0,3236,-45.6,-58.81,91.8,1.2,2.0,0.2,0.5,0.0
AR-02,house,AR,05119,66856,34106,0,0,100963,32.44,21.03,52.4,33.9,7.0,2.5,0.3,0.1
AR-02,house,AR,05125,14254,26410,0,0,40664,-29.9,-41.05,81.3,7.5,5.5,1.2,0.4,0.0
AR-02,house,AR,05141,1380,4000,0,0,5380,-48.7,-61.47,91.5,0.4,2.4,0.4,0.7,0.0
AR-02,house,AR,05145,5410,16360,0,0,21770,-50.3,-62.59,85.6,4.8,3.5,0.8,0.4,0.0
AR-03,house,AR,05007,33735,55232,3275,0,92241,-24.16,-27.69,71.1,1.5,15.4,4.8,1.3,0.7
AR-03,house,AR,05015,2879,5108,294,0,8281,-27.91,-32.42,78.8,0.3,12.3,1.7,0.9,1.1
AR-03,house,AR,05033,3731,12770,607,0,17109,-54.77,-59.32,82.0,1.3,6.1,1.6,2.0,0.0
AR-03,house,AR,05087,1187,4006,191,0,5385,-54.28,-59.57,86.9,0.2,4.6,0.6,1.2,1.1
AR-03,house,AR,05131,9675,18162,1025,0,28862,-30.49,-34.66,68.9,5.9,12.4,4.7,1.8,0.1
AR-03,house,AR,05143,32774,34471,2475,0,69720,-2.52,-6.87,69.9,3.3,15.3,2.5,1.0,2.6
AR-04,house,AR,05003,1408,3527,0,0,4935,-42.94,-48.72,68.7,23.9,4.7,0.2,0.2,0.0
AR-04,house,AR,05011,758,1495,0,0,2253,-32.69,-39.45,57.8,27.6,12.0,0.3,0.3,0.0
AR-04,house,AR,05013,325,1144,0,0,1469,-55.78,-63.08,74.7,19.9,1.9,0.1,0.1,0.2
AR-04,house,AR,05019,2291,3084,0,0,5375,-14.75,-20.94,67.8,23.2,4.0,0.7,0.4,0.1
AR-04,house,AR,05025,447,1922,0,0,2368,-62.26,-68.51,86.4,8.6,1.9,0.1,0.4,0.0
AR-04,house,AR,05027,1917,3657,0,0,5574,-31.21,-37.04,60.3,33.3,3.0,0.7,0.3,0.0
AR-04,house,AR,05039,625,1007,0,0,1631,-23.43,-30.0,56.1,38.5,2.3,0.1,0.3,0.0
AR-04,house,AR,05043,1599,2870,0,0,4468,-28.44,-34.43,66.0,27.2,3.1,0.6,0.4,0.1
AR-04,house,AR,05047,1006,3888,0,0,4893,-58.9,-63.84,89.9,0.4,2.3,0.9,1.1,0.1
AR-04,house,AR,05051,10049,19664,0,0,29714,-32.36,-37.09,80.4,7.4,5.5,1.0,0.6,0.1
AR-04,house,AR,05053,996,4674,0,0,5670,-64.86,-70.0,90.9,2.6,1.9,0.4,0.4,0.0
AR-04,house,AR,05057,1399,2875,0,0,4274,-34.54,-40.49,56.8,27.5,11.8,0.4,0.3,0.0
AR-04,house,AR,05059,2254,6368,0,0,8622,-47.71,-53.2,81.1,10.7,2.9,0.3,0.5,0.0
AR-04,house,AR,05061,913,2227,0,0,3140,-41.86,-47.41,65.8,20.1,9.3,0.6,0.7,0.0
AR-04,house,AR,05069,9510,5660,0,0,15170,25.38,20.38,40.2,54.1,1.9,0.9,0.3,0.1
AR-04,house,AR,05071,1679,4680,0,0,6359,-47.2,-52.51,78.6,1.9,11.0,2.9,0.8,0.1
AR-04,house,AR,05073,546,1086,0,0,1632,-33.12,-38.96,63.1,31.5,2.1,0.5,0.6,0.1
AR-04,house,AR,05081,873,2566,0,0,3439,-49.21,-55.1,73.6,17.9,2.5,0.2,1.3,0.1
AR-04,house,AR,05083,1204,4556,0,0,5760,-58.2,-63.54,89.4,1.0,2.3,1.5,1.1,0.0
AR-04,house,AR,05091,2982,8111,0,0,11093,-46.23,-51.71,67.7,24.2,3.1,0.5,0.6,0.0
AR-04,house,AR,05097,533,2069,0,0,2602,-59.04,-64.48,89.8,0.2,3.7,0.4,1.1,0.1
AR-04,house,AR,05099,666,1338,0,0,2004,-33.56,-40.04,64.1,28.9,3.3,0.5,0.4,0.0
AR-04,house,AR,05101,524,2123,0,0,2646,-60.41,-65.25,92.5,0.1,0.9,0.3,0.9,0.0
AR-04,house,AR,05103,2617,3438,0,0,6056,-13.56,-19.41,56.3,37.8,1.8,0.6,0.2,0.0
AR-04,house,AR,05109,487,2572,0,0,3059,-68.16,-73.99,85.5,2.4,6.8,0.2,0.8,0.0
AR-04,house,AR,05113,958,4859,0,0,5818,-67.05,-71.84,85.9,0.2,5.3,0.5,1.5,0.0
AR-04,house,AR,05115,4339,12642,0,0,16982,-48.89,-53.51,81.3,3.3,8.3,1.1,0.8,0.0
AR-04,house,AR,05119,4131,1250,0,0,5381,53.54,49.12,52.4,33.9,7.0,2.5,0.3,0.1
AR-04,house,AR,05127,368,2008,0,0,2375,-69.05,-74.54,84.7,0.1,5.7,2.8,1.8,0.1
AR-04,house,AR,05131,530,2563,0,0,3093,-65.74,-70.16,68.9,5.9,12.4,4.7,1.8,0.1
AR-04,house,AR,05133,722,2587,0,0,3309,-56.34,-62.8,59.3,4.0,29.1,0.5,1.8,1.2
AR-04,house,AR,05139,3865,6980,0,0,10845,-28.72,-34.03,61.3,31.2,3.6,0.7,0.3,0.0
AR-04,house,AR,05149,987,3560,0,0,4547,-56.6,-61.86,76.2,1.1,17.5,1.0,0.6,0.0
AZ-01,house,AZ,04013,164575,145007,5932,0,315514,6.32,-3.17,58.0,5.3,26.7,4.6,1.5,0.2
AZ-02,house,AZ,04001,15449,6722,260,0,22431,39.36,19.19,22.9,0.3,5.2,0.5,69.1,0.0
AZ-02,house,AZ,04005,33328,15189,570,0,49087,37.39,20.16,56.9,1.4,13.7,1.9,21.8,0.2
AZ-02,house,AZ,04007,7596,11553,225,0,19373,-20.66,-37.94,66.7,0.4,15.2,0.8,13.5,0.1
AZ-02,house,AZ,04009,721,79,9,0,809,80.24,59.9,55.4,1.5,28.4,0.5,12.0,0.1
AZ-02,house,AZ,04013,403,32,5,0,440,85.49,65.81,58.0,5.3,26.7,4.6,1.5,0.2
AZ-02,house,AZ,04015,176,46,3,0,225,58.44,38.56,78.1,1.0,13.7,1.3,1.7,0.2
AZ-02,house,AZ,04017,17741,17374,412,0,35528,1.05,-17.37,45.6,0.7,9.3,0.6,41.2,0.1
AZ-02,house,AZ,04021,29520,28750,684,0,58954,1.32,-16.2,61.2,4.7,24.8,1.6,3.7,0.2
AZ-02,house,AZ,04025,42952,60520,1214,0,104687,-16.98,-34.19,81.0,0.6,11.8,1.2,1.2,0.1
AZ-03,house,AZ,04013,115457,26903,3448,3448,149256,62.2,40.0,58.0,5.3,26.7,4.6,1.5,0.2
AZ-04,house,AZ,04013,144650,91914,6689,0,243253,22.29,6.67,58.0,5.3,26.7,4.6,1.5,0.2
AZ-05,house,AZ,04013,117083,136456,0,0,253538,-7.64,-17.4,58.0,5.3,26.7,4.6,1.5,0.2
AZ-05,house,AZ,04021,22531,35447,0,0,57979,-22.28,-32.48,61.2,4.7,24.8,1.6,3.7,0.2
AZ-06,house,AZ,04003,12095,20230,716,716,33756,-25.17,-33.21,58.9,3.6,29.9,2.2,0.6,0.3
AZ-06,house,AZ,04009,2403,6994,208,208,9814,-48.85,-57.54,55.4,1.5,28.4,0.5,12.0,0.1
AZ-06,house,AZ,04011,765,1451,49,49,2314,-30.96,-41.51,50.0,0.8,42.9,0.9,2.6,0.0
AZ-06,house,AZ,04019,130092,94127,4964,4964,234146,16.04,8.17,56.1,3.4,31.8,3.0,2.1,0.2
AZ-06,house,AZ,04021,12813,14088,596,596,28092,-4.74,-13.71,61.2,4.7,24.8,1.6,3.7,0.2
AZ-07,house,AZ,04003,5257,2226,0,0,7483,40.5,20.82,58.9,3.6,29.9,2.2,0.6,0.3
AZ-07,house,AZ,04013,18358,8436,0,0,26794,37.03,17.45,58.0,5.3,26.7,4.6,1.5,0.2
AZ-07,house,AZ,04019,92145,33013,0,0,125157,47.25,28.8,56.1,3.4,31.8,3.0,2.1,0.2
AZ-07,house,AZ,04021,816,1000,0,0,1816,-10.13,-28.29,61.2,4.7,24.8,1.6,3.7,0.2
AZ-07,house,AZ,04023,9421,3989,0,0,13410,40.51,18.8,18.5,0.3,79.4,0.6,0.2,0.0
AZ-07,house,AZ,04027,13821,8699,0,0,22519,22.75,0.89,34.9,1.9,58.5,1.3,0.9,0.1
AZ-08,house,AZ,04013,127054,147362,0,0,274416,-7.4,-16.5,58.0,5.3,26.7,4.6,1.5,0.2
AZ-09,house,AZ,04012,1762,3574,0,0,5335,-33.96,-44.5,62.2,0.7,20.9,0.7,11.6,0.2
AZ-09,house,AZ,04013,80387,93682,0,0,174068,-7.64,-18.49,58.0,5.3,26.7,4.6,1.5,0.2
AZ-09,house,AZ,04015,20818,56255,0,0,77073,-45.98,-56.4,78.1,1.0,13.7,1.3,1.7,0.2
AZ-09,house,AZ,04027,8975,16278,0,0,25253,-28.92,-39.73,34.9,1.9,58.5,1.3,0.9,0.1
CA-01,house,CA,06007,34672,31534,0,0,66206,4.74,-3.23,69.3,1.5,16.9,4.7,1.4,0.2
CA-01,house,CA,06021,2661,4615,0,0,7276,-26.86,-35.77,52.7,0.6,39.1,2.2,1.6,0.1
CA-01,house,CA,06033,9059,7656,0,0,16716,8.4,-0.42,69.3,1.8,18.8,1.5,2.2,0.1
CA-01,house,CA,06035,2086,5879,0,0,7966,-47.62,-55.32,59.1,8.0,23.4,1.5,2.7,0.7
CA-01,house,CA,06045,10926,6428,0,0,17354,25.92,16.33,66.4,0.7,21.8,2.0,3.5,0.1
CA-01,house,CA,06063,3151,3902,0,0,7053,-10.65,-17.5,83.5,0.5,7.6,0.8,1.8,0.2
CA-01,house,CA,06091,507,722,0,0,1229,-17.43,-24.9,83.5,0.1,9.4,0.3,0.5,0.0
CA-01,house,CA,06097,75505,21256,0,0,96760,56.07,47.71,62.9,1.5,25.0,4.8,0.6,0.4
CA-01,house,CA,06103,6112,12481,0,0,18592,-34.26,-42.78,67.5,0.6,22.9,1.6,1.7,0.2
CA-02,house,CA,06015,3408,3985,0,0,7393,-7.8,-16.82,61.7,3.6,18.1,2.6,6.6,0.1
CA-02,house,CA,06023,31369,13585,0,0,44955,39.56,29.73,72.0,1.3,11.9,2.4,4.7,0.3
CA-02,house,CA,06041,88353,12491,0,0,100845,75.23,65.7,69.0,2.5,16.6,6.6,0.2,0.2
CA-02,house,CA,06045,7923,2072,0,0,9995,58.55,48.28,66.4,0.7,21.8,2.0,3.5,0.1
CA-02,house,CA,06049,859,1955,0,0,2813,-38.96,-48.2,77.1,0.7,12.4,0.9,4.1,0.1
CA-02,house,CA,06089,22445,39820,0,0,62265,-27.91,-37.39,78.2,1.0,9.1,3.2,2.1,0.2
CA-02,house,CA,06093,6747,8303,0,0,15050,-10.34,-19.87,76.5,1.1,10.5,1.9,3.4,0.1
CA-02,house,CA,06097,20967,4285,0,0,25252,66.06,56.35,62.9,1.5,25.0,4.8,0.6,0.4
CA-02,house,CA,06105,1974,1979,0,0,3953,-0.14,-9.76,72.6,0.4,5.1,13.5,2.4,0.1
CA-03,house,CA,06017,10226,6852,0,0,17077,19.76,7.14,76.4,0.8,11.8,4.6,0.7,0.1
CA-03,house,CA,06057,26997,16467,0,0,43464,24.23,12.69,83.5,0.4,8.5,1.4,0.7,0.1
CA-03,house,CA,06061,25367,25906,0,0,51273,-1.05,-13.31,70.8,1.6,12.9,8.5,0.5,0.2
CA-03,house,CA,06067,95092,49736,0,0,144828,31.32,18.91,44.7,9.1,21.1,17.4,0.5,1.1
CA-04,house,CA,06011,4178,0,0,0,4178,100.0,-28.97,37.1,0.9,56.1,1.3,1.3,0.3
CA-04,house,CA,06033,1920,0,0,0,1920,100.0,-9.49,69.3,1.8,18.8,1.5,2.2,0.1
CA-04,house,CA,06055,49409,0,0,0,49409,100.0,35.97,54.5,1.7,31.1,7.7,0.4,0.2
CA-04,house,CA,06061,25404,0,0,0,25404,100.0,-13.2,70.8,1.6,12.9,8.5,0.5,0.2
CA-04,house,CA,06067,12930,0,0,0,12930,100.0,-12.36,44.7,9.1,21.1,17.4,0.5,1.1
CA-04,house,CA,06097,58018,0,0,0,58018,100.0,44.08,62.9,1.5,25.0,4.8,0.6,0.4
CA-04,house,CA,06101,23030,0,0,0,23030,100.0,-32.19,45.3,1.9,27.7,18.7,0.9,0.3
CA-04,house,CA,06113,47966,0,0,0,47966,100.0,40.61,46.7,2.7,29.9,14.6,0.5,0.5
CA-04,house,CA,06115,17899,0,0,0,17899,100.0,-26.58,55.7,3.6,25.2,6.8,1.3,0.5
CA-05,house,CA,06003,349,168,0,0,517,35.14,32.69,72.0,0.9,6.1,1.1,16.1,0.0
CA-05,house,CA,06005,5925,9764,0,0,15689,-24.47,-28.6,75.1,3.5,13.4,1.4,1.3,0.2
CA-05,house,CA,06009,7005,11539,0,0,18544,-24.45,-28.85,79.1,0.7,11.1,1.7,1.1,0.2
CA-05,house,CA,06017,329,501,0,0,830,-20.73,-25.54,76.4,0.8,11.8,4.6,0.7,0.1
CA-05,house,CA,06019,24807,35196,0,0,60003,-17.31,-21.44,31.0,4.4,49.6,11.1,0.6,0.1
CA-05,house,CA,06027,3134,3130,0,0,6264,0.07,-2.99,63.3,0.5,19.6,1.5,10.5,0.1
CA-05,house,CA,06039,11264,17976,0,0,29240,-22.96,-27.44,35.9,3.1,53.9,2.5,1.1,0.1
CA-05,house,CA,06043,2732,3928,0,0,6659,-17.96,-21.66,77.9,0.7,10.4,1.7,2.5,0.1
CA-05,house,CA,06051,2638,1608,0,0,4246,24.26,21.11,69.9,0.5,22.6,1.3,1.3,0.2
CA-05,house,CA,06077,1508,3681,0,0,5190,-41.87,-47.28,31.5,7.5,37.9,17.7,0.4,0.7
CA-05,house,CA,06099,38040,48325,0,0,86365,-11.91,-17.53,42.0,2.7,43.6,6.3,0.5,0.7
CA-05,house,CA,06109,8221,11955,0,0,20176,-18.5,-22.41,77.8,2.1,11.4,1.4,1.4,0.2
CA-06,house,CA,06061,42889,42599,0,0,85488,0.34,-4.53,70.8,1.6,12.9,8.5,0.5,0.2
CA-06,house,CA,06067,81519,52923,0,0,134442,21.27,15.03,44.7,9.1,21.1,17.4,0.5,1.1
CA-06,house,CA,06113,10074,5437,0,0,15511,29.89,23.39,46.7,2.7,29.9,14.6,0.5,0.5
CA-07,house,CA,06017,53559,0,0,0,53559,100.0,-17.6,76.4,0.8,11.8,4.6,0.7,0.1
CA-07,house,CA,06067,175483,0,0,0,175483,100.0,29.03,44.7,9.1,21.1,17.4,0.5,1.1
CA-07,house,CA,06077,13792,0,0,0,13792,100.0,-30.47,31.5,7.5,37.9,17.7,0.4,0.7
CA-08,house,CA,06001,378,8,0,0,386,95.68,81.99,30.6,9.8,21.4,32.3,0.2,0.8
CA-08,house,CA,06013,64328,8323,0,0,72651,77.09,61.14,42.4,8.5,24.4,18.8,0.2,0.5
CA-08,house,CA,06067,457,392,0,0,849,7.63,-6.85,44.7,9.1,21.1,17.4,0.5,1.1
CA-08,house,CA,06077,3366,4007,0,0,7372,-8.7,-22.65,31.5,7.5,37.9,17.7,0.4,0.7
CA-08,house,CA,06095,92015,40529,0,0,132544,38.85,23.71,37.4,13.6,25.0,16.7,0.4,0.9
CA-08,house,CA,06113,4084,757,0,0,4841,68.72,55.23,46.7,2.7,29.9,14.6,0.5,0.5
CA-09,house,CA,06013,42131,12994,0,0,55125,52.86,32.31,42.4,8.5,24.4,18.8,0.2,0.5
CA-09,house,CA,06077,82341,50474,0,0,132815,23.99,3.25,31.5,7.5,37.9,17.7,0.4,0.7
CA-10,house,CA,06001,17367,5546,0,0,22913,51.59,40.62,30.6,9.8,21.4,32.3,0.2,0.8
CA-10,house,CA,06013,173890,67677,0,0,241567,43.97,34.33,42.4,8.5,24.4,18.8,0.2,0.5
CA-11,house,CA,06075,252827,0,0,0,252827,100.0,70.57,40.6,5.1,14.6,34.3,0.2,0.4
CA-12,house,CA,06001,222860,0,0,0,222860,100.0,77.61,30.6,9.8,21.4,32.3,0.2,0.8
CA-13,house,CA,06019,3628,2207,0,0,5835,24.36,-5.93,31.0,4.4,49.6,11.1,0.6,0.1
CA-13,house,CA,06039,5274,3277,0,0,8551,23.36,-0.61,35.9,3.1,53.9,2.5,1.1,0.1
CA-13,house,CA,06047,34658,24004,0,0,58662,18.16,-4.21,28.3,3.2,57.2,7.6,0.5,0.2
CA-13,house,CA,06077,15249,6561,0,0,21809,39.84,14.7,31.5,7.5,37.9,17.7,0.4,0.7
CA-13,house,CA,06099,30977,19735,0,0,50712,22.17,-0.72,42.0,2.7,43.6,6.3,0.5,0.7
CA-14,house,CA,06001,199910,0,0,0,199910,100.0,36.21,30.6,9.8,21.4,32.3,0.2,0.8
CA-15,house,CA,06075,22556,6623,0,0,29179,54.6,41.66,40.6,5.1,14.6,34.3,0.2,0.4
CA-15,house,CA,06081,148513,36197,0,0,184710,60.81,50.95,38.2,2.1,23.1,30.8,0.1,1.1
CA-16,house,CA,06081,40011,6879,0,0,46889,70.66,56.43,38.2,2.1,23.1,30.8,0.1,1.1
CA-16,house,CA,06085,155881,35304,0,0,191186,63.07,48.29,31.1,2.3,23.1,39.5,0.2,0.3
CA-17,house,CA,06001,17169,6181,0,0,23350,47.06,36.39,30.6,9.8,21.4,32.3,0.2,0.8
CA-17,house,CA,06085,122230,39386,0,0,161616,51.26,41.42,31.1,2.3,23.1,39.5,0.2,0.3
CA-18,house,CA,06019,1263,1340,0,0,2603,-2.97,-18.61,31.0,4.4,49.6,11.1,0.6,0.1
CA-18,house,CA,06031,2292,1609,0,0,3901,17.52,-6.55,32.4,6.1,52.9,4.1,1.1,0.2
CA-18,house,CA,06053,32397,13183,0,0,45579,42.16,23.89,31.9,2.4,54.9,6.5,0.3,0.5
CA-18,house,CA,06069,12193,6795,0,0,18988,28.43,12.93,34.8,0.8,56.8,3.8,0.4,0.2
CA-18,house,CA,06085,62012,19840,0,0,81852,51.52,35.74,31.1,2.3,23.1,39.5,0.2,0.3
CA-18,house,CA,06087,10681,2610,0,0,13290,60.73,42.92,57.6,1.2,30.9,5.0,0.3,0.1
CA-19,house,CA,06053,42824,13447,0,0,56271,52.21,36.55,31.9,2.4,54.9,6.5,0.3,0.5
CA-19,house,CA,06079,20427,17550,0,0,37977,7.58,-7.38,68.4,1.7,20.7,3.8,0.4,0.1
CA-19,house,CA,06085,66820,22111,0,0,88931,50.27,32.74,31.1,2.3,23.1,39.5,0.2,0.3
CA-19,house,CA,06087,70095,10210,0,0,80304,74.57,58.95,57.6,1.2,30.9,5.0,0.3,0.1
CA-20,house,CA,06019,7924,13257,0,0,21181,-25.18,-30.74,31.0,4.4,49.6,11.1,0.6,0.1
CA-20,house,CA,06029,42284,78315,0,0,120600,-29.88,-35.33,34.7,5.3,50.5,5.4,0.6,0.1
CA-20,house,CA,06031,8166,13220,0,0,21387,-23.63,-30.17,32.4,6.1,52.9,4.1,1.1,0.2
CA-20,house,CA,06107,22358,35278,0,0,57636,-22.42,-29.39,30.7,1.2,60.8,3.8,0.8,0.1
CA-21,house,CA,06019,74697,44203,0,0,118900,25.65,9.08,31.0,4.4,49.6,11.1,0.6,0.1
CA-21,house,CA,06107,11919,10443,0,0,22362,6.6,-10.72,30.7,1.2,60.8,3.8,0.8,0.1
CA-22,house,CA,06019,11626,10904,0,0,22530,3.21,-5.92,31.0,4.4,49.6,11.1,0.6,0.1
CA-22,house,CA,06029,41011,32464,0,0,73475,11.63,0.68,34.7,5.3,50.5,5.4,0.6,0.1
CA-22,house,CA,06031,3493,3202,0,0,6695,4.34,-5.3,32.4,6.1,52.9,4.1,1.1,0.2
CA-22,house,CA,06039,95,157,0,0,252,-24.78,-32.58,35.9,3.1,53.9,2.5,1.1,0.1
CA-22,house,CA,06107,8649,8211,0,0,16860,2.6,-7.21,30.7,1.2,60.8,3.8,0.8,0.1
CA-23,house,CA,06029,1753,2276,0,0,4029,-12.98,-16.24,34.7,5.3,50.5,5.4,0.6,0.1
CA-23,house,CA,06037,1655,1625,0,0,3280,0.91,-5.5,28.0,7.8,44.8,15.8,0.2,0.2
CA-23,house,CA,06065,5249,8036,0,0,13286,-20.98,-26.1,36.6,6.2,45.6,7.4,0.5,0.3
CA-23,house,CA,06071,73961,99038,0,0,172999,-14.5,-19.37,29.2,8.0,50.0,8.8,0.4,0.3
CA-24,house,CA,06079,45294,22427,0,0,67722,33.77,21.69,68.4,1.7,20.7,3.8,0.4,0.1
CA-24,house,CA,06083,91023,38501,0,0,129524,40.55,27.53,45.9,1.6,41.7,6.5,0.4,0.1
CA-24,house,CA,06111,33860,14850,0,0,48709,39.03,26.84,46.8,1.7,39.3,8.0,0.3,0.2
CA-25,house,CA,06025,22039,14786,0,0,36825,19.7,-0.83,10.8,2.6,83.0,1.5,0.9,0.1
CA-25,house,CA,06065,87734,56121,0,0,143855,21.98,7.83,36.6,6.2,45.6,7.4,0.5,0.3
CA-25,house,CA,06071,5061,3316,0,0,8377,20.83,14.13,29.2,8.0,50.0,8.8,0.4,0.3
CA-26,house,CA,06037,40378,25683,0,0,66061,22.24,10.47,28.0,7.8,44.8,15.8,0.2,0.2
CA-26,house,CA,06111,112907,61394,0,0,174301,29.55,17.84,46.8,1.7,39.3,8.0,0.3,0.2
CA-27,house,CA,06037,133214,74035,0,0,207249,28.55,10.0,28.0,7.8,44.8,15.8,0.2,0.2
CA-28,house,CA,06037,137669,44916,0,0,182585,50.8,35.39,28.0,7.8,44.8,15.8,0.2,0.2
CA-28,house,CA,06071,24173,21985,0,0,46158,4.74,-9.9,29.2,8.0,50.0,8.8,0.4,0.3
CA-29,house,CA,06037,167318,0,0,0,167318,100.0,34.7,28.0,7.8,44.8,15.8,0.2,0.2
CA-30,house,CA,06037,183362,55689,0,0,239051,53.41,41.3,28.0,7.8,44.8,15.8,0.2,0.2
CA-31,house,CA,06037,103898,69865,0,0,173763,19.59,14.65,28.0,7.8,44.8,15.8,0.2,0.2
CA-31,house,CA,06071,16365,14220,0,0,30585,7.01,1.34,29.2,8.0,50.0,8.8,0.4,0.3
CA-32,house,CA,06037,151659,52664,0,0,204323,48.45,32.78,28.0,7.8,44.8,15.8,0.2,0.2
CA-32,house,CA,06111,25979,21468,0,0,47447,9.51,-4.28,46.8,1.7,39.3,8.0,0.3,0.2
CA-33,house,CA,06065,2018,1190,0,0,3208,25.81,6.63,36.6,6.2,45.6,7.4,0.5,0.3
CA-33,house,CA,06071,111081,59579,0,0,170660,30.18,10.19,29.2,8.0,50.0,8.8,0.4,0.3
CA-34,house,CA,06037,150165,0,0,0,150165,100.0,53.13,28.0,7.8,44.8,15.8,0.2,0.2
CA-35,house,CA,06037,22357,7386,0,0,29743,50.33,31.41,28.0,7.8,44.8,15.8,0.2,0.2
CA-35,house,CA,06065,24639,20159,0,0,44799,10.0,-9.21,36.6,6.2,45.6,7.4,0.5,0.3
CA-35,house,CA,06071,69666,38067,0,0,107734,29.33,8.65,29.2,8.0,50.0,8.8,0.4,0.3
CA-36,house,CA,06037,206207,63718,0,0,269925,52.79,40.49,28.0,7.8,44.8,15.8,0.2,0.2
CA-37,house,CA,06037,164586,0,0,0,164586,100.0,62.22,28.0,7.8,44.8,15.8,0.2,0.2
CA-38,house,CA,06037,93697,40904,0,0,134601,39.22,22.96,28.0,7.8,44.8,15.8,0.2,0.2
CA-38,house,CA,06059,23289,25295,0,0,48584,-4.13,-15.39,40.6,1.6,31.1,22.6,0.2,0.2
CA-39,house,CA,06065,104537,60048,0,0,164585,27.03,9.66,36.6,6.2,45.6,7.4,0.5,0.3
CA-40,house,CA,06059,0,95661,0,0,95661,-100.0,-6.09,40.6,1.6,31.1,22.6,0.2,0.2
CA-40,house,CA,06065,0,171077,0,0,171077,-100.0,-16.25,36.6,6.2,45.6,7.4,0.5,0.3
CA-41,house,CA,06037,117565,54237,0,0,171802,36.86,18.03,28.0,7.8,44.8,15.8,0.2,0.2
CA-41,house,CA,06059,26952,18800,0,0,45752,17.82,1.63,40.6,1.6,31.1,22.6,0.2,0.2
CA-42,house,CA,06037,73246,19038,0,0,92284,58.74,44.39,28.0,7.8,44.8,15.8,0.2,0.2
CA-42,house,CA,06059,83354,69121,0,0,152475,9.34,-5.0,40.6,1.6,31.1,22.6,0.2,0.2
CA-43,house,CA,06037,129144,27229,0,0,156373,65.17,50.61,28.0,7.8,44.8,15.8,0.2,0.2
CA-44,house,CA,06037,123533,30299,0,0,153832,60.61,36.35,28.0,7.8,44.8,15.8,0.2,0.2
CA-45,house,CA,06037,29757,12642,0,0,42399,40.37,20.6,28.0,7.8,44.8,15.8,0.2,0.2
CA-45,house,CA,06059,98785,69046,0,0,167831,17.72,-0.05,40.6,1.6,31.1,22.6,0.2,0.2
CA-46,house,CA,06059,112372,46899,0,0,159271,41.11,16.64,40.6,1.6,31.1,22.6,0.2,0.2
CA-47,house,CA,06059,155514,94914,0,0,250428,24.2,10.48,40.6,1.6,31.1,22.6,0.2,0.2
CA-48,house,CA,06065,61957,54006,0,0,115963,6.86,-0.96,36.6,6.2,45.6,7.4,0.5,0.3
CA-48,house,CA,06073,66139,47536,0,0,113675,16.37,7.92,46.4,4.5,30.9,12.7,0.4,0.4
CA-49,house,CA,06059,25991,25605,0,0,51596,0.75,-10.53,40.6,1.6,31.1,22.6,0.2,0.2
CA-49,house,CA,06073,142071,78164,0,0,220235,29.02,17.88,46.4,4.5,30.9,12.7,0.4,0.4
CA-50,house,CA,06073,166453,93773,0,0,260226,27.93,18.83,46.4,4.5,30.9,12.7,0.4,0.4
CA-51,house,CA,06073,160766,88181,0,0,248947,29.16,18.7,46.4,4.5,30.9,12.7,0.4,0.4
CA-52,house,CA,06073,134958,55919,0,0,190877,41.41,18.29,46.4,4.5,30.9,12.7,0.4,0.4
CO-01,house,CO,08005,1936,417,85,85,2523,64.54,49.74,60.1,10.0,18.2,6.5,0.4,0.2
CO-01,house,CO,08031,204638,32223,8532,8531,253924,72.79,57.72,58.7,8.0,24.5,3.9,0.5,0.2
CO-02,house,CO,08013,113842,18266,5004,0,137112,72.35,57.3,76.8,1.0,12.5,5.1,0.3,0.1
CO-02,house,CO,08019,2684,1422,156,0,4262,30.72,17.11,87.8,0.4,6.2,0.9,0.4,0.1
CO-02,house,CO,08037,10506,4661,575,0,15742,38.54,22.49,68.6,0.6,26.8,1.4,0.2,0.1
CO-02,house,CO,08047,1766,1014,105,0,2884,27.06,13.18,86.0,0.6,6.0,1.5,0.7,0.1
CO-02,house,CO,08049,3768,2883,252,0,6903,13.31,-0.83,87.5,0.4,8.0,0.6,0.3,0.1
CO-02,house,CO,08057,162,399,21,0,582,-42.15,-57.13,86.3,0.0,7.7,0.2,1.1,0.0
CO-02,house,CO,08059,599,297,34,0,930,33.76,22.15,77.3,1.1,13.8,3.1,0.5,0.1
CO-02,house,CO,08069,69529,26429,3635,0,99593,44.92,30.88,81.2,1.0,10.6,2.4,0.4,0.1
CO-02,house,CO,08107,7862,3130,416,0,11409,43.05,28.53,87.4,0.6,7.4,0.7,0.3,0.2
CO-02,house,CO,08117,9061,2746,447,0,12254,53.48,38.33,79.6,0.8,14.5,1.4,0.2,0.1
CO-02,house,CO,08123,6623,3671,390,0,10684,28.68,15.27,66.4,1.2,26.5,1.8,0.4,0.1
CO-03,house,CO,08003,2624,2472,173,0,5269,2.99,-11.14,49.3,1.5,43.4,0.9,1.4,0.1
CO-03,house,CO,08007,3030,3303,215,0,6548,-4.31,-14.4,79.4,0.3,13.7,0.7,1.2,0.0
CO-03,house,CO,08021,1332,1446,94,0,2873,-4.1,-18.34,45.4,0.1,51.6,0.3,0.6,0.0
CO-03,house,CO,08023,914,493,48,0,1455,29.92,15.21,38.7,0.8,54.3,1.8,1.0,0.0
CO-03,house,CO,08029,4859,8325,447,0,13631,-26.28,-36.45,82.3,0.4,11.7,0.7,0.4,0.0
CO-03,house,CO,08033,276,684,33,0,993,-42.5,-53.6,85.3,0.7,6.0,0.3,1.7,0.2
CO-03,house,CO,08037,2643,921,121,0,3685,48.33,36.1,68.6,0.6,26.8,1.4,0.2,0.1
CO-03,house,CO,08045,11590,8969,697,0,21256,12.74,2.14,67.1,0.5,27.4,0.7,0.5,0.1
CO-03,house,CO,08051,5224,2181,251,0,7656,41.09,30.24,86.1,0.4,8.0,0.7,0.4,0.0
CO-03,house,CO,08053,199,212,14,0,425,-3.06,-12.73,90.7,0.5,3.8,0.3,0.9,0.0
CO-03,house,CO,08055,1558,1449,102,0,3108,3.62,-8.84,66.0,0.7,27.4,0.4,1.0,0.0
CO-03,house,CO,08067,15658,8498,819,0,24975,29.64,19.17,78.8,0.3,11.0,0.7,4.7,0.0
CO-03,house,CO,08071,2582,2693,179,0,5454,-2.1,-13.83,58.0,1.3,35.9,0.7,1.0,0.1
CO-03,house,CO,08077,26251,35764,2103,0,64117,-15.34,-24.9,80.2,0.6,12.8,1.1,0.6,0.1
CO-03,house,CO,08079,247,262,17,0,527,-2.89,-13.62,91.3,0.0,4.3,0.4,0.5,0.0
CO-03,house,CO,08081,1047,3469,153,0,4669,-53.62,-64.23,80.5,0.6,13.6,0.4,0.9,0.0
CO-03,house,CO,08083,4543,5704,347,0,10594,-11.32,-21.53,74.2,0.2,10.0,0.5,10.5,0.1
CO-03,house,CO,08085,6629,10716,588,0,17934,-23.56,-33.32,76.7,0.3,17.8,0.8,0.6,0.0
CO-03,house,CO,08089,2569,3473,205,0,6247,-14.96,-27.13,57.4,0.8,37.3,0.6,0.7,0.1
CO-03,house,CO,08091,1829,945,94,0,2868,31.88,21.64,90.0,0.4,5.0,0.5,0.4,0.0
CO-03,house,CO,08097,5974,1584,256,0,7815,58.08,45.22,84.3,0.6,10.1,1.8,0.2,0.0
CO-03,house,CO,08101,31002,26609,1954,0,59565,7.63,-5.25,54.6,1.8,38.0,1.0,0.8,0.1
CO-03,house,CO,08103,564,1936,85,0,2584,-54.89,-64.86,85.9,0.5,7.9,0.4,0.8,0.0
CO-03,house,CO,08105,1857,2336,142,0,4335,-11.43,-23.76,57.6,0.5,37.0,0.3,1.0,0.0
CO-03,house,CO,08109,1352,950,78,0,2380,17.49,3.87,60.4,0.3,33.4,1.0,1.3,0.0
CO-03,house,CO,08111,282,116,14,0,412,41.59,33.33,85.5,0.0,9.3,0.0,0.3,0.0
CO-03,house,CO,08113,2643,608,110,0,3361,62.62,50.72,85.4,0.3,9.2,0.8,0.6,0.0
CO-04,house,CO,08001,1731,3432,180,0,5343,-32.94,-49.56,50.6,3.1,37.5,4.5,0.6,0.2
CO-04,house,CO,08005,8396,6301,513,0,15209,14.25,-2.9,60.1,10.0,18.2,6.5,0.4,0.2
CO-04,house,CO,08009,308,1047,47,0,1402,-54.52,-71.95,85.3,0.5,8.2,0.3,1.1,0.0
CO-04,house,CO,08011,584,896,52,0,1531,-21.1,-39.75,60.2,5.1,29.4,0.8,1.9,0.0
CO-04,house,CO,08017,139,575,25,0,738,-61.15,-79.19,87.3,0.1,9.3,0.2,0.0,0.0
CO-04,house,CO,08025,393,760,40,0,1193,-31.89,-48.94,58.2,9.5,26.1,1.3,2.9,0.0
CO-04,house,CO,08035,88601,73951,5669,0,168221,9.01,-7.32,80.2,1.4,8.3,5.5,0.3,0.1
CO-04,house,CO,08039,4468,9337,481,0,14286,-35.27,-52.27,87.1,0.5,6.7,0.7,0.5,0.1
CO-04,house,CO,08041,898,2588,122,0,3608,-48.49,-65.65,69.3,5.6,15.4,3.2,0.5,0.4
CO-04,house,CO,08061,119,464,20,0,604,-59.12,-75.89,88.8,0.3,5.2,0.8,0.0,0.1
CO-04,house,CO,08063,607,1893,87,0,2587,-51.42,-69.44,79.1,0.3,16.3,0.5,0.3,0.1
CO-04,house,CO,08069,26427,20485,1636,0,48548,12.66,-2.55,81.2,1.0,10.6,2.4,0.4,0.1
CO-04,house,CO,08073,452,1287,61,0,1799,-48.04,-65.74,74.4,6.1,13.4,0.7,1.3,0.3
CO-04,house,CO,08075,2043,4829,240,0,7112,-40.53,-57.84,77.2,3.9,14.8,0.6,0.9,0.1
CO-04,house,CO,08087,3147,5955,317,0,9419,-30.85,-49.84,61.5,2.9,32.2,0.6,0.4,0.0
CO-04,house,CO,08095,430,1162,56,0,1648,-45.95,-64.17,74.9,0.2,22.3,0.6,0.3,0.0
CO-04,house,CO,08099,1161,2317,121,0,3599,-33.24,-51.5,61.3,0.8,33.5,0.3,1.0,0.1
CO-04,house,CO,08115,274,644,32,0,950,-40.3,-57.48,83.4,0.2,12.2,0.6,0.5,0.0
CO-04,house,CO,08121,391,1506,66,0,1963,-58.8,-76.2,86.3,0.6,9.0,0.3,0.2,0.3
CO-04,house,CO,08123,11308,17759,1014,0,30081,-22.2,-38.53,66.4,1.2,26.5,1.8,0.4,0.1
CO-04,house,CO,08125,791,2361,110,0,3262,-49.82,-66.79,74.1,0.2,23.3,0.3,0.2,0.0
CO-05,house,CO,08041,119768,131025,1314,10724,262831,-4.49,-9.32,69.3,5.6,15.4,3.2,0.5,0.4
CO-06,house,CO,08001,7700,2314,400,400,10815,53.78,35.71,50.6,3.1,37.5,4.5,0.6,0.2
CO-06,house,CO,08005,134023,60505,7773,7772,210073,37.79,22.06,60.1,10.0,18.2,6.5,0.4,0.2
CO-06,house,CO,08031,1113,186,52,52,1403,71.4,56.56,58.7,8.0,24.5,3.9,0.5,0.2
CO-06,house,CO,08035,1255,937,88,88,2368,14.5,3.8,80.2,1.4,8.3,5.5,0.3,0.1
CO-06,house,CO,08059,14875,10683,1021,1021,27600,16.4,2.29,77.3,1.1,13.8,3.1,0.5,0.1
CO-07,house,CO,08001,788,277,43,43,1151,47.99,30.04,50.6,3.1,37.5,4.5,0.6,0.2
CO-07,house,CO,08014,22060,8248,1225,1225,32758,45.57,29.35,75.4,1.3,11.7,6.9,0.3,0.1
CO-07,house,CO,08015,6008,3323,377,377,10086,28.77,13.96,84.2,1.6,8.8,0.7,0.7,0.1
CO-07,house,CO,08027,998,1505,101,101,2704,-20.27,-36.99,90.6,0.3,3.5,0.5,0.9,0.0
CO-07,house,CO,08031,148,59,8,8,223,43.1,25.4,58.7,8.0,24.5,3.9,0.5,0.2
CO-07,house,CO,08041,159,119,11,11,300,14.59,-1.19,69.3,5.6,15.4,3.2,0.5,0.4
CO-07,house,CO,08043,6357,10123,666,666,17812,-22.85,-39.4,77.8,4.3,11.6,0.7,1.6,0.1
CO-07,house,CO,08059,143862,63766,8393,8393,224414,38.58,22.2,77.3,1.1,13.8,3.1,0.5,0.1
CO-07,house,CO,08065,1707,824,102,102,2736,34.87,17.09,62.7,0.5,31.1,0.9,0.6,0.1
CO-07,house,CO,08093,3877,3919,315,315,8426,-0.53,-17.03,87.4,0.5,5.9,0.6,0.7,0.1
CO-07,house,CO,08119,4249,6322,427,427,11426,-19.61,-36.37,87.0,0.6,5.8,0.8,0.5,0.0
CO-08,house,CO,08001,84544,56339,5444,0,146326,20.02,9.31,50.6,3.1,37.5,4.5,0.6,0.2
CO-08,house,CO,08069,4498,4713,356,0,9567,-2.34,-9.85,81.2,1.0,10.6,2.4,0.4,0.1
CO-08,house,CO,08123,36994,45091,3172,0,85256,-9.86,-20.15,66.4,1.2,26.5,1.8,0.4,0.1
CT-01,house,CT,09003,138882,63748,4262,0,206892,37.08,26.37,61.9,12.8,16.1,5.6,0.1,0.0
CT-01,house,CT,09005,7471,7824,322,0,15617,-2.31,-11.39,86.4,1.5,6.3,1.8,0.1,0.0
CT-01,house,CT,09007,11433,6461,376,0,18270,27.78,17.62,82.6,4.7,6.0,3.0,0.1,0.0
CT-02,house,CT,09003,20600,12223,0,0,32823,25.52,8.97,61.9,12.8,16.1,5.6,0.1,0.0
CT-02,house,CT,09007,23542,13859,0,0,37400,25.89,9.66,82.6,4.7,6.0,3.0,0.1,0.0
CT-02,house,CT,09009,5900,2520,0,0,8419,40.15,24.69,63.1,12.2,16.8,4.3,0.2,0.0
CT-02,house,CT,09011,62328,34041,0,0,96369,29.35,12.83,75.9,5.2,9.6,4.0,0.7,0.1
CT-02,house,CT,09013,35696,21434,0,0,57130,24.96,8.16,81.7,3.4,5.5,5.7,0.1,0.0
CT-02,house,CT,09015,21356,18515,0,0,39870,7.13,-10.43,81.8,1.8,10.2,1.8,0.3,0.0
CT-03,house,CT,09001,18178,11288,623,0,30089,23.38,7.12,60.6,10.4,19.4,5.3,0.1,0.0
CT-03,house,CT,09007,8192,4189,262,0,12643,32.33,16.58,82.6,4.7,6.0,3.0,0.1,0.0
CT-03,house,CT,09009,126690,65937,4071,0,196698,31.54,15.27,63.1,12.2,16.8,4.3,0.2,0.0
CT-04,house,CT,09001,156583,69898,4410,0,230891,38.27,25.24,60.6,10.4,19.4,5.3,0.1,0.0
CT-04,house,CT,09009,2635,3281,115,0,6031,-10.91,-21.59,63.1,12.2,16.8,4.3,0.2,0.0
CT-05,house,CT,09001,32641,23311,0,0,55951,16.67,5.07,60.6,10.4,19.4,5.3,0.1,0.0
CT-05,house,CT,09003,39518,21329,0,0,60847,29.89,18.84,61.9,12.8,16.1,5.6,0.1,0.0
CT-05,house,CT,09005,30145,28214,0,0,58359,3.31,-7.29,86.4,1.5,6.3,1.8,0.1,0.0
CT-05,house,CT,09009,38844,27994,0,0,66838,16.23,4.63,63.1,12.2,16.8,4.3,0.2,0.0
DE-01,house,DE,10001,36928,24720,0,0,61649,19.8,1.98,60.8,24.6,6.4,2.5,0.5,0.1
DE-01,house,DE,10003,146069,46600,0,0,192669,51.63,32.96,56.7,24.1,9.4,6.0,0.2,0.0
DE-01,house,DE,10005,54634,48590,0,0,103224,5.86,-11.22,76.9,9.6,8.6,1.3,0.3,0.0
FL-01,house,FL,12033,48842,63089,2530,0,114460,-12.73,-19.75,65.8,19.3,5.8,3.2,0.7,0.1
FL-01,house,FL,12091,24801,53396,1767,0,79965,-36.57,-42.92,72.1,8.7,9.0,3.5,0.4,0.2
FL-01,house,FL,12113,21378,55920,1747,0,79045,-44.69,-51.44,80.2,6.0,5.5,2.2,0.6,0.2
FL-01,house,FL,12131,5179,16684,494,0,22357,-52.62,-59.95,82.7,4.4,6.8,1.2,0.6,0.1
FL-02,house,FL,12005,21406,47313,0,0,68719,-37.7,-47.88,75.9,9.5,6.8,2.4,0.5,0.1
FL-02,house,FL,12013,975,3537,0,0,4512,-56.78,-68.03,77.1,13.1,4.3,0.4,0.7,0.0
FL-02,house,FL,12037,1586,3164,0,0,4750,-33.23,-44.19,80.0,11.8,4.8,0.2,0.3,0.0
FL-02,house,FL,12039,10895,4447,0,0,15342,42.03,30.92,36.0,51.4,9.7,0.4,0.2,0.0
FL-02,house,FL,12045,1708,4400,0,0,6108,-44.07,-54.47,79.9,12.3,3.5,0.3,0.6,0.0
FL-02,house,FL,12059,936,5459,0,0,6395,-70.72,-80.56,85.6,6.9,3.2,0.5,0.7,0.1
FL-02,house,FL,12063,5045,10463,0,0,15508,-34.94,-46.35,66.0,25.6,4.2,0.6,0.4,0.0
FL-02,house,FL,12065,2802,3169,0,0,5971,-6.14,-18.74,62.0,30.7,4.0,0.3,0.3,0.0
FL-02,house,FL,12067,51,308,0,0,359,-71.67,-81.85,74.3,13.7,9.9,0.1,0.2,0.0
FL-02,house,FL,12073,73396,36949,0,0,110346,33.03,22.03,56.7,28.3,7.5,3.5,0.2,0.1
FL-02,house,FL,12077,538,1910,0,0,2448,-56.02,-67.32,70.9,19.0,6.3,0.3,0.8,0.0
FL-02,house,FL,12079,2670,3753,0,0,6423,-16.86,-29.03,58.3,33.9,4.7,0.3,0.3,0.0
FL-02,house,FL,12123,1794,5223,0,0,7017,-48.86,-59.96,72.9,18.8,3.9,1.0,0.5,0.0
FL-02,house,FL,12129,4579,9369,0,0,13947,-34.34,-44.72,77.3,13.1,4.5,0.6,0.5,0.1
FL-02,house,FL,12131,3487,9022,0,0,12509,-44.24,-55.16,82.7,4.4,6.8,1.2,0.6,0.1
FL-02,house,FL,12133,1991,6849,0,0,8840,-54.95,-65.79,78.0,13.4,3.2,0.5,0.9,0.1
FL-03,house,FL,12001,60056,34381,1644,0,96081,27.19,21.29,60.7,16.6,11.6,6.6,0.2,0.0
FL-03,house,FL,12003,1671,8672,180,0,10523,-67.7,-73.41,78.8,14.1,3.3,0.5,0.4,0.1
FL-03,house,FL,12007,2327,7283,167,0,9778,-51.57,-57.51,72.2,19.7,4.8,0.5,0.2,0.0
FL-03,house,FL,12023,6422,16782,403,0,23608,-44.65,-50.54,72.7,15.7,6.5,1.3,0.3,0.0
FL-03,house,FL,12029,989,4636,98,0,5722,-64.84,-70.8,82.5,9.9,3.8,0.4,0.4,0.0
FL-03,house,FL,12041,1370,6019,128,0,7518,-62.91,-68.62,84.5,4.5,6.5,0.4,0.3,0.0
FL-03,house,FL,12047,1335,2626,69,0,4030,-32.61,-39.31,56.8,31.6,8.7,0.3,0.3,0.0
FL-03,house,FL,12067,343,1900,39,0,2282,-69.38,-75.54,74.3,13.7,9.9,0.1,0.2,0.0
FL-03,house,FL,12075,4653,12188,293,0,17134,-44.74,-50.54,79.4,7.8,7.9,0.7,0.3,0.0
FL-03,house,FL,12083,33662,48990,1438,0,84089,-18.55,-24.83,71.2,10.3,13.0,1.6,0.3,0.0
FL-03,house,FL,12121,3364,11761,263,0,15389,-55.51,-61.27,75.2,11.2,9.4,0.6,0.4,0.0
FL-03,house,FL,12125,794,3510,75,0,4378,-63.12,-68.65,70.7,21.6,4.7,0.2,0.3,0.0
FL-04,house,FL,12019,28548,58945,1576,0,89069,-34.74,-39.63,71.2,11.1,9.3,3.3,0.3,0.2
FL-04,house,FL,12031,86671,54706,2547,0,143924,22.61,16.62,52.9,27.1,10.3,5.0,0.2,0.1
FL-04,house,FL,12089,13025,32288,816,0,46129,-42.51,-47.32,85.7,5.4,4.1,1.0,0.2,0.1
FL-05,house,FL,12031,85168,102253,0,0,187421,-9.12,-15.44,52.9,27.1,10.3,5.0,0.2,0.1
FL-05,house,FL,12109,44712,75218,0,0,119930,-25.44,-31.58,81.1,4.5,7.1,3.3,0.2,0.0
FL-06,house,FL,12035,21824,32591,841,841,56098,-19.79,-28.43,75.8,8.6,9.4,2.2,0.2,0.0
FL-06,house,FL,12069,16549,28498,697,697,46440,-26.53,-34.34,69.6,9.0,14.9,2.2,0.3,0.1
FL-06,house,FL,12083,21557,42676,993,993,66219,-32.88,-40.76,71.2,10.3,13.0,1.6,0.3,0.0
FL-06,house,FL,12107,7476,17190,381,381,25428,-39.38,-48.11,72.9,13.9,8.7,0.7,0.4,0.1
FL-06,house,FL,12109,6971,11531,286,286,19074,-24.65,-32.05,81.1,4.5,7.1,3.3,0.2,0.0
FL-06,house,FL,12127,42922,50722,1448,1448,96540,-8.33,-17.22,71.9,9.2,13.1,1.9,0.2,0.0
FL-07,house,FL,12117,96051,78862,3552,0,178465,9.83,-3.6,59.0,10.4,21.0,5.3,0.2,0.1
FL-07,house,FL,12127,52633,66515,2419,0,121567,-11.65,-25.71,71.9,9.2,13.1,1.9,0.2,0.0
FL-08,house,FL,12009,111093,142859,0,0,253952,-12.51,-21.05,74.2,8.6,9.8,2.6,0.3,0.1
FL-08,house,FL,12095,28844,19851,0,0,48695,18.47,8.23,39.9,17.6,31.7,5.6,0.2,0.1
FL-09,house,FL,12043,1212,2501,0,0,3712,-34.72,-53.5,61.6,12.3,22.5,0.3,1.2,0.0
FL-09,house,FL,12055,14082,22359,0,0,36441,-22.71,-40.99,69.5,8.3,17.6,1.6,0.3,0.0
FL-09,house,FL,12061,31427,38249,0,0,69676,-9.79,-27.53,77.6,7.0,10.8,1.4,0.2,0.0
FL-09,house,FL,12093,3672,7601,0,0,11274,-34.85,-54.07,66.6,8.8,20.7,0.8,0.6,0.0
FL-09,house,FL,12095,24789,14668,0,0,39457,25.65,4.97,39.9,17.6,31.7,5.6,0.2,0.1
FL-09,house,FL,12097,57413,41228,0,0,98640,16.41,-5.03,31.3,8.9,52.7,3.1,0.1,0.1
FL-09,house,FL,12105,1275,2405,0,0,3680,-30.71,-48.46,58.5,13.0,23.0,1.9,0.2,0.0
FL-10,house,FL,12095,147396,62545,0,0,209941,40.42,24.25,39.9,17.6,31.7,5.6,0.2,0.1
FL-11,house,FL,12069,49609,61403,1794,0,112805,-10.62,-20.96,69.6,9.0,14.9,2.2,0.3,0.1
FL-11,house,FL,12095,71338,55327,2047,0,128711,12.64,1.46,39.9,17.6,31.7,5.6,0.2,0.1
FL-11,house,FL,12119,26095,46684,1176,0,73954,-28.29,-37.81,86.0,6.0,4.9,0.9,0.2,0.0
FL-12,house,FL,12057,65896,60434,2434,0,128764,4.32,-2.13,49.0,14.6,27.5,4.8,0.2,0.1
FL-12,house,FL,12101,52834,84859,2652,0,140345,-23.26,-27.85,73.2,5.3,14.5,2.9,0.3,0.1
FL-13,house,FL,12101,8536,11963,412,0,20911,-16.72,-27.42,73.2,5.3,14.5,2.9,0.3,0.1
FL-13,house,FL,12103,127687,132675,5232,0,265594,-1.92,-12.35,74.6,8.6,9.3,3.5,0.2,0.1
FL-14,house,FL,12057,145047,122144,5425,0,272616,8.57,-10.61,49.0,14.6,27.5,4.8,0.2,0.1
FL-15,house,FL,12017,20688,48328,0,0,69016,-40.05,-46.17,87.3,2.4,5.1,1.5,0.3,0.0
FL-15,house,FL,12053,26949,50815,0,0,77764,-30.69,-37.33,77.1,4.5,13.1,1.3,0.3,0.0
FL-15,house,FL,12057,46934,24066,0,0,71001,32.21,24.31,49.0,14.6,27.5,4.8,0.2,0.1
FL-15,house,FL,12101,26868,35514,0,0,62382,-13.86,-19.48,73.2,5.3,14.5,2.9,0.3,0.1
FL-16,house,FL,12027,2934,5681,147,0,8763,-31.89,-43.2,59.3,12.8,25.1,0.5,0.3,0.0
FL-16,house,FL,12049,1535,4079,96,0,5710,-45.32,-56.7,51.7,9.3,36.3,0.7,0.2,0.0
FL-16,house,FL,12081,68252,89820,2701,0,160772,-13.64,-23.69,73.0,7.0,14.6,2.1,0.2,0.1
FL-16,house,FL,12103,59566,36943,1649,0,98158,23.44,13.85,74.6,8.6,9.3,3.5,0.2,0.1
FL-16,house,FL,12105,1182,2312,60,0,3553,-32.35,-44.31,58.5,13.0,23.0,1.9,0.2,0.0
FL-16,house,FL,12115,9867,15949,441,0,26258,-23.56,-33.29,83.4,3.3,8.4,1.9,0.2,0.0
FL-17,house,FL,12015,30662,54942,1304,0,86909,-28.36,-34.19,84.6,4.4,6.3,1.3,0.2,0.0
FL-17,house,FL,12071,25490,34990,921,0,61401,-15.71,-22.36,69.3,6.4,19.5,1.7,0.2,0.0
FL-17,house,FL,12115,74875,91735,2537,0,169147,-10.12,-16.0,83.4,3.3,8.4,1.9,0.2,0.0
FL-18,house,FL,12097,13891,8410,383,0,22685,24.58,14.03,31.3,8.9,52.7,3.1,0.1,0.1
FL-18,house,FL,12105,102634,131137,4019,0,237789,-12.19,-20.08,58.5,13.0,23.0,1.9,0.2,0.0
FL-19,house,FL,12021,32185,49021,1237,0,82442,-20.73,-30.55,67.5,5.2,23.6,1.4,0.1,0.0
FL-19,house,FL,12071,84698,126579,3217,0,214495,-19.82,-30.36,69.3,6.4,19.5,1.7,0.2,0.0
FL-20,house,FL,12011,175047,49316,3417,0,227780,56.04,37.33,35.9,25.1,30.5,3.8,0.1,0.0
FL-21,house,FL,12085,24729,43395,1038,0,69162,-27.4,-31.31,79.2,4.3,12.2,1.4,0.1,0.0
FL-21,house,FL,12099,51363,64007,1757,0,117127,-10.96,-15.58,56.6,15.6,21.3,2.9,0.1,0.0
FL-21,house,FL,12111,60950,67121,1950,0,130022,-4.82,-9.13,58.4,17.9,17.8,1.8,0.2,0.0
FL-22,house,FL,12011,68022,47978,0,0,115999,17.28,3.3,35.9,25.1,30.5,3.8,0.1,0.0
FL-22,house,FL,12021,26727,43128,0,0,69856,-23.48,-36.5,67.5,5.2,23.6,1.4,0.1,0.0
FL-22,house,FL,12051,3604,5850,0,0,9453,-23.76,-38.63,33.6,10.1,53.4,0.9,0.4,0.0
FL-22,house,FL,12099,41622,34788,0,0,76411,8.94,-4.62,56.6,15.6,21.3,2.9,0.1,0.0
FL-23,house,FL,12099,159417,78555,0,0,237972,33.98,13.94,56.6,15.6,21.3,2.9,0.1,0.0
FL-24,house,FL,12011,46507,16306,0,0,62813,48.08,30.51,35.9,25.1,30.5,3.8,0.1,0.0
FL-24,house,FL,12086,106559,25606,0,0,132165,61.25,42.93,13.0,13.4,69.9,1.6,0.1,0.0
FL-25,house,FL,12011,54013,47371,1544,0,102929,6.55,-10.9,35.9,25.1,30.5,3.8,0.1,0.0
FL-25,house,FL,12086,38573,29923,1043,0,69539,12.63,-8.32,13.0,13.4,69.9,1.6,0.1,0.0
FL-25,house,FL,12099,50283,41183,1393,0,92859,9.95,-7.99,56.6,15.6,21.3,2.9,0.1,0.0
FL-26,house,FL,12011,59536,43029,1562,0,104128,16.09,7.64,35.9,25.1,30.5,3.8,0.1,0.0
FL-26,house,FL,12086,43777,79156,1872,0,124804,-28.78,-40.17,13.0,13.4,69.9,1.6,0.1,0.0
FL-27,house,FL,12086,114404,122492,0,0,236896,-3.41,-14.63,13.0,13.4,69.9,1.6,0.1,0.0
FL-28,house,FL,12086,86324,115119,3068,0,204511,-14.29,-26.76,13.0,13.4,69.9,1.6,0.1,0.0
FL-28,house,FL,12087,13737,16926,467,0,31130,-10.4,-18.48,69.2,4.8,21.4,1.4,0.2,0.1
GA-01,house,GA,13001,1382,4453,0,0,5835,-52.64,-62.5,72.0,17.4,8.0,0.8,0.2,0.0
GA-01,house,GA,13005,604,2784,0,0,3388,-64.33,-73.3,76.7,13.9,6.6,0.4,0.0,0.0
GA-01,house,GA,13025,784,5168,0,0,5952,-73.65,-82.64,91.5,3.0,1.5,0.3,0.3,0.0
GA-01,house,GA,13029,6178,11079,0,0,17257,-28.4,-36.54,72.4,14.2,6.0,2.4,0.3,0.1
GA-01,house,GA,13039,6798,11678,0,0,18476,-26.42,-35.9,70.3,17.1,5.9,1.6,0.3,0.1
GA-01,house,GA,13049,870,2370,0,0,3240,-46.29,-56.35,58.5,18.1,19.4,1.0,0.3,0.0
GA-01,house,GA,13051,62568,36187,0,0,98755,26.71,18.15,50.8,34.5,7.1,3.8,0.2,0.1
GA-01,house,GA,13103,5396,13048,0,0,18445,-41.49,-48.93,76.6,13.3,4.3,1.1,0.3,0.1
GA-01,house,GA,13127,12715,18024,0,0,30739,-17.27,-26.12,66.7,22.3,6.2,1.4,0.2,0.1
GA-01,house,GA,13179,10289,5827,0,0,16116,27.69,17.55,39.7,41.2,10.9,2.4,0.4,0.6
GA-01,house,GA,13183,1959,2980,0,0,4939,-20.66,-29.59,57.2,25.0,10.9,1.1,0.4,0.5
GA-01,house,GA,13191,2122,3064,0,0,5186,-18.17,-28.73,66.3,28.0,1.8,0.4,0.3,0.0
GA-01,house,GA,13229,1079,5756,0,0,6835,-68.44,-77.65,85.0,7.9,4.0,0.4,0.2,0.0
GA-01,house,GA,13299,3322,6753,0,0,10075,-34.06,-43.29,64.1,28.5,3.6,0.9,0.2,0.1
GA-01,house,GA,13305,2331,7164,0,0,9494,-50.9,-59.94,72.5,19.2,4.8,0.6,0.2,0.0
GA-02,house,GA,13007,508,517,0,0,1024,-0.87,-19.89,54.3,39.8,3.4,0.8,0.0,0.0
GA-02,house,GA,13021,23812,6316,0,0,30127,58.07,39.81,39.7,51.4,3.9,2.1,0.2,0.0
GA-02,house,GA,13037,932,494,0,0,1427,30.72,12.32,33.4,63.2,1.9,0.3,0.2,0.0
GA-02,house,GA,13053,1861,1282,0,0,3143,18.43,5.65,58.5,15.1,16.1,3.6,0.4,0.9
GA-02,house,GA,13061,629,371,0,0,1001,25.78,7.53,43.3,53.8,0.8,0.3,0.0,0.0
GA-02,house,GA,13079,1508,2891,0,0,4400,-31.43,-49.97,73.7,19.2,3.0,0.3,0.5,0.0
GA-02,house,GA,13087,3808,4206,0,0,8014,-4.96,-24.04,51.6,40.1,5.3,0.7,0.2,0.0
GA-02,house,GA,13093,1601,1298,0,0,2898,10.45,-7.73,43.9,48.6,5.4,0.5,0.2,0.0
GA-02,house,GA,13095,18604,4883,0,0,23487,58.42,41.28,27.0,67.3,2.4,0.8,0.2,0.0
GA-02,house,GA,13099,1816,1570,0,0,3386,7.28,-11.48,47.9,48.0,1.4,0.4,0.4,0.0
GA-02,house,GA,13131,2996,4441,0,0,7438,-19.42,-38.36,60.0,27.3,9.3,0.5,0.4,0.0
GA-02,house,GA,13153,8485,4578,0,0,13063,29.91,14.16,55.7,30.7,6.2,3.2,0.2,0.1
GA-02,house,GA,13177,4465,7806,0,0,12271,-27.23,-43.71,70.3,21.6,2.4,2.5,0.2,0.0
GA-02,house,GA,13193,2228,1023,0,0,3251,37.05,17.96,34.0,59.8,3.2,1.3,0.2,0.1
GA-02,house,GA,13197,1109,1404,0,0,2513,-11.73,-30.41,62.2,28.0,5.8,0.8,0.2,0.2
GA-02,house,GA,13201,638,1252,0,0,1890,-32.48,-50.64,68.2,27.8,1.9,0.4,0.2,0.0
GA-02,house,GA,13205,3160,3000,0,0,6160,2.59,-16.37,48.5,45.2,3.6,0.5,0.2,0.0
GA-02,house,GA,13215,34273,11091,0,0,45364,51.1,33.48,41.2,44.7,6.9,2.8,0.2,0.2
GA-02,house,GA,13225,5223,4113,0,0,9336,11.89,-6.05,45.5,42.7,8.1,0.7,0.2,0.0
GA-02,house,GA,13239,409,382,0,0,791,3.33,-15.49,55.5,39.7,1.0,0.4,0.7,0.0
GA-02,house,GA,13243,1304,771,0,0,2075,25.68,7.67,38.6,57.5,1.6,0.4,0.2,0.0
GA-02,house,GA,13249,471,1214,0,0,1685,-44.12,-62.61,75.7,19.0,3.1,0.4,0.0,0.1
GA-02,house,GA,13253,1092,1689,0,0,2781,-21.48,-40.48,64.3,30.5,2.2,0.6,0.1,0.0
GA-02,house,GA,13259,947,460,0,0,1407,34.61,16.3,25.1,43.3,25.9,3.6,0.2,0.1
GA-02,house,GA,13261,5023,3338,0,0,8361,20.16,2.22,42.5,48.5,5.0,1.7,0.1,0.0
GA-02,house,GA,13263,1547,797,0,0,2345,31.98,12.01,44.5,52.1,1.2,0.4,0.1,0.0
GA-02,house,GA,13269,1211,1552,0,0,2763,-12.32,-31.11,60.2,35.4,1.7,0.3,0.3,0.0
GA-02,house,GA,13273,1849,1163,0,0,3012,22.76,4.11,37.6,57.9,1.7,0.7,0.2,0.0
GA-02,house,GA,13275,7220,8102,0,0,15322,-5.76,-24.18,59.2,34.2,2.8,0.9,0.3,0.0
GA-02,house,GA,13307,469,458,0,0,927,1.2,-18.44,50.4,44.3,1.9,0.5,0.0,0.2
GA-03,house,GA,13045,13110,29219,0,0,42329,-38.06,-41.39,70.1,18.2,6.7,0.9,0.2,0.0
GA-03,house,GA,13077,20387,39729,0,0,60116,-32.17,-34.1,70.2,17.0,6.6,2.3,0.2,0.0
GA-03,house,GA,13097,7521,8463,0,0,15984,-5.89,-5.07,38.2,46.5,9.4,1.7,0.2,0.1
GA-03,house,GA,13113,20413,24596,0,0,45009,-9.29,-10.24,60.0,24.1,6.7,5.1,0.2,0.0
GA-03,house,GA,13143,1629,9822,0,0,11451,-71.55,-74.67,90.2,4.4,1.4,0.6,0.2,0.0
GA-03,house,GA,13145,4439,11202,0,0,15641,-43.24,-46.3,75.7,15.5,3.4,1.2,0.3,0.1
GA-03,house,GA,13149,694,3652,0,0,4346,-68.08,-72.26,85.2,8.6,1.8,0.6,0.2,0.0
GA-03,house,GA,13151,5288,3298,0,0,8586,23.19,23.56,38.8,47.1,6.7,3.4,0.2,0.1
GA-03,house,GA,13171,2121,5164,0,0,7286,-41.77,-46.09,67.8,26.6,2.2,0.6,0.1,0.0
GA-03,house,GA,13199,3259,4988,0,0,8248,-20.96,-25.55,60.5,34.6,1.8,0.4,0.3,0.0
GA-03,house,GA,13215,4308,6265,0,0,10573,-18.51,-19.87,41.2,44.7,6.9,2.8,0.2,0.2
GA-03,house,GA,13231,1313,7468,0,0,8781,-70.09,-73.66,86.6,8.2,1.4,0.5,0.2,0.0
GA-03,house,GA,13255,9810,13307,0,0,23116,-15.13,-16.75,58.7,32.3,4.6,1.0,0.2,0.0
GA-03,house,GA,13285,8649,13254,0,0,21903,-21.03,-24.51,57.8,33.4,3.5,2.4,0.2,0.1
GA-03,house,GA,13293,3080,6480,0,0,9559,-35.56,-39.85,67.0,27.6,1.9,0.5,0.2,0.0
GA-04,house,GA,13089,141058,17654,0,0,158712,77.75,64.06,30.3,50.2,9.3,6.5,0.1,0.0
GA-04,house,GA,13135,39586,18161,0,0,57747,37.1,22.85,35.5,26.2,20.7,14.0,0.2,0.0
GA-05,house,GA,13063,36107,2922,0,0,39029,85.03,71.1,10.6,68.9,12.4,4.9,0.2,0.0
GA-05,house,GA,13089,80599,9826,0,0,90425,78.27,65.95,30.3,50.2,9.3,6.5,0.1,0.0
GA-05,house,GA,13121,111671,5289,0,0,116960,90.96,77.6,40.2,41.2,7.3,7.5,0.1,0.0
GA-06,house,GA,13067,74832,20225,0,0,95057,57.45,43.05,51.2,25.8,12.6,5.6,0.2,0.0
GA-06,house,GA,13097,27169,6391,0,0,33560,61.91,49.23,38.2,46.5,9.4,1.7,0.2,0.1
GA-06,house,GA,13113,5557,1667,0,0,7223,53.86,40.79,60.0,24.1,6.7,5.1,0.2,0.0
GA-06,house,GA,13121,109044,18207,0,0,127251,71.38,56.62,40.2,41.2,7.3,7.5,0.1,0.0
GA-07,house,GA,13057,5168,15575,0,0,20743,-50.17,-55.77,77.0,6.3,10.3,2.1,0.2,0.0
GA-07,house,GA,13085,2745,10963,0,0,13709,-59.95,-65.58,89.5,0.7,4.9,0.9,0.3,0.1
GA-07,house,GA,13117,34885,61883,0,0,96768,-27.9,-33.46,67.3,4.1,8.9,16.1,0.1,0.0
GA-07,house,GA,13121,73214,57377,0,0,130591,12.13,5.35,40.2,41.2,7.3,7.5,0.1,0.0
GA-07,house,GA,13139,8169,20111,0,0,28280,-42.23,-47.82,64.2,7.0,23.5,2.2,0.2,0.0
GA-07,house,GA,13187,2821,9646,0,0,12467,-54.74,-62.07,88.2,1.3,4.9,0.8,0.5,0.1
GA-08,house,GA,13003,536,1605,0,0,2141,-49.94,-54.1,61.8,14.8,20.9,0.2,0.4,0.0
GA-08,house,GA,13009,6658,6523,0,0,13181,1.03,-2.22,54.2,39.7,2.3,1.4,0.1,0.1
GA-08,house,GA,13017,1628,2925,0,0,4552,-28.5,-32.13,56.7,34.8,5.0,0.7,0.3,0.0
GA-08,house,GA,13019,934,4716,0,0,5650,-66.93,-69.96,81.7,10.2,4.5,0.5,0.1,0.0
GA-08,house,GA,13021,8517,9520,0,0,18037,-5.56,-6.63,39.7,51.4,3.9,2.1,0.2,0.0
GA-08,house,GA,13023,1000,3233,0,0,4232,-52.76,-55.54,73.2,20.6,3.2,1.3,0.1,0.1
GA-08,house,GA,13027,1947,3102,0,0,5049,-22.88,-26.86,58.7,33.1,5.0,0.5,0.2,0.0
GA-08,house,GA,13065,530,1507,0,0,2036,-47.96,-51.64,67.0,26.7,3.1,0.3,0.4,0.1
GA-08,house,GA,13069,3211,7793,0,0,11004,-41.64,-45.23,59.1,27.4,10.3,0.8,0.2,0.0
GA-08,house,GA,13071,3062,8570,0,0,11632,-47.35,-50.33,60.0,20.9,16.0,0.8,0.2,0.0
GA-08,house,GA,13075,1472,3680,0,0,5152,-42.85,-46.63,64.2,26.9,5.4,0.6,0.2,0.0
GA-08,house,GA,13081,2179,3504,0,0,5683,-23.32,-26.03,53.0,41.1,2.7,0.9,0.1,0.0
GA-08,house,GA,13091,1558,4289,0,0,5847,-46.69,-50.04,65.9,29.3,2.6,0.5,0.1,0.1
GA-08,house,GA,13101,109,898,0,0,1007,-78.26,-82.29,68.5,3.8,24.6,0.1,1.2,0.0
GA-08,house,GA,13153,18062,25833,0,0,43895,-17.7,-19.0,55.7,30.7,6.2,3.2,0.2,0.1
GA-08,house,GA,13155,741,2299,0,0,3041,-51.26,-54.42,66.9,22.0,7.2,1.5,0.1,0.0
GA-08,house,GA,13161,719,3393,0,0,4112,-65.02,-68.46,70.4,15.3,11.4,0.4,0.2,0.0
GA-08,house,GA,13169,3666,7602,0,0,11268,-34.93,-38.16,71.5,24.0,1.4,0.5,0.2,0.0
GA-08,house,GA,13173,744,1872,0,0,2616,-43.12,-46.52,68.4,21.5,5.1,1.0,0.3,0.1
GA-08,house,GA,13185,14274,19192,0,0,33467,-14.69,-18.07,52.9,35.8,5.8,1.7,0.3,0.1
GA-08,house,GA,13207,3500,8897,0,0,12397,-43.53,-46.85,72.0,22.3,2.1,0.9,0.1,0.0
GA-08,house,GA,13235,943,2093,0,0,3036,-37.89,-40.65,62.7,31.4,2.8,0.8,0.1,0.0
GA-08,house,GA,13271,960,1990,0,0,2951,-34.91,-39.39,47.1,34.0,17.2,0.3,0.2,0.0
GA-08,house,GA,13277,3970,7926,0,0,11896,-33.26,-35.77,57.7,27.7,10.6,1.6,0.1,0.0
GA-08,house,GA,13287,1001,1683,0,0,2684,-25.38,-28.57,55.9,38.3,3.7,0.5,0.0,0.0
GA-08,house,GA,13289,1402,1718,0,0,3120,-10.12,-14.72,56.7,38.7,1.2,0.5,0.2,0.0
GA-08,house,GA,13315,632,1712,0,0,2344,-46.05,-49.28,58.4,37.0,2.9,0.5,0.0,0.0
GA-08,house,GA,13319,1477,1959,0,0,3437,-14.03,-17.88,59.3,35.3,2.2,0.2,0.4,0.0
GA-08,house,GA,13321,1703,4815,0,0,6519,-47.74,-50.49,71.4,24.2,1.5,0.4,0.2,0.0
GA-09,house,GA,13011,1007,6357,0,0,7365,-72.64,-78.35,88.3,2.2,5.2,1.1,0.3,0.0
GA-09,house,GA,13111,2294,8974,0,0,11268,-59.29,-65.0,93.1,0.3,2.4,0.4,0.3,0.0
GA-09,house,GA,13123,2738,10199,0,0,12937,-57.67,-62.88,87.3,0.4,8.5,0.5,0.2,0.0
GA-09,house,GA,13135,58525,51636,0,0,110161,6.25,1.5,35.5,26.2,20.7,14.0,0.2,0.0
GA-09,house,GA,13137,3302,12995,0,0,16297,-59.47,-65.17,78.9,4.1,11.5,2.2,0.2,0.0
GA-09,house,GA,13139,13801,29293,0,0,43094,-35.95,-41.58,64.2,7.0,23.5,2.2,0.2,0.0
GA-09,house,GA,13157,8111,24958,0,0,33069,-50.94,-55.41,79.7,6.8,7.5,2.3,0.2,0.1
GA-09,house,GA,13241,1755,5540,0,0,7296,-51.88,-57.16,88.9,0.6,6.7,0.4,0.2,0.0
GA-09,house,GA,13257,1995,7175,0,0,9169,-56.49,-63.12,81.8,10.7,2.7,0.8,0.3,0.0
GA-09,house,GA,13281,1347,4840,0,0,6187,-56.46,-62.54,92.5,1.0,3.1,0.6,0.2,0.0
GA-09,house,GA,13291,2666,9851,0,0,12516,-57.4,-62.79,93.0,0.5,2.7,0.4,0.3,0.0
GA-09,house,GA,13311,2190,9588,0,0,11778,-62.81,-68.84,90.4,1.7,2.7,0.6,0.4,0.0
GA-10,house,GA,13013,9989,20748,0,0,30736,-35.0,-40.71,69.5,12.0,10.8,3.8,0.2,0.0
GA-10,house,GA,13035,2828,6280,0,0,9108,-37.91,-45.34,66.4,27.0,2.7,0.4,0.2,0.0
GA-10,house,GA,13059,27118,9868,0,0,36986,46.64,38.68,60.4,21.8,9.6,4.1,0.2,0.0
GA-10,house,GA,13105,2195,4514,0,0,6709,-34.56,-43.51,66.6,25.7,4.3,0.9,0.2,0.0
GA-10,house,GA,13119,1488,7006,0,0,8494,-64.96,-72.79,84.5,7.8,3.7,1.1,0.2,0.0
GA-10,house,GA,13133,3519,5426,0,0,8945,-21.32,-29.08,63.0,28.3,5.4,0.9,0.2,0.0
GA-10,house,GA,13135,5756,4379,0,0,10134,13.59,9.93,35.5,26.2,20.7,14.0,0.2,0.0
GA-10,house,GA,13141,2156,809,0,0,2965,45.41,35.48,29.7,67.2,0.6,0.5,0.3,0.0
GA-10,house,GA,13147,2685,7341,0,0,10027,-46.44,-55.02,77.1,16.1,2.8,1.2,0.1,0.0
GA-10,house,GA,13151,26565,18053,0,0,44618,19.08,16.44,38.8,47.1,6.7,3.4,0.2,0.1
GA-10,house,GA,13159,1603,4776,0,0,6379,-49.74,-58.59,75.6,17.0,3.6,0.2,0.3,0.0
GA-10,house,GA,13195,3058,8687,0,0,11745,-47.92,-55.06,80.7,9.0,5.2,1.6,0.2,0.0
GA-10,house,GA,13211,2859,6363,0,0,9222,-38.0,-46.15,73.5,20.4,2.8,0.6,0.2,0.0
GA-10,house,GA,13217,7327,9995,0,0,17322,-15.4,-19.69,44.4,45.2,5.4,1.0,0.2,0.1
GA-10,house,GA,13219,6767,12323,0,0,19090,-29.1,-36.25,82.5,4.9,4.6,4.8,0.1,0.0
GA-10,house,GA,13221,2007,4165,0,0,6172,-34.97,-42.65,75.6,15.1,4.6,0.7,0.3,0.0
GA-10,house,GA,13237,2931,6078,0,0,9009,-34.92,-42.39,68.4,22.8,5.8,0.5,0.2,0.0
GA-10,house,GA,13265,383,235,0,0,618,23.83,14.97,39.3,54.2,3.6,0.2,0.2,0.0
GA-10,house,GA,13297,12137,28704,0,0,40841,-40.56,-46.2,73.4,17.0,4.4,1.5,0.2,0.0
GA-10,house,GA,13317,246,427,0,0,674,-26.88,-35.83,54.3,39.2,3.2,0.6,0.2,0.0
GA-11,house,GA,13015,12359,27909,0,0,40269,-38.62,-51.26,76.3,10.3,8.2,1.1,0.3,0.0
GA-11,house,GA,13057,35436,57376,0,0,92812,-23.64,-35.65,77.0,6.3,10.3,2.1,0.2,0.0
GA-11,house,GA,13067,74728,52735,0,0,127463,17.25,5.31,51.2,25.8,12.6,5.6,0.2,0.0
GA-11,house,GA,13129,4767,14552,0,0,19319,-50.65,-63.74,78.4,3.7,12.9,1.3,0.2,0.0
GA-11,house,GA,13227,3403,11234,0,0,14637,-53.5,-66.14,91.9,0.9,2.8,0.6,0.3,0.0
GA-12,house,GA,13031,8664,14197,0,0,22861,-24.2,-29.14,63.6,26.8,4.7,1.6,0.2,0.1
GA-12,house,GA,13033,3740,4009,0,0,7749,-3.48,-9.37,50.9,43.2,2.6,0.4,0.2,0.0
GA-12,house,GA,13043,915,2282,0,0,3198,-42.74,-47.57,63.5,23.7,10.1,0.5,0.2,0.0
GA-12,house,GA,13073,23089,37057,0,0,60146,-23.22,-25.84,66.2,17.5,6.4,4.8,0.2,0.2
GA-12,house,GA,13103,1859,5070,0,0,6929,-46.35,-50.38,76.6,13.3,4.3,1.1,0.3,0.1
GA-12,house,GA,13107,2049,4684,0,0,6734,-39.13,-44.27,63.6,30.5,3.4,0.6,0.2,0.0
GA-12,house,GA,13109,929,2042,0,0,2971,-37.43,-42.53,59.4,28.4,9.0,0.7,0.1,0.1
GA-12,house,GA,13125,121,1049,0,0,1169,-79.37,-84.04,89.6,7.0,1.4,0.3,0.0,0.0
GA-12,house,GA,13163,2737,2487,0,0,5224,4.78,-1.22,45.0,50.3,2.3,0.5,0.2,0.0
GA-12,house,GA,13165,886,1500,0,0,2386,-25.74,-30.57,55.3,39.7,2.8,0.2,0.2,0.1
GA-12,house,GA,13167,823,1966,0,0,2789,-40.98,-46.42,64.1,32.8,1.1,0.4,0.1,0.1
GA-12,house,GA,13175,5874,10473,0,0,16347,-28.14,-32.82,58.9,35.0,2.4,1.1,0.2,0.0
GA-12,house,GA,13181,1045,2407,0,0,3452,-39.44,-44.97,68.8,26.7,0.9,0.3,0.3,0.0
GA-12,house,GA,13189,2954,4422,0,0,7376,-19.89,-25.0,56.3,37.5,3.2,0.4,0.3,0.0
GA-12,house,GA,13209,711,2071,0,0,2781,-48.9,-53.18,66.7,25.4,5.6,0.4,0.1,0.0
GA-12,house,GA,13245,40948,17555,0,0,58503,39.99,36.31,36.3,52.2,5.2,2.2,0.3,0.2
GA-12,house,GA,13251,1939,2905,0,0,4844,-19.95,-25.25,58.6,36.8,1.7,0.4,0.3,0.0
GA-12,house,GA,13267,1522,4437,0,0,5959,-48.93,-53.62,62.4,26.7,8.0,0.6,0.2,0.0
GA-12,house,GA,13279,2061,5578,0,0,7639,-46.04,-50.85,63.2,23.9,9.8,0.8,0.1,0.0
GA-12,house,GA,13283,667,1518,0,0,2185,-38.96,-44.51,66.3,29.6,2.0,0.1,0.3,0.0
GA-12,house,GA,13301,1000,814,0,0,1814,10.27,4.72,41.3,55.6,1.1,0.4,0.2,0.0
GA-12,house,GA,13303,3403,3243,0,0,6645,2.41,-1.91,44.2,52.1,1.5,0.4,0.2,0.0
GA-12,house,GA,13309,479,1115,0,0,1593,-39.93,-45.2,55.0,40.7,2.8,0.2,0.1,0.0
GA-12,house,GA,13317,1326,1569,0,0,2895,-8.41,-12.49,54.3,39.2,3.2,0.6,0.2,0.0
GA-13,house,GA,13063,35032,4119,0,0,39151,78.96,68.14,10.6,68.9,12.4,4.9,0.2,0.0
GA-13,house,GA,13089,7300,0,0,0,7300,100.0,88.4,30.3,50.2,9.3,6.5,0.1,0.0
GA-13,house,GA,13135,80728,35564,0,0,116293,38.84,28.7,35.5,26.2,20.7,14.0,0.2,0.0
GA-13,house,GA,13151,28871,8170,0,0,37040,55.89,47.46,38.8,47.1,6.7,3.4,0.2,0.1
GA-13,house,GA,13217,18053,5923,0,0,23976,50.59,40.44,44.4,45.2,5.4,1.0,0.2,0.1
GA-13,house,GA,13247,24649,6930,0,0,31579,56.11,47.81,30.0,55.8,8.5,1.8,0.2,0.1
GA-14,house,GA,13047,7518,17018,0,0,24536,-38.72,-55.79,88.8,2.6,2.8,1.5,0.3,0.1
GA-14,house,GA,13055,2024,5474,0,0,7497,-46.01,-64.44,81.8,10.7,3.8,0.4,0.2,0.0
GA-14,house,GA,13067,31173,27309,0,0,58482,6.61,-9.3,51.2,25.8,12.6,5.6,0.2,0.0
GA-14,house,GA,13083,1463,4280,0,0,5743,-49.06,-67.03,91.8,0.8,1.9,0.8,0.4,0.0
GA-14,house,GA,13115,11824,19504,0,0,31327,-24.52,-42.18,72.2,13.6,9.4,1.3,0.2,0.0
GA-14,house,GA,13213,2842,9391,0,0,12233,-53.54,-71.77,83.2,0.6,12.2,0.3,0.3,0.0
GA-14,house,GA,13223,30401,36256,0,0,66656,-8.78,-24.29,67.0,20.9,6.4,1.2,0.2,0.1
GA-14,house,GA,13233,3876,9549,0,0,13425,-42.26,-60.75,74.6,11.6,10.1,0.6,0.2,0.0
GA-14,house,GA,13295,6488,15981,0,0,22469,-42.25,-59.65,89.6,4.1,2.0,0.5,0.2,0.0
GA-14,house,GA,13313,10261,17629,0,0,27889,-26.42,-44.69,61.5,3.6,30.9,1.4,0.2,0.0
HI-01,house,HI,15003,127176,42812,4198,0,174186,49.63,25.17,18.8,2.0,7.7,45.7,0.1,8.5
HI-02,house,HI,15001,44208,13767,0,0,57975,52.51,28.94,36.6,0.6,9.1,21.3,0.4,11.5
HI-02,house,HI,15003,44105,20356,0,0,64461,36.84,13.6,18.8,2.0,7.7,45.7,0.1,8.5
HI-02,house,HI,15005,25,4,0,0,29,73.81,40.0,37.5,0.0,15.3,9.7,0.0,20.8
HI-02,house,HI,15007,15165,5880,0,0,21045,44.12,19.92,33.8,0.5,8.4,30.6,0.2,8.4
HI-02,house,HI,15009,33140,10855,0,0,43996,50.65,26.46,35.4,0.7,8.7,28.1,0.3,10.1
IA-01,house,IA,19031,3338,3295,820,0,7452,0.66,-22.12,94.7,0.3,2.0,0.4,0.2,0.0
IA-01,house,IA,19045,7818,7061,1839,0,16718,5.08,-19.17,91.1,2.6,2.4,0.6,0.2,0.0
IA-01,house,IA,19057,6422,5450,1467,0,13340,8.19,-15.27,87.5,5.4,2.5,1.0,0.2,0.0
IA-01,house,IA,19087,2575,3408,739,0,6722,-13.93,-36.51,87.9,2.6,4.3,2.2,0.3,0.0
IA-01,house,IA,19095,2828,3179,742,0,6749,-5.84,-28.18,94.3,0.6,2.2,0.6,0.2,0.0
IA-01,house,IA,19097,3056,3674,832,0,7562,-9.19,-32.96,95.4,0.5,1.0,0.2,0.1,0.9
IA-01,house,IA,19099,6004,6583,1556,0,14142,-4.6,-28.02,92.5,1.7,2.3,0.6,0.3,0.1
IA-01,house,IA,19101,3022,2178,643,0,5843,16.23,-6.94,87.0,2.8,3.2,3.2,0.2,0.0
IA-01,house,IA,19103,43578,10405,6673,0,60655,61.45,38.57,77.8,6.7,5.9,5.9,0.1,0.0
IA-01,house,IA,19105,3295,3547,846,0,7688,-3.69,-26.74,92.9,2.3,2.1,0.3,0.3,0.0
IA-01,house,IA,19107,1146,2063,397,0,3606,-28.59,-52.08,95.5,0.3,1.7,0.1,0.1,0.0
IA-01,house,IA,19111,4827,5267,1247,0,11341,-4.35,-28.42,90.5,2.9,2.8,0.4,0.2,0.0
IA-01,house,IA,19115,1319,1885,396,0,3600,-17.64,-41.55,80.9,0.7,13.6,2.1,0.1,0.0
IA-01,house,IA,19123,2391,4383,837,0,7612,-29.4,-52.13,92.5,1.7,1.8,1.2,0.2,0.1
IA-01,house,IA,19125,5149,7043,1507,0,13700,-15.53,-38.3,93.7,0.6,1.7,1.2,0.2,0.0
IA-01,house,IA,19139,6681,5627,1521,0,13829,8.57,-15.18,79.5,2.1,15.0,0.9,0.1,0.0
IA-01,house,IA,19163,33557,22605,6941,0,63104,19.5,-3.95,80.7,7.0,5.7,2.7,0.2,0.0
IA-01,house,IA,19177,750,1509,279,0,2538,-33.57,-56.33,96.1,0.3,1.0,0.4,0.1,0.0
IA-01,house,IA,19181,10387,10054,2526,0,22968,1.63,-21.04,92.9,0.8,2.5,0.7,0.2,0.0
IA-01,house,IA,19183,3533,3687,892,0,8113,-2.13,-24.72,90.7,0.7,5.5,0.5,0.1,0.0
IA-02,house,IA,19005,1952,2902,135,135,5123,-19.57,-34.79,90.9,0.8,6.5,0.3,0.1,0.0
IA-02,house,IA,19011,3916,5707,267,267,10157,-18.62,-33.66,95.5,0.4,1.3,0.3,0.1,0.0
IA-02,house,IA,19013,24342,17375,1158,1158,44033,16.7,1.18,80.9,9.2,3.9,2.4,0.2,0.5
IA-02,house,IA,19017,4494,5193,269,269,10225,-7.21,-22.46,94.5,1.0,1.7,0.9,0.1,0.0
IA-02,house,IA,19019,3108,4022,198,198,7525,-12.81,-28.65,95.8,0.4,1.3,0.3,0.1,0.0
IA-02,house,IA,19023,1852,3485,148,148,5633,-30.6,-45.91,96.8,0.2,1.0,0.2,0.1,0.0
IA-02,house,IA,19033,7862,7404,424,424,16114,3.0,-11.83,90.0,1.6,4.2,1.3,0.2,0.3
IA-02,house,IA,19037,1614,2524,115,115,4368,-22.0,-37.62,94.5,0.4,3.3,0.3,0.0,0.0
IA-02,house,IA,19043,2508,3726,173,173,6580,-19.53,-34.92,95.8,0.6,1.3,0.3,0.2,0.0
IA-02,house,IA,19055,2516,4208,187,187,7097,-25.17,-40.21,96.5,0.5,1.2,0.2,0.1,0.0
IA-02,house,IA,19061,18630,16366,972,972,36939,6.47,-8.7,90.2,3.4,2.5,1.1,0.1,0.6
IA-02,house,IA,19065,2769,3763,181,181,6894,-15.22,-30.97,94.0,1.0,2.1,0.4,0.2,0.0
IA-02,house,IA,19067,2268,2805,141,141,5355,-10.58,-26.07,91.5,1.9,2.7,1.9,0.1,0.0
IA-02,house,IA,19075,1705,3034,132,132,5003,-28.05,-42.45,96.5,0.2,0.9,0.3,0.1,0.0
IA-02,house,IA,19083,2146,3464,156,156,5922,-23.49,-38.8,92.5,0.6,3.9,0.5,0.2,0.0
IA-02,house,IA,19089,1335,1882,89,89,3395,-17.02,-32.2,95.2,0.2,2.1,0.3,0.3,0.1
IA-02,house,IA,19113,50699,30842,2264,2264,86069,24.35,10.05,84.8,6.0,3.2,2.3,0.2,0.2
IA-02,house,IA,19131,1589,2238,106,106,4040,-16.95,-31.57,96.0,0.3,1.4,0.4,0.0,0.0
IA-02,house,IA,19157,3247,3393,184,184,7009,-2.19,-17.21,91.9,1.8,2.5,1.3,0.3,0.1
IA-02,house,IA,19171,2517,3198,159,159,6031,-11.92,-27.33,81.6,0.7,8.2,0.5,6.3,0.0
IA-02,house,IA,19191,4193,3751,221,221,8385,5.57,-9.41,94.1,0.6,2.4,0.9,0.1,0.1
IA-02,house,IA,19195,1220,1623,79,79,3001,-14.18,-28.58,94.8,0.6,2.0,0.3,0.1,0.0
IA-03,house,IA,19001,958,1898,0,0,2856,-32.93,-45.73,95.6,0.6,1.4,0.3,0.2,0.0
IA-03,house,IA,19003,499,995,0,0,1494,-33.2,-44.96,95.9,0.3,0.7,0.4,0.4,0.0
IA-03,house,IA,19007,1498,3040,0,0,4538,-33.98,-47.23,94.9,0.5,1.5,0.6,0.1,0.0
IA-03,house,IA,19029,1781,3270,0,0,5051,-29.47,-41.36,95.2,0.3,1.7,0.2,0.2,0.4
IA-03,house,IA,19039,1112,2023,0,0,3135,-29.08,-42.57,83.4,0.4,13.0,0.9,0.1,0.3
IA-03,house,IA,19049,23510,20555,0,0,44065,6.71,-4.81,84.5,2.3,5.6,4.9,0.1,0.0
IA-03,house,IA,19051,801,1966,0,0,2768,-42.1,-55.03,96.1,0.1,1.5,0.2,0.2,0.0
IA-03,house,IA,19053,867,1750,0,0,2617,-33.77,-47.82,92.0,1.3,2.8,0.6,0.3,0.4
IA-03,house,IA,19073,1357,2060,0,0,3416,-20.58,-33.4,94.8,0.1,2.3,0.4,0.2,0.0
IA-03,house,IA,19077,1683,2896,0,0,4580,-26.48,-38.5,95.1,0.2,2.0,0.4,0.2,0.2
IA-03,house,IA,19117,1043,2208,0,0,3252,-35.82,-48.83,95.1,0.2,2.1,0.2,0.1,0.0
IA-03,house,IA,19121,2580,4438,0,0,7019,-26.47,-39.06,94.8,0.3,1.6,0.5,0.1,0.0
IA-03,house,IA,19123,13,39,0,0,52,-50.11,-62.67,92.5,1.7,1.8,1.2,0.2,0.1
IA-03,house,IA,19135,897,2013,0,0,2910,-38.35,-51.19,96.0,0.3,1.1,0.3,0.1,0.0
IA-03,house,IA,19137,1269,2282,0,0,3551,-28.54,-39.61,94.2,0.3,2.5,0.2,0.2,0.0
IA-03,house,IA,19145,1747,3377,0,0,5125,-31.81,-42.88,90.5,2.8,2.5,0.8,0.4,0.0
IA-03,house,IA,19153,110884,68865,0,0,179749,23.38,11.03,77.6,6.2,8.0,4.7,0.2,0.1
IA-03,house,IA,19159,575,1305,0,0,1880,-38.82,-51.9,96.3,0.0,1.0,0.2,0.2,0.0
IA-03,house,IA,19173,607,1549,0,0,2157,-43.66,-56.28,91.7,0.0,5.4,0.3,0.3,0.0
IA-03,house,IA,19175,1602,2607,0,0,4209,-23.88,-36.67,93.4,0.9,2.7,0.4,0.2,0.1
IA-03,house,IA,19179,4169,6038,0,0,10207,-18.31,-31.88,81.3,3.5,9.6,1.8,0.2,1.0
IA-03,house,IA,19185,602,1585,0,0,2187,-44.95,-58.1,96.6,0.1,0.6,0.4,0.2,0.0
IA-04,house,IA,19009,848,1427,0,0,2274,-25.45,-39.07,97.0,0.2,1.1,0.1,0.1,0.0
IA-04,house,IA,19015,4979,5803,0,0,10782,-7.65,-21.89,94.3,0.7,1.9,0.4,0.2,0.0
IA-04,house,IA,19021,2133,3143,0,0,5276,-19.13,-33.67,60.3,2.4,24.8,8.3,0.1,2.4
IA-04,house,IA,19025,1187,2381,0,0,3568,-33.48,-47.26,94.0,1.8,1.9,0.2,0.3,0.1
IA-04,house,IA,19027,2792,5007,0,0,7798,-28.4,-42.5,94.7,1.0,2.4,0.4,0.1,0.0
IA-04,house,IA,19035,1447,2827,0,0,4274,-32.27,-46.38,93.6,0.7,3.4,0.4,0.1,0.1
IA-04,house,IA,19041,2081,3898,0,0,5979,-30.38,-43.74,93.4,0.6,3.2,0.7,0.2,0.0
IA-04,house,IA,19047,1609,2973,0,0,4582,-29.76,-43.93,71.0,2.1,23.5,1.8,0.2,0.0
IA-04,house,IA,19059,2893,4971,0,0,7864,-26.43,-40.44,95.7,0.3,1.6,0.5,0.1,0.0
IA-04,house,IA,19063,1175,2183,0,0,3359,-30.01,-44.48,89.4,0.9,7.1,0.4,0.3,0.0
IA-04,house,IA,19069,1236,2194,0,0,3430,-27.92,-42.25,84.7,0.2,12.5,0.4,0.1,0.0
IA-04,house,IA,19071,904,1753,0,0,2657,-31.96,-45.21,94.1,0.1,2.5,0.1,0.4,0.1
IA-04,house,IA,19079,2150,3168,0,0,5318,-19.14,-33.69,87.7,0.5,7.5,1.8,0.2,0.0
IA-04,house,IA,19081,1365,2793,0,0,4158,-34.35,-48.01,92.8,0.5,4.2,0.2,0.2,0.0
IA-04,house,IA,19085,1978,3594,0,0,5572,-29.0,-42.52,95.8,0.2,1.4,0.3,0.1,0.0
IA-04,house,IA,19091,1125,2434,0,0,3558,-36.79,-50.62,93.9,0.4,3.2,0.2,0.1,0.0
IA-04,house,IA,19093,755,1804,0,0,2559,-40.97,-54.07,94.8,0.4,2.9,0.3,0.0,0.1
IA-04,house,IA,19109,2037,3841,0,0,5878,-30.7,-44.74,94.2,0.4,3.2,0.5,0.1,0.0
IA-04,house,IA,19119,1045,3857,0,0,4902,-57.36,-70.44,95.0,0.2,2.8,0.3,0.2,0.4
IA-04,house,IA,19127,5970,6118,0,0,12088,-1.23,-15.82,74.3,1.8,18.1,3.3,0.4,0.1
IA-04,house,IA,19129,2116,3662,0,0,5777,-26.76,-39.56,93.6,0.4,2.2,0.3,0.2,0.1
IA-04,house,IA,19133,1106,2140,0,0,3246,-31.86,-45.87,93.5,0.2,2.2,0.4,1.3,0.0
IA-04,house,IA,19141,1362,3906,0,0,5268,-48.28,-61.54,91.6,0.9,5.2,0.5,0.2,0.1
IA-04,house,IA,19143,542,1719,0,0,2261,-52.03,-65.07,88.5,0.4,8.1,0.4,0.3,0.5
IA-04,house,IA,19147,1205,2283,0,0,3488,-30.92,-45.54,94.7,0.5,2.4,0.3,0.2,0.0
IA-04,house,IA,19149,2871,6910,0,0,9781,-41.3,-54.9,91.4,1.1,4.7,0.5,0.2,0.4
IA-04,house,IA,19151,742,1765,0,0,2508,-40.79,-54.81,92.2,0.7,3.8,0.3,0.2,0.2
IA-04,house,IA,19155,14470,16719,0,0,31190,-7.21,-20.24,87.0,1.8,6.5,0.9,0.4,0.1
IA-04,house,IA,19161,1172,2651,0,0,3822,-38.68,-52.16,94.8,0.4,2.7,0.3,0.1,0.0
IA-04,house,IA,19165,1582,2971,0,0,4554,-30.5,-43.5,94.0,0.3,2.7,0.4,0.3,0.0
IA-04,house,IA,19167,2758,10546,0,0,13303,-58.54,-71.88,86.9,0.3,10.9,0.6,0.2,0.0
IA-04,house,IA,19169,21618,13043,0,0,34661,24.74,10.53,82.0,2.8,4.8,5.7,0.2,0.0
IA-04,house,IA,19187,4863,6861,0,0,11724,-17.04,-31.59,87.1,4.9,4.4,0.8,0.3,0.1
IA-04,house,IA,19189,1629,2320,0,0,3949,-17.5,-31.15,90.5,1.9,4.4,1.0,0.1,0.0
IA-04,house,IA,19193,13648,16395,0,0,30043,-9.14,-23.33,73.1,4.2,14.5,3.0,1.6,0.5
IA-04,house,IA,19197,1528,2478,0,0,4006,-23.72,-37.04,83.4,0.5,13.6,0.5,0.1,0.1
ID-01,house,ID,16001,30741,52756,5545,3527,92569,-26.37,-38.01,82.7,1.3,7.9,2.8,0.5,0.2
ID-01,house,ID,16003,467,1224,112,71,1874,-44.77,-55.85,92.4,0.1,2.9,0.2,0.7,0.0
ID-01,house,ID,16009,790,2454,215,137,3597,-51.29,-62.82,83.6,0.1,2.2,0.3,7.1,0.2
ID-01,house,ID,16015,875,2222,206,131,3433,-43.5,-55.55,89.8,0.3,3.6,0.6,0.8,0.0
ID-01,house,ID,16017,6165,12569,1244,791,20769,-34.18,-47.25,91.1,0.2,2.6,0.5,0.7,0.1
ID-01,house,ID,16021,1019,3465,298,189,4971,-54.55,-67.0,88.3,0.3,5.3,0.7,1.2,0.1
ID-01,house,ID,16027,20451,43255,4231,2691,70627,-35.8,-47.84,71.3,0.6,21.9,1.0,0.6,0.3
ID-01,house,ID,16035,665,2123,185,118,3090,-52.3,-64.2,91.0,0.5,2.8,0.6,1.5,0.0
ID-01,house,ID,16045,1484,5213,445,283,7425,-55.68,-67.35,86.4,0.2,7.1,0.6,0.7,0.1
ID-01,house,ID,16049,1257,4774,400,255,6686,-58.32,-69.69,90.0,0.3,2.9,0.4,2.3,0.0
ID-01,house,ID,16055,18170,42596,4035,2567,67367,-40.2,-53.04,88.8,0.2,4.2,0.9,0.9,0.1
ID-01,house,ID,16057,6816,6084,857,545,14302,5.68,-8.27,85.8,0.8,5.0,2.6,0.6,0.1
ID-01,house,ID,16061,265,899,77,49,1291,-54.52,-66.26,87.7,0.2,3.0,0.3,4.9,0.0
ID-01,house,ID,16069,4583,8113,843,536,14075,-27.8,-39.62,86.2,0.4,3.3,0.9,5.0,0.1
ID-01,house,ID,16073,986,2755,248,158,4147,-47.29,-55.56,71.1,0.2,21.4,0.4,3.0,0.1
ID-01,house,ID,16075,1756,5660,492,313,8222,-52.64,-64.17,79.0,0.2,14.0,0.9,0.7,0.1
ID-01,house,ID,16079,1203,2664,257,163,4287,-37.77,-50.7,90.8,0.1,2.6,0.4,1.1,0.0
ID-01,house,ID,16085,2112,2452,303,193,5061,-7.45,-18.99,90.6,0.1,4.2,0.4,0.5,0.0
ID-01,house,ID,16087,853,2650,233,148,3884,-51.3,-62.86,80.5,0.1,13.2,0.9,0.8,0.1
ID-02,house,ID,16001,50394,34652,4725,4726,94497,18.51,16.38,82.7,1.3,7.9,2.8,0.5,0.2
ID-02,house,ID,16005,9636,15551,1399,1399,27986,-23.49,-25.94,83.0,0.9,7.9,1.5,2.9,0.3
ID-02,house,ID,16007,242,1854,116,116,2328,-76.93,-78.73,94.4,0.1,2.8,0.3,0.5,0.0
ID-02,house,ID,16011,2695,10318,723,723,14459,-58.58,-61.35,74.8,0.2,15.7,0.5,6.0,0.1
ID-02,house,ID,16013,5575,2667,458,458,9159,35.28,32.65,78.6,0.2,16.8,0.9,0.1,0.0
ID-02,house,ID,16019,9770,25791,1975,1976,39512,-45.05,-46.95,83.0,0.5,11.7,1.3,0.6,0.1
ID-02,house,ID,16023,131,810,52,52,1046,-72.11,-74.54,91.8,0.1,4.5,0.1,0.6,0.0
ID-02,house,ID,16025,105,354,25,25,510,-54.27,-56.29,89.7,0.0,4.0,1.0,0.0,0.0
ID-02,house,ID,16029,297,1833,118,118,2367,-72.07,-73.35,91.7,0.0,4.9,0.1,0.6,0.3
ID-02,house,ID,16031,945,5078,335,335,6692,-68.61,-70.83,69.6,0.2,26.6,0.6,0.6,0.1
ID-02,house,ID,16033,33,176,12,12,233,-68.15,-69.7,63.6,0.2,31.2,0.2,0.3,0.0
ID-02,house,ID,16037,389,1281,93,93,1855,-53.42,-54.64,92.0,0.1,2.9,0.4,0.8,0.0
ID-02,house,ID,16039,1758,4967,374,374,7472,-47.72,-49.8,72.4,2.5,15.4,3.0,0.8,0.3
ID-02,house,ID,16041,494,4034,251,251,5030,-78.19,-79.86,91.0,0.1,6.2,0.2,0.5,0.0
ID-02,house,ID,16043,662,3625,238,238,4763,-69.1,-71.09,86.0,0.2,10.2,0.3,0.6,0.2
ID-02,house,ID,16047,761,2968,207,207,4143,-59.19,-61.91,69.2,0.2,26.6,0.3,0.5,0.0
ID-02,house,ID,16051,1299,8671,554,554,11077,-73.94,-75.4,86.8,0.2,9.6,0.5,0.4,0.1
ID-02,house,ID,16053,1190,3817,278,278,5563,-52.46,-55.07,63.7,0.1,32.7,0.4,0.4,0.1
ID-02,house,ID,16059,696,2375,171,171,3412,-54.68,-56.33,92.1,0.2,3.1,0.4,0.7,0.1
ID-02,house,ID,16063,270,938,67,67,1342,-55.34,-57.8,66.4,0.1,29.0,0.2,0.5,0.1
ID-02,house,ID,16065,1872,9070,608,608,12157,-65.79,-66.85,83.3,1.5,9.7,2.1,0.3,0.4
ID-02,house,ID,16067,955,4053,278,278,5565,-61.85,-64.68,63.3,0.1,33.4,0.3,0.5,0.0
ID-02,house,ID,16071,179,1370,86,86,1720,-76.93,-78.67,94.0,0.0,3.4,0.2,0.2,0.0
ID-02,house,ID,16077,539,1365,106,106,2115,-43.42,-46.43,66.6,0.2,28.1,0.3,2.3,0.1
ID-02,house,ID,16081,2287,1932,234,234,4689,8.42,7.08,82.0,0.2,14.3,0.6,0.2,0.0
ID-02,house,ID,16083,6137,17419,1309,1309,26173,-47.89,-50.15,78.7,0.9,14.6,1.6,0.6,0.2
IL-01,house,IL,17031,129502,11242,0,0,140744,84.03,67.89,43.5,22.2,23.7,8.0,0.1,0.0
IL-01,house,IL,17091,5668,7026,0,0,12694,-10.69,-24.82,72.2,13.6,9.6,1.0,0.2,0.0
IL-01,house,IL,17197,35293,42136,0,0,77429,-8.84,-23.23,63.4,11.3,16.4,6.0,0.1,0.0
IL-02,house,IL,17019,1960,2238,0,0,4198,-6.62,-18.27,63.3,12.1,7.2,13.1,0.1,0.0
IL-02,house,IL,17031,117930,10985,0,0,128915,82.96,70.03,43.5,22.2,23.7,8.0,0.1,0.0
IL-02,house,IL,17053,1063,2430,0,0,3493,-39.13,-50.26,92.5,0.5,3.0,0.4,0.2,0.0
IL-02,house,IL,17075,2483,6859,0,0,9342,-46.84,-58.13,89.6,0.7,6.0,0.4,0.2,0.0
IL-02,house,IL,17091,9756,10985,0,0,20741,-5.93,-18.95,72.2,13.6,9.6,1.0,0.2,0.0
IL-02,house,IL,17105,3005,5795,0,0,8800,-31.71,-43.55,89.2,3.4,4.3,0.5,0.1,0.0
IL-02,house,IL,17183,7033,10953,0,0,17985,-21.79,-34.08,79.4,12.2,4.2,0.9,0.2,0.0
IL-02,house,IL,17197,9926,6240,0,0,16166,22.8,10.61,63.4,11.3,16.4,6.0,0.1,0.0
IL-03,house,IL,17031,104476,23183,0,0,127659,63.68,43.16,43.5,22.2,23.7,8.0,0.1,0.0
IL-03,house,IL,17043,38252,22364,0,0,60616,26.21,7.77,66.6,4.6,13.5,12.6,0.1,0.0
IL-04,house,IL,17031,85130,32601,12020,3807,133558,44.62,31.15,43.5,22.2,23.7,8.0,0.1,0.0
IL-04,house,IL,17043,8151,5894,1434,454,15933,16.07,8.34,66.6,4.6,13.5,12.6,0.1,0.0
IL-05,house,IL,17031,188275,59443,0,0,247718,52.01,39.54,43.5,22.2,23.7,8.0,0.1,0.0
IL-05,house,IL,17097,9667,6706,0,0,16373,18.09,6.97,61.0,6.5,21.3,8.1,0.1,0.0
IL-06,house,IL,17031,81690,62710,0,0,144400,13.14,-3.0,43.5,22.2,23.7,8.0,0.1,0.0
IL-06,house,IL,17043,77646,40659,0,0,118305,31.26,16.39,66.6,4.6,13.5,12.6,0.1,0.0
IL-07,house,IL,17031,173074,22653,0,0,195727,76.85,66.15,43.5,22.2,23.7,8.0,0.1,0.0
IL-08,house,IL,17031,61887,37180,0,0,99067,24.94,11.5,43.5,22.2,23.7,8.0,0.1,0.0
IL-08,house,IL,17043,29091,22645,0,0,51736,12.46,-1.37,66.6,4.6,13.5,12.6,0.1,0.0
IL-08,house,IL,17089,39984,26962,0,0,66946,19.45,6.84,59.0,4.9,29.2,4.2,0.1,0.0
IL-09,house,IL,17031,153709,42841,0,0,196550,56.41,44.72,43.5,22.2,23.7,8.0,0.1,0.0
IL-09,house,IL,17097,10323,6800,0,0,17123,20.58,10.88,61.0,6.5,21.3,8.1,0.1,0.0
IL-09,house,IL,17111,18496,13922,0,0,32418,14.11,3.91,80.2,1.2,12.6,2.9,0.1,0.0
IL-10,house,IL,17031,27427,9719,0,0,37147,47.67,35.52,43.5,22.2,23.7,8.0,0.1,0.0
IL-10,house,IL,17097,121786,56755,0,0,178541,36.42,24.18,61.0,6.5,21.3,8.1,0.1,0.0
IL-10,house,IL,17111,7822,9984,0,0,17806,-12.14,-23.7,80.2,1.2,12.6,2.9,0.1,0.0
IL-11,house,IL,17007,3697,3276,0,0,6973,6.03,-8.66,73.1,2.0,20.4,1.2,0.2,0.0
IL-11,house,IL,17031,2029,2070,0,0,4099,-1.01,-14.96,43.5,22.2,23.7,8.0,0.1,0.0
IL-11,house,IL,17037,1562,1938,0,0,3500,-10.75,-26.24,74.4,7.8,11.5,2.5,0.1,0.0
IL-11,house,IL,17043,53044,23077,0,0,76122,39.37,25.0,66.6,4.6,13.5,12.6,0.1,0.0
IL-11,house,IL,17089,45729,27329,0,0,73058,25.19,10.93,59.0,4.9,29.2,4.2,0.1,0.0
IL-11,house,IL,17097,4271,3183,0,0,7454,14.6,0.5,61.0,6.5,21.3,8.1,0.1,0.0
IL-11,house,IL,17111,32932,27129,0,0,60061,9.66,-4.42,80.2,1.2,12.6,2.9,0.1,0.0
IL-11,house,IL,17197,18097,6764,0,0,24861,45.59,30.1,63.4,11.3,16.4,6.0,0.1,0.0
IL-12,house,IL,17003,682,911,0,0,1593,-14.33,-19.47,64.3,29.7,1.3,0.1,0.5,0.0
IL-12,house,IL,17023,1485,4276,0,0,5760,-48.46,-52.17,95.7,0.3,1.3,0.4,0.2,0.0
IL-12,house,IL,17025,843,3902,0,0,4746,-64.46,-68.37,94.6,0.2,1.3,0.6,0.3,0.0
IL-12,house,IL,17027,3432,10084,0,0,13516,-49.21,-52.83,89.6,3.6,3.3,0.5,0.2,0.0
IL-12,house,IL,17029,1325,3210,0,0,4535,-41.58,-45.42,87.1,4.3,3.5,1.4,0.2,0.1
IL-12,house,IL,17033,1579,4689,0,0,6269,-49.61,-53.32,90.7,3.8,2.3,0.4,0.2,0.0
IL-12,house,IL,17035,837,3218,0,0,4055,-58.72,-62.75,95.9,0.2,1.0,0.2,0.0,0.0
IL-12,house,IL,17047,366,1941,0,0,2307,-68.3,-71.89,96.6,0.2,0.9,0.4,0.2,0.1
IL-12,house,IL,17049,2823,10588,0,0,13411,-57.9,-61.4,94.6,0.4,1.9,0.7,0.1,0.0
IL-12,house,IL,17055,3294,9125,0,0,12419,-46.96,-51.23,94.2,0.4,1.4,0.3,0.3,0.0
IL-12,house,IL,17059,438,1337,0,0,1775,-50.66,-54.83,95.4,0.6,0.9,0.3,0.1,0.0
IL-12,house,IL,17065,589,2348,0,0,2936,-59.91,-64.16,95.6,0.4,0.8,0.1,0.2,0.0
IL-12,house,IL,17069,284,1069,0,0,1353,-58.04,-62.48,94.4,0.3,1.1,0.5,0.0,0.0
IL-12,house,IL,17077,8421,7383,0,0,15804,6.57,3.54,73.4,12.8,4.7,4.3,0.2,0.0
IL-12,house,IL,17079,727,3080,0,0,3807,-61.81,-65.98,96.6,0.2,0.8,0.2,0.2,0.0
IL-12,house,IL,17081,3256,8438,0,0,11694,-44.31,-48.38,86.1,7.1,2.0,1.0,0.2,0.0
IL-12,house,IL,17087,946,3327,0,0,4273,-55.71,-58.9,79.9,12.8,4.6,0.2,0.2,0.0
IL-12,house,IL,17101,998,3275,0,0,4273,-53.28,-57.22,82.2,11.1,3.4,0.4,0.1,0.1
IL-12,house,IL,17121,3178,8586,0,0,11764,-45.97,-50.18,89.7,3.5,1.5,1.1,0.2,0.0
IL-12,house,IL,17127,1271,3421,0,0,4693,-45.82,-49.17,87.6,6.0,1.8,0.3,0.3,0.0
IL-12,house,IL,17133,4883,9827,0,0,14711,-33.61,-36.93,94.3,0.3,1.5,0.5,0.1,0.0
IL-12,house,IL,17145,1686,4800,0,0,6486,-48.01,-52.81,84.5,9.2,3.2,0.6,0.2,0.0
IL-12,house,IL,17151,319,1175,0,0,1495,-57.28,-60.64,93.7,1.2,1.6,0.2,0.0,0.0
IL-12,house,IL,17153,584,1086,0,0,1670,-30.03,-34.61,62.9,28.3,4.4,0.3,0.7,0.0
IL-12,house,IL,17157,2651,7412,0,0,10062,-47.31,-50.86,84.8,8.7,3.0,0.3,0.2,0.0
IL-12,house,IL,17159,1335,4106,0,0,5441,-50.92,-54.24,94.7,0.5,1.2,0.8,0.2,0.0
IL-12,house,IL,17163,14247,20513,0,0,34760,-18.03,-20.08,61.8,28.2,4.0,1.5,0.2,0.1
IL-12,house,IL,17165,1998,5443,0,0,7441,-46.3,-49.66,91.1,2.6,1.6,0.5,0.3,0.0
IL-12,house,IL,17181,1747,4042,0,0,5788,-39.65,-43.73,90.4,1.5,3.9,0.3,0.3,0.1
IL-12,house,IL,17185,920,2856,0,0,3776,-51.27,-54.67,93.1,0.3,1.2,2.6,0.1,0.1
IL-12,house,IL,17189,1207,4111,0,0,5318,-54.61,-58.05,95.2,0.5,1.4,0.4,0.1,0.1
IL-12,house,IL,17191,916,4889,0,0,5805,-68.43,-71.74,95.8,0.4,0.9,0.3,0.2,0.0
IL-12,house,IL,17193,1081,3879,0,0,4960,-56.41,-60.15,94.4,0.6,1.2,0.4,0.2,0.1
IL-12,house,IL,17199,7437,15786,0,0,23223,-35.95,-39.28,88.3,4.0,2.1,1.1,0.4,0.0
IL-13,house,IL,17019,36063,7524,0,0,43586,65.48,48.78,63.3,12.1,7.2,13.1,0.1,0.0
IL-13,house,IL,17115,7292,5341,0,0,12633,15.45,-2.84,76.2,16.4,2.1,1.4,0.2,0.0
IL-13,house,IL,17117,6434,10026,0,0,16460,-21.82,-39.96,93.9,0.8,1.0,0.4,0.3,0.0
IL-13,house,IL,17119,33083,25863,0,0,58946,12.25,-5.03,82.6,8.6,3.4,1.0,0.2,0.0
IL-13,house,IL,17147,1852,2219,0,0,4071,-9.0,-26.36,94.8,0.4,1.1,0.4,0.2,0.0
IL-13,house,IL,17163,36054,13580,0,0,49634,45.28,27.67,61.8,28.2,4.0,1.5,0.2,0.1
IL-13,house,IL,17167,29874,20193,0,0,50067,19.34,2.15,80.1,11.5,2.3,2.2,0.2,0.0
IL-14,house,IL,17011,2193,1727,0,0,3921,11.89,-8.01,88.2,0.7,7.5,0.9,0.1,0.0
IL-14,house,IL,17037,17853,10535,0,0,28388,25.78,7.1,74.4,7.8,11.5,2.5,0.1,0.0
IL-14,house,IL,17089,10418,5167,0,0,15584,33.69,14.14,59.0,4.9,29.2,4.2,0.1,0.0
IL-14,house,IL,17093,27977,18582,0,0,46559,20.18,1.55,67.7,7.1,18.2,3.6,0.1,0.0
IL-14,house,IL,17099,15337,14145,0,0,29482,4.04,-14.98,85.2,2.3,8.4,0.8,0.1,0.0
IL-14,house,IL,17155,753,777,0,0,1530,-1.59,-20.36,91.8,0.4,4.7,0.4,0.1,0.1
IL-14,house,IL,17197,73238,38388,0,0,111626,31.22,11.35,63.4,11.3,16.4,6.0,0.1,0.0
IL-15,house,IL,17001,6451,15880,0,0,22331,-42.22,-48.13,90.9,3.4,1.6,0.7,0.1,0.0
IL-15,house,IL,17005,1715,3896,0,0,5611,-38.86,-45.78,84.9,7.4,3.7,0.6,0.3,0.1
IL-15,house,IL,17009,390,1336,0,0,1726,-54.79,-61.16,73.4,19.9,5.1,0.1,0.0,0.0
IL-15,house,IL,17013,481,1398,0,0,1879,-48.82,-57.24,95.8,0.2,0.9,0.2,0.1,0.0
IL-15,house,IL,17017,1167,2502,0,0,3669,-36.41,-44.16,74.3,4.4,17.7,1.0,0.3,0.3
IL-15,house,IL,17019,5592,9792,0,0,15384,-27.3,-32.4,63.3,12.1,7.2,13.1,0.1,0.0
IL-15,house,IL,17021,3223,7698,0,0,10921,-40.98,-47.39,92.1,1.2,3.4,0.5,0.2,0.0
IL-15,house,IL,17029,4469,6125,0,0,10594,-15.63,-21.88,87.1,4.3,3.5,1.4,0.2,0.1
IL-15,house,IL,17039,1645,3793,0,0,5438,-39.51,-45.75,94.0,0.5,2.5,0.3,0.1,0.1
IL-15,house,IL,17041,1748,4166,0,0,5914,-40.89,-46.87,89.6,0.3,6.9,0.5,0.2,0.0
IL-15,house,IL,17045,1464,4086,0,0,5550,-47.26,-53.26,95.4,0.5,1.1,0.3,0.1,0.0
IL-15,house,IL,17051,1387,5352,0,0,6739,-58.84,-65.57,89.7,4.4,3.2,0.3,0.5,0.0
IL-15,house,IL,17057,833,1844,0,0,2677,-37.79,-45.77,91.1,3.9,2.2,0.2,0.2,0.0
IL-15,house,IL,17061,1017,3236,0,0,4253,-52.19,-58.92,96.2,0.2,0.7,0.2,0.1,0.0
IL-15,house,IL,17067,1761,4613,0,0,6375,-44.74,-50.89,95.3,0.4,1.5,0.3,0.2,0.0
IL-15,house,IL,17071,827,1602,0,0,2429,-31.94,-39.56,95.5,0.3,1.4,0.2,0.1,0.1
IL-15,house,IL,17083,2274,5941,0,0,8215,-44.64,-51.03,94.2,0.7,1.3,0.3,0.1,0.0
IL-15,house,IL,17107,2818,6017,0,0,8835,-36.22,-42.39,87.5,6.2,2.7,0.7,0.2,0.0
IL-15,house,IL,17109,1525,3060,0,0,4584,-33.48,-39.81,85.7,5.4,3.3,2.2,0.2,0.0
IL-15,house,IL,17115,7254,11972,0,0,19225,-24.54,-29.94,76.2,16.4,2.1,1.4,0.2,0.0
IL-15,house,IL,17119,13359,21219,0,0,34578,-22.73,-27.92,82.6,8.6,3.4,1.0,0.2,0.0
IL-15,house,IL,17125,1434,3048,0,0,4482,-36.02,-43.15,95.1,0.3,1.2,0.2,0.2,0.0
IL-15,house,IL,17129,1445,3051,0,0,4496,-35.73,-42.08,94.9,0.5,1.0,0.3,0.2,0.0
IL-15,house,IL,17131,1156,1767,0,0,2923,-20.9,-27.45,94.1,0.4,2.3,0.2,0.2,0.0
IL-15,house,IL,17135,2864,6409,0,0,9273,-38.23,-44.82,90.9,3.9,1.8,0.5,0.2,0.0
IL-15,house,IL,17137,3750,6504,0,0,10254,-26.86,-32.92,88.0,5.8,2.3,0.7,0.2,0.0
IL-15,house,IL,17139,1285,3298,0,0,4583,-43.91,-49.77,95.3,0.5,1.2,0.4,0.2,0.0
IL-15,house,IL,17147,871,1741,0,0,2612,-33.32,-38.6,94.8,0.4,1.1,0.4,0.2,0.0
IL-15,house,IL,17149,1105,4163,0,0,5268,-58.06,-64.75,94.8,0.4,1.4,0.3,0.2,0.1
IL-15,house,IL,17167,8117,11662,0,0,19779,-17.92,-23.27,80.1,11.5,2.3,2.2,0.2,0.0
IL-15,house,IL,17169,781,1856,0,0,2637,-40.73,-47.79,90.5,3.9,1.7,0.3,0.4,0.0
IL-15,house,IL,17171,410,1405,0,0,1815,-54.83,-61.86,96.6,0.0,0.9,0.3,0.0,0.0
IL-15,house,IL,17173,1872,6320,0,0,8193,-54.29,-61.07,96.5,0.3,0.8,0.3,0.1,0.0
IL-15,house,IL,17183,775,1992,0,0,2767,-44.01,-50.27,79.4,12.2,4.2,0.9,0.2,0.0
IL-15,house,IL,17187,609,1278,0,0,1887,-35.45,-42.15,83.4,3.4,8.6,1.6,0.2,0.1
IL-16,house,IL,17007,4369,5710,0,0,10079,-13.3,-18.96,73.1,2.0,20.4,1.2,0.2,0.0
IL-16,house,IL,17011,2662,4668,0,0,7331,-27.36,-33.73,88.2,0.7,7.5,0.9,0.1,0.0
IL-16,house,IL,17037,532,863,0,0,1396,-23.71,-30.52,74.4,7.8,11.5,2.5,0.1,0.0
IL-16,house,IL,17053,343,766,0,0,1109,-38.21,-44.3,92.5,0.5,3.0,0.4,0.2,0.0
IL-16,house,IL,17063,7202,11475,0,0,18677,-22.88,-30.05,85.5,1.5,8.9,0.9,0.1,0.0
IL-16,house,IL,17073,4127,6791,0,0,10918,-24.4,-30.88,89.8,1.9,5.1,0.4,0.1,0.0
IL-16,house,IL,17085,3896,4838,0,0,8734,-10.79,-17.11,94.1,0.4,2.9,0.4,0.1,0.0
IL-16,house,IL,17099,2704,4684,0,0,7388,-26.81,-33.62,85.2,2.3,8.4,0.8,0.1,0.0
IL-16,house,IL,17103,4758,6568,0,0,11326,-15.99,-22.65,84.1,6.2,5.8,0.8,0.1,0.0
IL-16,house,IL,17105,697,2136,0,0,2833,-50.81,-57.83,89.2,3.4,4.3,0.5,0.1,0.0
IL-16,house,IL,17111,1795,2051,0,0,3846,-6.66,-13.47,80.2,1.2,12.6,2.9,0.1,0.0
IL-16,house,IL,17113,15897,17577,0,0,33474,-5.02,-10.22,78.4,8.1,5.3,4.5,0.1,0.0
IL-16,house,IL,17123,1499,2792,0,0,4291,-30.15,-36.57,93.7,0.6,2.2,0.5,0.1,0.0
IL-16,house,IL,17141,6983,11156,0,0,18139,-23.01,-29.87,86.3,0.9,9.1,0.5,0.2,0.0
IL-16,house,IL,17143,10029,11783,0,0,21812,-8.04,-13.51,70.9,16.3,4.7,4.1,0.2,0.0
IL-16,house,IL,17155,318,495,0,0,813,-21.77,-28.74,91.8,0.4,4.7,0.4,0.1,0.1
IL-16,house,IL,17175,590,1347,0,0,1937,-39.11,-46.45,95.1,0.2,1.9,0.4,0.2,0.0
IL-16,house,IL,17177,1375,3057,0,0,4431,-37.96,-45.09,83.5,8.7,3.8,0.7,0.2,0.0
IL-16,house,IL,17179,17664,26284,0,0,43948,-19.62,-25.56,92.6,1.2,1.9,0.8,0.2,0.0
IL-16,house,IL,17201,21996,25486,0,0,47482,-7.35,-13.29,69.2,12.0,12.0,2.8,0.2,0.0
IL-16,house,IL,17203,4734,10154,0,0,14888,-36.41,-42.7,94.5,0.6,1.4,0.6,0.1,0.0
IL-17,house,IL,17015,2319,3177,0,0,5496,-15.61,-32.31,87.8,5.1,4.3,0.3,0.4,0.0
IL-17,house,IL,17057,4306,4359,0,0,8665,-0.61,-17.69,91.1,3.9,2.2,0.2,0.2,0.0
IL-17,house,IL,17073,3421,3288,0,0,6709,1.99,-15.32,89.8,1.9,5.1,0.4,0.1,0.0
IL-17,house,IL,17095,8366,7179,0,0,15544,7.63,-9.56,81.9,8.2,5.2,0.8,0.1,0.0
IL-17,house,IL,17109,2351,1479,0,0,3830,22.77,5.54,85.7,5.4,3.3,2.2,0.2,0.0
IL-17,house,IL,17113,19170,8330,0,0,27500,39.42,23.45,78.4,8.1,5.3,4.5,0.1,0.0
IL-17,house,IL,17131,1311,1624,0,0,2936,-10.67,-28.03,94.1,0.4,2.3,0.2,0.2,0.0
IL-17,house,IL,17143,22597,11379,0,0,33976,33.02,16.36,70.9,16.3,4.7,4.1,0.2,0.0
IL-17,house,IL,17161,28104,16436,0,0,44540,26.2,9.75,72.4,9.8,11.5,2.5,0.2,0.0
IL-17,house,IL,17177,5561,4756,0,0,10316,7.81,-8.82,83.5,8.7,3.8,0.7,0.2,0.0
IL-17,house,IL,17179,1447,2532,0,0,3980,-27.27,-44.53,92.6,1.2,1.9,0.8,0.2,0.0
IL-17,house,IL,17187,1697,1642,0,0,3339,1.66,-16.2,83.4,3.4,8.6,1.6,0.2,0.1
IL-17,house,IL,17195,9546,9025,0,0,18571,2.81,-15.0,84.4,1.2,10.7,0.6,0.1,0.0
IL-17,house,IL,17201,25544,12378,0,0,37922,34.72,17.93,69.2,12.0,12.0,2.8,0.2,0.0
IN-01,house,IN,18089,89710,56858,0,0,146569,22.41,5.73,54.4,23.2,17.6,1.5,0.1,0.0
IN-01,house,IN,18091,12708,10276,0,0,22984,10.58,-5.05,79.4,10.1,5.7,0.7,0.2,0.0
IN-01,house,IN,18127,30953,28453,0,0,59406,4.21,-10.68,81.9,3.8,9.1,1.4,0.2,0.0
IN-02,house,IN,18017,950,3168,98,0,4216,-53.87,-57.37,80.0,1.5,14.2,1.4,0.3,0.0
IN-02,house,IN,18039,16774,30885,1137,0,48796,-29.61,-32.84,74.3,5.0,16.1,1.2,0.2,0.0
IN-02,house,IN,18049,1548,4504,144,0,6197,-48.85,-51.96,91.8,0.6,4.1,0.4,0.4,0.0
IN-02,house,IN,18085,4344,13492,426,0,18262,-51.29,-53.72,87.0,0.8,7.7,1.7,0.2,0.0
IN-02,house,IN,18091,3499,6595,241,0,10335,-30.67,-34.64,79.4,10.1,5.7,0.7,0.2,0.0
IN-02,house,IN,18099,3931,9431,319,0,13680,-41.16,-44.19,87.0,0.4,9.2,0.6,0.2,0.0
IN-02,house,IN,18103,2251,7306,228,0,9785,-52.89,-55.58,87.3,5.8,2.6,0.4,0.8,0.0
IN-02,house,IN,18131,972,2968,94,0,4033,-50.68,-54.71,92.4,0.5,3.1,0.3,0.2,0.0
IN-02,house,IN,18141,39543,35971,1801,0,77315,4.73,1.5,73.2,11.8,8.0,2.5,0.3,0.1
IN-02,house,IN,18149,1838,5326,171,0,7336,-48.68,-52.81,92.7,0.3,3.2,0.2,0.3,0.0
IN-02,house,IN,18169,2433,7109,228,0,9770,-49.0,-51.53,93.8,0.4,2.3,0.5,0.4,0.0
IN-03,house,IN,18001,2440,7331,0,0,9772,-50.05,-53.61,93.0,0.4,4.2,0.4,0.3,0.0
IN-03,house,IN,18003,51683,62408,0,0,114091,-9.4,-12.68,74.0,10.7,7.0,4.2,0.2,0.0
IN-03,house,IN,18009,961,2634,0,0,3595,-46.53,-51.29,94.3,0.5,1.6,0.2,0.3,0.0
IN-03,house,IN,18033,3841,10009,0,0,13850,-44.53,-47.9,94.0,0.3,2.2,0.5,0.2,0.1
IN-03,house,IN,18069,3332,9072,0,0,12404,-46.27,-49.26,93.4,0.5,2.3,0.4,0.4,0.0
IN-03,house,IN,18075,1373,4298,0,0,5672,-51.58,-56.13,93.2,0.2,4.0,0.3,0.1,0.1
IN-03,house,IN,18085,1580,4560,0,0,6140,-48.53,-51.89,87.0,0.8,7.7,1.7,0.2,0.0
IN-03,house,IN,18087,1699,5587,0,0,7286,-53.37,-57.75,93.9,0.2,3.9,0.2,0.1,0.0
IN-03,house,IN,18113,3437,9837,0,0,13274,-48.22,-52.2,86.8,0.4,9.4,0.5,0.2,0.0
IN-03,house,IN,18135,1347,3663,0,0,5011,-46.22,-50.28,93.1,0.5,3.3,0.2,0.2,0.0
IN-03,house,IN,18151,3465,7981,0,0,11445,-39.45,-42.83,92.6,0.7,3.2,0.6,0.2,0.0
IN-03,house,IN,18179,2222,7649,0,0,9870,-54.98,-58.86,93.5,0.6,3.0,0.4,0.2,0.0
IN-03,house,IN,18183,3264,9144,0,0,12409,-47.39,-50.85,94.2,0.4,2.0,0.5,0.2,0.0
IN-04,house,IN,18007,726,2041,0,0,2767,-47.51,-47.96,90.7,0.5,5.8,0.2,0.2,0.1
IN-04,house,IN,18011,11633,16406,0,0,28040,-17.02,-16.33,88.0,2.0,3.4,3.3,0.2,0.0
IN-04,house,IN,18015,1542,4882,0,0,6423,-51.99,-53.0,93.7,0.5,3.2,0.2,0.1,0.0
IN-04,house,IN,18017,1800,3929,0,0,5729,-37.18,-39.12,80.0,1.5,14.2,1.4,0.3,0.0
IN-04,house,IN,18023,2278,6431,0,0,8709,-47.68,-48.79,81.5,0.6,15.1,0.2,0.2,0.0
IN-04,house,IN,18045,475,1713,0,0,2188,-56.61,-58.07,94.0,0.3,2.1,0.3,0.2,0.0
IN-04,house,IN,18063,22543,35631,0,0,58174,-22.5,-21.87,82.2,7.0,3.9,3.2,0.2,0.0
IN-04,house,IN,18067,94,334,0,0,428,-56.1,-56.55,84.6,7.1,2.9,1.3,0.3,0.0
IN-04,house,IN,18073,2614,8459,0,0,11074,-52.78,-55.19,90.4,0.4,5.5,0.3,0.2,0.0
IN-04,house,IN,18107,2975,8624,0,0,11599,-48.7,-49.14,90.5,0.8,5.1,0.6,0.2,0.0
IN-04,house,IN,18109,5594,19143,0,0,24736,-54.77,-55.28,94.2,0.4,1.4,0.4,0.3,0.0
IN-04,house,IN,18111,1030,3591,0,0,4620,-55.44,-57.85,88.8,0.3,6.1,0.3,0.2,0.0
IN-04,house,IN,18133,2832,8879,0,0,11711,-51.64,-52.9,90.1,3.3,2.0,1.1,0.2,0.0
IN-04,house,IN,18157,23470,23254,0,0,46725,0.46,-0.15,72.9,5.0,8.4,8.1,0.2,0.0
IN-04,house,IN,18171,664,2392,0,0,3056,-56.56,-58.19,95.8,0.1,1.8,0.3,0.1,0.0
IN-04,house,IN,18181,2154,5658,0,0,7813,-44.85,-46.03,88.7,0.4,7.6,0.4,0.2,0.0
IN-05,house,IN,18035,14404,17611,0,0,32015,-10.02,-16.07,85.3,6.9,2.8,1.2,0.2,0.0
IN-05,house,IN,18053,5585,12008,0,0,17593,-36.51,-42.56,84.3,6.7,4.1,0.8,0.2,0.0
IN-05,house,IN,18057,67414,70095,0,0,137509,-1.95,-6.19,81.4,4.1,4.4,6.6,0.1,0.0
IN-05,house,IN,18067,9406,17311,0,0,26717,-29.59,-35.59,84.6,7.1,2.9,1.3,0.3,0.0
IN-05,house,IN,18095,15368,23633,0,0,39001,-21.19,-27.47,84.4,7.7,3.7,0.5,0.2,0.0
IN-05,house,IN,18159,1482,4101,0,0,5583,-46.91,-51.7,94.7,0.3,2.3,0.3,0.1,0.0
IN-06,house,IN,18005,8305,13579,0,0,21884,-24.1,-24.15,81.2,2.1,7.0,6.3,0.2,0.1
IN-06,house,IN,18041,1523,5360,0,0,6883,-55.76,-57.07,94.9,1.2,1.0,0.3,0.1,0.0
IN-06,house,IN,18059,10015,21069,0,0,31084,-35.56,-34.35,90.6,2.8,2.2,1.0,0.2,0.0
IN-06,house,IN,18065,3786,10621,0,0,14406,-47.44,-48.54,92.9,2.5,1.7,0.4,0.1,0.0
IN-06,house,IN,18081,17643,36782,0,0,54425,-35.16,-34.93,86.8,2.1,3.2,4.4,0.2,0.0
IN-06,house,IN,18097,22872,33635,0,0,56507,-19.05,-18.99,55.5,25.8,10.9,3.8,0.2,0.0
IN-06,house,IN,18135,442,1929,0,0,2371,-62.75,-63.82,93.1,0.5,3.3,0.2,0.2,0.0
IN-06,house,IN,18139,1213,4143,0,0,5356,-54.71,-55.26,95.7,0.6,1.0,0.3,0.1,0.0
IN-06,house,IN,18145,3562,10258,0,0,13820,-48.45,-48.9,91.4,1.2,3.9,0.7,0.2,0.0
IN-06,house,IN,18161,535,1907,0,0,2442,-56.17,-56.77,96.1,0.3,0.9,0.5,0.2,0.0
IN-06,house,IN,18177,6390,12357,0,0,18747,-31.83,-33.0,87.3,4.6,2.9,1.1,0.2,0.0
IN-07,house,IN,18097,139877,45458,4538,0,189873,50.95,42.19,55.5,25.8,10.9,3.8,0.2,0.0
IN-08,house,IN,18021,1781,6654,0,0,8435,-57.78,-57.89,94.8,0.5,1.4,0.3,0.2,0.0
IN-08,house,IN,18025,915,2592,0,0,3508,-47.81,-49.62,95.7,0.2,0.9,0.2,0.2,0.0
IN-08,house,IN,18027,1410,6602,0,0,8012,-64.8,-65.21,90.4,1.9,5.1,0.3,0.1,0.0
IN-08,house,IN,18037,4292,10694,0,0,14985,-42.72,-43.19,89.8,0.4,7.4,0.6,0.1,0.0
IN-08,house,IN,18045,643,2756,0,0,3399,-62.16,-62.98,94.0,0.3,2.1,0.3,0.2,0.0
IN-08,house,IN,18051,2695,8433,0,0,11128,-51.56,-52.34,92.6,1.9,1.7,0.7,0.2,0.0
IN-08,house,IN,18055,2335,7908,0,0,10243,-54.4,-54.59,95.1,0.1,1.2,0.3,0.2,0.0
IN-08,house,IN,18083,2616,7958,0,0,10574,-50.52,-51.21,91.7,2.0,2.4,0.8,0.2,0.0
IN-08,house,IN,18101,673,2818,0,0,3491,-61.47,-61.87,95.8,0.1,0.7,0.4,0.2,0.1
IN-08,house,IN,18117,1449,4564,0,0,6013,-51.79,-52.97,94.2,0.9,1.1,0.4,0.2,0.1
IN-08,house,IN,18119,1684,5229,0,0,6913,-51.29,-51.53,94.1,0.4,1.1,0.3,0.2,0.0
IN-08,house,IN,18121,991,3666,0,0,4657,-57.42,-58.0,95.3,1.4,1.1,0.2,0.4,0.0
IN-08,house,IN,18123,2169,3899,0,0,6068,-28.52,-30.27,93.5,2.5,1.0,0.5,0.2,0.0
IN-08,house,IN,18125,943,3264,0,0,4206,-55.17,-55.64,95.6,0.3,1.1,0.2,0.3,0.0
IN-08,house,IN,18129,2572,6509,0,0,9081,-43.36,-44.09,94.8,0.8,1.2,0.4,0.2,0.0
IN-08,house,IN,18147,2084,5214,0,0,7298,-42.89,-44.15,93.9,0.7,2.6,0.4,0.3,0.0
IN-08,house,IN,18153,1452,4702,0,0,6155,-52.8,-53.59,90.3,5.1,1.4,0.2,0.2,0.0
IN-08,house,IN,18163,22580,29080,0,0,51659,-12.58,-12.82,82.7,9.0,2.8,1.4,0.2,0.3
IN-08,house,IN,18165,1415,3664,0,0,5079,-44.27,-45.71,95.6,0.2,0.9,0.3,0.2,0.1
IN-08,house,IN,18167,11784,16831,0,0,28616,-17.64,-18.46,84.1,7.0,2.7,2.0,0.3,0.0
IN-08,house,IN,18173,8038,15121,0,0,23158,-30.58,-30.66,91.3,1.6,1.7,2.4,0.2,0.0
IN-09,house,IN,18005,665,2196,67,0,2929,-53.5,-55.87,81.2,2.1,7.0,6.3,0.2,0.1
IN-09,house,IN,18013,2051,3851,138,0,6040,-30.5,-33.2,94.2,0.4,1.3,0.4,0.2,0.0
IN-09,house,IN,18019,16391,23681,935,0,41006,-18.19,-20.72,81.9,7.4,5.1,1.1,0.2,0.1
IN-09,house,IN,18029,3976,14214,424,0,18614,-56.28,-59.24,94.3,0.5,1.1,0.4,0.2,0.0
IN-09,house,IN,18031,1772,6514,193,0,8479,-57.23,-59.55,94.3,0.3,1.9,0.6,0.2,0.0
IN-09,house,IN,18043,12159,15991,657,0,28806,-13.61,-15.79,87.0,4.9,3.0,1.2,0.2,0.0
IN-09,house,IN,18047,1542,6689,192,0,8424,-62.53,-65.28,96.2,0.1,0.7,0.4,0.1,0.0
IN-09,house,IN,18061,3838,10146,326,0,14310,-45.1,-47.83,93.8,0.5,1.7,0.5,0.3,0.0
IN-09,house,IN,18071,2974,9787,298,0,13059,-53.39,-56.21,84.8,1.0,10.5,1.0,0.2,0.0
IN-09,house,IN,18077,3248,6553,229,0,10029,-33.72,-36.8,91.7,1.7,2.6,0.8,0.3,0.0
IN-09,house,IN,18079,1742,6337,189,0,8268,-56.87,-59.87,94.2,0.6,2.2,0.2,0.2,0.0
IN-09,house,IN,18093,3649,10861,339,0,14849,-49.7,-51.92,94.8,0.5,1.3,0.5,0.3,0.0
IN-09,house,IN,18105,26304,14131,943,0,41378,30.11,27.84,81.6,3.4,4.2,6.3,0.2,0.0
IN-09,house,IN,18115,498,1616,49,0,2164,-52.86,-56.28,95.0,0.3,1.1,0.4,0.1,0.0
IN-09,house,IN,18137,1997,7844,230,0,10070,-59.42,-62.25,94.7,0.2,1.5,0.6,0.2,0.0
IN-09,house,IN,18143,1814,5155,163,0,7132,-47.94,-52.32,94.4,0.3,1.8,0.4,0.1,0.0
IN-09,house,IN,18155,667,2245,68,0,2980,-54.2,-58.35,95.4,0.2,0.9,0.3,0.3,0.0
IN-09,house,IN,18175,2060,6644,203,0,8907,-52.67,-55.79,95.4,0.3,1.1,0.3,0.2,0.0
KS-01,house,KS,20009,1673,5529,198,0,7400,-53.54,-57.61,81.8,1.1,13.0,0.4,0.4,0.0
KS-01,house,KS,20023,165,804,27,0,996,-65.87,-70.38,87.6,0.3,6.9,0.6,0.0,0.0
KS-01,house,KS,20025,105,586,19,0,710,-69.55,-74.1,87.6,0.1,7.7,0.9,0.9,0.1
KS-01,house,KS,20027,662,2140,77,0,2880,-52.75,-56.83,93.4,0.6,2.0,0.7,0.4,0.0
KS-01,house,KS,20029,607,2150,76,0,2833,-55.95,-61.51,91.8,1.5,3.1,0.4,0.4,0.1
KS-01,house,KS,20039,168,821,27,0,1017,-66.05,-69.97,94.0,0.4,2.0,0.5,0.3,0.0
KS-01,house,KS,20041,1511,4720,172,0,6402,-51.51,-55.81,91.3,0.6,3.8,0.5,0.5,0.1
KS-01,house,KS,20045,23918,6492,837,0,31248,57.3,53.1,77.9,4.3,6.1,4.2,2.2,0.1
KS-01,house,KS,20051,2644,6562,254,0,9459,-42.56,-47.02,88.2,1.1,6.3,0.9,0.2,0.0
KS-01,house,KS,20053,477,1402,52,0,1931,-49.25,-53.13,85.5,4.8,5.6,0.4,0.7,0.0
KS-01,house,KS,20055,2607,4740,202,0,7549,-29.03,-35.32,42.6,3.7,46.9,4.0,0.5,0.0
KS-01,house,KS,20057,1857,3747,154,0,5758,-33.72,-39.06,42.4,2.8,51.3,1.3,0.4,0.0
KS-01,house,KS,20063,126,826,26,0,977,-73.6,-78.21,93.4,0.1,2.5,0.5,0.1,0.0
KS-01,house,KS,20065,165,712,24,0,901,-62.33,-66.8,91.5,2.5,1.8,0.4,0.4,0.0
KS-01,house,KS,20067,316,1197,42,0,1554,-58.24,-63.89,49.4,0.2,46.8,0.2,0.8,0.1
KS-01,house,KS,20069,255,1239,41,0,1535,-65.86,-70.01,84.7,0.2,12.5,0.2,0.1,0.0
KS-01,house,KS,20071,60,344,11,0,415,-70.06,-74.36,83.1,0.0,13.0,0.5,0.0,0.0
KS-01,house,KS,20075,103,453,15,0,571,-63.08,-67.33,58.4,0.4,38.4,0.3,0.5,0.0
KS-01,house,KS,20081,175,696,24,0,895,-59.86,-65.09,71.5,0.2,26.1,0.0,0.2,0.0
KS-01,house,KS,20083,108,550,18,0,676,-67.11,-71.46,93.1,0.5,3.4,0.8,0.3,0.0
KS-01,house,KS,20085,1297,2862,115,0,4274,-37.62,-42.35,82.6,0.8,3.7,0.3,7.5,0.1
KS-01,house,KS,20087,2290,4474,186,0,6950,-32.3,-37.68,91.5,0.6,2.4,0.2,0.7,0.2
KS-01,house,KS,20089,150,922,30,0,1102,-72.02,-77.23,95.1,0.1,1.3,0.3,0.3,0.0
KS-01,house,KS,20093,158,729,24,0,911,-64.43,-69.86,65.2,0.7,30.6,0.0,0.1,0.0
KS-01,house,KS,20101,90,485,16,0,590,-68.83,-72.93,89.9,0.0,6.7,0.0,0.6,0.2
KS-01,house,KS,20105,195,832,28,0,1055,-62.05,-66.28,92.6,0.3,3.3,0.3,0.6,0.0
KS-01,house,KS,20109,146,808,26,0,980,-69.33,-73.27,91.2,0.0,5.6,0.2,0.0,0.0
KS-01,house,KS,20113,2994,6616,265,0,9874,-37.69,-41.88,89.1,1.7,4.4,0.8,0.3,0.0
KS-01,house,KS,20117,916,2469,93,0,3478,-45.87,-50.3,95.0,0.3,1.7,0.4,0.3,0.0
KS-01,house,KS,20119,194,961,32,0,1187,-66.43,-70.49,79.4,0.7,15.6,0.4,0.3,0.0
KS-01,house,KS,20123,417,1745,60,0,2221,-61.45,-66.33,94.7,0.2,2.0,0.3,0.3,0.0
KS-01,house,KS,20129,107,615,20,0,742,-70.4,-74.81,74.8,0.8,19.1,1.1,0.5,0.3
KS-01,house,KS,20135,112,817,26,0,954,-75.9,-80.66,89.2,0.1,8.0,0.0,0.4,0.0
KS-01,house,KS,20137,271,1276,43,0,1589,-65.0,-68.94,86.8,4.3,5.2,0.8,0.7,0.0
KS-01,house,KS,20141,206,1003,33,0,1242,-65.92,-69.97,94.8,0.0,1.7,0.6,0.7,0.0
KS-01,house,KS,20143,374,1672,56,0,2102,-63.43,-67.74,93.1,0.5,2.1,0.1,0.5,0.0
KS-01,house,KS,20145,230,679,25,0,934,-49.33,-53.54,84.0,4.7,7.0,0.4,0.4,0.0
KS-01,house,KS,20147,268,1603,52,0,1923,-71.34,-75.36,94.5,0.3,1.8,0.4,0.2,0.0
KS-01,house,KS,20149,2541,6638,253,0,9432,-44.63,-48.6,89.6,1.1,4.1,0.7,0.5,0.1
KS-01,house,KS,20153,146,810,26,0,982,-69.54,-74.31,91.0,0.5,4.2,0.5,0.2,0.0
KS-01,house,KS,20155,6325,12031,505,0,18861,-31.09,-35.2,83.6,3.0,8.2,0.6,0.7,0.1
KS-01,house,KS,20157,309,1355,46,0,1710,-62.84,-66.96,95.3,0.4,1.3,0.2,0.2,0.2
KS-01,house,KS,20159,635,2067,74,0,2777,-52.97,-57.67,82.5,1.7,11.1,0.4,0.5,0.0
KS-01,house,KS,20161,8801,7765,456,0,17023,6.25,1.83,74.0,6.5,9.4,4.8,0.4,0.3
KS-01,house,KS,20163,272,1455,48,0,1774,-68.49,-72.1,94.2,0.7,1.9,0.1,0.1,0.1
KS-01,house,KS,20165,209,886,30,0,1124,-61.86,-66.56,93.9,0.2,3.7,0.5,0.1,0.0
KS-01,house,KS,20167,461,1788,62,0,2311,-59.04,-62.47,92.2,0.9,2.5,0.5,0.5,0.0
KS-01,house,KS,20169,5692,10133,436,0,16261,-28.07,-32.17,80.2,3.2,9.6,2.1,0.4,0.1
KS-01,house,KS,20171,206,1249,40,0,1495,-71.66,-76.28,79.2,0.3,16.6,0.3,0.4,0.1
KS-01,house,KS,20175,1043,2068,86,0,3196,-32.96,-39.65,32.3,3.2,59.7,2.7,0.4,0.0
KS-01,house,KS,20179,109,826,26,0,961,-76.67,-81.4,92.8,0.0,4.1,0.4,0.4,0.1
KS-01,house,KS,20181,301,1466,49,0,1815,-65.94,-70.16,83.3,2.2,11.1,0.3,0.3,0.0
KS-01,house,KS,20183,239,1128,38,0,1404,-65.0,-69.62,95.2,0.2,1.6,0.3,0.5,0.0
KS-01,house,KS,20187,91,361,12,0,465,-59.56,-64.72,56.2,0.3,39.6,0.1,1.1,0.0
KS-01,house,KS,20189,174,1077,34,0,1285,-72.24,-76.73,61.9,0.4,34.1,0.5,0.5,0.0
KS-01,house,KS,20193,463,2033,69,0,2565,-62.89,-66.87,88.6,1.5,7.1,0.5,0.1,0.0
KS-01,house,KS,20195,176,906,30,0,1111,-67.51,-72.29,94.8,0.2,1.4,0.3,0.2,0.0
KS-01,house,KS,20199,45,465,14,0,524,-82.3,-85.91,91.5,0.3,4.7,0.0,0.1,0.2
KS-01,house,KS,20201,320,1520,51,0,1890,-65.21,-70.21,93.8,0.1,3.6,0.0,0.0,0.0
KS-01,house,KS,20203,91,495,16,0,602,-68.95,-74.73,68.7,0.1,26.5,0.0,0.4,0.1
KS-02,house,KS,20001,1137,2671,111,0,3919,-40.3,-47.2,89.6,1.6,3.3,0.6,1.0,0.0
KS-02,house,KS,20005,1705,3229,144,0,5077,-30.89,-38.1,87.1,4.7,3.4,0.6,0.5,0.0
KS-02,house,KS,20011,1155,3314,131,0,4599,-48.33,-55.2,88.4,3.4,1.9,0.7,0.6,0.0
KS-02,house,KS,20013,825,2071,85,0,2980,-43.04,-48.93,83.7,1.1,2.7,0.3,7.6,0.1
KS-02,house,KS,20017,271,723,29,0,1023,-45.41,-51.6,87.1,0.9,8.6,0.4,0.1,0.0
KS-02,house,KS,20021,1576,4351,173,0,6100,-46.83,-53.94,86.1,0.4,2.0,0.3,3.7,0.1
KS-02,house,KS,20031,735,2241,87,0,3063,-50.61,-56.61,93.0,0.5,2.0,0.5,0.4,0.0
KS-02,house,KS,20037,4501,6606,325,0,11431,-18.95,-25.74,84.6,2.2,5.4,1.3,0.8,0.4
KS-02,house,KS,20043,515,1917,71,0,2503,-57.67,-64.48,88.5,4.2,2.3,0.5,1.0,0.2
KS-02,house,KS,20045,4423,4698,267,0,9387,-3.02,-9.77,77.9,4.3,6.1,4.2,2.2,0.1
KS-02,house,KS,20061,2763,3468,182,0,6413,-11.31,-18.01,56.8,17.0,14.0,3.8,0.6,1.2
KS-02,house,KS,20085,56,195,7,0,258,-55.3,-60.66,82.6,0.8,3.7,0.3,7.5,0.1
KS-02,house,KS,20099,1827,3559,157,0,5543,-32.14,-38.81,82.5,4.2,3.9,0.5,2.0,0.1
KS-02,house,KS,20103,10329,14522,726,0,25577,-16.87,-23.26,78.3,8.8,5.7,1.4,0.8,0.2
KS-02,house,KS,20107,703,2707,100,0,3510,-58.77,-65.47,92.7,0.4,1.9,0.3,0.6,0.1
KS-02,house,KS,20111,4143,4871,263,0,9277,-8.07,-15.0,72.7,2.0,19.1,1.9,0.4,0.0
KS-02,house,KS,20115,1119,2873,117,0,4108,-43.94,-50.22,92.4,1.1,3.0,0.3,0.3,0.0
KS-02,house,KS,20125,2304,6155,247,0,8707,-45.53,-51.98,78.2,4.9,6.0,0.6,2.9,0.1
KS-02,house,KS,20127,555,1343,55,0,1954,-41.51,-47.41,92.0,0.1,3.5,0.4,0.1,0.0
KS-02,house,KS,20131,735,3087,112,0,3933,-61.55,-67.96,95.0,0.6,1.9,0.4,0.3,0.1
KS-02,house,KS,20133,1330,3282,135,0,4748,-42.32,-49.05,88.3,0.9,4.5,0.5,0.8,0.1
KS-02,house,KS,20139,1554,3812,157,0,5523,-42.09,-49.34,93.5,0.2,2.1,0.4,0.3,0.0
KS-02,house,KS,20177,29789,25847,1626,0,57262,7.09,0.51,74.5,7.4,10.8,1.4,0.9,0.1
KS-02,house,KS,20197,738,1870,76,0,2685,-43.41,-49.79,92.1,0.5,3.3,0.2,0.5,0.1
KS-02,house,KS,20205,526,1924,72,0,2521,-57.05,-63.46,90.7,0.2,2.4,0.5,1.0,0.0
KS-02,house,KS,20207,228,796,30,0,1054,-55.39,-62.07,93.3,0.3,1.5,0.0,0.9,0.0
KS-02,house,KS,20209,15326,6414,635,0,22375,40.99,32.38,42.4,20.4,28.4,4.0,0.5,0.2
KS-03,house,KS,20003,801,1775,78,0,2654,-37.82,-60.75,93.4,0.4,1.8,0.5,0.7,0.0
KS-03,house,KS,20059,3511,5123,262,0,8895,-18.67,-40.94,89.2,1.3,3.8,0.4,0.8,0.0
KS-03,house,KS,20091,151667,81902,7075,0,240643,29.87,8.65,78.2,4.5,7.5,5.4,0.3,0.1
KS-03,house,KS,20121,5183,7512,385,0,13079,-18.35,-40.28,90.8,1.3,2.7,0.5,0.4,0.0
KS-03,house,KS,20209,8445,4214,383,0,13042,33.42,10.23,42.4,20.4,28.4,4.0,0.5,0.2
KS-04,house,KS,20007,234,1241,44,0,1519,-68.23,-73.11,92.4,0.1,2.6,0.4,0.7,0.0
KS-04,house,KS,20015,6859,15057,650,0,22566,-37.41,-42.04,86.2,2.3,4.4,1.4,0.7,0.1
KS-04,house,KS,20019,170,868,31,0,1069,-67.2,-72.05,85.6,0.7,3.8,0.6,4.5,0.0
KS-04,house,KS,20033,103,491,18,0,612,-65.23,-69.66,92.5,0.2,4.2,0.0,0.2,0.1
KS-04,house,KS,20035,2970,6212,272,0,9454,-35.31,-40.97,79.3,2.7,9.2,1.5,1.7,0.4
KS-04,house,KS,20047,172,691,26,0,888,-60.1,-66.06,78.8,0.6,17.7,0.0,0.7,0.0
KS-04,house,KS,20049,155,755,27,0,937,-65.92,-70.93,92.0,0.1,2.3,0.2,1.5,0.0
KS-04,house,KS,20073,423,1538,58,0,2019,-56.89,-61.9,91.5,0.5,2.3,0.5,0.7,0.0
KS-04,house,KS,20077,347,1390,52,0,1789,-60.09,-65.17,88.6,0.3,6.1,0.4,1.4,0.0
KS-04,house,KS,20079,4570,6367,324,0,11261,-16.43,-21.46,83.4,1.7,9.9,0.7,0.6,0.0
KS-04,house,KS,20095,590,2093,80,0,2763,-56.0,-61.11,92.7,0.3,2.7,0.4,0.4,0.1
KS-04,house,KS,20097,122,631,22,0,775,-67.59,-72.34,89.3,2.1,3.0,0.5,0.1,0.2
KS-04,house,KS,20145,246,666,27,0,939,-46.05,-51.33,84.0,4.7,7.0,0.4,0.4,0.0
KS-04,house,KS,20151,724,2051,82,0,2857,-47.83,-52.4,87.7,1.4,6.5,0.5,0.5,0.1
KS-04,house,KS,20173,66258,79340,4318,0,149916,-8.99,-14.06,68.3,8.3,13.0,4.5,0.9,0.1
KS-04,house,KS,20185,260,1038,38,0,1336,-59.94,-65.21,85.6,0.4,10.1,0.3,0.4,0.0
KS-04,house,KS,20191,1928,5244,213,0,7384,-46.23,-51.11,88.6,0.8,4.5,0.4,1.0,0.0
KY-01,house,KY,21001,1030,5251,0,0,6281,-67.2,-71.75,91.1,2.9,2.7,0.4,0.2,0.0
KY-01,house,KY,21003,1203,5389,0,0,6592,-63.49,-67.74,93.5,1.0,2.1,0.2,0.2,0.0
KY-01,house,KY,21005,426,1376,0,0,1802,-52.75,-56.78,92.0,2.1,1.8,0.4,0.2,0.0
KY-01,house,KY,21007,564,2297,0,0,2861,-60.57,-65.39,92.7,2.5,0.9,0.3,0.1,0.0
KY-01,house,KY,21021,3755,6303,0,0,10058,-25.33,-29.46,83.8,7.2,4.3,1.2,0.1,0.0
KY-01,house,KY,21033,985,3346,0,0,4331,-54.52,-58.93,89.6,5.1,1.3,0.4,0.2,0.0
KY-01,house,KY,21035,3917,7941,0,0,11858,-33.93,-38.61,88.2,3.6,2.9,1.2,0.2,0.0
KY-01,house,KY,21039,328,1499,0,0,1827,-64.13,-68.49,93.7,1.2,1.5,0.3,0.3,0.0
KY-01,house,KY,21045,670,4286,0,0,4956,-72.95,-77.09,94.4,0.5,2.4,0.3,0.3,0.0
KY-01,house,KY,21047,5341,9824,0,0,15165,-29.56,-34.03,66.6,20.4,7.0,1.4,0.4,0.2
KY-01,house,KY,21053,457,2959,0,0,3416,-73.23,-77.24,95.0,0.4,1.6,0.1,0.1,0.0
KY-01,house,KY,21055,492,2315,0,0,2807,-64.97,-69.27,95.0,1.1,1.2,0.0,0.2,0.0
KY-01,house,KY,21057,392,2017,0,0,2409,-67.48,-71.63,93.4,2.7,1.2,0.0,0.0,0.0
KY-01,house,KY,21073,8943,9083,0,0,18026,-0.78,-4.95,82.8,8.4,3.0,1.9,0.2,0.0
KY-01,house,KY,21075,487,1014,0,0,1501,-35.09,-40.2,73.4,20.9,1.9,0.3,0.2,0.1
KY-01,house,KY,21083,2468,9205,0,0,11673,-57.72,-62.32,86.3,4.0,5.8,0.5,0.3,0.0
KY-01,house,KY,21101,5147,8630,0,0,13777,-25.28,-29.62,85.7,8.1,2.3,0.6,0.2,0.1
KY-01,house,KY,21105,311,1138,0,0,1448,-57.1,-61.56,87.6,8.2,1.5,0.2,0.1,0.0
KY-01,house,KY,21107,3747,10627,0,0,14373,-47.87,-51.51,87.9,6.4,1.9,0.5,0.2,0.0
KY-01,house,KY,21139,699,2780,0,0,3480,-59.8,-63.89,93.8,0.3,1.4,0.1,0.3,0.1
KY-01,house,KY,21141,1970,5955,0,0,7925,-50.28,-55.49,87.8,6.2,2.6,0.3,0.2,0.0
KY-01,house,KY,21143,749,2181,0,0,2930,-48.86,-54.07,89.1,6.4,1.5,0.4,0.3,0.0
KY-01,house,KY,21145,7645,14711,0,0,22357,-31.61,-35.38,82.0,10.4,2.5,0.9,0.3,0.0
KY-01,house,KY,21155,1954,4416,0,0,6370,-38.64,-44.07,87.6,6.4,2.7,0.6,0.0,0.2
KY-01,house,KY,21157,2900,9420,0,0,12319,-52.93,-57.41,94.8,0.3,1.3,0.3,0.2,0.0
KY-01,house,KY,21169,714,2875,0,0,3588,-60.22,-65.2,94.1,1.2,1.9,0.1,0.0,0.0
KY-01,house,KY,21171,486,3230,0,0,3715,-73.86,-78.08,92.8,2.1,3.4,0.0,0.1,0.0
KY-01,house,KY,21207,972,5253,0,0,6225,-68.77,-72.8,93.7,0.6,2.9,0.5,0.3,0.0
KY-01,house,KY,21213,1859,4283,0,0,6142,-39.47,-44.48,84.4,8.5,2.6,0.5,0.3,0.0
KY-01,house,KY,21217,2032,6550,0,0,8581,-52.65,-57.42,88.7,5.2,2.1,1.0,0.1,0.0
KY-01,house,KY,21219,823,2755,0,0,3578,-53.99,-58.46,85.1,7.5,4.1,0.1,0.1,0.0
KY-01,house,KY,21221,1283,3753,0,0,5036,-49.05,-53.06,88.1,6.7,2.0,0.2,0.3,0.0
KY-01,house,KY,21225,970,3270,0,0,4240,-54.25,-59.05,87.0,8.2,1.3,0.3,0.2,0.0
KY-01,house,KY,21229,1189,3249,0,0,4438,-46.43,-50.97,88.2,5.8,2.9,0.3,0.2,0.1
KY-01,house,KY,21233,907,2982,0,0,3889,-53.37,-58.01,87.8,4.1,4.5,0.2,0.2,0.0
KY-02,house,KY,21009,3218,10366,279,0,13863,-52.62,-53.38,88.8,3.9,3.5,0.6,0.2,0.1
KY-02,house,KY,21027,1455,5438,141,0,7035,-57.78,-58.91,92.7,2.2,1.2,0.2,0.2,0.0
KY-02,house,KY,21029,7187,22455,608,0,30250,-51.51,-51.71,92.4,1.1,2.0,0.5,0.2,0.0
KY-02,house,KY,21031,679,3398,84,0,4161,-66.7,-67.12,93.6,0.2,3.3,0.2,0.2,0.0
KY-02,house,KY,21059,10965,21343,663,0,32970,-32.12,-32.41,87.3,4.6,2.9,2.0,0.1,0.1
KY-02,house,KY,21061,791,3495,88,0,4374,-63.1,-63.74,95.0,0.8,1.2,0.3,0.3,0.1
KY-02,house,KY,21085,1567,6730,170,0,8468,-62.22,-62.58,94.1,1.3,1.2,0.3,0.3,0.0
KY-02,house,KY,21087,561,3458,82,0,4101,-72.09,-73.1,94.0,1.6,1.3,0.3,0.2,0.0
KY-02,house,KY,21091,851,2327,65,0,3243,-46.43,-48.42,95.4,0.9,1.3,0.4,0.1,0.0
KY-02,house,KY,21093,11655,21328,677,0,33660,-29.33,-29.85,75.7,11.3,5.1,2.2,0.3,0.3
KY-02,house,KY,21099,1185,4584,118,0,5887,-58.93,-60.59,91.0,4.1,1.3,0.3,0.2,0.0
KY-02,house,KY,21111,5798,8853,301,0,14952,-20.85,-19.53,66.3,19.8,6.7,3.3,0.2,0.1
KY-02,house,KY,21123,979,4001,102,0,5082,-60.69,-61.21,90.8,2.6,2.3,0.2,0.3,0.1
KY-02,house,KY,21141,178,636,17,0,831,-56.28,-58.16,87.8,6.2,2.6,0.3,0.2,0.0
KY-02,house,KY,21149,693,2486,65,0,3244,-56.4,-56.69,96.2,0.5,1.0,0.1,0.1,0.0
KY-02,house,KY,21163,2334,7355,199,0,9887,-51.82,-52.85,88.5,3.0,2.9,0.8,0.5,0.2
KY-02,house,KY,21177,2171,7223,193,0,9586,-53.78,-54.97,91.6,4.4,1.6,0.2,0.2,0.0
KY-02,house,KY,21179,2153,4632,139,0,6924,-36.53,-37.99,89.8,4.7,1.9,0.5,0.2,0.0
KY-02,house,KY,21183,1488,6015,154,0,7657,-60.33,-61.13,93.4,0.7,3.0,0.2,0.1,0.0
KY-02,house,KY,21227,14888,24137,801,0,39826,-23.7,-24.67,76.3,9.1,5.8,4.5,0.2,0.4
KY-03,house,KY,21111,158108,74754,0,0,232862,35.8,19.18,66.3,19.8,6.7,3.3,0.2,0.1
KY-04,house,KY,21015,16074,30062,1096,0,47232,-30.32,-37.81,85.2,3.8,4.7,2.3,0.2,0.2
KY-04,house,KY,21023,614,2228,67,0,2910,-56.81,-65.76,95.9,0.4,0.7,0.1,0.2,0.0
KY-04,house,KY,21037,14455,18617,786,0,33858,-12.58,-20.04,90.5,2.8,2.0,1.1,0.1,0.0
KY-04,house,KY,21041,801,1954,65,0,2820,-41.85,-51.57,89.2,1.6,5.7,0.4,0.2,0.0
KY-04,house,KY,21043,191,699,21,0,911,-57.08,-66.02,95.8,0.9,0.6,0.2,0.2,0.0
KY-04,house,KY,21077,648,2032,64,0,2744,-51.62,-60.67,91.0,1.1,4.3,0.1,0.0,0.1
KY-04,house,KY,21081,1715,6134,186,0,8036,-56.3,-65.64,92.8,0.7,2.3,0.3,0.3,0.2
KY-04,house,KY,21089,3436,8454,282,0,12172,-42.2,-51.22,95.2,0.6,0.7,0.7,0.2,0.0
KY-04,house,KY,21097,1839,4332,147,0,6318,-40.4,-49.12,93.3,1.8,1.5,0.3,0.2,0.0
KY-04,house,KY,21103,1553,3972,131,0,5657,-43.78,-53.28,91.2,2.3,2.8,0.2,0.3,0.0
KY-04,house,KY,21117,23696,31693,1316,0,56704,-14.44,-22.17,86.7,4.5,3.6,1.2,0.2,0.1
KY-04,house,KY,21135,639,3276,93,0,4009,-67.36,-76.48,96.9,0.2,0.4,0.1,0.2,0.0
KY-04,house,KY,21161,1739,3667,128,0,5535,-35.66,-44.29,88.6,6.0,1.4,0.6,0.2,0.0
KY-04,house,KY,21179,2810,6060,211,0,9080,-36.64,-45.52,89.8,4.7,1.9,0.5,0.2,0.0
KY-04,house,KY,21185,10998,15147,621,0,26766,-15.87,-23.04,87.1,3.7,3.8,1.6,0.2,0.0
KY-04,house,KY,21187,857,2907,89,0,3853,-54.47,-63.56,93.5,0.9,1.8,0.1,0.2,0.0
KY-04,house,KY,21191,1044,3678,112,0,4834,-55.78,-64.43,95.4,0.3,1.2,0.2,0.1,0.0
KY-04,house,KY,21201,186,597,19,0,802,-52.53,-61.95,96.1,0.3,0.6,0.4,0.2,0.0
KY-04,house,KY,21211,6176,10671,400,0,17247,-26.68,-35.3,81.1,5.9,8.6,0.7,0.2,0.1
KY-04,house,KY,21215,1992,5865,187,0,8043,-49.29,-57.41,92.6,1.5,1.6,0.4,0.2,0.1
KY-04,house,KY,21223,765,2143,69,0,2977,-47.37,-56.11,94.2,0.3,1.7,0.3,0.3,0.1
KY-05,house,KY,21011,724,1829,39,0,2592,-43.26,-50.78,95.6,1.1,1.0,0.1,0.0,0.0
KY-05,house,KY,21013,1189,5246,98,0,6533,-63.05,-69.32,93.2,2.5,0.9,0.5,0.2,0.0
KY-05,house,KY,21019,4820,9614,220,0,14653,-33.21,-39.08,92.3,2.9,1.2,0.6,0.2,0.0
KY-05,house,KY,21025,829,2693,54,0,3576,-52.91,-60.22,95.1,0.4,0.6,0.2,0.0,0.0
KY-05,house,KY,21043,1674,5304,106,0,7084,-52.01,-58.27,95.8,0.9,0.6,0.2,0.2,0.0
KY-05,house,KY,21051,634,4545,79,0,5258,-75.52,-81.35,91.0,4.8,1.8,0.1,0.1,0.1
KY-05,house,KY,21063,452,1549,30,0,2032,-54.8,-62.89,93.0,4.2,1.2,0.1,0.2,0.0
KY-05,house,KY,21071,2531,8253,164,0,10948,-53.07,-60.21,96.9,0.3,0.6,0.3,0.1,0.0
KY-05,house,KY,21095,1043,6115,109,0,7266,-70.87,-76.74,93.5,2.1,0.9,0.3,0.2,0.0
KY-05,house,KY,21109,464,3625,62,0,4151,-77.3,-82.74,97.0,0.1,0.6,0.1,0.3,0.0
KY-05,house,KY,21115,1122,5508,101,0,6730,-66.16,-71.58,96.6,0.2,0.8,0.5,0.2,0.0
KY-05,house,KY,21119,955,3181,63,0,4199,-53.82,-60.05,97.1,0.5,0.5,0.2,0.1,0.0
KY-05,house,KY,21121,1533,7531,138,0,9202,-66.17,-71.98,94.9,0.9,1.0,0.3,0.3,0.0
KY-05,house,KY,21125,3332,15882,293,0,19506,-65.31,-70.7,94.0,0.7,1.3,0.6,0.2,0.0
KY-05,house,KY,21127,859,3670,69,0,4598,-62.05,-67.92,97.1,0.2,0.6,0.2,0.0,0.0
KY-05,house,KY,21129,340,1513,28,0,1882,-63.28,-69.16,92.6,4.6,0.6,0.0,0.0,0.0
KY-05,house,KY,21131,344,2658,46,0,3048,-77.1,-82.19,97.1,0.2,0.6,0.2,0.2,0.0
KY-05,house,KY,21133,1185,4623,88,0,5897,-59.18,-64.91,96.6,0.4,0.5,0.3,0.2,0.0
KY-05,house,KY,21137,1668,5934,116,0,7718,-56.12,-61.88,93.7,2.0,1.4,0.2,0.1,0.0
KY-05,house,KY,21147,561,3719,65,0,4345,-73.78,-79.23,87.8,6.9,2.2,0.2,0.4,0.0
KY-05,house,KY,21153,773,2861,55,0,3689,-57.45,-65.02,97.6,0.1,0.4,0.0,0.1,0.1
KY-05,house,KY,21159,274,2244,38,0,2557,-78.2,-84.19,86.7,8.5,3.0,0.2,0.4,0.0
KY-05,house,KY,21165,547,1722,35,0,2304,-51.78,-58.85,96.4,0.4,0.8,0.0,0.2,0.0
KY-05,house,KY,21175,783,2919,56,0,3758,-57.71,-64.51,90.0,4.4,3.5,0.2,0.1,0.0
KY-05,house,KY,21189,176,1091,19,0,1286,-72.21,-77.79,97.0,0.2,0.9,0.0,0.0,0.2
KY-05,house,KY,21193,1574,5310,105,0,6989,-54.27,-60.2,94.6,1.3,0.6,0.9,0.2,0.0
KY-05,house,KY,21195,3285,13216,251,0,16752,-60.19,-66.05,95.4,0.8,0.9,0.6,0.1,0.0
KY-05,house,KY,21199,4283,17584,333,0,22200,-60.83,-65.92,92.7,1.1,2.3,0.6,0.3,0.0
KY-05,house,KY,21203,840,4482,81,0,5403,-68.43,-74.12,96.2,0.2,0.8,0.2,0.3,0.0
KY-05,house,KY,21205,2663,4138,104,0,6905,-21.68,-28.22,92.8,1.6,1.9,0.6,0.2,0.0
KY-05,house,KY,21231,1179,4835,92,0,6106,-60.78,-66.61,92.8,1.2,3.5,0.3,0.2,0.0
KY-05,house,KY,21235,1850,8537,158,0,10545,-64.38,-70.02,93.1,1.6,1.6,0.6,0.2,0.0
KY-05,house,KY,21237,558,1450,31,0,2039,-44.44,-51.68,97.2,0.3,0.9,0.1,0.1,0.0
KY-06,house,KY,21005,2276,4904,189,0,7368,-36.6,-48.21,92.0,2.1,1.8,0.4,0.2,0.0
KY-06,house,KY,21011,340,808,30,0,1179,-40.71,-54.52,95.6,1.1,1.0,0.1,0.0,0.0
KY-06,house,KY,21017,2544,3963,171,0,6678,-21.8,-34.1,85.6,5.4,5.6,0.3,0.2,0.0
KY-06,house,KY,21049,4641,7562,321,0,12524,-23.93,-35.88,89.2,4.3,3.0,0.5,0.2,0.0
KY-06,house,KY,21065,1052,3241,113,0,4405,-50.99,-64.09,96.4,0.2,0.8,0.1,0.2,0.0
KY-06,house,KY,21067,63789,34375,2580,0,100744,29.96,18.51,70.7,13.7,7.5,4.1,0.2,0.0
KY-06,house,KY,21069,1224,3553,125,0,4903,-48.74,-61.4,95.7,1.1,1.0,0.1,0.2,0.0
KY-06,house,KY,21079,1562,4524,160,0,6245,-48.67,-60.95,92.4,1.9,1.9,0.2,0.2,0.1
KY-06,house,KY,21113,6843,11365,478,0,18686,-24.83,-36.51,87.8,3.8,3.5,1.2,0.2,0.1
KY-06,house,KY,21151,12442,18389,810,0,31641,-19.29,-31.48,86.7,4.4,2.9,1.1,0.2,0.1
KY-06,house,KY,21167,2461,5626,212,0,8299,-39.15,-51.34,90.0,3.6,2.4,0.3,0.2,0.1
KY-06,house,KY,21173,2866,5883,230,0,8978,-34.49,-47.29,91.3,2.5,2.5,0.5,0.1,0.0
KY-06,house,KY,21181,720,1545,59,0,2324,-36.41,-49.68,95.6,0.6,1.1,0.1,0.1,0.0
KY-06,house,KY,21197,1059,2599,96,0,3754,-42.11,-55.41,95.8,0.6,1.2,0.3,0.2,0.0
KY-06,house,KY,21209,8489,11822,534,0,20844,-16.41,-28.19,85.8,5.1,4.3,1.0,0.1,0.0
KY-06,house,KY,21239,4957,5272,269,0,10497,-3.08,-14.54,85.7,4.8,5.7,0.6,0.1,0.0
LA-01,house,LA,22051,21853,50827,1681,0,74361,-39.86,-34.66,50.9,25.0,16.1,4.5,0.3,0.0
LA-01,house,LA,22057,1583,10479,279,0,12341,-73.76,-70.22,75.3,14.2,5.0,0.8,2.3,0.0
LA-01,house,LA,22071,11204,6431,408,0,18043,27.06,34.07,34.7,51.2,7.6,2.9,0.2,0.0
LA-01,house,LA,22075,1965,4836,157,0,6959,-42.21,-38.47,60.9,20.8,7.9,4.5,1.2,0.2
LA-01,house,LA,22087,1849,4173,139,0,6161,-38.6,-35.33,56.9,23.7,12.7,2.3,0.5,0.0
LA-01,house,LA,22103,23878,70777,2188,0,96843,-49.55,-44.51,75.0,12.1,7.1,1.5,0.3,0.0
LA-01,house,LA,22105,2427,11771,328,0,14526,-65.81,-61.06,63.3,27.8,4.8,0.8,0.3,0.0
LA-01,house,LA,22109,4594,18212,527,0,23333,-59.71,-55.8,66.6,18.1,5.7,1.2,5.0,0.0
LA-02,house,LA,22005,2712,622,72,0,3406,62.68,42.97,65.5,23.1,7.2,1.3,0.2,0.0
LA-02,house,LA,22033,29373,80,632,0,30085,99.46,80.3,45.1,42.7,6.1,3.2,0.2,0.0
LA-02,house,LA,22047,4584,1821,137,0,6543,43.14,24.47,51.1,41.4,4.9,0.4,0.2,0.0
LA-02,house,LA,22051,33750,15682,1060,0,50491,36.55,18.29,50.9,25.0,16.1,4.5,0.3,0.0
LA-02,house,LA,22071,88606,2902,1964,0,93472,93.66,75.52,34.7,51.2,7.6,2.9,0.2,0.0
LA-02,house,LA,22087,2677,3160,125,0,5963,-8.27,-24.02,56.9,23.7,12.7,2.3,0.5,0.0
LA-02,house,LA,22089,4464,6181,228,0,10873,-16.13,-34.25,64.8,24.0,6.9,1.0,0.4,0.0
LA-02,house,LA,22093,4781,3324,174,0,8278,17.97,-0.94,50.5,46.2,1.5,0.1,0.1,0.0
LA-02,house,LA,22095,6273,902,154,0,7328,74.86,56.82,34.7,54.7,6.8,0.9,0.2,0.0
LA-02,house,LA,22121,2396,827,69,0,3293,48.66,31.63,53.7,38.5,4.2,0.9,0.2,0.0
LA-03,house,LA,22001,3556,14827,322,0,18704,-61.31,-64.54,78.8,16.3,2.4,0.3,0.2,0.0
LA-03,house,LA,22019,13912,17121,543,0,31576,-10.34,-14.7,65.6,24.2,4.6,1.8,0.4,0.1
LA-03,house,LA,22023,187,2126,40,0,2354,-83.82,-86.88,93.2,1.2,3.0,0.3,0.4,0.0
LA-03,house,LA,22045,6890,13286,353,0,20530,-31.7,-34.49,58.5,31.0,5.0,2.8,0.3,0.0
LA-03,house,LA,22053,2060,7818,173,0,10051,-58.29,-61.92,79.0,15.5,2.0,0.3,0.4,0.0
LA-03,house,LA,22055,26915,49501,1337,0,77753,-29.56,-31.91,65.1,23.7,5.9,2.2,0.3,0.0
LA-03,house,LA,22097,8191,11695,348,0,20234,-17.62,-21.11,55.0,39.8,2.2,0.5,0.2,0.0
LA-03,house,LA,22099,5327,11471,294,0,17093,-36.57,-40.1,66.1,27.6,2.9,0.8,0.3,0.0
LA-03,house,LA,22101,5081,9294,252,0,14627,-29.3,-32.2,56.5,29.5,7.9,1.4,1.7,0.0
LA-03,house,LA,22109,1788,3714,96,0,5599,-35.01,-38.62,66.6,18.1,5.7,1.2,5.0,0.0
LA-03,house,LA,22113,3471,14712,318,0,18501,-61.83,-64.53,79.2,12.7,3.5,2.2,0.3,0.0
LA-04,house,LA,22003,1138,4989,0,0,6126,-62.87,-61.66,66.4,17.6,10.0,0.8,2.2,0.0
LA-04,house,LA,22011,1454,9660,0,0,11114,-73.83,-72.07,80.0,11.9,3.0,0.6,0.8,0.1
LA-04,house,LA,22013,1769,2610,0,0,4379,-19.21,-18.24,54.2,40.5,1.4,0.1,0.5,0.0
LA-04,house,LA,22015,9772,26792,0,0,36564,-46.55,-43.9,64.3,22.1,6.9,1.9,0.5,0.1
LA-04,house,LA,22017,33894,32383,0,0,66277,2.28,4.71,46.0,45.9,3.1,1.4,0.4,0.1
LA-04,house,LA,22019,3347,21917,0,0,25264,-73.51,-71.91,65.6,24.2,4.6,1.8,0.4,0.1
LA-04,house,LA,22027,1561,2510,0,0,4071,-23.31,-22.27,52.8,40.9,3.5,0.3,0.3,0.0
LA-04,house,LA,22031,3134,6606,0,0,9739,-35.65,-35.79,57.7,35.5,2.4,0.4,0.9,0.0
LA-04,house,LA,22039,2426,7498,0,0,9924,-51.11,-49.66,66.9,25.3,4.6,0.7,0.2,0.0
LA-04,house,LA,22069,4039,6488,0,0,10527,-23.26,-22.64,53.2,37.1,3.9,0.5,0.8,0.1
LA-04,house,LA,22081,942,1665,0,0,2607,-27.71,-27.77,57.9,36.7,2.0,0.0,0.7,0.0
LA-04,house,LA,22085,989,6131,0,0,7120,-72.23,-70.54,69.9,14.9,2.9,0.3,7.6,0.0
LA-04,house,LA,22111,1514,5819,0,0,7333,-58.71,-57.5,70.3,22.5,4.3,0.2,0.3,0.0
LA-04,house,LA,22115,1654,9652,0,0,11306,-70.74,-68.56,71.2,12.7,7.6,2.0,1.0,0.5
LA-04,house,LA,22119,3506,7837,0,0,11344,-38.18,-36.91,62.7,31.9,1.5,0.4,0.4,0.0
LA-05,house,LA,22009,3525,7702,0,0,11227,-37.21,-43.68,65.3,25.4,4.1,1.0,0.8,0.0
LA-05,house,LA,22021,515,2519,0,0,3034,-66.04,-73.05,79.0,15.9,2.2,0.6,0.1,0.0
LA-05,house,LA,22025,850,2194,0,0,3044,-44.17,-50.9,65.2,24.0,8.0,0.3,0.3,0.1
LA-05,house,LA,22029,2083,3346,0,0,5429,-23.25,-29.67,56.4,38.6,2.2,0.7,0.2,0.0
LA-05,house,LA,22035,1016,598,0,0,1614,25.93,17.94,29.7,67.2,1.4,0.3,0.0,0.0
LA-05,house,LA,22037,2950,4013,0,0,6963,-15.27,-22.49,59.6,35.6,2.0,0.3,0.3,0.0
LA-05,house,LA,22041,1763,4396,0,0,6159,-42.75,-49.63,65.6,30.8,1.2,0.2,0.2,0.0
LA-05,house,LA,22043,910,5404,0,0,6314,-71.17,-77.67,74.0,14.8,6.7,0.4,0.9,0.0
LA-05,house,LA,22049,1489,3569,0,0,5059,-41.12,-48.15,67.2,25.6,3.2,1.1,0.3,0.0
LA-05,house,LA,22059,526,4109,0,0,4635,-77.28,-83.38,74.3,8.8,11.5,2.1,0.8,0.1
LA-05,house,LA,22061,5163,7548,0,0,12711,-18.76,-25.85,54.4,37.9,3.1,1.5,0.3,0.0
LA-05,house,LA,22065,1599,1195,0,0,2794,14.44,6.29,38.4,57.8,2.0,0.1,0.3,0.0
LA-05,house,LA,22067,3099,3969,0,0,7068,-12.31,-19.59,50.1,44.7,1.5,0.4,0.3,0.0
LA-05,house,LA,22073,17665,27444,0,0,45108,-21.68,-28.22,57.6,34.1,3.3,1.5,0.3,0.0
LA-05,house,LA,22079,12986,24394,0,0,37380,-30.52,-37.25,61.3,29.4,3.5,1.5,0.7,0.0
LA-05,house,LA,22083,2164,4272,0,0,6436,-32.76,-39.86,60.1,34.9,1.9,0.3,0.3,0.0
LA-05,house,LA,22091,2195,1827,0,0,4021,9.15,0.78,44.8,50.6,1.8,0.2,0.3,0.0
LA-05,house,LA,22097,2711,2982,0,0,5693,-4.75,-11.7,55.0,39.8,2.2,0.5,0.2,0.0
LA-05,house,LA,22105,10026,14022,0,0,24048,-16.62,-23.86,63.3,27.8,4.8,0.8,0.3,0.0
LA-05,house,LA,22107,773,717,0,0,1490,3.75,-4.34,44.3,52.3,1.4,0.2,0.0,0.0
LA-05,house,LA,22117,4239,8681,0,0,12920,-34.38,-40.72,67.3,27.0,2.6,0.3,0.3,0.0
LA-05,house,LA,22123,514,2709,0,0,3223,-68.12,-74.67,81.9,13.1,2.5,0.1,0.4,0.0
LA-05,house,LA,22125,1586,2620,0,0,4206,-24.6,-32.38,70.4,22.5,4.5,0.2,0.7,0.0
LA-05,house,LA,22127,1056,2991,0,0,4047,-47.82,-54.9,62.9,23.7,8.6,1.5,0.5,0.1
LA-06,house,LA,22005,12731,26677,866,0,40274,-35.39,-41.03,65.5,23.1,7.2,1.3,0.2,0.0
LA-06,house,LA,22007,2539,4551,156,0,7246,-28.38,-36.05,66.4,27.6,3.8,0.3,0.5,0.0
LA-06,house,LA,22033,48565,52443,2220,0,103228,-3.84,-8.82,45.1,42.7,6.1,3.2,0.2,0.0
LA-06,house,LA,22047,1406,2719,91,0,4216,-31.82,-39.45,51.1,41.4,4.9,0.4,0.2,0.0
LA-06,house,LA,22057,4225,13018,379,0,17622,-50.99,-57.68,75.3,14.2,5.0,0.8,2.3,0.0
LA-06,house,LA,22063,8106,36983,990,0,46080,-64.04,-69.37,83.0,7.2,5.1,0.8,0.3,0.0
LA-06,house,LA,22077,3157,4756,174,0,8086,-20.21,-27.83,61.5,32.9,2.6,0.3,0.2,0.0
LA-06,house,LA,22089,2885,4783,168,0,7836,-24.75,-30.97,64.8,24.0,6.9,1.0,0.4,0.0
LA-06,house,LA,22095,2880,2849,126,0,5855,0.54,-4.63,34.7,54.7,6.8,0.9,0.2,0.0
LA-06,house,LA,22099,43,358,9,0,410,-78.71,-83.96,66.1,27.6,2.9,0.8,0.3,0.0
LA-06,house,LA,22121,2252,4002,137,0,6391,-27.99,-34.14,53.7,38.5,4.2,0.9,0.2,0.0
MA-01,house,MA,25003,34860,10711,2520,0,48092,52.99,40.79,87.1,2.9,4.4,1.6,0.1,0.0
MA-01,house,MA,25011,575,260,46,0,881,37.66,26.92,88.5,1.3,4.0,1.7,0.2,0.0
MA-01,house,MA,25013,84324,53990,7648,0,145962,21.93,9.08,64.2,7.5,22.4,2.5,0.2,0.0
MA-01,house,MA,25015,20384,10197,1691,0,32273,33.31,22.09,79.8,2.7,6.1,7.1,0.1,0.0
MA-01,house,MA,25027,19646,18015,2082,0,39743,4.33,-7.6,74.2,4.7,11.2,5.2,0.1,0.0
MA-02,house,MA,25011,21644,6977,0,0,28621,51.25,39.34,88.5,1.3,4.0,1.7,0.2,0.0
MA-02,house,MA,25015,24268,2724,0,0,26992,79.82,68.7,79.8,2.7,6.1,7.1,0.1,0.0
MA-02,house,MA,25017,15395,5192,0,0,20587,49.56,38.74,69.0,4.8,7.8,12.7,0.1,0.0
MA-02,house,MA,25021,3942,1985,0,0,5927,33.01,22.26,72.7,6.7,4.6,11.9,0.1,0.0
MA-02,house,MA,25027,118280,69064,0,0,187344,26.27,14.14,74.2,4.7,11.2,5.2,0.1,0.0
MA-03,house,MA,25009,34284,19429,0,0,53713,27.66,9.71,70.0,3.2,19.8,3.6,0.1,0.0
MA-03,house,MA,25017,104781,45010,0,0,149791,39.9,25.28,69.0,4.8,7.8,12.7,0.1,0.0
MA-03,house,MA,25027,30253,17473,0,0,47727,26.78,11.85,74.2,4.7,11.2,5.2,0.1,0.0
MA-04,house,MA,25005,73404,53140,0,0,126544,16.01,0.44,80.2,3.7,7.7,2.3,0.2,0.0
MA-04,house,MA,25017,30405,4234,0,0,34639,75.55,61.21,69.0,4.8,7.8,12.7,0.1,0.0
MA-04,house,MA,25021,73817,24294,0,0,98111,50.48,35.97,72.7,6.7,4.6,11.9,0.1,0.0
MA-04,house,MA,25023,2730,2698,0,0,5428,0.6,-13.87,79.1,7.7,3.8,1.5,0.1,0.0
MA-04,house,MA,25025,209,8,0,0,217,92.25,77.93,47.8,16.0,19.7,10.8,0.1,0.0
MA-04,house,MA,25027,11925,7903,0,0,19828,20.29,5.36,74.2,4.7,11.2,5.2,0.1,0.0
MA-05,house,MA,25017,188148,46473,0,0,234621,60.38,49.07,69.0,4.8,7.8,12.7,0.1,0.0
MA-05,house,MA,25021,6883,1495,0,0,8378,64.32,52.84,72.7,6.7,4.6,11.9,0.1,0.0
MA-05,house,MA,25025,12136,7285,0,0,19421,24.98,10.36,47.8,16.0,19.7,10.8,0.1,0.0
MA-06,house,MA,25009,153550,73656,0,0,227206,35.16,23.36,70.0,3.2,19.8,3.6,0.1,0.0
MA-06,house,MA,25017,47774,28237,0,0,76011,25.7,14.29,69.0,4.8,7.8,12.7,0.1,0.0
MA-07,house,MA,25017,50564,5015,0,0,55579,81.95,69.17,69.0,4.8,7.8,12.7,0.1,0.0
MA-07,house,MA,25021,13458,2547,0,0,16005,68.17,55.46,72.7,6.7,4.6,11.9,0.1,0.0
MA-07,house,MA,25025,111305,13357,0,0,124662,78.57,64.61,47.8,16.0,19.7,10.8,0.1,0.0
MA-08,house,MA,25005,6828,3093,0,0,9921,37.65,16.11,80.2,3.7,7.7,2.3,0.2,0.0
MA-08,house,MA,25021,98966,39627,0,0,138593,42.82,20.49,72.7,6.7,4.6,11.9,0.1,0.0
MA-08,house,MA,25023,45258,16791,0,0,62048,45.88,23.39,79.1,7.7,3.8,1.5,0.1,0.0
MA-08,house,MA,25025,54731,9888,0,0,64619,69.4,46.48,47.8,16.0,19.7,10.8,0.1,0.0
MA-09,house,MA,25001,69769,34272,0,0,104041,34.12,21.07,87.2,2.5,2.8,1.3,0.4,0.0
MA-09,house,MA,25005,33934,24037,0,0,57970,17.07,0.73,80.2,3.7,7.7,2.3,0.2,0.0
MA-09,house,MA,25007,7153,1390,0,0,8543,67.46,53.8,80.6,4.1,2.2,0.9,0.9,0.1
MA-09,house,MA,25019,3775,1193,0,0,4968,51.98,37.57,71.8,6.9,14.5,1.8,0.1,0.0
MA-09,house,MA,25021,2756,989,0,0,3746,47.17,33.7,72.7,6.7,4.6,11.9,0.1,0.0
MA-09,house,MA,25023,84017,58799,0,0,142816,17.66,3.62,79.1,7.7,3.8,1.5,0.1,0.0
MD-01,house,MD,24005,10482,13928,0,0,24410,-14.12,-16.21,55.2,28.5,6.0,6.3,0.2,0.0
MD-01,house,MD,24011,3742,7687,0,0,11429,-34.51,-38.92,75.8,12.9,6.6,0.9,0.2,0.0
MD-01,house,MD,24015,13397,23578,0,0,36975,-27.53,-31.54,82.8,7.1,4.2,1.3,0.2,0.0
MD-01,house,MD,24019,5233,6505,0,0,11738,-10.84,-14.9,65.1,26.0,4.3,1.1,0.3,0.0
MD-01,house,MD,24025,46718,58323,0,0,105042,-11.05,-14.16,74.8,13.3,4.5,3.1,0.2,0.1
MD-01,house,MD,24029,3949,3839,0,0,7788,1.42,-2.87,77.4,13.6,4.7,1.4,0.1,0.0
MD-01,house,MD,24035,8470,14168,0,0,22639,-25.17,-28.36,85.6,5.8,4.0,1.2,0.2,0.0
MD-01,house,MD,24039,3077,4018,0,0,7094,-13.26,-17.76,53.7,38.8,3.3,1.0,0.4,0.0
MD-01,house,MD,24041,8217,7761,0,0,15978,2.85,-0.03,78.2,10.9,6.7,1.3,0.1,0.0
MD-01,house,MD,24045,16131,16700,0,0,32831,-1.73,-5.6,62.1,25.3,5.6,3.1,0.2,0.0
MD-01,house,MD,24047,9353,13659,0,0,23012,-18.71,-22.46,81.4,11.0,3.2,1.3,0.2,0.0
MD-02,house,MD,24005,145920,55992,0,0,201912,44.54,30.02,55.2,28.5,6.0,6.3,0.2,0.0
MD-02,house,MD,24013,27910,35559,0,0,63468,-12.05,-26.0,86.9,3.7,3.6,2.1,0.2,0.0
MD-02,house,MD,24510,10630,725,0,0,11355,87.24,73.65,29.4,55.8,6.7,4.1,0.2,0.0
MD-03,house,MD,24003,96357,59103,0,0,155459,23.96,11.69,65.6,17.1,8.0,4.5,0.2,0.1
MD-03,house,MD,24013,3833,4747,0,0,8580,-10.65,-22.89,86.9,3.7,3.6,2.1,0.2,0.0
MD-03,house,MD,24027,99867,27990,0,0,127857,56.22,43.25,50.6,18.5,7.2,19.3,0.1,0.0
MD-04,house,MD,24031,9594,1574,344,0,11512,71.81,58.9,43.4,17.7,18.6,15.9,0.1,0.0
MD-04,house,MD,24033,171325,9954,5588,0,186867,89.02,76.73,12.9,60.3,18.4,4.6,0.2,0.0
MD-05,house,MD,24003,40406,22588,0,0,62994,28.28,20.77,65.6,17.1,8.0,4.5,0.2,0.1
MD-05,house,MD,24009,18489,19429,0,0,37918,-2.48,-11.22,76.0,13.4,3.7,1.7,0.2,0.1
MD-05,house,MD,24017,48084,16389,0,0,64473,49.16,41.64,37.2,47.7,5.8,3.5,0.7,0.1
MD-05,house,MD,24033,88742,6652,0,0,95395,86.05,77.64,12.9,60.3,18.4,4.6,0.2,0.0
MD-05,house,MD,24037,18723,22525,0,0,41248,-9.22,-17.6,72.8,14.1,4.9,3.1,0.3,0.1
MD-06,house,MD,24001,7925,13788,801,0,22514,-27.0,-41.15,85.5,8.7,1.5,1.1,0.2,0.0
MD-06,house,MD,24021,64523,40864,3890,0,109278,22.45,9.03,71.3,9.5,10.0,4.8,0.2,0.1
MD-06,house,MD,24023,3111,7592,395,0,11098,-41.87,-55.23,95.6,0.8,0.9,0.3,0.1,0.0
MD-06,house,MD,24031,60774,15419,2815,0,79007,59.53,43.45,43.4,17.7,18.6,15.9,0.1,0.0
MD-06,house,MD,24043,22370,27162,1827,0,51359,-9.68,-23.55,77.6,10.9,5.4,1.9,0.2,0.0
MD-07,house,MD,24005,43825,19255,0,0,63080,38.95,25.53,55.2,28.5,6.0,6.3,0.2,0.0
MD-07,house,MD,24510,141370,8329,0,0,149699,88.87,75.01,29.4,55.8,6.7,4.1,0.2,0.0
MD-08,house,MD,24031,223947,38567,10313,0,272827,70.62,58.01,43.4,17.7,18.6,15.9,0.1,0.0
ME-01,house,ME,23005,100395,39055,0,0,139450,43.99,37.24,88.6,3.2,2.2,2.3,0.2,0.0
ME-01,house,ME,23011,10516,10568,0,0,21084,-0.24,-8.6,92.3,0.7,1.6,1.0,0.4,0.0
ME-01,house,ME,23013,11463,6662,0,0,18125,26.49,19.0,93.3,0.7,1.4,0.6,0.3,0.1
ME-01,house,ME,23015,9929,6874,0,0,16803,18.18,11.48,94.5,0.4,1.0,0.6,0.3,0.0
ME-01,house,ME,23023,10582,6538,0,0,17120,23.62,17.01,93.1,0.8,1.5,0.7,0.2,0.0
ME-01,house,ME,23031,54953,38037,0,0,92990,18.19,10.68,92.8,0.8,1.6,1.2,0.3,0.0
ME-02,house,ME,23001,21081,20112,0,0,41192,2.35,-6.22,89.2,4.1,1.6,0.8,0.4,0.0
ME-02,house,ME,23003,10407,14552,0,0,24959,-16.61,-26.59,94.0,0.6,1.0,0.5,1.5,0.0
ME-02,house,ME,23007,6293,6192,0,0,12485,0.81,-8.42,93.2,0.5,1.1,1.1,0.3,0.0
ME-02,house,ME,23009,15247,10127,0,0,25374,20.18,12.07,93.1,0.6,1.4,1.0,0.4,0.0
ME-02,house,ME,23011,16432,13505,0,0,29937,9.77,1.27,92.3,0.7,1.6,1.0,0.4,0.0
ME-02,house,ME,23017,11597,12616,0,0,24213,-4.21,-13.13,93.6,0.3,1.1,0.5,0.3,0.0
ME-02,house,ME,23019,29733,31219,0,0,60951,-2.44,-11.12,92.0,0.9,1.5,1.2,0.9,0.0
ME-02,house,ME,23021,2827,4317,0,0,7144,-20.84,-29.78,93.5,0.3,1.2,0.6,0.5,0.1
ME-02,house,ME,23025,8124,11786,0,0,19910,-18.39,-27.51,93.7,0.4,1.0,0.6,0.4,0.0
ME-02,house,ME,23027,9829,7761,0,0,17590,11.76,3.46,94.0,0.3,1.1,0.5,0.3,0.0
ME-02,house,ME,23029,5392,7243,0,0,12634,-14.65,-23.87,90.4,0.5,1.7,0.4,3.8,0.0
MI-01,house,MI,26001,1739,3276,108,108,5232,-30.63,-42.14,95.3,0.1,0.8,0.1,0.5,0.0
MI-01,house,MI,26003,1601,1923,76,76,3676,-9.12,-20.05,83.6,7.8,1.0,0.2,3.1,0.0
MI-01,house,MI,26007,4734,6820,249,250,12054,-18.05,-28.99,94.5,0.3,1.1,0.4,0.4,0.0
MI-01,house,MI,26009,4889,6445,245,245,11824,-13.73,-24.06,94.0,0.1,1.4,0.3,0.8,0.1
MI-01,house,MI,26011,2182,3959,133,133,6406,-28.93,-41.11,93.6,0.2,1.4,0.3,0.8,0.0
MI-01,house,MI,26013,1181,1722,63,63,3029,-18.63,-30.26,72.5,8.8,1.1,0.2,11.8,0.0
MI-01,house,MI,26019,4379,4247,186,186,8998,1.53,-8.8,93.4,0.2,1.8,0.4,0.9,0.0
MI-01,house,MI,26029,5511,6337,256,256,12360,-6.97,-17.18,93.0,0.2,1.2,0.4,1.4,0.0
MI-01,house,MI,26031,4376,6653,238,238,11506,-20.65,-31.55,90.8,0.3,1.1,0.4,2.5,0.0
MI-01,house,MI,26033,5320,7002,266,266,12855,-13.65,-24.68,69.7,8.5,1.6,0.5,13.0,0.0
MI-01,house,MI,26039,2195,3493,123,123,5934,-22.84,-34.2,93.8,0.3,1.7,0.4,0.6,0.0
MI-01,house,MI,26041,5947,8728,317,317,15309,-18.96,-30.81,92.3,0.2,1.1,0.5,2.0,0.0
MI-01,house,MI,26043,3830,6453,222,222,10728,-25.51,-36.86,94.5,0.2,1.3,0.6,0.4,0.0
MI-01,house,MI,26047,7606,7742,331,331,16010,-0.89,-10.95,90.3,0.5,1.4,0.5,3.0,0.1
MI-01,house,MI,26053,2626,2933,120,120,5799,-5.51,-17.32,92.1,0.4,1.2,0.2,2.7,0.0
MI-01,house,MI,26055,22760,19384,910,910,43964,8.01,-1.76,91.5,0.6,2.6,0.8,0.9,0.0
MI-01,house,MI,26061,6117,6888,281,281,13566,-5.93,-17.31,91.1,0.7,1.7,2.4,0.4,0.1
MI-01,house,MI,26069,4231,6327,228,228,11014,-19.85,-31.04,93.2,0.7,1.9,0.6,0.5,0.0
MI-01,house,MI,26071,1930,2783,102,102,4917,-18.09,-29.67,94.7,0.2,1.1,0.4,0.7,0.0
MI-01,house,MI,26079,2607,5134,167,167,8075,-32.64,-43.53,93.2,0.3,1.5,0.4,0.8,0.0
MI-01,house,MI,26083,526,555,23,23,1128,-2.65,-12.99,96.4,0.2,0.6,0.0,0.1,0.0
MI-01,house,MI,26089,6974,4904,257,257,12391,17.43,7.86,90.9,0.2,3.0,0.4,2.2,0.0
MI-01,house,MI,26095,644,1360,43,43,2091,-35.71,-47.67,87.3,0.2,0.8,0.0,6.2,0.0
MI-01,house,MI,26097,2079,2778,105,105,5067,-14.39,-25.2,76.9,0.5,1.3,0.3,14.0,0.0
MI-01,house,MI,26103,15667,10474,565,565,27270,19.86,8.89,90.6,1.3,1.8,0.6,1.4,0.0
MI-01,house,MI,26109,3406,5364,189,189,9150,-22.32,-34.03,92.4,0.4,1.6,0.4,2.4,0.0
MI-01,house,MI,26113,1675,4459,132,132,6399,-45.39,-56.83,94.2,0.2,2.4,0.3,0.3,0.0
MI-01,house,MI,26119,1397,2886,92,92,4468,-34.76,-45.98,94.1,0.1,1.2,0.2,0.8,0.0
MI-01,house,MI,26129,2920,5552,183,183,8839,-31.07,-42.55,93.7,0.2,1.7,0.3,0.5,0.0
MI-01,house,MI,26131,1046,1530,56,56,2687,-18.77,-30.75,94.1,0.1,0.9,0.4,1.0,0.0
MI-01,house,MI,26135,1150,2333,75,75,3633,-33.99,-44.87,94.1,0.1,1.6,0.1,0.4,0.0
MI-01,house,MI,26137,4011,6693,231,231,11166,-25.06,-35.83,93.6,0.4,1.3,0.4,0.6,0.0
MI-01,house,MI,26141,2388,3482,127,127,6124,-18.63,-29.43,95.6,0.2,0.8,0.4,0.5,0.0
MI-01,house,MI,26143,4213,6559,233,233,11237,-21.78,-33.34,94.1,0.2,1.4,0.3,0.4,0.0
MI-01,house,MI,26153,1291,1991,71,71,3424,-21.33,-32.42,86.9,0.2,0.8,0.2,7.0,0.0
MI-01,house,MI,26165,503,1159,36,36,1733,-39.51,-51.31,92.8,0.4,1.8,0.6,0.5,0.0
MI-02,house,MI,26015,8958,16844,602,602,27006,-30.57,-34.85,92.5,0.4,2.7,0.4,0.4,0.0
MI-02,house,MI,26035,3861,7704,270,270,12104,-33.23,-38.13,93.5,0.4,1.7,0.3,0.6,0.0
MI-02,house,MI,26045,596,1296,44,44,1981,-36.97,-41.58,82.3,6.6,4.9,2.1,0.3,0.0
MI-02,house,MI,26051,3310,7050,242,242,10843,-36.1,-41.2,94.6,0.3,1.5,0.3,0.4,0.0
MI-02,house,MI,26057,4855,8415,310,310,13890,-26.83,-31.73,84.8,6.0,6.1,0.3,0.4,0.0
MI-02,house,MI,26067,8169,14559,531,531,23789,-28.11,-32.34,86.6,6.0,4.2,0.3,0.4,0.0
MI-02,house,MI,26073,10072,10572,482,482,21607,-2.42,-7.61,83.7,3.5,4.0,1.8,2.8,0.0
MI-02,house,MI,26081,15849,26992,1000,1000,44841,-26.01,-29.49,74.6,8.7,9.5,3.3,0.3,0.0
MI-02,house,MI,26085,1691,2934,108,108,4841,-26.87,-32.62,77.7,6.4,10.9,0.4,0.5,0.1
MI-02,house,MI,26101,4503,5733,239,239,10715,-12.02,-16.2,88.8,2.8,2.5,0.3,1.9,0.0
MI-02,house,MI,26105,4988,7099,282,282,12650,-17.47,-21.66,91.3,0.6,3.4,0.5,0.8,0.0
MI-02,house,MI,26107,5564,9460,351,351,15726,-25.93,-30.53,90.2,2.0,2.3,0.9,0.5,0.0
MI-02,house,MI,26111,1187,2589,88,88,3953,-37.12,-42.11,90.1,1.1,2.5,2.0,0.4,0.1
MI-02,house,MI,26117,7554,15725,543,543,24366,-35.1,-39.57,88.8,3.9,3.5,0.4,0.3,0.0
MI-02,house,MI,26121,11540,15123,622,622,27907,-13.44,-17.87,77.1,12.7,4.7,0.6,0.7,0.0
MI-02,house,MI,26123,5969,13566,456,456,20448,-38.89,-43.46,89.6,0.9,4.8,0.4,0.6,0.0
MI-02,house,MI,26127,3679,6265,232,232,10408,-26.0,-30.49,83.1,0.3,12.3,0.3,0.8,0.0
MI-02,house,MI,26133,2462,6358,206,206,9232,-44.17,-48.69,93.9,0.5,1.3,0.2,0.6,0.0
MI-02,house,MI,26139,236,657,21,21,934,-47.14,-52.34,84.1,1.6,8.3,2.7,0.3,0.0
MI-02,house,MI,26165,4028,7343,265,265,11901,-29.15,-32.78,92.8,0.4,1.8,0.6,0.5,0.0
MI-03,house,MI,26081,134326,76030,5261,0,215617,27.71,12.74,74.6,8.7,9.5,3.3,0.3,0.0
MI-03,house,MI,26121,23734,13917,942,0,38592,26.07,9.78,77.1,12.7,4.7,0.6,0.7,0.0
MI-03,house,MI,26139,21626,22397,1101,0,45124,-1.75,-16.37,84.1,1.6,8.3,2.7,0.3,0.0
MI-04,house,MI,26005,19113,30104,1143,0,50360,-22.33,-27.62,88.0,1.1,6.3,0.7,0.4,0.0
MI-04,house,MI,26021,11987,9425,497,0,21910,11.96,6.59,75.9,12.5,4.7,2.1,0.4,0.1
MI-04,house,MI,26025,14251,14557,669,0,29477,-1.06,-6.97,78.1,10.0,4.5,2.5,0.5,0.0
MI-04,house,MI,26077,58281,34035,2144,0,94460,26.26,21.22,77.2,10.3,4.8,2.8,0.3,0.0
MI-04,house,MI,26139,31210,45699,1786,0,78695,-18.84,-22.89,84.1,1.6,8.3,2.7,0.3,0.0
MI-04,house,MI,26159,12738,15449,655,0,28841,-9.62,-15.36,82.1,3.1,9.2,0.5,0.7,0.0
MI-05,house,MI,26021,15403,20318,787,787,37294,-13.76,-16.56,75.9,12.5,4.7,2.1,0.4,0.1
MI-05,house,MI,26023,4343,9805,312,312,14771,-38.61,-43.06,88.1,3.0,4.6,0.6,0.3,0.0
MI-05,house,MI,26025,6818,10663,385,385,18252,-22.0,-25.96,78.1,10.0,4.5,2.5,0.5,0.0
MI-05,house,MI,26027,6563,12131,412,412,19518,-29.78,-34.32,86.4,4.5,3.1,0.6,0.9,0.0
MI-05,house,MI,26059,4346,12284,366,366,17363,-47.73,-52.05,93.2,0.4,1.9,0.4,0.4,0.0
MI-05,house,MI,26075,23106,33042,1237,1237,58622,-17.7,-21.63,84.2,7.6,3.0,0.9,0.3,0.0
MI-05,house,MI,26077,3031,4337,162,162,7693,-17.72,-20.89,77.2,10.3,4.8,2.8,0.3,0.0
MI-05,house,MI,26091,14898,21994,813,813,38517,-19.24,-23.37,85.7,2.7,7.0,0.5,0.4,0.0
MI-05,house,MI,26115,23168,37276,1331,1332,63107,-23.34,-27.98,89.3,2.4,3.3,0.6,0.3,0.0
MI-05,house,MI,26149,6834,12825,433,433,20525,-30.48,-34.49,86.1,2.1,7.0,0.7,0.3,0.0
MI-06,house,MI,26115,497,330,23,23,873,20.17,3.97,89.3,2.4,3.3,0.6,0.3,0.0
MI-06,house,MI,26125,14659,7992,621,621,23893,29.44,13.45,71.1,13.2,4.0,7.9,0.2,0.0
MI-06,house,MI,26161,119542,27964,4046,4046,155599,62.08,45.51,69.9,10.7,4.9,9.3,0.2,0.1
MI-06,house,MI,26163,82154,54952,3760,3760,144626,19.84,2.62,50.3,36.5,5.6,3.6,0.3,0.0
MI-07,house,MI,26037,16476,17724,794,0,34995,-3.65,-8.74,87.4,2.1,4.0,2.6,0.3,0.0
MI-07,house,MI,26045,22166,20508,991,0,43666,3.88,-1.45,82.3,6.6,4.9,2.1,0.3,0.0
MI-07,house,MI,26065,68835,32604,2357,0,103796,35.72,30.31,70.5,11.4,7.3,5.8,0.4,0.0
MI-07,house,MI,26093,36490,54142,2105,0,92737,-19.48,-24.26,92.3,0.6,2.4,0.9,0.3,0.1
MI-07,house,MI,26125,9179,10806,464,0,20449,-8.15,-12.48,71.1,13.2,4.0,7.9,0.2,0.0
MI-07,house,MI,26155,11488,16398,648,0,28533,-17.61,-23.43,92.7,0.4,2.4,0.4,0.3,0.0
MI-08,house,MI,26017,22332,18811,853,853,42848,8.56,-14.89,89.8,1.4,4.5,0.5,0.3,0.0
MI-08,house,MI,26049,96267,53701,3108,3108,156184,28.38,4.26,72.5,18.4,3.4,1.0,0.4,0.0
MI-08,house,MI,26111,16558,13484,623,623,31288,10.23,-12.07,90.1,1.1,2.5,2.0,0.4,0.1
MI-08,house,MI,26145,42008,27854,1448,1448,72757,20.26,-3.32,71.2,16.5,7.4,1.3,0.3,0.0
MI-08,house,MI,26157,248,302,11,11,573,-9.89,-33.25,92.5,0.6,2.7,0.3,0.3,0.0
MI-09,house,MI,26063,3901,8833,254,254,13242,-38.73,-41.09,95.0,0.2,2.2,0.4,0.2,0.0
MI-09,house,MI,26087,11613,25649,744,744,38750,-37.67,-40.3,90.4,1.2,3.9,0.4,0.3,0.0
MI-09,house,MI,26099,29712,55531,1702,1702,88646,-30.29,-32.91,78.2,11.3,2.5,4.2,0.2,0.0
MI-09,house,MI,26125,36625,55031,1830,1830,95316,-20.08,-21.64,71.1,13.2,4.0,7.9,0.2,0.0
MI-09,house,MI,26147,22000,42886,1296,1296,67477,-32.19,-35.15,90.7,2.2,2.8,0.5,0.4,0.0
MI-09,house,MI,26151,4253,11429,313,313,16308,-45.76,-48.29,92.9,0.4,3.4,0.2,0.3,0.0
MI-09,house,MI,26157,5943,14145,401,401,20891,-40.83,-43.83,92.5,0.6,2.7,0.3,0.3,0.0
MI-10,house,MI,26099,131869,123577,5963,5962,267371,3.25,-7.61,78.2,11.3,2.5,4.2,0.2,0.0
MI-10,house,MI,26125,19776,16313,842,842,37774,9.6,-0.17,71.1,13.2,4.0,7.9,0.2,0.0
MI-10,house,MI,26163,194,12,5,5,215,88.52,78.15,50.3,36.5,5.6,3.6,0.3,0.0
MI-11,house,MI,26125,194359,106587,13890,7445,322281,29.17,16.42,71.1,13.2,4.0,7.9,0.2,0.0
MI-12,house,MI,26125,34035,3335,1519,1519,40408,82.15,62.88,71.1,13.2,4.0,7.9,0.2,0.0
MI-12,house,MI,26163,159391,44420,8287,8287,220385,56.41,35.55,50.3,36.5,5.6,3.6,0.3,0.0
MI-13,house,MI,26163,174618,49929,4947,4946,234440,55.53,41.92,50.3,36.5,5.6,3.6,0.3,0.0
MN-01,house,MN,27013,13721,11789,0,0,25509,7.57,-1.25,84.9,4.8,4.1,2.9,0.3,0.0
MN-01,house,MN,27015,3294,5371,0,0,8665,-23.97,-32.09,94.1,0.4,3.4,0.6,0.2,0.0
MN-01,house,MN,27039,3294,5445,0,0,8739,-24.62,-32.67,92.2,0.5,4.0,0.5,0.2,0.0
MN-01,house,MN,27043,1919,3513,0,0,5433,-29.34,-38.1,91.5,0.4,5.5,0.4,0.3,0.0
MN-01,house,MN,27045,3586,5083,0,0,8669,-17.27,-25.95,95.8,0.5,1.5,0.3,0.0,0.0
MN-01,house,MN,27047,5119,6574,0,0,11692,-12.44,-21.61,85.2,1.1,8.0,3.0,0.2,0.0
MN-01,house,MN,27049,9208,10963,0,0,20171,-8.7,-16.78,91.4,1.2,3.0,0.7,1.0,0.1
MN-01,house,MN,27055,3679,4320,0,0,7999,-8.0,-16.76,95.9,0.3,1.1,0.5,0.2,0.0
MN-01,house,MN,27063,1304,2647,0,0,3951,-33.98,-42.82,92.7,0.9,2.8,1.3,0.3,0.0
MN-01,house,MN,27091,2560,4997,0,0,7557,-32.25,-40.24,91.7,0.4,5.1,0.5,0.2,0.0
MN-01,house,MN,27099,6528,6749,0,0,13277,-1.66,-10.67,79.8,3.2,9.8,4.4,0.2,0.5
MN-01,house,MN,27103,7333,6254,0,0,13587,7.94,-0.52,87.5,4.0,4.2,1.8,0.4,0.0
MN-01,house,MN,27105,2116,3677,0,0,5792,-26.95,-36.14,62.2,3.7,26.6,5.7,0.3,0.2
MN-01,house,MN,27109,37602,26034,0,0,63637,18.18,10.9,80.3,5.5,4.7,6.2,0.2,0.0
MN-01,house,MN,27131,4400,5605,0,0,10005,-12.05,-21.38,79.7,5.4,8.6,2.6,0.5,0.0
MN-01,house,MN,27133,1285,2477,0,0,3761,-31.7,-39.91,93.6,0.4,2.9,0.6,0.4,0.0
MN-01,house,MN,27147,6072,8537,0,0,14610,-16.87,-24.97,87.4,2.7,6.6,0.9,0.2,0.0
MN-01,house,MN,27157,3765,5691,0,0,9456,-20.38,-28.71,94.6,0.4,2.4,0.4,0.2,0.0
MN-01,house,MN,27161,2731,4540,0,0,7271,-24.89,-33.11,89.5,1.6,5.3,0.5,0.7,0.0
MN-01,house,MN,27165,1405,2048,0,0,3453,-18.65,-28.36,74.2,0.3,23.3,0.8,0.2,0.0
MN-01,house,MN,27169,10127,9329,0,0,19456,4.1,-4.99,90.6,1.5,3.2,1.9,0.2,0.0
MN-02,house,MN,27037,110093,72021,0,0,182113,20.91,13.14,77.7,6.1,6.9,5.4,0.3,0.0
MN-02,house,MN,27079,4567,7679,0,0,12246,-25.42,-34.23,91.1,0.8,5.0,0.5,0.2,0.1
MN-02,house,MN,27131,9122,6381,0,0,15504,17.68,9.64,79.7,5.4,8.6,2.6,0.5,0.0
MN-02,house,MN,27139,31350,31837,0,0,63188,-0.77,-8.66,79.9,4.3,5.0,6.8,0.9,0.0
MN-02,house,MN,27163,14773,10834,0,0,25607,15.38,7.86,81.5,4.5,3.9,6.2,0.4,0.0
MN-03,house,MN,27003,18372,13619,0,0,31991,14.86,4.88,80.1,6.4,4.4,4.9,0.5,0.0
MN-03,house,MN,27053,177047,88402,0,0,265449,33.39,23.72,70.3,11.4,6.5,7.3,0.6,0.0
MN-04,house,MN,27123,151696,41344,0,0,193039,57.17,44.25,64.3,10.9,6.9,13.4,0.5,0.0
MN-04,house,MN,27163,45945,26036,0,0,71982,27.66,15.55,81.5,4.5,3.9,6.2,0.4,0.0
MN-05,house,MN,27003,12678,5871,719,0,19267,36.7,32.46,80.1,6.4,4.4,4.9,0.5,0.0
MN-05,house,MN,27053,194707,34450,8879,0,238036,69.93,66.09,70.3,11.4,6.5,7.3,0.6,0.0
MN-05,house,MN,27123,976,255,48,0,1278,58.62,55.91,64.3,10.9,6.9,13.4,0.5,0.0
MN-06,house,MN,27003,43058,53069,0,0,96127,-10.41,-15.02,80.1,6.4,4.4,4.9,0.5,0.0
MN-06,house,MN,27009,5492,10499,0,0,15991,-31.32,-36.59,88.8,4.0,2.5,1.2,0.4,0.0
MN-06,house,MN,27019,23902,24548,0,0,48450,-1.33,-5.51,88.0,1.6,4.1,3.4,0.2,0.0
MN-06,house,MN,27053,166,255,0,0,421,-20.95,-24.87,70.3,11.4,6.5,7.3,0.6,0.0
MN-06,house,MN,27141,14076,26531,0,0,40607,-30.67,-35.48,89.3,3.2,2.4,1.3,0.5,0.0
MN-06,house,MN,27145,17682,20033,0,0,37716,-6.23,-11.67,85.3,6.3,3.6,2.2,0.3,0.0
MN-06,house,MN,27171,23514,39568,0,0,63082,-25.45,-29.89,91.1,1.6,2.7,1.4,0.2,0.0
MN-07,house,MN,27005,4432,8096,0,0,12528,-29.25,-35.64,87.3,0.5,1.1,0.4,5.8,0.0
MN-07,house,MN,27011,756,1220,0,0,1977,-23.48,-30.14,94.9,0.3,2.1,0.3,0.6,0.0
MN-07,house,MN,27015,385,1168,0,0,1553,-50.44,-56.75,94.1,0.4,3.4,0.6,0.2,0.0
MN-07,house,MN,27023,1597,2825,0,0,4423,-27.76,-34.66,87.0,0.5,7.6,0.3,0.7,1.8
MN-07,house,MN,27027,12306,10703,0,0,23009,6.97,0.49,86.5,3.9,3.5,1.3,1.4,0.0
MN-07,house,MN,27033,1364,2828,0,0,4192,-34.94,-41.83,85.1,1.0,7.6,3.1,0.2,0.6
MN-07,house,MN,27041,6201,11373,0,0,17574,-29.43,-35.63,95.2,0.5,1.6,0.5,0.3,0.0
MN-07,house,MN,27051,937,1543,0,0,2480,-24.42,-31.25,94.7,0.2,2.0,0.3,0.3,0.1
MN-07,house,MN,27057,1957,3285,0,0,5242,-25.34,-31.17,92.0,0.3,1.6,0.4,2.2,0.0
MN-07,house,MN,27067,6172,10129,0,0,16301,-24.27,-31.54,81.4,4.3,10.7,1.2,0.2,0.1
MN-07,house,MN,27069,712,1038,0,0,1750,-18.62,-25.51,95.2,0.0,1.6,0.2,0.5,0.2
MN-07,house,MN,27073,1043,1754,0,0,2797,-25.43,-32.86,94.6,0.5,2.3,0.6,0.1,0.0
MN-07,house,MN,27081,764,1500,0,0,2265,-32.51,-38.52,96.2,0.2,1.3,0.4,0.1,0.0
MN-07,house,MN,27083,3398,5695,0,0,9093,-25.27,-32.45,84.9,3.1,5.3,4.3,0.3,0.0
MN-07,house,MN,27085,5003,9836,0,0,14839,-32.57,-38.62,91.0,0.5,5.2,0.6,0.3,0.1
MN-07,house,MN,27089,966,2556,0,0,3522,-45.12,-52.45,94.0,0.1,3.2,0.2,0.3,0.0
MN-07,house,MN,27093,3016,6570,0,0,9586,-37.08,-43.45,94.1,0.3,3.0,0.3,0.1,0.0
MN-07,house,MN,27097,3529,10691,0,0,14220,-50.36,-56.88,95.5,0.4,1.4,0.3,0.3,0.0
MN-07,house,MN,27101,1064,2274,0,0,3338,-36.23,-43.14,93.0,0.4,3.6,1.1,0.1,0.0
MN-07,house,MN,27107,979,1327,0,0,2306,-15.06,-22.84,91.0,0.3,3.3,0.3,1.5,0.0
MN-07,house,MN,27111,9167,16549,0,0,25715,-28.71,-34.76,92.6,1.0,2.8,0.6,0.4,0.0
MN-07,house,MN,27113,1932,3235,0,0,5167,-25.22,-32.2,89.7,1.2,3.7,0.9,1.0,0.0
MN-07,house,MN,27117,975,2411,0,0,3386,-42.42,-48.86,88.9,0.9,6.4,0.7,1.1,0.0
MN-07,house,MN,27119,3933,6860,0,0,10793,-27.12,-34.34,88.0,2.6,5.0,0.5,1.2,0.0
MN-07,house,MN,27121,1890,3163,0,0,5053,-25.2,-32.21,96.5,0.3,1.1,0.4,0.3,0.0
MN-07,house,MN,27125,509,972,0,0,1481,-31.28,-37.88,93.3,0.5,1.9,0.1,1.2,0.0
MN-07,house,MN,27127,1816,4013,0,0,5828,-37.69,-43.87,88.9,0.4,2.0,1.9,4.3,0.0
MN-07,house,MN,27129,1830,3811,0,0,5641,-35.12,-42.21,89.4,0.4,6.8,0.4,0.7,0.0
MN-07,house,MN,27135,1684,4265,0,0,5950,-43.37,-50.0,91.5,0.4,1.2,2.4,1.2,0.1
MN-07,house,MN,27143,1868,4108,0,0,5976,-37.49,-43.79,90.0,0.4,7.0,0.5,0.2,0.1
MN-07,house,MN,27145,6140,16819,0,0,22958,-46.52,-52.68,85.3,6.3,3.6,2.2,0.3,0.0
MN-07,house,MN,27149,1446,2151,0,0,3597,-19.59,-27.5,85.5,1.0,8.9,0.8,1.0,0.0
MN-07,house,MN,27151,1284,2250,0,0,3534,-27.35,-34.75,91.0,0.5,5.0,0.6,0.3,1.0
MN-07,house,MN,27153,2535,7069,0,0,9603,-47.21,-54.37,89.8,0.4,7.0,0.4,0.3,0.2
MN-07,house,MN,27155,474,788,0,0,1261,-24.9,-32.24,88.9,0.4,5.1,0.0,3.5,0.0
MN-07,house,MN,27159,1555,4078,0,0,5633,-44.78,-52.11,94.1,0.7,1.5,0.3,0.5,0.1
MN-07,house,MN,27167,778,1569,0,0,2347,-33.68,-39.8,93.2,0.5,2.6,0.1,1.0,0.0
MN-07,house,MN,27173,1241,2546,0,0,3787,-34.48,-41.43,90.7,0.5,3.6,0.3,2.8,0.0
MN-08,house,MN,27001,2754,4559,0,0,7313,-24.67,-31.34,94.1,0.2,0.9,0.2,1.9,0.0
MN-08,house,MN,27005,593,697,0,0,1289,-8.1,-14.4,87.3,0.5,1.1,0.4,5.8,0.0
MN-08,house,MN,27007,8696,8713,0,0,17409,-0.1,-5.76,75.3,1.2,2.0,0.6,16.3,0.0
MN-08,house,MN,27017,7580,6990,0,0,14570,4.05,-2.61,87.3,1.8,1.3,0.4,5.3,0.0
MN-08,house,MN,27021,4915,8641,0,0,13556,-27.49,-33.89,86.0,0.2,1.0,0.4,8.8,0.0
MN-08,house,MN,27025,9214,15710,0,0,24924,-26.06,-31.92,91.3,1.7,2.0,1.2,0.6,0.0
MN-08,house,MN,27029,947,2424,0,0,3370,-43.81,-50.72,86.8,0.1,1.1,0.3,7.4,0.0
MN-08,house,MN,27031,1799,763,0,0,2562,40.43,35.81,85.6,0.5,1.8,0.9,7.1,0.0
MN-08,house,MN,27035,10953,18707,0,0,29660,-26.15,-31.85,94.1,0.5,1.1,0.5,0.8,0.0
MN-08,house,MN,27057,1570,2723,0,0,4293,-26.86,-33.03,92.0,0.3,1.6,0.4,2.2,0.0
MN-08,house,MN,27059,5821,12324,0,0,18146,-35.84,-41.88,93.0,0.7,1.7,1.1,0.5,0.0
MN-08,house,MN,27061,8070,10719,0,0,18789,-14.1,-20.49,91.5,0.3,1.0,0.3,2.7,0.0
MN-08,house,MN,27065,2164,4630,0,0,6793,-36.3,-42.99,94.6,0.3,0.9,0.5,0.7,0.0
MN-08,house,MN,27071,1916,2837,0,0,4753,-19.36,-26.08,92.1,0.4,1.1,0.3,2.0,0.1
MN-08,house,MN,27075,2662,2206,0,0,4868,9.38,3.96,95.1,0.1,0.8,0.5,0.4,0.0
MN-08,house,MN,27077,482,1162,0,0,1643,-41.39,-47.8,94.6,0.4,1.0,0.5,0.6,0.0
MN-08,house,MN,27087,752,776,0,0,1528,-1.53,-8.88,50.3,0.1,2.4,0.2,36.1,0.0
MN-08,house,MN,27095,3449,7186,0,0,10635,-35.14,-41.46,89.6,0.3,1.3,0.5,4.6,0.0
MN-08,house,MN,27115,4220,7619,0,0,11839,-28.71,-35.73,88.7,1.8,2.1,0.9,2.9,0.0
MN-08,house,MN,27137,49916,33384,0,0,83300,19.85,13.98,89.8,1.9,1.4,1.0,2.0,0.0
MN-08,house,MN,27163,9853,11163,0,0,21015,-6.23,-11.47,81.5,4.5,3.9,6.2,0.4,0.0
MO-01,house,MO,29189,112119,23722,2956,0,138797,65.07,53.61,65.2,23.0,3.2,4.8,0.1,0.0
MO-01,house,MO,29510,70843,8821,1734,0,81398,77.85,66.01,46.8,39.8,4.5,4.4,0.2,0.0
MO-02,house,MO,29071,11265,26748,847,0,38859,-40.73,-46.39,92.6,0.8,1.6,0.5,0.3,0.0
MO-02,house,MO,29183,16488,25007,925,0,42420,-20.53,-25.21,84.9,4.9,3.3,2.7,0.2,0.0
MO-02,house,MO,29189,113441,95172,4650,0,213263,8.76,4.39,65.2,23.0,3.2,4.8,0.1,0.0
MO-02,house,MO,29219,2614,6849,211,0,9674,-44.75,-50.84,89.4,2.0,3.0,0.4,0.3,0.0
MO-03,house,MO,29019,21177,15077,785,0,37040,16.83,14.09,77.7,8.9,3.9,4.2,0.3,0.1
MO-03,house,MO,29027,4330,10361,318,0,15009,-41.06,-43.91,88.4,4.4,1.8,0.5,0.3,0.1
MO-03,house,MO,29029,1395,3629,109,0,5134,-44.46,-46.57,92.1,0.5,2.5,0.5,0.4,0.1
MO-03,house,MO,29051,9302,18190,595,0,28087,-32.33,-34.91,82.3,9.7,2.8,1.2,0.2,0.1
MO-03,house,MO,29053,1699,4351,131,0,6181,-43.85,-46.29,87.5,5.9,1.4,0.4,0.3,0.0
MO-03,house,MO,29055,1502,5914,161,0,7577,-59.49,-62.66,91.9,0.6,1.6,0.4,0.5,0.1
MO-03,house,MO,29073,1166,4311,119,0,5595,-57.42,-60.76,93.4,0.1,1.1,0.4,0.2,0.1
MO-03,house,MO,29099,7119,16537,512,0,24168,-39.81,-43.12,90.9,0.9,2.0,0.8,0.3,0.0
MO-03,house,MO,29125,582,2696,71,0,3349,-64.51,-68.16,93.5,0.2,1.4,0.1,0.4,0.0
MO-03,house,MO,29131,1563,7348,193,0,9104,-64.91,-67.94,93.6,0.4,1.5,0.3,0.5,0.1
MO-03,house,MO,29135,985,3998,108,0,5090,-60.48,-63.48,89.2,2.3,4.6,0.3,0.3,0.1
MO-03,house,MO,29139,883,3225,89,0,4197,-57.02,-60.65,93.2,1.1,1.4,0.4,0.2,0.0
MO-03,house,MO,29151,784,4509,115,0,5407,-70.38,-73.68,95.9,0.2,1.0,0.0,0.2,0.1
MO-03,house,MO,29183,49609,63761,2456,0,115826,-12.48,-14.29,84.9,4.9,3.3,2.7,0.2,0.0
MO-03,house,MO,29219,1196,3110,93,0,4399,-44.45,-48.19,89.4,2.0,3.0,0.4,0.3,0.0
MO-03,house,MO,29221,1340,5672,152,0,7163,-61.79,-65.65,90.8,3.1,0.9,0.2,0.4,0.0
MO-04,house,MO,29011,597,3527,85,0,4210,-71.03,-72.57,90.6,0.2,1.7,0.3,1.3,0.0
MO-04,house,MO,29013,1145,4576,119,0,5839,-59.97,-62.18,93.3,1.0,1.5,0.2,0.6,0.1
MO-04,house,MO,29015,1568,5815,153,0,7536,-57.52,-59.48,93.2,0.3,1.4,0.3,0.5,0.0
MO-04,house,MO,29019,13510,11935,527,0,25972,6.19,4.08,77.7,8.9,3.9,4.2,0.3,0.1
MO-04,house,MO,29029,2727,9757,259,0,12743,-56.31,-58.09,92.1,0.5,2.5,0.5,0.4,0.1
MO-04,house,MO,29037,13929,26750,843,0,41523,-31.52,-32.52,85.4,4.2,4.1,0.8,0.5,0.1
MO-04,house,MO,29039,789,4139,102,0,5031,-67.98,-70.24,92.1,0.2,1.4,0.3,0.5,0.1
MO-04,house,MO,29057,485,2385,59,0,2930,-66.21,-67.67,92.8,0.3,1.6,0.3,0.8,0.0
MO-04,house,MO,29059,1049,4739,120,0,5907,-63.75,-65.14,92.8,0.2,1.6,0.2,0.6,0.1
MO-04,house,MO,29083,1832,5663,155,0,7650,-51.11,-53.15,91.6,0.8,1.9,0.5,0.5,0.0
MO-04,house,MO,29085,719,2792,73,0,3583,-59.06,-61.54,93.2,0.1,1.3,0.2,0.6,0.0
MO-04,house,MO,29089,965,2432,70,0,3468,-43.18,-44.98,87.5,5.7,2.0,0.3,0.4,0.0
MO-04,house,MO,29095,11609,18143,617,0,30368,-21.96,-22.71,62.2,20.8,9.2,2.2,0.4,0.2
MO-04,house,MO,29101,4988,11191,335,0,16514,-38.34,-40.15,83.4,4.6,4.2,1.7,0.5,0.3
MO-04,house,MO,29105,2003,9705,243,0,11951,-65.79,-67.41,91.4,0.7,2.0,0.5,0.6,0.0
MO-04,house,MO,29107,3112,8712,245,0,12069,-47.37,-49.52,90.1,2.2,2.5,0.3,0.4,0.0
MO-04,house,MO,29141,1384,5290,138,0,6813,-58.52,-60.29,92.2,0.6,1.9,0.3,0.5,0.0
MO-04,house,MO,29159,3369,9575,268,0,13212,-47.94,-49.46,83.7,3.1,7.5,0.8,0.4,0.2
MO-04,house,MO,29167,2145,8705,225,0,11075,-60.45,-62.3,91.9,0.8,2.0,0.5,0.6,0.0
MO-04,house,MO,29169,2714,7946,221,0,10880,-49.08,-50.93,67.7,11.8,10.7,3.7,0.7,0.6
MO-04,house,MO,29185,696,2725,71,0,3492,-59.3,-61.18,93.0,0.3,1.3,0.2,0.5,0.1
MO-04,house,MO,29195,1962,4434,133,0,6528,-38.66,-40.89,77.2,5.4,10.7,0.9,0.2,1.4
MO-04,house,MO,29217,1286,4866,127,0,6279,-58.2,-60.07,91.8,0.6,1.9,0.6,0.8,0.1
MO-04,house,MO,29225,1531,5939,155,0,7624,-59.02,-60.66,92.7,0.5,1.6,0.4,0.6,0.0
MO-05,house,MO,29047,28121,19686,0,0,47807,17.64,6.9,79.2,6.5,6.3,2.4,0.4,0.3
MO-05,house,MO,29095,130444,56910,0,0,187354,39.25,28.16,62.2,20.8,9.2,2.2,0.4,0.2
MO-06,house,MO,29001,2577,4452,138,0,7167,-26.66,-34.01,86.2,4.5,2.4,3.0,0.2,0.0
MO-06,house,MO,29003,1801,4959,133,0,6894,-46.71,-52.42,93.4,0.7,1.7,0.5,0.3,0.0
MO-06,house,MO,29005,423,1440,37,0,1899,-54.62,-60.54,95.1,0.1,1.0,0.2,0.5,0.0
MO-06,house,MO,29007,2075,5150,142,0,7367,-42.56,-48.24,87.6,5.4,2.4,0.5,0.3,0.0
MO-06,house,MO,29021,9533,15004,483,0,25020,-22.3,-28.43,83.2,5.0,5.6,1.2,0.4,0.4
MO-06,house,MO,29025,710,2519,64,0,3293,-56.01,-61.88,93.2,0.9,1.6,0.3,0.4,0.1
MO-06,house,MO,29033,631,2478,61,0,3170,-59.39,-64.91,93.6,1.3,1.1,0.2,0.2,0.0
MO-06,house,MO,29041,692,2115,55,0,2863,-50.67,-56.83,94.2,2.1,0.9,0.1,0.3,0.1
MO-06,house,MO,29045,509,1779,45,0,2334,-55.5,-62.02,95.7,0.1,0.8,0.2,0.1,0.0
MO-06,house,MO,29047,18128,24357,836,0,43320,-14.66,-19.62,79.2,6.5,6.3,2.4,0.4,0.3
MO-06,house,MO,29049,2221,5489,152,0,7862,-42.39,-48.51,92.1,1.0,1.8,0.4,0.4,0.0
MO-06,house,MO,29061,573,2122,53,0,2748,-57.5,-63.92,94.6,0.3,1.2,0.2,0.4,0.2
MO-06,house,MO,29063,705,2601,65,0,3370,-57.36,-63.41,86.9,7.4,1.9,0.4,0.3,0.0
MO-06,house,MO,29075,493,1767,44,0,2305,-56.36,-62.29,95.8,0.1,1.0,0.2,0.1,0.0
MO-06,house,MO,29079,629,2395,60,0,3083,-58.4,-64.09,93.7,0.5,2.0,0.6,0.4,0.1
MO-06,house,MO,29081,454,2186,52,0,2692,-65.6,-72.09,94.4,0.4,1.4,0.3,0.5,0.0
MO-06,house,MO,29087,289,1326,32,0,1647,-64.17,-69.47,95.8,0.1,1.2,0.1,0.4,0.0
MO-06,house,MO,29095,1554,3289,95,0,4939,-35.83,-40.97,62.2,20.8,9.2,2.2,0.4,0.2
MO-06,house,MO,29103,256,986,24,0,1267,-58.73,-65.25,96.0,0.5,0.4,0.6,0.1,0.0
MO-06,house,MO,29111,706,2374,61,0,3141,-54.13,-60.69,93.6,1.9,1.5,0.2,0.3,0.0
MO-06,house,MO,29113,5491,16571,434,0,22497,-50.22,-56.52,90.4,1.8,2.1,0.4,0.4,0.0
MO-06,house,MO,29115,947,2958,77,0,3982,-51.5,-57.9,93.8,0.5,1.8,0.2,0.3,0.1
MO-06,house,MO,29117,1116,3603,93,0,4812,-52.71,-58.28,92.5,2.5,1.1,0.6,0.3,0.0
MO-06,house,MO,29121,1204,4178,106,0,5488,-55.25,-61.93,92.0,2.0,1.6,0.5,0.2,0.0
MO-06,house,MO,29127,2375,6655,178,0,9208,-47.4,-53.44,89.2,4.5,1.5,0.6,0.3,0.1
MO-06,house,MO,29129,195,1036,24,0,1255,-68.35,-73.6,92.7,0.0,4.8,0.0,0.3,0.0
MO-06,house,MO,29137,688,2318,59,0,3065,-54.2,-60.44,92.8,2.0,1.5,0.3,0.3,0.0
MO-06,house,MO,29147,2059,4593,131,0,6783,-38.1,-44.19,91.1,2.0,1.8,2.0,0.1,0.0
MO-06,house,MO,29163,1303,4069,106,0,5478,-51.49,-58.35,88.1,6.2,1.9,0.1,0.3,0.0
MO-06,house,MO,29165,20163,19522,781,0,40467,1.61,-3.19,78.9,7.1,5.7,2.6,0.4,0.5
MO-06,house,MO,29171,288,1347,32,0,1666,-64.79,-70.69,95.3,0.3,2.1,0.0,0.1,0.0
MO-06,house,MO,29173,924,3042,78,0,4045,-53.39,-59.71,94.4,1.0,0.9,0.2,0.2,0.0
MO-06,house,MO,29175,1995,5577,149,0,7721,-47.31,-52.8,87.0,6.2,1.7,0.4,0.4,0.0
MO-06,house,MO,29177,2308,5699,158,0,8164,-42.36,-49.22,91.3,1.0,2.0,0.3,0.6,0.0
MO-06,house,MO,29197,274,1061,26,0,1362,-58.96,-65.24,96.5,0.0,0.8,0.5,0.0,0.0
MO-06,house,MO,29199,288,1029,26,0,1343,-56.27,-62.22,96.5,0.1,0.5,0.0,0.2,0.0
MO-06,house,MO,29205,450,1790,44,0,2284,-59.82,-66.06,95.5,0.1,1.5,0.0,0.2,0.0
MO-06,house,MO,29211,344,1347,33,0,1724,-59.33,-66.6,78.8,2.8,14.7,0.5,0.4,0.0
MO-06,house,MO,29227,157,602,15,0,774,-58.62,-65.27,96.5,0.0,1.3,0.1,0.1,0.0
MO-07,house,MO,29009,2139,8958,220,0,11317,-61.46,-64.11,84.1,0.3,7.5,1.9,0.9,0.1
MO-07,house,MO,29043,8562,26302,690,0,35554,-50.88,-52.82,90.4,0.6,2.8,0.7,0.6,0.1
MO-07,house,MO,29077,39733,59127,1956,0,100815,-19.62,-21.13,84.5,3.2,4.1,2.0,0.6,0.1
MO-07,house,MO,29097,10009,26926,731,0,37666,-45.8,-47.41,81.7,1.8,7.2,1.3,1.5,0.3
MO-07,house,MO,29109,2393,10257,250,0,12900,-62.16,-64.4,87.6,0.3,6.1,0.5,0.9,0.1
MO-07,house,MO,29119,1066,5345,127,0,6537,-66.75,-69.29,75.3,1.7,9.7,1.4,2.2,3.3
MO-07,house,MO,29145,4277,15697,395,0,20369,-57.18,-59.24,83.8,0.9,4.9,1.3,2.1,1.0
MO-07,house,MO,29209,2629,10498,260,0,13387,-59.94,-61.85,92.1,0.2,2.0,0.4,0.7,0.0
MO-07,house,MO,29213,3890,14524,364,0,18778,-57.75,-59.88,84.3,1.5,6.9,1.1,0.8,0.4
MO-07,house,MO,29225,1141,4982,121,0,6244,-62.74,-65.41,92.7,0.5,1.6,0.4,0.6,0.0
MO-08,house,MO,29017,554,3694,65,0,4313,-73.92,-75.3,93.8,0.4,1.0,0.2,0.2,0.0
MO-08,house,MO,29023,2287,10027,189,0,12503,-62.85,-64.31,87.0,5.5,1.6,0.7,0.5,0.0
MO-08,house,MO,29031,7511,20309,426,0,28247,-46.0,-47.03,85.0,6.9,2.3,1.6,0.2,0.0
MO-08,house,MO,29035,274,1699,30,0,2004,-72.18,-74.47,92.7,0.2,1.6,0.4,0.3,0.0
MO-08,house,MO,29065,748,4150,75,0,4973,-69.47,-70.87,92.5,0.3,1.3,0.4,0.5,0.0
MO-08,house,MO,29067,736,4290,77,0,5103,-70.73,-72.48,92.4,0.2,1.5,0.3,0.7,0.0
MO-08,house,MO,29069,1399,5531,106,0,7036,-59.61,-62.23,80.2,10.1,5.7,0.3,0.3,0.0
MO-08,house,MO,29091,2250,10828,200,0,13279,-65.59,-67.32,91.5,0.4,1.7,0.6,0.7,0.1
MO-08,house,MO,29093,616,2499,48,0,3163,-60.45,-63.12,90.9,1.3,1.7,0.4,0.5,0.0
MO-08,house,MO,29099,19537,38901,896,0,59334,-33.14,-34.81,90.9,0.9,2.0,0.8,0.3,0.0
MO-08,house,MO,29123,723,3244,61,0,4027,-63.57,-65.45,92.1,0.5,2.3,0.3,0.4,0.0
MO-08,house,MO,29133,747,2320,47,0,3114,-51.29,-54.06,71.7,23.8,1.5,0.2,0.3,0.0
MO-08,house,MO,29143,1135,3561,72,0,4768,-51.66,-53.84,79.2,15.5,1.1,0.4,0.1,0.0
MO-08,house,MO,29149,525,2655,49,0,3229,-66.97,-69.61,93.2,0.2,1.2,0.0,0.8,0.0
MO-08,house,MO,29153,515,2781,51,0,3346,-68.76,-70.56,93.8,0.3,1.0,0.2,0.5,0.1
MO-08,house,MO,29155,977,2656,56,0,3689,-46.21,-49.28,69.1,24.8,2.3,0.2,0.2,0.0
MO-08,house,MO,29157,1260,5514,104,0,6877,-62.8,-63.93,94.0,0.5,1.5,0.7,0.2,0.0
MO-08,house,MO,29161,3858,9448,204,0,13510,-42.02,-43.49,86.0,2.3,2.3,3.6,0.5,0.1
MO-08,house,MO,29179,348,1761,32,0,2142,-67.02,-68.87,93.6,0.4,1.3,0.2,0.5,0.0
MO-08,house,MO,29181,571,3431,61,0,4063,-71.48,-73.53,93.4,0.2,0.8,0.3,0.4,0.0
MO-08,house,MO,29186,1918,4822,103,0,6843,-43.08,-45.57,93.1,2.0,1.3,0.2,0.3,0.0
MO-08,house,MO,29187,4947,14781,302,0,20031,-49.85,-51.92,88.9,4.7,1.4,0.6,0.3,0.0
MO-08,house,MO,29201,2550,9469,184,0,12203,-57.56,-59.28,83.3,10.4,1.9,0.4,0.2,0.0
MO-08,house,MO,29203,474,2297,42,0,2813,-65.8,-68.66,92.2,0.1,1.4,0.2,0.6,0.0
MO-08,house,MO,29207,1284,8085,144,0,9513,-72.58,-74.33,93.7,1.0,1.6,0.3,0.3,0.0
MO-08,house,MO,29215,1186,6761,122,0,8068,-70.16,-72.23,89.7,3.9,1.8,0.3,0.6,0.0
MO-08,house,MO,29223,585,3447,62,0,4093,-70.98,-73.06,92.5,0.4,0.9,0.2,0.7,0.1
MO-08,house,MO,29229,804,5388,95,0,6287,-74.02,-76.27,92.4,0.5,1.6,0.2,0.4,0.0
MS-01,house,MS,28003,2023,8399,159,0,10581,-61.18,-68.93,82.2,12.0,2.5,0.5,0.2,0.0
MS-01,house,MS,28009,1045,1630,41,0,2716,-21.88,-31.59,61.3,34.2,1.7,0.0,0.1,0.0
MS-01,house,MS,28013,1248,2913,63,0,4224,-40.03,-48.35,67.8,25.3,4.3,0.1,0.1,0.0
MS-01,house,MS,28017,2366,2621,76,0,5063,-5.13,-13.8,52.8,41.9,3.1,0.3,0.1,0.0
MS-01,house,MS,28019,786,1897,41,0,2723,-41.41,-49.82,69.1,27.4,1.0,0.1,0.2,0.0
MS-01,house,MS,28025,3697,2545,95,0,6338,18.45,10.5,41.4,55.6,0.9,0.3,0.1,0.0
MS-01,house,MS,28033,22093,32429,830,0,55353,-18.96,-24.7,61.6,28.7,4.6,1.7,0.2,0.1
MS-01,house,MS,28057,987,6338,112,0,7437,-73.04,-80.53,89.3,6.8,1.4,0.2,0.2,0.0
MS-01,house,MS,28071,6982,9156,246,0,16384,-13.47,-22.14,71.2,19.3,3.4,3.1,0.1,0.0
MS-01,house,MS,28081,8336,16030,371,0,24737,-31.57,-39.26,66.5,27.2,2.7,1.1,0.1,0.0
MS-01,house,MS,28087,8369,8469,257,0,17095,-0.6,-8.23,52.0,42.4,2.0,0.9,0.2,0.0
MS-01,house,MS,28093,5281,5047,157,0,10486,2.27,-7.33,49.9,43.7,3.6,0.2,0.2,0.1
MS-01,house,MS,28095,3971,7108,169,0,11248,-28.31,-36.18,67.0,29.5,1.1,0.2,0.1,0.0
MS-01,house,MS,28105,266,695,15,0,975,-44.62,-53.18,59.1,32.9,2.4,2.9,0.2,0.0
MS-01,house,MS,28115,1920,7782,148,0,9850,-60.42,-68.27,78.7,13.5,5.0,0.2,0.2,0.0
MS-01,house,MS,28117,1503,5656,109,0,7268,-58.02,-66.49,81.6,14.2,1.4,0.3,0.3,0.0
MS-01,house,MS,28137,2876,5992,135,0,9003,-35.14,-44.19,66.4,28.3,2.3,0.2,0.2,0.0
MS-01,house,MS,28139,1345,5269,101,0,6715,-59.32,-67.54,78.1,15.8,4.1,0.1,0.1,0.0
MS-01,house,MS,28141,869,5373,95,0,6337,-72.15,-79.5,91.8,2.4,2.3,0.2,0.2,0.0
MS-01,house,MS,28145,1598,7008,131,0,8737,-62.86,-70.77,79.4,14.1,3.8,0.3,0.1,0.0
MS-01,house,MS,28155,742,2772,54,0,3567,-57.78,-65.58,78.9,17.8,1.1,0.2,0.1,0.0
MS-02,house,MS,28001,5359,2871,125,0,8355,30.24,14.06,39.4,54.0,3.9,0.6,0.2,0.0
MS-02,house,MS,28005,1988,2715,72,0,4775,-15.47,-33.25,59.8,36.8,0.9,0.3,0.2,0.0
MS-02,house,MS,28007,2483,2833,81,0,5397,-6.58,-23.43,55.8,40.2,1.5,0.5,0.2,0.0
MS-02,house,MS,28011,5099,2101,110,0,7309,41.64,23.9,34.2,60.1,2.5,0.9,0.1,0.0
MS-02,house,MS,28015,1303,2282,55,0,3639,-27.3,-44.55,66.4,29.6,1.5,0.3,0.2,0.0
MS-02,house,MS,28021,2262,180,37,0,2480,85.24,68.19,12.2,85.6,0.7,0.0,0.1,0.0
MS-02,house,MS,28027,3676,1008,71,0,4756,56.95,40.23,22.9,72.9,1.6,0.6,0.1,0.0
MS-02,house,MS,28029,4503,3546,123,0,8172,11.88,-6.12,45.6,48.6,3.1,0.4,0.1,0.1
MS-02,house,MS,28037,1093,1713,43,0,2849,-22.1,-40.01,65.3,32.3,0.6,0.1,0.0,0.0
MS-02,house,MS,28043,3377,3362,103,0,6842,0.22,-16.38,54.2,41.7,1.2,0.4,0.1,0.0
MS-02,house,MS,28049,44245,8597,805,0,53647,67.46,51.17,28.0,67.0,1.8,1.0,0.1,0.0
MS-02,house,MS,28051,4164,479,71,0,4713,79.37,62.69,16.4,81.1,0.6,0.1,0.2,0.0
MS-02,house,MS,28053,1902,490,36,0,2429,59.01,42.32,20.9,75.3,1.1,0.2,0.1,0.0
MS-02,house,MS,28055,251,178,7,0,436,16.94,-1.54,33.7,55.1,10.3,0.2,0.1,0.0
MS-02,house,MS,28063,2097,179,35,0,2310,84.26,66.89,14.3,83.1,0.8,0.3,0.2,0.1
MS-02,house,MS,28079,2733,3050,88,0,5871,-5.49,-23.56,51.1,37.5,4.3,0.4,5.0,0.0
MS-02,house,MS,28083,5034,1439,99,0,6571,55.54,39.02,23.7,70.9,2.7,0.8,0.1,0.0
MS-02,house,MS,28089,6038,1263,111,0,7413,65.4,47.77,57.2,34.4,3.2,2.8,0.2,0.0
MS-02,house,MS,28097,1469,1584,46,0,3099,-3.75,-20.96,54.4,42.5,0.9,0.2,0.1,0.0
MS-02,house,MS,28107,5165,4787,152,0,10103,3.79,-15.01,50.5,45.6,1.6,0.2,0.1,0.0
MS-02,house,MS,28119,1371,476,28,0,1875,48.47,31.33,26.6,71.4,0.1,0.2,0.0,0.1
MS-02,house,MS,28125,930,288,19,0,1237,52.67,37.1,28.3,67.3,1.6,0.3,0.0,0.1
MS-02,house,MS,28133,4156,1277,83,0,5516,52.99,35.74,28.5,67.3,2.4,0.3,0.1,0.0
MS-02,house,MS,28135,2148,1337,53,0,3538,23.26,5.86,39.9,54.9,4.0,0.1,0.0,0.0
MS-02,house,MS,28143,1449,391,28,0,1868,57.45,39.35,22.3,73.4,1.9,0.4,0.2,0.0
MS-02,house,MS,28149,7113,5513,192,0,12818,12.68,-4.0,49.8,45.0,1.8,0.9,0.2,0.0
MS-02,house,MS,28151,7633,2398,153,0,10184,52.18,35.36,27.3,68.9,1.1,0.7,0.1,0.0
MS-02,house,MS,28157,1455,567,31,0,2053,43.94,25.66,31.6,65.1,0.9,0.1,0.2,0.0
MS-02,house,MS,28161,1958,2099,62,0,4118,-3.47,-21.16,61.5,35.0,1.2,0.2,0.2,0.0
MS-02,house,MS,28163,3581,2609,94,0,6284,15.69,-2.43,36.7,56.4,4.7,0.5,0.2,0.0
MS-03,house,MS,28023,1900,3317,79,0,5297,-27.16,-35.4,65.1,31.9,0.6,0.1,0.1,0.0
MS-03,house,MS,28031,2312,3794,93,0,6199,-24.28,-33.54,62.4,33.7,1.7,0.4,0.1,0.0
MS-03,house,MS,28049,4205,2845,107,0,7158,19.29,13.24,28.0,67.0,1.8,1.0,0.1,0.0
MS-03,house,MS,28061,2827,2616,83,0,5526,3.87,-5.11,48.3,49.0,0.9,0.1,0.1,0.0
MS-03,house,MS,28065,2265,1440,56,0,3762,22.26,13.83,40.1,57.0,0.7,0.2,0.1,0.0
MS-03,house,MS,28067,730,2011,42,0,2783,-46.74,-53.89,65.4,26.9,4.8,0.4,0.5,0.0
MS-03,house,MS,28069,1772,1044,43,0,2858,25.87,16.94,34.1,59.4,0.7,0.1,4.2,0.0
MS-03,house,MS,28075,8195,10691,288,0,19173,-13.22,-21.39,53.1,41.7,2.1,0.8,0.2,0.0
MS-03,house,MS,28077,1502,2669,64,0,4235,-27.97,-36.83,66.2,29.9,1.5,0.3,0.2,0.0
MS-03,house,MS,28085,3437,7452,166,0,11055,-36.87,-45.69,67.2,29.2,1.0,0.5,0.2,0.0
MS-03,house,MS,28089,11565,19532,474,0,31570,-25.62,-32.86,57.2,34.4,3.2,2.8,0.2,0.0
MS-03,house,MS,28091,2567,5142,117,0,7827,-33.4,-42.01,65.9,30.4,1.3,0.3,0.2,0.0
MS-03,house,MS,28099,2156,5329,114,0,7599,-42.4,-51.34,60.7,21.2,1.3,0.4,14.5,0.0
MS-03,house,MS,28101,2078,4346,98,0,6522,-35.3,-43.68,62.7,29.6,1.4,0.4,4.2,0.0
MS-03,house,MS,28103,2403,662,47,0,3112,56.81,47.92,26.9,69.2,1.3,0.1,0.2,0.0
MS-03,house,MS,28105,6474,5005,175,0,11653,12.8,4.19,59.1,32.9,2.4,2.9,0.2,0.0
MS-03,house,MS,28113,5595,5075,163,0,10833,4.87,-3.53,44.6,50.7,1.4,0.6,0.3,0.0
MS-03,house,MS,28121,14292,33725,731,0,48748,-40.47,-47.62,73.1,20.1,2.7,1.5,0.2,0.0
MS-03,house,MS,28123,2886,3930,104,0,6920,-15.31,-24.11,51.0,34.9,12.0,0.4,0.3,0.0
MS-03,house,MS,28127,2748,4897,116,0,7761,-28.1,-36.92,63.2,32.7,1.3,0.3,0.2,0.0
MS-03,house,MS,28129,1252,4037,81,0,5370,-52.65,-61.06,76.3,20.6,1.2,0.1,0.2,0.0
MS-03,house,MS,28147,1847,2652,69,0,4568,-17.89,-27.19,56.8,39.7,1.3,0.3,0.4,0.0
MS-03,house,MS,28159,2616,3161,88,0,5865,-9.43,-18.4,53.2,43.2,1.0,0.2,0.8,0.0
MS-04,house,MS,28035,8457,11169,299,0,19925,-13.82,-18.19,57.6,34.5,3.6,1.2,0.2,0.0
MS-04,house,MS,28039,911,6722,116,0,7749,-76.13,-79.3,86.7,7.3,2.2,0.3,0.4,0.0
MS-04,house,MS,28041,658,3237,59,0,3955,-66.19,-70.24,70.9,25.4,1.0,0.2,0.5,0.0
MS-04,house,MS,28045,3208,11393,222,0,14823,-56.06,-59.3,82.9,7.8,3.8,1.0,0.5,0.0
MS-04,house,MS,28047,19396,32951,797,0,53144,-25.89,-29.24,63.7,22.6,5.7,3.0,0.4,0.1
MS-04,house,MS,28059,11472,24664,550,0,36687,-36.51,-40.33,67.3,20.1,6.0,2.3,0.4,0.1
MS-04,house,MS,28067,4755,11633,250,0,16638,-41.97,-46.06,65.4,26.9,4.8,0.4,0.5,0.0
MS-04,house,MS,28073,5169,14255,296,0,19720,-46.77,-49.39,71.1,20.8,3.0,1.7,0.2,0.1
MS-04,house,MS,28109,3059,13953,259,0,17271,-64.04,-67.39,80.0,11.6,3.5,0.5,0.5,0.0
MS-04,house,MS,28111,836,2983,58,0,3877,-56.21,-60.82,78.0,18.3,1.1,0.3,0.4,0.0
MS-04,house,MS,28131,1240,4220,83,0,5543,-54.57,-58.64,76.2,17.5,2.4,0.5,0.4,0.1
MS-04,house,MS,28153,2245,4042,96,0,6383,-28.58,-33.02,59.4,37.3,1.5,0.2,0.2,0.0
MT-01,house,MT,30001,1266,2684,108,0,4057,-35.91,-44.9,90.7,0.1,4.0,0.3,1.0,0.0
MT-01,house,MT,30023,1849,1468,91,0,3408,11.48,1.0,91.2,0.3,2.0,0.3,2.5,0.0
MT-01,house,MT,30029,16015,27016,1176,0,44206,-25.57,-34.71,90.9,0.2,2.6,0.7,0.9,0.1
MT-01,house,MT,30031,26828,20788,1301,0,48917,12.69,3.32,88.7,0.4,4.3,1.2,0.7,0.1
MT-01,house,MT,30035,2282,1177,95,0,3553,31.95,20.4,29.4,0.1,1.8,0.4,62.7,0.1
MT-01,house,MT,30039,482,1002,41,0,1524,-35.07,-45.27,93.1,0.0,2.1,0.1,0.9,0.0
MT-01,house,MT,30047,5132,6391,315,0,11837,-10.92,-20.56,70.4,0.2,3.2,0.5,18.3,0.1
MT-01,house,MT,30053,2207,5829,220,0,8256,-45.06,-54.62,91.3,0.1,2.3,0.5,1.0,0.1
MT-01,house,MT,30057,1394,3010,120,0,4524,-36.68,-46.41,92.6,0.2,2.5,0.3,0.4,0.1
MT-01,house,MT,30061,582,1349,53,0,1984,-39.71,-49.67,90.1,0.1,2.4,0.6,1.6,0.1
MT-01,house,MT,30063,32466,17099,1355,0,50920,31.0,22.22,86.3,0.5,4.9,1.2,2.3,0.1
MT-01,house,MT,30073,240,365,17,0,621,-20.62,-33.95,81.9,0.0,1.2,0.5,12.6,0.2
MT-01,house,MT,30077,604,1633,61,0,2298,-46.0,-55.29,87.3,1.0,1.7,0.3,6.5,0.0
MT-01,house,MT,30081,6925,13457,557,0,20938,-32.05,-41.69,91.2,0.2,2.9,0.6,0.7,0.1
MT-01,house,MT,30089,1463,4038,150,0,5651,-46.82,-56.59,88.0,0.2,2.2,0.4,3.4,0.0
MT-01,house,MT,30093,7320,5096,339,0,12755,17.92,7.29,90.0,0.3,3.8,0.6,1.4,0.1
MT-02,house,MT,30003,1399,1334,282,114,3129,2.39,-1.77,32.4,0.1,3.8,0.4,59.2,0.0
MT-02,house,MT,30005,905,941,190,77,2113,-1.96,-6.19,47.0,0.2,1.9,0.1,46.7,0.0
MT-02,house,MT,30007,603,2339,303,123,3368,-59.02,-61.98,92.2,0.2,2.4,0.1,0.7,0.0
MT-02,house,MT,30009,1547,2916,460,186,5108,-30.67,-33.46,92.8,0.2,2.0,0.2,0.8,0.0
MT-02,house,MT,30011,53,470,54,22,598,-79.45,-82.04,95.0,0.0,0.9,0.0,0.6,0.0
MT-02,house,MT,30013,9149,13834,2368,958,26309,-20.39,-23.05,83.8,1.3,4.0,1.2,4.0,0.1
MT-02,house,MT,30015,616,1178,185,75,2054,-31.29,-33.45,76.4,0.1,2.2,0.3,18.3,0.0
MT-02,house,MT,30017,927,2619,365,148,4059,-47.72,-50.47,91.4,0.6,2.6,0.5,1.5,0.1
MT-02,house,MT,30019,107,475,60,24,666,-63.31,-66.95,90.5,0.0,2.0,1.0,1.3,0.0
MT-02,house,MT,30021,594,2243,292,118,3247,-58.11,-60.45,90.6,0.5,2.2,0.7,1.9,0.0
MT-02,house,MT,30025,113,809,95,38,1055,-75.58,-77.76,95.4,0.2,1.3,0.2,0.8,0.1
MT-02,house,MT,30027,1004,3101,423,171,4699,-51.07,-53.08,93.4,0.0,1.5,0.3,1.0,0.0
MT-02,house,MT,30033,30,460,50,20,560,-80.24,-90.19,95.7,0.0,1.0,0.0,1.0,0.0
MT-02,house,MT,30037,47,268,32,13,361,-69.95,-73.57,91.1,0.8,2.7,0.0,0.0,0.0
MT-02,house,MT,30041,1749,2412,429,173,4763,-15.94,-19.02,72.7,0.3,2.5,0.6,19.2,0.1
MT-02,house,MT,30043,1658,3412,522,211,5804,-34.59,-37.57,91.8,0.1,1.8,0.4,1.3,0.0
MT-02,house,MT,30045,178,650,85,34,947,-57.07,-59.73,93.4,0.4,1.9,0.2,0.1,0.1
MT-02,house,MT,30049,12397,13299,2648,1071,29414,-3.51,-5.9,89.1,0.4,3.0,0.8,1.7,0.1
MT-02,house,MT,30051,142,462,62,25,692,-52.99,-55.69,95.9,0.1,0.4,0.4,0.7,0.0
MT-02,house,MT,30055,91,570,68,28,758,-72.35,-75.66,94.3,0.1,1.3,0.6,1.0,0.0
MT-02,house,MT,30059,169,548,74,30,821,-52.8,-55.24,93.5,0.5,2.3,0.0,0.0,0.0
MT-02,house,MT,30065,273,1569,190,77,2109,-70.34,-73.12,91.8,0.1,2.7,0.4,1.4,0.1
MT-02,house,MT,30067,3363,3802,738,299,8201,-6.14,-7.96,91.9,0.4,2.4,0.5,0.7,0.0
MT-02,house,MT,30069,25,173,20,8,227,-74.96,-76.95,94.4,0.0,1.0,0.0,0.0,0.0
MT-02,house,MT,30071,253,1086,138,56,1533,-62.23,-63.99,85.8,0.2,2.1,0.4,6.6,0.0
MT-02,house,MT,30073,325,877,124,50,1376,-45.98,-47.46,81.9,0.0,1.2,0.5,12.6,0.2
MT-02,house,MT,30075,91,586,70,28,774,-73.12,-76.05,93.3,0.1,1.7,0.0,1.7,0.0
MT-02,house,MT,30079,80,341,43,18,482,-62.04,-63.47,92.8,0.2,2.2,0.8,1.0,0.0
MT-02,house,MT,30083,526,2721,334,135,3717,-67.58,-69.87,88.0,0.5,4.3,1.0,1.3,0.1
MT-02,house,MT,30085,1122,1271,247,100,2740,-6.24,-10.04,38.7,0.2,2.0,0.6,52.4,0.0
MT-02,house,MT,30087,726,1533,233,94,2585,-35.71,-38.5,63.4,0.1,2.1,0.4,30.1,0.0
MT-02,house,MT,30091,341,829,120,49,1339,-41.74,-44.37,92.2,0.3,2.2,0.4,1.3,0.0
MT-02,house,MT,30095,721,2891,372,151,4135,-60.07,-63.3,92.0,0.1,2.5,0.3,0.8,0.0
MT-02,house,MT,30097,345,1112,150,61,1667,-52.69,-54.62,92.0,0.2,2.2,0.4,0.4,0.0
MT-02,house,MT,30099,613,1569,225,91,2498,-43.78,-46.42,92.0,0.2,1.0,0.3,1.7,0.1
MT-02,house,MT,30101,279,972,129,52,1433,-55.34,-58.21,84.6,0.8,3.0,0.7,7.8,0.0
MT-02,house,MT,30103,41,229,28,11,309,-69.39,-73.11,92.3,0.2,4.3,0.5,1.2,0.0
MT-02,house,MT,30105,624,1871,257,104,2856,-49.95,-52.71,86.6,0.2,1.9,0.3,7.3,0.0
MT-02,house,MT,30107,141,523,68,28,760,-57.41,-60.27,92.4,0.1,1.4,0.2,0.2,0.0
MT-02,house,MT,30109,47,287,34,14,382,-71.68,-73.41,93.6,0.3,2.5,0.0,0.7,0.3
MT-02,house,MT,30111,18583,31191,5128,2074,56977,-25.33,-27.99,85.8,0.7,5.0,0.8,3.4,0.1
NC-01,house,NC,37013,8034,10478,93,0,18605,-13.2,-31.3,69.2,22.1,5.9,0.4,0.2,0.0
NC-01,house,NC,37015,4272,2097,32,0,6402,34.14,15.66,36.2,58.8,1.8,0.4,0.4,0.0
NC-01,house,NC,37029,1460,2933,22,0,4415,-33.54,-51.2,80.3,11.0,2.5,1.2,0.4,0.0
NC-01,house,NC,37031,11687,20225,160,0,32072,-26.76,-43.46,86.9,4.7,3.6,0.8,0.4,0.1
NC-01,house,NC,37041,2522,2739,26,0,5287,-4.12,-22.61,62.8,30.9,3.0,0.4,0.3,0.0
NC-01,house,NC,37049,18824,20302,197,0,39323,-3.78,-20.66,67.6,19.4,5.9,2.7,0.4,0.1
NC-01,house,NC,37053,4294,8280,63,0,12637,-31.7,-48.38,85.5,5.0,3.5,1.0,0.4,0.1
NC-01,house,NC,37055,8591,8969,88,0,17648,-2.16,-18.97,88.7,1.8,5.4,0.7,0.3,0.0
NC-01,house,NC,37065,12020,5024,86,0,17129,41.05,22.86,38.0,54.8,4.5,0.2,0.3,0.0
NC-01,house,NC,37073,1986,2101,21,0,4108,-2.83,-21.87,64.4,30.0,1.4,0.2,0.6,0.1
NC-01,house,NC,37077,2907,1058,20,0,3985,46.63,28.74,57.3,30.6,8.2,0.6,0.3,0.0
NC-01,house,NC,37083,11033,5261,82,0,16376,35.43,17.29,41.2,50.0,2.4,0.6,3.3,0.0
NC-01,house,NC,37091,4998,1859,34,0,6891,45.77,26.97,32.9,54.9,8.0,0.5,0.9,0.0
NC-01,house,NC,37095,813,876,8,0,1698,-3.73,-22.29,64.5,26.8,5.9,0.2,0.2,0.1
NC-01,house,NC,37117,4503,3842,42,0,8387,7.92,-10.5,54.4,39.6,3.1,0.4,0.2,0.0
NC-01,house,NC,37127,21089,15461,184,0,36733,15.4,-1.78,51.6,37.9,6.3,0.9,0.6,0.0
NC-01,house,NC,37131,4266,2139,32,0,6438,33.21,14.54,41.6,53.9,1.5,0.2,0.3,0.0
NC-01,house,NC,37133,735,1320,10,0,2065,-28.47,-44.92,65.7,13.0,12.5,2.5,0.5,0.4
NC-01,house,NC,37137,2375,3180,28,0,5583,-14.48,-32.3,75.6,17.1,3.4,0.4,0.4,0.0
NC-01,house,NC,37139,8025,6145,71,0,14241,13.27,-4.92,55.3,35.2,4.5,1.2,0.4,0.1
NC-01,house,NC,37143,2084,3183,26,0,5294,-20.86,-39.62,73.5,20.5,1.8,0.3,0.3,0.1
NC-01,house,NC,37177,591,633,6,0,1230,-3.48,-21.7,61.2,29.5,5.8,1.5,0.1,0.0
NC-01,house,NC,37181,9242,4754,70,0,14066,32.07,13.45,41.6,48.4,6.9,0.6,0.2,0.0
NC-01,house,NC,37185,4820,2155,35,0,7010,38.21,19.25,41.6,47.4,3.0,0.3,4.9,0.0
NC-01,house,NC,37187,2577,1569,21,0,4166,24.31,6.26,48.3,46.7,2.4,0.3,0.2,0.0
NC-02,house,NC,37183,209003,72833,7316,0,289152,48.32,34.4,60.0,18.1,9.8,8.3,0.2,0.0
NC-03,house,NC,37061,6365,9421,240,0,16026,-19.35,-29.11,54.9,24.4,18.1,0.3,0.3,0.0
NC-03,house,NC,37079,2661,3165,89,0,5915,-8.64,-18.19,49.5,36.2,11.4,0.2,0.6,0.0
NC-03,house,NC,37103,1574,2193,57,0,3824,-16.42,-25.89,64.3,28.7,3.4,0.4,0.5,0.0
NC-03,house,NC,37107,9652,9311,289,0,19251,1.8,-6.84,51.5,39.1,6.2,0.6,0.3,0.1
NC-03,house,NC,37133,19771,34512,827,0,55109,-27.16,-35.98,65.7,13.0,12.5,2.5,0.5,0.4
NC-03,house,NC,37147,34347,25603,913,0,60863,14.59,6.0,54.2,33.8,6.5,1.9,0.3,0.1
NC-03,house,NC,37163,6672,8009,224,0,14905,-9.11,-19.37,54.1,24.5,16.8,0.4,1.7,0.0
NC-03,house,NC,37191,17456,20302,575,0,38333,-7.54,-16.54,54.5,30.0,10.3,1.4,0.3,0.1
NC-03,house,NC,37195,15055,12555,420,0,28030,9.05,0.4,49.1,37.5,9.2,1.1,0.3,0.0
NC-04,house,NC,37037,16171,5613,531,0,22315,48.47,32.95,73.3,10.4,10.7,2.2,0.2,0.0
NC-04,house,NC,37063,110402,13016,3009,0,126426,78.91,62.91,44.4,33.5,12.7,5.6,0.2,0.0
NC-04,house,NC,37135,50356,9651,1463,0,61470,67.83,51.76,67.6,10.6,8.9,8.6,0.2,0.0
NC-04,house,NC,37183,64587,28752,2276,0,95616,38.39,22.98,60.0,18.1,9.8,8.3,0.2,0.0
NC-05,house,NC,37003,3545,10702,240,0,14487,-50.24,-60.32,86.2,5.6,4.0,1.0,0.3,0.0
NC-05,house,NC,37005,1292,3179,75,0,4546,-42.21,-52.32,86.9,1.0,9.7,0.2,0.2,0.0
NC-05,house,NC,37009,3600,7596,189,0,11385,-35.69,-44.82,92.0,0.4,4.6,0.4,0.2,0.0
NC-05,house,NC,37027,8525,21444,506,0,30475,-43.11,-52.97,86.5,4.7,4.8,0.6,0.2,0.0
NC-05,house,NC,37081,68359,26352,1600,0,96311,44.35,34.56,50.7,32.4,8.0,5.0,0.4,0.0
NC-05,house,NC,37157,12713,21446,576,0,34735,-25.57,-36.18,72.8,18.4,5.2,0.5,0.3,0.0
NC-05,house,NC,37169,4679,14038,316,0,19033,-50.0,-60.06,90.0,3.8,2.6,0.4,0.3,0.0
NC-05,house,NC,37171,7274,18550,436,0,26259,-43.67,-53.65,83.9,3.4,9.4,0.5,0.2,0.0
NC-05,house,NC,37189,13175,9603,385,0,23163,15.68,6.07,83.6,4.2,6.2,1.8,0.2,0.0
NC-05,house,NC,37193,6279,18692,421,0,25392,-49.71,-60.06,87.6,4.0,5.4,0.5,0.1,0.0
NC-06,house,NC,37025,18820,15946,0,0,34767,8.27,2.03,63.3,18.0,10.1,4.7,0.3,0.1
NC-06,house,NC,37057,19399,46063,0,0,65462,-40.73,-47.56,79.5,9.1,6.5,1.4,0.4,0.0
NC-06,house,NC,37059,5647,13161,0,0,18808,-39.95,-47.03,84.1,5.7,6.2,0.6,0.2,0.0
NC-06,house,NC,37067,20628,22744,0,0,43372,-4.88,-10.87,58.3,24.2,11.5,2.4,0.3,0.0
NC-06,house,NC,37081,39573,19405,0,0,58979,34.2,26.79,50.7,32.4,8.0,5.0,0.4,0.0
NC-06,house,NC,37159,18688,34109,0,0,52797,-29.21,-36.22,71.5,15.2,8.6,1.1,0.3,0.0
NC-07,house,NC,37017,4672,6179,165,0,11016,-13.89,-21.89,55.7,32.4,6.7,0.2,2.4,0.0
NC-07,house,NC,37019,30256,45140,1148,0,76544,-19.74,-25.04,83.7,7.8,4.1,0.6,0.5,0.0
NC-07,house,NC,37047,6691,11509,277,0,18477,-26.47,-34.09,61.2,28.5,4.1,0.3,3.2,0.0
NC-07,house,NC,37051,34007,29380,965,0,64353,7.3,1.25,42.6,36.9,10.5,2.9,1.4,0.4
NC-07,house,NC,37129,50651,44743,1453,0,96847,6.19,0.6,76.7,11.4,6.3,1.5,0.3,0.1
NC-07,house,NC,37141,9602,17219,408,0,27230,-28.4,-35.28,75.9,13.3,6.4,0.5,0.4,0.0
NC-07,house,NC,37155,3740,7036,164,0,10941,-30.59,-38.42,27.9,22.8,8.2,0.8,37.0,0.1
NC-07,house,NC,37163,1047,3715,73,0,4834,-56.03,-62.59,54.1,24.5,16.8,0.4,1.7,0.0
NC-08,house,NC,37007,3904,3574,134,0,7613,4.41,-2.52,49.9,44.0,2.5,0.9,0.4,0.0
NC-08,house,NC,37025,21418,27100,869,0,49387,-11.71,-14.75,63.3,18.0,10.1,4.7,0.3,0.1
NC-08,house,NC,37119,26862,23649,905,0,51416,6.36,2.9,47.9,28.8,13.3,6.3,0.3,0.0
NC-08,house,NC,37123,3108,5975,163,0,9246,-31.57,-38.09,68.2,16.5,11.6,1.5,0.3,0.0
NC-08,house,NC,37153,5840,7827,245,0,13913,-14.54,-21.02,58.3,29.1,5.6,0.9,2.3,0.0
NC-08,house,NC,37155,9192,12223,384,0,21798,-14.16,-22.55,27.9,22.8,8.2,0.8,37.0,0.1
NC-08,house,NC,37165,5009,5049,180,0,10239,-0.4,-6.98,44.9,37.3,3.1,0.9,10.1,0.0
NC-08,house,NC,37167,6694,18466,451,0,25611,-46.79,-51.35,80.1,11.0,3.9,1.6,0.4,0.0
NC-08,house,NC,37179,37738,58118,1717,0,97574,-21.26,-25.54,70.5,11.3,10.9,3.7,0.3,0.0
NC-09,house,NC,37001,31189,31707,0,0,62897,-0.82,-8.26,63.7,19.3,11.7,1.7,0.4,0.0
NC-09,house,NC,37037,6398,7896,0,0,14294,-10.48,-18.99,73.3,10.4,10.7,2.2,0.2,0.0
NC-09,house,NC,37051,24812,9167,0,0,33979,46.04,36.99,42.6,36.9,10.5,2.9,1.4,0.4
NC-09,house,NC,37081,21152,23112,0,0,44264,-4.43,-10.96,50.7,32.4,8.0,5.0,0.4,0.0
NC-09,house,NC,37093,9175,6763,0,0,15938,15.13,6.01,40.0,32.7,12.5,1.5,7.7,0.3
NC-09,house,NC,37125,16955,26313,0,0,43268,-21.63,-29.78,78.3,10.5,5.8,1.2,0.7,0.1
NC-09,house,NC,37151,13395,39838,0,0,53233,-49.68,-57.64,78.6,6.0,10.6,1.4,0.5,0.0
NC-10,house,NC,37035,19993,39903,1060,0,60957,-33.24,-38.32,76.1,7.8,8.7,3.8,0.2,0.0
NC-10,house,NC,37067,63331,34793,1738,0,99863,29.08,23.85,58.3,24.2,11.5,2.4,0.3,0.0
NC-10,house,NC,37097,27340,48894,1350,0,77584,-28.27,-32.92,76.0,11.0,7.1,2.4,0.2,0.0
NC-10,house,NC,37109,11211,27010,677,0,38897,-41.34,-46.05,84.4,5.2,6.2,0.8,0.3,0.0
NC-10,house,NC,37197,2940,10960,246,0,14146,-57.7,-62.92,84.7,2.9,9.2,0.4,0.2,0.0
NC-11,house,NC,37011,1832,4676,135,0,6642,-43.7,-52.78,88.1,4.3,4.5,0.3,0.3,0.0
NC-11,house,NC,37021,73329,36726,2281,0,112336,33.26,25.14,82.4,5.3,6.6,1.2,0.3,0.1
NC-11,house,NC,37039,3171,9057,253,0,12481,-48.14,-58.04,89.6,1.1,2.4,0.5,1.5,0.0
NC-11,house,NC,37043,1563,3738,110,0,5411,-41.03,-50.42,92.3,0.5,3.1,0.3,0.4,0.0
NC-11,house,NC,37075,752,2526,68,0,3347,-54.11,-64.46,88.7,0.5,2.1,0.3,5.7,0.0
NC-11,house,NC,37087,10859,15125,538,0,26523,-16.42,-25.41,91.2,1.1,3.6,0.6,0.4,0.0
NC-11,house,NC,37089,22317,25687,995,0,48999,-7.02,-14.72,82.1,2.7,10.7,1.1,0.2,0.2
NC-11,house,NC,37099,7523,7526,312,0,15360,-0.02,-9.52,79.4,1.9,6.4,1.1,7.5,0.0
NC-11,house,NC,37111,4867,11360,336,0,16563,-40.01,-49.55,86.7,4.0,5.2,0.8,0.3,0.0
NC-11,house,NC,37113,5320,9725,312,0,15357,-29.28,-38.35,87.7,0.7,7.4,0.7,0.4,0.0
NC-11,house,NC,37115,3992,5351,194,0,9536,-14.54,-23.83,91.3,1.1,3.1,0.4,0.3,0.0
NC-11,house,NC,37121,1597,4469,126,0,6192,-47.34,-56.27,92.3,0.3,3.7,0.4,0.2,0.0
NC-11,house,NC,37149,921,1759,56,0,2736,-31.29,-40.88,88.5,3.4,4.1,0.3,0.3,0.0
NC-11,house,NC,37173,2086,2751,100,0,4937,-13.74,-23.99,65.3,0.8,3.4,0.4,25.7,0.0
NC-11,house,NC,37175,6823,7428,295,0,14547,-4.25,-12.31,88.6,2.9,4.1,0.5,0.3,0.1
NC-11,house,NC,37199,2901,4838,160,0,7900,-25.03,-34.76,91.7,0.6,4.0,0.3,0.3,0.0
NC-12,house,NC,37119,201938,47024,0,0,248962,62.22,47.04,47.9,28.8,13.3,6.3,0.3,0.0
NC-13,house,NC,37033,3483,4787,156,0,8426,-15.77,-24.73,62.2,30.9,3.6,0.2,0.3,0.0
NC-13,house,NC,37069,13675,15630,552,0,29858,-6.67,-13.71,64.3,23.2,8.2,0.7,0.4,0.0
NC-13,house,NC,37077,8159,9982,342,0,18483,-10.05,-17.77,57.3,30.6,8.2,0.6,0.3,0.0
NC-13,house,NC,37085,17959,25832,825,0,44617,-17.98,-25.38,62.1,20.1,11.6,1.1,0.8,0.2
NC-13,house,NC,37101,35913,49715,1614,0,87242,-16.12,-21.77,66.8,15.4,13.2,0.9,0.4,0.0
NC-13,house,NC,37105,9299,11362,389,0,21050,-9.99,-17.64,61.6,17.0,16.8,1.1,0.4,0.1
NC-13,house,NC,37145,6343,8792,285,0,15421,-16.18,-23.91,66.6,24.9,4.5,0.3,0.6,0.0
NC-13,house,NC,37183,36430,35073,1348,0,72850,1.9,-3.34,60.0,18.1,9.8,8.3,0.2,0.0
NC-14,house,NC,37023,10278,21816,0,0,32094,-35.95,-41.54,81.2,5.7,6.4,3.2,0.3,0.1
NC-14,house,NC,37045,12800,23393,0,0,36193,-29.27,-35.22,72.9,19.5,3.3,0.9,0.2,0.0
NC-14,house,NC,37071,32951,50519,0,0,83469,-21.05,-25.25,70.7,16.5,7.3,1.5,0.4,0.0
NC-14,house,NC,37119,62501,41396,0,0,103897,20.31,16.15,47.9,28.8,13.3,6.3,0.3,0.0
NC-14,house,NC,37149,2755,3657,0,0,6411,-14.06,-18.73,88.5,3.4,4.1,0.3,0.3,0.0
NC-14,house,NC,37161,6970,17302,0,0,24272,-42.57,-48.13,83.1,9.0,4.0,0.5,0.3,0.0
ND-01,house,ND,38001,163,647,32,0,841,-59.76,-63.47,93.4,0.5,1.4,1.3,0.7,0.0
ND-01,house,ND,38003,1214,2384,141,0,3739,-32.5,-36.02,92.9,1.7,1.4,0.7,0.9,0.0
ND-01,house,ND,38005,578,771,53,0,1402,-14.3,-18.79,52.3,0.1,1.3,0.2,44.3,0.0
ND-01,house,ND,38007,66,370,17,0,453,-69.67,-70.75,96.5,0.4,1.8,0.8,0.0,0.0
ND-01,house,ND,38009,550,1773,91,0,2414,-52.67,-56.29,91.1,0.6,1.6,0.6,2.9,0.0
ND-01,house,ND,38011,159,932,43,0,1133,-70.85,-73.98,94.0,0.0,2.9,0.7,0.8,0.0
ND-01,house,ND,38013,98,614,28,0,740,-72.55,-74.98,94.3,0.7,1.8,0.7,0.6,0.0
ND-01,house,ND,38015,10323,24899,1380,0,36602,-41.38,-44.05,87.9,2.1,2.7,1.1,3.5,0.3
ND-01,house,ND,38017,29027,32186,2399,0,63612,-5.16,-8.58,83.8,5.7,2.9,3.2,1.2,0.0
ND-01,house,ND,38019,353,986,52,0,1392,-47.3,-49.69,95.6,0.0,1.2,0.4,0.7,0.0
ND-01,house,ND,38021,417,1236,65,0,1718,-49.52,-53.31,92.5,0.5,3.3,0.6,0.5,0.0
ND-01,house,ND,38023,188,622,32,0,841,-53.57,-56.64,93.7,0.7,1.9,0.6,0.7,0.0
ND-01,house,ND,38025,249,1262,59,0,1570,-67.03,-69.94,82.0,0.8,2.2,0.8,9.5,0.0
ND-01,house,ND,38027,237,575,32,0,844,-41.62,-46.35,92.6,0.2,2.1,0.0,2.2,0.0
ND-01,house,ND,38029,161,1140,51,0,1352,-75.24,-78.44,96.9,0.0,0.8,0.5,0.2,0.0
ND-01,house,ND,38031,251,897,45,0,1193,-56.27,-59.66,95.2,0.3,1.8,0.3,0.5,0.0
ND-01,house,ND,38033,93,575,26,0,694,-72.01,-74.82,95.7,0.1,1.6,0.1,0.1,0.1
ND-01,house,ND,38035,8981,12184,829,0,21995,-15.13,-18.48,82.9,3.6,4.1,3.4,2.0,0.1
ND-01,house,ND,38037,150,730,34,0,915,-65.81,-67.99,94.9,0.4,1.1,0.3,1.2,0.0
ND-01,house,ND,38039,222,647,34,0,903,-48.84,-52.37,96.1,0.3,1.1,0.4,0.5,0.0
ND-01,house,ND,38041,143,737,34,0,915,-67.44,-70.02,94.8,0.0,0.8,0.3,1.6,0.4
ND-01,house,ND,38043,170,772,37,0,979,-63.89,-65.38,95.3,0.0,1.9,0.1,0.2,0.3
ND-01,house,ND,38045,342,1089,56,0,1487,-52.17,-56.17,96.2,0.2,1.5,0.2,0.4,0.1
ND-01,house,ND,38047,90,606,27,0,724,-74.08,-76.95,96.4,0.1,1.0,0.0,0.4,0.0
ND-01,house,ND,38049,361,1494,73,0,1928,-61.1,-64.54,94.6,0.2,1.7,0.3,0.4,0.0
ND-01,house,ND,38051,173,764,37,0,974,-62.98,-66.35,95.2,0.3,1.4,0.9,0.0,0.0
ND-01,house,ND,38053,593,3019,141,0,3754,-67.16,-70.16,73.0,1.4,9.2,1.4,10.8,0.0
ND-01,house,ND,38055,816,2838,143,0,3797,-55.32,-58.94,88.1,0.3,1.2,0.5,6.8,0.0
ND-01,house,ND,38057,503,2567,120,0,3191,-67.24,-69.93,92.5,0.5,2.0,0.6,2.1,0.0
ND-01,house,ND,38059,2766,8716,450,0,11932,-51.82,-54.81,89.2,1.2,3.2,0.5,3.2,0.1
ND-01,house,ND,38061,829,1916,108,0,2852,-39.59,-43.78,60.3,1.3,7.0,1.1,25.7,0.0
ND-01,house,ND,38063,417,770,46,0,1233,-29.77,-32.6,95.1,0.2,2.2,0.3,0.5,0.0
ND-01,house,ND,38065,113,620,29,0,761,-69.15,-70.7,94.9,0.0,1.6,0.2,1.3,0.2
ND-01,house,ND,38067,517,1581,82,0,2180,-50.74,-53.9,90.3,0.4,3.0,0.4,2.1,0.0
ND-01,house,ND,38069,322,1005,52,0,1380,-51.43,-54.55,92.2,0.8,1.3,0.5,3.1,0.2
ND-01,house,ND,38071,1108,2422,138,0,3668,-37.24,-40.91,84.7,0.7,1.7,0.6,8.4,0.1
ND-01,house,ND,38073,681,1104,70,0,1855,-23.74,-28.71,95.0,0.6,1.9,0.3,0.4,0.0
ND-01,house,ND,38075,139,675,32,0,846,-65.89,-69.45,94.5,0.1,1.7,0.0,0.8,0.0
ND-01,house,ND,38077,1806,3762,218,0,5785,-35.14,-38.55,91.3,0.8,2.5,0.8,2.1,0.1
ND-01,house,ND,38079,1809,936,108,0,2853,31.79,28.54,24.2,0.2,1.0,0.2,70.6,0.1
ND-01,house,ND,38081,492,885,54,0,1431,-28.59,-33.3,93.6,1.1,2.0,0.2,0.2,0.0
ND-01,house,ND,38083,75,435,20,0,530,-70.47,-72.89,96.8,0.0,0.1,0.5,0.5,0.0
ND-01,house,ND,38085,465,177,25,0,667,44.82,39.3,13.4,0.1,1.3,0.1,81.8,0.0
ND-01,house,ND,38087,27,235,10,0,273,-79.19,-82.81,97.5,0.0,0.9,0.0,0.4,0.0
ND-01,house,ND,38089,1833,8345,399,0,10577,-63.98,-66.57,86.5,2.8,5.7,1.1,1.1,0.2
ND-01,house,ND,38091,265,419,27,0,711,-22.52,-25.78,96.6,0.2,1.2,0.0,0.1,0.0
ND-01,house,ND,38093,1957,4873,268,0,7097,-42.7,-45.49,91.5,1.8,2.4,0.7,1.4,0.0
ND-01,house,ND,38095,213,538,29,0,780,-43.3,-46.73,93.4,0.1,1.4,0.4,2.7,0.1
ND-01,house,ND,38097,996,1777,109,0,2882,-28.17,-32.2,93.1,0.6,2.9,0.3,0.7,0.1
ND-01,house,ND,38099,867,2163,119,0,3149,-42.75,-46.18,85.5,0.6,9.9,0.4,1.2,0.0
ND-01,house,ND,38101,5239,14004,754,0,19997,-45.55,-48.19,81.6,4.1,5.9,1.8,2.0,0.2
ND-01,house,ND,38103,300,1219,59,0,1578,-60.5,-63.51,96.1,0.3,0.8,0.0,0.3,0.0
ND-01,house,ND,38105,1705,8488,399,0,10592,-66.55,-69.19,77.7,4.7,8.4,1.6,2.7,0.2
NE-01,house,NE,31023,700,2352,77,77,3206,-54.14,-60.16,92.9,0.3,4.5,0.1,0.2,0.0
NE-01,house,NE,31025,3590,6892,265,265,11012,-31.5,-37.79,92.8,0.3,2.8,0.4,0.3,0.0
NE-01,house,NE,31037,664,1675,59,59,2458,-43.23,-51.45,54.3,3.6,40.4,0.5,0.2,0.0
NE-01,house,NE,31039,674,2283,75,75,3107,-54.39,-60.62,87.5,0.2,10.2,0.2,0.3,0.1
NE-01,house,NE,31053,3991,6948,277,277,11493,-27.02,-33.03,83.3,0.6,12.9,0.5,0.4,0.0
NE-01,house,NE,31109,58196,46657,2655,2655,110163,11.01,4.38,81.0,3.8,6.7,4.3,0.5,0.1
NE-01,house,NE,31119,2597,7842,264,264,10968,-50.24,-56.66,81.9,1.1,12.9,1.2,0.9,0.0
NE-01,house,NE,31141,2472,7946,264,264,10945,-52.54,-58.87,78.1,0.9,18.2,0.6,0.2,0.0
NE-01,house,NE,31143,197,707,23,23,949,-56.48,-62.96,92.5,0.0,4.1,0.0,0.2,0.0
NE-01,house,NE,31153,23312,24228,1204,1204,49948,-1.93,-7.16,80.1,3.7,8.8,2.7,0.3,0.1
NE-01,house,NE,31159,1810,4300,155,155,6420,-40.74,-47.26,94.2,0.6,2.2,0.3,0.3,0.0
NE-01,house,NE,31167,399,1640,52,52,2142,-60.89,-67.5,91.9,0.4,4.5,0.3,0.3,0.0
NE-02,house,NE,31055,110256,77261,4139,0,191656,17.6,10.31,69.8,10.2,11.4,4.5,0.4,0.1
NE-02,house,NE,31153,8420,11655,443,0,20518,-16.11,-23.15,80.1,3.7,8.8,2.7,0.3,0.1
NE-02,house,NE,31155,2817,6487,205,0,9510,-39.44,-46.94,94.3,0.3,2.0,0.4,0.3,0.0
NE-03,house,NE,31001,2848,6809,199,199,10056,-41.01,-42.16,85.5,0.8,9.4,1.4,0.4,0.0
NE-03,house,NE,31003,290,2028,48,48,2413,-75.0,-76.9,94.8,0.2,2.4,0.4,0.3,0.0
NE-03,house,NE,31005,13,176,4,4,197,-85.96,-87.9,94.0,0.9,1.6,0.0,0.0,0.0
NE-03,house,NE,31007,25,235,5,5,270,-80.8,-82.2,89.7,0.0,7.0,0.0,1.0,0.0
NE-03,house,NE,31009,26,170,4,4,204,-73.93,-74.22,95.9,0.0,0.6,0.3,0.0,0.0
NE-03,house,NE,31011,347,1691,42,42,2122,-65.96,-66.88,95.4,0.3,2.6,0.1,0.2,0.0
NE-03,house,NE,31013,728,2587,68,68,3452,-56.07,-57.17,83.9,0.6,9.3,0.6,2.2,0.0
NE-03,house,NE,31015,93,630,15,15,753,-74.27,-75.33,96.4,0.0,1.2,0.0,0.3,0.0
NE-03,house,NE,31017,140,964,23,23,1150,-74.61,-75.32,92.1,0.0,5.3,0.2,0.2,0.0
NE-03,house,NE,31019,4439,11536,329,329,16633,-44.43,-45.54,86.4,1.1,8.4,1.5,0.3,0.1
NE-03,house,NE,31021,696,1763,51,51,2560,-43.41,-45.62,93.7,0.2,1.6,0.4,1.1,0.3
NE-03,house,NE,31027,502,2801,68,68,3439,-69.62,-71.01,96.5,0.3,1.7,0.1,0.2,0.0
NE-03,house,NE,31029,146,1108,26,26,1306,-76.67,-77.97,85.1,0.4,12.0,0.3,0.0,0.0
NE-03,house,NE,31031,251,1813,43,43,2149,-75.71,-77.01,90.1,0.3,1.9,0.2,3.9,0.0
NE-03,house,NE,31033,557,2489,63,63,3172,-63.43,-64.86,88.9,0.5,6.4,0.7,0.4,0.0
NE-03,house,NE,31035,409,1816,46,46,2317,-63.21,-64.54,90.5,0.1,6.3,0.1,0.3,0.0
NE-03,house,NE,31041,556,3402,82,82,4121,-71.92,-73.03,94.4,0.3,2.7,0.2,0.2,0.0
NE-03,house,NE,31043,1522,2593,85,85,4284,-26.04,-30.2,50.2,6.6,35.6,2.9,2.2,0.6
NE-03,house,NE,31045,695,1906,54,54,2708,-46.58,-47.84,86.8,2.4,3.5,0.7,3.3,0.1
NE-03,house,NE,31047,1497,4212,118,118,5944,-47.54,-50.05,61.4,4.3,31.4,0.8,0.2,0.2
NE-03,house,NE,31049,105,575,14,14,709,-69.03,-69.62,92.5,0.0,4.3,0.4,0.5,0.0
NE-03,house,NE,31051,413,1534,40,40,2027,-57.57,-59.7,86.4,0.2,11.0,0.4,0.3,0.0
NE-03,house,NE,31057,69,556,13,13,650,-77.88,-79.24,93.0,0.2,4.5,0.1,0.7,0.0
NE-03,house,NE,31059,466,1560,42,42,2109,-53.98,-55.53,95.1,0.1,2.3,0.2,0.3,0.0
NE-03,house,NE,31061,170,906,22,22,1120,-68.34,-70.26,95.2,0.3,2.6,0.4,0.1,0.0
NE-03,house,NE,31063,132,816,20,20,987,-72.22,-73.53,94.6,0.3,2.0,0.0,0.2,0.2
NE-03,house,NE,31065,253,1369,33,33,1689,-68.77,-70.18,93.0,0.1,3.5,0.1,0.3,0.0
NE-03,house,NE,31067,2283,5057,151,151,7642,-37.8,-39.77,94.1,0.5,2.0,0.5,0.3,0.0
NE-03,house,NE,31069,114,637,15,15,782,-69.73,-70.84,93.1,0.2,3.8,0.1,0.1,0.0
NE-03,house,NE,31071,85,597,14,14,711,-75.09,-77.01,96.9,0.2,1.1,0.0,0.0,0.0
NE-03,house,NE,31073,144,608,15,15,783,-61.82,-63.42,93.4,0.1,3.7,0.5,0.3,0.0
NE-03,house,NE,31075,12,234,5,5,256,-89.93,-91.8,94.7,1.1,2.1,0.0,1.5,0.0
NE-03,house,NE,31077,142,688,17,17,865,-65.82,-68.58,96.9,0.1,1.6,0.4,0.2,0.0
NE-03,house,NE,31079,4868,10464,316,316,15964,-36.5,-38.23,68.0,2.5,26.0,1.2,0.3,0.1
NE-03,house,NE,31081,757,2973,77,77,3883,-59.41,-61.08,94.7,0.1,2.5,0.2,0.3,0.0
NE-03,house,NE,31083,195,1016,25,25,1262,-67.74,-68.65,95.4,0.0,2.8,0.4,0.2,0.0
NE-03,house,NE,31085,17,315,7,7,346,-89.67,-92.26,89.0,0.0,7.0,0.3,0.6,0.0
NE-03,house,NE,31087,113,851,20,20,1003,-76.6,-78.61,95.3,0.0,2.7,0.0,0.0,0.2
NE-03,house,NE,31089,482,3177,75,75,3810,-73.64,-74.73,93.3,0.4,4.3,0.4,0.4,0.0
NE-03,house,NE,31091,39,248,6,6,299,-72.91,-74.06,93.9,0.7,0.9,0.0,0.0,0.0
NE-03,house,NE,31093,457,1930,49,49,2485,-61.71,-63.42,96.1,0.2,1.5,0.2,0.0,0.0
NE-03,house,NE,31095,678,1763,50,50,2542,-44.43,-45.95,92.4,0.3,4.0,0.3,0.4,0.0
NE-03,house,NE,31097,437,1010,30,30,1507,-39.58,-41.07,78.0,7.2,10.7,1.4,1.2,0.0
NE-03,house,NE,31099,509,1915,50,50,2523,-58.02,-58.7,92.6,0.1,4.4,0.2,0.2,0.0
NE-03,house,NE,31101,512,2312,58,58,2940,-63.74,-64.75,89.7,0.1,6.9,0.6,0.3,0.0
NE-03,house,NE,31103,33,333,8,8,381,-82.03,-83.82,96.7,0.0,2.3,0.0,0.2,0.0
NE-03,house,NE,31105,189,967,24,24,1204,-67.24,-67.92,89.5,0.0,6.6,0.4,0.7,0.0
NE-03,house,NE,31107,565,2417,61,61,3106,-62.1,-64.1,86.6,0.2,1.9,0.4,8.4,0.0
NE-03,house,NE,31111,2494,8576,228,228,11526,-54.95,-55.89,87.7,1.0,7.2,0.9,0.4,0.0
NE-03,house,NE,31113,21,275,6,6,308,-85.89,-88.48,95.0,0.0,2.2,0.0,0.0,0.0
NE-03,house,NE,31115,50,238,6,6,300,-65.15,-65.81,95.9,0.0,1.4,0.2,0.0,0.0
NE-03,house,NE,31117,10,180,4,4,198,-89.36,-91.4,97.2,0.0,0.0,0.6,0.0,0.0
NE-03,house,NE,31121,522,2398,60,60,3040,-64.25,-65.9,92.8,0.4,3.5,0.3,0.4,0.0
NE-03,house,NE,31123,259,1372,34,34,1698,-68.23,-69.4,83.9,0.2,12.2,0.5,1.0,0.0
NE-03,house,NE,31125,248,987,25,25,1286,-59.8,-61.19,96.0,0.1,1.5,0.2,0.3,0.0
NE-03,house,NE,31127,643,1656,47,47,2393,-44.08,-45.5,93.1,1.0,2.6,0.5,0.4,0.0
NE-03,house,NE,31129,281,1237,31,31,1581,-62.99,-64.3,94.9,0.1,2.2,0.0,0.1,0.0
NE-03,house,NE,31131,1709,3803,114,114,5739,-37.99,-39.29,89.5,0.5,6.3,0.6,0.3,0.0
NE-03,house,NE,31133,204,724,19,19,965,-56.09,-58.51,96.3,0.1,1.2,0.0,0.4,0.1
NE-03,house,NE,31135,132,827,20,20,998,-72.42,-73.49,93.7,0.2,3.7,0.0,0.0,0.1
NE-03,house,NE,31137,531,2808,69,69,3476,-68.2,-69.16,92.9,0.3,4.4,0.2,0.3,0.0
NE-03,house,NE,31139,322,2298,54,54,2728,-75.4,-76.93,96.0,0.3,1.4,0.2,0.1,0.0
NE-03,house,NE,31143,178,804,20,20,1023,-63.77,-65.31,92.5,0.0,4.1,0.0,0.2,0.0
NE-03,house,NE,31145,570,3009,74,74,3727,-68.15,-69.08,90.8,1.1,5.1,0.4,0.4,0.1
NE-03,house,NE,31147,653,1997,55,55,2760,-50.69,-52.05,91.9,0.2,1.5,0.5,2.3,0.0
NE-03,house,NE,31149,61,500,12,12,584,-78.33,-79.52,96.9,0.3,1.4,0.0,0.1,0.0
NE-03,house,NE,31151,1312,2490,78,78,3959,-30.99,-33.62,71.2,0.9,23.3,2.1,0.3,0.2
NE-03,house,NE,31157,2706,7406,209,208,10529,-46.47,-48.2,75.3,0.7,19.1,0.8,1.2,0.1
NE-03,house,NE,31161,248,1423,34,34,1739,-70.35,-70.62,83.6,0.2,3.4,0.6,8.7,0.1
NE-03,house,NE,31163,235,899,23,23,1181,-58.58,-60.77,95.2,0.0,2.0,0.0,0.7,0.1
NE-03,house,NE,31165,54,402,9,9,475,-76.22,-77.15,94.3,0.0,2.8,0.4,0.2,0.2
NE-03,house,NE,31169,390,1528,40,40,1997,-59.34,-61.45,96.0,0.2,1.6,0.3,0.2,0.1
NE-03,house,NE,31171,31,234,5,5,275,-76.86,-77.55,93.9,0.0,3.6,0.0,0.6,0.0
NE-03,house,NE,31173,679,748,29,29,1486,-4.8,-6.99,43.5,0.5,3.2,0.2,50.3,0.1
NE-03,house,NE,31175,283,1263,32,32,1610,-63.43,-64.57,94.9,0.5,2.1,0.2,0.1,0.2
NE-03,house,NE,31177,2461,5974,174,174,8783,-41.65,-42.9,94.2,0.3,2.2,0.4,0.1,0.0
NE-03,house,NE,31179,702,2037,56,56,2851,-48.75,-49.91,81.7,4.4,8.6,1.6,0.3,0.0
NE-03,house,NE,31181,213,972,24,24,1234,-64.03,-66.07,93.2,0.5,2.8,0.3,0.5,0.0
NE-03,house,NE,31183,42,285,7,7,340,-74.58,-76.3,96.9,0.0,1.6,0.0,0.0,0.0
NE-03,house,NE,31185,1139,3557,97,97,4889,-51.51,-52.11,90.3,1.3,5.1,0.7,0.5,0.0
NH-01,house,NH,33001,12088,14578,0,0,26666,-9.34,-13.55,93.4,0.4,1.5,0.9,0.2,0.0
NH-01,house,NH,33003,11303,11244,0,0,22547,0.26,-4.11,94.6,0.2,1.3,0.7,0.2,0.0
NH-01,house,NH,33011,36453,30156,0,0,66609,9.45,4.87,83.6,2.1,6.6,3.7,0.1,0.0
NH-01,house,NH,33013,3115,3177,0,0,6291,-0.99,-4.84,90.5,1.5,2.1,1.9,0.2,0.0
NH-01,house,NH,33015,60056,53903,0,0,113959,5.4,0.83,91.5,0.6,2.6,1.9,0.1,0.0
NH-01,house,NH,33017,31308,22377,0,0,53685,16.64,12.19,88.8,1.1,2.6,3.3,0.2,0.0
NH-02,house,NH,33001,942,834,33,0,1809,6.04,-7.43,93.4,0.4,1.5,0.9,0.2,0.0
NH-02,house,NH,33003,1199,484,32,0,1715,42.48,29.22,94.6,0.2,1.3,0.7,0.2,0.0
NH-02,house,NH,33005,19515,11667,588,0,31770,25.17,10.07,91.8,0.8,2.0,1.3,0.2,0.1
NH-02,house,NH,33007,6033,5867,224,0,12125,1.4,-13.84,92.4,1.7,1.8,0.6,0.3,0.0
NH-02,house,NH,33009,25836,12563,724,0,39123,34.57,20.19,89.2,0.8,2.5,3.2,0.2,0.0
NH-02,house,NH,33011,55419,40274,1804,0,97497,15.83,1.57,83.6,2.1,6.6,3.7,0.1,0.0
NH-02,house,NH,33013,34813,22889,1088,0,58789,20.66,6.34,90.5,1.5,2.1,1.9,0.2,0.0
NH-02,house,NH,33015,13568,14006,520,0,28094,-1.59,-15.78,91.5,0.6,2.6,1.9,0.1,0.0
NH-02,house,NH,33019,9831,7496,327,0,17654,13.48,-0.67,92.1,0.4,1.5,0.9,0.3,0.0
NJ-01,house,NJ,34005,5618,2689,0,0,8307,35.26,18.78,66.3,16.2,7.5,5.5,0.1,0.1
NJ-01,house,NJ,34007,123994,46944,0,0,170938,45.07,27.89,57.0,17.9,15.6,6.2,0.1,0.0
NJ-01,house,NJ,34015,49715,35169,0,0,84884,17.14,0.43,77.1,10.2,6.0,3.1,0.1,0.0
NJ-02,house,NJ,34001,45176,41758,1638,0,88573,3.93,-3.28,58.2,13.7,16.9,7.9,0.1,0.0
NJ-02,house,NJ,34009,15689,21002,692,0,37383,-14.48,-19.71,86.9,3.3,6.0,0.9,0.1,0.0
NJ-02,house,NJ,34011,18924,17769,692,0,37385,3.15,-4.09,47.3,17.1,30.4,1.4,0.6,0.0
NJ-02,house,NJ,34015,14911,16704,596,0,32211,-5.67,-11.3,77.1,10.2,6.0,3.1,0.1,0.0
NJ-02,house,NJ,34029,17142,28831,866,0,46839,-25.43,-30.74,83.3,2.8,9.2,1.9,0.1,0.0
NJ-02,house,NJ,34033,9028,11832,393,0,21253,-13.44,-19.52,73.5,13.1,8.1,1.1,0.3,0.0
NJ-03,house,NJ,34005,95560,48766,2915,0,147241,32.42,16.64,66.3,16.2,7.5,5.5,0.1,0.1
NJ-03,house,NJ,34021,37437,18688,1134,0,57258,33.41,16.89,47.3,18.5,19.2,12.2,0.1,0.0
NJ-03,house,NJ,34025,31814,32141,1292,0,65247,-0.51,-18.4,74.1,6.1,10.8,5.6,0.1,0.0
NJ-04,house,NJ,34025,43749,57209,0,0,100958,-13.33,-17.27,74.1,6.1,10.8,5.6,0.1,0.0
NJ-04,house,NJ,34029,60217,121394,0,0,181611,-33.69,-38.16,83.3,2.8,9.2,1.9,0.1,0.0
NJ-05,house,NJ,34003,140821,73377,4304,0,218502,31.49,8.14,55.6,5.3,19.9,16.6,0.1,0.0
NJ-05,house,NJ,34031,11623,10863,452,0,22938,3.38,-18.02,41.5,10.1,40.2,5.9,0.1,0.0
NJ-05,house,NJ,34037,15235,17857,665,0,33757,-7.92,-29.0,84.3,1.9,8.5,2.1,0.1,0.0
NJ-06,house,NJ,34023,93320,45037,0,0,138357,34.9,10.12,42.0,9.1,20.3,25.6,0.1,0.0
NJ-06,house,NJ,34025,51558,32333,0,0,83891,22.92,0.45,74.1,6.1,10.8,5.6,0.1,0.0
NJ-07,house,NJ,34019,27912,27433,542,0,55888,0.87,-6.8,83.4,2.4,7.1,4.3,0.1,0.0
NJ-07,house,NJ,34027,23242,22930,452,0,46625,0.68,-7.76,69.4,3.1,13.7,11.1,0.1,0.0
NJ-07,house,NJ,34035,34859,27206,608,0,62673,12.33,3.98,54.7,8.8,15.1,18.5,0.1,0.0
NJ-07,house,NJ,34037,10831,13864,242,0,24937,-12.28,-20.55,84.3,1.9,8.5,2.1,0.1,0.0
NJ-07,house,NJ,34039,48135,26788,734,0,75657,28.49,19.54,38.7,19.9,32.1,5.7,0.1,0.0
NJ-07,house,NJ,34041,17907,23196,403,0,41506,-12.87,-21.08,80.0,4.6,9.4,2.6,0.1,0.0
NJ-08,house,NJ,34013,11067,3503,374,374,15318,51.92,26.08,29.0,37.5,23.0,5.5,0.1,0.0
NJ-08,house,NJ,34017,82412,27582,2821,2821,115637,49.85,27.01,30.2,9.7,38.6,17.7,0.1,0.0
NJ-08,house,NJ,34039,13940,6015,512,512,20979,39.71,13.14,38.7,19.9,32.1,5.7,0.1,0.0
NJ-09,house,NJ,34003,51255,37628,2176,0,91059,15.33,-7.37,55.6,5.3,19.9,16.6,0.1,0.0
NJ-09,house,NJ,34017,8365,5188,332,0,13885,23.45,-0.67,30.2,9.7,38.6,17.7,0.1,0.0
NJ-09,house,NJ,34031,55743,28829,2071,0,86643,31.82,5.72,41.5,10.1,40.2,5.9,0.1,0.0
NJ-10,house,NJ,34013,83944,7771,0,0,91715,83.05,66.19,29.0,37.5,23.0,5.5,0.1,0.0
NJ-10,house,NJ,34017,24166,4322,0,0,28489,69.66,50.78,30.2,9.7,38.6,17.7,0.1,0.0
NJ-10,house,NJ,34039,41804,15862,0,0,57666,44.99,28.12,38.7,19.9,32.1,5.7,0.1,0.0
NJ-11,house,NJ,34013,72806,28045,2226,0,103076,44.38,29.93,29.0,37.5,23.0,5.5,0.1,0.0
NJ-11,house,NJ,34027,79751,62069,3131,0,144951,12.47,-1.73,69.4,3.1,13.7,11.1,0.1,0.0
NJ-11,house,NJ,34031,13522,14057,609,0,28189,-1.94,-17.46,41.5,10.1,40.2,5.9,0.1,0.0
NJ-12,house,NJ,34021,42485,8238,1375,0,52098,67.52,53.97,47.3,18.5,19.2,12.2,0.1,0.0
NJ-12,house,NJ,34023,63231,41493,2840,0,107564,20.76,6.02,42.0,9.1,20.3,25.6,0.1,0.0
NJ-12,house,NJ,34035,41467,18215,1618,0,61299,38.96,25.12,54.7,8.8,15.1,18.5,0.1,0.0
NJ-12,house,NJ,34039,9072,956,272,0,10300,80.94,64.66,38.7,19.9,32.1,5.7,0.1,0.0
NM-01,house,NM,35001,117010,51192,0,0,168202,39.13,23.84,41.3,2.7,45.2,3.0,4.4,0.1
NM-01,house,NM,35005,349,1128,0,0,1477,-52.69,-68.62,41.9,1.7,52.3,1.0,0.7,0.1
NM-01,house,NM,35011,197,415,0,0,611,-35.65,-51.81,60.1,0.1,37.1,0.3,0.3,0.3
NM-01,house,NM,35019,816,539,0,0,1355,20.46,0.74,18.8,1.8,75.2,1.3,1.1,0.0
NM-01,house,NM,35027,2717,4394,0,0,7111,-23.58,-39.19,65.7,0.4,27.9,0.6,1.8,0.0
NM-01,house,NM,35035,405,105,0,0,510,58.78,39.45,50.2,3.7,34.5,1.7,5.5,0.2
NM-01,house,NM,35043,29279,20333,0,0,49612,18.03,2.71,47.0,1.9,35.4,1.6,10.6,0.1
NM-01,house,NM,35049,1654,2317,0,0,3971,-16.7,-32.39,48.3,0.8,43.9,1.5,2.3,0.0
NM-01,house,NM,35057,1952,3071,0,0,5022,-22.29,-38.95,55.3,0.8,37.9,0.4,1.6,0.0
NM-01,house,NM,35061,4738,4963,0,0,9701,-2.32,-19.76,36.1,1.1,56.3,0.5,3.1,0.0
NM-02,house,NM,35001,32664,16604,0,0,49268,32.6,13.89,41.3,2.7,45.2,3.0,4.4,0.1
NM-02,house,NM,35003,535,1116,0,0,1652,-35.16,-50.84,78.3,0.7,15.5,0.2,1.3,0.0
NM-02,house,NM,35005,7,52,0,0,60,-75.74,-90.36,41.9,1.7,52.3,1.0,0.7,0.1
NM-02,house,NM,35006,3736,2553,0,0,6289,18.82,1.59,23.5,1.1,31.3,0.8,40.6,0.0
NM-02,house,NM,35013,38219,21611,0,0,59830,27.76,9.99,31.3,1.5,63.0,1.2,0.7,0.1
NM-02,house,NM,35015,3889,7923,0,0,11812,-34.15,-51.58,47.4,1.4,46.4,0.9,0.9,0.1
NM-02,house,NM,35017,6038,3914,0,0,9952,21.34,5.23,50.6,1.0,43.8,0.7,0.9,0.1
NM-02,house,NM,35023,623,694,0,0,1317,-5.41,-23.56,41.7,0.4,54.6,0.2,0.3,0.0
NM-02,house,NM,35025,928,2132,0,0,3060,-39.38,-56.67,36.3,3.6,56.0,0.9,0.8,0.0
NM-02,house,NM,35029,2789,2855,0,0,5644,-1.18,-19.33,35.1,0.9,60.4,0.7,0.6,0.1
NM-02,house,NM,35031,1568,164,0,0,1732,81.09,63.54,9.5,0.5,11.4,1.4,75.3,0.1
NM-02,house,NM,35035,7295,9468,0,0,16763,-12.96,-28.32,50.2,3.7,34.5,1.7,5.5,0.2
NM-02,house,NM,35051,1973,2197,0,0,4171,-5.37,-19.66,68.6,0.6,24.9,0.9,1.1,0.0
NM-02,house,NM,35053,2906,2161,0,0,5067,14.7,-3.8,36.3,0.8,47.2,2.0,10.6,0.1
NM-02,house,NM,35061,6976,6622,0,0,13598,2.61,-14.48,36.1,1.1,56.3,0.5,3.1,0.0
NM-03,house,NM,35005,5381,8614,0,0,13996,-23.1,-42.94,41.9,1.7,52.3,1.0,0.7,0.1
NM-03,house,NM,35007,2140,1926,0,0,4066,5.27,-14.35,51.5,0.2,44.1,0.5,0.9,0.1
NM-03,house,NM,35009,4008,6644,0,0,10652,-24.74,-43.39,48.0,5.4,40.4,1.7,0.6,0.1
NM-03,house,NM,35015,1168,3461,0,0,4629,-49.53,-69.25,47.4,1.4,46.4,0.9,0.9,0.1
NM-03,house,NM,35021,123,179,0,0,302,-18.51,-39.76,54.4,0.4,41.9,0.0,0.0,0.0
NM-03,house,NM,35025,3284,8503,0,0,11787,-44.27,-63.94,36.3,3.6,56.0,0.9,0.8,0.0
NM-03,house,NM,35028,6342,2177,0,0,8519,48.89,31.25,72.0,0.9,15.6,6.4,0.5,0.1
NM-03,house,NM,35031,11792,4562,0,0,16354,44.22,21.25,9.5,0.5,11.4,1.4,75.3,0.1
NM-03,house,NM,35033,1221,518,0,0,1739,40.41,17.52,20.0,0.3,77.1,0.3,0.6,0.0
NM-03,house,NM,35037,1009,1583,0,0,2592,-22.12,-41.79,55.1,1.0,39.8,0.6,0.6,0.0
NM-03,house,NM,35039,7991,3185,0,0,11175,43.01,19.86,16.9,0.4,66.4,0.6,13.9,0.0
NM-03,house,NM,35041,1732,2913,0,0,4645,-25.43,-44.06,52.5,2.4,39.9,0.9,0.9,0.1
NM-03,house,NM,35043,4643,1374,0,0,6017,54.34,32.4,47.0,1.9,35.4,1.6,10.6,0.1
NM-03,house,NM,35045,16017,21010,0,0,37028,-13.48,-32.48,39.6,0.5,17.3,0.8,38.7,0.1
NM-03,house,NM,35047,5859,1905,0,0,7765,50.93,28.5,22.5,1.1,72.7,0.5,1.0,0.0
NM-03,house,NM,35049,48001,6532,0,0,54533,76.04,56.03,48.3,0.8,43.9,1.5,2.3,0.0
NM-03,house,NM,35055,9860,1765,0,0,11626,69.63,48.83,43.5,0.4,47.2,0.6,5.1,0.0
NM-03,house,NM,35059,375,790,0,0,1165,-35.67,-53.48,55.6,1.8,37.9,0.2,1.5,0.1
NV-01,house,NV,32003,135708,93137,5820,0,234665,18.6,2.27,43.3,11.7,27.5,11.2,0.4,0.8
NV-02,house,NV,32001,2593,5986,872,0,9452,-39.55,-51.61,73.4,1.8,11.5,2.8,4.0,0.4
NV-02,house,NV,32005,8943,13648,2297,0,24888,-20.82,-33.58,81.4,0.4,10.3,1.9,1.4,0.2
NV-02,house,NV,32007,3879,10390,1451,0,15720,-45.63,-57.86,67.0,0.9,22.3,1.1,4.5,0.2
NV-02,house,NV,32011,107,547,66,0,720,-67.32,-79.54,84.6,0.1,9.0,0.1,0.6,0.2
NV-02,house,NV,32013,1434,3660,518,0,5612,-43.7,-56.39,68.0,0.8,22.5,1.0,3.1,0.1
NV-02,house,NV,32015,421,1311,176,0,1908,-51.42,-63.79,70.7,0.2,20.1,0.6,3.9,0.1
NV-02,house,NV,32019,7149,14003,2151,0,23302,-32.4,-45.28,75.2,0.8,14.6,1.7,1.8,0.3
NV-02,house,NV,32027,419,1048,149,0,1616,-42.89,-56.11,65.1,5.7,20.6,2.0,2.8,0.1
NV-02,house,NV,32029,718,1231,198,0,2147,-26.29,-39.4,83.4,0.7,6.6,1.8,1.1,0.2
NV-02,house,NV,32031,95417,72050,17029,0,184496,13.95,1.04,63.4,2.3,21.5,6.1,1.2,0.6
NV-02,house,NV,32033,741,2024,281,0,3046,-46.4,-58.42,71.0,5.9,14.8,1.4,3.8,0.2
NV-02,house,NV,32510,9905,9831,2007,0,21743,0.38,-11.56,67.5,2.1,21.4,2.5,1.8,0.2
NV-03,house,NV,32003,151373,111995,6228,0,269596,14.95,-0.75,43.3,11.7,27.5,11.2,0.4,0.8
NV-04,house,NV,32003,133493,78440,5523,0,217457,25.98,7.37,43.3,11.7,27.5,11.2,0.4,0.8
NV-04,house,NV,32009,77,236,8,0,322,-50.92,-67.41,75.3,0.2,18.1,0.7,2.7,0.0
NV-04,house,NV,32017,363,1320,44,0,1727,-56.83,-74.05,86.3,3.8,5.7,0.6,0.8,0.3
NV-04,house,NV,32019,46,128,5,0,179,-47.07,-64.94,75.2,0.8,14.6,1.7,1.8,0.3
NV-04,house,NV,32021,642,916,41,0,1599,-17.57,-36.56,66.6,3.6,9.4,1.6,14.5,0.2
NV-04,house,NV,32023,6796,11596,479,0,18871,-26.1,-42.97,75.6,2.8,12.8,2.2,1.2,0.4
NY-01,house,NY,36103,147443,153181,0,0,300624,-1.91,-10.2,66.7,6.9,19.3,4.3,0.2,0.0
NY-02,house,NY,36059,11629,21666,0,0,33295,-30.14,-34.3,58.3,10.7,16.8,11.3,0.1,0.0
NY-02,house,NY,36103,103450,116751,0,0,220201,-6.04,-11.0,66.7,6.9,19.3,4.3,0.2,0.0
NY-03,house,NY,36059,111694,84357,0,0,196051,13.94,-6.74,58.3,10.7,16.8,11.3,0.1,0.0
NY-03,house,NY,36081,31507,19667,0,0,51174,23.14,0.88,24.2,15.8,26.5,27.6,0.4,0.0
NY-03,house,NY,36103,11056,6523,0,0,17579,25.78,6.68,66.7,6.9,19.3,4.3,0.2,0.0
NY-04,house,NY,36059,156277,111224,4294,0,271795,16.84,1.34,58.3,10.7,16.8,11.3,0.1,0.0
NY-04,house,NY,36081,242,8,4,0,254,93.3,78.39,24.2,15.8,26.5,27.6,0.4,0.0
NY-05,house,NY,36081,136027,33373,0,0,169400,60.6,42.7,24.2,15.8,26.5,27.6,0.4,0.0
NY-06,house,NY,36081,99318,47225,0,0,146543,35.55,6.65,24.2,15.8,26.5,27.6,0.4,0.0
NY-07,house,NY,36047,81079,15044,2475,0,98598,68.7,56.9,35.5,27.3,18.3,13.8,0.1,0.0
NY-07,house,NY,36081,46757,17500,1654,0,65911,45.53,32.41,24.2,15.8,26.5,27.6,0.4,0.0
NY-08,house,NY,36047,136424,31142,0,0,167566,62.83,44.76,35.5,27.3,18.3,13.8,0.1,0.0
NY-09,house,NY,36047,141592,33695,0,0,175287,61.55,41.53,35.5,27.3,18.3,13.8,0.1,0.0
NY-10,house,NY,36047,91117,13934,0,0,105052,73.47,61.21,35.5,27.3,18.3,13.8,0.1,0.0
NY-10,house,NY,36061,78181,10645,0,0,88825,76.03,62.73,48.6,11.4,22.5,13.4,0.1,0.1
NY-11,house,NY,36047,24690,26022,0,0,50713,-2.63,-10.83,35.5,27.3,18.3,13.8,0.1,0.0
NY-11,house,NY,36085,53371,86824,0,0,140194,-23.86,-29.78,58.9,9.0,17.5,11.9,0.1,0.0
NY-12,house,NY,36061,198839,28150,5174,5174,237337,75.2,64.86,48.6,11.4,22.5,13.4,0.1,0.1
NY-13,house,NY,36005,24690,7281,0,0,31970,54.45,35.88,9.8,28.9,53.5,4.7,0.2,0.0
NY-13,house,NY,36061,122009,13698,0,0,135708,79.81,66.12,48.6,11.4,22.5,13.4,0.1,0.1
NY-14,house,NY,36005,57302,15687,0,0,72988,57.02,35.88,9.8,28.9,53.5,4.7,0.2,0.0
NY-14,house,NY,36081,51699,17499,0,0,69199,49.42,28.25,24.2,15.8,26.5,27.6,0.4,0.0
NY-15,house,NY,36005,106346,17903,4578,1961,130788,71.18,48.73,9.8,28.9,53.5,4.7,0.2,0.0
NY-16,house,NY,36005,18074,557,0,0,18631,94.02,75.37,9.8,28.9,53.5,4.7,0.2,0.0
NY-16,house,NY,36119,155679,54098,0,0,209777,48.42,29.48,52.0,13.4,24.8,6.5,0.1,0.0
NY-17,house,NY,36027,6924,9719,0,0,16643,-16.79,-19.46,70.0,9.9,12.4,3.7,0.1,0.0
NY-17,house,NY,36079,17442,21760,0,0,39202,-11.02,-13.69,76.7,2.5,15.8,2.2,0.1,0.0
NY-17,house,NY,36087,49513,56045,0,0,105558,-6.19,-11.82,59.9,11.3,19.1,6.9,0.1,0.0
NY-17,house,NY,36119,68756,42380,0,0,111136,23.73,20.27,52.0,13.4,24.8,6.5,0.1,0.0
NY-18,house,NY,36027,57957,32784,0,0,90741,27.74,9.98,70.0,9.9,12.4,3.7,0.1,0.0
NY-18,house,NY,36071,68064,54904,0,0,122968,10.7,-8.38,60.8,10.6,20.6,3.1,0.2,0.0
NY-18,house,NY,36111,32204,14079,0,0,46283,39.16,21.75,77.9,5.6,9.9,2.1,0.2,0.0
NY-19,house,NY,36007,36152,27169,0,0,63321,14.19,0.42,81.0,5.2,4.4,5.0,0.2,0.0
NY-19,house,NY,36017,6882,8983,0,0,15865,-13.24,-27.22,92.6,0.6,2.0,0.5,0.2,0.0
NY-19,house,NY,36021,16056,9069,0,0,25125,27.81,14.7,85.0,3.7,4.7,2.1,0.1,0.0
NY-19,house,NY,36023,1520,2212,0,0,3732,-18.55,-32.61,88.0,1.7,3.4,2.5,0.3,0.0
NY-19,house,NY,36025,7584,8701,0,0,16285,-6.86,-19.77,88.7,2.2,3.9,1.1,0.2,0.0
NY-19,house,NY,36039,8533,9278,0,0,17810,-4.18,-16.97,83.9,4.9,5.7,1.0,0.2,0.0
NY-19,house,NY,36077,10520,9383,0,0,19904,5.71,-7.86,88.9,2.1,3.7,1.4,0.2,0.0
NY-19,house,NY,36083,15075,12263,0,0,27338,10.29,-3.48,80.1,6.5,4.8,3.7,0.2,0.0
NY-19,house,NY,36105,12073,12474,0,0,24546,-1.63,-16.71,69.8,8.0,15.5,2.2,0.3,0.0
NY-19,house,NY,36109,26872,5947,0,0,32819,63.76,50.62,73.6,4.0,6.3,10.6,0.2,0.0
NY-19,house,NY,36111,14255,8432,0,0,22686,25.67,12.34,77.9,5.6,9.9,2.1,0.2,0.0
NY-20,house,NY,36001,75048,29686,0,0,104734,43.31,25.84,70.3,11.9,6.0,7.3,0.2,0.0
NY-20,house,NY,36057,3780,3623,0,0,7403,2.13,-15.16,80.6,1.9,12.2,1.0,0.2,0.0
NY-20,house,NY,36083,17267,10796,0,0,28063,23.06,6.09,80.1,6.5,4.8,3.7,0.2,0.0
NY-20,house,NY,36091,43441,27302,0,0,70743,22.81,6.34,88.3,1.5,3.1,2.9,0.1,0.0
NY-20,house,NY,36093,32460,18351,0,0,50811,27.77,10.82,70.7,9.2,6.4,5.0,0.6,0.1
NY-21,house,NY,36019,13766,11361,0,0,25127,9.57,-2.15,87.0,3.9,3.5,1.2,0.3,0.0
NY-21,house,NY,36031,7542,6011,0,0,13554,11.3,0.5,90.8,1.8,2.5,0.6,0.2,0.0
NY-21,house,NY,36033,6982,6643,0,0,13624,2.49,-9.01,81.5,4.3,3.0,0.4,7.8,0.0
NY-21,house,NY,36035,6316,10527,0,0,16843,-25.0,-35.86,89.7,1.8,3.1,0.6,0.2,0.0
NY-21,house,NY,36041,961,1447,0,0,2408,-20.16,-29.47,94.5,0.7,1.5,0.3,0.1,0.0
NY-21,house,NY,36043,7516,12598,0,0,20114,-25.26,-36.44,92.3,1.1,2.0,0.6,0.1,0.0
NY-21,house,NY,36045,1912,2703,0,0,4615,-17.15,-28.89,81.2,5.4,6.1,2.0,0.4,0.2
NY-21,house,NY,36049,3048,6078,0,0,9125,-33.21,-44.41,94.5,0.3,1.4,0.3,0.2,0.0
NY-21,house,NY,36057,2446,4703,0,0,7149,-31.56,-42.78,80.6,1.9,12.2,1.0,0.2,0.0
NY-21,house,NY,36065,10836,18269,0,0,29105,-25.54,-36.12,81.3,5.8,5.5,3.9,0.2,0.0
NY-21,house,NY,36089,14504,16422,0,0,30927,-6.2,-18.0,88.9,3.1,2.6,1.0,1.0,0.0
NY-21,house,NY,36091,10081,10731,0,0,20811,-3.12,-13.48,88.3,1.5,3.1,2.9,0.1,0.0
NY-21,house,NY,36095,4475,6807,0,0,11282,-20.66,-30.53,90.7,1.0,3.2,0.7,0.3,0.0
NY-21,house,NY,36113,13415,11845,0,0,25260,6.21,-4.22,91.5,1.1,2.2,1.1,0.2,0.0
NY-21,house,NY,36115,8999,11017,0,0,20016,-10.08,-21.21,89.4,3.0,2.7,0.5,0.3,0.0
NY-22,house,NY,36011,9733,7491,0,0,17224,13.01,-4.73,88.4,3.7,3.0,0.5,0.3,0.0
NY-22,house,NY,36023,7011,4703,0,0,11714,19.7,1.9,88.0,1.7,3.4,2.5,0.3,0.0
NY-22,house,NY,36053,12397,11418,0,0,23814,4.11,-13.06,90.6,1.8,2.2,1.1,0.6,0.0
NY-22,house,NY,36065,22107,19031,0,0,41138,7.48,-10.72,81.3,5.8,5.5,3.9,0.2,0.0
NY-22,house,NY,36067,107604,52270,0,0,159874,34.61,17.28,76.4,10.2,4.6,4.1,0.6,0.0
NY-23,house,NY,36003,4232,10085,0,0,14317,-40.88,-42.63,91.3,2.0,2.0,0.9,0.2,0.0
NY-23,house,NY,36009,8224,15654,0,0,23878,-31.12,-32.82,89.6,1.3,1.6,0.7,3.1,0.0
NY-23,house,NY,36013,15877,24060,0,0,39937,-20.49,-21.98,85.7,2.3,7.4,0.7,0.4,0.0
NY-23,house,NY,36015,11175,15120,0,0,26295,-15.0,-16.8,84.8,5.9,2.9,1.6,0.3,0.0
NY-23,house,NY,36029,50482,66033,0,0,116515,-13.35,-14.61,74.4,12.6,5.2,4.5,0.5,0.0
NY-23,house,NY,36063,3345,4855,0,0,8200,-18.4,-20.23,84.6,7.0,2.9,1.1,1.1,0.0
NY-23,house,NY,36097,1258,2187,0,0,3444,-26.98,-28.74,93.7,0.4,1.5,0.6,0.2,0.0
NY-23,house,NY,36101,9663,17138,0,0,26801,-27.89,-29.23,91.4,1.5,1.5,1.7,0.2,0.0
NY-23,house,NY,36107,6746,10447,0,0,17193,-21.53,-22.88,92.2,0.9,1.9,0.8,0.1,0.0
NY-24,house,NY,36011,3047,5291,0,0,8337,-26.91,-30.03,88.4,3.7,3.0,0.5,0.3,0.0
NY-24,house,NY,36037,6837,13071,0,0,19908,-31.31,-33.95,88.8,2.3,4.1,0.8,0.7,0.0
NY-24,house,NY,36045,10295,15227,0,0,25522,-19.32,-22.67,81.2,5.4,6.1,2.0,0.4,0.2
NY-24,house,NY,36051,8900,12926,0,0,21826,-18.45,-21.44,89.4,2.0,3.7,1.1,0.2,0.0
NY-24,house,NY,36063,12485,18941,0,0,31425,-20.54,-23.41,84.6,7.0,2.9,1.1,1.1,0.0
NY-24,house,NY,36069,17210,17221,0,0,34430,-0.03,-2.53,88.7,2.1,4.4,1.2,0.2,0.0
NY-24,house,NY,36073,3966,8683,0,0,12648,-37.29,-40.46,86.1,4.9,4.4,0.4,0.5,0.0
NY-24,house,NY,36075,15000,22909,0,0,37909,-20.86,-24.18,91.0,1.2,2.5,0.8,0.4,0.0
NY-24,house,NY,36097,1456,1772,0,0,3228,-9.79,-12.6,93.7,0.4,1.5,0.6,0.2,0.0
NY-24,house,NY,36099,4825,5746,0,0,10572,-8.71,-11.8,87.4,4.3,3.6,0.8,0.4,0.0
NY-24,house,NY,36101,1462,3642,0,0,5105,-42.7,-45.15,91.4,1.5,1.5,1.7,0.2,0.0
NY-24,house,NY,36117,12495,18796,0,0,31291,-20.14,-23.03,89.0,2.6,3.9,0.5,0.2,0.0
NY-24,house,NY,36121,3652,9766,0,0,13418,-45.57,-48.23,87.4,5.5,3.7,0.5,0.3,0.0
NY-24,house,NY,36123,3156,4221,0,0,7377,-14.43,-16.19,93.7,0.7,2.2,0.4,0.1,0.0
NY-25,house,NY,36055,166404,88954,0,0,255359,30.33,19.08,70.3,13.7,8.0,4.3,0.2,0.0
NY-25,house,NY,36069,4488,3323,0,0,7810,14.92,4.84,88.7,2.1,4.4,1.2,0.2,0.0
NY-26,house,NY,36029,146455,58980,0,0,205436,42.58,23.52,74.4,12.6,5.2,4.5,0.5,0.0
NY-26,house,NY,36063,18426,13989,0,0,32414,13.69,-5.36,84.6,7.0,2.9,1.1,1.1,0.0
OH-01,house,OH,39027,4379,9922,236,0,14537,-38.76,-55.06,92.3,2.0,1.4,0.5,0.2,0.0
OH-01,house,OH,39061,110589,52600,2687,0,165876,35.53,19.17,66.0,23.5,3.5,3.1,0.1,0.1
OH-01,house,OH,39165,40200,55876,1582,0,97658,-16.32,-31.83,83.8,3.5,2.6,6.5,0.1,0.1
OH-02,house,OH,39001,1886,6815,0,0,8700,-56.66,-66.07,95.9,0.3,0.6,0.2,0.3,0.0
OH-02,house,OH,39009,10858,7148,0,0,18006,20.6,10.84,86.6,4.9,2.3,2.0,0.4,0.0
OH-02,house,OH,39015,3592,11417,0,0,15009,-52.13,-61.84,94.8,0.7,0.8,0.2,0.2,0.0
OH-02,house,OH,39025,28595,51282,0,0,79877,-28.4,-36.11,91.4,1.5,1.9,1.2,0.2,0.0
OH-02,house,OH,39053,2248,6852,0,0,9100,-50.59,-59.83,93.1,2.1,0.7,0.5,0.2,0.0
OH-02,house,OH,39073,3047,6395,0,0,9442,-35.45,-44.65,95.2,0.4,0.6,0.2,0.2,0.0
OH-02,house,OH,39079,2562,7438,0,0,9999,-48.77,-58.41,94.9,0.5,0.8,0.3,0.3,0.0
OH-02,house,OH,39087,5496,13202,0,0,18698,-41.21,-50.89,93.6,2.0,0.9,0.4,0.2,0.0
OH-02,house,OH,39105,1894,5386,0,0,7280,-47.96,-57.36,95.6,0.7,0.7,0.1,0.3,0.0
OH-02,house,OH,39115,1338,3409,0,0,4747,-43.63,-53.63,91.8,2.9,0.7,0.2,0.2,0.0
OH-02,house,OH,39127,825,2388,0,0,3213,-48.67,-58.85,95.4,0.2,0.6,0.2,0.3,0.0
OH-02,house,OH,39131,2414,6138,0,0,8552,-43.55,-54.01,94.7,0.7,0.6,0.3,0.5,0.0
OH-02,house,OH,39141,8101,14949,0,0,23050,-29.71,-39.68,88.4,6.0,1.1,0.5,0.3,0.0
OH-02,house,OH,39145,6755,15070,0,0,21825,-38.1,-48.25,92.0,3.0,1.0,0.4,0.4,0.0
OH-02,house,OH,39163,1022,2994,0,0,4016,-49.11,-58.98,95.9,0.3,0.5,0.2,0.2,0.0
OH-02,house,OH,39167,7036,14663,0,0,21699,-35.15,-44.09,94.0,1.0,0.9,0.5,0.2,0.0
OH-03,house,OH,39049,195043,55799,0,0,250842,55.51,40.65,63.7,20.3,5.8,5.6,0.2,0.0
OH-04,house,OH,39003,10090,21842,523,0,32454,-36.81,-44.49,80.9,11.7,2.6,0.9,0.2,0.0
OH-04,house,OH,39011,3686,13963,289,0,17937,-58.23,-65.06,95.0,0.4,1.4,0.6,0.2,0.1
OH-04,house,OH,39021,3956,10142,231,0,14328,-43.88,-51.24,92.6,1.8,1.3,0.3,0.2,0.0
OH-04,house,OH,39023,14352,20618,572,0,35543,-17.92,-26.45,83.5,8.5,3.0,0.7,0.2,0.1
OH-04,house,OH,39041,14219,15792,491,0,30502,-5.24,-11.32,82.3,3.5,2.7,8.0,0.1,0.0
OH-04,house,OH,39065,2316,6565,145,0,9026,-47.85,-55.17,93.7,0.8,1.9,0.6,0.2,0.0
OH-04,house,OH,39091,4037,12082,264,0,16383,-49.91,-56.68,91.9,1.5,1.8,0.7,0.2,0.0
OH-04,house,OH,39101,6182,12659,308,0,19149,-34.38,-41.73,86.9,7.0,2.3,0.6,0.2,0.0
OH-04,house,OH,39107,3236,13122,268,0,16626,-60.44,-67.21,94.6,0.4,1.8,0.4,0.2,0.9
OH-04,house,OH,39117,3300,9687,213,0,13199,-49.19,-56.17,94.7,0.4,1.3,0.3,0.1,0.0
OH-04,house,OH,39139,6294,11584,293,0,18170,-29.59,-36.89,84.9,9.1,1.7,0.7,0.2,0.0
OH-04,house,OH,39149,3624,13794,285,0,17703,-58.39,-65.32,92.9,1.7,1.4,0.9,0.2,0.1
OH-04,house,OH,39159,9689,15993,420,0,26102,-24.54,-29.93,86.6,2.2,2.0,5.9,0.1,0.0
OH-04,house,OH,39161,2419,7726,166,0,10311,-52.31,-58.95,92.8,0.8,3.1,0.3,0.2,0.0
OH-05,house,OH,39033,3564,10351,249,0,14164,-48.78,-53.37,94.9,0.7,1.1,0.3,0.1,0.0
OH-05,house,OH,39063,8464,17615,467,0,26546,-35.09,-38.87,88.9,1.8,4.6,1.8,0.1,0.0
OH-05,house,OH,39077,5653,13054,335,0,19042,-39.56,-44.43,89.8,1.0,5.4,0.4,0.3,0.0
OH-05,house,OH,39093,54217,55055,1958,0,111229,-0.77,-5.77,79.0,7.1,8.8,1.1,0.2,0.0
OH-05,house,OH,39139,6381,15892,399,0,22673,-42.7,-47.31,84.9,9.1,1.7,0.7,0.2,0.0
OH-05,house,OH,39143,7545,12880,366,0,20791,-26.12,-31.14,85.2,2.8,8.3,0.4,0.1,0.0
OH-05,house,OH,39147,5815,11550,311,0,17677,-33.02,-37.89,89.5,2.4,4.2,0.7,0.1,0.1
OH-05,house,OH,39173,13993,16636,549,0,31178,-8.63,-13.54,86.7,2.4,5.2,2.1,0.1,0.0
OH-05,house,OH,39175,2058,5771,140,0,7969,-47.42,-51.64,94.6,0.3,2.5,0.4,0.1,0.0
OH-06,house,OH,39013,6620,14861,0,0,21481,-38.36,-47.6,91.8,3.4,1.0,0.4,0.1,0.0
OH-06,house,OH,39019,2568,6997,0,0,9565,-46.3,-55.18,95.0,0.4,1.0,0.2,0.3,0.0
OH-06,house,OH,39029,9954,23305,0,0,33259,-40.14,-49.39,92.8,2.2,1.4,0.3,0.2,0.0
OH-06,house,OH,39067,1311,3611,0,0,4921,-46.74,-55.73,93.7,1.7,0.6,0.2,0.1,0.1
OH-06,house,OH,39075,628,3645,0,0,4273,-70.6,-77.06,97.0,0.3,1.0,0.1,0.1,0.0
OH-06,house,OH,39081,7057,14580,0,0,21637,-34.77,-44.4,88.7,5.2,1.4,0.5,0.2,0.0
OH-06,house,OH,39099,30461,26851,0,0,57312,6.3,-4.31,77.1,13.8,5.0,0.8,0.1,0.0
OH-06,house,OH,39151,23516,38921,0,0,62437,-24.67,-33.75,85.5,7.1,2.2,0.9,0.2,0.0
OH-06,house,OH,39157,9754,20025,0,0,29779,-34.49,-43.62,92.8,0.7,3.1,0.3,0.1,0.0
OH-06,house,OH,39169,2971,8225,0,0,11196,-46.93,-55.72,92.5,1.5,1.9,0.8,0.1,0.0
OH-07,house,OH,39005,5768,12910,0,0,18678,-38.24,-50.44,94.1,0.7,1.4,0.7,0.2,0.1
OH-07,house,OH,39035,101692,76994,0,0,178687,13.82,1.86,60.2,27.3,5.7,3.5,0.1,0.0
OH-07,house,OH,39103,32685,42288,0,0,74972,-12.81,-25.02,92.3,1.2,2.0,1.2,0.1,0.0
OH-07,house,OH,39169,10371,15526,0,0,25897,-19.9,-32.58,92.5,1.5,1.9,0.8,0.1,0.0
OH-08,house,OH,39017,44939,59244,0,0,104183,-13.73,-23.89,78.6,8.1,5.2,4.1,0.2,0.1
OH-08,house,OH,39037,4236,14681,0,0,18917,-55.22,-65.82,95.2,0.5,1.3,0.4,0.2,0.1
OH-08,house,OH,39061,71789,49149,0,0,120938,18.72,9.35,66.0,23.5,3.5,3.1,0.1,0.1
OH-08,house,OH,39109,7772,14831,0,0,22603,-31.23,-41.2,90.9,2.3,1.6,1.5,0.1,0.0
OH-08,house,OH,39135,3877,11293,0,0,15170,-48.88,-59.58,95.2,0.4,0.8,0.4,0.2,0.0
OH-09,house,OH,39039,5349,8062,0,0,13411,-20.23,-40.25,86.5,1.6,8.6,0.4,0.2,0.1
OH-09,house,OH,39043,14705,13117,0,0,27823,5.71,-14.28,83.8,8.2,3.3,0.7,0.2,0.0
OH-09,house,OH,39051,6067,9653,0,0,15720,-22.81,-42.75,88.8,0.4,7.4,0.3,0.2,0.0
OH-09,house,OH,39069,3809,6632,0,0,10440,-27.04,-47.15,90.4,0.5,6.4,0.5,0.2,0.0
OH-09,house,OH,39095,88803,44595,0,0,133398,33.14,12.68,69.8,18.1,6.1,1.7,0.2,0.0
OH-09,house,OH,39123,7928,8845,0,0,16773,-5.47,-25.3,92.0,0.8,4.1,0.4,0.1,0.0
OH-09,house,OH,39125,2067,4428,0,0,6495,-36.35,-56.76,91.7,0.7,4.5,0.1,0.2,0.0
OH-09,house,OH,39137,3482,10349,0,0,13832,-49.65,-69.38,92.8,0.3,5.3,0.2,0.1,0.0
OH-09,house,OH,39171,4541,8254,0,0,12795,-29.02,-48.7,91.4,1.0,4.1,0.5,0.2,0.0
OH-09,house,OH,39173,9279,6831,0,0,16109,15.2,-3.89,86.7,2.4,5.2,2.1,0.1,0.0
OH-10,house,OH,39017,7664,15956,477,0,24097,-35.1,-37.78,78.6,8.1,5.2,4.1,0.2,0.1
OH-10,house,OH,39057,25066,36703,1248,0,63017,-18.84,-20.03,82.3,6.9,2.6,3.4,0.2,0.1
OH-10,house,OH,39113,89354,85403,3530,0,178288,2.26,0.48,70.1,19.8,3.3,2.4,0.2,0.0
OH-11,house,OH,39035,194535,29830,0,0,224365,73.41,55.41,60.2,27.3,5.7,3.5,0.1,0.0
OH-12,house,OH,39031,3177,8256,0,0,11433,-44.42,-52.65,95.3,1.0,0.8,0.3,0.2,0.0
OH-12,house,OH,39041,31994,30853,0,0,62847,1.82,-4.39,82.3,3.5,2.7,8.0,0.1,0.0
OH-12,house,OH,39045,24450,34652,0,0,59102,-17.26,-24.26,84.7,7.5,2.0,1.9,0.2,0.0
OH-12,house,OH,39059,3444,8872,0,0,12316,-44.07,-52.44,93.8,1.3,0.9,0.4,0.3,0.0
OH-12,house,OH,39075,1479,5648,0,0,7127,-58.49,-66.18,97.0,0.3,1.0,0.1,0.1,0.0
OH-12,house,OH,39083,7013,15450,0,0,22464,-37.56,-45.31,93.5,0.9,1.6,0.6,0.2,0.0
OH-12,house,OH,39089,25689,40843,0,0,66532,-22.78,-30.29,87.6,3.8,1.8,2.7,0.2,0.0
OH-12,house,OH,39111,1159,3597,0,0,4756,-51.25,-60.31,96.9,0.1,0.3,0.2,0.1,0.0
OH-12,house,OH,39119,8848,18682,0,0,27530,-35.72,-44.27,90.7,3.5,0.9,0.4,0.2,0.0
OH-12,house,OH,39121,929,3384,0,0,4313,-56.91,-65.06,90.0,6.6,1.2,0.2,0.2,0.0
OH-12,house,OH,39127,2410,6271,0,0,8681,-44.48,-53.48,95.4,0.2,0.6,0.2,0.3,0.0
OH-13,house,OH,39133,10722,5092,252,0,16066,35.6,17.46,87.2,4.6,1.9,2.2,0.2,0.0
OH-13,house,OH,39151,34719,30027,1033,0,65779,7.25,-10.95,85.5,7.1,2.2,0.9,0.2,0.0
OH-13,house,OH,39153,117842,70558,3005,0,191405,25.1,7.05,76.6,13.5,2.0,3.8,0.2,0.0
OH-14,house,OH,39007,11450,18909,0,0,30359,-24.57,-28.63,88.0,3.8,3.6,0.4,0.2,0.0
OH-14,house,OH,39055,15037,23385,0,0,38422,-21.73,-24.32,94.1,1.1,1.4,0.7,0.0,0.0
OH-14,house,OH,39085,39640,50338,0,0,89978,-11.89,-14.47,87.3,4.2,3.7,1.4,0.1,0.0
OH-14,house,OH,39099,8401,12520,0,0,20921,-19.69,-23.81,77.1,13.8,5.0,0.8,0.1,0.0
OH-14,house,OH,39133,15872,26292,0,0,42164,-24.71,-28.29,87.2,4.6,1.9,2.2,0.2,0.0
OH-14,house,OH,39155,29564,37998,0,0,67562,-12.48,-16.95,86.1,8.0,1.6,0.5,0.1,0.0
OH-15,house,OH,39023,2656,5581,204,0,8442,-35.52,-43.96,83.5,8.5,3.0,0.7,0.2,0.1
OH-15,house,OH,39047,2284,6303,213,0,8800,-46.81,-55.56,92.2,1.9,1.8,0.6,0.2,0.0
OH-15,house,OH,39049,96783,66590,4052,0,167425,18.48,10.78,63.7,20.3,5.8,5.6,0.2,0.0
OH-15,house,OH,39071,3065,10585,338,0,13989,-55.09,-63.69,94.3,1.2,0.8,0.3,0.3,0.0
OH-15,house,OH,39097,4528,9589,350,0,14467,-35.85,-44.13,86.5,7.3,2.3,0.6,0.1,0.0
OH-15,house,OH,39109,5243,13140,456,0,18839,-42.96,-50.74,90.9,2.3,1.6,1.5,0.1,0.0
OH-15,house,OH,39129,5922,14074,496,0,20492,-40.76,-48.99,90.3,4.1,1.3,0.5,0.2,0.0
OK-01,house,OK,40037,3449,8836,0,0,12284,-43.85,-50.77,75.7,2.1,3.8,0.4,8.8,0.1
OK-01,house,OK,40131,1749,4438,0,0,6188,-43.46,-49.73,70.2,1.2,4.5,1.6,11.6,0.0
OK-01,house,OK,40143,81586,98293,0,0,179879,-9.29,-15.57,60.6,9.6,12.4,3.5,5.2,0.1
OK-01,house,OK,40145,6202,15944,0,0,22146,-43.99,-50.28,69.8,3.2,6.0,1.6,9.0,0.0
OK-02,house,OK,40001,1085,3888,105,0,5079,-56.37,-63.94,43.4,0.2,4.6,0.8,40.2,0.0
OK-02,house,OK,40005,671,3210,82,0,3963,-65.43,-72.23,70.1,4.5,3.2,0.4,13.1,0.0
OK-02,house,OK,40013,2889,9320,258,0,12467,-52.67,-59.37,70.0,1.6,5.9,0.7,12.8,0.0
OK-02,house,OK,40021,4509,7706,258,0,12474,-26.17,-33.28,48.7,1.2,5.6,0.7,31.5,0.0
OK-02,house,OK,40023,797,3068,82,0,3947,-58.76,-66.15,62.7,9.6,3.2,0.2,15.6,0.0
OK-02,house,OK,40029,304,1436,37,0,1776,-65.05,-72.4,69.7,0.6,2.6,0.2,16.3,0.0
OK-02,house,OK,40035,984,3167,88,0,4239,-52.58,-59.27,63.8,3.0,2.7,0.5,18.4,0.0
OK-02,house,OK,40041,2844,9568,262,0,12674,-54.17,-61.13,66.7,0.3,3.1,1.1,18.9,0.1
OK-02,house,OK,40061,622,2761,72,0,3455,-63.21,-70.54,71.9,0.5,3.2,0.2,15.9,0.1
OK-02,house,OK,40063,695,2498,67,0,3261,-56.46,-63.67,64.1,6.4,5.0,0.3,16.8,0.1
OK-02,house,OK,40069,583,2316,61,0,2961,-59.77,-67.0,69.6,2.7,4.5,0.6,13.7,0.1
OK-02,house,OK,40077,573,2223,59,0,2855,-59.01,-66.26,67.0,0.5,2.7,0.7,20.5,0.0
OK-02,house,OK,40079,2650,10205,272,0,13127,-58.77,-65.61,71.2,2.0,5.6,0.7,12.2,0.1
OK-02,house,OK,40089,1447,6305,164,0,7916,-62.66,-69.66,64.1,8.2,4.7,0.4,13.0,1.1
OK-02,house,OK,40091,1562,4222,122,0,5907,-45.99,-53.46,70.9,3.0,2.0,0.3,15.0,0.0
OK-02,house,OK,40095,964,3552,95,0,4612,-57.3,-64.12,69.3,1.1,13.3,0.3,8.4,0.0
OK-02,house,OK,40097,2883,9025,252,0,12160,-51.57,-58.59,65.6,0.4,2.7,0.5,18.7,0.1
OK-02,house,OK,40101,5780,10914,353,0,17047,-30.75,-38.2,57.9,9.9,5.4,0.8,16.0,0.1
OK-02,house,OK,40105,607,2520,66,0,3192,-61.19,-67.96,67.7,1.2,1.8,0.1,15.2,0.0
OK-02,house,OK,40107,691,2043,58,0,2791,-49.46,-56.58,61.9,6.9,2.8,0.3,20.7,0.0
OK-02,house,OK,40111,3170,6665,208,0,10043,-35.54,-43.48,63.3,8.0,3.7,0.5,14.8,0.0
OK-02,house,OK,40115,2018,5644,162,0,7824,-47.33,-54.35,67.3,0.9,4.4,0.5,16.2,0.5
OK-02,house,OK,40121,2844,9201,255,0,12299,-52.78,-59.88,69.6,3.2,4.1,0.7,12.7,0.1
OK-02,house,OK,40127,544,2679,68,0,3291,-66.24,-73.45,72.6,0.6,2.8,0.5,15.2,0.0
OK-02,house,OK,40131,6355,19736,551,0,26642,-51.29,-57.41,70.2,1.2,4.5,1.6,11.6,0.0
OK-02,house,OK,40135,2397,8284,226,0,10907,-55.11,-62.24,62.2,1.5,3.3,0.7,20.9,0.0
OK-02,house,OK,40145,1293,3416,100,0,4808,-45.1,-52.38,69.8,3.2,6.0,1.6,9.0,0.0
OK-02,house,OK,40147,4539,11345,336,0,16219,-42.85,-48.8,72.0,2.6,5.0,1.7,8.9,0.0
OK-03,house,OK,40003,200,1287,0,0,1487,-73.05,-77.81,83.5,4.9,4.4,0.2,3.7,0.0
OK-03,house,OK,40007,152,1311,0,0,1463,-79.26,-84.92,73.4,0.1,21.5,0.3,0.7,0.2
OK-03,house,OK,40009,885,4403,0,0,5287,-66.54,-71.11,76.1,6.1,9.7,0.6,3.3,0.1
OK-03,house,OK,40011,540,2067,0,0,2607,-58.61,-63.97,75.8,3.1,9.0,0.3,6.9,0.1
OK-03,house,OK,40015,1888,4650,0,0,6538,-42.24,-48.09,57.0,2.8,15.9,0.3,18.1,0.1
OK-03,house,OK,40017,6195,15400,0,0,21595,-42.63,-46.79,73.7,3.4,8.6,3.3,3.8,0.1
OK-03,house,OK,40025,62,582,0,0,644,-80.79,-85.75,76.0,0.1,20.7,0.0,0.2,0.0
OK-03,house,OK,40037,1945,7534,0,0,9479,-58.96,-64.43,75.7,2.1,3.8,0.4,8.8,0.1
OK-03,house,OK,40039,1768,5233,0,0,7001,-49.49,-54.29,68.9,3.0,16.1,1.1,5.3,0.0
OK-03,house,OK,40043,184,1341,0,0,1525,-75.85,-80.94,86.8,0.2,4.6,0.1,4.5,0.0
OK-03,house,OK,40045,163,1085,0,0,1248,-73.91,-77.89,86.9,0.3,7.0,0.3,1.6,0.0
OK-03,house,OK,40047,3769,11271,0,0,15040,-49.88,-54.77,73.3,2.7,11.6,1.2,2.1,3.4
OK-03,house,OK,40053,240,1223,0,0,1463,-67.19,-71.76,89.1,1.0,3.7,0.2,2.0,0.2
OK-03,house,OK,40055,246,1019,0,0,1264,-61.14,-66.5,75.8,7.4,9.1,0.2,3.5,0.0
OK-03,house,OK,40057,133,475,0,0,607,-56.28,-62.24,62.1,6.0,26.1,0.4,1.4,0.0
OK-03,house,OK,40059,126,873,0,0,999,-74.83,-79.45,76.2,0.1,19.1,0.0,0.8,0.0
OK-03,house,OK,40065,1266,4279,0,0,5545,-54.33,-59.43,63.9,6.7,20.7,1.4,1.5,0.3
OK-03,house,OK,40071,3163,8481,0,0,11645,-45.67,-50.23,75.0,2.0,6.6,0.6,8.2,0.5
OK-03,house,OK,40073,757,3894,0,0,4651,-67.45,-72.32,75.9,1.3,15.3,0.3,2.7,0.0
OK-03,house,OK,40075,523,1734,0,0,2257,-53.63,-59.22,76.5,3.8,8.6,0.5,5.7,0.0
OK-03,house,OK,40083,276,1373,0,0,1649,-66.49,-71.37,75.2,7.2,6.6,0.6,3.1,0.0
OK-03,house,OK,40093,290,2105,0,0,2395,-75.79,-80.84,86.1,0.3,7.8,0.4,1.5,0.0
OK-03,house,OK,40103,793,2621,0,0,3413,-53.56,-58.49,80.8,1.5,2.8,0.5,7.4,0.0
OK-03,house,OK,40109,14989,12993,0,0,27982,7.13,-1.72,56.0,14.4,16.1,3.7,2.8,0.1
OK-03,house,OK,40113,4514,9688,0,0,14201,-36.43,-42.11,63.7,10.6,3.4,0.3,12.4,0.0
OK-03,house,OK,40117,1082,3655,0,0,4737,-54.31,-59.91,77.5,0.5,2.4,0.4,11.3,0.0
OK-03,house,OK,40119,7971,12184,0,0,20155,-20.91,-25.95,74.2,4.0,5.9,3.5,4.1,0.1
OK-03,house,OK,40129,142,1052,0,0,1193,-76.21,-81.26,86.4,0.2,5.2,0.2,3.1,0.0
OK-03,house,OK,40139,655,2930,0,0,3585,-63.47,-68.97,44.1,4.3,45.6,2.0,0.8,0.0
OK-03,house,OK,40149,474,2729,0,0,3204,-70.38,-75.94,84.3,0.6,6.9,0.2,2.4,0.0
OK-03,house,OK,40151,488,2017,0,0,2505,-61.05,-65.59,83.2,3.0,6.1,0.9,2.9,0.0
OK-03,house,OK,40153,798,4237,0,0,5035,-68.3,-73.13,78.2,2.1,12.3,0.7,2.7,0.0
OK-04,house,OK,40019,3038,10163,359,0,13560,-53.97,-55.5,69.2,6.0,5.9,1.2,7.9,0.1
OK-04,house,OK,40027,34481,46301,2199,0,82982,-14.63,-15.25,69.6,4.8,8.6,4.5,3.9,0.1
OK-04,house,OK,40031,9027,14191,632,0,23850,-22.24,-23.78,56.8,15.9,11.7,2.8,5.2,0.6
OK-04,house,OK,40033,281,1417,46,0,1744,-66.91,-68.12,77.9,1.4,5.3,0.5,8.6,0.2
OK-04,house,OK,40049,1297,6149,203,0,7649,-65.17,-66.83,75.4,2.1,7.7,0.5,7.0,0.0
OK-04,house,OK,40051,3218,13910,466,0,17594,-62.43,-63.59,79.3,2.5,5.3,0.4,4.9,0.1
OK-04,house,OK,40067,231,1378,44,0,1653,-71.24,-72.72,78.4,0.5,8.2,0.7,4.8,0.1
OK-04,house,OK,40085,504,2382,79,0,2964,-65.05,-67.18,71.0,2.1,14.3,0.7,5.5,0.0
OK-04,house,OK,40087,2842,11653,394,0,14889,-60.79,-61.68,77.5,0.8,7.1,0.5,5.7,0.1
OK-04,house,OK,40099,784,3203,108,0,4095,-60.68,-62.56,72.7,1.3,5.4,0.4,12.3,0.1
OK-04,house,OK,40109,10482,10608,574,0,21664,-0.6,-1.72,56.0,14.4,16.1,3.7,2.8,0.1
OK-04,house,OK,40123,2773,7505,280,0,10558,-46.05,-47.58,65.1,2.3,4.5,1.0,15.9,0.0
OK-04,house,OK,40137,2282,10332,343,0,12957,-63.81,-64.69,79.2,1.8,6.3,0.5,4.4,0.0
OK-04,house,OK,40141,366,1350,47,0,1763,-57.35,-60.1,62.6,6.4,23.5,0.4,2.8,0.0
OK-05,house,OK,40017,9667,19186,905,0,29757,-32.99,-37.04,73.7,3.4,8.6,3.3,3.8,0.1
OK-05,house,OK,40081,2240,8459,335,0,11035,-58.13,-64.33,81.3,1.8,2.5,0.4,6.1,0.1
OK-05,house,OK,40083,4409,10641,472,0,15521,-41.41,-47.75,75.2,7.2,6.6,0.6,3.1,0.0
OK-05,house,OK,40109,77240,72938,4709,0,154887,2.86,-1.72,56.0,14.4,16.1,3.7,2.8,0.1
OK-05,house,OK,40125,5757,14149,624,0,20530,-42.16,-48.43,71.7,3.2,4.9,0.8,11.0,0.1
OK-05,house,OK,40133,1570,3995,174,0,5739,-43.57,-50.62,65.2,4.3,3.7,0.4,17.0,0.0
OR-01,house,OR,41007,10106,6198,0,0,16303,23.97,11.67,84.2,0.6,7.3,1.5,0.8,0.2
OR-01,house,OR,41009,10865,11072,0,0,21937,-0.94,-14.38,86.2,0.5,4.6,1.2,1.2,0.2
OR-01,house,OR,41051,64468,2268,0,0,66737,93.2,80.93,69.0,5.0,10.9,7.7,0.7,0.6
OR-01,house,OR,41057,6306,5072,0,0,11377,10.85,-1.43,83.6,0.3,8.1,1.1,0.8,0.3
OR-01,house,OR,41067,103619,37653,0,0,141272,46.69,34.16,64.6,2.0,15.4,11.5,0.4,0.5
OR-02,house,OR,41001,1698,5089,0,0,6787,-49.96,-50.16,89.8,0.4,3.7,0.4,0.9,0.1
OR-02,house,OR,41013,2824,8585,0,0,11410,-50.49,-51.59,86.4,0.3,5.8,0.5,1.0,0.1
OR-02,house,OR,41017,4413,6994,0,0,11406,-22.63,-23.08,85.4,0.3,7.1,1.3,0.6,0.1
OR-02,house,OR,41019,2335,6457,0,0,8791,-46.89,-47.21,85.9,0.3,4.9,1.1,1.5,0.1
OR-02,house,OR,41021,216,578,0,0,794,-45.61,-46.9,89.0,0.0,4.7,0.4,1.6,0.4
OR-02,house,OR,41023,614,2506,0,0,3120,-60.66,-62.1,89.8,0.1,3.2,0.4,0.9,0.2
OR-02,house,OR,41025,595,2384,0,0,2979,-60.02,-61.16,87.8,0.1,3.6,0.6,2.8,0.0
OR-02,house,OR,41029,39562,44150,0,0,83711,-5.48,-6.63,79.5,0.7,11.1,1.5,0.8,0.3
OR-02,house,OR,41031,2932,5294,0,0,8226,-28.71,-30.83,66.4,0.6,16.8,0.6,11.0,0.1
OR-02,house,OR,41033,12429,22316,0,0,34745,-28.46,-29.55,84.6,0.4,6.7,1.1,1.0,0.1
OR-02,house,OR,41035,7179,17685,0,0,24865,-42.25,-42.92,78.1,0.7,10.4,1.1,3.3,0.2
OR-02,house,OR,41037,514,2435,0,0,2950,-65.14,-66.8,82.3,0.7,7.8,0.7,1.4,0.2
OR-02,house,OR,41045,2115,5548,0,0,7663,-44.79,-45.55,64.7,1.6,27.5,1.5,1.1,0.1
OR-02,house,OR,41049,864,2449,0,0,3313,-47.85,-49.93,59.8,0.3,35.3,0.3,0.7,0.0
OR-02,house,OR,41055,175,640,0,0,814,-57.09,-58.5,87.9,0.0,6.1,0.5,0.8,0.0
OR-02,house,OR,41059,6887,14974,0,0,21861,-36.99,-38.78,66.9,1.0,23.8,0.9,3.2,0.2
OR-02,house,OR,41061,3015,7189,0,0,10203,-40.91,-41.53,86.0,0.5,4.2,0.8,0.8,1.7
OR-02,house,OR,41063,1147,2429,0,0,3576,-35.86,-36.3,90.6,0.1,2.6,0.5,0.8,0.0
OR-02,house,OR,41065,4457,4918,0,0,9375,-4.93,-5.95,74.3,0.4,15.5,1.0,3.5,0.6
OR-02,house,OR,41069,152,455,0,0,608,-49.82,-49.28,89.6,0.0,4.1,0.4,0.7,0.0
OR-03,house,OR,41005,16921,17531,0,0,34452,-1.77,-12.13,80.0,1.0,8.0,4.9,0.6,0.2
OR-03,house,OR,41027,6519,2375,0,0,8894,46.59,36.91,66.4,0.2,26.4,1.7,0.6,0.1
OR-03,house,OR,41051,170239,32558,0,0,202797,67.89,58.31,69.0,5.0,10.9,7.7,0.7,0.6
OR-04,house,OR,41003,24562,8995,1655,0,35212,46.39,41.01,77.5,1.0,7.7,7.2,0.5,0.3
OR-04,house,OR,41011,10096,13788,1178,0,25061,-15.46,-20.58,84.6,0.4,5.4,1.2,1.9,0.2
OR-04,house,OR,41015,4197,5293,468,0,9958,-11.55,-16.47,85.1,0.3,5.8,0.9,1.8,0.1
OR-04,house,OR,41019,11349,21572,1623,0,34544,-31.05,-36.48,85.9,0.3,4.9,1.1,1.5,0.1
OR-04,house,OR,41039,91111,49632,6942,0,147684,29.47,23.82,80.5,1.1,8.2,2.6,0.9,0.2
OR-04,house,OR,41041,12306,7608,982,0,20897,23.59,19.01,81.7,0.4,7.5,1.4,2.6,0.2
OR-04,house,OR,41043,316,217,26,0,560,18.68,15.85,83.4,0.5,8.0,1.2,1.0,0.2
OR-05,house,OR,41005,72085,44593,5742,0,122420,23.56,14.36,80.0,1.0,8.0,4.9,0.6,0.2
OR-05,house,OR,41017,45850,28419,3655,0,77924,23.47,15.77,85.4,0.3,7.1,1.3,0.6,0.1
OR-05,house,OR,41043,19727,27503,2324,0,49553,-16.46,-25.63,83.4,0.5,8.0,1.2,1.0,0.2
OR-05,house,OR,41047,8120,11540,967,0,20627,-17.4,-27.91,66.8,1.1,23.2,2.3,0.9,0.9
OR-05,house,OR,41051,17330,2102,956,0,20388,78.37,69.69,69.0,5.0,10.9,7.7,0.7,0.6
OR-06,house,OR,41005,10619,5154,0,0,15773,34.64,27.06,80.0,1.0,8.0,4.9,0.6,0.2
OR-06,house,OR,41047,50169,38954,0,0,89123,12.58,3.91,66.8,1.1,23.2,2.3,0.9,0.9
OR-06,house,OR,41053,17469,15854,0,0,33323,4.85,-3.79,77.4,0.7,12.0,2.1,1.7,0.4
OR-06,house,OR,41067,48869,18421,0,0,67291,45.25,37.26,64.6,2.0,15.4,11.5,0.4,0.5
OR-06,house,OR,41071,20708,19762,0,0,40470,2.34,-6.35,77.0,0.8,13.9,1.6,1.2,0.2
PA-01,house,PA,42017,140074,141020,0,0,281094,-0.34,-0.07,83.1,3.7,5.1,5.2,0.1,0.0
PA-01,house,PA,42091,25743,24788,0,0,50531,1.89,2.53,74.7,9.1,5.3,7.8,0.1,0.0
PA-02,house,PA,42101,163243,43097,0,0,206340,58.23,36.18,37.8,36.9,13.1,8.5,0.2,0.0
PA-03,house,PA,42101,259032,11408,4118,0,274558,91.56,77.92,37.8,36.9,13.1,8.5,0.2,0.0
PA-04,house,PA,42011,26209,28287,0,0,54496,-3.81,-19.6,72.2,4.2,19.6,1.5,0.1,0.0
PA-04,house,PA,42091,189923,83052,0,0,272975,39.15,23.08,74.7,9.1,5.3,7.8,0.1,0.0
PA-05,house,PA,42045,162943,67101,0,0,230045,41.66,23.99,66.3,20.6,3.9,6.2,0.1,0.0
PA-05,house,PA,42091,34212,6929,0,0,41141,66.31,48.17,74.7,9.1,5.3,7.8,0.1,0.0
PA-05,house,PA,42101,18199,3716,0,0,21915,66.09,46.47,37.8,36.9,13.1,8.5,0.2,0.0
PA-06,house,PA,42011,41636,28172,0,0,69808,19.29,1.52,72.2,4.2,19.6,1.5,0.1,0.0
PA-06,house,PA,42029,149241,78506,0,0,227747,31.06,14.61,78.6,5.4,6.9,6.0,0.1,0.0
PA-07,house,PA,42025,9126,15649,0,0,24775,-26.33,-35.08,90.9,1.5,4.3,0.5,0.1,0.0
PA-07,house,PA,42077,74449,58405,0,0,132854,12.08,2.72,65.5,5.8,22.4,3.6,0.1,0.0
PA-07,house,PA,42089,1934,3378,0,0,5313,-27.18,-36.55,65.8,13.0,14.7,2.4,0.2,0.0
PA-07,house,PA,42095,66613,58126,0,0,124739,6.8,-1.79,76.6,5.2,11.9,3.2,0.1,0.0
PA-08,house,PA,42069,46982,35089,0,0,82071,14.49,2.81,84.4,3.0,6.6,3.1,0.1,0.0
PA-08,house,PA,42079,44212,47184,0,0,91396,-3.25,-14.75,80.8,3.9,11.8,1.2,0.1,0.0
PA-08,house,PA,42089,31458,23403,0,0,54861,14.68,2.7,65.8,13.0,14.7,2.4,0.2,0.0
PA-08,house,PA,42103,10713,13889,0,0,24602,-12.91,-24.24,80.1,5.0,9.7,1.4,0.2,0.0
PA-08,house,PA,42127,7637,13090,0,0,20727,-26.31,-37.37,88.4,3.6,4.0,0.8,0.2,0.0
PA-09,house,PA,42011,7879,14517,0,0,22396,-29.64,-37.76,72.2,4.2,19.6,1.5,0.1,0.0
PA-09,house,PA,42015,6589,15276,0,0,21865,-39.73,-48.33,93.9,0.6,1.2,0.7,0.2,0.0
PA-09,house,PA,42037,8751,14085,0,0,22836,-23.36,-31.32,92.1,1.3,2.8,1.1,0.1,0.0
PA-09,house,PA,42075,19518,32140,0,0,51658,-24.43,-32.25,82.7,1.7,11.8,1.5,0.1,0.0
PA-09,house,PA,42079,5521,11459,0,0,16980,-34.97,-43.25,80.8,3.9,11.8,1.2,0.1,0.0
PA-09,house,PA,42081,9443,16145,0,0,25588,-26.19,-33.94,89.3,4.7,1.7,0.8,0.2,0.0
PA-09,house,PA,42093,2993,3953,0,0,6945,-13.82,-21.23,90.4,1.4,2.2,3.6,0.2,0.0
PA-09,house,PA,42097,10330,20178,0,0,30509,-32.28,-40.32,90.8,2.6,3.5,0.5,0.1,0.0
PA-09,house,PA,42107,16893,34408,0,0,51302,-34.14,-42.43,89.8,3.2,4.4,0.5,0.1,0.0
PA-09,house,PA,42113,789,1819,0,0,2608,-39.47,-47.2,93.5,1.4,1.5,0.3,0.2,0.0
PA-09,house,PA,42115,4995,10710,0,0,15705,-36.39,-45.13,94.3,0.3,1.7,0.4,0.1,0.0
PA-09,house,PA,42131,3745,6806,0,0,10551,-29.01,-37.19,93.7,0.9,1.7,0.5,0.1,0.0
PA-10,house,PA,42041,51626,43800,0,0,95426,8.2,-7.0,84.1,3.8,3.9,5.1,0.1,0.0
PA-10,house,PA,42043,64061,40588,0,0,104649,22.43,5.99,65.3,15.9,9.1,5.8,0.1,0.0
PA-10,house,PA,42133,43837,44362,0,0,88200,-0.6,-16.81,83.0,5.3,7.0,1.4,0.1,0.0
PA-11,house,PA,42071,92453,110358,0,0,202812,-8.83,-16.11,82.1,3.4,9.5,2.5,0.1,0.0
PA-11,house,PA,42133,31187,54770,0,0,85956,-27.44,-34.41,83.0,5.3,7.0,1.4,0.1,0.0
PA-12,house,PA,42003,177443,73626,0,0,251069,41.35,28.64,77.8,11.9,2.4,4.5,0.1,0.0
PA-12,house,PA,42129,20939,28486,0,0,49425,-15.27,-27.33,92.7,2.3,1.2,0.9,0.1,0.0
PA-13,house,PA,42001,15571,26903,0,0,42474,-26.68,-33.96,88.9,1.4,5.9,1.0,0.2,0.0
PA-13,house,PA,42009,3830,15891,0,0,19722,-61.15,-69.02,96.0,0.4,0.9,0.3,0.2,0.0
PA-13,house,PA,42013,14463,31023,0,0,45485,-36.41,-43.77,93.3,1.9,1.1,0.7,0.1,0.0
PA-13,house,PA,42021,16988,32830,0,0,49818,-31.8,-40.0,91.5,3.6,1.5,0.6,0.1,0.0
PA-13,house,PA,42041,2915,5523,0,0,8438,-30.91,-38.44,84.1,3.8,3.9,5.1,0.1,0.0
PA-13,house,PA,42055,18767,39979,0,0,58746,-36.11,-43.37,87.6,3.0,5.4,0.9,0.2,0.0
PA-13,house,PA,42057,998,4729,0,0,5727,-65.15,-72.93,95.2,0.8,0.7,0.2,0.2,0.0
PA-13,house,PA,42061,4438,11779,0,0,16217,-45.27,-53.31,89.2,6.0,1.8,0.6,0.1,0.0
PA-13,house,PA,42067,1933,6544,0,0,8477,-54.4,-61.87,94.2,0.4,3.0,0.3,0.1,0.0
PA-13,house,PA,42087,3906,11548,0,0,15454,-49.45,-56.98,95.1,0.7,1.6,0.4,0.1,0.0
PA-13,house,PA,42099,5163,12853,0,0,18016,-42.68,-49.84,94.4,0.6,1.5,0.4,0.1,0.0
PA-13,house,PA,42111,192,479,0,0,672,-42.68,-50.0,93.3,3.0,1.2,0.3,0.1,0.0
PA-14,house,PA,42051,15918,28580,0,0,44498,-28.46,-38.12,90.9,4.3,1.0,0.3,0.1,0.1
PA-14,house,PA,42059,3827,8256,0,0,12084,-36.65,-45.69,91.4,3.5,1.4,0.3,0.2,0.0
PA-14,house,PA,42063,9682,17062,0,0,26744,-27.59,-36.42,91.3,3.2,1.7,1.0,0.1,0.0
PA-14,house,PA,42111,7100,20888,0,0,27988,-49.27,-57.83,93.3,3.0,1.2,0.3,0.1,0.0
PA-14,house,PA,42125,35469,49793,0,0,85262,-16.8,-25.67,90.8,3.3,1.6,1.0,0.1,0.0
PA-14,house,PA,42129,38924,59614,0,0,98538,-21.0,-29.29,92.7,2.3,1.2,0.9,0.1,0.0
PA-15,house,PA,42005,6810,19208,0,0,26017,-47.65,-53.58,95.8,0.7,0.6,0.2,0.1,0.0
PA-15,house,PA,42023,432,1123,0,0,1555,-44.42,-50.91,95.2,0.3,1.3,0.4,0.2,0.0
PA-15,house,PA,42027,30721,25521,0,0,56241,9.25,3.25,82.0,3.6,3.5,7.6,0.1,0.0
PA-15,house,PA,42031,3666,10165,0,0,13831,-46.99,-53.44,94.4,1.5,0.9,0.5,0.1,0.1
PA-15,house,PA,42033,7689,20649,0,0,28338,-45.73,-51.92,90.9,2.5,3.5,0.6,0.1,0.0
PA-15,house,PA,42035,4267,8715,0,0,12982,-34.26,-41.23,94.2,1.1,1.4,0.6,0.2,0.0
PA-15,house,PA,42047,3543,8479,0,0,12023,-41.06,-47.34,96.0,0.2,0.7,0.4,0.1,0.0
PA-15,house,PA,42053,566,1291,0,0,1857,-39.03,-44.86,74.3,19.3,4.7,0.2,0.0,0.0
PA-15,house,PA,42063,557,2304,0,0,2861,-61.07,-67.36,91.3,3.2,1.7,1.0,0.1,0.0
PA-15,house,PA,42065,3770,12441,0,0,16212,-53.49,-58.97,95.7,0.3,0.8,0.2,0.1,0.0
PA-15,house,PA,42081,4162,12088,0,0,16249,-48.78,-54.19,89.3,4.7,1.7,0.8,0.2,0.0
PA-15,house,PA,42083,4018,9777,0,0,13795,-41.74,-47.58,91.9,2.5,1.4,0.5,0.3,0.0
PA-15,house,PA,42105,1369,4999,0,0,6368,-57.0,-62.81,95.1,0.3,1.2,0.4,0.2,0.0
PA-15,house,PA,42109,4086,9959,0,0,14045,-41.82,-47.35,93.9,1.3,2.1,0.8,0.1,0.0
PA-15,house,PA,42117,4032,11098,0,0,15131,-46.7,-52.27,94.0,0.8,1.3,0.5,0.2,0.0
PA-15,house,PA,42119,6072,8778,0,0,14850,-18.22,-23.61,84.4,6.5,4.5,2.0,0.2,0.0
PA-15,house,PA,42121,3610,7876,0,0,11486,-37.14,-42.96,94.6,0.7,0.8,0.4,0.1,0.0
PA-15,house,PA,42123,4789,9735,0,0,14525,-34.05,-39.56,94.9,0.3,0.8,0.4,0.2,0.0
PA-16,house,PA,42003,146,145,0,0,290,0.43,-4.41,77.8,11.9,2.4,4.5,0.1,0.0
PA-16,house,PA,42019,31180,53080,0,0,84260,-25.99,-32.71,93.2,1.1,1.5,1.4,0.1,0.0
PA-16,house,PA,42039,10228,19849,0,0,30077,-31.99,-39.55,93.3,1.8,1.2,0.4,0.1,0.0
PA-16,house,PA,42049,51389,45136,0,0,96525,6.48,-1.03,84.0,6.6,3.5,2.2,0.1,0.0
PA-16,house,PA,42073,12277,20772,0,0,33050,-25.7,-34.0,90.4,3.6,1.5,0.4,0.1,0.0
PA-16,house,PA,42085,15952,25025,0,0,40977,-22.14,-30.42,89.5,5.3,1.1,0.6,0.1,0.0
PA-16,house,PA,42121,2375,4883,0,0,7257,-34.56,-41.7,94.6,0.7,0.8,0.4,0.1,0.0
PA-17,house,PA,42003,165316,88398,0,0,253714,30.32,12.46,77.8,11.9,2.4,4.5,0.1,0.0
PA-17,house,PA,42007,32510,33763,0,0,66273,-1.89,-20.89,87.8,6.0,1.8,0.6,0.1,0.0
RI-01,house,RI,44001,14337,4916,614,0,19866,48.93,27.17,89.8,1.4,3.3,2.2,0.2,0.0
RI-01,house,RI,44005,22450,7865,967,0,31281,48.11,26.28,85.6,2.9,5.2,1.8,0.3,0.1
RI-01,house,RI,44007,79777,30668,3522,0,113967,44.46,20.97,61.6,6.8,21.1,4.4,0.3,0.0
RI-02,house,RI,44003,37605,27868,0,0,65473,14.87,2.13,87.3,1.6,4.6,2.7,0.2,0.0
RI-02,house,RI,44007,44834,30463,0,0,75296,19.09,4.83,61.6,6.8,21.1,4.4,0.3,0.0
RI-02,house,RI,44009,34193,19272,0,0,53465,27.91,15.57,90.1,1.1,3.0,2.1,0.6,0.0
SC-01,house,SC,45013,35164,36797,1133,0,73094,-2.27,-14.66,71.9,13.6,10.3,1.3,0.2,0.1
SC-01,house,SC,45015,37227,40545,1224,0,78996,-4.27,-16.51,62.8,22.0,7.5,2.5,0.5,0.1
SC-01,house,SC,45019,42351,37839,1262,0,81452,5.63,-6.65,67.0,21.6,6.1,1.9,0.2,0.1
SC-01,house,SC,45029,555,548,17,0,1120,0.63,-12.01,59.2,33.8,2.8,0.5,0.8,0.1
SC-01,house,SC,45035,19917,22296,665,0,42878,-5.64,-17.12,64.1,23.2,5.6,2.1,0.6,0.1
SC-01,house,SC,45053,1486,1726,51,0,3263,-7.45,-19.25,50.3,32.3,14.0,0.7,0.2,0.1
SC-02,house,SC,45003,23406,35620,1229,0,60255,-20.69,-26.26,67.0,22.3,5.6,1.1,0.3,0.0
SC-02,house,SC,45011,3081,3640,140,0,6861,-8.32,-15.72,52.7,41.3,2.1,0.8,0.4,0.1
SC-02,house,SC,45063,35989,64734,2098,0,102820,-28.54,-33.95,74.1,13.7,6.1,2.2,0.3,0.1
SC-02,house,SC,45075,3933,3465,154,0,7552,6.32,-1.82,34.9,59.3,1.9,1.1,0.6,0.0
SC-02,house,SC,45079,48020,28850,1601,0,78471,24.94,20.19,44.3,43.7,5.6,2.8,0.2,0.1
SC-03,house,SC,45001,2659,5629,144,0,8433,-35.83,-42.91,69.7,25.5,1.5,0.3,0.2,0.0
SC-03,house,SC,45007,19455,48169,1177,0,68800,-42.46,-47.93,77.1,14.3,3.9,1.2,0.2,0.0
SC-03,house,SC,45037,3558,6017,167,0,9742,-25.68,-32.24,58.6,32.9,5.0,0.4,0.3,0.0
SC-03,house,SC,45045,8743,15482,421,0,24647,-27.82,-32.53,68.4,16.1,9.4,2.5,0.2,0.1
SC-03,house,SC,45047,8139,13110,370,0,21619,-23.39,-29.36,61.8,29.0,5.5,1.0,0.2,0.0
SC-03,house,SC,45059,6792,13993,362,0,21147,-34.64,-41.3,68.3,23.1,4.9,0.5,0.3,0.0
SC-03,house,SC,45065,1911,2322,74,0,4307,-9.72,-17.31,56.6,39.0,1.2,0.3,0.3,0.0
SC-03,house,SC,45071,4506,7966,217,0,12689,-27.74,-34.77,63.4,26.6,7.0,0.4,0.3,0.0
SC-03,house,SC,45073,7712,21364,506,0,29582,-46.95,-52.17,84.6,6.3,4.4,0.8,0.2,0.0
SC-03,house,SC,45077,10622,30965,724,0,42311,-48.92,-53.4,83.1,6.4,4.2,2.2,0.2,0.0
SC-03,house,SC,45081,1924,4277,108,0,6309,-37.95,-44.89,63.8,21.7,12.1,0.1,0.3,0.0
SC-04,house,SC,45045,68514,87587,3577,0,159678,-12.22,-21.07,68.4,16.1,9.4,2.5,0.2,0.1
SC-04,house,SC,45083,34857,51409,1976,0,88242,-19.19,-29.12,67.9,19.0,7.1,2.5,0.2,0.0
SC-05,house,SC,45021,5274,12120,0,0,17394,-39.35,-51.79,72.8,19.5,4.0,0.6,0.3,0.0
SC-05,house,SC,45023,5177,5715,0,0,10891,-4.94,-17.4,60.2,34.0,2.0,0.4,0.4,0.0
SC-05,house,SC,45039,4965,2885,0,0,7850,26.49,13.42,42.9,51.8,1.8,0.5,0.3,0.0
SC-05,house,SC,45055,9737,13742,0,0,23479,-17.06,-28.58,68.5,23.0,4.2,0.6,0.2,0.0
SC-05,house,SC,45057,16309,21799,0,0,38108,-14.41,-25.06,70.6,19.3,5.4,1.8,0.2,0.0
SC-05,house,SC,45061,3721,1932,0,0,5653,31.65,18.82,36.2,59.9,1.5,0.2,0.3,0.0
SC-05,house,SC,45083,5778,14910,0,0,20689,-44.14,-54.94,67.9,19.0,7.1,2.5,0.2,0.0
SC-05,house,SC,45085,12784,10609,0,0,23393,9.3,-2.4,46.3,45.0,3.5,1.4,0.3,0.1
SC-05,house,SC,45087,3436,5169,0,0,8605,-20.13,-32.97,65.6,30.3,1.2,0.3,0.2,0.0
SC-05,house,SC,45091,47916,57148,0,0,105063,-8.79,-19.37,69.3,17.9,5.7,2.9,0.6,0.0
SC-06,house,SC,45005,1705,410,0,0,2115,61.21,45.4,27.0,68.3,2.4,0.3,0.5,0.0
SC-06,house,SC,45009,2625,1360,0,0,3985,31.74,15.46,38.7,57.6,1.0,0.5,0.2,0.0
SC-06,house,SC,45017,2819,2721,0,0,5540,1.76,-14.53,56.4,38.1,2.6,0.2,0.4,0.1
SC-06,house,SC,45019,46778,21932,0,0,68710,36.16,20.55,67.0,21.6,6.1,1.9,0.2,0.1
SC-06,house,SC,45027,5967,5456,0,0,11424,4.47,-12.41,50.8,43.5,2.4,0.7,0.4,0.0
SC-06,house,SC,45029,5667,6006,0,0,11673,-2.9,-18.99,59.2,33.8,2.8,0.5,0.8,0.1
SC-06,house,SC,45035,6331,5232,0,0,11563,9.5,-6.59,64.1,23.2,5.6,2.1,0.6,0.1
SC-06,house,SC,45041,2017,943,0,0,2960,36.29,20.46,53.0,40.1,2.6,1.7,0.2,0.0
SC-06,house,SC,45049,3536,2226,0,0,5762,22.73,6.48,43.1,50.7,3.7,0.5,0.2,0.1
SC-06,house,SC,45053,5270,4227,0,0,9496,10.99,-6.46,50.3,32.3,14.0,0.7,0.2,0.1
SC-06,house,SC,45075,13906,4413,0,0,18319,51.82,35.83,34.9,59.3,1.9,1.1,0.6,0.0
SC-06,house,SC,45079,42841,6333,0,0,49174,74.24,59.26,44.3,43.7,5.6,2.8,0.2,0.1
SC-06,house,SC,45085,5868,2358,0,0,8226,42.67,25.87,46.3,45.0,3.5,1.4,0.3,0.1
SC-06,house,SC,45089,6922,3107,0,0,10029,38.05,21.97,33.5,62.0,1.9,0.4,0.3,0.0
SC-07,house,SC,45025,5315,7559,0,0,12874,-17.43,-28.36,62.1,29.8,4.1,0.6,0.4,0.0
SC-07,house,SC,45031,10332,10900,0,0,21232,-2.68,-13.47,56.3,38.9,1.7,0.4,0.2,0.0
SC-07,house,SC,45033,4165,4137,0,0,8303,0.33,-10.92,48.7,43.8,2.5,0.2,2.2,0.0
SC-07,house,SC,45041,19800,20037,0,0,39837,-0.59,-10.27,53.0,40.1,2.6,1.7,0.2,0.0
SC-07,house,SC,45043,11964,14464,0,0,26428,-9.46,-19.74,68.0,26.5,2.8,0.4,0.2,0.0
SC-07,house,SC,45051,50924,93252,0,0,144177,-29.36,-38.91,79.0,10.4,5.5,1.3,0.3,0.1
SC-07,house,SC,45067,5719,3652,0,0,9371,22.06,10.66,41.0,54.0,1.9,0.4,0.3,0.0
SC-07,house,SC,45069,4035,3071,0,0,7106,13.56,2.4,41.1,49.4,2.3,0.4,4.1,0.0
SD-01,house,SD,46003,271,699,0,0,969,-44.13,-55.52,89.5,0.2,7.3,0.4,0.6,0.0
SD-01,house,SD,46005,1705,3173,0,0,4878,-30.09,-41.05,76.2,0.6,11.1,8.9,1.1,0.2
SD-01,house,SD,46007,322,435,0,0,757,-14.9,-26.95,38.2,0.3,1.7,0.2,53.9,0.0
SD-01,house,SD,46009,609,1473,0,0,2082,-41.53,-52.47,87.5,1.8,1.6,0.1,7.5,0.0
SD-01,house,SD,46011,4864,5531,0,0,10395,-6.41,-17.85,88.7,1.7,3.4,2.8,0.9,0.0
SD-01,house,SD,46013,4970,6889,0,0,11860,-16.18,-27.33,87.7,1.3,3.7,2.2,2.5,0.1
SD-01,house,SD,46015,561,1125,0,0,1686,-33.41,-43.56,85.6,0.4,1.9,0.6,7.6,0.1
SD-01,house,SD,46017,225,99,0,0,324,39.0,27.91,17.6,0.0,0.8,0.0,78.6,0.0
SD-01,house,SD,46019,859,2677,0,0,3537,-51.4,-62.06,91.1,0.1,2.9,0.3,1.6,0.1
SD-01,house,SD,46021,113,468,0,0,582,-60.99,-70.94,94.3,0.0,2.3,0.5,1.9,0.0
SD-01,house,SD,46023,856,1660,0,0,2516,-31.96,-43.68,66.3,0.2,2.2,0.4,28.2,0.2
SD-01,house,SD,46025,369,913,0,0,1282,-42.5,-53.81,94.8,0.2,3.7,0.1,0.4,0.0
SD-01,house,SD,46027,2329,1607,0,0,3936,18.33,6.71,86.8,1.6,2.7,2.4,2.7,0.0
SD-01,house,SD,46029,3246,6156,0,0,9401,-30.95,-41.77,92.8,0.3,2.0,0.7,2.0,0.0
SD-01,house,SD,46031,401,395,0,0,795,0.76,-12.08,30.0,0.2,0.9,0.8,63.9,0.0
SD-01,house,SD,46033,1341,2835,0,0,4176,-35.78,-46.7,92.0,0.4,1.7,0.4,1.8,0.0
SD-01,house,SD,46035,2312,4074,0,0,6386,-27.59,-38.71,90.6,0.6,3.8,0.6,2.4,0.0
SD-01,house,SD,46037,825,1215,0,0,2040,-19.1,-30.46,88.0,0.1,2.2,0.4,7.5,0.1
SD-01,house,SD,46039,475,1124,0,0,1599,-40.54,-52.96,95.8,0.0,2.3,0.1,0.3,0.0
SD-01,house,SD,46041,809,493,0,0,1302,24.22,13.1,20.1,0.3,1.1,0.2,75.0,0.0
SD-01,house,SD,46043,214,940,0,0,1154,-62.85,-73.26,94.4,0.1,1.7,0.1,0.9,0.0
SD-01,house,SD,46045,353,1061,0,0,1413,-50.09,-61.64,95.4,0.4,1.2,0.4,1.0,0.0
SD-01,house,SD,46047,903,2072,0,0,2974,-39.31,-50.54,87.2,0.5,2.1,0.7,5.1,0.2
SD-01,house,SD,46049,174,612,0,0,786,-55.74,-66.82,94.4,0.0,1.6,0.2,2.7,0.0
SD-01,house,SD,46051,821,1705,0,0,2526,-34.99,-46.55,91.9,0.0,5.4,0.2,0.7,0.0
SD-01,house,SD,46053,390,1187,0,0,1578,-50.54,-61.55,90.0,0.3,1.1,0.4,5.2,0.1
SD-01,house,SD,46055,114,669,0,0,783,-70.87,-81.06,93.4,0.1,1.1,0.8,1.5,0.0
SD-01,house,SD,46057,562,1683,0,0,2245,-49.91,-61.51,92.9,0.1,4.5,0.1,0.6,0.1
SD-01,house,SD,46059,320,908,0,0,1228,-47.89,-58.07,96.4,0.3,0.9,0.3,0.4,0.0
SD-01,house,SD,46061,370,1054,0,0,1424,-48.09,-60.3,96.5,0.1,0.8,0.0,0.1,0.0
SD-01,house,SD,46063,64,507,0,0,571,-77.55,-88.03,93.7,0.5,2.1,0.0,1.1,0.0
SD-01,house,SD,46065,2329,3541,0,0,5870,-20.65,-30.92,83.0,0.4,2.1,0.7,10.1,0.0
SD-01,house,SD,46067,673,1927,0,0,2600,-48.21,-58.89,95.6,0.1,2.0,0.3,0.8,0.0
SD-01,house,SD,46069,128,356,0,0,484,-47.12,-56.34,89.2,0.3,1.5,0.5,5.3,0.0
SD-01,house,SD,46071,294,492,0,0,786,-25.14,-35.68,44.6,0.3,2.0,0.3,47.5,0.2
SD-01,house,SD,46073,231,464,0,0,695,-33.52,-43.9,93.0,0.0,4.3,0.1,0.9,0.0
SD-01,house,SD,46075,66,316,0,0,383,-65.36,-77.65,88.3,0.0,0.6,0.0,4.3,0.0
SD-01,house,SD,46077,652,1297,0,0,1949,-33.05,-44.71,95.8,0.0,1.8,0.2,0.6,0.2
SD-01,house,SD,46079,1639,2471,0,0,4110,-20.24,-31.76,90.2,0.8,4.9,0.8,0.8,0.1
SD-01,house,SD,46081,4180,6543,0,0,10723,-22.04,-32.25,90.8,0.5,2.9,0.7,1.7,0.0
SD-01,house,SD,46083,10589,14736,0,0,25325,-16.38,-27.08,91.7,1.4,2.1,1.6,0.6,0.0
SD-01,house,SD,46085,358,649,0,0,1007,-28.9,-40.35,58.4,0.1,1.3,0.2,36.9,0.0
SD-01,house,SD,46087,644,1466,0,0,2109,-38.98,-50.47,94.4,0.1,2.5,0.1,0.8,0.0
SD-01,house,SD,46089,187,717,0,0,904,-58.7,-70.51,95.1,0.2,1.9,0.2,0.8,0.0
SD-01,house,SD,46091,642,826,0,0,1468,-12.56,-24.44,87.5,0.1,4.7,0.2,5.7,0.0
SD-01,house,SD,46093,2974,7236,0,0,10210,-41.75,-52.18,87.0,1.5,3.6,1.0,2.4,0.2
SD-01,house,SD,46095,230,284,0,0,515,-10.48,-20.72,43.3,0.1,1.2,0.2,50.4,0.0
SD-01,house,SD,46097,259,554,0,0,812,-36.33,-48.32,95.8,0.1,1.6,0.3,0.3,0.0
SD-01,house,SD,46099,32009,33389,0,0,65399,-2.11,-12.99,82.7,4.7,4.9,2.3,2.2,0.0
SD-01,house,SD,46101,887,1332,0,0,2219,-20.08,-32.56,80.2,0.1,4.1,1.5,10.4,0.0
SD-01,house,SD,46102,1975,155,0,0,2130,85.42,72.69,4.6,0.3,2.6,0.3,90.7,0.0
SD-01,house,SD,46103,16322,23050,0,0,39372,-17.09,-27.17,79.8,1.3,4.1,1.4,8.4,0.1
SD-01,house,SD,46105,217,890,0,0,1107,-60.73,-70.96,94.3,0.0,1.0,0.1,1.9,0.1
SD-01,house,SD,46107,199,704,0,0,903,-55.93,-66.38,95.4,0.3,0.7,0.5,1.7,0.0
SD-01,house,SD,46109,1290,1597,0,0,2887,-10.65,-23.42,62.0,0.3,1.8,0.3,32.2,0.0
SD-01,house,SD,46111,229,614,0,0,843,-45.62,-56.4,94.5,0.0,2.3,0.1,0.7,0.0
SD-01,house,SD,46115,784,1400,0,0,2184,-28.19,-39.92,95.1,0.3,2.1,0.0,0.9,0.0
SD-01,house,SD,46117,376,832,0,0,1207,-37.78,-47.63,88.4,0.5,0.8,0.2,4.5,0.4
SD-01,house,SD,46119,153,474,0,0,627,-51.34,-61.99,93.5,0.4,2.7,0.0,0.4,0.0
SD-01,house,SD,46121,1208,271,0,0,1479,63.34,51.91,10.2,0.1,1.8,0.5,85.3,0.0
SD-01,house,SD,46123,431,1416,0,0,1847,-53.3,-64.12,81.6,0.2,0.9,0.1,13.7,0.0
SD-01,house,SD,46125,926,2232,0,0,3158,-41.33,-52.74,94.6,0.2,2.2,0.2,0.5,0.0
SD-01,house,SD,46127,2158,4019,0,0,6177,-30.14,-41.48,91.0,0.9,3.1,1.4,0.6,0.2
SD-01,house,SD,46129,438,1278,0,0,1716,-48.94,-60.26,82.2,0.1,1.4,0.1,12.3,0.0
SD-01,house,SD,46135,3189,4349,0,0,7538,-15.39,-26.27,88.5,1.5,4.6,0.6,2.4,0.0
SD-01,house,SD,46137,298,245,0,0,543,9.7,-2.92,23.0,0.0,1.4,0.0,73.1,0.0
TN-01,house,TN,47019,3600,13514,284,0,17398,-57.93,-63.82,92.8,1.2,1.7,0.4,0.3,0.0
TN-01,house,TN,47029,2034,8752,179,0,10965,-62.28,-68.88,92.0,1.7,2.1,0.4,0.4,0.0
TN-01,house,TN,47059,4319,17095,355,0,21768,-59.66,-66.52,91.3,1.9,2.8,0.4,0.2,0.0
TN-01,house,TN,47063,4149,13412,291,0,17852,-52.75,-59.41,80.5,3.4,11.1,1.1,0.2,0.4
TN-01,house,TN,47067,301,1702,33,0,2036,-69.99,-76.9,95.9,0.4,0.6,0.0,0.4,0.0
TN-01,house,TN,47073,3366,14722,300,0,18388,-62.78,-69.39,93.8,1.2,1.2,0.4,0.2,0.0
TN-01,house,TN,47089,3574,13397,281,0,17252,-57.88,-64.73,91.3,1.5,3.3,0.5,0.3,0.0
TN-01,house,TN,47091,1015,4564,92,0,5672,-63.6,-69.85,89.9,4.8,2.3,0.1,0.1,0.1
TN-01,house,TN,47155,6719,23558,502,0,30779,-55.62,-61.76,87.5,0.8,6.8,1.1,0.3,0.0
TN-01,house,TN,47163,13161,38859,862,0,52882,-49.4,-55.54,91.9,2.0,1.8,0.8,0.2,0.0
TN-01,house,TN,47171,1277,4604,97,0,5979,-56.57,-62.67,91.6,0.2,5.0,0.2,0.2,0.0
TN-01,house,TN,47179,13914,28253,699,0,42865,-34.01,-39.99,86.4,4.1,3.8,1.4,0.2,0.0
TN-02,house,TN,47009,13371,34041,1047,0,48458,-43.6,-48.32,88.9,2.6,3.3,0.9,0.2,0.0
TN-02,house,TN,47013,954,4522,121,0,5597,-65.15,-70.89,95.0,0.3,1.0,0.2,0.2,0.0
TN-02,house,TN,47025,1624,7646,205,0,9475,-64.96,-70.66,93.7,1.0,1.5,0.5,0.2,0.0
TN-02,house,TN,47057,1187,6437,168,0,7792,-68.85,-74.11,93.4,0.5,2.5,0.3,0.2,0.0
TN-02,house,TN,47089,161,643,18,0,822,-59.95,-65.72,91.3,1.5,3.3,0.5,0.3,0.0
TN-02,house,TN,47093,64489,87439,3355,0,155283,-15.11,-19.83,80.6,7.8,4.8,2.5,0.2,0.1
TN-02,house,TN,47105,5794,16951,502,0,23248,-49.05,-53.58,87.6,1.0,7.4,0.8,0.2,0.0
TN-02,house,TN,47173,995,4943,131,0,6069,-66.47,-71.72,94.7,0.2,1.6,0.2,0.2,0.0
TN-03,house,TN,47001,8626,16447,512,0,25585,-31.2,-36.16,87.4,3.6,2.9,1.3,0.3,0.1
TN-03,house,TN,47011,7648,26142,689,0,34480,-54.73,-59.53,83.3,4.6,6.2,1.1,0.3,0.1
TN-03,house,TN,47065,54665,64984,2442,0,122091,-8.62,-13.26,71.2,16.6,5.9,2.2,0.2,0.0
TN-03,house,TN,47107,3343,13175,337,0,16855,-59.53,-64.77,88.0,3.5,3.3,0.8,0.3,0.0
TN-03,house,TN,47121,793,3392,85,0,4270,-62.12,-68.02,93.5,1.0,1.2,0.2,0.4,0.0
TN-03,house,TN,47123,2921,12397,313,0,15630,-61.86,-67.4,90.4,1.6,3.2,0.5,0.3,0.0
TN-03,house,TN,47139,1112,4876,122,0,6111,-62.85,-68.68,93.1,0.4,1.4,0.2,0.4,0.1
TN-03,house,TN,47143,1852,7983,201,0,10035,-62.35,-67.56,88.7,1.9,4.9,0.6,0.3,0.0
TN-03,house,TN,47145,4691,14117,384,0,19192,-50.11,-55.15,91.2,2.4,1.5,0.6,0.3,0.0
TN-04,house,TN,47007,852,3385,97,0,4334,-59.77,-71.0,87.9,6.2,2.5,0.2,0.3,0.0
TN-04,house,TN,47015,1050,3659,107,0,4816,-55.42,-66.77,91.1,1.4,2.3,0.3,0.2,0.0
TN-04,house,TN,47031,4678,12382,389,0,17449,-45.15,-55.8,86.9,3.6,4.4,1.0,0.3,0.0
TN-04,house,TN,47037,32444,14725,1077,0,48245,37.56,26.58,58.1,22.7,11.4,3.9,0.2,0.0
TN-04,house,TN,47051,3876,9623,308,0,13807,-42.57,-53.66,87.5,4.7,2.8,0.9,0.3,0.0
TN-04,house,TN,47061,896,3435,99,0,4430,-58.62,-69.82,93.7,0.3,1.1,0.4,0.3,0.0
TN-04,house,TN,47115,2617,6917,217,0,9751,-45.1,-56.19,90.2,3.4,1.7,0.5,0.4,0.0
TN-04,house,TN,47149,38929,49745,2022,0,90696,-12.2,-22.43,67.3,15.2,9.6,3.7,0.2,0.1
TN-04,house,TN,47153,1176,4224,123,0,5523,-56.44,-66.93,92.5,0.4,2.8,0.4,0.4,0.0
TN-04,house,TN,47175,489,1745,51,0,2285,-56.2,-67.67,95.4,0.4,1.2,0.2,0.0,0.0
TN-04,house,TN,47177,3188,8455,265,0,11908,-45.23,-56.68,85.5,2.8,7.7,0.6,0.2,0.0
TN-05,house,TN,47005,1284,3754,51,0,5089,-49.03,-63.43,91.6,2.0,1.9,0.7,0.3,0.0
TN-05,house,TN,47045,2576,7413,101,0,10090,-48.43,-62.17,79.6,13.6,2.7,0.6,0.2,0.0
TN-05,house,TN,47079,3014,7447,106,0,10567,-42.37,-55.94,86.5,6.9,2.2,0.6,0.2,0.0
TN-05,house,TN,47081,1885,5269,72,0,7226,-47.3,-61.54,89.3,4.3,2.2,0.3,0.4,0.0
TN-05,house,TN,47083,742,1902,27,0,2670,-43.89,-58.9,92.1,2.6,1.4,0.2,0.3,0.1
TN-05,house,TN,47085,1661,4073,58,0,5792,-42.07,-56.73,92.0,2.4,1.8,0.3,0.2,0.0
TN-05,house,TN,47095,401,944,14,0,1359,-40.4,-55.36,68.8,26.7,2.4,0.1,0.2,0.1
TN-05,house,TN,47097,2233,3501,58,0,5791,-22.11,-37.32,62.4,31.9,1.9,0.2,0.5,0.0
TN-05,house,TN,47101,976,3112,41,0,4129,-52.27,-66.08,92.1,1.5,2.2,0.5,0.3,0.1
TN-05,house,TN,47119,8797,17625,267,0,26688,-33.41,-47.34,78.2,11.0,6.2,0.9,0.3,0.0
TN-05,house,TN,47125,5713,4108,99,0,9920,16.35,1.81,62.6,19.6,9.0,2.5,0.4,0.4
TN-05,house,TN,47131,2164,6788,90,0,9043,-51.65,-65.34,83.1,9.6,3.9,0.3,0.1,0.0
TN-05,house,TN,47157,39445,3657,436,0,43538,83.03,69.23,37.0,49.9,7.0,3.1,0.2,0.0
TN-05,house,TN,47161,1141,3453,46,0,4641,-50.31,-64.57,91.2,1.3,1.9,0.7,0.7,0.0
TN-05,house,TN,47167,1856,5989,79,0,7925,-52.68,-65.66,75.3,17.4,2.2,0.7,0.3,0.1
TN-05,house,TN,47183,2544,6750,94,0,9388,-45.25,-58.92,86.0,7.8,2.2,0.6,0.2,0.0
TN-05,house,TN,47187,22283,33118,559,0,55961,-19.56,-32.94,82.9,4.0,4.9,4.8,0.2,0.0
TN-06,house,TN,47013,1033,4133,109,0,5276,-60.0,-69.27,95.0,0.3,1.0,0.2,0.2,0.0
TN-06,house,TN,47027,571,2008,54,0,2633,-55.73,-67.09,95.3,1.1,1.4,0.1,0.3,0.0
TN-06,house,TN,47035,5863,17888,502,0,24252,-50.63,-59.32,93.2,0.4,2.4,0.6,0.2,0.0
TN-06,house,TN,47037,55591,20876,1619,0,78086,45.4,35.89,58.1,22.7,11.4,3.9,0.2,0.0
TN-06,house,TN,47041,1504,4938,136,0,6578,-53.3,-63.33,89.0,1.2,5.7,0.4,0.3,0.0
TN-06,house,TN,47049,1121,5581,141,0,6843,-66.54,-76.32,95.4,0.1,1.3,0.2,0.2,0.0
TN-06,house,TN,47087,926,2965,82,0,3974,-52.39,-63.03,93.8,0.3,1.7,0.1,0.3,0.0
TN-06,house,TN,47129,1015,4855,124,0,5995,-65.41,-75.14,89.9,5.7,1.1,0.2,0.3,0.0
TN-06,house,TN,47133,1732,5858,160,0,7750,-54.37,-64.8,95.0,0.3,1.2,0.3,0.3,0.0
TN-06,house,TN,47137,434,1591,43,0,2068,-57.14,-66.73,96.7,0.2,1.2,0.3,0.2,0.0
TN-06,house,TN,47141,7325,16622,506,0,24454,-38.82,-47.95,85.9,2.9,6.0,1.4,0.2,0.0
TN-06,house,TN,47143,13,64,2,0,78,-66.27,-76.36,88.7,1.9,4.9,0.6,0.3,0.0
TN-06,house,TN,47151,960,5629,139,0,6728,-70.87,-80.27,96.4,0.1,0.6,0.3,0.2,0.0
TN-06,house,TN,47159,1437,4965,135,0,6537,-55.11,-65.51,91.9,1.9,1.9,0.4,0.3,0.0
TN-06,house,TN,47165,2146,4027,130,0,6303,-30.48,-37.9,81.6,7.4,5.5,1.5,0.3,0.1
TN-06,house,TN,47185,1878,6989,187,0,9054,-57.63,-67.17,91.7,1.5,2.4,0.5,0.3,0.0
TN-06,house,TN,47189,18853,36831,1177,0,56860,-32.29,-40.57,82.7,6.7,4.7,2.0,0.3,0.0
TN-07,house,TN,47021,4393,9833,314,0,14540,-38.24,-46.56,89.8,1.9,3.6,0.4,0.3,0.1
TN-07,house,TN,47037,48381,26487,1654,0,76522,29.24,20.88,58.1,22.7,11.4,3.9,0.2,0.0
TN-07,house,TN,47043,4903,12385,382,0,17670,-43.28,-52.53,88.1,3.6,4.0,0.6,0.3,0.0
TN-07,house,TN,47111,1204,5885,156,0,7246,-66.02,-75.05,90.7,0.5,5.3,0.2,0.3,0.0
TN-07,house,TN,47125,19897,26447,1023,0,47368,-14.13,-22.99,62.6,19.6,9.0,2.5,0.4,0.4
TN-07,house,TN,47147,6928,17128,531,0,24587,-42.4,-51.41,81.0,6.9,7.6,0.6,0.2,0.0
TN-07,house,TN,47165,20005,40868,1344,0,62217,-34.27,-42.76,81.6,7.4,5.5,1.5,0.3,0.1
TN-07,house,TN,47169,762,2154,64,0,2980,-47.73,-59.38,75.5,18.5,2.7,0.2,0.2,0.0
TN-08,house,TN,47017,1726,6441,150,0,8317,-57.74,-62.09,84.8,8.8,2.2,0.4,0.3,0.0
TN-08,house,TN,47023,994,4214,96,0,5304,-61.84,-65.67,85.4,8.3,2.3,0.4,0.4,0.0
TN-08,house,TN,47033,916,3154,75,0,4144,-55.0,-59.25,75.1,13.6,8.6,0.2,0.1,0.0
TN-08,house,TN,47039,650,3107,69,0,3826,-65.4,-69.75,92.5,2.5,2.5,0.4,0.1,0.1
TN-08,house,TN,47047,1798,3930,106,0,5833,-37.22,-41.81,67.6,25.6,2.7,0.7,0.2,0.1
TN-08,house,TN,47053,3848,11030,274,0,15152,-48.28,-52.44,76.9,17.5,2.3,0.4,0.2,0.0
TN-08,house,TN,47075,2408,2162,84,0,4654,5.38,0.38,44.3,49.4,3.9,0.2,0.2,0.0
TN-08,house,TN,47077,1467,6813,153,0,8433,-64.56,-68.26,87.1,7.1,2.1,0.3,0.2,0.0
TN-08,house,TN,47113,11727,15729,506,0,27963,-14.58,-18.41,57.4,34.5,3.8,1.2,0.2,0.0
TN-08,house,TN,47135,447,2107,47,0,2601,-65.01,-69.81,92.7,2.5,1.3,0.4,0.4,0.0
TN-08,house,TN,47157,62244,63373,2316,0,127933,-0.9,-3.33,37.0,49.9,7.0,3.1,0.2,0.0
TN-08,house,TN,47167,3170,7432,195,0,10797,-40.2,-44.3,75.3,17.4,2.2,0.7,0.3,0.1
TN-09,house,TN,47003,3844,9989,233,0,14066,-44.43,-58.56,76.6,7.3,12.1,0.7,0.3,0.0
TN-09,house,TN,47047,3715,6860,178,0,10752,-29.74,-43.26,67.6,25.6,2.7,0.7,0.2,0.1
TN-09,house,TN,47055,2739,6547,157,0,9442,-41.01,-55.51,83.9,9.7,1.8,0.6,0.4,0.0
TN-09,house,TN,47069,2947,3521,109,0,6577,-8.86,-24.31,56.9,38.5,1.8,0.6,0.2,0.0
TN-09,house,TN,47071,1754,6575,140,0,8469,-57.88,-71.59,91.3,3.1,1.8,0.5,0.3,0.0
TN-09,house,TN,47099,2984,10467,227,0,13678,-55.62,-69.65,92.5,1.5,2.0,0.4,0.2,0.0
TN-09,house,TN,47103,2697,8408,187,0,11293,-51.43,-65.2,86.4,6.0,3.0,0.5,0.3,0.0
TN-09,house,TN,47109,1747,6012,131,0,7890,-54.97,-69.06,89.3,6.0,1.4,0.3,0.2,0.0
TN-09,house,TN,47117,3155,7834,185,0,11175,-42.58,-57.13,84.4,6.0,5.3,0.5,0.3,0.0
TN-09,house,TN,47119,3668,5973,163,0,9803,-23.91,-38.96,78.2,11.0,6.2,0.9,0.3,0.0
TN-09,house,TN,47127,551,1965,42,0,2559,-56.19,-69.91,93.6,1.8,1.0,0.5,0.3,0.0
TN-09,house,TN,47149,5795,6597,209,0,12601,-6.47,-19.78,67.3,15.2,9.6,3.7,0.2,0.1
TN-09,house,TN,47157,48364,7568,945,0,56877,72.94,58.22,37.0,49.9,7.0,3.1,0.2,0.0
TN-09,house,TN,47181,844,3860,79,0,4784,-64.11,-77.52,89.1,6.3,1.9,0.2,0.1,0.0
TN-09,house,TN,47187,17937,26657,753,0,45347,-19.55,-32.96,82.9,4.0,4.9,4.8,0.2,0.0
TX-01,house,TX,48037,6389,12675,0,0,19063,-32.97,-41.93,62.9,23.9,7.4,1.2,0.6,0.1
TX-01,house,TX,48067,2159,7743,0,0,9902,-56.39,-65.87,76.2,15.5,3.8,0.4,0.6,0.0
TX-01,house,TX,48073,3331,11027,0,0,14358,-53.6,-63.18,63.5,13.0,19.7,0.5,0.3,0.0
TX-01,house,TX,48183,10849,21874,0,0,32722,-33.69,-42.6,59.0,19.9,16.0,1.3,0.4,0.0
TX-01,house,TX,48203,6178,14996,0,0,21174,-41.65,-50.92,63.9,19.9,11.6,0.7,0.5,0.1
TX-01,house,TX,48315,945,2356,0,0,3300,-42.76,-52.93,73.2,18.7,3.1,0.4,0.7,0.0
TX-01,house,TX,48347,6274,11569,0,0,17843,-29.68,-39.13,61.7,15.6,17.9,1.2,0.3,0.0
TX-01,house,TX,48365,1683,6326,0,0,8009,-57.96,-66.59,73.8,14.7,7.8,0.5,0.4,0.0
TX-01,house,TX,48401,3719,11480,0,0,15199,-51.06,-59.82,64.0,16.4,15.6,0.4,0.4,0.0
TX-01,house,TX,48403,590,3318,0,0,3908,-69.81,-78.78,85.7,6.7,3.1,0.5,0.5,0.0
TX-01,house,TX,48405,695,1928,0,0,2623,-46.99,-56.58,69.9,21.1,6.3,0.4,0.3,0.0
TX-01,house,TX,48419,1550,5415,0,0,6965,-55.5,-64.85,63.6,15.8,16.4,1.4,0.3,0.1
TX-01,house,TX,48423,23149,49794,0,0,72943,-36.53,-45.5,61.4,16.2,17.0,1.8,0.3,0.0
TX-02,house,TX,48201,62230,63408,0,0,125638,-0.94,-14.16,30.6,18.7,39.9,7.9,0.2,0.1
TX-02,house,TX,48339,44013,66305,0,0,110318,-20.21,-33.36,63.7,5.3,23.3,3.5,0.3,0.1
TX-03,house,TX,48085,99090,110060,0,0,209150,-5.24,-15.89,54.1,9.9,14.3,17.3,0.4,0.1
TX-03,house,TX,48119,380,1481,0,0,1861,-59.16,-70.0,82.4,5.8,6.2,0.6,0.8,0.1
TX-03,house,TX,48159,767,2952,0,0,3719,-58.76,-69.24,79.1,3.4,12.1,0.6,0.5,0.1
TX-03,house,TX,48223,2702,9045,0,0,11747,-53.99,-65.01,74.0,6.5,14.6,0.8,0.6,0.0
TX-03,house,TX,48231,6563,15234,0,0,21797,-39.78,-50.59,69.3,8.0,16.3,1.1,0.8,0.1
TX-03,house,TX,48343,1173,2640,0,0,3812,-38.48,-51.44,67.8,20.6,7.5,0.3,0.6,0.1
TX-03,house,TX,48449,2065,5096,0,0,7161,-42.34,-55.11,48.4,9.8,38.1,0.8,0.4,0.0
TX-04,house,TX,48037,1253,5391,0,0,6644,-62.29,-69.21,62.9,23.9,7.4,1.2,0.6,0.1
TX-04,house,TX,48085,70299,70835,0,0,141134,-0.38,-7.0,54.1,9.9,14.3,17.3,0.4,0.1
TX-04,house,TX,48121,14947,17980,0,0,32927,-9.21,-15.09,56.8,10.4,18.1,10.1,0.4,0.1
TX-04,house,TX,48147,2227,9260,0,0,11487,-61.23,-67.92,77.8,6.7,10.0,0.4,0.9,0.1
TX-04,house,TX,48181,11953,34305,0,0,46258,-48.32,-54.71,74.2,5.4,12.5,1.4,1.3,0.0
TX-04,house,TX,48277,3353,11558,0,0,14911,-55.03,-61.38,73.9,12.3,7.0,1.0,1.4,0.0
TX-04,house,TX,48387,919,3142,0,0,4060,-54.75,-61.87,75.3,15.0,5.1,0.5,0.8,0.0
TX-05,house,TX,48001,3230,10348,0,0,13578,-52.42,-62.2,58.4,20.7,17.6,0.7,0.3,0.0
TX-05,house,TX,48113,57821,38662,0,0,96483,19.86,9.92,31.6,21.6,36.6,7.2,0.3,0.0
TX-05,house,TX,48213,6192,20853,0,0,27045,-54.21,-63.87,78.3,5.6,11.1,0.6,0.5,0.0
TX-05,house,TX,48257,19028,29660,0,0,48688,-21.84,-28.11,58.8,14.1,21.4,1.5,0.5,0.1
TX-05,house,TX,48467,3360,16226,0,0,19586,-65.69,-75.18,83.2,2.5,9.7,0.5,0.6,0.1
TX-06,house,TX,48113,19869,14159,0,0,34028,16.78,6.48,31.6,21.6,36.6,7.2,0.3,0.0
TX-06,house,TX,48139,25847,43940,0,0,69787,-25.93,-31.35,59.2,12.1,23.8,0.8,0.4,0.1
TX-06,house,TX,48251,8835,21425,0,0,30260,-41.6,-47.25,69.9,3.6,20.5,1.0,0.5,0.4
TX-06,house,TX,48349,3907,9987,0,0,13894,-43.76,-52.18,56.2,12.2,25.9,0.8,0.3,1.2
TX-06,house,TX,48439,32233,36676,0,0,68909,-6.45,-12.74,46.9,16.4,26.3,6.3,0.4,0.2
TX-07,house,TX,48157,29496,13773,1288,0,44557,36.34,15.48,31.4,20.4,22.7,22.5,0.1,0.0
TX-07,house,TX,48201,93727,35740,3853,0,133320,44.79,26.84,30.6,18.7,39.9,7.9,0.2,0.1
TX-08,house,TX,48201,53163,32475,0,0,85638,24.16,9.74,30.6,18.7,39.9,7.9,0.2,0.1
TX-08,house,TX,48339,27282,77334,0,0,104616,-47.84,-59.05,63.7,5.3,23.3,3.5,0.3,0.1
TX-08,house,TX,48471,2566,3775,0,0,6342,-19.06,-32.95,53.4,21.5,20.7,1.5,0.3,0.1
TX-08,house,TX,48473,8224,11012,0,0,19235,-14.49,-25.29,43.3,24.2,28.0,1.4,0.4,0.0
TX-09,house,TX,48201,60150,56942,0,0,117091,2.74,-12.11,30.6,18.7,39.9,7.9,0.2,0.1
TX-09,house,TX,48291,5487,16437,0,0,21925,-49.95,-61.84,58.8,8.4,28.9,0.5,0.4,0.0
TX-10,house,TX,48021,153,195,0,0,348,-11.9,-18.93,52.4,6.0,37.1,0.8,0.4,0.1
TX-10,house,TX,48041,28299,36201,0,0,64501,-12.25,-25.22,55.9,9.4,24.3,6.8,0.2,0.1
TX-10,house,TX,48051,1620,4953,0,0,6574,-50.71,-63.34,67.6,10.2,18.0,0.4,0.4,0.0
TX-10,house,TX,48185,2577,7286,0,0,9862,-47.75,-60.75,61.1,13.5,21.7,0.4,0.3,0.0
TX-10,house,TX,48225,1865,4714,0,0,6578,-43.31,-55.65,61.0,23.2,12.3,0.5,0.4,0.0
TX-10,house,TX,48287,1522,4393,0,0,5915,-48.53,-60.78,65.5,9.5,21.3,0.3,0.3,0.0
TX-10,house,TX,48289,1102,5260,0,0,6362,-65.36,-77.08,77.2,6.2,12.5,0.6,0.4,0.0
TX-10,house,TX,48313,925,2928,0,0,3853,-51.98,-64.7,53.3,19.9,23.7,0.7,0.3,0.0
TX-10,house,TX,48373,4502,12548,0,0,17050,-47.19,-59.3,71.6,10.0,12.9,0.7,1.6,0.0
TX-10,house,TX,48407,2085,6893,0,0,8978,-53.55,-65.75,73.3,7.9,14.4,0.3,0.5,0.0
TX-10,house,TX,48453,61291,39719,0,0,101010,21.36,9.23,50.8,7.5,29.7,7.9,0.2,0.1
TX-10,house,TX,48455,1169,3995,0,0,5164,-54.72,-67.4,80.3,7.8,7.6,0.3,0.3,0.0
TX-10,house,TX,48471,3847,7442,0,0,11289,-31.84,-44.39,53.4,21.5,20.7,1.5,0.3,0.1
TX-11,house,TX,48049,2032,9746,0,0,11778,-65.49,-74.51,73.5,3.5,18.5,0.7,0.4,0.1
TX-11,house,TX,48053,1052,2467,0,0,3520,-40.19,-48.75,75.1,1.2,18.9,0.9,0.4,0.0
TX-11,house,TX,48081,183,1085,0,0,1268,-71.11,-80.13,77.3,0.3,17.9,0.0,0.6,0.2
TX-11,house,TX,48083,436,2475,0,0,2911,-70.04,-79.32,81.0,1.8,13.2,0.4,0.5,0.0
TX-11,house,TX,48095,150,687,0,0,837,-64.14,-74.31,66.1,2.3,28.6,0.7,0.3,0.0
TX-11,house,TX,48135,8558,21303,0,0,29861,-42.68,-53.27,34.3,4.6,57.1,1.5,0.4,0.2
TX-11,house,TX,48173,48,416,0,0,464,-79.4,-88.5,66.8,0.9,31.6,0.0,0.0,0.4
TX-11,house,TX,48235,102,505,0,0,607,-66.31,-75.75,74.5,0.3,22.1,0.0,0.7,0.1
TX-11,house,TX,48267,264,1417,0,0,1681,-68.64,-78.13,76.3,0.2,19.8,0.9,0.4,0.1
TX-11,house,TX,48299,2261,7262,0,0,9523,-52.51,-61.33,85.3,0.4,9.3,0.6,0.5,0.0
TX-11,house,TX,48307,441,2014,0,0,2455,-64.05,-73.91,68.1,1.2,27.5,0.5,0.1,0.0
TX-11,house,TX,48319,389,1378,0,0,1767,-55.97,-65.42,77.5,0.1,19.7,0.0,0.0,0.0
TX-11,house,TX,48327,157,570,0,0,727,-56.83,-67.02,65.1,0.7,31.3,0.3,0.4,0.1
TX-11,house,TX,48329,10044,31158,0,0,41201,-51.25,-61.06,48.3,6.3,40.0,2.2,0.4,0.1
TX-11,house,TX,48399,454,2381,0,0,2835,-67.96,-77.58,65.1,1.5,29.9,0.3,0.4,0.1
TX-11,house,TX,48411,286,1610,0,0,1895,-69.87,-79.46,68.5,2.3,26.3,0.3,0.5,0.0
TX-11,house,TX,48431,52,387,0,0,440,-76.2,-86.26,66.4,0.3,30.4,0.1,0.2,0.2
TX-11,house,TX,48451,9664,22089,0,0,31753,-39.13,-48.49,55.6,3.5,35.6,1.5,0.3,0.1
TX-11,house,TX,48453,33928,16515,0,0,50444,34.52,25.54,50.8,7.5,29.7,7.9,0.2,0.1
TX-11,house,TX,48491,6346,2712,0,0,9057,40.12,31.41,59.0,6.3,21.7,8.5,0.3,0.1
TX-12,house,TX,48367,9543,38303,0,0,47846,-60.11,-67.29,82.1,1.1,11.2,0.7,0.6,0.1
TX-12,house,TX,48439,82403,89694,0,0,172097,-4.24,-12.14,46.9,16.4,26.3,6.3,0.4,0.2
TX-13,house,TX,48009,504,3088,0,0,3592,-71.93,-79.66,87.9,0.4,7.2,0.3,0.8,0.0
TX-13,house,TX,48011,86,694,0,0,780,-78.01,-86.08,88.2,0.4,6.0,0.6,1.2,0.0
TX-13,house,TX,48023,179,992,0,0,1170,-69.49,-77.85,83.9,1.6,10.4,0.2,0.4,0.0
TX-13,house,TX,48045,74,447,0,0,521,-71.54,-80.49,72.9,1.2,23.3,0.0,0.4,0.0
TX-13,house,TX,48065,296,1928,0,0,2224,-73.42,-81.62,84.8,0.4,8.7,0.4,0.8,0.0
TX-13,house,TX,48075,257,1335,0,0,1592,-67.73,-76.66,58.6,9.8,27.5,0.8,0.4,0.0
TX-13,house,TX,48077,589,3553,0,0,4142,-71.55,-80.11,89.0,0.3,4.8,0.6,0.8,0.0
TX-13,house,TX,48087,132,709,0,0,841,-68.6,-77.52,65.8,4.4,26.2,0.4,0.9,0.1
TX-13,house,TX,48101,85,375,0,0,460,-63.14,-72.78,69.6,6.3,20.6,0.0,0.2,0.1
TX-13,house,TX,48111,155,858,0,0,1013,-69.43,-78.84,47.3,1.2,48.7,0.2,0.7,0.1
TX-13,house,TX,48117,870,2128,0,0,2999,-41.94,-52.07,26.8,0.6,70.7,0.2,0.3,0.0
TX-13,house,TX,48121,26949,19951,0,0,46900,14.92,7.06,56.8,10.4,18.1,10.1,0.4,0.1
TX-13,house,TX,48125,129,566,0,0,695,-62.98,-70.51,70.8,1.1,24.8,0.1,0.0,0.0
TX-13,house,TX,48129,179,1019,0,0,1198,-70.15,-79.36,80.6,4.7,9.0,0.4,1.0,0.0
TX-13,house,TX,48155,83,299,0,0,381,-56.57,-65.93,80.9,1.2,15.1,0.0,0.0,0.1
TX-13,house,TX,48179,800,4506,0,0,5306,-69.83,-77.57,65.5,4.5,25.4,0.7,0.7,0.0
TX-13,house,TX,48191,141,664,0,0,805,-64.93,-73.88,62.7,6.4,28.1,0.2,0.3,0.0
TX-13,house,TX,48195,164,1236,0,0,1399,-76.63,-85.31,53.5,0.3,43.9,0.2,0.4,0.1
TX-13,house,TX,48197,178,805,0,0,983,-63.8,-73.1,72.9,3.9,18.8,0.6,0.5,0.0
TX-13,house,TX,48205,176,1235,0,0,1411,-75.03,-83.75,64.0,4.4,28.9,0.5,0.2,0.0
TX-13,house,TX,48211,180,950,0,0,1130,-68.19,-76.28,67.7,0.0,28.7,0.2,0.4,0.0
TX-13,house,TX,48233,876,4894,0,0,5770,-69.63,-77.69,70.8,2.1,20.4,0.5,1.5,0.0
TX-13,house,TX,48269,8,86,0,0,95,-82.95,-91.11,87.3,0.0,10.6,0.0,0.0,2.1
TX-13,house,TX,48275,196,767,0,0,963,-59.27,-68.76,63.1,4.6,28.1,0.3,0.3,0.0
TX-13,house,TX,48295,123,758,0,0,881,-72.11,-80.29,63.4,0.2,32.0,0.1,0.6,0.0
TX-13,house,TX,48337,1168,6600,0,0,7767,-69.94,-78.1,84.5,0.2,9.5,0.5,0.8,0.0
TX-13,house,TX,48341,796,2954,0,0,3750,-57.56,-67.66,34.4,3.3,55.5,3.9,0.5,0.0
TX-13,house,TX,48345,45,410,0,0,455,-80.29,-89.18,83.8,0.7,10.8,0.0,0.0,0.0
TX-13,house,TX,48357,278,1829,0,0,2107,-73.59,-82.02,47.0,0.2,49.9,0.3,0.4,0.0
TX-13,house,TX,48359,81,601,0,0,682,-76.32,-84.73,79.9,0.5,15.1,0.7,0.3,0.0
TX-13,house,TX,48375,7213,15259,0,0,22472,-35.81,-44.9,47.1,9.8,34.4,4.7,0.6,0.0
TX-13,house,TX,48381,10962,35854,0,0,46816,-53.17,-60.95,71.6,3.1,19.3,1.9,0.6,0.0
TX-13,house,TX,48393,30,370,0,0,400,-84.93,-92.95,88.8,0.3,4.6,0.0,0.3,0.0
TX-13,house,TX,48421,78,551,0,0,629,-75.2,-84.22,53.7,0.3,42.6,0.1,0.3,0.0
TX-13,house,TX,48437,4,24,0,0,28,-70.74,-79.49,50.0,6.4,40.9,0.2,0.3,0.0
TX-13,house,TX,48483,184,1408,0,0,1592,-76.87,-85.06,75.1,1.4,19.6,0.6,0.7,0.1
TX-13,house,TX,48485,9894,21260,0,0,31154,-36.48,-44.45,64.9,10.3,17.4,2.1,0.8,0.1
TX-13,house,TX,48487,746,2380,0,0,3126,-52.26,-61.14,59.4,8.5,24.9,3.8,0.8,0.0
TX-13,house,TX,48497,720,3785,0,0,4505,-68.05,-76.48,76.8,1.0,17.0,0.6,0.7,0.0
TX-14,house,TX,48039,20156,21765,0,0,41922,-3.84,-8.84,46.9,14.5,28.2,7.0,0.3,0.0
TX-14,house,TX,48157,14548,10276,0,0,24825,17.21,10.82,31.4,20.4,22.7,22.5,0.1,0.0
TX-14,house,TX,48167,44436,66779,0,0,111215,-20.09,-27.74,58.0,12.1,22.5,3.6,0.3,0.1
TX-14,house,TX,48245,12788,18580,0,0,31367,-18.46,-27.51,41.0,32.1,20.3,4.0,0.3,0.0
TX-14,house,TX,48361,5137,20314,0,0,25451,-59.63,-67.1,78.9,8.8,7.3,1.3,0.4,0.0
TX-15,house,TX,48007,2175,4971,0,0,7146,-39.12,-56.07,70.3,0.9,22.2,2.0,0.6,0.1
TX-15,house,TX,48025,2443,3719,0,0,6162,-20.72,-40.21,29.4,8.7,59.6,0.7,0.2,0.0
TX-15,house,TX,48047,1096,587,0,0,1684,30.26,9.69,12.1,0.2,86.2,0.5,0.2,0.0
TX-15,house,TX,48123,1353,4133,0,0,5486,-50.68,-67.37,58.2,8.0,31.3,0.4,0.2,0.0
TX-15,house,TX,48175,798,1999,0,0,2797,-42.94,-60.67,63.7,3.4,29.7,0.4,0.3,0.0
TX-15,house,TX,48177,1689,3740,0,0,5430,-37.78,-55.14,46.8,5.8,44.8,0.3,0.3,0.0
TX-15,house,TX,48215,60708,40456,0,0,101165,20.02,-2.73,7.4,0.4,90.4,1.1,0.1,0.0
TX-15,house,TX,48249,4796,4505,0,0,9300,3.13,-15.58,19.9,0.5,77.2,0.4,0.2,0.0
TX-15,house,TX,48285,1477,5882,0,0,7360,-59.85,-76.36,75.7,5.5,16.1,0.3,0.1,0.0
TX-15,house,TX,48391,724,1171,0,0,1896,-23.58,-41.3,45.7,6.0,46.0,0.4,0.2,0.0
TX-15,house,TX,48409,4982,6104,0,0,11086,-10.12,-29.18,42.3,1.5,52.0,1.3,0.3,0.1
TX-16,house,TX,48141,111735,49103,0,0,160838,38.94,16.64,12.6,2.9,81.3,1.4,0.3,0.2
TX-17,house,TX,48027,3294,5704,0,0,8998,-26.79,-34.68,46.3,21.3,22.5,3.3,0.4,0.9
TX-17,house,TX,48035,1308,5411,0,0,6719,-61.07,-67.89,78.8,1.4,14.9,0.4,0.4,0.0
TX-17,house,TX,48145,1392,3005,0,0,4398,-36.68,-45.03,54.4,21.6,20.8,0.3,0.4,0.1
TX-17,house,TX,48161,1296,5052,0,0,6347,-59.17,-66.7,68.2,14.9,13.6,0.3,0.4,0.0
TX-17,house,TX,48217,2486,9224,0,0,11709,-57.54,-64.81,71.6,5.6,18.2,0.5,0.5,0.1
TX-17,house,TX,48251,1252,4729,0,0,5981,-58.14,-64.48,69.9,3.6,20.5,1.0,0.5,0.4
TX-17,house,TX,48293,1605,4767,0,0,6372,-49.61,-57.32,61.1,16.6,18.5,0.8,0.3,0.0
TX-17,house,TX,48309,26714,43097,0,0,69811,-23.47,-31.22,57.8,13.3,23.0,2.1,0.4,0.1
TX-17,house,TX,48331,1943,5834,0,0,7777,-50.03,-57.7,66.6,8.5,21.2,0.5,0.3,0.1
TX-17,house,TX,48395,1634,4092,0,0,5726,-42.94,-52.46,60.3,18.0,18.1,0.6,0.2,0.1
TX-17,house,TX,48491,52898,37806,0,0,90703,16.64,10.59,59.0,6.3,21.7,8.5,0.3,0.1
TX-18,house,TX,48157,33560,6847,0,0,40407,66.11,48.15,31.4,20.4,22.7,22.5,0.1,0.0
TX-18,house,TX,48201,114280,15758,0,0,130038,75.76,58.04,30.6,18.7,39.9,7.9,0.2,0.1
TX-19,house,TX,48003,818,3424,0,0,4242,-61.45,-73.18,43.5,1.2,52.0,0.6,0.5,0.0
TX-19,house,TX,48017,309,909,0,0,1218,-49.31,-61.55,36.8,0.7,60.9,0.2,0.2,0.0
TX-19,house,TX,48033,26,244,0,0,271,-80.47,-91.71,87.9,0.0,11.3,0.0,0.0,0.0
TX-19,house,TX,48059,98,454,0,0,552,-64.54,-74.84,86.2,0.8,8.1,0.4,0.5,0.1
TX-19,house,TX,48069,381,1035,0,0,1416,-46.22,-58.45,35.4,1.5,60.9,0.4,0.5,0.1
TX-19,house,TX,48079,142,483,0,0,625,-54.63,-66.48,39.0,3.1,56.1,0.0,0.1,0.0
TX-19,house,TX,48107,400,916,0,0,1316,-39.26,-51.69,46.2,2.4,49.1,0.3,0.1,0.0
TX-19,house,TX,48115,622,1837,0,0,2459,-49.43,-61.63,39.7,8.4,50.1,0.5,0.2,0.0
TX-19,house,TX,48151,311,973,0,0,1284,-51.63,-63.68,70.2,2.5,24.1,0.5,0.5,0.1
TX-19,house,TX,48153,348,1115,0,0,1463,-52.43,-65.46,44.2,2.3,51.5,0.2,0.1,0.0
TX-19,house,TX,48165,645,3847,0,0,4492,-71.29,-83.13,57.6,1.2,39.2,0.4,0.2,0.0
TX-19,house,TX,48169,214,908,0,0,1122,-61.91,-73.16,37.5,3.9,56.4,0.4,0.3,0.0
TX-19,house,TX,48189,1752,4748,0,0,6500,-46.11,-58.57,37.0,4.7,55.4,0.5,0.4,0.1
TX-19,house,TX,48207,314,1256,0,0,1570,-59.94,-71.98,69.4,3.7,23.0,0.4,0.5,0.1
TX-19,house,TX,48219,1253,4339,0,0,5591,-55.19,-66.67,49.9,2.8,44.5,0.3,0.4,0.0
TX-19,house,TX,48227,1639,5116,0,0,6756,-51.47,-63.26,47.1,4.2,44.6,1.1,0.7,0.0
TX-19,house,TX,48253,928,3944,0,0,4872,-61.91,-73.69,59.0,11.6,26.6,0.5,0.3,0.0
TX-19,house,TX,48263,52,260,0,0,312,-66.56,-77.27,87.5,0.3,10.4,0.0,0.5,0.0
TX-19,house,TX,48279,681,2225,0,0,2906,-53.12,-64.67,42.7,3.1,52.6,0.0,0.1,0.1
TX-19,house,TX,48303,31500,56030,0,0,87530,-28.02,-39.94,53.4,8.3,31.6,3.4,0.5,0.1
TX-19,house,TX,48305,378,1419,0,0,1796,-57.96,-71.08,54.9,2.0,40.2,0.2,0.3,0.1
TX-19,house,TX,48317,260,1201,0,0,1460,-64.44,-76.16,55.9,1.4,40.5,0.2,0.4,0.0
TX-19,house,TX,48335,349,1410,0,0,1759,-60.28,-71.79,49.4,11.8,36.3,0.6,0.5,0.0
TX-19,house,TX,48353,931,2655,0,0,3586,-48.1,-59.75,59.8,4.0,32.3,0.7,0.4,0.0
TX-19,house,TX,48369,371,1382,0,0,1753,-57.63,-70.45,36.2,0.7,62.0,0.2,0.2,0.0
TX-19,house,TX,48415,745,3267,0,0,4012,-62.87,-74.15,55.4,4.1,37.4,0.5,0.4,0.0
TX-19,house,TX,48417,165,1044,0,0,1210,-72.67,-82.93,86.8,0.3,9.7,0.5,0.2,0.0
TX-19,house,TX,48433,105,394,0,0,499,-58.06,-69.62,81.0,1.2,14.1,0.5,0.3,0.0
TX-19,house,TX,48437,377,1183,0,0,1560,-51.66,-63.79,50.0,6.4,40.9,0.2,0.3,0.0
TX-19,house,TX,48441,11805,26989,0,0,38794,-39.14,-50.3,65.0,7.4,21.1,2.1,0.5,0.1
TX-19,house,TX,48445,569,1829,0,0,2398,-52.51,-65.49,41.9,4.0,51.9,0.4,0.3,0.0
TX-19,house,TX,48447,87,543,0,0,630,-72.3,-83.71,88.9,0.0,8.2,0.3,0.3,0.0
TX-19,house,TX,48501,342,1336,0,0,1678,-59.25,-71.27,36.1,0.7,60.8,0.5,0.3,0.0
TX-20,house,TX,48029,120576,38483,0,0,159059,51.61,28.88,29.5,7.5,56.5,3.4,0.2,0.1
TX-21,house,TX,48019,2366,7159,0,0,9526,-50.32,-62.41,77.2,0.5,17.0,0.5,0.5,0.0
TX-21,house,TX,48029,64594,44272,0,0,108866,18.67,6.63,29.5,7.5,56.5,3.4,0.2,0.1
TX-21,house,TX,48031,1782,4203,0,0,5985,-40.45,-53.14,79.2,0.7,16.1,0.3,0.2,0.0
TX-21,house,TX,48091,23892,48584,0,0,72476,-34.07,-45.96,68.5,2.3,23.9,1.2,0.3,0.1
TX-21,house,TX,48171,2925,8626,0,0,11551,-49.36,-61.37,78.2,0.3,18.0,0.5,0.3,0.0
TX-21,house,TX,48209,23570,16732,0,0,40302,16.97,4.23,53.3,4.0,35.3,2.2,0.3,0.1
TX-21,house,TX,48259,5707,14811,0,0,20518,-44.37,-56.21,75.1,0.7,19.7,0.8,0.3,0.1
TX-21,house,TX,48265,5649,14080,0,0,19729,-42.73,-54.78,72.0,1.3,22.1,1.0,0.3,0.1
TX-21,house,TX,48385,304,1068,0,0,1373,-55.65,-67.53,74.8,0.5,21.1,0.4,0.4,0.0
TX-22,house,TX,48039,13618,30404,0,0,44022,-38.13,-50.21,46.9,14.5,28.2,7.0,0.3,0.0
TX-22,house,TX,48157,68637,76320,0,0,144958,-5.3,-17.28,31.4,20.4,22.7,22.5,0.1,0.0
TX-22,house,TX,48201,22751,23338,0,0,46089,-1.27,-12.87,30.6,18.7,39.9,7.9,0.2,0.1
TX-23,house,TX,48029,70763,61987,2516,0,135266,6.61,-6.32,29.5,7.5,56.5,3.4,0.2,0.1
TX-23,house,TX,48043,1604,1534,59,0,3198,2.24,-12.76,55.0,1.8,38.0,1.0,0.3,0.1
TX-23,house,TX,48103,201,752,18,0,971,-57.83,-73.06,33.7,1.6,62.3,0.6,0.4,0.0
TX-23,house,TX,48105,288,686,18,0,992,-40.85,-54.18,37.7,0.6,59.1,0.3,0.3,0.0
TX-23,house,TX,48109,274,261,10,0,546,2.35,-17.14,23.0,1.2,72.7,1.0,0.5,0.0
TX-23,house,TX,48137,147,542,13,0,702,-57.25,-73.45,50.0,0.2,46.3,0.5,0.4,0.1
TX-23,house,TX,48141,9487,5860,291,0,15638,23.63,1.79,12.6,2.9,81.3,1.4,0.3,0.2
TX-23,house,TX,48163,1593,1792,64,0,3450,-5.88,-24.69,18.3,4.7,74.5,1.3,0.2,0.0
TX-23,house,TX,48229,248,459,13,0,720,-29.83,-46.61,38.7,0.1,59.1,0.4,0.2,0.0
TX-23,house,TX,48243,365,437,15,0,817,-8.98,-21.67,68.0,0.0,27.1,0.8,0.4,0.0
TX-23,house,TX,48271,314,661,18,0,993,-35.51,-50.96,51.7,1.4,42.6,0.4,0.8,0.1
TX-23,house,TX,48301,11,56,1,0,68,-68.25,-79.17,90.0,0.0,0.0,0.0,2.5,0.0
TX-23,house,TX,48323,4619,4176,167,0,8961,5.04,-18.67,3.0,0.3,94.8,0.4,1.3,0.0
TX-23,house,TX,48325,5940,10937,320,0,17197,-29.61,-43.07,47.0,2.9,47.0,0.5,0.3,0.1
TX-23,house,TX,48371,1020,1882,55,0,2957,-29.73,-45.34,25.7,4.2,67.7,0.9,0.2,0.0
TX-23,house,TX,48377,994,371,26,0,1391,45.6,30.5,18.3,0.3,78.9,1.3,0.3,0.0
TX-23,house,TX,48383,142,508,12,0,663,-56.29,-70.03,32.7,1.3,63.0,0.7,0.2,0.0
TX-23,house,TX,48389,963,1400,45,0,2407,-18.51,-37.24,12.4,1.6,83.8,1.2,0.2,0.0
TX-23,house,TX,48413,185,575,14,0,774,-51.36,-65.03,49.9,0.8,46.8,0.4,0.2,0.0
TX-23,house,TX,48435,231,729,18,0,979,-51.84,-67.31,39.7,0.2,58.5,0.2,0.2,0.0
TX-23,house,TX,48443,84,193,5,0,283,-39.23,-55.06,50.5,1.3,45.1,0.0,0.0,0.0
TX-23,house,TX,48461,168,725,17,0,910,-62.38,-77.45,43.6,2.1,50.1,0.2,0.3,0.0
TX-23,house,TX,48463,2790,3909,127,0,6826,-16.7,-33.65,30.1,0.5,67.2,0.7,0.1,0.0
TX-23,house,TX,48465,4592,5425,190,0,10207,-8.32,-26.86,19.1,1.3,77.5,0.8,0.1,0.1
TX-23,house,TX,48475,623,1958,49,0,2630,-51.7,-66.49,41.9,3.6,51.5,0.5,0.3,0.0
TX-23,house,TX,48495,294,1031,25,0,1350,-55.64,-70.66,38.4,2.0,57.0,1.0,0.4,0.0
TX-23,house,TX,48507,1600,792,45,0,2438,33.77,14.55,6.4,0.7,92.2,0.3,0.2,0.0
TX-24,house,TX,48113,41916,40469,0,0,82385,1.76,-4.81,31.6,21.6,36.6,7.2,0.3,0.0
TX-24,house,TX,48439,75190,103570,0,0,178760,-15.88,-21.56,46.9,16.4,26.3,6.3,0.4,0.2
TX-25,house,TX,48059,725,3613,0,0,4337,-66.58,-78.48,86.2,0.8,8.1,0.4,0.5,0.1
TX-25,house,TX,48093,880,3698,0,0,4578,-61.57,-74.39,72.7,0.2,23.7,0.3,0.4,0.0
TX-25,house,TX,48133,1004,4843,0,0,5846,-65.67,-78.05,79.8,2.1,14.0,0.5,0.5,0.1
TX-25,house,TX,48143,2841,10029,0,0,12870,-55.85,-68.49,73.4,3.2,18.7,0.8,0.5,0.0
TX-25,house,TX,48221,5817,19732,0,0,25549,-54.46,-66.59,83.9,0.7,10.4,0.7,0.6,0.1
TX-25,house,TX,48237,434,2505,0,0,2939,-70.48,-82.64,77.2,4.2,15.5,0.4,0.5,0.0
TX-25,house,TX,48251,5755,14613,0,0,20368,-43.49,-55.06,69.9,3.6,20.5,1.0,0.5,0.4
TX-25,house,TX,48363,2097,7231,0,0,9328,-55.04,-67.62,76.5,1.9,16.7,0.8,0.6,0.0
TX-25,house,TX,48367,3591,12161,0,0,15752,-54.4,-65.99,82.1,1.1,11.2,0.7,0.6,0.1
TX-25,house,TX,48425,763,2950,0,0,3714,-58.88,-71.36,79.5,0.3,15.3,0.5,0.6,0.0
TX-25,house,TX,48429,429,2206,0,0,2635,-67.46,-79.53,72.5,3.0,20.5,0.6,0.4,0.0
TX-25,house,TX,48439,70373,32345,0,0,102718,37.02,23.66,46.9,16.4,26.3,6.3,0.4,0.2
TX-25,house,TX,48503,1036,4780,0,0,5816,-64.37,-76.71,78.8,1.0,16.1,0.5,0.5,0.0
TX-26,house,TX,48097,2571,11466,283,0,14320,-63.37,-67.37,75.5,2.7,16.3,0.8,0.8,0.0
TX-26,house,TX,48121,100134,129817,4645,0,234597,-12.91,-17.19,56.8,10.4,18.1,10.1,0.4,0.1
TX-26,house,TX,48497,3798,18037,441,0,22276,-65.21,-69.28,76.8,1.0,17.0,0.6,0.7,0.0
TX-27,house,TX,48007,525,1458,0,0,1983,-47.03,-56.56,70.3,0.9,22.2,2.0,0.6,0.1
TX-27,house,TX,48015,2517,8257,0,0,10774,-53.28,-63.12,65.3,7.7,23.1,0.7,0.3,0.0
TX-27,house,TX,48021,12530,15008,0,0,27538,-9.0,-18.61,52.4,6.0,37.1,0.8,0.4,0.1
TX-27,house,TX,48055,5229,5763,0,0,10993,-4.86,-14.6,41.0,5.4,50.2,0.5,0.3,0.0
TX-27,house,TX,48057,1616,3863,0,0,5480,-41.01,-52.44,45.6,2.0,45.0,5.3,0.2,0.0
TX-27,house,TX,48089,1853,5144,0,0,6997,-47.04,-57.55,61.7,10.7,25.0,0.4,0.1,0.0
TX-27,house,TX,48149,2229,7108,0,0,9337,-52.26,-61.93,74.3,5.2,17.6,0.3,0.2,0.0
TX-27,house,TX,48209,27640,20023,0,0,47663,15.98,6.98,53.3,4.0,35.3,2.2,0.3,0.1
TX-27,house,TX,48239,859,3544,0,0,4404,-60.97,-71.14,60.8,6.0,28.9,1.0,0.3,0.0
TX-27,house,TX,48321,2780,6522,0,0,9302,-40.23,-51.0,46.9,10.1,38.2,2.2,0.3,0.0
TX-27,house,TX,48355,5943,3240,0,0,9183,29.44,16.21,32.9,3.8,58.4,2.3,0.3,0.1
TX-27,house,TX,48391,108,151,0,0,259,-16.9,-28.8,45.7,6.0,46.0,0.4,0.2,0.0
TX-27,house,TX,48409,2053,4771,0,0,6823,-39.83,-48.94,42.3,1.5,52.0,1.3,0.3,0.1
TX-27,house,TX,48453,19333,7925,0,0,27258,41.85,33.29,50.8,7.5,29.7,7.9,0.2,0.1
TX-27,house,TX,48469,8262,16408,0,0,24670,-33.02,-42.88,47.0,5.9,43.1,1.6,0.2,0.0
TX-27,house,TX,48477,3500,9265,0,0,12765,-45.16,-55.11,65.5,15.4,14.6,1.5,0.2,0.0
TX-27,house,TX,48481,3404,8107,0,0,11510,-40.86,-52.17,47.9,13.3,36.5,0.4,0.2,0.0
TX-28,house,TX,48013,4986,7264,679,0,12929,-18.6,-43.67,35.9,0.7,60.5,0.4,0.3,0.0
TX-28,house,TX,48127,1489,771,125,0,2385,31.75,3.0,11.8,0.9,85.4,0.9,0.1,0.1
TX-28,house,TX,48131,1741,1208,163,0,3113,18.07,-9.98,10.9,1.9,79.4,0.5,0.2,0.0
TX-28,house,TX,48215,30443,17936,2681,0,51060,25.85,-3.24,7.4,0.4,90.4,1.1,0.1,0.0
TX-28,house,TX,48247,716,336,58,0,1110,36.15,8.29,9.5,0.1,87.5,0.5,0.3,0.0
TX-28,house,TX,48283,829,737,87,0,1652,5.86,-20.6,25.3,4.1,69.6,0.1,0.1,0.0
TX-28,house,TX,48297,900,2478,187,0,3566,-46.7,-69.97,54.2,2.1,40.4,0.4,0.4,0.0
TX-28,house,TX,48311,63,261,18,0,341,-61.31,-84.74,59.1,0.2,37.2,0.6,0.2,0.2
TX-28,house,TX,48323,1103,831,107,0,2041,14.07,-18.26,3.0,0.3,94.8,0.4,1.3,0.0
TX-28,house,TX,48427,6311,4582,604,0,11496,15.87,-16.06,1.8,0.1,97.7,0.2,0.0,0.0
TX-28,house,TX,48479,28216,15560,2426,0,46202,28.91,-2.14,3.9,0.4,94.8,0.6,0.1,0.0
TX-28,house,TX,48505,1730,1501,179,0,3410,7.07,-22.55,7.2,0.1,92.1,0.1,0.1,0.0
TX-29,house,TX,48201,98398,27429,0,0,125827,56.4,30.83,30.6,18.7,39.9,7.9,0.2,0.1
TX-30,house,TX,48113,102779,14424,0,0,117203,75.39,57.7,31.6,21.6,36.6,7.2,0.3,0.0
TX-30,house,TX,48439,38450,15147,0,0,53597,43.48,26.19,46.9,16.4,26.3,6.3,0.4,0.2
TX-31,house,TX,48027,37411,43557,1940,0,82908,-7.59,-14.42,46.3,21.3,22.5,3.3,0.4,0.9
TX-31,house,TX,48053,3804,12037,380,0,16220,-51.97,-57.81,75.1,1.2,18.9,0.9,0.4,0.0
TX-31,house,TX,48099,5355,10979,391,0,16725,-34.43,-41.1,58.5,14.4,18.0,2.5,0.5,1.1
TX-31,house,TX,48193,521,2549,74,0,3144,-66.06,-71.81,84.8,0.3,10.4,0.5,0.5,0.0
TX-31,house,TX,48281,1768,5991,186,0,7944,-54.43,-60.12,73.7,3.4,16.2,1.2,0.6,0.4
TX-31,house,TX,48333,263,1616,45,0,1924,-71.98,-77.27,81.1,0.2,14.2,0.1,0.3,0.0
TX-31,house,TX,48491,51273,63096,2741,0,117110,-10.34,-15.19,59.0,6.3,21.7,8.5,0.3,0.1
TX-32,house,TX,48063,1099,2579,0,0,3678,-40.23,-53.91,58.9,15.2,21.4,0.9,0.3,0.1
TX-32,house,TX,48085,7431,4466,0,0,11896,24.92,14.24,54.1,9.9,14.3,17.3,0.4,0.1
TX-32,house,TX,48113,73284,47758,0,0,121042,21.09,8.76,31.6,21.6,36.6,7.2,0.3,0.0
TX-32,house,TX,48231,2422,8505,0,0,10927,-55.67,-66.58,69.3,8.0,16.3,1.1,0.8,0.1
TX-32,house,TX,48379,880,3715,0,0,4595,-61.7,-73.34,85.3,2.1,7.3,0.5,0.7,0.0
TX-32,house,TX,48397,15287,28472,0,0,43758,-30.13,-41.29,68.3,7.2,16.8,3.2,0.5,0.1
TX-32,house,TX,48459,2816,11120,0,0,13936,-59.59,-71.46,79.0,7.4,7.6,0.5,0.7,0.0
TX-32,house,TX,48499,3529,13559,0,0,17088,-58.69,-70.15,82.4,3.8,9.0,0.5,0.5,0.0
TX-33,house,TX,48113,108727,37715,0,0,146442,48.49,33.35,31.6,21.6,36.6,7.2,0.3,0.0
TX-34,house,TX,48061,46129,31732,2279,1245,81385,18.49,-5.84,10.5,0.4,87.6,0.7,0.1,0.0
TX-34,house,TX,48261,41,65,3,2,111,-22.59,-47.44,22.5,0.0,75.7,0.0,0.0,0.0
TX-34,house,TX,48273,3644,3077,197,107,7025,8.44,-12.74,23.9,3.5,67.9,2.9,0.3,0.0
TX-34,house,TX,48355,38099,34551,2126,1162,75939,4.88,-14.95,32.9,3.8,58.4,2.3,0.3,0.1
TX-34,house,TX,48489,2243,1481,109,60,3893,20.47,-3.31,10.2,2.8,85.2,1.0,0.3,0.0
TX-35,house,TX,48029,77784,51038,0,0,128822,20.76,6.2,29.5,7.5,56.5,3.4,0.2,0.1
TX-35,house,TX,48177,5,12,0,0,17,-43.01,-58.33,46.8,5.8,44.8,0.3,0.3,0.0
TX-35,house,TX,48187,24891,34873,0,0,59764,-16.7,-29.81,52.2,7.2,34.4,2.0,0.3,0.2
TX-35,house,TX,48255,997,2556,0,0,3553,-43.87,-58.39,38.9,9.0,49.0,1.1,0.2,0.0
TX-35,house,TX,48493,5715,13414,0,0,19129,-40.25,-53.97,58.8,1.6,35.9,0.5,0.3,0.0
TX-36,house,TX,48005,7172,16976,0,0,24148,-40.6,-52.36,61.6,14.5,19.8,1.1,0.2,0.0
TX-36,house,TX,48039,16919,10632,0,0,27551,22.82,11.83,46.9,14.5,28.2,7.0,0.3,0.0
TX-36,house,TX,48071,3945,13541,0,0,17486,-54.88,-66.16,67.2,7.2,20.3,1.4,0.4,0.0
TX-36,house,TX,48199,3424,16307,0,0,19731,-65.29,-76.13,85.1,5.4,5.0,0.7,0.4,0.1
TX-36,house,TX,48201,40298,38085,0,0,78384,2.82,-9.05,30.6,18.7,39.9,7.9,0.2,0.1
TX-36,house,TX,48241,2497,8614,0,0,11112,-55.05,-66.85,74.4,16.2,5.7,0.4,0.4,0.1
TX-36,house,TX,48245,17873,11223,0,0,29096,22.86,11.1,41.0,32.1,20.3,4.0,0.3,0.0
TX-36,house,TX,48351,913,3116,0,0,4029,-54.66,-66.79,77.2,16.6,2.3,0.2,0.5,0.0
TX-36,house,TX,48457,1269,5484,0,0,6753,-62.42,-73.86,77.8,10.7,7.3,0.5,0.5,0.0
TX-37,house,TX,48453,199435,30452,0,0,229887,73.51,57.62,50.8,7.5,29.7,7.9,0.2,0.1
TX-38,house,TX,48201,107147,135467,5407,0,248021,-11.67,-21.13,30.6,18.7,39.9,7.9,0.2,0.1
UT-01,house,UT,49035,152684,65658,10768,0,229110,39.86,24.32,70.4,1.7,17.5,4.6,0.6,1.6
UT-02,house,UT,49003,4361,14126,593,1436,20516,-52.82,-62.5,87.4,0.2,8.3,0.9,0.7,0.1
UT-02,house,UT,49005,14017,23892,1216,2945,42069,-26.05,-35.62,84.1,0.7,9.8,1.9,0.5,0.5
UT-02,house,UT,49011,43860,61044,3365,8149,116418,-16.38,-25.66,82.2,1.1,9.8,2.3,0.4,0.8
UT-02,house,UT,49033,180,725,29,70,1004,-60.18,-69.73,93.4,0.5,3.9,0.0,0.1,0.0
UT-02,house,UT,49057,30498,40106,2264,5484,78353,-13.61,-24.17,76.5,1.3,16.4,1.6,0.6,0.3
UT-03,house,UT,49001,332,1637,146,135,2250,-66.25,-75.18,82.0,0.5,14.0,0.5,1.1,0.1
UT-03,house,UT,49007,1822,3963,430,397,6612,-37.0,-45.39,83.6,0.3,11.6,0.3,1.0,0.1
UT-03,house,UT,49009,77,257,25,23,383,-53.84,-62.96,95.3,0.1,2.5,0.1,0.0,0.3
UT-03,house,UT,49013,845,4588,404,373,6210,-68.89,-77.11,86.8,0.0,5.7,0.3,4.4,0.2
UT-03,house,UT,49015,509,2563,228,211,3511,-66.86,-75.61,91.3,0.0,5.5,0.3,0.7,0.1
UT-03,house,UT,49017,414,1308,128,118,1968,-51.88,-60.65,87.4,0.1,8.1,0.8,1.6,0.1
UT-03,house,UT,49019,1921,1325,241,223,3710,18.38,9.78,80.6,0.6,10.4,1.0,2.9,0.1
UT-03,house,UT,49021,4286,12795,1269,1173,19524,-49.81,-58.34,84.4,0.7,8.5,1.3,1.7,0.4
UT-03,house,UT,49025,834,1911,204,189,3137,-39.25,-48.5,91.1,0.4,3.8,0.8,1.2,0.0
UT-03,house,UT,49029,955,3179,307,284,4725,-53.78,-61.72,94.7,0.0,2.6,0.6,0.3,0.0
UT-03,house,UT,49031,84,506,44,41,675,-71.42,-80.17,89.9,0.0,7.3,0.0,0.4,0.0
UT-03,house,UT,49037,1823,2027,286,264,4401,-5.31,-16.49,42.8,0.2,4.6,0.2,49.3,0.4
UT-03,house,UT,49043,9911,5920,1176,1088,18096,25.21,15.08,84.8,0.4,9.7,1.8,0.2,0.1
UT-03,house,UT,49047,1611,8088,721,666,11086,-66.77,-74.95,82.0,0.3,7.1,0.5,6.6,0.2
UT-03,house,UT,49049,31272,57728,6612,6114,101726,-29.73,-37.52,80.1,0.6,12.5,1.8,0.4,1.0
UT-03,house,UT,49051,4546,6699,836,773,12853,-19.15,-28.06,83.0,0.3,12.8,1.2,0.3,0.1
UT-03,house,UT,49053,16480,43113,4427,4093,68113,-44.69,-53.25,84.1,0.5,9.7,1.1,0.8,0.8
UT-03,house,UT,49055,282,729,75,69,1155,-44.21,-52.88,92.1,0.1,3.2,0.6,1.0,0.2
UT-04,house,UT,49023,665,3346,229,319,4559,-66.86,-77.09,92.5,0.1,4.1,0.2,0.7,0.4
UT-04,house,UT,49027,633,3300,225,313,4471,-67.82,-77.26,83.4,0.1,12.5,1.2,0.8,0.1
UT-04,house,UT,49035,53228,58823,6407,8916,127375,-4.99,-14.23,70.4,1.7,17.5,4.6,0.6,1.6
UT-04,house,UT,49039,1592,6378,456,634,9060,-60.06,-69.65,85.1,0.9,9.4,0.5,1.0,0.8
UT-04,house,UT,49041,1089,5639,385,535,7648,-67.63,-77.03,91.7,0.2,4.1,0.3,1.1,0.2
UT-04,house,UT,49045,7136,13784,1196,1665,23781,-31.78,-42.11,82.0,0.6,11.8,0.8,0.7,0.8
UT-04,house,UT,49049,29893,64196,5380,7487,106955,-36.46,-44.47,80.1,0.6,12.5,1.8,0.4,1.0
VA-01,house,VA,51041,40732,35839,0,0,76570,6.39,3.25,60.5,22.5,9.3,3.8,0.2,0.0
VA-01,house,VA,51057,2118,2134,0,0,4252,-0.4,-7.81,58.6,34.1,2.7,0.6,0.6,0.0
VA-01,house,VA,51073,5469,10795,0,0,16264,-32.75,-38.71,84.1,7.5,2.9,0.8,0.4,0.1
VA-01,house,VA,51085,17264,25682,0,0,42946,-19.6,-24.35,82.5,9.0,2.9,1.8,0.3,0.0
VA-01,house,VA,51087,43843,28814,0,0,72657,20.68,16.29,52.9,28.5,5.6,9.0,0.3,0.0
VA-01,house,VA,51095,19903,15989,0,0,35892,10.91,6.29,75.6,12.2,5.2,2.9,0.2,0.1
VA-01,house,VA,51097,1192,1741,0,0,2932,-18.72,-25.87,68.8,23.7,2.3,0.3,1.3,0.0
VA-01,house,VA,51101,2659,5451,0,0,8111,-34.42,-40.91,76.5,15.6,2.1,0.8,1.5,0.0
VA-01,house,VA,51103,2530,2589,0,0,5120,-1.16,-7.08,71.7,24.3,0.9,0.7,0.1,0.0
VA-01,house,VA,51115,1390,2773,0,0,4163,-33.24,-39.66,86.1,8.0,1.7,0.5,0.1,0.2
VA-01,house,VA,51119,1899,2936,0,0,4836,-21.44,-27.58,79.9,14.5,1.9,0.3,0.3,0.0
VA-01,house,VA,51127,4270,7498,0,0,11768,-27.43,-32.1,78.5,12.6,2.7,1.0,1.0,0.0
VA-01,house,VA,51133,2462,3302,0,0,5763,-14.57,-21.33,73.6,20.7,2.2,0.6,0.1,0.0
VA-01,house,VA,51159,1118,1800,0,0,2918,-23.36,-30.42,63.6,27.8,5.6,0.4,0.2,0.0
VA-01,house,VA,51193,3450,3976,0,0,7426,-7.08,-14.41,66.4,23.8,4.5,0.8,0.4,0.0
VA-01,house,VA,51199,13706,14120,0,0,27827,-1.49,-6.22,70.0,12.5,5.9,6.2,0.3,0.2
VA-01,house,VA,51735,1662,3986,0,0,5647,-41.14,-46.48,89.8,0.9,2.7,2.3,0.3,0.0
VA-01,house,VA,51830,4155,1370,0,0,5524,50.41,45.19,48.7,38.0,6.4,3.3,0.1,0.1
VA-02,house,VA,51001,5536,6212,284,0,12032,-5.75,-13.42,63.6,24.9,7.7,0.7,0.2,0.0
VA-02,house,VA,51093,7370,9567,409,0,17346,-12.97,-19.97,69.8,22.6,2.5,1.0,0.4,0.0
VA-02,house,VA,51131,2676,2013,113,0,4803,14.12,6.19,59.8,30.2,6.7,0.6,0.4,0.1
VA-02,house,VA,51175,1554,2543,99,0,4195,-24.14,-32.48,61.6,33.6,1.4,0.3,0.3,0.1
VA-02,house,VA,51550,23779,25969,1202,0,50951,-4.4,-10.54,56.7,28.6,5.9,3.7,0.3,0.1
VA-02,house,VA,51620,1756,943,65,0,2764,30.11,22.32,40.0,53.9,2.2,1.0,0.4,0.0
VA-02,house,VA,51800,22556,14111,886,0,37553,23.03,16.12,49.1,41.0,3.7,1.8,0.3,0.1
VA-02,house,VA,51810,85724,70741,3782,0,160247,9.58,2.68,61.5,17.7,7.6,7.7,0.3,0.1
VA-03,house,VA,51550,26483,11194,915,0,38592,40.58,22.73,56.7,28.6,5.9,3.7,0.3,0.1
VA-03,house,VA,51650,33888,9003,1041,0,43933,58.02,40.45,38.5,48.0,5.3,2.7,0.4,0.2
VA-03,house,VA,51700,38122,13704,1258,0,53085,47.12,29.22,41.8,40.1,9.1,3.6,0.3,0.2
VA-03,house,VA,51710,47091,11634,1426,0,60151,60.38,42.18,43.6,38.0,8.9,4.0,0.4,0.2
VA-03,house,VA,51740,22131,6113,686,0,28930,56.71,39.18,38.9,50.9,3.9,1.4,0.4,0.1
VA-04,house,VA,51025,3322,1945,117,0,5384,26.15,8.65,41.9,54.1,2.0,0.2,0.1,0.0
VA-04,house,VA,51036,1925,1058,66,0,3049,29.08,10.86,44.5,42.6,1.4,0.5,6.7,0.1
VA-04,house,VA,51041,45377,23994,1538,0,70909,30.83,15.4,60.5,22.5,9.3,3.8,0.2,0.0
VA-04,house,VA,51053,5044,5661,237,0,10943,-5.77,-23.28,63.1,29.8,3.1,0.5,0.4,0.0
VA-04,house,VA,51081,1869,1080,65,0,3014,26.74,9.32,38.2,57.4,2.3,0.3,0.1,0.0
VA-04,house,VA,51087,43199,9986,1180,0,54365,62.45,46.61,52.9,28.5,5.6,9.0,0.3,0.0
VA-04,house,VA,51149,5747,6344,268,0,12360,-4.94,-21.49,54.2,30.0,9.1,2.1,0.5,0.3
VA-04,house,VA,51175,1343,1267,58,0,2669,2.91,-15.08,61.6,33.6,1.4,0.3,0.3,0.1
VA-04,house,VA,51181,1786,1258,67,0,3111,17.36,-0.66,53.9,41.5,1.4,0.2,0.2,0.1
VA-04,house,VA,51183,2053,1305,74,0,3433,22.27,4.46,41.4,53.7,2.4,0.1,0.2,0.0
VA-04,house,VA,51570,2521,3628,136,0,6285,-17.99,-32.72,72.4,14.1,5.5,3.3,0.2,0.1
VA-04,house,VA,51595,1103,390,33,0,1526,47.75,31.21,29.7,61.3,4.9,1.0,0.2,0.1
VA-04,house,VA,51670,3997,2184,137,0,6318,29.34,13.9,47.6,39.6,6.9,1.2,0.4,0.1
VA-04,house,VA,51730,8548,434,199,0,9181,90.33,73.61,17.3,72.6,5.1,1.0,0.3,0.1
VA-04,house,VA,51760,68378,6035,1652,0,76065,83.78,67.77,45.5,38.0,9.0,3.1,0.2,0.0
VA-05,house,VA,51003,32891,13572,546,0,47008,41.58,34.6,73.5,8.7,6.3,7.8,0.1,0.0
VA-05,house,VA,51007,1801,3768,65,0,5634,-35.33,-44.58,73.2,20.5,2.4,0.6,0.2,0.0
VA-05,house,VA,51009,4326,7682,141,0,12149,-27.95,-36.77,74.9,17.6,2.2,0.5,0.7,0.1
VA-05,house,VA,51011,1919,4783,79,0,6780,-42.73,-51.42,77.4,17.7,1.4,0.3,0.3,0.0
VA-05,house,VA,51019,4051,9323,157,0,13531,-39.42,-47.01,87.3,6.1,2.0,1.1,0.2,0.0
VA-05,house,VA,51025,25,20,1,0,45,9.25,0.0,41.9,54.1,2.0,0.2,0.1,0.0
VA-05,house,VA,51029,2373,3108,64,0,5546,-13.4,-23.73,61.4,33.2,2.2,0.4,0.2,0.0
VA-05,house,VA,51031,6424,15224,254,0,21902,-40.65,-48.97,78.6,14.1,2.6,1.1,0.3,0.0
VA-05,house,VA,51037,1604,2561,49,0,4213,-22.98,-32.74,67.2,27.9,1.9,0.2,0.2,0.1
VA-05,house,VA,51049,1658,2147,45,0,3850,-12.84,-22.34,63.9,29.9,1.9,0.4,0.5,0.1
VA-05,house,VA,51065,5863,5715,136,0,11714,1.28,-6.34,78.1,13.8,3.4,0.8,0.3,0.0
VA-05,house,VA,51075,6010,7637,160,0,13807,-11.92,-18.8,78.1,13.8,2.8,2.1,0.2,0.0
VA-05,house,VA,51079,23,27,1,0,50,-8.72,-15.49,81.5,7.1,5.2,2.3,0.1,0.0
VA-05,house,VA,51083,5425,6936,145,0,12506,-12.22,-21.2,60.6,34.7,1.8,0.6,0.2,0.0
VA-05,house,VA,51085,3058,5295,98,0,8452,-26.78,-34.62,82.5,9.0,2.9,1.8,0.3,0.0
VA-05,house,VA,51109,6833,9876,196,0,16905,-18.21,-26.42,77.4,14.8,2.8,0.7,0.3,0.1
VA-05,house,VA,51111,1746,2325,48,0,4118,-14.23,-22.93,60.5,32.6,3.3,0.3,0.2,0.1
VA-05,house,VA,51117,4974,6303,132,0,11409,-11.79,-20.91,61.2,33.4,2.2,0.7,0.2,0.0
VA-05,house,VA,51125,3278,3243,77,0,6598,0.54,-7.59,82.2,10.4,3.5,0.5,0.3,0.0
VA-05,house,VA,51135,2068,2683,56,0,4807,-12.93,-22.52,55.4,37.4,4.1,0.4,0.3,0.0
VA-05,house,VA,51143,7683,15949,277,0,23909,-34.98,-43.38,74.1,20.9,2.2,0.4,0.2,0.0
VA-05,house,VA,51145,4536,9934,170,0,14640,-37.3,-44.47,84.3,9.2,2.1,0.6,0.2,0.1
VA-05,house,VA,51147,3502,3039,77,0,6618,7.08,-2.61,48.2,42.8,5.0,0.8,0.1,0.0
VA-05,house,VA,51540,14450,1739,190,0,16379,78.52,70.01,66.2,14.0,6.1,9.0,0.1,0.0
VA-05,house,VA,51590,7898,4346,144,0,12388,29.0,21.25,43.9,48.7,3.8,1.2,0.2,0.0
VA-05,house,VA,51680,12971,12632,300,0,25903,1.32,-8.03,64.1,24.8,4.4,2.2,0.3,0.0
VA-06,house,VA,51005,1612,4194,0,0,5806,-44.48,-48.48,91.7,4.4,1.0,0.3,0.1,0.0
VA-06,house,VA,51015,8443,22654,0,0,31097,-45.7,-47.97,89.4,4.3,2.8,0.6,0.2,0.0
VA-06,house,VA,51017,455,1354,0,0,1808,-49.7,-54.13,92.1,2.9,1.6,0.5,0.1,0.0
VA-06,house,VA,51023,4370,11016,0,0,15386,-43.2,-45.51,92.0,2.8,1.7,0.6,0.1,0.0
VA-06,house,VA,51043,2952,3935,0,0,6887,-14.28,-17.11,85.3,3.9,4.9,1.5,0.2,0.1
VA-06,house,VA,51069,13413,23171,0,0,36583,-26.67,-28.74,81.7,4.0,8.8,1.8,0.1,0.0
VA-06,house,VA,51091,310,764,0,0,1075,-42.27,-44.94,96.0,0.1,1.0,0.3,0.1,0.0
VA-06,house,VA,51139,2265,7012,0,0,9277,-51.18,-54.56,93.2,1.9,1.7,0.5,0.2,0.0
VA-06,house,VA,51161,8366,14483,0,0,22849,-26.77,-29.39,84.7,5.7,2.8,3.4,0.2,0.0
VA-06,house,VA,51163,3093,5887,0,0,8980,-31.11,-34.11,91.4,2.4,1.7,0.8,0.4,0.0
VA-06,house,VA,51165,9882,22460,0,0,32342,-38.89,-40.97,87.3,2.2,6.9,1.1,0.1,0.0
VA-06,house,VA,51171,5135,12009,0,0,17144,-40.09,-42.69,87.0,2.2,6.7,0.8,0.2,0.0
VA-06,house,VA,51187,5142,10733,0,0,15876,-35.22,-38.05,85.3,4.3,4.9,1.2,0.3,0.0
VA-06,house,VA,51530,595,1412,0,0,2007,-40.73,-45.25,86.7,4.6,3.1,0.4,0.5,0.4
VA-06,house,VA,51580,623,1113,0,0,1736,-28.24,-33.5,81.2,12.7,2.0,0.6,0.3,0.1
VA-06,house,VA,51660,7852,4275,0,0,12127,29.49,25.88,65.6,7.0,19.3,4.2,0.1,0.0
VA-06,house,VA,51678,1328,698,0,0,2026,31.08,27.08,83.3,6.0,3.8,4.2,0.1,0.0
VA-06,house,VA,51770,18750,10856,0,0,29607,26.66,23.96,60.7,25.5,6.9,2.4,0.2,0.0
VA-06,house,VA,51775,3814,5430,0,0,9244,-17.48,-19.47,84.0,6.9,3.4,2.2,0.2,0.0
VA-06,house,VA,51790,5466,4068,0,0,9534,14.66,13.57,79.7,11.3,3.6,1.2,0.3,0.0
VA-06,house,VA,51820,3819,4103,0,0,7922,-3.59,-5.77,76.5,11.4,6.8,1.2,0.1,0.1
VA-06,house,VA,51840,4675,3649,0,0,8323,12.33,9.91,67.5,10.0,15.7,2.6,0.3,0.1
VA-07,house,VA,51033,6435,5292,335,335,12396,9.74,-8.9,62.5,25.8,5.5,1.0,0.6,0.0
VA-07,house,VA,51047,8848,10162,542,542,20094,-6.91,-25.24,69.9,12.7,11.7,1.5,0.2,0.1
VA-07,house,VA,51079,3664,4312,228,228,8432,-8.13,-25.09,81.5,7.1,5.2,2.3,0.1,0.0
VA-07,house,VA,51099,4732,5501,292,292,10816,-7.51,-25.35,71.8,15.4,4.9,1.7,0.6,0.1
VA-07,house,VA,51113,2326,3296,160,160,5943,-17.27,-35.49,84.8,8.2,2.6,0.7,0.1,0.0
VA-07,house,VA,51137,6892,7933,423,423,15671,-7.02,-24.92,78.2,11.9,4.7,0.9,0.3,0.1
VA-07,house,VA,51153,61009,20153,2318,2318,85798,50.34,31.53,41.3,19.9,23.1,10.7,0.2,0.1
VA-07,house,VA,51177,28582,24097,1503,1503,55685,8.51,-8.66,65.6,16.2,10.0,2.9,0.3,0.1
VA-07,house,VA,51179,32660,22685,1580,1580,58504,18.02,0.81,58.2,18.8,13.0,4.0,0.4,0.2
VA-07,house,VA,51630,6752,2238,257,257,9503,50.21,32.33,59.6,20.2,10.5,4.0,0.3,0.1
VA-08,house,VA,51013,73756,10545,3182,3182,90665,74.98,59.86,60.6,8.5,14.2,12.0,0.1,0.1
VA-08,house,VA,51059,86299,24842,4196,4196,119533,55.3,39.68,49.6,9.3,15.8,20.9,0.1,0.1
VA-08,house,VA,51510,45784,6851,1987,1987,56609,73.97,58.92,52.2,19.4,16.4,7.2,0.1,0.0
VA-08,house,VA,51610,5234,662,223,223,6342,77.53,63.27,70.4,3.9,9.4,11.1,0.1,0.1
VA-09,house,VA,51019,5944,16285,0,0,22229,-46.52,-53.05,87.3,6.1,2.0,1.1,0.2,0.0
VA-09,house,VA,51021,449,2040,0,0,2489,-63.9,-70.24,93.7,3.1,0.8,0.1,0.0,0.0
VA-09,house,VA,51027,1192,5347,0,0,6538,-63.54,-70.84,94.7,2.9,0.7,0.3,0.1,0.0
VA-09,house,VA,51035,2423,8921,0,0,11343,-57.29,-63.61,94.2,0.5,2.6,0.3,0.1,0.0
VA-09,house,VA,51045,460,1735,0,0,2195,-58.1,-65.08,95.8,0.1,0.8,0.2,0.1,0.1
VA-09,house,VA,51051,1104,3839,0,0,4943,-55.32,-62.49,97.2,0.3,0.5,0.1,0.2,0.0
VA-09,house,VA,51063,2327,4439,0,0,6766,-31.22,-37.64,92.1,1.6,2.7,0.2,0.1,0.0
VA-09,house,VA,51067,6628,15086,0,0,21715,-38.95,-45.69,86.5,7.1,2.8,0.6,0.2,0.0
VA-09,house,VA,51071,1686,4799,0,0,6485,-47.99,-54.88,93.9,1.3,1.3,0.4,0.2,0.0
VA-09,house,VA,51077,1245,4440,0,0,5685,-56.2,-62.64,87.9,6.4,3.1,0.2,0.2,0.0
VA-09,house,VA,51089,6588,11241,0,0,17829,-26.1,-33.03,70.0,21.9,4.8,0.5,0.1,0.0
VA-09,house,VA,51105,1233,5855,0,0,7088,-65.2,-72.36,90.3,4.7,2.2,0.2,0.4,0.0
VA-09,house,VA,51121,18080,14835,0,0,32915,9.86,3.55,78.6,4.1,4.3,9.0,0.1,0.0
VA-09,house,VA,51141,1563,5242,0,0,6805,-54.06,-60.84,89.8,4.8,2.4,0.3,0.2,0.0
VA-09,house,VA,51155,3835,8586,0,0,12421,-38.24,-44.99,89.4,4.9,1.7,0.5,0.1,0.0
VA-09,house,VA,51161,7807,9271,0,0,17079,-8.57,-13.76,84.7,5.7,2.8,3.4,0.2,0.0
VA-09,house,VA,51167,1874,7612,0,0,9486,-60.5,-67.76,96.4,0.9,0.5,0.2,0.1,0.0
VA-09,house,VA,51169,1394,6363,0,0,7757,-64.05,-70.78,95.8,0.6,0.9,0.1,0.1,0.0
VA-09,house,VA,51173,2341,7789,0,0,10130,-53.78,-60.84,94.0,1.4,1.5,0.3,0.2,0.0
VA-09,house,VA,51185,2590,11349,0,0,13939,-62.83,-69.3,92.9,2.5,1.2,0.5,0.1,0.0
VA-09,house,VA,51191,5412,15254,0,0,20666,-47.62,-53.66,94.1,1.3,1.3,0.5,0.2,0.0
VA-09,house,VA,51195,2516,9259,0,0,11775,-57.26,-63.62,89.9,5.7,1.1,0.4,0.1,0.0
VA-09,house,VA,51197,2535,8300,0,0,10835,-53.2,-59.91,92.8,2.6,1.1,0.5,0.2,0.0
VA-09,house,VA,51520,1725,3518,0,0,5243,-34.21,-39.93,87.5,5.5,2.3,0.9,0.3,0.0
VA-09,house,VA,51640,598,1307,0,0,1905,-37.2,-44.2,79.1,5.4,11.5,0.8,0.2,0.0
VA-09,house,VA,51690,2575,1393,0,0,3967,29.79,22.9,46.2,43.8,5.9,0.8,0.2,0.0
VA-09,house,VA,51720,359,789,0,0,1148,-37.4,-43.86,89.5,4.8,1.6,0.8,0.1,0.0
VA-09,house,VA,51750,2498,2108,0,0,4605,8.47,0.53,75.3,13.7,4.3,1.4,0.2,0.0
VA-10,house,VA,51059,5230,3397,300,0,8927,21.25,8.99,49.6,9.3,15.8,20.9,0.1,0.1
VA-10,house,VA,51061,13744,16551,1053,0,31348,-9.27,-21.92,78.1,7.2,8.8,1.7,0.2,0.1
VA-10,house,VA,51107,101500,53884,5403,0,160787,30.64,16.79,54.3,7.3,13.2,20.8,0.1,0.1
VA-10,house,VA,51153,42498,29402,2500,0,74400,18.22,3.56,41.3,19.9,23.1,10.7,0.2,0.1
VA-10,house,VA,51157,1623,1804,119,0,3547,-5.29,-18.1,88.7,2.9,3.5,1.0,0.1,0.0
VA-10,house,VA,51683,6964,3824,375,0,11163,29.11,15.03,39.4,12.0,37.9,6.8,0.1,0.1
VA-10,house,VA,51685,2756,1305,141,0,4203,35.72,20.47,30.7,12.8,40.9,11.7,0.2,0.1
VA-11,house,VA,51059,205732,67678,10741,0,284151,50.49,35.29,49.6,9.3,15.8,20.9,0.1,0.1
VA-11,house,VA,51600,6810,2330,359,0,9499,49.02,34.32,55.8,4.4,16.2,19.4,0.2,0.0
VT-01,house,VT,50001,10737,4846,253,0,15837,37.8,37.02,90.0,0.9,3.0,1.7,0.2,0.0
VT-01,house,VT,50003,8861,5404,232,0,14497,24.23,23.12,91.9,1.0,2.1,1.1,0.2,0.0
VT-01,house,VT,50005,6487,4973,186,0,11647,13.21,12.89,91.9,0.6,1.7,1.0,0.3,0.1
VT-01,house,VT,50007,52009,15017,1090,0,68116,55.19,55.26,86.8,2.3,2.6,4.1,0.2,0.0
VT-01,house,VT,50009,992,1368,38,0,2398,-15.93,-16.88,94.3,0.2,0.8,0.3,0.3,0.0
VT-01,house,VT,50011,9616,8806,300,0,18721,4.39,3.07,91.5,0.6,1.6,0.6,1.0,0.0
VT-01,house,VT,50013,2098,1347,56,0,3501,21.79,21.66,92.9,0.5,1.3,0.4,0.6,0.0
VT-01,house,VT,50015,7048,3177,166,0,10391,37.86,36.96,91.9,0.9,2.1,0.6,0.4,0.0
VT-01,house,VT,50017,7410,4759,198,0,12367,21.78,20.93,92.6,0.5,1.4,0.6,0.4,0.0
VT-01,house,VT,50019,5077,5094,165,0,10336,-0.16,-1.59,93.1,0.4,1.4,0.5,0.7,0.0
VT-01,house,VT,50021,12509,10982,382,0,23873,6.5,5.43,92.0,0.8,1.8,0.8,0.2,0.0
VT-01,house,VT,50023,17688,6673,396,0,24758,45.21,44.9,91.0,1.0,2.3,1.0,0.2,0.0
VT-01,house,VT,50025,12975,4887,290,0,18153,45.28,44.2,90.8,1.0,2.4,1.1,0.2,0.0
VT-01,house,VT,50027,16215,7403,384,0,24002,37.31,36.67,92.2,0.7,1.7,1.0,0.2,0.0
WA-01,house,WA,53033,79941,20930,0,0,100871,58.5,48.5,57.4,6.1,9.4,20.0,0.5,0.8
WA-01,house,WA,53061,103335,57877,0,0,161212,28.2,17.93,67.3,3.2,9.7,12.3,0.9,0.5
WA-02,house,WA,53029,23226,13470,0,0,36696,26.59,17.06,78.8,2.5,6.6,4.7,0.6,0.5
WA-02,house,WA,53055,7452,1647,0,0,9099,63.8,53.5,86.9,0.3,5.7,1.3,0.4,0.1
WA-02,house,WA,53057,29402,19754,0,0,49156,19.63,9.14,75.8,0.6,14.6,2.3,1.5,0.3
WA-02,house,WA,53061,75186,30986,0,0,106173,41.63,30.55,67.3,3.2,9.7,12.3,0.9,0.5
WA-02,house,WA,53073,65698,30760,0,0,96458,36.22,25.72,78.0,1.0,8.4,4.5,2.1,0.3
WA-03,house,WA,53011,114003,79610,0,0,193614,17.76,7.19,76.0,2.1,9.6,5.0,0.6,0.9
WA-03,house,WA,53015,19066,22463,0,0,41529,-8.18,-20.48,82.5,0.7,7.6,1.6,1.3,0.5
WA-03,house,WA,53041,12230,19508,0,0,31738,-22.93,-34.03,82.9,0.6,8.2,1.1,1.2,0.2
WA-03,house,WA,53049,5468,4503,0,0,9971,9.68,-1.34,82.9,0.3,6.9,2.0,2.1,0.2
WA-03,house,WA,53059,2578,2571,0,0,5149,0.13,-11.45,85.5,0.5,5.1,1.1,1.5,0.2
WA-03,house,WA,53067,5337,7461,0,0,12798,-16.59,-28.0,74.0,3.0,8.1,6.0,1.2,1.0
WA-03,house,WA,53069,988,1155,0,0,2143,-7.8,-18.68,89.1,0.3,3.3,0.8,1.1,0.0
WA-04,house,WA,53001,766,1284,0,0,2050,-25.24,-34.92,38.9,0.1,57.8,0.8,0.3,0.0
WA-04,house,WA,53005,29439,41037,0,0,70476,-16.46,-22.52,70.3,1.2,19.8,3.2,0.6,0.2
WA-04,house,WA,53017,5745,8836,0,0,14582,-21.2,-27.75,64.9,0.3,28.9,1.0,0.8,0.1
WA-04,house,WA,53021,8953,11040,0,0,19993,-10.43,-18.72,43.2,2.0,49.0,2.1,0.6,0.2
WA-04,house,WA,53025,8662,16712,0,0,25374,-31.72,-38.48,56.1,0.7,37.3,1.3,0.9,0.1
WA-04,house,WA,53039,4584,4940,0,0,9524,-3.73,-9.63,80.4,0.3,11.1,0.7,2.0,0.1
WA-04,house,WA,53047,6585,7925,0,0,14510,-9.23,-15.43,67.7,0.4,16.4,0.7,9.8,0.1
WA-04,house,WA,53077,28854,33264,0,0,62118,-7.1,-14.71,46.5,0.7,44.6,1.3,3.5,0.1
WA-05,house,WA,53001,273,1433,0,0,1706,-68.0,-55.64,38.9,0.1,57.8,0.8,0.3,0.0
WA-05,house,WA,53003,2481,5548,0,0,8028,-38.2,-26.36,89.6,0.4,3.1,1.0,1.1,0.2
WA-05,house,WA,53013,377,1363,0,0,1740,-56.68,-44.87,86.6,0.2,6.4,0.6,0.8,0.0
WA-05,house,WA,53019,795,2088,0,0,2884,-44.84,-33.95,74.0,0.4,2.6,0.7,15.3,0.2
WA-05,house,WA,53021,326,2007,0,0,2333,-72.07,-61.88,43.2,2.0,49.0,2.1,0.6,0.2
WA-05,house,WA,53023,185,762,0,0,947,-60.95,-49.35,91.0,0.0,3.6,0.4,0.6,0.0
WA-05,house,WA,53043,922,4080,0,0,5002,-63.13,-51.71,89.8,0.1,2.7,0.7,1.8,0.2
WA-05,house,WA,53051,1450,4533,0,0,5983,-51.53,-40.61,88.7,0.4,2.5,0.5,2.5,0.1
WA-05,house,WA,53063,83465,117496,0,0,200961,-16.93,-5.13,82.5,1.9,5.5,2.4,1.3,0.6
WA-05,house,WA,53065,4303,15473,0,0,19776,-56.48,-45.29,85.6,0.3,2.9,0.6,4.9,0.2
WA-05,house,WA,53071,8212,12487,0,0,20698,-20.65,-8.29,72.0,1.8,18.9,1.6,0.7,0.2
WA-05,house,WA,53075,6838,7180,0,0,14018,-2.44,9.29,74.6,2.4,8.3,7.9,0.6,0.3
WA-06,house,WA,53009,19680,14388,0,0,34068,15.53,8.09,82.1,0.8,4.9,1.7,4.4,0.2
WA-06,house,WA,53027,13581,12878,0,0,26459,2.66,-6.21,79.3,1.4,7.8,1.5,4.0,0.2
WA-06,house,WA,53031,13339,3949,0,0,17289,54.31,46.82,87.3,0.6,3.3,1.5,1.4,0.1
WA-06,house,WA,53035,71152,38667,0,0,109819,29.58,21.65,75.1,2.7,7.4,5.5,1.2,1.0
WA-06,house,WA,53045,13608,12078,0,0,25686,5.96,-2.58,79.3,1.1,8.8,1.3,2.8,0.3
WA-06,house,WA,53053,64221,27882,0,0,92103,39.45,30.96,65.6,6.9,10.1,7.2,1.0,1.8
WA-07,house,WA,53033,281704,24633,0,0,306337,83.92,77.57,57.4,6.1,9.4,20.0,0.5,0.8
WA-08,house,WA,53007,15173,14374,0,0,29548,2.7,-9.73,70.9,0.3,23.3,1.0,0.5,0.1
WA-08,house,WA,53017,106,138,0,0,244,-12.99,-26.35,64.9,0.3,28.9,1.0,0.8,0.1
WA-08,house,WA,53033,110132,49594,0,0,159727,37.9,25.62,57.4,6.1,9.4,20.0,0.5,0.8
WA-08,house,WA,53037,9127,9428,0,0,18555,-1.62,-15.07,81.7,0.9,8.7,2.2,1.0,0.2
WA-08,house,WA,53053,30739,35737,0,0,66476,-7.52,-19.79,65.6,6.9,10.1,7.2,1.0,1.8
WA-08,house,WA,53061,12394,13071,0,0,25465,-2.66,-15.46,67.3,3.2,9.7,12.3,0.9,0.5
WA-09,house,WA,53033,172247,52176,0,0,224423,53.5,42.69,57.4,6.1,9.4,20.0,0.5,0.8
WA-10,house,WA,53053,90356,58763,0,0,149118,21.19,12.64,65.6,6.9,10.1,7.2,1.0,1.8
WA-10,house,WA,53067,69168,33173,0,0,102342,35.17,27.3,74.0,3.0,8.1,6.0,1.2,1.0
WI-01,house,WI,55059,30584,32879,0,0,63463,-3.62,-6.33,76.2,6.2,12.0,1.7,0.2,0.0
WI-01,house,WI,55079,30195,29807,0,0,60002,0.65,-0.88,54.4,23.4,13.9,4.5,0.4,0.0
WI-01,house,WI,55101,36162,39203,0,0,75365,-4.03,-6.25,73.2,10.5,11.4,1.2,0.3,0.0
WI-01,house,WI,55105,25777,20113,0,0,45890,12.34,9.73,83.0,4.5,7.6,1.3,0.3,0.0
WI-01,house,WI,55127,15544,22697,0,0,38241,-18.71,-21.13,85.6,1.0,9.5,1.0,0.2,0.0
WI-02,house,WI,55025,208396,47715,0,0,256111,62.74,52.45,79.0,4.6,6.2,6.4,0.2,0.0
WI-02,house,WI,55045,8590,6863,0,0,15453,11.18,0.28,93.3,0.4,3.0,0.5,0.2,0.0
WI-02,house,WI,55049,6150,4124,0,0,10274,19.72,7.78,94.7,0.4,1.6,0.7,0.1,0.1
WI-02,house,WI,55065,2836,3347,0,0,6183,-8.27,-20.48,92.3,0.2,5.3,0.3,0.1,0.0
WI-02,house,WI,55105,8917,7001,0,0,15917,12.04,0.7,83.0,4.5,7.6,1.3,0.3,0.0
WI-02,house,WI,55111,13734,11053,0,0,24787,10.82,-0.09,90.0,0.8,5.1,0.6,1.0,0.0
WI-03,house,WI,55001,3820,4968,229,0,9016,-13.07,-27.2,89.8,3.2,3.1,0.4,0.9,0.0
WI-03,house,WI,55011,2330,3195,144,0,5669,-15.65,-30.68,95.4,0.3,1.8,0.2,0.2,0.1
WI-03,house,WI,55017,7203,6878,367,0,14449,2.31,-12.05,92.3,1.7,1.6,1.2,0.5,0.0
WI-03,house,WI,55023,3147,3064,162,0,6373,1.32,-13.96,93.3,2.0,1.6,0.3,0.3,0.0
WI-03,house,WI,55033,8595,8921,457,0,17973,-1.86,-16.09,91.5,0.8,1.8,2.8,0.3,0.0
WI-03,house,WI,55035,26757,16342,1123,0,44222,24.17,10.74,89.6,1.0,2.3,3.6,0.4,0.1
WI-03,house,WI,55043,9016,9611,485,0,19112,-3.19,-18.43,93.8,1.3,2.1,0.8,0.2,0.0
WI-03,house,WI,55053,3110,3236,165,0,6511,-1.98,-17.0,86.5,2.4,2.7,0.4,5.2,0.0
WI-03,house,WI,55057,3147,4220,192,0,7559,-14.56,-29.1,90.9,2.4,2.2,0.5,1.3,0.0
WI-03,house,WI,55063,30535,18761,1285,0,50580,23.88,9.49,89.5,1.4,2.2,3.9,0.3,0.0
WI-03,house,WI,55081,6293,7762,366,0,14422,-10.45,-24.73,90.1,1.3,4.2,0.8,1.0,0.1
WI-03,house,WI,55091,1261,1709,77,0,3047,-15.07,-29.51,94.4,0.3,1.7,0.3,0.5,0.0
WI-03,house,WI,55093,8419,8902,451,0,17773,-2.79,-17.27,92.3,0.9,2.5,0.7,0.5,0.0
WI-03,house,WI,55097,17005,12504,769,0,30279,15.25,1.21,90.2,1.2,3.0,2.9,0.4,0.0
WI-03,house,WI,55103,3226,3134,166,0,6525,1.45,-13.29,94.1,0.3,2.3,0.5,0.2,0.0
WI-03,house,WI,55111,642,841,39,0,1522,-13.43,-27.81,90.0,0.8,5.1,0.6,1.0,0.0
WI-03,house,WI,55121,5121,5847,286,0,11254,-6.61,-21.68,88.2,0.2,9.3,0.3,0.2,0.0
WI-03,house,WI,55123,6030,5300,295,0,11625,6.44,-7.92,95.5,0.4,1.3,0.3,0.2,0.0
WI-03,house,WI,55141,7927,8942,440,0,17309,-6.02,-19.8,92.5,0.6,2.4,1.6,0.7,0.0
WI-04,house,WI,55079,194104,41815,6074,0,241993,64.55,52.46,54.4,23.4,13.9,4.5,0.4,0.0
WI-05,house,WI,55027,5412,12375,0,0,17787,-39.15,-40.29,88.5,3.4,4.9,0.6,0.4,0.0
WI-05,house,WI,55055,14760,20340,0,0,35100,-15.9,-16.61,88.9,0.9,6.5,0.8,0.2,0.0
WI-05,house,WI,55079,12003,10989,0,0,22992,4.41,4.44,54.4,23.4,13.9,4.5,0.4,0.0
WI-05,house,WI,55127,1358,2813,0,0,4171,-34.89,-34.97,85.6,1.0,9.5,1.0,0.2,0.0
WI-05,house,WI,55131,20172,43812,0,0,63984,-36.95,-36.73,92.4,1.0,2.8,1.3,0.2,0.0
WI-05,house,WI,55133,76931,116111,0,0,193042,-20.3,-20.02,88.1,1.4,4.3,3.5,0.2,0.0
WI-06,house,WI,55015,835,1771,66,66,2738,-35.93,-36.29,90.3,0.7,4.2,2.2,0.4,0.1
WI-06,house,WI,55021,11130,12131,589,589,24439,-4.31,-4.65,91.9,1.6,2.9,0.6,0.4,0.0
WI-06,house,WI,55027,6115,10468,420,420,17423,-26.25,-26.31,88.5,3.4,4.9,0.6,0.4,0.0
WI-06,house,WI,55039,13848,25146,987,987,40969,-28.98,-29.04,89.1,1.9,5.2,1.1,0.4,0.0
WI-06,house,WI,55047,2310,5054,186,186,7736,-37.27,-36.76,92.6,0.5,3.9,0.5,0.2,0.0
WI-06,house,WI,55071,11727,19132,781,781,32421,-24.0,-23.69,90.1,1.0,3.7,2.3,0.4,0.0
WI-06,house,WI,55077,2210,4071,159,159,6599,-29.62,-30.01,94.3,0.3,2.2,0.3,0.4,0.0
WI-06,house,WI,55089,18605,23683,1071,1071,44429,-12.01,-10.63,90.8,1.5,2.6,2.4,0.2,0.0
WI-06,house,WI,55117,18695,26318,1140,1140,47292,-16.94,-16.58,84.9,1.9,5.8,4.7,0.3,0.0
WI-06,house,WI,55137,3079,6491,242,242,10054,-35.65,-35.6,89.4,1.8,5.4,0.4,0.5,0.0
WI-06,house,WI,55139,29673,32559,1576,1576,65383,-4.64,-4.14,87.4,2.6,3.9,2.9,0.6,0.0
WI-07,house,WI,55003,3531,2738,0,0,6269,12.66,4.78,81.9,0.7,1.7,0.6,11.1,0.1
WI-07,house,WI,55005,7210,11558,0,0,18768,-23.16,-30.33,91.9,1.5,2.1,0.8,0.8,0.0
WI-07,house,WI,55007,4639,3230,0,0,7868,17.91,11.37,85.7,0.2,1.2,0.2,8.6,0.0
WI-07,house,WI,55013,2855,4712,0,0,7568,-24.54,-31.32,90.9,0.4,1.1,0.3,3.5,0.1
WI-07,house,WI,55017,4410,8071,0,0,12481,-29.33,-36.15,92.3,1.7,1.6,1.2,0.5,0.0
WI-07,house,WI,55019,3605,7133,0,0,10739,-32.85,-39.84,92.5,0.2,4.9,0.3,0.4,0.0
WI-07,house,WI,55031,9939,7726,0,0,17665,12.53,5.41,90.8,1.1,1.3,0.6,1.7,0.0
WI-07,house,WI,55037,629,1582,0,0,2211,-43.1,-50.11,96.1,0.2,0.9,0.1,0.6,0.0
WI-07,house,WI,55041,1311,2257,0,0,3568,-26.53,-33.6,85.1,0.3,1.0,0.2,10.3,0.1
WI-07,house,WI,55051,1152,1707,0,0,2859,-19.43,-26.46,95.6,0.2,0.8,0.2,1.0,0.0
WI-07,house,WI,55053,275,564,0,0,839,-34.48,-41.19,86.5,2.4,2.7,0.4,5.2,0.0
WI-07,house,WI,55057,849,1778,0,0,2627,-35.38,-42.21,90.9,2.4,2.2,0.5,1.3,0.0
WI-07,house,WI,55067,2928,5238,0,0,8165,-28.29,-35.01,94.0,0.3,1.6,0.3,1.1,0.0
WI-07,house,WI,55069,4901,7146,0,0,12047,-18.64,-25.54,95.6,0.2,1.4,0.4,0.3,0.0
WI-07,house,WI,55073,24114,31067,0,0,55182,-12.6,-18.89,89.0,0.7,2.4,4.9,0.4,0.0
WI-07,house,WI,55081,653,1282,0,0,1935,-32.47,-39.03,90.1,1.3,4.2,0.8,1.0,0.1
WI-07,house,WI,55085,7731,9697,0,0,17428,-11.28,-17.83,94.4,0.5,1.2,0.5,1.0,0.0
WI-07,house,WI,55095,7472,12285,0,0,19757,-24.36,-31.33,94.2,0.3,1.7,0.4,0.7,0.0
WI-07,house,WI,55099,2348,3852,0,0,6200,-24.25,-31.46,94.7,0.2,0.9,0.5,0.5,0.6
WI-07,house,WI,55107,1984,3806,0,0,5789,-31.47,-38.45,94.4,0.3,1.5,0.3,0.4,0.0
WI-07,house,WI,55109,18494,23958,0,0,42452,-12.87,-19.64,92.7,0.6,2.3,1.1,0.3,0.0
WI-07,house,WI,55113,3508,4290,0,0,7798,-10.03,-16.54,80.5,0.5,1.5,0.3,13.3,0.0
WI-07,house,WI,55119,2259,5572,0,0,7831,-42.3,-48.82,95.2,0.3,2.2,0.4,0.2,0.0
WI-07,house,WI,55125,4681,6614,0,0,11295,-17.11,-23.3,88.2,0.2,1.4,0.2,7.2,0.0
WI-07,house,WI,55129,3024,4661,0,0,7685,-21.31,-28.58,93.8,0.1,1.3,0.4,1.0,0.0
WI-07,house,WI,55141,5230,7011,0,0,12241,-14.56,-20.75,92.5,0.6,2.4,1.6,0.7,0.0
WI-08,house,WI,55009,50248,54282,0,0,104530,-3.86,-7.61,81.6,2.7,7.8,2.8,2.2,0.0
WI-08,house,WI,55015,8697,11606,0,0,20302,-14.33,-18.07,90.3,0.7,4.2,2.2,0.4,0.1
WI-08,house,WI,55029,7747,6913,0,0,14660,5.69,2.26,93.4,0.4,2.8,0.4,0.4,0.0
WI-08,house,WI,55061,3076,5663,0,0,8739,-29.61,-34.14,94.1,0.3,3.0,0.3,0.3,0.0
WI-08,house,WI,55075,5680,11411,0,0,17091,-33.53,-38.43,93.7,0.4,2.1,0.4,0.5,0.0
WI-08,house,WI,55078,915,186,0,0,1100,66.26,62.1,16.1,0.1,2.8,0.1,78.9,0.0
WI-08,house,WI,55083,5342,12096,0,0,17439,-38.73,-43.45,94.1,0.2,1.6,0.3,1.1,0.0
WI-08,house,WI,55087,36617,41733,0,0,78350,-6.53,-10.33,87.6,1.4,3.9,3.0,1.4,0.1
WI-08,house,WI,55115,5550,10900,0,0,16450,-32.52,-36.72,86.8,0.2,2.2,0.4,7.3,0.0
WI-08,house,WI,55135,7518,13764,0,0,21282,-29.34,-33.77,93.6,0.4,2.8,0.5,0.5,0.0
WI-08,house,WI,55139,465,909,0,0,1374,-32.27,-36.78,87.4,2.6,3.9,2.9,0.6,0.0
WV-01,house,WV,54005,1345,4232,123,0,5700,-51.78,-58.74,95.3,0.6,0.5,0.1,0.2,0.0
WV-01,house,WV,54007,993,2645,80,0,3719,-45.4,-52.79,96.4,0.5,0.5,0.2,0.2,0.1
WV-01,house,WV,54011,10188,14074,536,0,24798,-16.01,-22.35,88.4,4.9,1.5,1.5,0.2,0.0
WV-01,house,WV,54013,412,1599,44,0,2055,-59.07,-66.1,96.4,0.2,0.6,0.2,0.2,0.0
WV-01,house,WV,54015,478,1741,49,0,2268,-56.91,-63.49,95.4,0.1,0.5,0.2,0.5,0.0
WV-01,house,WV,54019,3425,7273,236,0,10934,-35.97,-42.64,90.3,4.3,1.1,0.3,0.3,0.0
WV-01,house,WV,54021,393,1213,35,0,1641,-51.06,-57.89,79.0,14.7,3.5,0.4,0.2,0.0
WV-01,house,WV,54025,3258,7012,227,0,10497,-36.55,-42.96,92.4,2.4,1.5,0.6,0.2,0.0
WV-01,house,WV,54035,2193,6589,194,0,8976,-50.05,-57.18,95.9,0.3,0.7,0.3,0.2,0.0
WV-01,house,WV,54039,22762,28760,1138,0,52660,-11.64,-17.83,86.3,7.2,1.3,1.2,0.2,0.0
WV-01,house,WV,54043,1088,3835,109,0,5031,-55.81,-63.71,96.5,0.2,0.7,0.1,0.1,0.0
WV-01,house,WV,54045,1547,6309,173,0,8029,-60.63,-67.43,94.9,1.9,0.6,0.2,0.1,0.0
WV-01,house,WV,54047,851,2865,82,0,3798,-54.2,-61.24,82.5,12.1,2.3,0.1,0.1,0.0
WV-01,house,WV,54053,1727,5497,159,0,7383,-52.17,-59.18,96.3,0.7,0.6,0.2,0.2,0.0
WV-01,house,WV,54055,3905,12249,357,0,16510,-51.65,-58.22,89.1,5.9,1.0,0.5,0.3,0.0
WV-01,house,WV,54059,933,4882,128,0,5944,-67.9,-74.7,95.0,1.8,0.6,0.1,0.2,0.0
WV-01,house,WV,54063,961,3400,96,0,4457,-55.93,-63.0,95.5,0.8,0.8,0.1,0.2,0.0
WV-01,house,WV,54067,1566,5308,152,0,7027,-54.43,-61.15,95.8,0.2,0.7,0.3,0.2,0.0
WV-01,house,WV,54071,560,1786,52,0,2398,-52.26,-59.61,95.3,1.4,0.8,0.0,0.1,0.0
WV-01,house,WV,54075,745,1927,59,0,2731,-44.22,-51.42,95.6,0.6,1.0,0.1,0.2,0.0
WV-01,house,WV,54079,5574,13266,416,0,19255,-40.83,-47.21,93.5,1.0,1.2,1.0,0.2,0.0
WV-01,house,WV,54081,5460,15749,468,0,21677,-48.51,-55.25,86.0,8.0,1.4,1.1,0.2,0.0
WV-01,house,WV,54087,991,2790,83,0,3865,-47.59,-54.95,95.0,0.2,0.8,0.3,0.2,0.0
WV-01,house,WV,54089,985,2620,80,0,3685,-45.34,-52.45,90.7,3.9,1.5,0.3,0.3,0.0
WV-01,house,WV,54099,2820,7966,238,0,11023,-47.72,-54.33,96.0,0.3,0.7,0.2,0.2,0.0
WV-01,house,WV,54101,406,1648,45,0,2099,-60.47,-67.6,97.1,0.1,0.3,0.1,0.1,0.0
WV-01,house,WV,54105,345,1422,39,0,1806,-60.95,-67.64,96.7,0.0,0.3,0.0,0.0,0.1
WV-01,house,WV,54109,842,4340,114,0,5296,-67.51,-73.81,96.4,0.5,0.7,0.1,0.1,0.0
WV-02,house,WV,54001,915,3562,0,0,4477,-59.11,-61.75,93.3,2.0,1.1,0.2,0.3,0.0
WV-02,house,WV,54003,12838,26433,0,0,39270,-34.62,-36.46,81.8,7.5,4.5,1.3,0.2,0.0
WV-02,house,WV,54009,1922,4919,0,0,6841,-43.81,-45.45,93.4,1.6,0.9,0.3,0.2,0.0
WV-02,house,WV,54017,285,1785,0,0,2070,-72.5,-74.34,93.5,2.6,0.8,0.2,0.2,0.0
WV-02,house,WV,54023,425,3474,0,0,3898,-78.21,-79.93,95.5,0.7,0.7,0.3,0.1,0.0
WV-02,house,WV,54027,1408,5943,0,0,7351,-61.69,-63.49,94.5,0.7,1.1,0.3,0.1,0.0
WV-02,house,WV,54029,2480,6648,0,0,9128,-45.66,-47.58,92.4,2.3,1.2,0.4,0.1,0.0
WV-02,house,WV,54031,967,3521,0,0,4488,-56.89,-58.79,90.2,2.8,3.7,0.4,0.1,0.0
WV-02,house,WV,54033,6198,14448,0,0,20646,-39.96,-41.82,91.9,1.7,1.9,0.7,0.2,0.0
WV-02,house,WV,54037,8780,11627,0,0,20406,-13.95,-16.14,81.8,6.2,5.8,1.5,0.2,0.0
WV-02,house,WV,54041,1021,3913,0,0,4934,-58.6,-60.36,95.1,0.4,0.9,0.4,0.1,0.1
WV-02,house,WV,54049,5988,11255,0,0,17243,-30.55,-31.98,90.5,3.2,1.4,0.4,0.2,0.1
WV-02,house,WV,54051,2327,6939,0,0,9266,-49.78,-50.96,94.4,0.9,1.0,0.4,0.1,0.0
WV-02,house,WV,54057,1835,7199,0,0,9034,-59.38,-60.99,92.4,2.8,0.9,0.4,0.2,0.0
WV-02,house,WV,54061,14040,14970,0,0,29010,-3.21,-4.51,85.2,3.8,2.8,3.5,0.1,0.1
WV-02,house,WV,54065,1442,4926,0,0,6368,-54.71,-56.52,94.2,0.6,1.1,0.5,0.2,0.0
WV-02,house,WV,54069,4852,8227,0,0,13078,-25.8,-26.56,90.5,3.6,1.2,0.9,0.1,0.0
WV-02,house,WV,54073,485,1857,0,0,2342,-58.55,-60.07,94.7,1.4,0.6,0.1,0.3,0.0
WV-02,house,WV,54077,2192,7907,0,0,10099,-56.59,-58.2,87.8,7.1,2.1,0.2,0.2,0.0
WV-02,house,WV,54083,2219,5897,0,0,8116,-45.31,-47.06,93.9,1.5,0.9,0.3,0.2,0.0
WV-02,house,WV,54085,389,2447,0,0,2836,-72.55,-74.09,96.4,0.2,0.6,0.2,0.1,0.1
WV-02,house,WV,54091,1251,3835,0,0,5087,-50.81,-52.4,94.2,0.7,0.9,0.3,0.1,0.0
WV-02,house,WV,54093,647,1898,0,0,2545,-49.15,-49.99,96.1,0.1,0.7,0.1,0.1,0.0
WV-02,house,WV,54095,413,2120,0,0,2533,-67.41,-68.75,96.2,0.0,0.6,0.0,0.2,0.0
WV-02,house,WV,54097,1508,5394,0,0,6902,-56.3,-57.94,94.2,1.0,1.2,0.4,0.2,0.0
WV-02,house,WV,54103,977,3342,0,0,4319,-54.75,-56.96,95.4,0.2,0.9,0.3,0.2,0.0
WV-02,house,WV,54107,7467,18652,0,0,26120,-42.82,-43.77,93.3,1.2,1.2,0.7,0.2,0.0
WY-01,house,WY,56001,6122,5409,489,489,12509,6.18,-3.23,81.6,1.0,9.3,2.8,0.7,0.1
WY-01,house,WY,56003,653,3059,157,157,4027,-64.81,-73.58,88.0,0.1,7.4,0.4,0.8,0.1
WY-01,house,WY,56005,1773,10066,502,502,12843,-70.05,-77.75,86.5,0.5,7.5,0.7,1.0,0.1
WY-01,house,WY,56007,1037,3085,175,175,4471,-49.69,-59.07,78.3,1.0,15.8,0.7,1.1,0.1
WY-01,house,WY,56009,735,3615,184,184,4718,-66.22,-74.4,89.0,0.2,6.5,0.5,0.5,0.0
WY-01,house,WY,56011,401,2403,119,119,3042,-71.43,-79.14,94.3,0.0,1.6,0.2,0.6,0.0
WY-01,house,WY,56013,3898,7235,472,472,12078,-29.97,-38.09,72.7,0.5,5.2,0.6,16.6,0.0
WY-01,house,WY,56015,930,3054,169,169,4322,-53.32,-61.78,87.2,0.7,8.4,0.4,0.7,0.0
WY-01,house,WY,56017,392,1299,72,72,1834,-53.66,-62.02,91.2,0.2,2.7,0.5,0.8,0.0
WY-01,house,WY,56019,695,2466,134,134,3429,-56.04,-64.58,91.7,0.2,3.3,0.2,0.7,0.1
WY-01,house,WY,56021,10614,17362,1187,1187,30350,-24.12,-32.95,77.8,2.3,13.3,1.3,0.6,0.1
WY-01,house,WY,56023,1358,5638,297,297,7590,-61.18,-69.32,91.6,0.1,4.3,0.5,0.5,0.1
WY-01,house,WY,56025,6400,15489,928,928,23745,-41.52,-49.48,85.8,0.9,7.4,0.8,0.9,0.1
WY-01,house,WY,56027,111,685,34,34,864,-72.05,-81.64,92.5,0.2,2.8,0.3,1.3,0.2
WY-01,house,WY,56029,2621,8173,458,458,11710,-51.43,-60.09,90.4,0.2,4.7,0.7,0.4,0.0
WY-01,house,WY,56031,657,2418,130,130,3336,-57.26,-66.48,88.8,0.0,6.7,0.5,0.8,0.1
WY-01,house,WY,56033,3050,7549,450,450,11498,-42.44,-50.88,90.4,0.3,3.7,0.6,1.0,0.1
WY-01,house,WY,56035,729,2449,135,135,3447,-54.14,-61.87,89.3,0.2,5.8,0.5,0.4,0.2
WY-01,house,WY,56037,2929,7846,457,457,11689,-45.63,-54.14,79.3,0.8,14.2,0.8,0.6,0.1
WY-01,house,WY,56039,6185,2381,364,364,9293,44.41,35.82,83.5,0.2,11.5,1.3,0.3,0.0
WY-01,house,WY,56041,1277,4588,249,249,6363,-56.44,-64.7,87.2,0.2,8.3,0.5,0.6,0.1
WY-01,house,WY,56043,534,1968,106,106,2714,-57.31,-65.3,84.2,0.1,11.3,0.5,0.5,0.0
WY-01,house,WY,56045,339,1927,96,96,2459,-70.06,-78.07,90.7,0.4,4.0,0.4,1.4,0.1
