state,chamber,race_code,tip_prob,is_tipping_point
AL,House,AL-HD-1,1.44,0
AL,House,AL-HD-100,1.41,0
AL,House,AL-HD-101,1.44,0
AL,House,AL-HD-102,1.56,0
AL,House,AL-HD-104,1.53,0
AL,House,AL-HD-105,1.53,0
AL,House,AL-HD-11,1.26,0
AL,House,AL-HD-12,1.4,0
AL,House,AL-HD-13,1.53,0
AL,House,AL-HD-14,1.6,0
AL,House,AL-HD-15,1.2,0
AL,House,AL-HD-16,0.04,0
AL,House,AL-HD-17,1.3,1
AL,House,AL-HD-18,1.5,0
AL,House,AL-HD-2,0.01,0
AL,House,AL-HD-20,1.7,0
AL,House,AL-HD-21,1.89,0
AL,House,AL-HD-22,1.49,0
AL,House,AL-HD-23,1.33,0
AL,House,AL-HD-24,1.49,0
AL,House,AL-HD-25,0.59,0
AL,House,AL-HD-26,1.51,0
AL,House,AL-HD-27,1.55,0
AL,House,AL-HD-28,1.69,0
AL,House,AL-HD-29,1.44,0
AL,House,AL-HD-3,1.56,0
AL,House,AL-HD-30,1.52,0
AL,House,AL-HD-31,1.67,0
AL,House,AL-HD-32,0.02,0
AL,House,AL-HD-33,1.41,0
AL,House,AL-HD-34,1.46,0
AL,House,AL-HD-35,1.54,0
AL,House,AL-HD-36,1.23,0
AL,House,AL-HD-37,1.84,0
AL,House,AL-HD-38,0.76,0
AL,House,AL-HD-39,1.46,0
AL,House,AL-HD-4,1.39,0
AL,House,AL-HD-40,0.07,0
AL,House,AL-HD-41,0.62,0
AL,House,AL-HD-42,1.34,0
AL,House,AL-HD-43,0.96,0
AL,House,AL-HD-44,1.51,0
AL,House,AL-HD-45,0.59,0
AL,House,AL-HD-46,1.23,0
AL,House,AL-HD-47,1.43,0
AL,House,AL-HD-48,1.4,0
AL,House,AL-HD-49,1.5,0
AL,House,AL-HD-5,0.72,0
AL,House,AL-HD-50,0.43,0
AL,House,AL-HD-51,1.73,0
AL,House,AL-HD-6,1.51,0
AL,House,AL-HD-61,1.31,0
AL,House,AL-HD-62,1.52,0
AL,House,AL-HD-63,1.3,0
AL,House,AL-HD-64,1.44,0
AL,House,AL-HD-65,1.64,0
AL,House,AL-HD-66,1.37,0
AL,House,AL-HD-7,1.42,0
AL,House,AL-HD-73,1.59,0
AL,House,AL-HD-75,1.49,0
AL,House,AL-HD-79,1.4,0
AL,House,AL-HD-8,1.01,0
AL,House,AL-HD-80,1.41,0
AL,House,AL-HD-81,1.56,0
AL,House,AL-HD-85,1.06,0
AL,House,AL-HD-86,1.4,0
AL,House,AL-HD-87,1.27,0
AL,House,AL-HD-88,1.34,0
AL,House,AL-HD-89,1.43,0
AL,House,AL-HD-9,1.38,0
AL,House,AL-HD-90,1.37,0
AL,House,AL-HD-91,1.57,0
AL,House,AL-HD-92,1.54,0
AL,House,AL-HD-93,0.22,0
AL,House,AL-HD-94,1.35,0
AL,House,AL-HD-95,1.53,0
AL,House,AL-HD-96,1.75,0
AL,Senate,AL-SD-1,5.0,0
AL,Senate,AL-SD-10,5.42,0
AL,Senate,AL-SD-11,1.44,0
AL,Senate,AL-SD-12,4.81,1
AL,Senate,AL-SD-13,1.94,0
AL,Senate,AL-SD-14,2.94,0
AL,Senate,AL-SD-15,5.42,0
AL,Senate,AL-SD-16,4.71,0
AL,Senate,AL-SD-17,4.91,0
AL,Senate,AL-SD-2,0.04,0
AL,Senate,AL-SD-21,5.47,0
AL,Senate,AL-SD-22,2.94,0
AL,Senate,AL-SD-25,4.98,0
AL,Senate,AL-SD-27,4.77,0
AL,Senate,AL-SD-29,0.58,0
AL,Senate,AL-SD-3,3.35,0
AL,Senate,AL-SD-30,5.1,0
AL,Senate,AL-SD-31,5.12,0
AL,Senate,AL-SD-32,0.91,0
AL,Senate,AL-SD-34,4.88,0
AL,Senate,AL-SD-35,5.1,0
AL,Senate,AL-SD-4,5.54,0
AL,Senate,AL-SD-5,5.26,0
AL,Senate,AL-SD-6,0.92,0
AL,Senate,AL-SD-7,2.1,0
AL,Senate,AL-SD-8,0.82,0
AL,Senate,AL-SD-9,5.53,0
AK,House,AK-HD-1,4.73,1
AK,House,AK-HD-10,4.72,0
AK,House,AK-HD-11,7.05,0
AK,House,AK-HD-12,4.64,0
AK,House,AK-HD-15,5.13,0
AK,House,AK-HD-18,1.16,0
AK,House,AK-HD-2,4.81,0
AK,House,AK-HD-22,0.02,0
AK,House,AK-HD-23,12.01,0
AK,House,AK-HD-24,4.78,0
AK,House,AK-HD-25,4.37,0
AK,House,AK-HD-26,0.08,0
AK,House,AK-HD-27,4.81,0
AK,House,AK-HD-28,0.26,0
AK,House,AK-HD-29,0.67,0
AK,House,AK-HD-30,0.63,0
AK,House,AK-HD-31,0.22,0
AK,House,AK-HD-32,4.64,0
AK,House,AK-HD-33,5.1,0
AK,House,AK-HD-34,4.71,0
AK,House,AK-HD-35,0.02,0
AK,House,AK-HD-36,4.5,0
AK,House,AK-HD-37,1.13,0
AK,House,AK-HD-5,4.68,0
AK,House,AK-HD-6,5.01,0
AK,House,AK-HD-7,0.62,0
AK,House,AK-HD-8,4.93,0
AK,House,AK-HD-9,4.57,0
AK,Senate,AK-SD-A,22.62,1
AK,Senate,AK-SD-C,23.44,0
AK,Senate,AK-SD-E,23.81,0
AK,Senate,AK-SD-M,5.27,0
AK,Senate,AK-SD-O,0.86,0
AK,Senate,AK-SD-Q,23.88,0
AK,Senate,AK-SD-S,0.12,0
AZ,House,AZ-HD-10A,5.95,0
AZ,House,AZ-HD-10B,0.39,0
AZ,House,AZ-HD-12A,0.19,0
AZ,House,AZ-HD-12B,1.62,0
AZ,House,AZ-HD-13A,8.07,0
AZ,House,AZ-HD-13B,7.99,0
AZ,House,AZ-HD-14A,7.67,0
AZ,House,AZ-HD-14B,0.14,0
AZ,House,AZ-HD-15A,0.17,0
AZ,House,AZ-HD-15B,0.11,0
AZ,House,AZ-HD-16A,9.1,0
AZ,House,AZ-HD-16B,0.16,0
AZ,House,AZ-HD-17A,3.11,0
AZ,House,AZ-HD-17B,7.22,0
AZ,House,AZ-HD-18B,0.17,0
AZ,House,AZ-HD-19A,1.28,0
AZ,House,AZ-HD-19B,0.22,0
AZ,House,AZ-HD-1A,0.07,0
AZ,House,AZ-HD-1B,0.07,0
AZ,House,AZ-HD-20A,0.15,0
AZ,House,AZ-HD-20B,0.23,0
AZ,House,AZ-HD-21B,0.2,0
AZ,House,AZ-HD-22A,0.18,0
AZ,House,AZ-HD-22B,0.12,0
AZ,House,AZ-HD-23A,2.41,0
AZ,House,AZ-HD-23B,3.88,0
AZ,House,AZ-HD-24A,0.18,0
AZ,House,AZ-HD-24B,0.48,0
AZ,House,AZ-HD-25A,0.14,0
AZ,House,AZ-HD-25B,0.16,0
AZ,House,AZ-HD-27A,0.23,0
AZ,House,AZ-HD-27B,0.1,0
AZ,House,AZ-HD-28A,0.1,0
AZ,House,AZ-HD-28B,0.05,0
AZ,House,AZ-HD-29A,1.55,0
AZ,House,AZ-HD-29B,0.14,0
AZ,House,AZ-HD-2A,9.82,0
AZ,House,AZ-HD-2B,0.09,0
AZ,House,AZ-HD-30A,0.01,0
AZ,House,AZ-HD-30B,0.16,0
AZ,House,AZ-HD-3A,4.59,0
AZ,House,AZ-HD-3B,0.81,0
AZ,House,AZ-HD-4A,9.72,1
AZ,House,AZ-HD-4B,7.27,0
AZ,House,AZ-HD-5A,0.23,0
AZ,House,AZ-HD-5B,0.27,0
AZ,House,AZ-HD-6A,0.15,0
AZ,House,AZ-HD-6B,0.12,0
AZ,House,AZ-HD-7B,0.1,0
AZ,House,AZ-HD-8A,0.03,0
AZ,House,AZ-HD-8B,0.12,0
AZ,House,AZ-HD-9A,2.37,0
AZ,House,AZ-HD-9B,0.14,0
AZ,Senate,AZ-SD-10,2.07,0
AZ,Senate,AZ-SD-12,0.38,0
AZ,Senate,AZ-SD-13,20.55,1
AZ,Senate,AZ-SD-14,14.5,0
AZ,Senate,AZ-SD-15,1.87,0
AZ,Senate,AZ-SD-16,10.67,0
AZ,Senate,AZ-SD-17,18.21,0
AZ,Senate,AZ-SD-18,0.03,0
AZ,Senate,AZ-SD-19,1.75,0
AZ,Senate,AZ-SD-2,3.95,0
AZ,Senate,AZ-SD-20,0.36,0
AZ,Senate,AZ-SD-21,0.04,0
AZ,Senate,AZ-SD-22,0.45,0
AZ,Senate,AZ-SD-23,2.21,0
AZ,Senate,AZ-SD-24,0.04,0
AZ,Senate,AZ-SD-25,0.71,0
AZ,Senate,AZ-SD-26,0.02,0
AZ,Senate,AZ-SD-27,0.98,0
AZ,Senate,AZ-SD-28,0.34,0
AZ,Senate,AZ-SD-29,3.45,0
AZ,Senate,AZ-SD-3,0.38,0
AZ,Senate,AZ-SD-30,0.37,0
AZ,Senate,AZ-SD-4,13.09,0
AZ,Senate,AZ-SD-5,0.34,0
AZ,Senate,AZ-SD-6,0.19,0
AZ,Senate,AZ-SD-7,0.78,0
AZ,Senate,AZ-SD-8,0.06,0
AZ,Senate,AZ-SD-9,2.21,0
AR,House,AR-HD-1,1.69,0
AR,House,AR-HD-10,0.66,0
AR,House,AR-HD-100,1.61,0
AR,House,AR-HD-11,1.06,0
AR,House,AR-HD-12,1.5,0
AR,House,AR-HD-13,0.71,0
AR,House,AR-HD-14,1.57,0
AR,House,AR-HD-15,0.43,0
AR,House,AR-HD-16,1.54,0
AR,House,AR-HD-17,1.62,0
AR,House,AR-HD-18,1.6,0
AR,House,AR-HD-19,0.42,0
AR,House,AR-HD-2,1.45,0
AR,House,AR-HD-23,1.19,1
AR,House,AR-HD-24,0.04,0
AR,House,AR-HD-25,1.31,0
AR,House,AR-HD-26,1.05,0
AR,House,AR-HD-27,1.39,0
AR,House,AR-HD-28,1.39,0
AR,House,AR-HD-29,0.85,0
AR,House,AR-HD-3,0.09,0
AR,House,AR-HD-30,1.54,0
AR,House,AR-HD-31,1.66,0
AR,House,AR-HD-32,0.52,0
AR,House,AR-HD-33,1.55,0
AR,House,AR-HD-34,0.35,0
AR,House,AR-HD-35,0.08,0
AR,House,AR-HD-36,1.6,0
AR,House,AR-HD-37,1.33,0
AR,House,AR-HD-38,1.36,0
AR,House,AR-HD-39,1.48,0
AR,House,AR-HD-4,1.36,0
AR,House,AR-HD-40,1.36,0
AR,House,AR-HD-41,1.47,0
AR,House,AR-HD-42,1.59,0
AR,House,AR-HD-43,1.62,0
AR,House,AR-HD-44,1.66,0
AR,House,AR-HD-45,1.59,0
AR,House,AR-HD-46,1.5,0
AR,House,AR-HD-47,1.38,0
AR,House,AR-HD-48,1.48,0
AR,House,AR-HD-5,1.3,0
AR,House,AR-HD-50,1.64,0
AR,House,AR-HD-51,0.13,0
AR,House,AR-HD-52,1.57,0
AR,House,AR-HD-53,1.41,0
AR,House,AR-HD-54,1.61,0
AR,House,AR-HD-55,0.82,0
AR,House,AR-HD-56,0.01,0
AR,House,AR-HD-57,1.55,0
AR,House,AR-HD-58,1.48,0
AR,House,AR-HD-59,1.28,0
AR,House,AR-HD-6,1.38,0
AR,House,AR-HD-60,0.44,0
AR,House,AR-HD-61,1.44,0
AR,House,AR-HD-62,0.04,0
AR,House,AR-HD-67,0.01,0
AR,House,AR-HD-68,1.29,0
AR,House,AR-HD-69,1.45,0
AR,House,AR-HD-7,1.61,0
AR,House,AR-HD-70,0.01,0
AR,House,AR-HD-71,0.01,0
AR,House,AR-HD-78,1.67,0
AR,House,AR-HD-8,1.41,0
AR,House,AR-HD-81,1.54,0
AR,House,AR-HD-82,1.57,0
AR,House,AR-HD-83,1.32,0
AR,House,AR-HD-84,1.21,0
AR,House,AR-HD-85,1.48,0
AR,House,AR-HD-86,1.35,0
AR,House,AR-HD-87,1.21,0
AR,House,AR-HD-88,1.47,0
AR,House,AR-HD-89,1.54,0
AR,House,AR-HD-90,1.4,0
AR,House,AR-HD-91,1.24,0
AR,House,AR-HD-92,1.65,0
AR,House,AR-HD-93,1.4,0
AR,House,AR-HD-94,1.39,0
AR,House,AR-HD-95,1.46,0
AR,House,AR-HD-96,1.43,0
AR,House,AR-HD-97,1.37,0
AR,House,AR-HD-98,1.31,0
AR,House,AR-HD-99,1.45,0
AR,Senate,AR-SD-10,9.68,0
AR,Senate,AR-SD-11,9.47,0
AR,Senate,AR-SD-13,0.01,0
AR,Senate,AR-SD-16,1.21,0
AR,Senate,AR-SD-2,9.88,0
AR,Senate,AR-SD-21,9.69,0
AR,Senate,AR-SD-24,9.55,0
AR,Senate,AR-SD-27,1.63,0
AR,Senate,AR-SD-28,9.73,0
AR,Senate,AR-SD-31,10.0,0
AR,Senate,AR-SD-32,9.73,1
AR,Senate,AR-SD-35,9.19,0
AR,Senate,AR-SD-7,10.23,0
CA,Assembly,CA-AD-10,0.71,0
CA,Assembly,CA-AD-11,2.62,0
CA,Assembly,CA-AD-12,2.58,0
CA,Assembly,CA-AD-13,2.13,0
CA,Assembly,CA-AD-14,2.41,0
CA,Assembly,CA-AD-15,2.6,0
CA,Assembly,CA-AD-16,0.81,0
CA,Assembly,CA-AD-17,2.78,0
CA,Assembly,CA-AD-18,2.48,0
CA,Assembly,CA-AD-19,0.06,0
CA,Assembly,CA-AD-2,1.07,0
CA,Assembly,CA-AD-20,0.22,0
CA,Assembly,CA-AD-21,0.1,0
CA,Assembly,CA-AD-23,0.1,0
CA,Assembly,CA-AD-24,0.43,0
CA,Assembly,CA-AD-25,0.4,0
CA,Assembly,CA-AD-26,0.17,0
CA,Assembly,CA-AD-27,0.46,0
CA,Assembly,CA-AD-28,0.48,0
CA,Assembly,CA-AD-29,1.46,0
CA,Assembly,CA-AD-30,2.45,0
CA,Assembly,CA-AD-31,2.09,0
CA,Assembly,CA-AD-34,0.01,0
CA,Assembly,CA-AD-35,0.73,0
CA,Assembly,CA-AD-36,0.11,0
CA,Assembly,CA-AD-37,2.32,0
CA,Assembly,CA-AD-38,2.64,0
CA,Assembly,CA-AD-39,2.31,0
CA,Assembly,CA-AD-4,2.33,0
CA,Assembly,CA-AD-40,1.86,0
CA,Assembly,CA-AD-41,2.4,0
CA,Assembly,CA-AD-42,1.87,0
CA,Assembly,CA-AD-43,0.72,0
CA,Assembly,CA-AD-44,0.88,0
CA,Assembly,CA-AD-45,2.48,0
CA,Assembly,CA-AD-46,0.83,0
CA,Assembly,CA-AD-47,0.08,0
CA,Assembly,CA-AD-48,2.16,0
CA,Assembly,CA-AD-49,0.98,0
CA,Assembly,CA-AD-50,2.64,0
CA,Assembly,CA-AD-51,2.45,0
CA,Assembly,CA-AD-52,0.05,0
CA,Assembly,CA-AD-53,2.44,0
CA,Assembly,CA-AD-54,2.71,0
CA,Assembly,CA-AD-55,2.46,1
CA,Assembly,CA-AD-56,1.55,0
CA,Assembly,CA-AD-57,0.11,0
CA,Assembly,CA-AD-58,0.16,0
CA,Assembly,CA-AD-6,2.8,0
CA,Assembly,CA-AD-60,2.42,0
CA,Assembly,CA-AD-61,2.41,0
CA,Assembly,CA-AD-62,0.53,0
CA,Assembly,CA-AD-64,2.12,0
CA,Assembly,CA-AD-65,0.43,0
CA,Assembly,CA-AD-66,2.45,0
CA,Assembly,CA-AD-67,1.81,0
CA,Assembly,CA-AD-68,2.4,0
CA,Assembly,CA-AD-69,2.76,0
CA,Assembly,CA-AD-7,0.07,0
CA,Assembly,CA-AD-70,0.05,0
CA,Assembly,CA-AD-72,0.26,0
CA,Assembly,CA-AD-73,2.74,0
CA,Assembly,CA-AD-74,0.01,0
CA,Assembly,CA-AD-76,2.54,0
CA,Assembly,CA-AD-77,2.53,0
CA,Assembly,CA-AD-78,0.94,0
CA,Assembly,CA-AD-79,1.2,0
CA,Assembly,CA-AD-80,1.64,0
CA,Senate,CA-SD-10,12.74,0
CA,Senate,CA-SD-14,0.73,0
CA,Senate,CA-SD-16,0.98,0
CA,Senate,CA-SD-18,6.88,0
CA,Senate,CA-SD-2,12.71,0
CA,Senate,CA-SD-20,13.15,1
CA,Senate,CA-SD-22,6.96,0
CA,Senate,CA-SD-24,8.93,0
CA,Senate,CA-SD-26,8.66,0
CA,Senate,CA-SD-28,3.88,0
CA,Senate,CA-SD-30,9.27,0
CA,Senate,CA-SD-34,2.75,0
CA,Senate,CA-SD-38,3.04,0
CA,Senate,CA-SD-4,0.01,0
CA,Senate,CA-SD-40,0.2,0
CA,Senate,CA-SD-8,9.11,0
CO,House,CO-HD-1,0.63,0
CO,House,CO-HD-10,2.69,0
CO,House,CO-HD-11,2.83,0
CO,House,CO-HD-12,0.02,0
CO,House,CO-HD-13,3.42,0
CO,House,CO-HD-15,0.08,0
CO,House,CO-HD-16,1.94,0
CO,House,CO-HD-17,2.62,0
CO,House,CO-HD-18,3.66,0
CO,House,CO-HD-19,1.45,0
CO,House,CO-HD-2,0.01,0
CO,House,CO-HD-21,0.21,0
CO,House,CO-HD-22,0.01,0
CO,House,CO-HD-23,2.73,0
CO,House,CO-HD-24,3.21,0
CO,House,CO-HD-25,3.7,0
CO,House,CO-HD-26,3.59,1
CO,House,CO-HD-27,3.41,0
CO,House,CO-HD-28,3.37,0
CO,House,CO-HD-29,0.91,0
CO,House,CO-HD-3,1.24,0
CO,House,CO-HD-30,1.05,0
CO,House,CO-HD-31,4.1,0
CO,House,CO-HD-32,4.04,0
CO,House,CO-HD-33,0.93,0
CO,House,CO-HD-34,4.01,0
CO,House,CO-HD-35,2.49,0
CO,House,CO-HD-36,0.61,0
CO,House,CO-HD-37,1.25,0
CO,House,CO-HD-38,2.47,0
CO,House,CO-HD-39,0.04,0
CO,House,CO-HD-40,2.56,0
CO,House,CO-HD-41,2.22,0
CO,House,CO-HD-42,2.3,0
CO,House,CO-HD-43,3.66,0
CO,House,CO-HD-44,0.02,0
CO,House,CO-HD-46,3.8,0
CO,House,CO-HD-49,0.72,0
CO,House,CO-HD-5,0.04,0
CO,House,CO-HD-50,0.62,0
CO,House,CO-HD-51,1.82,0
CO,House,CO-HD-52,2.53,0
CO,House,CO-HD-53,0.04,0
CO,House,CO-HD-57,3.5,0
CO,House,CO-HD-58,0.07,0
CO,House,CO-HD-59,3.48,0
CO,House,CO-HD-6,0.02,0
CO,House,CO-HD-61,3.74,0
CO,House,CO-HD-62,3.39,0
CO,House,CO-HD-7,2.62,0
CO,House,CO-HD-8,0.04,0
CO,House,CO-HD-9,0.09,0
CO,Senate,CO-SD-11,14.38,0
CO,Senate,CO-SD-15,9.11,0
CO,Senate,CO-SD-20,10.73,0
CO,Senate,CO-SD-22,7.28,0
CO,Senate,CO-SD-24,13.89,0
CO,Senate,CO-SD-25,12.51,0
CO,Senate,CO-SD-27,13.42,0
CO,Senate,CO-SD-3,1.45,0
CO,Senate,CO-SD-30,0.34,0
CO,Senate,CO-SD-32,1.96,0
CO,Senate,CO-SD-34,0.42,0
CO,Senate,CO-SD-4,0.14,0
CO,Senate,CO-SD-8,13.89,1
CO,Senate,CO-SD-9,0.48,0
CT,House,CT-HD-1,1.11,0
CT,House,CT-HD-10,0.45,0
CT,House,CT-HD-100,0.26,0
CT,House,CT-HD-101,0.91,0
CT,House,CT-HD-102,1.64,0
CT,House,CT-HD-103,1.3,0
CT,House,CT-HD-104,1.26,0
CT,House,CT-HD-106,0.03,0
CT,House,CT-HD-107,0.04,0
CT,House,CT-HD-108,0.02,0
CT,House,CT-HD-109,1.46,0
CT,House,CT-HD-11,0.12,0
CT,House,CT-HD-110,1.12,0
CT,House,CT-HD-111,0.99,0
CT,House,CT-HD-112,0.03,0
CT,House,CT-HD-113,0.05,0
CT,House,CT-HD-114,1.19,0
CT,House,CT-HD-115,0.6,0
CT,House,CT-HD-116,1.1,0
CT,House,CT-HD-117,1.42,0
CT,House,CT-HD-118,0.51,0
CT,House,CT-HD-119,0.06,0
CT,House,CT-HD-12,0.95,0
CT,House,CT-HD-120,1.37,0
CT,House,CT-HD-121,0.56,0
CT,House,CT-HD-123,0.07,0
CT,House,CT-HD-124,1.12,0
CT,House,CT-HD-125,0.27,0
CT,House,CT-HD-126,1.17,0
CT,House,CT-HD-127,1.24,0
CT,House,CT-HD-128,0.94,0
CT,House,CT-HD-129,1.18,0
CT,House,CT-HD-13,0.68,0
CT,House,CT-HD-130,1.03,0
CT,House,CT-HD-131,0.02,0
CT,House,CT-HD-132,0.46,0
CT,House,CT-HD-133,0.2,0
CT,House,CT-HD-134,1.69,0
CT,House,CT-HD-135,0.93,0
CT,House,CT-HD-136,0.23,0
CT,House,CT-HD-137,0.46,0
CT,House,CT-HD-138,1.51,0
CT,House,CT-HD-139,1.34,0
CT,House,CT-HD-14,0.28,0
CT,House,CT-HD-140,0.02,0
CT,House,CT-HD-141,0.3,0
CT,House,CT-HD-142,1.24,1
CT,House,CT-HD-143,0.95,0
CT,House,CT-HD-144,0.31,0
CT,House,CT-HD-145,0.15,0
CT,House,CT-HD-146,1.03,0
CT,House,CT-HD-147,0.94,0
CT,House,CT-HD-148,0.39,0
CT,House,CT-HD-149,0.34,0
CT,House,CT-HD-15,0.01,0
CT,House,CT-HD-150,1.42,0
CT,House,CT-HD-151,1.39,0
CT,House,CT-HD-16,0.88,0
CT,House,CT-HD-17,1.14,0
CT,House,CT-HD-18,0.05,0
CT,House,CT-HD-19,1.24,0
CT,House,CT-HD-2,1.45,0
CT,House,CT-HD-20,1.12,0
CT,House,CT-HD-21,1.22,0
CT,House,CT-HD-22,1.34,0
CT,House,CT-HD-23,0.81,0
CT,House,CT-HD-24,0.4,0
CT,House,CT-HD-25,0.18,0
CT,House,CT-HD-26,0.44,0
CT,House,CT-HD-27,0.79,0
CT,House,CT-HD-28,0.94,0
CT,House,CT-HD-29,1.13,0
CT,House,CT-HD-3,1.11,0
CT,House,CT-HD-30,0.03,0
CT,House,CT-HD-31,1.3,0
CT,House,CT-HD-32,0.04,0
CT,House,CT-HD-33,1.05,0
CT,House,CT-HD-34,0.56,0
CT,House,CT-HD-35,0.1,0
CT,House,CT-HD-36,1.12,0
CT,House,CT-HD-37,1.38,0
CT,House,CT-HD-38,1.1,0
CT,House,CT-HD-39,0.01,0
CT,House,CT-HD-4,1.08,0
CT,House,CT-HD-40,0.29,0
CT,House,CT-HD-41,0.35,0
CT,House,CT-HD-42,1.06,0
CT,House,CT-HD-43,0.21,0
CT,House,CT-HD-46,1.48,0
CT,House,CT-HD-47,0.02,0
CT,House,CT-HD-48,0.08,0
CT,House,CT-HD-49,0.57,0
CT,House,CT-HD-5,1.27,0
CT,House,CT-HD-50,1.03,0
CT,House,CT-HD-53,0.16,0
CT,House,CT-HD-54,1.01,0
CT,House,CT-HD-55,0.27,0
CT,House,CT-HD-56,1.52,0
CT,House,CT-HD-57,1.19,0
CT,House,CT-HD-58,1.42,0
CT,House,CT-HD-59,0.03,0
CT,House,CT-HD-6,0.01,0
CT,House,CT-HD-60,0.46,0
CT,House,CT-HD-61,0.02,0
CT,House,CT-HD-62,0.02,0
CT,House,CT-HD-64,0.93,0
CT,House,CT-HD-66,0.02,0
CT,House,CT-HD-67,0.01,0
CT,House,CT-HD-7,1.11,0
CT,House,CT-HD-71,0.02,0
CT,House,CT-HD-72,1.2,0
CT,House,CT-HD-73,1.3,0
CT,House,CT-HD-74,1.39,0
CT,House,CT-HD-75,0.86,0
CT,House,CT-HD-77,0.02,0
CT,House,CT-HD-79,1.06,0
CT,House,CT-HD-8,0.49,0
CT,House,CT-HD-81,1.05,0
CT,House,CT-HD-82,1.09,0
CT,House,CT-HD-83,0.62,0
CT,House,CT-HD-84,1.19,0
CT,House,CT-HD-85,0.61,0
CT,House,CT-HD-87,0.01,0
CT,House,CT-HD-88,0.01,0
CT,House,CT-HD-9,1.2,0
CT,House,CT-HD-90,0.08,0
CT,House,CT-HD-91,0.93,0
CT,House,CT-HD-92,1.13,0
CT,House,CT-HD-93,1.14,0
CT,House,CT-HD-94,1.1,0
CT,House,CT-HD-95,1.18,0
CT,House,CT-HD-96,0.95,0
CT,House,CT-HD-97,1.02,0
CT,House,CT-HD-98,0.92,0
CT,House,CT-HD-99,1.02,0
CT,Senate,CT-SD-1,3.31,0
CT,Senate,CT-SD-10,2.96,0
CT,Senate,CT-SD-11,2.94,0
CT,Senate,CT-SD-12,4.96,0
CT,Senate,CT-SD-13,2.94,0
CT,Senate,CT-SD-14,5.0,0
CT,Senate,CT-SD-15,4.28,0
CT,Senate,CT-SD-16,0.09,0
CT,Senate,CT-SD-17,4.99,1
CT,Senate,CT-SD-18,0.53,0
CT,Senate,CT-SD-19,4.68,0
CT,Senate,CT-SD-20,5.86,0
CT,Senate,CT-SD-21,0.21,0
CT,Senate,CT-SD-22,1.69,0
CT,Senate,CT-SD-23,2.9,0
CT,Senate,CT-SD-24,5.51,0
CT,Senate,CT-SD-25,1.92,0
CT,Senate,CT-SD-26,2.84,0
CT,Senate,CT-SD-27,3.24,0
CT,Senate,CT-SD-28,4.08,0
CT,Senate,CT-SD-29,3.98,0
CT,Senate,CT-SD-3,2.62,0
CT,Senate,CT-SD-30,0.15,0
CT,Senate,CT-SD-31,0.13,0
CT,Senate,CT-SD-32,0.05,0
CT,Senate,CT-SD-33,4.46,0
CT,Senate,CT-SD-34,0.11,0
CT,Senate,CT-SD-35,0.77,0
CT,Senate,CT-SD-36,4.6,0
CT,Senate,CT-SD-4,2.12,0
CT,Senate,CT-SD-5,3.17,0
CT,Senate,CT-SD-6,4.78,0
CT,Senate,CT-SD-7,0.62,0
CT,Senate,CT-SD-8,4.68,0
CT,Senate,CT-SD-9,2.83,0
DE,House,DE-HD-1,0.04,0
DE,House,DE-HD-10,4.69,0
DE,House,DE-HD-11,0.3,0
DE,House,DE-HD-12,4.53,0
DE,House,DE-HD-13,4.7,0
DE,House,DE-HD-14,5.24,0
DE,House,DE-HD-15,2.79,0
DE,House,DE-HD-16,0.27,0
DE,House,DE-HD-17,2.39,0
DE,House,DE-HD-18,1.6,0
DE,House,DE-HD-19,5.13,0
DE,House,DE-HD-2,0.04,0
DE,House,DE-HD-20,4.56,0
DE,House,DE-HD-21,5.5,0
DE,House,DE-HD-22,5.13,0
DE,House,DE-HD-23,4.14,0
DE,House,DE-HD-24,4.5,0
DE,House,DE-HD-25,3.75,0
DE,House,DE-HD-26,1.16,0
DE,House,DE-HD-27,5.43,0
DE,House,DE-HD-28,5.03,0
DE,House,DE-HD-29,4.36,0
DE,House,DE-HD-3,0.1,0
DE,House,DE-HD-31,1.9,0
DE,House,DE-HD-32,5.05,1
DE,House,DE-HD-34,2.05,0
DE,House,DE-HD-36,0.14,0
DE,House,DE-HD-37,0.15,0
DE,House,DE-HD-38,0.12,0
DE,House,DE-HD-4,0.44,0
DE,House,DE-HD-5,0.14,0
DE,House,DE-HD-6,2.75,0
DE,House,DE-HD-7,2.39,0
DE,House,DE-HD-8,5.36,0
DE,House,DE-HD-9,4.13,0
DE,Senate,DE-SD-1,8.57,0
DE,Senate,DE-SD-12,16.26,0
DE,Senate,DE-SD-13,7.23,0
DE,Senate,DE-SD-14,3.17,0
DE,Senate,DE-SD-15,0.03,0
DE,Senate,DE-SD-19,0.09,0
DE,Senate,DE-SD-20,0.01,0
DE,Senate,DE-SD-5,18.53,0
DE,Senate,DE-SD-7,10.9,0
DE,Senate,DE-SD-8,18.56,1
DE,Senate,DE-SD-9,16.65,0
FL,House,FL-HD-1,0.9,0
FL,House,FL-HD-10,0.42,0
FL,House,FL-HD-100,1.12,0
FL,House,FL-HD-101,1.17,0
FL,House,FL-HD-102,0.15,0
FL,House,FL-HD-103,0.01,0
FL,House,FL-HD-106,2.17,0
FL,House,FL-HD-11,0.29,0
FL,House,FL-HD-110,0.41,0
FL,House,FL-HD-111,0.24,0
FL,House,FL-HD-112,0.25,0
FL,House,FL-HD-113,0.05,0
FL,House,FL-HD-114,0.38,0
FL,House,FL-HD-115,2.09,0
FL,House,FL-HD-116,1.75,0
FL,House,FL-HD-118,0.8,0
FL,House,FL-HD-119,1.13,0
FL,House,FL-HD-12,1.33,0
FL,House,FL-HD-120,0.41,0
FL,House,FL-HD-15,0.32,0
FL,House,FL-HD-16,0.34,0
FL,House,FL-HD-17,2.21,0
FL,House,FL-HD-18,0.39,0
FL,House,FL-HD-19,1.52,0
FL,House,FL-HD-2,1.98,0
FL,House,FL-HD-20,0.04,0
FL,House,FL-HD-22,2.1,0
FL,House,FL-HD-23,0.02,0
FL,House,FL-HD-24,0.3,0
FL,House,FL-HD-25,1.55,0
FL,House,FL-HD-26,0.81,0
FL,House,FL-HD-27,0.3,0
FL,House,FL-HD-28,2.23,0
FL,House,FL-HD-29,2.21,0
FL,House,FL-HD-30,0.8,0
FL,House,FL-HD-31,2.12,0
FL,House,FL-HD-32,1.54,0
FL,House,FL-HD-33,2.05,0
FL,House,FL-HD-34,0.52,0
FL,House,FL-HD-35,2.19,0
FL,House,FL-HD-36,1.69,0
FL,House,FL-HD-37,0.19,0
FL,House,FL-HD-38,0.45,0
FL,House,FL-HD-39,1.98,0
FL,House,FL-HD-4,0.09,0
FL,House,FL-HD-42,0.11,0
FL,House,FL-HD-43,0.03,0
FL,House,FL-HD-45,0.11,0
FL,House,FL-HD-48,1.72,0
FL,House,FL-HD-49,0.51,0
FL,House,FL-HD-50,1.83,0
FL,House,FL-HD-51,1.89,0
FL,House,FL-HD-52,0.1,0
FL,House,FL-HD-53,0.87,0
FL,House,FL-HD-54,0.26,0
FL,House,FL-HD-55,1.91,0
FL,House,FL-HD-56,0.72,0
FL,House,FL-HD-57,2.23,0
FL,House,FL-HD-58,2.09,0
FL,House,FL-HD-59,2.09,0
FL,House,FL-HD-6,0.29,0
FL,House,FL-HD-60,0.23,0
FL,House,FL-HD-61,2.36,0
FL,House,FL-HD-63,0.01,0
FL,House,FL-HD-64,0.45,0
FL,House,FL-HD-65,2.07,0
FL,House,FL-HD-66,2.44,0
FL,House,FL-HD-67,0.1,0
FL,House,FL-HD-68,1.83,0
FL,House,FL-HD-69,2.08,1
FL,House,FL-HD-7,0.27,0
FL,House,FL-HD-70,1.97,0
FL,House,FL-HD-71,2.04,0
FL,House,FL-HD-72,0.65,0
FL,House,FL-HD-73,2.15,0
FL,House,FL-HD-74,2.08,0
FL,House,FL-HD-75,0.85,0
FL,House,FL-HD-76,0.26,0
FL,House,FL-HD-77,0.97,0
FL,House,FL-HD-78,1.81,0
FL,House,FL-HD-79,0.26,0
FL,House,FL-HD-80,0.72,0
FL,House,FL-HD-81,0.66,0
FL,House,FL-HD-82,1.59,0
FL,House,FL-HD-83,0.05,0
FL,House,FL-HD-84,2.1,0
FL,House,FL-HD-85,1.68,0
FL,House,FL-HD-86,0.85,0
FL,House,FL-HD-87,0.25,0
FL,House,FL-HD-9,0.02,0
FL,House,FL-HD-91,2.13,0
FL,House,FL-HD-93,1.08,0
FL,House,FL-HD-94,2.21,0
FL,House,FL-HD-95,0.01,0
FL,Senate,FL-SD-10,0.99,0
FL,Senate,FL-SD-12,15.53,0
FL,Senate,FL-SD-14,0.19,0
FL,Senate,FL-SD-18,5.96,0
FL,Senate,FL-SD-2,3.48,0
FL,Senate,FL-SD-20,12.52,0
FL,Senate,FL-SD-22,4.16,0
FL,Senate,FL-SD-26,0.01,0
FL,Senate,FL-SD-28,11.66,0
FL,Senate,FL-SD-36,7.54,0
FL,Senate,FL-SD-38,3.26,0
FL,Senate,FL-SD-4,12.49,0
FL,Senate,FL-SD-40,15.78,1
FL,Senate,FL-SD-6,1.21,0
FL,Senate,FL-SD-8,5.22,0
GA,House,GA-HD-100,3.13,0
GA,House,GA-HD-103,1.38,0
GA,House,GA-HD-104,0.17,0
GA,House,GA-HD-105,3.21,0
GA,House,GA-HD-106,0.02,0
GA,House,GA-HD-107,0.04,0
GA,House,GA-HD-108,0.7,0
GA,House,GA-HD-109,0.03,0
GA,House,GA-HD-111,1.4,0
GA,House,GA-HD-112,0.06,0
GA,House,GA-HD-114,1.16,0
GA,House,GA-HD-117,0.01,0
GA,House,GA-HD-119,0.02,0
GA,House,GA-HD-120,3.52,0
GA,House,GA-HD-121,1.14,0
GA,House,GA-HD-123,0.12,0
GA,House,GA-HD-124,2.6,0
GA,House,GA-HD-125,1.04,0
GA,House,GA-HD-127,0.73,0
GA,House,GA-HD-128,2.25,0
GA,House,GA-HD-129,0.01,0
GA,House,GA-HD-13,0.33,0
GA,House,GA-HD-131,0.85,0
GA,House,GA-HD-132,0.04,0
GA,House,GA-HD-133,0.08,0
GA,House,GA-HD-134,0.24,0
GA,House,GA-HD-135,0.13,0
GA,House,GA-HD-136,0.17,0
GA,House,GA-HD-137,0.01,0
GA,House,GA-HD-138,0.02,0
GA,House,GA-HD-139,1.34,0
GA,House,GA-HD-142,0.01,0
GA,House,GA-HD-144,0.19,0
GA,House,GA-HD-145,0.39,0
GA,House,GA-HD-146,0.17,0
GA,House,GA-HD-147,3.95,0
GA,House,GA-HD-148,0.28,0
GA,House,GA-HD-149,0.05,0
GA,House,GA-HD-15,0.01,0
GA,House,GA-HD-150,0.23,0
GA,House,GA-HD-151,3.7,0
GA,House,GA-HD-152,0.03,0
GA,House,GA-HD-153,0.01,0
GA,House,GA-HD-154,3.51,0
GA,House,GA-HD-155,0.14,0
GA,House,GA-HD-156,0.23,0
GA,House,GA-HD-157,0.1,0
GA,House,GA-HD-158,0.21,0
GA,House,GA-HD-159,0.22,0
GA,House,GA-HD-16,0.01,0
GA,House,GA-HD-160,0.19,0
GA,House,GA-HD-161,1.46,0
GA,House,GA-HD-162,0.01,0
GA,House,GA-HD-163,0.01,0
GA,House,GA-HD-164,2.36,0
GA,House,GA-HD-165,0.02,0
GA,House,GA-HD-166,0.39,0
GA,House,GA-HD-167,0.4,0
GA,House,GA-HD-168,0.01,0
GA,House,GA-HD-169,0.23,0
GA,House,GA-HD-17,0.44,0
GA,House,GA-HD-170,0.3,0
GA,House,GA-HD-171,0.14,0
GA,House,GA-HD-172,0.19,0
GA,House,GA-HD-173,1.91,0
GA,House,GA-HD-175,0.09,0
GA,House,GA-HD-176,0.08,0
GA,House,GA-HD-179,1.46,0
GA,House,GA-HD-180,0.18,0
GA,House,GA-HD-19,2.91,0
GA,House,GA-HD-20,0.15,0
GA,House,GA-HD-21,0.04,0
GA,House,GA-HD-22,2.52,0
GA,House,GA-HD-23,0.01,0
GA,House,GA-HD-24,0.67,0
GA,House,GA-HD-25,1.59,0
GA,House,GA-HD-26,0.12,0
GA,House,GA-HD-29,1.64,0
GA,House,GA-HD-3,0.01,0
GA,House,GA-HD-30,0.04,0
GA,House,GA-HD-31,0.14,0
GA,House,GA-HD-33,0.22,0
GA,House,GA-HD-34,3.33,0
GA,House,GA-HD-35,0.02,0
GA,House,GA-HD-36,1.85,0
GA,House,GA-HD-37,0.03,0
GA,House,GA-HD-38,0.03,0
GA,House,GA-HD-4,0.37,0
GA,House,GA-HD-40,0.67,0
GA,House,GA-HD-41,0.01,0
GA,House,GA-HD-43,0.02,0
GA,House,GA-HD-44,3.24,0
GA,House,GA-HD-45,3.2,1
GA,House,GA-HD-46,3.31,0
GA,House,GA-HD-47,3.88,0
GA,House,GA-HD-48,3.91,0
GA,House,GA-HD-49,3.25,0
GA,House,GA-HD-51,0.03,0
GA,House,GA-HD-53,3.33,0
GA,House,GA-HD-54,0.02,0
GA,House,GA-HD-60,0.01,0
GA,House,GA-HD-62,0.05,0
GA,House,GA-HD-63,0.01,0
GA,House,GA-HD-66,0.05,0
GA,House,GA-HD-68,0.02,0
GA,House,GA-HD-69,0.02,0
GA,House,GA-HD-7,0.23,0
GA,House,GA-HD-70,2.77,0
GA,House,GA-HD-71,0.17,0
GA,House,GA-HD-72,0.05,0
GA,House,GA-HD-73,0.82,0
GA,House,GA-HD-74,0.04,0
GA,House,GA-HD-76,0.01,0
GA,House,GA-HD-77,0.01,0
GA,House,GA-HD-78,0.02,0
GA,House,GA-HD-80,0.02,0
GA,House,GA-HD-81,2.1,0
GA,House,GA-HD-82,0.52,0
GA,House,GA-HD-86,0.03,0
GA,House,GA-HD-89,0.01,0
GA,House,GA-HD-91,0.02,0
GA,House,GA-HD-92,0.03,0
GA,House,GA-HD-93,0.03,0
GA,House,GA-HD-94,0.02,0
GA,House,GA-HD-96,0.02,0
GA,House,GA-HD-97,0.02,0
GA,House,GA-HD-98,0.02,0
GA,House,GA-HD-99,3.06,0
GA,Senate,GA-SD-1,7.37,0
GA,Senate,GA-SD-11,1.32,0
GA,Senate,GA-SD-12,0.13,0
GA,Senate,GA-SD-13,1.26,0
GA,Senate,GA-SD-14,0.06,0
GA,Senate,GA-SD-16,3.34,0
GA,Senate,GA-SD-17,0.02,0
GA,Senate,GA-SD-18,1.36,0
GA,Senate,GA-SD-19,0.44,0
GA,Senate,GA-SD-2,0.01,0
GA,Senate,GA-SD-20,1.15,0
GA,Senate,GA-SD-21,0.83,0
GA,Senate,GA-SD-23,6.09,0
GA,Senate,GA-SD-24,0.79,0
GA,Senate,GA-SD-25,1.14,0
GA,Senate,GA-SD-27,3.16,0
GA,Senate,GA-SD-28,0.01,0
GA,Senate,GA-SD-29,4.42,0
GA,Senate,GA-SD-3,1.21,0
GA,Senate,GA-SD-30,3.6,0
GA,Senate,GA-SD-31,1.84,0
GA,Senate,GA-SD-32,7.31,0
GA,Senate,GA-SD-33,0.01,0
GA,Senate,GA-SD-37,7.36,0
GA,Senate,GA-SD-4,1.21,0
GA,Senate,GA-SD-42,5.43,0
GA,Senate,GA-SD-45,7.61,1
GA,Senate,GA-SD-46,7.29,0
GA,Senate,GA-SD-47,5.69,0
GA,Senate,GA-SD-48,7.24,0
GA,Senate,GA-SD-49,0.17,0
GA,Senate,GA-SD-51,0.03,0
GA,Senate,GA-SD-52,1.13,0
GA,Senate,GA-SD-53,0.01,0
GA,Senate,GA-SD-54,1.14,0
GA,Senate,GA-SD-56,6.82,0
GA,Senate,GA-SD-6,0.51,0
GA,Senate,GA-SD-7,0.38,0
GA,Senate,GA-SD-8,1.1,0
GA,Senate,GA-SD-9,0.01,0
HI,House,HI-HD-1,2.56,0
HI,House,HI-HD-10,1.35,0
HI,House,HI-HD-11,2.29,0
HI,House,HI-HD-12,0.8,0
HI,House,HI-HD-13,0.57,0
HI,House,HI-HD-14,2.99,0
HI,House,HI-HD-15,3.06,0
HI,House,HI-HD-16,2.33,0
HI,House,HI-HD-17,1.9,0
HI,House,HI-HD-18,1.87,0
HI,House,HI-HD-19,2.91,0
HI,House,HI-HD-2,1.48,0
HI,House,HI-HD-20,0.31,0
HI,House,HI-HD-21,2.7,0
HI,House,HI-HD-22,3.03,1
HI,House,HI-HD-23,0.53,0
HI,House,HI-HD-24,3.13,0
HI,House,HI-HD-25,3.13,0
HI,House,HI-HD-26,1.86,0
HI,House,HI-HD-27,3.18,0
HI,House,HI-HD-28,3.04,0
HI,House,HI-HD-29,2.95,0
HI,House,HI-HD-3,2.84,0
HI,House,HI-HD-30,2.58,0
HI,House,HI-HD-31,1.33,0
HI,House,HI-HD-32,0.13,0
HI,House,HI-HD-33,3.46,0
HI,House,HI-HD-34,2.33,0
HI,House,HI-HD-35,3.04,0
HI,House,HI-HD-36,3.02,0
HI,House,HI-HD-37,2.91,0
HI,House,HI-HD-39,0.31,0
HI,House,HI-HD-4,1.4,0
HI,House,HI-HD-44,1.42,0
HI,House,HI-HD-45,0.01,0
HI,House,HI-HD-46,2.54,0
HI,House,HI-HD-47,2.35,0
HI,House,HI-HD-48,3.04,0
HI,House,HI-HD-49,1.28,0
HI,House,HI-HD-5,1.54,0
HI,House,HI-HD-50,2.88,0
HI,House,HI-HD-51,2.73,0
HI,House,HI-HD-6,2.97,0
HI,House,HI-HD-7,2.65,0
HI,House,HI-HD-8,2.45,0
HI,House,HI-HD-9,2.82,0
HI,Senate,HI-SD-10,6.84,0
HI,Senate,HI-SD-11,7.28,0
HI,Senate,HI-SD-13,11.72,1
HI,Senate,HI-SD-14,6.57,0
HI,Senate,HI-SD-15,7.36,0
HI,Senate,HI-SD-17,6.97,0
HI,Senate,HI-SD-2,6.89,0
HI,Senate,HI-SD-20,0.01,0
HI,Senate,HI-SD-21,6.64,0
HI,Senate,HI-SD-25,12.78,0
HI,Senate,HI-SD-5,6.79,0
HI,Senate,HI-SD-8,6.96,0
HI,Senate,HI-SD-9,13.19,0
ID,House,ID-HD-10A,0.53,0
ID,House,ID-HD-10B,0.32,0
ID,House,ID-HD-11A,3.01,0
ID,House,ID-HD-11B,1.37,0
ID,House,ID-HD-12A,2.45,0
ID,House,ID-HD-12B,2.26,0
ID,House,ID-HD-13A,1.72,0
ID,House,ID-HD-13B,2.69,0
ID,House,ID-HD-14A,1.94,0
ID,House,ID-HD-14B,2.01,0
ID,House,ID-HD-15B,0.07,0
ID,House,ID-HD-1A,2.9,0
ID,House,ID-HD-1B,1.65,0
ID,House,ID-HD-20A,2.7,0
ID,House,ID-HD-20B,2.7,0
ID,House,ID-HD-21A,2.56,0
ID,House,ID-HD-21B,2.46,0
ID,House,ID-HD-22A,0.87,0
ID,House,ID-HD-22B,2.21,0
ID,House,ID-HD-23A,0.56,0
ID,House,ID-HD-23B,0.48,0
ID,House,ID-HD-24A,3.24,0
ID,House,ID-HD-24B,1.46,0
ID,House,ID-HD-25A,2.3,0
ID,House,ID-HD-25B,2.74,0
ID,House,ID-HD-26A,0.09,0
ID,House,ID-HD-26B,0.01,0
ID,House,ID-HD-27A,2.98,0
ID,House,ID-HD-27B,2.98,0
ID,House,ID-HD-28A,1.04,0
ID,House,ID-HD-28B,1.04,0
ID,House,ID-HD-29A,0.15,0
ID,House,ID-HD-29B,0.02,0
ID,House,ID-HD-2A,0.37,0
ID,House,ID-HD-2B,0.26,0
ID,House,ID-HD-30A,2.73,0
ID,House,ID-HD-30B,0.28,0
ID,House,ID-HD-31A,0.28,0
ID,House,ID-HD-31B,0.39,0
ID,House,ID-HD-32A,2.84,1
ID,House,ID-HD-32B,1.26,0
ID,House,ID-HD-33A,2.5,0
ID,House,ID-HD-33B,2.69,0
ID,House,ID-HD-34A,2.91,0
ID,House,ID-HD-34B,2.94,0
ID,House,ID-HD-35A,1.23,0
ID,House,ID-HD-35B,1.05,0
ID,House,ID-HD-3A,3.05,0
ID,House,ID-HD-3B,2.71,0
ID,House,ID-HD-4A,2.03,0
ID,House,ID-HD-4B,2.03,0
ID,House,ID-HD-5A,1.26,0
ID,House,ID-HD-5B,1.09,0
ID,House,ID-HD-6A,0.06,0
ID,House,ID-HD-6B,0.13,0
ID,House,ID-HD-7A,0.9,0
ID,House,ID-HD-7B,1.09,0
ID,House,ID-HD-8A,2.94,0
ID,House,ID-HD-8B,2.51,0
ID,House,ID-HD-9A,2.64,0
ID,House,ID-HD-9B,0.32,0
ID,Senate,ID-SD-1,4.89,0
ID,Senate,ID-SD-10,1.77,0
ID,Senate,ID-SD-11,3.59,0
ID,Senate,ID-SD-12,5.32,0
ID,Senate,ID-SD-13,6.01,0
ID,Senate,ID-SD-14,4.37,0
ID,Senate,ID-SD-15,0.02,0
ID,Senate,ID-SD-2,2.55,0
ID,Senate,ID-SD-20,4.9,0
ID,Senate,ID-SD-21,5.54,0
ID,Senate,ID-SD-22,3.52,0
ID,Senate,ID-SD-23,2.56,0
ID,Senate,ID-SD-24,4.62,0
ID,Senate,ID-SD-25,3.43,0
ID,Senate,ID-SD-27,1.17,0
ID,Senate,ID-SD-28,4.39,0
ID,Senate,ID-SD-3,3.0,0
ID,Senate,ID-SD-30,2.0,0
ID,Senate,ID-SD-31,1.17,0
ID,Senate,ID-SD-32,3.68,0
ID,Senate,ID-SD-33,5.4,0
ID,Senate,ID-SD-34,1.17,0
ID,Senate,ID-SD-35,4.57,0
ID,Senate,ID-SD-4,3.06,0
ID,Senate,ID-SD-5,3.75,0
ID,Senate,ID-SD-6,0.09,0
ID,Senate,ID-SD-7,5.62,0
ID,Senate,ID-SD-8,6.08,1
ID,Senate,ID-SD-9,1.76,0
IL,House,IL-HD-1,1.35,0
IL,House,IL-HD-10,1.31,0
IL,House,IL-HD-103,1.32,0
IL,House,IL-HD-104,0.26,0
IL,House,IL-HD-11,1.16,0
IL,House,IL-HD-112,1.61,0
IL,House,IL-HD-113,1.34,0
IL,House,IL-HD-114,0.11,0
IL,House,IL-HD-118,0.06,0
IL,House,IL-HD-12,0.01,0
IL,House,IL-HD-13,0.01,0
IL,House,IL-HD-14,1.18,0
IL,House,IL-HD-15,1.1,0
IL,House,IL-HD-16,1.41,0
IL,House,IL-HD-17,0.03,0
IL,House,IL-HD-18,0.02,0
IL,House,IL-HD-19,0.43,0
IL,House,IL-HD-2,0.18,0
IL,House,IL-HD-21,0.26,0
IL,House,IL-HD-22,1.23,0
IL,House,IL-HD-23,1.32,0
IL,House,IL-HD-24,1.34,0
IL,House,IL-HD-25,0.01,0
IL,House,IL-HD-26,1.37,0
IL,House,IL-HD-27,1.28,0
IL,House,IL-HD-28,1.39,0
IL,House,IL-HD-29,1.3,0
IL,House,IL-HD-3,1.68,0
IL,House,IL-HD-30,1.34,0
IL,House,IL-HD-31,1.53,0
IL,House,IL-HD-32,1.21,0
IL,House,IL-HD-33,1.26,0
IL,House,IL-HD-34,1.58,0
IL,House,IL-HD-35,1.55,0
IL,House,IL-HD-36,1.1,0
IL,House,IL-HD-38,1.43,0
IL,House,IL-HD-4,1.32,0
IL,House,IL-HD-40,1.63,0
IL,House,IL-HD-41,0.41,0
IL,House,IL-HD-42,0.52,0
IL,House,IL-HD-43,1.42,0
IL,House,IL-HD-44,1.18,0
IL,House,IL-HD-45,1.36,0
IL,House,IL-HD-46,1.72,0
IL,House,IL-HD-47,1.51,0
IL,House,IL-HD-48,0.03,0
IL,House,IL-HD-49,1.81,0
IL,House,IL-HD-5,1.25,0
IL,House,IL-HD-50,1.33,0
IL,House,IL-HD-51,1.64,0
IL,House,IL-HD-52,0.32,0
IL,House,IL-HD-53,1.41,0
IL,House,IL-HD-54,1.26,0
IL,House,IL-HD-55,1.78,0
IL,House,IL-HD-56,1.71,0
IL,House,IL-HD-57,1.25,0
IL,House,IL-HD-58,1.43,0
IL,House,IL-HD-59,1.39,0
IL,House,IL-HD-6,1.54,0
IL,House,IL-HD-60,1.64,0
IL,House,IL-HD-61,1.76,0
IL,House,IL-HD-62,1.49,0
IL,House,IL-HD-64,0.01,0
IL,House,IL-HD-65,0.07,0
IL,House,IL-HD-66,1.78,0
IL,House,IL-HD-67,1.43,0
IL,House,IL-HD-68,2.18,0
IL,House,IL-HD-7,1.37,0
IL,House,IL-HD-70,0.01,0
IL,House,IL-HD-71,0.03,0
IL,House,IL-HD-72,1.45,0
IL,House,IL-HD-76,1.54,0
IL,House,IL-HD-77,1.82,0
IL,House,IL-HD-78,0.01,0
IL,House,IL-HD-8,1.4,0
IL,House,IL-HD-80,1.53,0
IL,House,IL-HD-81,1.62,0
IL,House,IL-HD-83,1.7,0
IL,House,IL-HD-84,1.37,0
IL,House,IL-HD-85,1.49,1
IL,House,IL-HD-86,1.37,0
IL,House,IL-HD-9,1.49,0
IL,House,IL-HD-91,1.33,0
IL,House,IL-HD-92,1.13,0
IL,House,IL-HD-96,1.42,0
IL,House,IL-HD-97,1.6,0
IL,House,IL-HD-98,1.67,0
IL,Senate,IL-SD-11,5.51,1
IL,Senate,IL-SD-12,5.75,0
IL,Senate,IL-SD-14,0.45,0
IL,Senate,IL-SD-15,5.78,0
IL,Senate,IL-SD-17,0.38,0
IL,Senate,IL-SD-18,2.32,0
IL,Senate,IL-SD-2,5.76,0
IL,Senate,IL-SD-20,6.01,0
IL,Senate,IL-SD-21,5.61,0
IL,Senate,IL-SD-23,5.53,0
IL,Senate,IL-SD-24,0.08,0
IL,Senate,IL-SD-26,0.34,0
IL,Senate,IL-SD-27,4.33,0
IL,Senate,IL-SD-29,1.22,0
IL,Senate,IL-SD-3,5.45,0
IL,Senate,IL-SD-30,5.62,0
IL,Senate,IL-SD-33,0.91,0
IL,Senate,IL-SD-36,4.43,0
IL,Senate,IL-SD-39,5.4,0
IL,Senate,IL-SD-42,5.48,0
IL,Senate,IL-SD-48,2.49,0
IL,Senate,IL-SD-5,5.54,0
IL,Senate,IL-SD-56,0.01,0
IL,Senate,IL-SD-57,5.24,0
IL,Senate,IL-SD-6,5.69,0
IL,Senate,IL-SD-8,4.1,0
IL,Senate,IL-SD-9,0.57,0
IN,House,IN-HD-11,0.22,0
IN,House,IN-HD-13,0.67,0
IN,House,IN-HD-15,2.87,0
IN,House,IN-HD-16,0.15,0
IN,House,IN-HD-17,0.2,0
IN,House,IN-HD-18,1.97,0
IN,House,IN-HD-19,2.4,0
IN,House,IN-HD-20,1.82,0
IN,House,IN-HD-21,1.33,0
IN,House,IN-HD-22,1.83,0
IN,House,IN-HD-23,0.56,0
IN,House,IN-HD-24,1.83,0
IN,House,IN-HD-25,0.62,0
IN,House,IN-HD-28,0.41,0
IN,House,IN-HD-29,2.5,0
IN,House,IN-HD-30,2.85,0
IN,House,IN-HD-31,0.5,0
IN,House,IN-HD-33,2.09,0
IN,House,IN-HD-34,0.06,0
IN,House,IN-HD-35,2.22,0
IN,House,IN-HD-36,1.66,0
IN,House,IN-HD-37,2.71,0
IN,House,IN-HD-38,0.33,0
IN,House,IN-HD-39,1.29,0
IN,House,IN-HD-4,2.27,0
IN,House,IN-HD-40,2.55,0
IN,House,IN-HD-41,0.63,0
IN,House,IN-HD-42,0.13,0
IN,House,IN-HD-44,0.2,0
IN,House,IN-HD-45,0.52,0
IN,House,IN-HD-46,1.73,0
IN,House,IN-HD-47,0.21,0
IN,House,IN-HD-48,2.38,0
IN,House,IN-HD-49,2.42,0
IN,House,IN-HD-5,1.42,0
IN,House,IN-HD-50,0.26,0
IN,House,IN-HD-51,0.18,0
IN,House,IN-HD-52,0.36,0
IN,House,IN-HD-53,0.48,0
IN,House,IN-HD-54,0.37,0
IN,House,IN-HD-55,0.02,0
IN,House,IN-HD-56,2.94,0
IN,House,IN-HD-57,2.86,0
IN,House,IN-HD-58,2.82,1
IN,House,IN-HD-59,2.61,0
IN,House,IN-HD-60,0.45,0
IN,House,IN-HD-62,1.19,0
IN,House,IN-HD-63,0.61,0
IN,House,IN-HD-64,0.28,0
IN,House,IN-HD-65,2.06,0
IN,House,IN-HD-66,1.86,0
IN,House,IN-HD-67,0.01,0
IN,House,IN-HD-68,0.09,0
IN,House,IN-HD-69,0.72,0
IN,House,IN-HD-7,2.62,0
IN,House,IN-HD-70,1.45,0
IN,House,IN-HD-72,0.75,0
IN,House,IN-HD-73,0.14,0
IN,House,IN-HD-74,0.67,0
IN,House,IN-HD-75,2.1,0
IN,House,IN-HD-76,2.54,0
IN,House,IN-HD-78,3.05,0
IN,House,IN-HD-79,0.05,0
IN,House,IN-HD-81,2.89,0
IN,House,IN-HD-83,2.59,0
IN,House,IN-HD-84,2.77,0
IN,House,IN-HD-85,0.82,0
IN,House,IN-HD-88,2.07,0
IN,House,IN-HD-90,2.76,0
IN,House,IN-HD-91,2.45,0
IN,House,IN-HD-93,2.56,0
IN,Senate,IN-SD-1,0.03,0
IN,Senate,IN-SD-11,0.2,0
IN,Senate,IN-SD-14,5.65,0
IN,Senate,IN-SD-15,4.34,0
IN,Senate,IN-SD-17,8.39,0
IN,Senate,IN-SD-19,6.78,0
IN,Senate,IN-SD-21,1.99,0
IN,Senate,IN-SD-22,2.91,0
IN,Senate,IN-SD-23,2.2,0
IN,Senate,IN-SD-25,6.41,0
IN,Senate,IN-SD-26,5.87,0
IN,Senate,IN-SD-27,5.18,0
IN,Senate,IN-SD-29,0.05,0
IN,Senate,IN-SD-31,0.01,0
IN,Senate,IN-SD-38,8.36,1
IN,Senate,IN-SD-39,6.26,0
IN,Senate,IN-SD-41,5.88,0
IN,Senate,IN-SD-43,2.3,0
IN,Senate,IN-SD-45,4.32,0
IN,Senate,IN-SD-47,7.93,0
IN,Senate,IN-SD-48,4.78,0
IN,Senate,IN-SD-49,5.28,0
IN,Senate,IN-SD-6,4.88,0
IA,House,IA-HD-1,0.2,0
IA,House,IA-HD-10,0.32,0
IA,House,IA-HD-100,1.32,0
IA,House,IA-HD-11,0.15,0
IA,House,IA-HD-12,0.11,0
IA,House,IA-HD-13,0.37,0
IA,House,IA-HD-14,0.47,0
IA,House,IA-HD-15,1.7,0
IA,House,IA-HD-16,0.18,0
IA,House,IA-HD-17,0.44,0
IA,House,IA-HD-18,0.03,0
IA,House,IA-HD-19,2.37,0
IA,House,IA-HD-2,2.24,0
IA,House,IA-HD-20,1.43,0
IA,House,IA-HD-21,2.9,0
IA,House,IA-HD-22,2.95,0
IA,House,IA-HD-23,0.41,0
IA,House,IA-HD-24,0.78,0
IA,House,IA-HD-25,0.39,0
IA,House,IA-HD-26,0.15,0
IA,House,IA-HD-28,2.18,0
IA,House,IA-HD-3,0.42,0
IA,House,IA-HD-30,0.01,0
IA,House,IA-HD-37,0.41,0
IA,House,IA-HD-38,2.81,0
IA,House,IA-HD-39,0.15,0
IA,House,IA-HD-4,0.34,0
IA,House,IA-HD-40,2.12,0
IA,House,IA-HD-41,1.57,0
IA,House,IA-HD-42,0.63,0
IA,House,IA-HD-43,0.27,0
IA,House,IA-HD-45,3.01,0
IA,House,IA-HD-46,2.4,0
IA,House,IA-HD-47,1.26,0
IA,House,IA-HD-48,2.75,0
IA,House,IA-HD-5,0.51,0
IA,House,IA-HD-50,0.01,0
IA,House,IA-HD-51,2.19,0
IA,House,IA-HD-52,2.13,0
IA,House,IA-HD-53,2.69,0
IA,House,IA-HD-54,0.22,0
IA,House,IA-HD-55,2.27,0
IA,House,IA-HD-56,0.12,0
IA,House,IA-HD-57,2.88,0
IA,House,IA-HD-58,1.9,0
IA,House,IA-HD-59,2.64,0
IA,House,IA-HD-6,0.35,0
IA,House,IA-HD-60,2.72,0
IA,House,IA-HD-63,2.96,0
IA,House,IA-HD-64,0.8,0
IA,House,IA-HD-65,1.46,0
IA,House,IA-HD-66,0.75,0
IA,House,IA-HD-67,1.01,0
IA,House,IA-HD-68,2.15,0
IA,House,IA-HD-69,2.63,0
IA,House,IA-HD-70,0.84,0
IA,House,IA-HD-72,1.58,0
IA,House,IA-HD-75,0.01,0
IA,House,IA-HD-76,2.92,0
IA,House,IA-HD-78,0.01,0
IA,House,IA-HD-8,2.8,0
IA,House,IA-HD-81,0.01,0
IA,House,IA-HD-82,2.02,0
IA,House,IA-HD-83,0.38,0
IA,House,IA-HD-84,0.93,0
IA,House,IA-HD-87,3.06,1
IA,House,IA-HD-88,0.31,0
IA,House,IA-HD-9,0.24,0
IA,House,IA-HD-91,0.26,0
IA,House,IA-HD-92,2.83,0
IA,House,IA-HD-93,3.17,0
IA,House,IA-HD-94,0.29,0
IA,House,IA-HD-95,0.41,0
IA,House,IA-HD-96,3.07,0
IA,House,IA-HD-98,0.34,0
IA,House,IA-HD-99,2.89,0
IA,Senate,IA-SD-1,0.01,0
IA,Senate,IA-SD-11,2.67,0
IA,Senate,IA-SD-13,11.47,0
IA,Senate,IA-SD-19,9.06,0
IA,Senate,IA-SD-21,0.02,0
IA,Senate,IA-SD-23,1.32,0
IA,Senate,IA-SD-27,10.77,0
IA,Senate,IA-SD-29,12.55,0
IA,Senate,IA-SD-3,4.27,0
IA,Senate,IA-SD-33,10.78,0
IA,Senate,IA-SD-35,0.1,0
IA,Senate,IA-SD-41,2.81,0
IA,Senate,IA-SD-47,1.79,0
IA,Senate,IA-SD-5,10.61,1
IA,Senate,IA-SD-7,10.75,0
IA,Senate,IA-SD-9,11.02,0
KS,House,KS-HD-1,0.94,0
KS,House,KS-HD-100,2.43,0
KS,House,KS-HD-101,0.13,0
KS,House,KS-HD-102,1.41,0
KS,House,KS-HD-104,2.04,0
KS,House,KS-HD-105,2.57,0
KS,House,KS-HD-106,1.06,0
KS,House,KS-HD-107,0.02,0
KS,House,KS-HD-109,0.91,0
KS,House,KS-HD-11,0.22,0
KS,House,KS-HD-110,0.01,0
KS,House,KS-HD-111,0.4,0
KS,House,KS-HD-112,0.09,0
KS,House,KS-HD-113,0.05,0
KS,House,KS-HD-114,0.01,0
KS,House,KS-HD-115,0.91,0
KS,House,KS-HD-116,0.01,0
KS,House,KS-HD-117,2.05,0
KS,House,KS-HD-118,0.9,0
KS,House,KS-HD-119,0.83,0
KS,House,KS-HD-12,0.04,0
KS,House,KS-HD-120,1.12,0
KS,House,KS-HD-121,0.75,0
KS,House,KS-HD-122,0.93,0
KS,House,KS-HD-123,1.4,0
KS,House,KS-HD-124,0.88,0
KS,House,KS-HD-125,1.01,0
KS,House,KS-HD-13,0.01,0
KS,House,KS-HD-14,0.82,0
KS,House,KS-HD-15,1.9,0
KS,House,KS-HD-2,1.44,0
KS,House,KS-HD-26,2.7,0
KS,House,KS-HD-27,2.47,0
KS,House,KS-HD-28,0.17,0
KS,House,KS-HD-3,2.84,0
KS,House,KS-HD-30,0.81,0
KS,House,KS-HD-33,2.08,0
KS,House,KS-HD-38,1.9,0
KS,House,KS-HD-39,1.14,0
KS,House,KS-HD-4,0.83,0
KS,House,KS-HD-40,2.65,0
KS,House,KS-HD-41,1.15,0
KS,House,KS-HD-42,2.08,0
KS,House,KS-HD-43,1.85,0
KS,House,KS-HD-47,2.38,1
KS,House,KS-HD-49,0.09,0
KS,House,KS-HD-5,1.23,0
KS,House,KS-HD-50,0.95,0
KS,House,KS-HD-51,1.02,0
KS,House,KS-HD-52,1.77,0
KS,House,KS-HD-54,0.61,0
KS,House,KS-HD-59,0.63,0
KS,House,KS-HD-6,1.3,0
KS,House,KS-HD-60,1.7,0
KS,House,KS-HD-61,0.93,0
KS,House,KS-HD-62,0.96,0
KS,House,KS-HD-63,0.06,0
KS,House,KS-HD-64,0.78,0
KS,House,KS-HD-65,0.92,0
KS,House,KS-HD-67,0.07,0
KS,House,KS-HD-68,0.94,0
KS,House,KS-HD-69,2.0,0
KS,House,KS-HD-7,2.06,0
KS,House,KS-HD-70,0.01,0
KS,House,KS-HD-71,1.2,0
KS,House,KS-HD-72,2.4,0
KS,House,KS-HD-73,1.71,0
KS,House,KS-HD-74,0.86,0
KS,House,KS-HD-75,0.86,0
KS,House,KS-HD-76,0.6,0
KS,House,KS-HD-77,0.1,0
KS,House,KS-HD-78,1.57,0
KS,House,KS-HD-79,0.44,0
KS,House,KS-HD-8,1.75,0
KS,House,KS-HD-80,0.87,0
KS,House,KS-HD-81,1.95,0
KS,House,KS-HD-82,1.37,0
KS,House,KS-HD-85,0.96,0
KS,House,KS-HD-87,0.92,0
KS,House,KS-HD-88,0.97,0
KS,House,KS-HD-9,0.91,0
KS,House,KS-HD-90,0.52,0
KS,House,KS-HD-91,1.78,0
KS,House,KS-HD-93,0.13,0
KS,House,KS-HD-94,0.94,0
KS,House,KS-HD-96,1.79,0
KS,House,KS-HD-97,1.57,0
KS,House,KS-HD-98,1.63,0
KS,House,KS-HD-99,1.83,0
KY,House,KY-HD-1,1.63,0
KY,House,KY-HD-10,1.55,0
KY,House,KY-HD-100,1.58,0
KY,House,KY-HD-11,1.68,0
KY,House,KY-HD-12,1.61,0
KY,House,KY-HD-13,1.19,0
KY,House,KY-HD-14,0.65,0
KY,House,KY-HD-15,0.26,0
KY,House,KY-HD-16,1.39,0
KY,House,KY-HD-17,1.6,0
KY,House,KY-HD-18,1.56,0
KY,House,KY-HD-19,1.57,0
KY,House,KY-HD-2,1.26,0
KY,House,KY-HD-20,1.51,0
KY,House,KY-HD-21,1.71,0
KY,House,KY-HD-22,1.69,0
KY,House,KY-HD-23,1.53,0
KY,House,KY-HD-24,0.05,0
KY,House,KY-HD-25,1.51,0
KY,House,KY-HD-26,1.36,0
KY,House,KY-HD-27,1.64,0
KY,House,KY-HD-28,0.74,0
KY,House,KY-HD-29,0.78,0
KY,House,KY-HD-3,1.5,0
KY,House,KY-HD-31,0.14,0
KY,House,KY-HD-33,0.82,0
KY,House,KY-HD-36,0.8,0
KY,House,KY-HD-37,1.52,0
KY,House,KY-HD-39,1.19,0
KY,House,KY-HD-4,1.31,0
KY,House,KY-HD-47,1.73,0
KY,House,KY-HD-48,0.14,0
KY,House,KY-HD-49,1.25,0
KY,House,KY-HD-5,1.28,0
KY,House,KY-HD-50,0.58,0
KY,House,KY-HD-51,1.63,0
KY,House,KY-HD-52,1.53,0
KY,House,KY-HD-53,1.53,0
KY,House,KY-HD-54,1.45,0
KY,House,KY-HD-55,0.75,0
KY,House,KY-HD-56,1.71,0
KY,House,KY-HD-58,1.55,0
KY,House,KY-HD-59,1.47,0
KY,House,KY-HD-6,1.62,0
KY,House,KY-HD-60,1.64,0
KY,House,KY-HD-61,1.4,0
KY,House,KY-HD-62,1.57,0
KY,House,KY-HD-63,1.57,0
KY,House,KY-HD-64,1.59,0
KY,House,KY-HD-65,0.4,0
KY,House,KY-HD-66,0.63,0
KY,House,KY-HD-67,0.01,0
KY,House,KY-HD-68,1.34,0
KY,House,KY-HD-69,1.5,0
KY,House,KY-HD-7,1.17,0
KY,House,KY-HD-70,1.06,0
KY,House,KY-HD-71,1.23,0
KY,House,KY-HD-72,1.42,0
KY,House,KY-HD-73,1.16,0
KY,House,KY-HD-74,1.43,0
KY,House,KY-HD-78,1.51,0
KY,House,KY-HD-8,1.43,0
KY,House,KY-HD-80,0.03,0
KY,House,KY-HD-81,1.09,0
KY,House,KY-HD-82,1.38,0
KY,House,KY-HD-83,1.58,0
KY,House,KY-HD-84,1.6,0
KY,House,KY-HD-85,1.38,0
KY,House,KY-HD-86,1.47,0
KY,House,KY-HD-87,1.32,0
KY,House,KY-HD-88,0.13,0
KY,House,KY-HD-89,1.58,0
KY,House,KY-HD-9,1.59,1
KY,House,KY-HD-90,1.3,0
KY,House,KY-HD-91,1.54,0
KY,House,KY-HD-92,1.42,0
KY,House,KY-HD-94,1.24,0
KY,House,KY-HD-95,0.47,0
KY,House,KY-HD-96,0.31,0
KY,House,KY-HD-97,0.03,0
KY,House,KY-HD-98,1.51,0
KY,House,KY-HD-99,1.42,0
KY,Senate,KY-SD-10,6.24,0
KY,Senate,KY-SD-12,1.78,0
KY,Senate,KY-SD-14,7.27,0
KY,Senate,KY-SD-16,6.76,0
KY,Senate,KY-SD-18,6.94,0
KY,Senate,KY-SD-2,6.46,0
KY,Senate,KY-SD-20,6.52,0
KY,Senate,KY-SD-22,6.31,0
KY,Senate,KY-SD-24,5.67,0
KY,Senate,KY-SD-28,6.57,0
KY,Senate,KY-SD-30,6.58,0
KY,Senate,KY-SD-32,6.6,1
KY,Senate,KY-SD-34,3.85,0
KY,Senate,KY-SD-36,0.32,0
KY,Senate,KY-SD-38,6.43,0
KY,Senate,KY-SD-4,6.34,0
KY,Senate,KY-SD-6,1.27,0
KY,Senate,KY-SD-8,8.09,0
ME,House,ME-HD-1,0.26,0
ME,House,ME-HD-102,0.02,0
ME,House,ME-HD-103,0.23,0
ME,House,ME-HD-104,0.01,0
ME,House,ME-HD-105,0.19,0
ME,House,ME-HD-106,2.05,0
ME,House,ME-HD-107,2.37,0
ME,House,ME-HD-108,0.09,0
ME,House,ME-HD-109,0.86,0
ME,House,ME-HD-11,0.01,0
ME,House,ME-HD-111,0.16,0
ME,House,ME-HD-112,0.01,0
ME,House,ME-HD-114,0.19,0
ME,House,ME-HD-115,0.19,0
ME,House,ME-HD-116,0.2,0
ME,House,ME-HD-117,0.22,0
ME,House,ME-HD-118,0.19,0
ME,House,ME-HD-12,0.02,0
ME,House,ME-HD-122,0.18,0
ME,House,ME-HD-124,0.22,0
ME,House,ME-HD-125,0.19,0
ME,House,ME-HD-126,0.01,0
ME,House,ME-HD-127,0.22,0
ME,House,ME-HD-128,0.23,0
ME,House,ME-HD-129,0.14,0
ME,House,ME-HD-13,0.92,0
ME,House,ME-HD-130,0.14,0
ME,House,ME-HD-131,0.19,0
ME,House,ME-HD-132,0.24,0
ME,House,ME-HD-133,0.22,0
ME,House,ME-HD-134,0.17,0
ME,House,ME-HD-135,0.24,0
ME,House,ME-HD-136,0.65,0
ME,House,ME-HD-137,0.48,0
ME,House,ME-HD-138,1.17,0
ME,House,ME-HD-139,1.3,0
ME,House,ME-HD-14,0.01,0
ME,House,ME-HD-140,1.6,0
ME,House,ME-HD-141,1.85,0
ME,House,ME-HD-142,2.87,0
ME,House,ME-HD-143,3.02,0
ME,House,ME-HD-145,1.91,0
ME,House,ME-HD-146,0.39,0
ME,House,ME-HD-147,0.16,0
ME,House,ME-HD-148,0.56,0
ME,House,ME-HD-149,1.93,0
ME,House,ME-HD-15,0.22,0
ME,House,ME-HD-150,0.92,0
ME,House,ME-HD-16,0.12,0
ME,House,ME-HD-17,1.9,0
ME,House,ME-HD-19,0.07,0
ME,House,ME-HD-2,0.7,0
ME,House,ME-HD-20,2.14,0
ME,House,ME-HD-21,0.35,0
ME,House,ME-HD-22,1.13,0
ME,House,ME-HD-23,1.1,0
ME,House,ME-HD-24,0.3,0
ME,House,ME-HD-25,0.01,0
ME,House,ME-HD-26,3.0,0
ME,House,ME-HD-27,0.07,0
ME,House,ME-HD-29,0.01,0
ME,House,ME-HD-3,1.26,0
ME,House,ME-HD-30,0.01,0
ME,House,ME-HD-31,0.18,0
ME,House,ME-HD-32,0.01,0
ME,House,ME-HD-34,0.07,0
ME,House,ME-HD-36,1.04,0
ME,House,ME-HD-37,0.87,0
ME,House,ME-HD-38,0.25,0
ME,House,ME-HD-39,0.1,0
ME,House,ME-HD-4,0.01,0
ME,House,ME-HD-40,1.0,0
ME,House,ME-HD-41,0.01,0
ME,House,ME-HD-42,0.07,0
ME,House,ME-HD-43,1.78,0
ME,House,ME-HD-45,0.02,0
ME,House,ME-HD-46,0.18,0
ME,House,ME-HD-47,2.44,0
ME,House,ME-HD-48,1.12,0
ME,House,ME-HD-49,2.33,0
ME,House,ME-HD-5,1.89,0
ME,House,ME-HD-51,0.03,0
ME,House,ME-HD-52,2.79,0
ME,House,ME-HD-53,0.3,0
ME,House,ME-HD-54,1.47,0
ME,House,ME-HD-55,2.59,0
ME,House,ME-HD-56,0.04,0
ME,House,ME-HD-57,1.46,0
ME,House,ME-HD-59,2.33,0
ME,House,ME-HD-6,0.01,0
ME,House,ME-HD-60,0.47,0
ME,House,ME-HD-61,0.06,0
ME,House,ME-HD-62,0.03,0
ME,House,ME-HD-63,0.35,0
ME,House,ME-HD-64,0.06,0
ME,House,ME-HD-65,0.03,0
ME,House,ME-HD-67,1.45,0
ME,House,ME-HD-7,0.03,0
ME,House,ME-HD-70,0.3,0
ME,House,ME-HD-71,0.01,0
ME,House,ME-HD-72,0.05,0
ME,House,ME-HD-73,0.2,0
ME,House,ME-HD-74,0.61,0
ME,House,ME-HD-75,2.7,1
ME,House,ME-HD-76,0.33,0
ME,House,ME-HD-77,0.02,0
ME,House,ME-HD-78,1.0,0
ME,House,ME-HD-79,0.05,0
ME,House,ME-HD-81,1.02,0
ME,House,ME-HD-82,2.9,0
ME,House,ME-HD-83,1.08,0
ME,House,ME-HD-84,0.32,0
ME,House,ME-HD-85,2.35,0
ME,House,ME-HD-86,1.59,0
ME,House,ME-HD-88,1.57,0
ME,House,ME-HD-89,1.35,0
ME,House,ME-HD-9,0.3,0
ME,House,ME-HD-90,2.97,0
ME,House,ME-HD-91,0.65,0
ME,House,ME-HD-92,0.01,0
ME,House,ME-HD-93,0.33,0
ME,House,ME-HD-94,0.76,0
ME,House,ME-HD-95,2.08,0
ME,House,ME-HD-96,3.13,0
ME,House,ME-HD-97,1.69,0
ME,House,ME-HD-98,1.87,0
ME,House,ME-HD-99,0.1,0
ME,Senate,ME-SD-1,1.01,0
ME,Senate,ME-SD-11,9.79,1
ME,Senate,ME-SD-12,2.02,0
ME,Senate,ME-SD-13,2.22,0
ME,Senate,ME-SD-14,10.08,0
ME,Senate,ME-SD-15,5.46,0
ME,Senate,ME-SD-16,1.65,0
ME,Senate,ME-SD-17,0.21,0
ME,Senate,ME-SD-18,1.31,0
ME,Senate,ME-SD-19,0.13,0
ME,Senate,ME-SD-2,0.02,0
ME,Senate,ME-SD-20,2.91,0
ME,Senate,ME-SD-21,2.44,0
ME,Senate,ME-SD-22,0.69,0
ME,Senate,ME-SD-23,0.03,0
ME,Senate,ME-SD-24,2.31,0
ME,Senate,ME-SD-25,2.35,0
ME,Senate,ME-SD-26,8.45,0
ME,Senate,ME-SD-27,2.56,0
ME,Senate,ME-SD-28,2.28,0
ME,Senate,ME-SD-29,0.06,0
ME,Senate,ME-SD-3,0.14,0
ME,Senate,ME-SD-30,4.75,0
ME,Senate,ME-SD-31,5.37,0
ME,Senate,ME-SD-32,2.38,0
ME,Senate,ME-SD-33,0.27,0
ME,Senate,ME-SD-34,9.53,0
ME,Senate,ME-SD-35,1.68,0
ME,Senate,ME-SD-4,0.01,0
ME,Senate,ME-SD-5,0.96,0
ME,Senate,ME-SD-7,4.0,0
ME,Senate,ME-SD-8,10.71,0
ME,Senate,ME-SD-9,2.22,0
MD,House of Delegates,MD-HD-10A,1.07,0
MD,House of Delegates,MD-HD-10B,1.37,0
MD,House of Delegates,MD-HD-10C,1.12,0
MD,House of Delegates,MD-HD-11A,1.33,0
MD,House of Delegates,MD-HD-11BA,0.35,0
MD,House of Delegates,MD-HD-11BB,1.2,0
MD,House of Delegates,MD-HD-12AA,0.04,0
MD,House of Delegates,MD-HD-12AB,1.09,0
MD,House of Delegates,MD-HD-12B,1.2,0
MD,House of Delegates,MD-HD-13A,0.19,0
MD,House of Delegates,MD-HD-13B,1.01,0
MD,House of Delegates,MD-HD-13C,1.03,0
MD,House of Delegates,MD-HD-14A,1.16,0
MD,House of Delegates,MD-HD-14B,1.21,0
MD,House of Delegates,MD-HD-14C,1.2,0
MD,House of Delegates,MD-HD-15A,0.2,0
MD,House of Delegates,MD-HD-15B,1.11,0
MD,House of Delegates,MD-HD-15C,1.21,0
MD,House of Delegates,MD-HD-16A,0.01,0
MD,House of Delegates,MD-HD-16B,1.2,0
MD,House of Delegates,MD-HD-16C,1.23,0
MD,House of Delegates,MD-HD-17A,1.33,0
MD,House of Delegates,MD-HD-17B,1.31,0
MD,House of Delegates,MD-HD-17C,1.31,0
MD,House of Delegates,MD-HD-18A,1.36,0
MD,House of Delegates,MD-HD-18B,1.07,0
MD,House of Delegates,MD-HD-18C,1.31,0
MD,House of Delegates,MD-HD-19A,1.24,0
MD,House of Delegates,MD-HD-19B,1.55,0
MD,House of Delegates,MD-HD-19C,1.33,0
MD,House of Delegates,MD-HD-20A,1.05,0
MD,House of Delegates,MD-HD-20B,1.12,0
MD,House of Delegates,MD-HD-20C,1.08,0
MD,House of Delegates,MD-HD-21A,1.12,0
MD,House of Delegates,MD-HD-21B,1.21,0
MD,House of Delegates,MD-HD-21C,1.13,0
MD,House of Delegates,MD-HD-22A,1.41,0
MD,House of Delegates,MD-HD-22B,0.97,0
MD,House of Delegates,MD-HD-22C,1.33,0
MD,House of Delegates,MD-HD-23A,0.04,0
MD,House of Delegates,MD-HD-23B,0.05,0
MD,House of Delegates,MD-HD-23C,1.37,0
MD,House of Delegates,MD-HD-24A,1.22,0
MD,House of Delegates,MD-HD-24B,1.24,0
MD,House of Delegates,MD-HD-24C,1.3,0
MD,House of Delegates,MD-HD-25A,0.98,0
MD,House of Delegates,MD-HD-25B,1.14,0
MD,House of Delegates,MD-HD-25C,1.27,0
MD,House of Delegates,MD-HD-26A,0.04,0
MD,House of Delegates,MD-HD-26B,0.05,0
MD,House of Delegates,MD-HD-26C,1.13,0
MD,House of Delegates,MD-HD-27A,0.02,0
MD,House of Delegates,MD-HD-27B,0.43,0
MD,House of Delegates,MD-HD-28A,0.66,0
MD,House of Delegates,MD-HD-28B,0.38,0
MD,House of Delegates,MD-HD-28C,1.33,1
MD,House of Delegates,MD-HD-29B,0.65,0
MD,House of Delegates,MD-HD-29C,0.01,0
MD,House of Delegates,MD-HD-2B,0.64,0
MD,House of Delegates,MD-HD-30AA,1.23,0
MD,House of Delegates,MD-HD-30AB,1.39,0
MD,House of Delegates,MD-HD-31B,0.01,0
MD,House of Delegates,MD-HD-31C,0.03,0
MD,House of Delegates,MD-HD-32A,0.53,0
MD,House of Delegates,MD-HD-32B,0.33,0
MD,House of Delegates,MD-HD-32C,1.12,0
MD,House of Delegates,MD-HD-33A,1.1,0
MD,House of Delegates,MD-HD-33B,0.07,0
MD,House of Delegates,MD-HD-33C,1.02,0
MD,House of Delegates,MD-HD-34AA,1.15,0
MD,House of Delegates,MD-HD-34AB,1.08,0
MD,House of Delegates,MD-HD-34B,0.01,0
MD,House of Delegates,MD-HD-36C,0.01,0
MD,House of Delegates,MD-HD-37A,1.31,0
MD,House of Delegates,MD-HD-37BA,0.01,0
MD,House of Delegates,MD-HD-38B,0.41,0
MD,House of Delegates,MD-HD-39A,1.18,0
MD,House of Delegates,MD-HD-39B,1.11,0
MD,House of Delegates,MD-HD-39C,1.09,0
MD,House of Delegates,MD-HD-3A,0.24,0
MD,House of Delegates,MD-HD-3B,0.25,0
MD,House of Delegates,MD-HD-3C,1.2,0
MD,House of Delegates,MD-HD-40A,1.17,0
MD,House of Delegates,MD-HD-40B,1.17,0
MD,House of Delegates,MD-HD-40C,1.23,0
MD,House of Delegates,MD-HD-41A,1.2,0
MD,House of Delegates,MD-HD-41B,1.12,0
MD,House of Delegates,MD-HD-41C,1.18,0
MD,House of Delegates,MD-HD-42A,0.01,0
MD,House of Delegates,MD-HD-42B,0.49,0
MD,House of Delegates,MD-HD-43AA,1.28,0
MD,House of Delegates,MD-HD-43AB,1.16,0
MD,House of Delegates,MD-HD-43B,1.11,0
MD,House of Delegates,MD-HD-44A,0.95,0
MD,House of Delegates,MD-HD-44BA,0.04,0
MD,House of Delegates,MD-HD-44BB,1.29,0
MD,House of Delegates,MD-HD-45A,1.32,0
MD,House of Delegates,MD-HD-45B,1.31,0
MD,House of Delegates,MD-HD-45C,0.89,0
MD,House of Delegates,MD-HD-46A,0.05,0
MD,House of Delegates,MD-HD-46B,1.21,0
MD,House of Delegates,MD-HD-46C,1.19,0
MD,House of Delegates,MD-HD-47AA,0.01,0
MD,House of Delegates,MD-HD-47AB,1.3,0
MD,House of Delegates,MD-HD-47B,1.25,0
MD,House of Delegates,MD-HD-4B,0.05,0
MD,House of Delegates,MD-HD-4C,0.14,0
MD,House of Delegates,MD-HD-6C,0.01,0
MD,House of Delegates,MD-HD-7AA,0.01,0
MD,House of Delegates,MD-HD-8A,0.74,0
MD,House of Delegates,MD-HD-8B,1.26,0
MD,House of Delegates,MD-HD-8C,1.35,0
MD,House of Delegates,MD-HD-9AA,0.82,0
MD,House of Delegates,MD-HD-9AB,0.94,0
MD,House of Delegates,MD-HD-9B,1.16,0
MD,Senate,MD-SD-10,4.0,0
MD,Senate,MD-SD-11,0.88,0
MD,Senate,MD-SD-12,4.07,0
MD,Senate,MD-SD-13,3.64,0
MD,Senate,MD-SD-14,3.76,0
MD,Senate,MD-SD-15,3.36,0
MD,Senate,MD-SD-16,3.78,0
MD,Senate,MD-SD-17,0.05,0
MD,Senate,MD-SD-18,3.66,0
MD,Senate,MD-SD-19,4.06,0
MD,Senate,MD-SD-20,3.98,0
MD,Senate,MD-SD-21,0.09,0
MD,Senate,MD-SD-22,0.24,0
MD,Senate,MD-SD-23,0.13,0
MD,Senate,MD-SD-24,3.82,0
MD,Senate,MD-SD-25,3.8,0
MD,Senate,MD-SD-26,3.87,1
MD,Senate,MD-SD-27,2.43,0
MD,Senate,MD-SD-28,3.98,0
MD,Senate,MD-SD-3,0.79,0
MD,Senate,MD-SD-30,3.36,0
MD,Senate,MD-SD-31,0.05,0
MD,Senate,MD-SD-32,3.61,0
MD,Senate,MD-SD-33,4.11,0
MD,Senate,MD-SD-34,3.48,0
MD,Senate,MD-SD-39,3.58,0
MD,Senate,MD-SD-40,3.55,0
MD,Senate,MD-SD-41,3.81,0
MD,Senate,MD-SD-42,0.07,0
MD,Senate,MD-SD-43,4.03,0
MD,Senate,MD-SD-44,3.53,0
MD,Senate,MD-SD-45,3.97,0
MD,Senate,MD-SD-46,0.1,0
MD,Senate,MD-SD-47,4.09,0
MD,Senate,MD-SD-8,2.22,0
MD,Senate,MD-SD-9,2.05,0
MA,House,MA-10th Bristol,0.65,0
MA,House,MA-10th Essex,0.85,0
MA,House,MA-10th Hampden,0.82,0
MA,House,MA-10th Middlesex,0.7,0
MA,House,MA-10th Norfolk,0.66,0
MA,House,MA-10th Plymouth,0.73,0
MA,House,MA-10th Suffolk,0.78,0
MA,House,MA-10th Worcester,0.73,0
MA,House,MA-11th Bristol,0.77,0
MA,House,MA-11th Essex,0.67,0
MA,House,MA-11th Hampden,0.76,0
MA,House,MA-11th Middlesex,0.92,0
MA,House,MA-11th Norfolk,0.84,0
MA,House,MA-11th Plymouth,0.71,0
MA,House,MA-11th Suffolk,0.73,0
MA,House,MA-12th Essex,0.78,0
MA,House,MA-12th Hampden,0.85,0
MA,House,MA-12th Middlesex,0.84,0
MA,House,MA-12th Norfolk,0.71,0
MA,House,MA-12th Plymouth,0.56,0
MA,House,MA-12th Suffolk,0.75,0
MA,House,MA-12th Worcester,0.68,0
MA,House,MA-13th Bristol,0.74,0
MA,House,MA-13th Essex,0.73,0
MA,House,MA-13th Middlesex,0.72,0
MA,House,MA-13th Norfolk,0.61,0
MA,House,MA-13th Suffolk,0.68,0
MA,House,MA-13th Worcester,0.65,0
MA,House,MA-14th Bristol,0.64,0
MA,House,MA-14th Essex,0.85,0
MA,House,MA-14th Middlesex,0.83,0
MA,House,MA-14th Norfolk,0.76,0
MA,House,MA-14th Suffolk,0.78,0
MA,House,MA-14th Worcester,0.67,0
MA,House,MA-15th Essex,0.71,0
MA,House,MA-15th Middlesex,0.64,0
MA,House,MA-15th Norfolk,0.76,0
MA,House,MA-15th Suffolk,0.87,0
MA,House,MA-15th Worcester,0.76,0
MA,House,MA-16th Essex,0.68,0
MA,House,MA-16th Middlesex,0.76,0
MA,House,MA-16th Suffolk,0.7,0
MA,House,MA-16th Worcester,0.94,0
MA,House,MA-17th Essex,0.86,0
MA,House,MA-17th Middlesex,0.81,0
MA,House,MA-17th Suffolk,0.79,0
MA,House,MA-17th Worcester,0.81,0
MA,House,MA-18th Essex,0.93,0
MA,House,MA-18th Middlesex,0.75,0
MA,House,MA-18th Suffolk,0.58,0
MA,House,MA-19th Middlesex,0.7,0
MA,House,MA-19th Suffolk,0.76,0
MA,House,MA-19th Worcester,0.84,0
MA,House,MA-1st Barnstable,0.75,0
MA,House,MA-1st Berkshire,0.93,0
MA,House,MA-1st Essex,0.89,0
MA,House,MA-1st Franklin,0.82,0
MA,House,MA-1st Hampshire,0.69,0
MA,House,MA-1st Middlesex,0.66,0
MA,House,MA-1st Norfolk,0.87,0
MA,House,MA-1st Plymouth,0.63,0
MA,House,MA-1st Suffolk,0.85,0
MA,House,MA-1st Worcester,0.32,0
MA,House,MA-20th Middlesex,0.29,0
MA,House,MA-21st Middlesex,0.91,0
MA,House,MA-23rd Middlesex,0.62,0
MA,House,MA-24th Middlesex,0.67,0
MA,House,MA-25th Middlesex,0.83,0
MA,House,MA-26th Middlesex,0.8,0
MA,House,MA-27th Middlesex,0.78,0
MA,House,MA-28th Middlesex,0.75,0
MA,House,MA-29th Middlesex,0.7,0
MA,House,MA-2nd Barnstable,0.95,0
MA,House,MA-2nd Berkshire,0.74,0
MA,House,MA-2nd Bristol,0.68,0
MA,House,MA-2nd Essex,0.81,0
MA,House,MA-2nd Franklin,0.39,0
MA,House,MA-2nd Hampden,0.74,0
MA,House,MA-2nd Hampshire,0.82,0
MA,House,MA-2nd Middlesex,0.85,0
MA,House,MA-2nd Norfolk,0.2,0
MA,House,MA-2nd Suffolk,0.79,0
MA,House,MA-2nd Worcester,0.99,0
MA,House,MA-30th Middlesex,0.65,0
MA,House,MA-31st Middlesex,0.27,0
MA,House,MA-32nd Middlesex,0.94,0
MA,House,MA-33rd Middlesex,0.83,0
MA,House,MA-34th Middlesex,0.63,0
MA,House,MA-35th Middlesex,0.45,0
MA,House,MA-36th Middlesex,0.61,0
MA,House,MA-37th Middlesex,0.78,0
MA,House,MA-3rd Barnstable,0.22,0
MA,House,MA-3rd Berkshire,0.64,0
MA,House,MA-3rd Bristol,0.69,0
MA,House,MA-3rd Essex,0.87,0
MA,House,MA-3rd Hampshire,0.73,0
MA,House,MA-3rd Middlesex,0.77,0
MA,House,MA-3rd Norfolk,0.66,0
MA,House,MA-3rd Plymouth,0.87,0
MA,House,MA-3rd Suffolk,0.78,1
MA,House,MA-3rd Worcester,0.69,0
MA,House,MA-4th Barnstable,0.8,0
MA,House,MA-4th Essex,0.88,0
MA,House,MA-4th Hampden,0.02,0
MA,House,MA-4th Middlesex,0.79,0
MA,House,MA-4th Norfolk,0.75,0
MA,House,MA-4th Plymouth,0.78,0
MA,House,MA-4th Suffolk,0.92,0
MA,House,MA-4th Worcester,0.87,0
MA,House,MA-5th Essex,0.07,0
MA,House,MA-5th Hampden,0.79,0
MA,House,MA-5th Middlesex,0.05,0
MA,House,MA-5th Norfolk,0.82,0
MA,House,MA-5th Suffolk,0.69,0
MA,House,MA-6th Bristol,0.79,0
MA,House,MA-6th Essex,0.66,0
MA,House,MA-6th Hampden,0.7,0
MA,House,MA-6th Middlesex,0.87,0
MA,House,MA-6th Norfolk,0.82,0
MA,House,MA-6th Plymouth,0.07,0
MA,House,MA-6th Suffolk,0.77,0
MA,House,MA-7th Bristol,0.47,0
MA,House,MA-7th Essex,0.81,0
MA,House,MA-7th Hampden,0.78,0
MA,House,MA-7th Middlesex,0.78,0
MA,House,MA-7th Norfolk,0.84,0
MA,House,MA-7th Plymouth,0.04,0
MA,House,MA-7th Suffolk,0.72,0
MA,House,MA-7th Worcester,0.02,0
MA,House,MA-8th Bristol,0.32,0
MA,House,MA-8th Essex,0.86,0
MA,House,MA-8th Hampden,0.81,0
MA,House,MA-8th Middlesex,0.8,0
MA,House,MA-8th Norfolk,0.81,0
MA,House,MA-8th Plymouth,0.45,0
MA,House,MA-8th Suffolk,0.69,0
MA,House,MA-9th Bristol,0.15,0
MA,House,MA-9th Essex,0.02,0
MA,House,MA-9th Hampden,0.87,0
MA,House,MA-9th Middlesex,0.77,0
MA,House,MA-9th Norfolk,0.02,0
MA,House,MA-9th Plymouth,0.92,0
MA,House,MA-9th Suffolk,0.77,0
MA,House,"MA-Barnstable, Dukes, and Nantucket",0.77,0
MA,Senate,MA-1st Bristol and Plymouth,1.64,0
MA,Senate,MA-1st Essex-2,3.1,0
MA,Senate,MA-1st Middlesex-2,2.82,0
MA,Senate,MA-1st Suffolk-2,3.01,0
MA,Senate,MA-1st Worcester-2,3.08,0
MA,Senate,MA-2nd Bristol and Plymouth,2.64,0
MA,Senate,MA-2nd Essex and Middlesex,2.81,0
MA,Senate,MA-2nd Essex-2,2.96,0
MA,Senate,MA-2nd Middlesex-2,2.94,0
MA,Senate,MA-2nd Plymouth and Norfolk,3.34,0
MA,Senate,MA-2nd Suffolk-2,2.65,0
MA,Senate,MA-2nd Worcester-2,3.0,0
MA,Senate,MA-3rd Essex-2,2.84,0
MA,Senate,MA-3rd Middlesex-2,2.8,1
MA,Senate,MA-3rd Suffolk-2,3.08,0
MA,Senate,MA-4th Middlesex-2,2.79,0
MA,Senate,MA-5th Middlesex-2,3.16,0
MA,Senate,"MA-Berkshire, Hampden, Franklin, and Hampshire",2.99,0
MA,Senate,MA-Bristol and Norfolk,2.7,0
MA,Senate,MA-Cape and Islands,2.85,0
MA,Senate,MA-Hampden,3.1,0
MA,Senate,MA-Hampden and Hampshire,3.1,0
MA,Senate,"MA-Hampden, Hampshire, and Worcester",3.07,0
MA,Senate,"MA-Hampshire, Franklin, and Worcester",3.15,0
MA,Senate,MA-Middlesex and Norfolk,3.31,0
MA,Senate,MA-Middlesex and Suffolk,3.2,0
MA,Senate,MA-Middlesex and Worcester,0.15,0
MA,Senate,MA-Norfolk and Middlesex,2.99,0
MA,Senate,MA-Norfolk and Plymouth,2.94,0
MA,Senate,MA-Norfolk and Suffolk,3.21,0
MA,Senate,"MA-Norfolk, Plymouth, and Bristol",3.21,0
MA,Senate,"MA-Norfolk, Worcester, and Middlesex",3.21,0
MA,Senate,MA-Plymouth and Barnstable,2.11,0
MA,Senate,MA-Suffolk and Middlesex,3.08,0
MA,Senate,MA-Worcester and Hampshire,0.03,0
MA,Senate,MA-Worcester and Middlesex,2.94,0
MI,House,MI-HD-10,0.02,0
MI,House,MI-HD-100,0.06,0
MI,House,MI-HD-101,0.19,0
MI,House,MI-HD-102,1.09,0
MI,House,MI-HD-103,1.47,0
MI,House,MI-HD-104,2.09,0
MI,House,MI-HD-105,0.04,0
MI,House,MI-HD-107,1.16,0
MI,House,MI-HD-108,0.66,0
MI,House,MI-HD-109,3.91,1
MI,House,MI-HD-110,0.2,0
MI,House,MI-HD-13,3.55,0
MI,House,MI-HD-14,0.66,0
MI,House,MI-HD-15,3.16,0
MI,House,MI-HD-17,0.32,0
MI,House,MI-HD-2,3.12,0
MI,House,MI-HD-21,0.37,0
MI,House,MI-HD-22,3.09,0
MI,House,MI-HD-23,0.01,0
MI,House,MI-HD-24,0.14,0
MI,House,MI-HD-25,0.29,0
MI,House,MI-HD-27,3.73,0
MI,House,MI-HD-28,3.41,0
MI,House,MI-HD-29,1.57,0
MI,House,MI-HD-3,0.07,0
MI,House,MI-HD-30,0.23,0
MI,House,MI-HD-31,3.95,0
MI,House,MI-HD-34,0.38,0
MI,House,MI-HD-35,0.01,0
MI,House,MI-HD-36,0.01,0
MI,House,MI-HD-37,0.29,0
MI,House,MI-HD-38,0.91,0
MI,House,MI-HD-39,0.22,0
MI,House,MI-HD-40,0.12,0
MI,House,MI-HD-42,1.91,0
MI,House,MI-HD-44,4.38,0
MI,House,MI-HD-45,0.18,0
MI,House,MI-HD-46,4.0,0
MI,House,MI-HD-47,0.02,0
MI,House,MI-HD-48,1.11,0
MI,House,MI-HD-49,2.07,0
MI,House,MI-HD-50,0.1,0
MI,House,MI-HD-51,0.64,0
MI,House,MI-HD-52,1.13,0
MI,House,MI-HD-54,3.78,0
MI,House,MI-HD-55,4.27,0
MI,House,MI-HD-56,0.13,0
MI,House,MI-HD-57,0.79,0
MI,House,MI-HD-58,3.25,0
MI,House,MI-HD-59,0.73,0
MI,House,MI-HD-6,0.06,0
MI,House,MI-HD-60,0.27,0
MI,House,MI-HD-61,1.78,0
MI,House,MI-HD-62,1.26,0
MI,House,MI-HD-63,0.13,0
MI,House,MI-HD-64,0.25,0
MI,House,MI-HD-66,0.06,0
MI,House,MI-HD-67,0.15,0
MI,House,MI-HD-68,3.07,0
MI,House,MI-HD-69,0.4,0
MI,House,MI-HD-71,0.81,0
MI,House,MI-HD-72,1.76,0
MI,House,MI-HD-73,0.35,0
MI,House,MI-HD-74,0.02,0
MI,House,MI-HD-75,0.08,0
MI,House,MI-HD-76,0.91,0
MI,House,MI-HD-77,0.07,0
MI,House,MI-HD-78,0.93,0
MI,House,MI-HD-79,0.23,0
MI,House,MI-HD-80,0.64,0
MI,House,MI-HD-81,0.36,0
MI,House,MI-HD-83,0.77,0
MI,House,MI-HD-84,1.68,0
MI,House,MI-HD-85,0.03,0
MI,House,MI-HD-86,3.67,0
MI,House,MI-HD-87,0.06,0
MI,House,MI-HD-88,2.6,0
MI,House,MI-HD-89,0.48,0
MI,House,MI-HD-90,2.47,0
MI,House,MI-HD-92,2.49,0
MI,House,MI-HD-93,0.12,0
MI,House,MI-HD-95,0.96,0
MI,House,MI-HD-96,1.45,0
MI,House,MI-HD-97,0.63,0
MI,House,MI-HD-98,0.01,0
MI,Senate,MI-SD-10,0.78,0
MI,Senate,MI-SD-11,2.48,0
MI,Senate,MI-SD-12,9.86,1
MI,Senate,MI-SD-13,8.11,0
MI,Senate,MI-SD-14,2.53,0
MI,Senate,MI-SD-16,0.04,0
MI,Senate,MI-SD-17,0.17,0
MI,Senate,MI-SD-18,0.23,0
MI,Senate,MI-SD-19,0.57,0
MI,Senate,MI-SD-2,3.51,0
MI,Senate,MI-SD-20,5.18,0
MI,Senate,MI-SD-21,0.09,0
MI,Senate,MI-SD-22,2.33,0
MI,Senate,MI-SD-23,2.11,0
MI,Senate,MI-SD-24,1.55,0
MI,Senate,MI-SD-25,0.04,0
MI,Senate,MI-SD-26,1.59,0
MI,Senate,MI-SD-27,0.07,0
MI,Senate,MI-SD-28,6.14,0
MI,Senate,MI-SD-29,0.79,0
MI,Senate,MI-SD-30,3.4,0
MI,Senate,MI-SD-31,3.7,0
MI,Senate,MI-SD-32,10.62,0
MI,Senate,MI-SD-33,0.69,0
MI,Senate,MI-SD-34,0.33,0
MI,Senate,MI-SD-35,3.78,0
MI,Senate,MI-SD-37,2.66,0
MI,Senate,MI-SD-38,4.38,0
MI,Senate,MI-SD-4,7.69,0
MI,Senate,MI-SD-5,3.11,0
MI,Senate,MI-SD-7,0.06,0
MI,Senate,MI-SD-8,4.4,0
MI,Senate,MI-SD-9,7.01,0
MN,House,MN-10A,0.02,0
MN,House,MN-11A,1.38,0
MN,House,MN-13A,0.01,0
MN,House,MN-13B,0.47,0
MN,House,MN-14A,3.19,0
MN,House,MN-14B,4.29,1
MN,House,MN-15A,0.18,0
MN,House,MN-15B,0.02,0
MN,House,MN-16B,0.01,0
MN,House,MN-17A,0.01,0
MN,House,MN-18A,2.72,0
MN,House,MN-18B,0.46,0
MN,House,MN-19A,0.05,0
MN,House,MN-19B,0.03,0
MN,House,MN-1B,0.03,0
MN,House,MN-20A,0.64,0
MN,House,MN-20B,0.23,0
MN,House,MN-21A,0.01,0
MN,House,MN-21B,0.01,0
MN,House,MN-22A,0.03,0
MN,House,MN-23A,0.2,0
MN,House,MN-23B,0.62,0
MN,House,MN-24A,0.06,0
MN,House,MN-24B,0.29,0
MN,House,MN-25A,1.19,0
MN,House,MN-25B,0.06,0
MN,House,MN-26A,2.0,0
MN,House,MN-26B,0.19,0
MN,House,MN-29A,0.01,0
MN,House,MN-29B,0.02,0
MN,House,MN-2A,2.32,0
MN,House,MN-2B,0.15,0
MN,House,MN-30A,0.05,0
MN,House,MN-30B,0.36,0
MN,House,MN-31A,0.21,0
MN,House,MN-32A,0.92,0
MN,House,MN-32B,2.03,0
MN,House,MN-33A,3.58,0
MN,House,MN-33B,4.07,0
MN,House,MN-34A,2.12,0
MN,House,MN-34B,0.04,0
MN,House,MN-35A,1.67,0
MN,House,MN-35B,3.4,0
MN,House,MN-36A,4.37,0
MN,House,MN-36B,2.85,0
MN,House,MN-37A,4.1,0
MN,House,MN-37B,1.17,0
MN,House,MN-38A,0.14,0
MN,House,MN-39A,0.57,0
MN,House,MN-39B,0.02,0
MN,House,MN-3A,1.03,0
MN,House,MN-3B,3.86,0
MN,House,MN-40A,0.62,0
MN,House,MN-41A,3.32,0
MN,House,MN-41B,4.32,0
MN,House,MN-42A,0.86,0
MN,House,MN-42B,0.49,0
MN,House,MN-43A,0.17,0
MN,House,MN-43B,0.4,0
MN,House,MN-44A,0.02,0
MN,House,MN-44B,0.4,0
MN,House,MN-45A,1.27,0
MN,House,MN-45B,0.02,0
MN,House,MN-47A,0.5,0
MN,House,MN-47B,0.39,0
MN,House,MN-48A,0.64,0
MN,House,MN-48B,2.36,0
MN,House,MN-49A,0.13,0
MN,House,MN-49B,0.26,0
MN,House,MN-4A,2.41,0
MN,House,MN-4B,0.01,0
MN,House,MN-50A,0.01,0
MN,House,MN-50B,0.46,0
MN,House,MN-51B,0.02,0
MN,House,MN-52A,0.8,0
MN,House,MN-52B,0.14,0
MN,House,MN-53A,0.17,0
MN,House,MN-53B,0.76,0
MN,House,MN-54A,3.61,0
MN,House,MN-54B,2.26,0
MN,House,MN-55A,2.02,0
MN,House,MN-55B,1.22,0
MN,House,MN-56A,0.13,0
MN,House,MN-56B,1.12,0
MN,House,MN-57A,0.22,0
MN,House,MN-57B,2.09,0
MN,House,MN-58A,2.47,0
MN,House,MN-58B,0.3,0
MN,House,MN-59A,0.39,0
MN,House,MN-60B,0.43,0
MN,House,MN-61A,0.46,0
MN,House,MN-61B,0.43,0
MN,House,MN-62A,0.42,0
MN,House,MN-64A,0.39,0
MN,House,MN-64B,0.51,0
MN,House,MN-65A,0.49,0
MN,House,MN-65B,0.38,0
MN,House,MN-67B,0.32,0
MN,House,MN-6A,0.06,0
MN,House,MN-6B,0.03,0
MN,House,MN-7A,0.46,0
MN,House,MN-7B,1.3,0
MN,House,MN-8B,0.05,0
MN,House,MN-9A,0.03,0
MN,Senate,MN-SD-1,0.01,0
MN,Senate,MN-SD-11,0.43,0
MN,Senate,MN-SD-13,0.16,0
MN,Senate,MN-SD-14,8.19,0
MN,Senate,MN-SD-15,0.11,0
MN,Senate,MN-SD-18,1.45,0
MN,Senate,MN-SD-19,0.02,0
MN,Senate,MN-SD-2,0.51,0
MN,Senate,MN-SD-20,1.46,0
MN,Senate,MN-SD-21,0.06,0
MN,Senate,MN-SD-22,0.11,0
MN,Senate,MN-SD-23,1.37,0
MN,Senate,MN-SD-24,6.71,0
MN,Senate,MN-SD-25,0.91,0
MN,Senate,MN-SD-26,3.8,0
MN,Senate,MN-SD-29,0.01,0
MN,Senate,MN-SD-3,6.86,0
MN,Senate,MN-SD-30,0.1,0
MN,Senate,MN-SD-31,0.03,0
MN,Senate,MN-SD-32,3.7,0
MN,Senate,MN-SD-33,1.81,0
MN,Senate,MN-SD-34,1.12,0
MN,Senate,MN-SD-35,3.86,0
MN,Senate,MN-SD-36,4.44,0
MN,Senate,MN-SD-37,7.47,1
MN,Senate,MN-SD-38,0.02,0
MN,Senate,MN-SD-39,0.35,0
MN,Senate,MN-SD-4,7.06,0
MN,Senate,MN-SD-40,0.19,0
MN,Senate,MN-SD-41,6.72,0
MN,Senate,MN-SD-42,0.67,0
MN,Senate,MN-SD-43,0.92,0
MN,Senate,MN-SD-44,2.54,0
MN,Senate,MN-SD-45,3.03,0
MN,Senate,MN-SD-47,1.0,0
MN,Senate,MN-SD-48,1.06,0
MN,Senate,MN-SD-49,0.93,0
MN,Senate,MN-SD-50,0.63,0
MN,Senate,MN-SD-51,0.11,0
MN,Senate,MN-SD-52,1.08,0
MN,Senate,MN-SD-53,3.95,0
MN,Senate,MN-SD-54,5.0,0
MN,Senate,MN-SD-55,3.16,0
MN,Senate,MN-SD-56,0.46,0
MN,Senate,MN-SD-57,1.51,0
MN,Senate,MN-SD-58,1.47,0
MN,Senate,MN-SD-59,0.88,0
MN,Senate,MN-SD-6,0.02,0
MN,Senate,MN-SD-60,0.01,0
MN,Senate,MN-SD-61,1.05,0
MN,Senate,MN-SD-62,0.91,0
MN,Senate,MN-SD-7,0.56,0
MN,Senate,MN-SD-8,0.01,0
MO,House,MO-HD-1,1.51,0
MO,House,MO-HD-10,1.08,0
MO,House,MO-HD-100,0.69,0
MO,House,MO-HD-101,0.88,0
MO,House,MO-HD-102,1.97,0
MO,House,MO-HD-103,2.48,0
MO,House,MO-HD-104,1.84,0
MO,House,MO-HD-105,0.98,0
MO,House,MO-HD-106,1.25,0
MO,House,MO-HD-107,2.73,0
MO,House,MO-HD-108,2.46,0
MO,House,MO-HD-109,0.55,0
MO,House,MO-HD-11,2.6,0
MO,House,MO-HD-110,1.61,0
MO,House,MO-HD-111,0.32,0
MO,House,MO-HD-112,2.11,0
MO,House,MO-HD-113,1.24,0
MO,House,MO-HD-114,1.95,0
MO,House,MO-HD-115,0.39,0
MO,House,MO-HD-116,0.35,0
MO,House,MO-HD-117,0.1,0
MO,House,MO-HD-118,0.28,0
MO,House,MO-HD-119,0.47,0
MO,House,MO-HD-12,0.04,0
MO,House,MO-HD-120,0.02,0
MO,House,MO-HD-121,2.31,0
MO,House,MO-HD-122,0.65,0
MO,House,MO-HD-123,0.03,0
MO,House,MO-HD-124,0.04,0
MO,House,MO-HD-125,0.01,0
MO,House,MO-HD-126,0.04,0
MO,House,MO-HD-127,0.02,0
MO,House,MO-HD-129,0.11,0
MO,House,MO-HD-13,2.62,1
MO,House,MO-HD-130,0.82,0
MO,House,MO-HD-131,0.29,0
MO,House,MO-HD-132,0.02,0
MO,House,MO-HD-133,0.23,0
MO,House,MO-HD-134,2.71,0
MO,House,MO-HD-135,0.05,0
MO,House,MO-HD-136,0.01,0
MO,House,MO-HD-137,0.84,0
MO,House,MO-HD-138,0.04,0
MO,House,MO-HD-139,1.59,0
MO,House,MO-HD-14,0.02,0
MO,House,MO-HD-140,0.17,0
MO,House,MO-HD-142,0.07,0
MO,House,MO-HD-144,0.05,0
MO,House,MO-HD-145,0.04,0
MO,House,MO-HD-146,0.09,0
MO,House,MO-HD-147,2.66,0
MO,House,MO-HD-148,0.01,0
MO,House,MO-HD-149,0.91,0
MO,House,MO-HD-150,1.46,0
MO,House,MO-HD-151,0.01,0
MO,House,MO-HD-152,0.12,0
MO,House,MO-HD-153,0.01,0
MO,House,MO-HD-156,0.1,0
MO,House,MO-HD-159,1.34,0
MO,House,MO-HD-16,1.05,0
MO,House,MO-HD-160,0.26,0
MO,House,MO-HD-161,2.55,0
MO,House,MO-HD-162,1.51,0
MO,House,MO-HD-163,0.03,0
MO,House,MO-HD-17,0.69,0
MO,House,MO-HD-2,0.09,0
MO,House,MO-HD-20,2.62,0
MO,House,MO-HD-21,0.05,0
MO,House,MO-HD-29,0.07,0
MO,House,MO-HD-3,1.08,0
MO,House,MO-HD-30,0.39,0
MO,House,MO-HD-31,1.86,0
MO,House,MO-HD-32,2.57,0
MO,House,MO-HD-33,2.18,0
MO,House,MO-HD-34,0.05,0
MO,House,MO-HD-35,0.02,0
MO,House,MO-HD-38,0.03,0
MO,House,MO-HD-39,1.54,0
MO,House,MO-HD-4,0.15,0
MO,House,MO-HD-40,0.01,0
MO,House,MO-HD-41,0.02,0
MO,House,MO-HD-42,0.19,0
MO,House,MO-HD-43,0.57,0
MO,House,MO-HD-44,2.43,0
MO,House,MO-HD-48,0.4,0
MO,House,MO-HD-49,0.45,0
MO,House,MO-HD-5,0.4,0
MO,House,MO-HD-51,1.27,0
MO,House,MO-HD-52,0.99,0
MO,House,MO-HD-53,0.48,0
MO,House,MO-HD-54,1.28,0
MO,House,MO-HD-55,0.5,0
MO,House,MO-HD-56,1.03,0
MO,House,MO-HD-57,0.18,0
MO,House,MO-HD-59,0.77,0
MO,House,MO-HD-6,0.3,0
MO,House,MO-HD-60,1.15,0
MO,House,MO-HD-61,0.01,0
MO,House,MO-HD-62,0.31,0
MO,House,MO-HD-63,2.33,0
MO,House,MO-HD-64,1.12,0
MO,House,MO-HD-65,2.3,0
MO,House,MO-HD-69,2.23,0
MO,House,MO-HD-7,0.25,0
MO,House,MO-HD-8,0.7,0
MO,House,MO-HD-88,2.7,0
MO,House,MO-HD-89,1.43,0
MO,House,MO-HD-9,0.28,0
MO,House,MO-HD-92,0.01,0
MO,House,MO-HD-94,0.45,0
MO,House,MO-HD-95,1.6,0
MO,House,MO-HD-96,0.79,0
MO,House,MO-HD-97,2.89,0
MO,Senate,MO-SD-10,12.12,0
MO,Senate,MO-SD-12,4.0,0
MO,Senate,MO-SD-16,9.25,0
MO,Senate,MO-SD-18,12.38,0
MO,Senate,MO-SD-2,7.54,0
MO,Senate,MO-SD-20,12.82,0
MO,Senate,MO-SD-22,5.35,0
MO,Senate,MO-SD-26,6.65,0
MO,Senate,MO-SD-28,10.32,0
MO,Senate,MO-SD-30,0.03,0
MO,Senate,MO-SD-32,5.71,0
MO,Senate,MO-SD-34,0.25,0
MO,Senate,MO-SD-6,13.38,1
MO,Senate,MO-SD-8,0.2,0
MT,House,MT-HD-1,0.16,0
MT,House,MT-HD-10,0.1,0
MT,House,MT-HD-11,0.07,0
MT,House,MT-HD-12,0.95,0
MT,House,MT-HD-13,4.74,0
MT,House,MT-HD-15,0.13,0
MT,House,MT-HD-17,1.14,0
MT,House,MT-HD-18,1.71,0
MT,House,MT-HD-19,0.08,0
MT,House,MT-HD-2,0.05,0
MT,House,MT-HD-20,4.64,0
MT,House,MT-HD-21,4.86,0
MT,House,MT-HD-22,3.06,0
MT,House,MT-HD-23,4.91,0
MT,House,MT-HD-24,3.61,0
MT,House,MT-HD-25,1.57,0
MT,House,MT-HD-26,0.64,0
MT,House,MT-HD-28,1.65,0
MT,House,MT-HD-3,0.04,0
MT,House,MT-HD-34,0.01,0
MT,House,MT-HD-36,1.02,0
MT,House,MT-HD-37,0.09,0
MT,House,MT-HD-38,1.56,0
MT,House,MT-HD-39,1.15,0
MT,House,MT-HD-4,2.13,0
MT,House,MT-HD-40,0.2,0
MT,House,MT-HD-42,0.82,0
MT,House,MT-HD-43,3.12,0
MT,House,MT-HD-44,0.34,0
MT,House,MT-HD-45,0.05,0
MT,House,MT-HD-46,0.05,0
MT,House,MT-HD-47,0.05,0
MT,House,MT-HD-48,4.34,0
MT,House,MT-HD-49,4.37,0
MT,House,MT-HD-5,0.53,0
MT,House,MT-HD-50,4.58,1
MT,House,MT-HD-51,4.96,0
MT,House,MT-HD-52,1.78,0
MT,House,MT-HD-53,1.64,0
MT,House,MT-HD-54,0.11,0
MT,House,MT-HD-55,0.56,0
MT,House,MT-HD-56,1.6,0
MT,House,MT-HD-57,0.75,0
MT,House,MT-HD-58,0.35,0
MT,House,MT-HD-6,3.17,0
MT,House,MT-HD-60,0.31,0
MT,House,MT-HD-62,0.05,0
MT,House,MT-HD-63,0.04,0
MT,House,MT-HD-64,0.13,0
MT,House,MT-HD-66,0.14,0
MT,House,MT-HD-67,3.29,0
MT,House,MT-HD-68,2.39,0
MT,House,MT-HD-69,1.55,0
MT,House,MT-HD-7,4.1,0
MT,House,MT-HD-70,0.15,0
MT,House,MT-HD-75,0.48,0
MT,House,MT-HD-76,1.66,0
MT,House,MT-HD-77,0.01,0
MT,House,MT-HD-78,0.01,0
MT,House,MT-HD-79,0.03,0
MT,House,MT-HD-8,0.17,0
MT,House,MT-HD-80,0.66,0
MT,House,MT-HD-81,0.3,0
MT,House,MT-HD-82,0.06,0
MT,House,MT-HD-83,0.26,0
MT,House,MT-HD-84,3.48,0
MT,House,MT-HD-85,0.39,0
MT,House,MT-HD-86,4.6,0
MT,House,MT-HD-87,0.02,0
MT,House,MT-HD-88,0.68,0
MT,House,MT-HD-89,0.01,0
MT,House,MT-HD-9,0.08,0
MT,House,MT-HD-90,1.49,0
MT,House,MT-HD-98,0.01,0
MT,House,MT-HD-99,0.01,0
MT,Senate,MT-SD-1,6.24,0
MT,Senate,MT-SD-10,1.04,0
MT,Senate,MT-SD-11,0.99,0
MT,Senate,MT-SD-12,1.49,0
MT,Senate,MT-SD-14,10.21,0
MT,Senate,MT-SD-18,9.05,0
MT,Senate,MT-SD-19,2.06,0
MT,Senate,MT-SD-22,11.12,0
MT,Senate,MT-SD-23,0.02,0
MT,Senate,MT-SD-25,11.24,0
MT,Senate,MT-SD-28,2.06,0
MT,Senate,MT-SD-29,0.07,0
MT,Senate,MT-SD-34,9.89,0
MT,Senate,MT-SD-4,10.42,1
MT,Senate,MT-SD-42,0.03,0
MT,Senate,MT-SD-43,10.12,0
MT,Senate,MT-SD-6,4.64,0
MT,Senate,MT-SD-9,9.31,0
NE,Legislature,NE-LD-12,0.42,0
NE,Legislature,NE-LD-14,0.25,0
NE,Legislature,NE-LD-16,19.75,1
NE,Legislature,NE-LD-18,0.09,0
NE,Legislature,NE-LD-2,2.91,0
NE,Legislature,NE-LD-22,13.26,0
NE,Legislature,NE-LD-24,6.62,0
NE,Legislature,NE-LD-30,1.48,0
NE,Legislature,NE-LD-32,17.77,0
NE,Legislature,NE-LD-34,4.94,0
NE,Legislature,NE-LD-36,11.19,0
NE,Legislature,NE-LD-38,5.94,0
NE,Legislature,NE-LD-4,1.93,0
NE,Legislature,NE-LD-40,1.53,0
NE,Legislature,NE-LD-42,2.52,0
NE,Legislature,NE-LD-44,1.5,0
NE,Legislature,NE-LD-48,7.9,0
NV,Assembly,NV-AD-1,1.8,0
NV,Assembly,NV-AD-10,1.58,0
NV,Assembly,NV-AD-11,1.67,0
NV,Assembly,NV-AD-12,6.34,0
NV,Assembly,NV-AD-13,0.49,0
NV,Assembly,NV-AD-14,1.8,0
NV,Assembly,NV-AD-15,1.95,0
NV,Assembly,NV-AD-16,3.58,0
NV,Assembly,NV-AD-17,1.94,0
NV,Assembly,NV-AD-18,1.35,0
NV,Assembly,NV-AD-2,2.98,0
NV,Assembly,NV-AD-20,2.12,0
NV,Assembly,NV-AD-21,6.02,0
NV,Assembly,NV-AD-22,0.3,0
NV,Assembly,NV-AD-23,0.58,0
NV,Assembly,NV-AD-24,1.8,0
NV,Assembly,NV-AD-25,2.44,0
NV,Assembly,NV-AD-26,0.41,0
NV,Assembly,NV-AD-27,2.21,0
NV,Assembly,NV-AD-28,1.72,0
NV,Assembly,NV-AD-29,5.75,0
NV,Assembly,NV-AD-3,2.96,0
NV,Assembly,NV-AD-30,4.53,0
NV,Assembly,NV-AD-31,0.06,0
NV,Assembly,NV-AD-34,5.39,0
NV,Assembly,NV-AD-35,1.49,0
NV,Assembly,NV-AD-36,0.01,0
NV,Assembly,NV-AD-37,5.52,0
NV,Assembly,NV-AD-4,0.35,0
NV,Assembly,NV-AD-40,0.99,0
NV,Assembly,NV-AD-41,5.88,0
NV,Assembly,NV-AD-42,4.54,0
NV,Assembly,NV-AD-5,4.76,0
NV,Assembly,NV-AD-6,1.8,0
NV,Assembly,NV-AD-7,1.85,0
NV,Assembly,NV-AD-8,5.81,1
NV,Assembly,NV-AD-9,5.23,0
NV,Senate,NV-SD-10,10.6,0
NV,Senate,NV-SD-12,16.56,0
NV,Senate,NV-SD-13,9.58,0
NV,Senate,NV-SD-16,0.14,0
NV,Senate,NV-SD-2,10.04,0
NV,Senate,NV-SD-20,0.24,0
NV,Senate,NV-SD-21,17.63,0
NV,Senate,NV-SD-8,17.83,0
NV,Senate,NV-SD-9,17.38,1
NH,House,NH-Belknap-1,1.04,0
NH,House,NH-Belknap-2,2.49,0
NH,House,NH-Belknap-3,0.69,0
NH,House,NH-Belknap-4,0.04,0
NH,House,NH-Belknap-5,4.04,0
NH,House,NH-Belknap-6,1.09,0
NH,House,NH-Belknap-7,0.05,0
NH,House,NH-Belknap-8,0.17,0
NH,House,NH-Carroll-1,0.01,0
NH,House,NH-Carroll-3,2.23,1
NH,House,NH-Carroll-4,0.81,0
NH,House,NH-Carroll-6,0.06,0
NH,House,NH-Carroll-7,0.02,0
NH,House,NH-Carroll-8,0.43,0
NH,House,NH-Cheshire-1,0.03,0
NH,House,NH-Cheshire-10,2.05,0
NH,House,NH-Cheshire-13,0.03,0
NH,House,NH-Cheshire-14,0.4,0
NH,House,NH-Cheshire-16,0.2,0
NH,House,NH-Cheshire-18,0.63,0
NH,House,NH-Cheshire-2,0.04,0
NH,House,NH-Cheshire-3,0.02,0
NH,House,NH-Cheshire-4,0.01,0
NH,House,NH-Cheshire-5,0.06,0
NH,House,NH-Cheshire-6,0.06,0
NH,House,NH-Cheshire-8,0.02,0
NH,House,NH-Cheshire-9,0.93,0
NH,House,NH-Coos-1,0.06,0
NH,House,NH-Coos-3,0.01,0
NH,House,NH-Coos-5,0.05,0
NH,House,NH-Coos-6,0.73,0
NH,House,NH-Grafton-1,1.58,0
NH,House,NH-Grafton-10,0.02,0
NH,House,NH-Grafton-11,0.63,0
NH,House,NH-Grafton-13,0.01,0
NH,House,NH-Grafton-14,0.03,0
NH,House,NH-Grafton-15,0.02,0
NH,House,NH-Grafton-16,0.02,0
NH,House,NH-Grafton-17,0.05,0
NH,House,NH-Grafton-18,0.01,0
NH,House,NH-Grafton-2,0.07,0
NH,House,NH-Grafton-3,0.1,0
NH,House,NH-Grafton-4,0.71,0
NH,House,NH-Grafton-5,0.04,0
NH,House,NH-Grafton-7,0.78,0
NH,House,NH-Grafton-8,0.08,0
NH,House,NH-Grafton-9,0.86,0
NH,House,NH-Hillsborough-1,0.02,0
NH,House,NH-Hillsborough-10,1.01,0
NH,House,NH-Hillsborough-11,0.1,0
NH,House,NH-Hillsborough-12,0.09,0
NH,House,NH-Hillsborough-13,0.58,0
NH,House,NH-Hillsborough-14,0.39,0
NH,House,NH-Hillsborough-15,0.01,0
NH,House,NH-Hillsborough-16,2.1,0
NH,House,NH-Hillsborough-17,0.1,0
NH,House,NH-Hillsborough-18,0.88,0
NH,House,NH-Hillsborough-19,1.83,0
NH,House,NH-Hillsborough-2,5.4,0
NH,House,NH-Hillsborough-20,0.02,0
NH,House,NH-Hillsborough-21,0.07,0
NH,House,NH-Hillsborough-22,1.68,0
NH,House,NH-Hillsborough-23,0.04,0
NH,House,NH-Hillsborough-24,1.06,0
NH,House,NH-Hillsborough-25,0.45,0
NH,House,NH-Hillsborough-26,1.66,0
NH,House,NH-Hillsborough-27,1.05,0
NH,House,NH-Hillsborough-28,0.09,0
NH,House,NH-Hillsborough-29,3.37,0
NH,House,NH-Hillsborough-3,0.06,0
NH,House,NH-Hillsborough-30,2.69,0
NH,House,NH-Hillsborough-31,0.03,0
NH,House,NH-Hillsborough-32,0.36,0
NH,House,NH-Hillsborough-34,0.91,0
NH,House,NH-Hillsborough-35,0.01,0
NH,House,NH-Hillsborough-36,1.4,0
NH,House,NH-Hillsborough-37,0.08,0
NH,House,NH-Hillsborough-38,0.02,0
NH,House,NH-Hillsborough-39,2.22,0
NH,House,NH-Hillsborough-4,0.01,0
NH,House,NH-Hillsborough-40,0.27,0
NH,House,NH-Hillsborough-41,0.05,0
NH,House,NH-Hillsborough-42,2.78,0
NH,House,NH-Hillsborough-43,3.26,0
NH,House,NH-Hillsborough-44,0.68,0
NH,House,NH-Hillsborough-45,1.2,0
NH,House,NH-Hillsborough-5,0.09,0
NH,House,NH-Hillsborough-6,0.08,0
NH,House,NH-Hillsborough-7,0.04,0
NH,House,NH-Hillsborough-8,0.85,0
NH,House,NH-Hillsborough-9,0.47,0
NH,House,NH-Merrimack-1,1.05,0
NH,House,NH-Merrimack-10,0.02,0
NH,House,NH-Merrimack-11,0.95,0
NH,House,NH-Merrimack-12,1.51,0
NH,House,NH-Merrimack-14,0.28,0
NH,House,NH-Merrimack-16,0.06,0
NH,House,NH-Merrimack-17,0.04,0
NH,House,NH-Merrimack-18,0.04,0
NH,House,NH-Merrimack-19,0.02,0
NH,House,NH-Merrimack-2,0.09,0
NH,House,NH-Merrimack-20,0.03,0
NH,House,NH-Merrimack-21,0.04,0
NH,House,NH-Merrimack-22,0.01,0
NH,House,NH-Merrimack-23,0.29,0
NH,House,NH-Merrimack-24,0.01,0
NH,House,NH-Merrimack-25,0.09,0
NH,House,NH-Merrimack-26,0.01,0
NH,House,NH-Merrimack-28,0.06,0
NH,House,NH-Merrimack-29,0.03,0
NH,House,NH-Merrimack-3,0.65,0
NH,House,NH-Merrimack-30,0.01,0
NH,House,NH-Merrimack-4,1.01,0
NH,House,NH-Merrimack-5,0.6,0
NH,House,NH-Merrimack-6,0.02,0
NH,House,NH-Merrimack-7,0.05,0
NH,House,NH-Merrimack-8,1.41,0
NH,House,NH-Merrimack-9,0.09,0
NH,House,NH-Rockingham-1,2.42,0
NH,House,NH-Rockingham-10,0.17,0
NH,House,NH-Rockingham-11,0.12,0
NH,House,NH-Rockingham-12,0.04,0
NH,House,NH-Rockingham-13,0.55,0
NH,House,NH-Rockingham-14,1.35,0
NH,House,NH-Rockingham-15,0.24,0
NH,House,NH-Rockingham-16,1.79,0
NH,House,NH-Rockingham-17,0.82,0
NH,House,NH-Rockingham-2,0.35,0
NH,House,NH-Rockingham-20,0.03,0
NH,House,NH-Rockingham-21,0.03,0
NH,House,NH-Rockingham-22,0.01,0
NH,House,NH-Rockingham-23,0.45,0
NH,House,NH-Rockingham-24,0.09,0
NH,House,NH-Rockingham-25,0.61,0
NH,House,NH-Rockingham-26,0.05,0
NH,House,NH-Rockingham-27,0.01,0
NH,House,NH-Rockingham-29,1.72,0
NH,House,NH-Rockingham-3,0.02,0
NH,House,NH-Rockingham-30,0.01,0
NH,House,NH-Rockingham-31,0.1,0
NH,House,NH-Rockingham-33,0.04,0
NH,House,NH-Rockingham-34,0.01,0
NH,House,NH-Rockingham-35,0.01,0
NH,House,NH-Rockingham-36,0.92,0
NH,House,NH-Rockingham-37,0.02,0
NH,House,NH-Rockingham-38,0.05,0
NH,House,NH-Rockingham-4,0.04,0
NH,House,NH-Rockingham-5,2.35,0
NH,House,NH-Rockingham-7,0.04,0
NH,House,NH-Rockingham-8,0.02,0
NH,House,NH-Rockingham-9,0.02,0
NH,House,NH-Strafford-10,0.09,0
NH,House,NH-Strafford-11,0.01,0
NH,House,NH-Strafford-12,0.09,0
NH,House,NH-Strafford-13,0.28,0
NH,House,NH-Strafford-15,0.03,0
NH,House,NH-Strafford-16,0.02,0
NH,House,NH-Strafford-17,0.01,0
NH,House,NH-Strafford-18,0.3,0
NH,House,NH-Strafford-19,3.06,0
NH,House,NH-Strafford-2,0.7,0
NH,House,NH-Strafford-21,0.03,0
NH,House,NH-Strafford-3,0.28,0
NH,House,NH-Strafford-4,2.99,0
NH,House,NH-Strafford-5,1.13,0
NH,House,NH-Strafford-6,0.72,0
NH,House,NH-Strafford-7,0.78,0
NH,House,NH-Strafford-8,1.08,0
NH,House,NH-Strafford-9,0.01,0
NH,House,NH-Sullivan-1,0.04,0
NH,House,NH-Sullivan-2,0.03,0
NH,House,NH-Sullivan-4,0.64,0
NH,House,NH-Sullivan-5,0.98,0
NH,House,NH-Sullivan-6,0.08,0
NH,House,NH-Sullivan-7,0.53,0
NH,House,NH-Sullivan-8,0.05,0
NH,Senate,NH-SD-1,3.27,0
NH,Senate,NH-SD-10,0.04,0
NH,Senate,NH-SD-11,8.47,0
NH,Senate,NH-SD-12,8.28,0
NH,Senate,NH-SD-13,1.39,0
NH,Senate,NH-SD-14,2.66,0
NH,Senate,NH-SD-15,0.06,0
NH,Senate,NH-SD-16,7.65,0
NH,Senate,NH-SD-17,6.01,0
NH,Senate,NH-SD-18,8.36,0
NH,Senate,NH-SD-19,3.67,0
NH,Senate,NH-SD-2,6.61,0
NH,Senate,NH-SD-20,0.4,0
NH,Senate,NH-SD-21,0.01,0
NH,Senate,NH-SD-22,2.47,0
NH,Senate,NH-SD-23,0.59,0
NH,Senate,NH-SD-24,0.77,0
NH,Senate,NH-SD-3,8.03,0
NH,Senate,NH-SD-4,0.02,0
NH,Senate,NH-SD-6,5.92,0
NH,Senate,NH-SD-7,7.86,0
NH,Senate,NH-SD-8,8.83,1
NH,Senate,NH-SD-9,8.63,0
NM,House,NM-HD-10,1.26,0
NM,House,NM-HD-11,1.95,0
NM,House,NM-HD-12,0.54,0
NM,House,NM-HD-13,2.14,0
NM,House,NM-HD-14,0.01,0
NM,House,NM-HD-15,2.26,0
NM,House,NM-HD-16,2.18,0
NM,House,NM-HD-17,3.79,0
NM,House,NM-HD-18,2.23,0
NM,House,NM-HD-19,2.0,0
NM,House,NM-HD-20,2.34,0
NM,House,NM-HD-21,3.4,1
NM,House,NM-HD-22,0.01,0
NM,House,NM-HD-23,0.37,0
NM,House,NM-HD-24,2.02,0
NM,House,NM-HD-26,1.34,0
NM,House,NM-HD-27,3.69,0
NM,House,NM-HD-28,3.26,0
NM,House,NM-HD-29,4.04,0
NM,House,NM-HD-30,1.58,0
NM,House,NM-HD-31,1.13,0
NM,House,NM-HD-32,0.15,0
NM,House,NM-HD-33,0.98,0
NM,House,NM-HD-34,2.1,0
NM,House,NM-HD-35,2.17,0
NM,House,NM-HD-36,3.82,0
NM,House,NM-HD-37,3.38,0
NM,House,NM-HD-38,0.08,0
NM,House,NM-HD-39,0.86,0
NM,House,NM-HD-4,2.99,0
NM,House,NM-HD-40,0.77,0
NM,House,NM-HD-41,1.94,0
NM,House,NM-HD-42,2.29,0
NM,House,NM-HD-43,2.21,0
NM,House,NM-HD-44,3.92,0
NM,House,NM-HD-45,2.11,0
NM,House,NM-HD-46,2.26,0
NM,House,NM-HD-47,2.01,0
NM,House,NM-HD-48,0.03,0
NM,House,NM-HD-5,2.05,0
NM,House,NM-HD-50,2.35,0
NM,House,NM-HD-51,0.01,0
NM,House,NM-HD-52,2.01,0
NM,House,NM-HD-53,3.47,0
NM,House,NM-HD-57,0.29,0
NM,House,NM-HD-6,1.91,0
NM,House,NM-HD-60,0.09,0
NM,House,NM-HD-65,1.84,0
NM,House,NM-HD-68,3.69,0
NM,House,NM-HD-69,2.48,0
NM,House,NM-HD-7,0.01,0
NM,House,NM-HD-70,2.18,0
NM,House,NM-HD-9,2.01,0
NY,Assembly,NY-AD-1,1.37,0
NY,Assembly,NY-AD-10,1.54,0
NY,Assembly,NY-AD-100,1.35,0
NY,Assembly,NY-AD-102,0.02,0
NY,Assembly,NY-AD-103,0.73,0
NY,Assembly,NY-AD-104,1.17,0
NY,Assembly,NY-AD-106,1.47,0
NY,Assembly,NY-AD-107,1.19,0
NY,Assembly,NY-AD-108,1.01,0
NY,Assembly,NY-AD-109,0.99,0
NY,Assembly,NY-AD-11,1.3,0
NY,Assembly,NY-AD-110,1.09,0
NY,Assembly,NY-AD-111,1.42,0
NY,Assembly,NY-AD-112,0.03,0
NY,Assembly,NY-AD-113,1.24,0
NY,Assembly,NY-AD-115,0.96,0
NY,Assembly,NY-AD-119,0.05,0
NY,Assembly,NY-AD-12,0.25,0
NY,Assembly,NY-AD-120,0.01,0
NY,Assembly,NY-AD-123,1.26,0
NY,Assembly,NY-AD-125,1.06,0
NY,Assembly,NY-AD-126,0.01,0
NY,Assembly,NY-AD-127,1.5,0
NY,Assembly,NY-AD-128,0.87,0
NY,Assembly,NY-AD-129,1.29,0
NY,Assembly,NY-AD-13,1.88,0
NY,Assembly,NY-AD-130,0.02,0
NY,Assembly,NY-AD-131,0.09,0
NY,Assembly,NY-AD-134,0.01,0
NY,Assembly,NY-AD-135,1.71,0
NY,Assembly,NY-AD-136,0.37,0
NY,Assembly,NY-AD-137,0.12,0
NY,Assembly,NY-AD-138,1.26,0
NY,Assembly,NY-AD-140,1.38,0
NY,Assembly,NY-AD-141,1.16,1
NY,Assembly,NY-AD-142,1.24,0
NY,Assembly,NY-AD-143,0.05,0
NY,Assembly,NY-AD-145,0.13,0
NY,Assembly,NY-AD-146,1.53,0
NY,Assembly,NY-AD-149,1.69,0
NY,Assembly,NY-AD-15,0.1,0
NY,Assembly,NY-AD-16,0.4,0
NY,Assembly,NY-AD-21,1.24,0
NY,Assembly,NY-AD-22,1.22,0
NY,Assembly,NY-AD-23,0.14,0
NY,Assembly,NY-AD-24,0.43,0
NY,Assembly,NY-AD-25,1.25,0
NY,Assembly,NY-AD-26,1.5,0
NY,Assembly,NY-AD-27,1.19,0
NY,Assembly,NY-AD-28,1.27,0
NY,Assembly,NY-AD-29,1.23,0
NY,Assembly,NY-AD-3,0.04,0
NY,Assembly,NY-AD-30,1.56,0
NY,Assembly,NY-AD-31,1.26,0
NY,Assembly,NY-AD-32,1.15,0
NY,Assembly,NY-AD-33,1.11,0
NY,Assembly,NY-AD-34,0.99,0
NY,Assembly,NY-AD-35,1.15,0
NY,Assembly,NY-AD-36,0.02,0
NY,Assembly,NY-AD-37,1.08,0
NY,Assembly,NY-AD-38,1.37,0
NY,Assembly,NY-AD-39,0.87,0
NY,Assembly,NY-AD-4,1.41,0
NY,Assembly,NY-AD-40,1.22,0
NY,Assembly,NY-AD-41,1.13,0
NY,Assembly,NY-AD-42,0.02,0
NY,Assembly,NY-AD-43,0.02,0
NY,Assembly,NY-AD-44,0.03,0
NY,Assembly,NY-AD-46,0.13,0
NY,Assembly,NY-AD-47,0.48,0
NY,Assembly,NY-AD-48,1.16,0
NY,Assembly,NY-AD-50,1.18,0
NY,Assembly,NY-AD-52,0.01,0
NY,Assembly,NY-AD-53,1.29,0
NY,Assembly,NY-AD-54,1.27,0
NY,Assembly,NY-AD-55,1.33,0
NY,Assembly,NY-AD-56,1.19,0
NY,Assembly,NY-AD-58,1.02,0
NY,Assembly,NY-AD-59,1.19,0
NY,Assembly,NY-AD-6,0.68,0
NY,Assembly,NY-AD-60,0.01,0
NY,Assembly,NY-AD-61,0.55,0
NY,Assembly,NY-AD-63,0.02,0
NY,Assembly,NY-AD-64,0.01,0
NY,Assembly,NY-AD-65,0.11,0
NY,Assembly,NY-AD-66,1.36,0
NY,Assembly,NY-AD-67,1.09,0
NY,Assembly,NY-AD-68,1.19,0
NY,Assembly,NY-AD-69,1.31,0
NY,Assembly,NY-AD-70,1.11,0
NY,Assembly,NY-AD-71,1.01,0
NY,Assembly,NY-AD-72,1.2,0
NY,Assembly,NY-AD-73,1.1,0
NY,Assembly,NY-AD-76,0.01,0
NY,Assembly,NY-AD-77,1.07,0
NY,Assembly,NY-AD-78,1.21,0
NY,Assembly,NY-AD-79,1.16,0
NY,Assembly,NY-AD-80,1.12,0
NY,Assembly,NY-AD-81,1.13,0
NY,Assembly,NY-AD-82,0.37,0
NY,Assembly,NY-AD-83,1.08,0
NY,Assembly,NY-AD-84,1.19,0
NY,Assembly,NY-AD-85,0.95,0
NY,Assembly,NY-AD-86,0.02,0
NY,Assembly,NY-AD-87,1.27,0
NY,Assembly,NY-AD-88,1.23,0
NY,Assembly,NY-AD-89,0.09,0
NY,Assembly,NY-AD-90,1.27,0
NY,Assembly,NY-AD-91,1.18,0
NY,Assembly,NY-AD-92,0.5,0
NY,Assembly,NY-AD-93,0.86,0
NY,Assembly,NY-AD-95,0.85,0
NY,Assembly,NY-AD-96,1.51,0
NY,Assembly,NY-AD-97,0.49,0
NY,Assembly,NY-AD-99,0.22,0
NY,Senate,NY-SD-1,0.06,0
NY,Senate,NY-SD-10,2.48,0
NY,Senate,NY-SD-11,3.66,0
NY,Senate,NY-SD-12,3.03,0
NY,Senate,NY-SD-13,2.75,0
NY,Senate,NY-SD-14,2.4,0
NY,Senate,NY-SD-15,2.33,0
NY,Senate,NY-SD-16,2.57,0
NY,Senate,NY-SD-17,0.13,0
NY,Senate,NY-SD-18,2.83,0
NY,Senate,NY-SD-19,2.45,0
NY,Senate,NY-SD-2,0.03,0
NY,Senate,NY-SD-20,2.45,0
NY,Senate,NY-SD-21,0.01,0
NY,Senate,NY-SD-22,0.11,0
NY,Senate,NY-SD-23,3.89,0
NY,Senate,NY-SD-25,2.5,0
NY,Senate,NY-SD-26,0.06,0
NY,Senate,NY-SD-27,0.03,0
NY,Senate,NY-SD-28,0.02,0
NY,Senate,NY-SD-29,2.5,0
NY,Senate,NY-SD-30,2.34,0
NY,Senate,NY-SD-31,2.52,0
NY,Senate,NY-SD-32,2.82,0
NY,Senate,NY-SD-33,2.55,0
NY,Senate,NY-SD-34,2.63,0
NY,Senate,NY-SD-35,1.02,0
NY,Senate,NY-SD-36,2.6,0
NY,Senate,NY-SD-37,2.64,0
NY,Senate,NY-SD-38,0.08,0
NY,Senate,NY-SD-39,0.39,0
NY,Senate,NY-SD-4,3.74,0
NY,Senate,NY-SD-40,3.31,1
NY,Senate,NY-SD-41,3.36,0
NY,Senate,NY-SD-42,1.4,0
NY,Senate,NY-SD-43,1.33,0
NY,Senate,NY-SD-44,0.46,0
NY,Senate,NY-SD-45,0.04,0
NY,Senate,NY-SD-46,2.54,0
NY,Senate,NY-SD-47,0.01,0
NY,Senate,NY-SD-48,3.1,0
NY,Senate,NY-SD-50,3.98,0
NY,Senate,NY-SD-51,0.15,0
NY,Senate,NY-SD-52,3.49,0
NY,Senate,NY-SD-54,0.02,0
NY,Senate,NY-SD-55,2.43,0
NY,Senate,NY-SD-56,3.81,0
NY,Senate,NY-SD-59,2.62,0
NY,Senate,NY-SD-6,1.66,0
NY,Senate,NY-SD-61,3.77,0
NY,Senate,NY-SD-63,1.63,0
NY,Senate,NY-SD-7,1.16,0
NY,Senate,NY-SD-9,0.11,0
NC,House,NC-HD-1,0.33,0
NC,House,NC-HD-10,1.48,0
NC,House,NC-HD-101,0.01,0
NC,House,NC-HD-103,0.01,0
NC,House,NC-HD-104,0.03,0
NC,House,NC-HD-105,3.43,0
NC,House,NC-HD-106,0.01,0
NC,House,NC-HD-108,0.72,0
NC,House,NC-HD-109,2.29,0
NC,House,NC-HD-11,0.01,0
NC,House,NC-HD-110,1.25,0
NC,House,NC-HD-112,0.01,0
NC,House,NC-HD-113,0.57,0
NC,House,NC-HD-115,0.49,0
NC,House,NC-HD-116,0.01,0
NC,House,NC-HD-117,1.7,0
NC,House,NC-HD-118,2.49,0
NC,House,NC-HD-119,2.82,0
NC,House,NC-HD-12,2.94,0
NC,House,NC-HD-13,0.06,0
NC,House,NC-HD-14,0.12,0
NC,House,NC-HD-15,0.15,0
NC,House,NC-HD-16,0.17,0
NC,House,NC-HD-17,0.6,0
NC,House,NC-HD-18,0.05,0
NC,House,NC-HD-19,1.56,0
NC,House,NC-HD-20,2.9,0
NC,House,NC-HD-22,2.47,0
NC,House,NC-HD-23,0.25,0
NC,House,NC-HD-24,0.39,0
NC,House,NC-HD-25,2.92,0
NC,House,NC-HD-26,1.96,0
NC,House,NC-HD-28,0.17,0
NC,House,NC-HD-29,0.02,0
NC,House,NC-HD-3,1.66,0
NC,House,NC-HD-31,0.02,0
NC,House,NC-HD-32,1.33,0
NC,House,NC-HD-35,3.32,0
NC,House,NC-HD-36,0.01,0
NC,House,NC-HD-37,3.05,1
NC,House,NC-HD-38,0.03,0
NC,House,NC-HD-4,1.09,0
NC,House,NC-HD-40,0.03,0
NC,House,NC-HD-43,3.25,0
NC,House,NC-HD-44,0.02,0
NC,House,NC-HD-46,0.61,0
NC,House,NC-HD-47,1.4,0
NC,House,NC-HD-48,0.24,0
NC,House,NC-HD-5,2.42,0
NC,House,NC-HD-50,0.01,0
NC,House,NC-HD-51,2.68,0
NC,House,NC-HD-52,0.79,0
NC,House,NC-HD-53,0.67,0
NC,House,NC-HD-54,0.01,0
NC,House,NC-HD-55,2.48,0
NC,House,NC-HD-56,0.01,0
NC,House,NC-HD-57,0.01,0
NC,House,NC-HD-59,2.45,0
NC,House,NC-HD-6,1.66,0
NC,House,NC-HD-61,0.03,0
NC,House,NC-HD-62,2.96,0
NC,House,NC-HD-63,2.65,0
NC,House,NC-HD-64,2.92,0
NC,House,NC-HD-65,0.75,0
NC,House,NC-HD-66,0.01,0
NC,House,NC-HD-67,0.02,0
NC,House,NC-HD-68,1.32,0
NC,House,NC-HD-69,0.68,0
NC,House,NC-HD-7,3.01,0
NC,House,NC-HD-73,2.67,0
NC,House,NC-HD-74,3.16,0
NC,House,NC-HD-75,2.68,0
NC,House,NC-HD-76,2.43,0
NC,House,NC-HD-78,0.01,0
NC,House,NC-HD-79,0.19,0
NC,House,NC-HD-8,0.01,0
NC,House,NC-HD-82,3.25,0
NC,House,NC-HD-83,0.08,0
NC,House,NC-HD-84,0.21,0
NC,House,NC-HD-85,0.01,0
NC,House,NC-HD-86,0.03,0
NC,House,NC-HD-87,0.01,0
NC,House,NC-HD-9,3.22,0
NC,House,NC-HD-91,0.09,0
NC,House,NC-HD-93,2.58,0
NC,House,NC-HD-95,0.59,0
NC,House,NC-HD-96,0.37,0
NC,House,NC-HD-97,0.02,0
NC,House,NC-HD-98,0.38,0
NC,House,NC-HD-99,0.02,0
NC,Senate,NC-SD-1,6.66,0
NC,Senate,NC-SD-10,2.44,0
NC,Senate,NC-SD-11,7.03,0
NC,Senate,NC-SD-12,2.51,0
NC,Senate,NC-SD-13,0.16,0
NC,Senate,NC-SD-18,0.68,0
NC,Senate,NC-SD-2,6.1,0
NC,Senate,NC-SD-21,3.94,0
NC,Senate,NC-SD-23,0.01,0
NC,Senate,NC-SD-24,5.95,0
NC,Senate,NC-SD-25,5.36,0
NC,Senate,NC-SD-26,7.77,0
NC,Senate,NC-SD-27,0.02,0
NC,Senate,NC-SD-28,0.03,0
NC,Senate,NC-SD-29,0.35,0
NC,Senate,NC-SD-3,3.52,0
NC,Senate,NC-SD-30,0.05,0
NC,Senate,NC-SD-31,2.39,0
NC,Senate,NC-SD-33,0.18,0
NC,Senate,NC-SD-34,5.75,0
NC,Senate,NC-SD-35,3.41,0
NC,Senate,NC-SD-36,0.01,0
NC,Senate,NC-SD-37,1.28,0
NC,Senate,NC-SD-39,0.01,0
NC,Senate,NC-SD-4,7.26,1
NC,Senate,NC-SD-42,0.47,0
NC,Senate,NC-SD-43,4.63,0
NC,Senate,NC-SD-44,0.25,0
NC,Senate,NC-SD-45,0.1,0
NC,Senate,NC-SD-46,1.55,0
NC,Senate,NC-SD-47,2.36,0
NC,Senate,NC-SD-48,2.72,0
NC,Senate,NC-SD-5,0.24,0
NC,Senate,NC-SD-50,2.05,0
NC,Senate,NC-SD-6,0.85,0
NC,Senate,NC-SD-7,6.57,0
NC,Senate,NC-SD-8,4.1,0
NC,Senate,NC-SD-9,1.24,0
ND,House,ND-HD-1,14.54,0
ND,House,ND-HD-13,0.01,0
ND,House,ND-HD-15,3.88,0
ND,House,ND-HD-17,0.04,0
ND,House,ND-HD-19,5.6,0
ND,House,ND-HD-23,14.01,0
ND,House,ND-HD-27,0.14,0
ND,House,ND-HD-29,7.84,0
ND,House,ND-HD-3,0.66,0
ND,House,ND-HD-31,7.65,0
ND,House,ND-HD-33,14.25,0
ND,House,ND-HD-35,0.14,0
ND,House,ND-HD-37,13.56,1
ND,House,ND-HD-39,13.62,0
ND,House,ND-HD-47,1.39,0
ND,House,ND-HD-5,1.83,0
ND,House,ND-HD-7,0.84,0
ND,Senate,ND-SD-1,1.84,0
ND,Senate,ND-SD-13,0.06,0
ND,Senate,ND-SD-15,1.69,0
ND,Senate,ND-SD-17,0.21,0
ND,Senate,ND-SD-19,14.95,0
ND,Senate,ND-SD-23,1.79,0
ND,Senate,ND-SD-25,1.72,0
ND,Senate,ND-SD-27,1.7,0
ND,Senate,ND-SD-29,9.5,0
ND,Senate,ND-SD-3,13.85,0
ND,Senate,ND-SD-31,13.24,0
ND,Senate,ND-SD-33,14.27,0
ND,Senate,ND-SD-35,0.27,0
ND,Senate,ND-SD-37,1.77,0
ND,Senate,ND-SD-39,1.73,0
ND,Senate,ND-SD-41,0.03,0
ND,Senate,ND-SD-45,0.11,0
ND,Senate,ND-SD-47,5.61,0
ND,Senate,ND-SD-5,1.74,0
ND,Senate,ND-SD-7,13.92,1
OH,House,OH-HD-10,0.11,0
OH,House,OH-HD-11,0.02,0
OH,House,OH-HD-12,0.12,0
OH,House,OH-HD-15,0.01,0
OH,House,OH-HD-16,0.03,0
OH,House,OH-HD-17,3.09,0
OH,House,OH-HD-19,0.05,0
OH,House,OH-HD-23,0.03,0
OH,House,OH-HD-27,0.02,0
OH,House,OH-HD-29,3.52,1
OH,House,OH-HD-30,1.14,0
OH,House,OH-HD-31,0.48,0
OH,House,OH-HD-32,0.84,0
OH,House,OH-HD-34,0.01,0
OH,House,OH-HD-35,0.66,0
OH,House,OH-HD-36,3.18,0
OH,House,OH-HD-37,3.7,0
OH,House,OH-HD-39,1.22,0
OH,House,OH-HD-40,0.85,0
OH,House,OH-HD-41,0.78,0
OH,House,OH-HD-44,1.85,0
OH,House,OH-HD-45,2.92,0
OH,House,OH-HD-46,0.98,0
OH,House,OH-HD-47,3.14,0
OH,House,OH-HD-48,3.65,0
OH,House,OH-HD-49,1.98,0
OH,House,OH-HD-5,0.01,0
OH,House,OH-HD-50,1.45,0
OH,House,OH-HD-51,0.13,0
OH,House,OH-HD-52,1.27,0
OH,House,OH-HD-53,0.05,0
OH,House,OH-HD-54,1.95,0
OH,House,OH-HD-55,0.33,0
OH,House,OH-HD-56,3.32,0
OH,House,OH-HD-57,3.4,0
OH,House,OH-HD-58,0.14,0
OH,House,OH-HD-59,3.38,0
OH,House,OH-HD-60,2.26,0
OH,House,OH-HD-61,3.21,0
OH,House,OH-HD-62,0.91,0
OH,House,OH-HD-63,0.02,0
OH,House,OH-HD-64,0.87,0
OH,House,OH-HD-65,1.44,0
OH,House,OH-HD-66,3.76,0
OH,House,OH-HD-67,0.65,0
OH,House,OH-HD-68,3.87,0
OH,House,OH-HD-69,0.16,0
OH,House,OH-HD-70,3.72,0
OH,House,OH-HD-71,0.64,0
OH,House,OH-HD-72,3.28,0
OH,House,OH-HD-73,3.62,0
OH,House,OH-HD-74,1.91,0
OH,House,OH-HD-75,2.88,0
OH,House,OH-HD-76,0.03,0
OH,House,OH-HD-77,0.28,0
OH,House,OH-HD-78,0.11,0
OH,House,OH-HD-79,0.01,0
OH,House,OH-HD-8,0.01,0
OH,House,OH-HD-80,0.17,0
OH,House,OH-HD-81,1.03,0
OH,House,OH-HD-82,0.89,0
OH,House,OH-HD-83,0.17,0
OH,House,OH-HD-86,3.42,0
OH,House,OH-HD-87,0.77,0
OH,House,OH-HD-88,1.71,0
OH,House,OH-HD-89,3.07,0
OH,House,OH-HD-90,0.03,0
OH,House,OH-HD-91,0.04,0
OH,House,OH-HD-92,0.85,0
OH,House,OH-HD-94,0.34,0
OH,House,OH-HD-95,0.74,0
OH,House,OH-HD-96,0.26,0
OH,House,OH-HD-97,0.86,0
OH,House,OH-HD-98,0.01,0
OH,House,OH-HD-99,2.19,0
OH,Senate,OH-SD-1,23.0,1
OH,Senate,OH-SD-13,0.55,0
OH,Senate,OH-SD-17,4.68,0
OH,Senate,OH-SD-19,4.26,0
OH,Senate,OH-SD-27,0.68,0
OH,Senate,OH-SD-29,9.63,0
OH,Senate,OH-SD-3,2.54,0
OH,Senate,OH-SD-31,11.24,0
OH,Senate,OH-SD-33,16.25,0
OH,Senate,OH-SD-5,22.22,0
OH,Senate,OH-SD-7,4.95,0
OK,House,OK-HD-1,0.16,0
OK,House,OK-HD-10,0.07,0
OK,House,OK-HD-100,0.37,0
OK,House,OK-HD-101,1.59,0
OK,House,OK-HD-11,1.49,0
OK,House,OK-HD-12,0.3,0
OK,House,OK-HD-13,1.55,0
OK,House,OK-HD-14,0.97,0
OK,House,OK-HD-15,1.74,0
OK,House,OK-HD-16,1.55,0
OK,House,OK-HD-17,1.51,0
OK,House,OK-HD-18,1.75,0
OK,House,OK-HD-19,1.55,0
OK,House,OK-HD-2,1.53,0
OK,House,OK-HD-20,0.47,0
OK,House,OK-HD-21,1.68,0
OK,House,OK-HD-22,1.62,1
OK,House,OK-HD-23,0.38,0
OK,House,OK-HD-24,1.75,0
OK,House,OK-HD-25,1.58,0
OK,House,OK-HD-26,1.51,0
OK,House,OK-HD-27,0.38,0
OK,House,OK-HD-28,0.62,0
OK,House,OK-HD-29,1.66,0
OK,House,OK-HD-3,0.52,0
OK,House,OK-HD-30,0.54,0
OK,House,OK-HD-31,1.84,0
OK,House,OK-HD-32,1.51,0
OK,House,OK-HD-33,0.88,0
OK,House,OK-HD-35,1.97,0
OK,House,OK-HD-36,0.15,0
OK,House,OK-HD-37,1.79,0
OK,House,OK-HD-38,0.18,0
OK,House,OK-HD-39,1.96,0
OK,House,OK-HD-4,1.93,0
OK,House,OK-HD-40,1.76,0
OK,House,OK-HD-41,1.25,0
OK,House,OK-HD-42,1.75,0
OK,House,OK-HD-43,1.69,0
OK,House,OK-HD-47,1.41,0
OK,House,OK-HD-48,1.54,0
OK,House,OK-HD-49,0.05,0
OK,House,OK-HD-5,1.45,0
OK,House,OK-HD-50,1.7,0
OK,House,OK-HD-51,1.74,0
OK,House,OK-HD-52,1.81,0
OK,House,OK-HD-53,1.94,0
OK,House,OK-HD-54,0.68,0
OK,House,OK-HD-55,1.34,0
OK,House,OK-HD-56,0.74,0
OK,House,OK-HD-57,1.73,0
OK,House,OK-HD-58,0.07,0
OK,House,OK-HD-59,1.48,0
OK,House,OK-HD-6,1.42,0
OK,House,OK-HD-60,1.12,0
OK,House,OK-HD-61,1.59,0
OK,House,OK-HD-62,0.26,0
OK,House,OK-HD-63,0.66,0
OK,House,OK-HD-64,0.05,0
OK,House,OK-HD-65,2.0,0
OK,House,OK-HD-66,0.91,0
OK,House,OK-HD-67,1.67,0
OK,House,OK-HD-68,1.84,0
OK,House,OK-HD-69,1.81,0
OK,House,OK-HD-7,1.75,0
OK,House,OK-HD-74,1.64,0
OK,House,OK-HD-75,1.68,0
OK,House,OK-HD-76,1.59,0
OK,House,OK-HD-8,1.6,0
OK,House,OK-HD-80,0.79,0
OK,House,OK-HD-81,0.85,0
OK,House,OK-HD-82,1.57,0
OK,House,OK-HD-83,0.59,0
OK,House,OK-HD-84,1.34,0
OK,House,OK-HD-86,0.25,0
OK,House,OK-HD-9,1.28,0
OK,House,OK-HD-90,1.64,0
OK,House,OK-HD-91,1.14,0
OK,House,OK-HD-95,0.68,0
OK,House,OK-HD-96,1.5,0
OK,House,OK-HD-98,1.6,0
OK,Senate,OK-SD-10,14.18,0
OK,Senate,OK-SD-12,13.98,0
OK,Senate,OK-SD-14,0.48,0
OK,Senate,OK-SD-18,1.33,0
OK,Senate,OK-SD-2,5.29,0
OK,Senate,OK-SD-20,0.61,0
OK,Senate,OK-SD-22,0.48,0
OK,Senate,OK-SD-24,0.03,0
OK,Senate,OK-SD-26,0.62,0
OK,Senate,OK-SD-28,11.26,0
OK,Senate,OK-SD-32,0.01,0
OK,Senate,OK-SD-34,0.45,0
OK,Senate,OK-SD-36,2.51,0
OK,Senate,OK-SD-38,0.7,0
OK,Senate,OK-SD-4,18.51,1
OK,Senate,OK-SD-42,0.21,0
OK,Senate,OK-SD-6,19.67,0
OK,Senate,OK-SD-8,9.68,0
OR,House,OR-HD-10,5.92,0
OR,House,OR-HD-12,0.15,0
OR,House,OR-HD-13,0.24,0
OR,House,OR-HD-14,2.98,0
OR,House,OR-HD-15,0.06,0
OR,House,OR-HD-16,2.83,0
OR,House,OR-HD-17,0.03,0
OR,House,OR-HD-18,0.01,0
OR,House,OR-HD-19,4.8,0
OR,House,OR-HD-20,5.94,0
OR,House,OR-HD-21,0.82,0
OR,House,OR-HD-22,5.76,1
OR,House,OR-HD-24,0.12,0
OR,House,OR-HD-25,0.84,0
OR,House,OR-HD-26,1.82,0
OR,House,OR-HD-27,0.2,0
OR,House,OR-HD-28,0.01,0
OR,House,OR-HD-29,4.98,0
OR,House,OR-HD-30,1.1,0
OR,House,OR-HD-31,0.05,0
OR,House,OR-HD-32,4.4,0
OR,House,OR-HD-34,0.02,0
OR,House,OR-HD-35,1.65,0
OR,House,OR-HD-36,1.76,0
OR,House,OR-HD-37,2.35,0
OR,House,OR-HD-38,2.97,0
OR,House,OR-HD-39,3.11,0
OR,House,OR-HD-40,4.06,0
OR,House,OR-HD-42,3.2,0
OR,House,OR-HD-47,2.99,0
OR,House,OR-HD-48,4.4,0
OR,House,OR-HD-49,5.64,0
OR,House,OR-HD-5,0.61,0
OR,House,OR-HD-50,6.08,0
OR,House,OR-HD-52,4.49,0
OR,House,OR-HD-53,4.18,0
OR,House,OR-HD-54,3.11,0
OR,House,OR-HD-6,0.1,0
OR,House,OR-HD-7,5.42,0
OR,House,OR-HD-8,0.04,0
OR,House,OR-HD-9,0.76,0
OR,Senate,OR-SD-10,18.13,0
OR,Senate,OR-SD-11,4.3,0
OR,Senate,OR-SD-13,3.25,0
OR,Senate,OR-SD-15,4.8,0
OR,Senate,OR-SD-16,2.53,0
OR,Senate,OR-SD-17,0.11,0
OR,Senate,OR-SD-19,1.64,0
OR,Senate,OR-SD-20,18.1,1
OR,Senate,OR-SD-24,11.98,0
OR,Senate,OR-SD-26,0.63,0
OR,Senate,OR-SD-3,12.98,0
OR,Senate,OR-SD-4,12.0,0
OR,Senate,OR-SD-6,0.08,0
OR,Senate,OR-SD-7,3.03,0
OR,Senate,OR-SD-8,6.44,0
PA,House,PA-HD-1,0.32,0
PA,House,PA-HD-10,0.23,0
PA,House,PA-HD-100,0.02,0
PA,House,PA-HD-101,0.01,0
PA,House,PA-HD-103,0.21,0
PA,House,PA-HD-104,0.3,0
PA,House,PA-HD-105,0.3,0
PA,House,PA-HD-106,0.83,0
PA,House,PA-HD-108,0.01,0
PA,House,PA-HD-109,0.01,0
PA,House,PA-HD-11,0.01,0
PA,House,PA-HD-112,0.82,0
PA,House,PA-HD-113,0.92,0
PA,House,PA-HD-114,0.62,0
PA,House,PA-HD-115,0.96,0
PA,House,PA-HD-116,0.02,0
PA,House,PA-HD-118,3.08,0
PA,House,PA-HD-119,0.96,0
PA,House,PA-HD-12,1.96,0
PA,House,PA-HD-120,0.67,0
PA,House,PA-HD-121,4.11,0
PA,House,PA-HD-122,0.01,0
PA,House,PA-HD-123,0.01,0
PA,House,PA-HD-125,0.08,0
PA,House,PA-HD-126,1.04,0
PA,House,PA-HD-127,0.25,0
PA,House,PA-HD-128,0.33,0
PA,House,PA-HD-129,0.27,0
PA,House,PA-HD-13,1.79,0
PA,House,PA-HD-130,0.55,0
PA,House,PA-HD-131,1.5,0
PA,House,PA-HD-132,0.26,0
PA,House,PA-HD-133,0.23,0
PA,House,PA-HD-134,0.15,0
PA,House,PA-HD-136,0.25,0
PA,House,PA-HD-137,2.63,0
PA,House,PA-HD-138,0.12,0
PA,House,PA-HD-14,0.02,0
PA,House,PA-HD-140,0.89,0
PA,House,PA-HD-141,0.44,0
PA,House,PA-HD-142,3.1,0
PA,House,PA-HD-143,2.98,0
PA,House,PA-HD-144,1.54,0
PA,House,PA-HD-145,0.91,0
PA,House,PA-HD-146,0.3,0
PA,House,PA-HD-147,1.0,0
PA,House,PA-HD-148,0.21,0
PA,House,PA-HD-149,0.26,0
PA,House,PA-HD-150,0.29,0
PA,House,PA-HD-151,0.23,0
PA,House,PA-HD-152,0.28,0
PA,House,PA-HD-154,0.25,0
PA,House,PA-HD-155,0.29,0
PA,House,PA-HD-156,0.23,0
PA,House,PA-HD-157,0.14,0
PA,House,PA-HD-158,0.24,0
PA,House,PA-HD-159,0.34,0
PA,House,PA-HD-16,3.0,0
PA,House,PA-HD-160,3.43,0
PA,House,PA-HD-161,0.2,0
PA,House,PA-HD-162,0.24,0
PA,House,PA-HD-163,0.31,0
PA,House,PA-HD-164,0.24,0
PA,House,PA-HD-165,0.14,0
PA,House,PA-HD-166,0.48,0
PA,House,PA-HD-167,0.37,0
PA,House,PA-HD-168,0.54,0
PA,House,PA-HD-17,0.03,0
PA,House,PA-HD-170,0.6,0
PA,House,PA-HD-171,0.03,0
PA,House,PA-HD-172,1.41,0
PA,House,PA-HD-173,0.76,0
PA,House,PA-HD-174,0.27,0
PA,House,PA-HD-175,0.27,0
PA,House,PA-HD-178,1.35,0
PA,House,PA-HD-179,0.25,0
PA,House,PA-HD-18,2.33,0
PA,House,PA-HD-180,0.36,0
PA,House,PA-HD-181,0.27,0
PA,House,PA-HD-182,0.22,0
PA,House,PA-HD-183,0.11,0
PA,House,PA-HD-184,0.2,0
PA,House,PA-HD-185,0.28,0
PA,House,PA-HD-186,0.25,0
PA,House,PA-HD-187,1.24,0
PA,House,PA-HD-188,0.27,0
PA,House,PA-HD-189,1.03,0
PA,House,PA-HD-19,0.34,0
PA,House,PA-HD-190,0.19,0
PA,House,PA-HD-191,0.36,0
PA,House,PA-HD-193,0.02,0
PA,House,PA-HD-194,0.33,0
PA,House,PA-HD-195,0.22,0
PA,House,PA-HD-196,0.03,0
PA,House,PA-HD-197,0.26,0
PA,House,PA-HD-198,0.32,0
PA,House,PA-HD-199,0.48,0
PA,House,PA-HD-2,0.3,0
PA,House,PA-HD-20,0.3,0
PA,House,PA-HD-200,0.25,0
PA,House,PA-HD-201,0.3,0
PA,House,PA-HD-202,0.2,0
PA,House,PA-HD-203,0.32,0
PA,House,PA-HD-21,0.27,0
PA,House,PA-HD-22,0.69,0
PA,House,PA-HD-23,0.25,0
PA,House,PA-HD-24,0.28,0
PA,House,PA-HD-25,0.59,0
PA,House,PA-HD-26,0.33,0
PA,House,PA-HD-27,0.29,0
PA,House,PA-HD-28,1.59,0
PA,House,PA-HD-29,0.22,0
PA,House,PA-HD-3,1.05,0
PA,House,PA-HD-30,1.31,0
PA,House,PA-HD-31,0.25,0
PA,House,PA-HD-32,0.22,0
PA,House,PA-HD-33,1.47,0
PA,House,PA-HD-34,0.27,0
PA,House,PA-HD-35,0.07,0
PA,House,PA-HD-36,0.07,0
PA,House,PA-HD-37,0.08,0
PA,House,PA-HD-38,0.22,0
PA,House,PA-HD-39,0.49,0
PA,House,PA-HD-4,0.11,0
PA,House,PA-HD-40,1.32,0
PA,House,PA-HD-41,1.93,0
PA,House,PA-HD-42,0.24,0
PA,House,PA-HD-44,2.26,0
PA,House,PA-HD-45,3.65,0
PA,House,PA-HD-46,0.66,0
PA,House,PA-HD-47,0.17,0
PA,House,PA-HD-48,0.09,0
PA,House,PA-HD-49,0.01,0
PA,House,PA-HD-5,0.08,0
PA,House,PA-HD-50,0.09,0
PA,House,PA-HD-51,0.01,0
PA,House,PA-HD-52,0.02,0
PA,House,PA-HD-53,0.17,0
PA,House,PA-HD-54,0.29,0
PA,House,PA-HD-55,0.14,0
PA,House,PA-HD-56,0.02,0
PA,House,PA-HD-57,0.06,0
PA,House,PA-HD-58,0.05,0
PA,House,PA-HD-6,0.01,0
PA,House,PA-HD-61,0.24,0
PA,House,PA-HD-62,0.01,0
PA,House,PA-HD-69,0.02,0
PA,House,PA-HD-7,0.01,0
PA,House,PA-HD-70,0.28,0
PA,House,PA-HD-72,3.93,0
PA,House,PA-HD-74,0.74,0
PA,House,PA-HD-76,0.06,0
PA,House,PA-HD-77,0.16,0
PA,House,PA-HD-79,0.02,0
PA,House,PA-HD-82,1.51,0
PA,House,PA-HD-84,0.03,0
PA,House,PA-HD-85,0.01,0
PA,House,PA-HD-87,0.99,0
PA,House,PA-HD-88,3.93,1
PA,House,PA-HD-89,0.02,0
PA,House,PA-HD-9,0.58,0
PA,House,PA-HD-90,0.01,0
PA,House,PA-HD-91,0.01,0
PA,House,PA-HD-92,0.02,0
PA,House,PA-HD-93,0.03,0
PA,House,PA-HD-95,0.16,0
PA,House,PA-HD-96,0.07,0
PA,House,PA-HD-97,0.37,0
PA,House,PA-HD-98,0.92,0
PA,Senate,PA-SD-10,0.03,0
PA,Senate,PA-SD-12,0.05,0
PA,Senate,PA-SD-14,0.23,0
PA,Senate,PA-SD-16,18.64,0
PA,Senate,PA-SD-18,0.12,0
PA,Senate,PA-SD-2,0.04,0
PA,Senate,PA-SD-20,4.85,0
PA,Senate,PA-SD-22,0.13,0
PA,Senate,PA-SD-24,13.76,0
PA,Senate,PA-SD-28,3.49,0
PA,Senate,PA-SD-30,0.14,0
PA,Senate,PA-SD-32,0.09,0
PA,Senate,PA-SD-34,7.77,0
PA,Senate,PA-SD-36,4.8,0
PA,Senate,PA-SD-38,0.15,0
PA,Senate,PA-SD-40,18.8,1
PA,Senate,PA-SD-42,0.01,0
PA,Senate,PA-SD-44,0.15,0
PA,Senate,PA-SD-46,4.46,0
PA,Senate,PA-SD-48,2.38,0
PA,Senate,PA-SD-50,2.48,0
PA,Senate,PA-SD-6,17.41,0
PA,Senate,PA-SD-8,0.02,0
RI,House,RI-HD-1,0.01,0
RI,House,RI-HD-10,0.25,0
RI,House,RI-HD-11,0.18,0
RI,House,RI-HD-12,0.25,0
RI,House,RI-HD-13,2.74,1
RI,House,RI-HD-14,2.72,0
RI,House,RI-HD-15,0.3,0
RI,House,RI-HD-16,2.74,0
RI,House,RI-HD-17,0.76,0
RI,House,RI-HD-18,1.4,0
RI,House,RI-HD-19,1.44,0
RI,House,RI-HD-2,0.01,0
RI,House,RI-HD-20,2.1,0
RI,House,RI-HD-21,1.65,0
RI,House,RI-HD-22,1.24,0
RI,House,RI-HD-23,1.5,0
RI,House,RI-HD-24,2.82,0
RI,House,RI-HD-25,0.52,0
RI,House,RI-HD-26,0.69,0
RI,House,RI-HD-27,0.87,0
RI,House,RI-HD-28,0.18,0
RI,House,RI-HD-29,0.1,0
RI,House,RI-HD-3,0.25,0
RI,House,RI-HD-30,3.04,0
RI,House,RI-HD-31,2.73,0
RI,House,RI-HD-32,2.3,0
RI,House,RI-HD-33,2.21,0
RI,House,RI-HD-34,2.13,0
RI,House,RI-HD-35,1.84,0
RI,House,RI-HD-36,3.02,0
RI,House,RI-HD-37,2.6,0
RI,House,RI-HD-38,0.75,0
RI,House,RI-HD-39,0.65,0
RI,House,RI-HD-4,0.03,0
RI,House,RI-HD-40,0.05,0
RI,House,RI-HD-41,0.02,0
RI,House,RI-HD-42,0.13,0
RI,House,RI-HD-43,0.09,0
RI,House,RI-HD-44,0.12,0
RI,House,RI-HD-45,1.75,0
RI,House,RI-HD-46,2.1,0
RI,House,RI-HD-47,0.02,0
RI,House,RI-HD-48,0.36,0
RI,House,RI-HD-49,1.98,0
RI,House,RI-HD-5,0.43,0
RI,House,RI-HD-50,0.94,0
RI,House,RI-HD-51,1.02,0
RI,House,RI-HD-52,2.27,0
RI,House,RI-HD-53,0.49,0
RI,House,RI-HD-54,2.32,0
RI,House,RI-HD-55,1.94,0
RI,House,RI-HD-56,0.83,0
RI,House,RI-HD-57,3.02,0
RI,House,RI-HD-58,0.37,0
RI,House,RI-HD-59,0.02,0
RI,House,RI-HD-6,1.53,0
RI,House,RI-HD-60,1.34,0
RI,House,RI-HD-61,2.81,0
RI,House,RI-HD-62,2.38,0
RI,House,RI-HD-63,1.77,0
RI,House,RI-HD-64,2.3,0
RI,House,RI-HD-65,2.29,0
RI,House,RI-HD-66,1.21,0
RI,House,RI-HD-67,2.14,0
RI,House,RI-HD-68,2.75,0
RI,House,RI-HD-69,3.18,0
RI,House,RI-HD-7,0.4,0
RI,House,RI-HD-70,2.31,0
RI,House,RI-HD-71,2.75,0
RI,House,RI-HD-72,2.47,0
RI,House,RI-HD-73,0.28,0
RI,House,RI-HD-74,1.5,0
RI,House,RI-HD-75,0.24,0
RI,House,RI-HD-8,0.05,0
RI,House,RI-HD-9,0.01,0
RI,Senate,RI-SD-1,0.57,0
RI,Senate,RI-SD-10,4.55,0
RI,Senate,RI-SD-11,5.12,0
RI,Senate,RI-SD-12,5.5,0
RI,Senate,RI-SD-13,1.15,0
RI,Senate,RI-SD-14,4.79,0
RI,Senate,RI-SD-15,0.07,0
RI,Senate,RI-SD-16,1.21,0
RI,Senate,RI-SD-17,2.13,0
RI,Senate,RI-SD-18,5.43,0
RI,Senate,RI-SD-19,4.78,0
RI,Senate,RI-SD-2,0.74,0
RI,Senate,RI-SD-20,2.03,0
RI,Senate,RI-SD-21,0.1,0
RI,Senate,RI-SD-22,1.27,0
RI,Senate,RI-SD-23,0.08,0
RI,Senate,RI-SD-24,3.23,0
RI,Senate,RI-SD-25,0.12,0
RI,Senate,RI-SD-26,0.7,0
RI,Senate,RI-SD-27,2.8,0
RI,Senate,RI-SD-28,1.63,0
RI,Senate,RI-SD-29,2.71,0
RI,Senate,RI-SD-3,0.1,0
RI,Senate,RI-SD-30,4.32,0
RI,Senate,RI-SD-31,5.43,0
RI,Senate,RI-SD-32,2.59,0
RI,Senate,RI-SD-33,0.47,0
RI,Senate,RI-SD-34,4.59,0
RI,Senate,RI-SD-35,5.34,1
RI,Senate,RI-SD-36,4.26,0
RI,Senate,RI-SD-37,2.15,0
RI,Senate,RI-SD-38,4.75,0
RI,Senate,RI-SD-4,4.79,0
RI,Senate,RI-SD-5,0.15,0
RI,Senate,RI-SD-6,0.08,0
RI,Senate,RI-SD-7,4.5,0
RI,Senate,RI-SD-8,3.98,0
RI,Senate,RI-SD-9,1.79,0
SC,House,SC-HD-1,0.02,0
SC,House,SC-HD-10,0.03,0
SC,House,SC-HD-100,2.04,0
SC,House,SC-HD-102,0.53,0
SC,House,SC-HD-104,0.44,0
SC,House,SC-HD-105,0.21,0
SC,House,SC-HD-106,0.37,0
SC,House,SC-HD-107,1.72,0
SC,House,SC-HD-108,1.39,0
SC,House,SC-HD-11,0.19,0
SC,House,SC-HD-110,0.88,0
SC,House,SC-HD-112,1.64,0
SC,House,SC-HD-114,2.18,0
SC,House,SC-HD-115,0.05,0
SC,House,SC-HD-116,0.42,0
SC,House,SC-HD-117,1.8,0
SC,House,SC-HD-118,2.27,0
SC,House,SC-HD-12,0.72,0
SC,House,SC-HD-120,1.9,0
SC,House,SC-HD-122,0.71,0
SC,House,SC-HD-123,1.81,0
SC,House,SC-HD-124,2.03,0
SC,House,SC-HD-13,0.11,0
SC,House,SC-HD-14,2.19,0
SC,House,SC-HD-16,1.14,0
SC,House,SC-HD-17,0.01,0
SC,House,SC-HD-18,0.31,0
SC,House,SC-HD-19,1.98,0
SC,House,SC-HD-2,0.19,0
SC,House,SC-HD-20,1.28,0
SC,House,SC-HD-21,1.36,0
SC,House,SC-HD-22,1.93,0
SC,House,SC-HD-24,1.65,0
SC,House,SC-HD-26,2.0,0
SC,House,SC-HD-27,2.32,0
SC,House,SC-HD-28,1.81,0
SC,House,SC-HD-29,0.11,0
SC,House,SC-HD-3,1.99,0
SC,House,SC-HD-30,0.03,0
SC,House,SC-HD-32,1.87,0
SC,House,SC-HD-33,0.67,0
SC,House,SC-HD-34,1.69,0
SC,House,SC-HD-35,0.54,0
SC,House,SC-HD-36,0.57,0
SC,House,SC-HD-37,0.79,0
SC,House,SC-HD-38,0.02,0
SC,House,SC-HD-39,0.06,0
SC,House,SC-HD-4,0.04,0
SC,House,SC-HD-40,0.74,0
SC,House,SC-HD-42,1.14,0
SC,House,SC-HD-43,1.28,0
SC,House,SC-HD-44,1.86,0
SC,House,SC-HD-45,2.05,0
SC,House,SC-HD-46,1.76,0
SC,House,SC-HD-47,0.21,0
SC,House,SC-HD-48,1.6,0
SC,House,SC-HD-5,0.09,0
SC,House,SC-HD-53,0.56,0
SC,House,SC-HD-56,0.52,0
SC,House,SC-HD-57,0.3,0
SC,House,SC-HD-58,0.33,0
SC,House,SC-HD-6,0.25,0
SC,House,SC-HD-60,2.12,0
SC,House,SC-HD-61,1.13,0
SC,House,SC-HD-63,1.75,0
SC,House,SC-HD-64,0.77,0
SC,House,SC-HD-65,0.24,0
SC,House,SC-HD-66,2.01,0
SC,House,SC-HD-67,2.33,0
SC,House,SC-HD-68,0.6,0
SC,House,SC-HD-69,1.59,0
SC,House,SC-HD-7,0.06,0
SC,House,SC-HD-71,2.01,0
SC,House,SC-HD-8,0.4,0
SC,House,SC-HD-80,2.05,0
SC,House,SC-HD-81,1.53,0
SC,House,SC-HD-83,0.48,0
SC,House,SC-HD-84,1.22,0
SC,House,SC-HD-85,1.95,0
SC,House,SC-HD-86,2.16,1
SC,House,SC-HD-87,0.12,0
SC,House,SC-HD-88,0.64,0
SC,House,SC-HD-89,1.78,0
SC,House,SC-HD-9,0.33,0
SC,House,SC-HD-91,0.01,0
SC,House,SC-HD-92,2.03,0
SC,House,SC-HD-94,1.91,0
SC,House,SC-HD-96,1.51,0
SC,House,SC-HD-97,1.5,0
SC,House,SC-HD-98,1.32,0
SC,House,SC-HD-99,1.75,0
SD,House,SD-HD-10B,0.01,0
SD,House,SD-HD-11A,1.03,0
SD,House,SD-HD-11B,1.82,0
SD,House,SD-HD-12A,0.08,0
SD,House,SD-HD-12B,1.96,0
SD,House,SD-HD-13A,0.29,0
SD,House,SD-HD-13B,2.02,0
SD,House,SD-HD-14A,0.09,0
SD,House,SD-HD-14B,1.75,0
SD,House,SD-HD-16A,2.17,0
SD,House,SD-HD-16B,1.85,0
SD,House,SD-HD-17A,2.19,0
SD,House,SD-HD-17B,0.36,0
SD,House,SD-HD-18A,1.95,0
SD,House,SD-HD-18B,1.54,0
SD,House,SD-HD-19A,0.29,0
SD,House,SD-HD-19B,1.85,0
SD,House,SD-HD-1A,0.63,0
SD,House,SD-HD-1B,1.84,0
SD,House,SD-HD-20A,2.03,0
SD,House,SD-HD-20B,2.18,0
SD,House,SD-HD-21A,2.03,0
SD,House,SD-HD-21B,1.74,0
SD,House,SD-HD-22A,1.18,0
SD,House,SD-HD-22B,1.91,0
SD,House,SD-HD-23A,1.8,0
SD,House,SD-HD-23B,1.8,0
SD,House,SD-HD-24A,1.83,0
SD,House,SD-HD-24B,1.87,0
SD,House,SD-HD-25A,1.96,0
SD,House,SD-HD-25B,1.92,0
SD,House,SD-HD-26B,2.15,0
SD,House,SD-HD-27A,1.96,0
SD,House,SD-HD-28A,0.49,0
SD,House,SD-HD-28B,2.04,0
SD,House,SD-HD-29A,1.73,0
SD,House,SD-HD-29B,2.1,0
SD,House,SD-HD-2A,1.19,0
SD,House,SD-HD-2B,1.76,0
SD,House,SD-HD-30A,0.27,0
SD,House,SD-HD-30B,2.0,0
SD,House,SD-HD-31A,1.11,0
SD,House,SD-HD-31B,1.95,0
SD,House,SD-HD-32A,0.04,0
SD,House,SD-HD-32B,1.93,0
SD,House,SD-HD-33A,1.42,0
SD,House,SD-HD-33B,1.96,0
SD,House,SD-HD-34A,0.61,0
SD,House,SD-HD-34B,1.84,0
SD,House,SD-HD-35A,2.13,0
SD,House,SD-HD-35B,1.95,0
SD,House,SD-HD-3A,1.25,0
SD,House,SD-HD-3B,2.01,0
SD,House,SD-HD-4A,1.03,0
SD,House,SD-HD-4B,1.95,0
SD,House,SD-HD-5A,1.9,0
SD,House,SD-HD-5B,2.05,0
SD,House,SD-HD-6A,1.57,0
SD,House,SD-HD-6B,1.9,0
SD,House,SD-HD-7A,0.98,0
SD,House,SD-HD-7B,1.88,0
SD,House,SD-HD-8A,1.81,0
SD,House,SD-HD-8B,2.26,0
SD,House,SD-HD-9A,1.0,0
SD,House,SD-HD-9B,1.81,1
SD,Senate,SD-SD-1,3.63,0
SD,Senate,SD-SD-11,1.72,0
SD,Senate,SD-SD-12,0.11,0
SD,Senate,SD-SD-13,3.75,0
SD,Senate,SD-SD-14,3.92,0
SD,Senate,SD-SD-16,3.86,0
SD,Senate,SD-SD-17,3.85,0
SD,Senate,SD-SD-18,3.47,0
SD,Senate,SD-SD-19,0.29,0
SD,Senate,SD-SD-2,3.42,0
SD,Senate,SD-SD-20,3.68,0
SD,Senate,SD-SD-21,0.24,0
SD,Senate,SD-SD-22,3.59,0
SD,Senate,SD-SD-23,3.55,0
SD,Senate,SD-SD-24,3.77,0
SD,Senate,SD-SD-25,3.91,0
SD,Senate,SD-SD-26,0.52,0
SD,Senate,SD-SD-28,3.75,0
SD,Senate,SD-SD-29,3.77,0
SD,Senate,SD-SD-3,3.42,0
SD,Senate,SD-SD-30,3.5,0
SD,Senate,SD-SD-31,3.5,0
SD,Senate,SD-SD-32,0.77,0
SD,Senate,SD-SD-33,3.71,0
SD,Senate,SD-SD-34,3.59,0
SD,Senate,SD-SD-35,3.76,0
SD,Senate,SD-SD-4,3.82,0
SD,Senate,SD-SD-5,3.9,0
SD,Senate,SD-SD-6,3.97,0
SD,Senate,SD-SD-7,3.67,1
SD,Senate,SD-SD-8,4.01,0
SD,Senate,SD-SD-9,3.58,0
TN,House,TN-HD-1,2.0,0
TN,House,TN-HD-10,1.8,0
TN,House,TN-HD-11,0.25,0
TN,House,TN-HD-12,2.0,1
TN,House,TN-HD-13,1.33,0
TN,House,TN-HD-14,1.83,0
TN,House,TN-HD-16,1.81,0
TN,House,TN-HD-17,2.12,0
TN,House,TN-HD-18,0.22,0
TN,House,TN-HD-19,0.79,0
TN,House,TN-HD-2,2.32,0
TN,House,TN-HD-20,1.01,0
TN,House,TN-HD-21,1.89,0
TN,House,TN-HD-22,1.92,0
TN,House,TN-HD-23,2.22,0
TN,House,TN-HD-24,0.55,0
TN,House,TN-HD-25,0.2,0
TN,House,TN-HD-26,2.01,0
TN,House,TN-HD-27,2.15,0
TN,House,TN-HD-29,1.85,0
TN,House,TN-HD-3,0.06,0
TN,House,TN-HD-30,1.29,0
TN,House,TN-HD-31,0.26,0
TN,House,TN-HD-32,1.5,0
TN,House,TN-HD-33,1.91,0
TN,House,TN-HD-34,1.6,0
TN,House,TN-HD-35,1.41,0
TN,House,TN-HD-36,1.89,0
TN,House,TN-HD-37,1.78,0
TN,House,TN-HD-38,0.07,0
TN,House,TN-HD-39,2.0,0
TN,House,TN-HD-4,2.19,0
TN,House,TN-HD-40,0.13,0
TN,House,TN-HD-41,0.12,0
TN,House,TN-HD-42,1.57,0
TN,House,TN-HD-43,0.32,0
TN,House,TN-HD-44,0.77,0
TN,House,TN-HD-45,1.94,0
TN,House,TN-HD-46,0.51,0
TN,House,TN-HD-47,0.08,0
TN,House,TN-HD-48,2.24,0
TN,House,TN-HD-49,0.8,0
TN,House,TN-HD-5,0.03,0
TN,House,TN-HD-57,1.83,0
TN,House,TN-HD-6,1.28,0
TN,House,TN-HD-61,1.84,0
TN,House,TN-HD-62,0.1,0
TN,House,TN-HD-63,2.3,0
TN,House,TN-HD-64,1.92,0
TN,House,TN-HD-65,2.19,0
TN,House,TN-HD-66,0.35,0
TN,House,TN-HD-68,2.01,0
TN,House,TN-HD-69,0.21,0
TN,House,TN-HD-7,1.6,0
TN,House,TN-HD-70,0.09,0
TN,House,TN-HD-71,0.23,0
TN,House,TN-HD-72,2.23,0
TN,House,TN-HD-73,1.99,0
TN,House,TN-HD-74,1.97,0
TN,House,TN-HD-75,0.42,0
TN,House,TN-HD-76,1.88,0
TN,House,TN-HD-77,1.96,0
TN,House,TN-HD-78,1.78,0
TN,House,TN-HD-79,1.9,0
TN,House,TN-HD-8,1.53,0
TN,House,TN-HD-81,1.7,0
TN,House,TN-HD-82,1.84,0
TN,House,TN-HD-83,0.43,0
TN,House,TN-HD-89,2.03,0
TN,House,TN-HD-9,1.85,0
TN,House,TN-HD-92,1.01,0
TN,House,TN-HD-94,0.73,0
TN,House,TN-HD-95,2.06,0
TN,House,TN-HD-97,0.15,0
TN,House,TN-HD-99,1.85,0
TN,Senate,TN-SD-1,10.21,0
TN,Senate,TN-SD-11,4.2,0
TN,Senate,TN-SD-13,5.62,0
TN,Senate,TN-SD-15,10.29,0
TN,Senate,TN-SD-17,6.83,0
TN,Senate,TN-SD-23,9.93,1
TN,Senate,TN-SD-25,10.22,0
TN,Senate,TN-SD-27,10.06,0
TN,Senate,TN-SD-3,10.29,0
TN,Senate,TN-SD-31,3.27,0
TN,Senate,TN-SD-5,5.16,0
TN,Senate,TN-SD-7,4.3,0
TN,Senate,TN-SD-9,9.62,0
TX,House,TX-HD-1,0.05,0
TX,House,TX-HD-10,0.18,0
TX,House,TX-HD-105,0.02,0
TX,House,TX-HD-106,2.14,0
TX,House,TX-HD-107,0.01,0
TX,House,TX-HD-108,3.26,0
TX,House,TX-HD-112,3.12,0
TX,House,TX-HD-115,0.01,0
TX,House,TX-HD-117,0.02,0
TX,House,TX-HD-118,1.37,0
TX,House,TX-HD-12,0.02,0
TX,House,TX-HD-121,2.97,0
TX,House,TX-HD-122,3.09,0
TX,House,TX-HD-123,0.01,0
TX,House,TX-HD-124,0.01,0
TX,House,TX-HD-125,0.02,0
TX,House,TX-HD-126,2.88,0
TX,House,TX-HD-127,1.87,0
TX,House,TX-HD-128,0.82,0
TX,House,TX-HD-129,2.88,0
TX,House,TX-HD-130,0.33,0
TX,House,TX-HD-132,2.68,0
TX,House,TX-HD-133,2.56,0
TX,House,TX-HD-135,0.29,0
TX,House,TX-HD-136,0.01,0
TX,House,TX-HD-138,2.92,0
TX,House,TX-HD-14,1.67,0
TX,House,TX-HD-143,0.01,0
TX,House,TX-HD-144,0.09,0
TX,House,TX-HD-148,0.01,0
TX,House,TX-HD-149,0.09,0
TX,House,TX-HD-15,2.37,0
TX,House,TX-HD-150,2.28,0
TX,House,TX-HD-17,0.44,0
TX,House,TX-HD-19,0.08,0
TX,House,TX-HD-20,1.55,0
TX,House,TX-HD-21,0.02,0
TX,House,TX-HD-23,0.42,0
TX,House,TX-HD-24,0.23,0
TX,House,TX-HD-25,0.58,0
TX,House,TX-HD-26,2.15,0
TX,House,TX-HD-28,2.4,0
TX,House,TX-HD-29,1.15,0
TX,House,TX-HD-3,0.06,0
TX,House,TX-HD-31,0.45,0
TX,House,TX-HD-32,1.45,0
TX,House,TX-HD-33,0.63,0
TX,House,TX-HD-34,2.68,0
TX,House,TX-HD-36,0.01,0
TX,House,TX-HD-37,2.75,0
TX,House,TX-HD-38,0.01,0
TX,House,TX-HD-39,0.01,0
TX,House,TX-HD-4,0.09,0
TX,House,TX-HD-40,0.03,0
TX,House,TX-HD-41,0.82,0
TX,House,TX-HD-43,0.73,0
TX,House,TX-HD-44,0.33,0
TX,House,TX-HD-45,0.11,0
TX,House,TX-HD-46,0.01,0
TX,House,TX-HD-47,0.01,0
TX,House,TX-HD-49,0.01,0
TX,House,TX-HD-52,2.95,1
TX,House,TX-HD-54,2.46,0
TX,House,TX-HD-55,2.02,0
TX,House,TX-HD-56,0.11,0
TX,House,TX-HD-57,1.58,0
TX,House,TX-HD-6,0.06,0
TX,House,TX-HD-61,2.04,0
TX,House,TX-HD-63,2.48,0
TX,House,TX-HD-64,0.64,0
TX,House,TX-HD-65,1.9,0
TX,House,TX-HD-66,1.96,0
TX,House,TX-HD-67,2.01,0
TX,House,TX-HD-7,0.03,0
TX,House,TX-HD-70,0.12,0
TX,House,TX-HD-71,0.07,0
TX,House,TX-HD-73,0.08,0
TX,House,TX-HD-74,0.46,0
TX,House,TX-HD-75,0.01,0
TX,House,TX-HD-76,0.01,0
TX,House,TX-HD-78,0.01,0
TX,House,TX-HD-80,1.45,0
TX,House,TX-HD-84,0.68,0
TX,House,TX-HD-85,0.56,0
TX,House,TX-HD-86,0.01,0
TX,House,TX-HD-89,2.01,0
TX,House,TX-HD-9,0.01,0
TX,House,TX-HD-90,0.01,0
TX,House,TX-HD-91,0.79,0
TX,House,TX-HD-93,2.73,0
TX,House,TX-HD-94,2.37,0
TX,House,TX-HD-95,0.01,0
TX,House,TX-HD-96,2.81,0
TX,House,TX-HD-97,2.46,0
TX,House,TX-HD-98,2.26,0
TX,House,TX-HD-99,1.57,0
TX,Senate,TX-SD-1,1.37,0
TX,Senate,TX-SD-11,10.07,0
TX,Senate,TX-SD-13,0.01,0
TX,Senate,TX-SD-18,15.64,0
TX,Senate,TX-SD-19,0.01,0
TX,Senate,TX-SD-2,16.24,0
TX,Senate,TX-SD-22,13.04,0
TX,Senate,TX-SD-24,16.91,1
TX,Senate,TX-SD-28,0.8,0
TX,Senate,TX-SD-3,1.46,0
TX,Senate,TX-SD-31,0.11,0
TX,Senate,TX-SD-4,7.52,0
TX,Senate,TX-SD-5,15.9,0
TX,Senate,TX-SD-9,0.92,0
UT,House,UT-HD-1,0.02,0
UT,House,UT-HD-10,0.05,0
UT,House,UT-HD-11,3.05,0
UT,House,UT-HD-12,0.93,0
UT,House,UT-HD-13,2.55,0
UT,House,UT-HD-14,2.81,0
UT,House,UT-HD-15,1.43,0
UT,House,UT-HD-16,1.55,0
UT,House,UT-HD-17,2.73,0
UT,House,UT-HD-18,3.12,0
UT,House,UT-HD-19,2.93,0
UT,House,UT-HD-2,0.82,0
UT,House,UT-HD-20,1.85,0
UT,House,UT-HD-26,0.4,0
UT,House,UT-HD-27,2.12,0
UT,House,UT-HD-28,2.37,0
UT,House,UT-HD-29,0.72,0
UT,House,UT-HD-3,2.86,0
UT,House,UT-HD-36,2.84,0
UT,House,UT-HD-38,2.83,0
UT,House,UT-HD-39,0.83,0
UT,House,UT-HD-4,2.33,0
UT,House,UT-HD-42,0.43,0
UT,House,UT-HD-43,0.35,0
UT,House,UT-HD-44,2.69,0
UT,House,UT-HD-45,2.63,0
UT,House,UT-HD-46,2.65,0
UT,House,UT-HD-47,2.67,0
UT,House,UT-HD-48,1.28,0
UT,House,UT-HD-49,2.49,0
UT,House,UT-HD-5,0.47,0
UT,House,UT-HD-50,0.2,0
UT,House,UT-HD-51,0.8,0
UT,House,UT-HD-52,1.73,0
UT,House,UT-HD-53,0.36,0
UT,House,UT-HD-54,0.38,0
UT,House,UT-HD-55,0.76,0
UT,House,UT-HD-56,2.63,0
UT,House,UT-HD-57,2.29,0
UT,House,UT-HD-58,2.11,0
UT,House,UT-HD-59,0.29,0
UT,House,UT-HD-6,2.75,0
UT,House,UT-HD-60,2.7,0
UT,House,UT-HD-61,2.97,0
UT,House,UT-HD-62,2.48,0
UT,House,UT-HD-63,0.24,0
UT,House,UT-HD-64,2.46,0
UT,House,UT-HD-65,2.75,0
UT,House,UT-HD-66,0.06,0
UT,House,UT-HD-67,0.48,0
UT,House,UT-HD-68,2.68,0
UT,House,UT-HD-69,2.73,1
UT,House,UT-HD-7,2.91,0
UT,House,UT-HD-70,0.03,0
UT,House,UT-HD-71,0.39,0
UT,House,UT-HD-72,0.09,0
UT,House,UT-HD-73,0.06,0
UT,House,UT-HD-74,0.84,0
UT,House,UT-HD-75,0.44,0
UT,House,UT-HD-8,1.78,0
UT,House,UT-HD-9,2.81,0
UT,Senate,UT-SD-1,22.4,0
UT,Senate,UT-SD-11,2.99,0
UT,Senate,UT-SD-18,3.69,0
UT,Senate,UT-SD-19,0.62,0
UT,Senate,UT-SD-20,9.48,0
UT,Senate,UT-SD-21,28.59,1
UT,Senate,UT-SD-23,13.86,0
UT,Senate,UT-SD-28,13.21,0
UT,Senate,UT-SD-5,0.02,0
UT,Senate,UT-SD-6,3.81,0
UT,Senate,UT-SD-7,1.33,0
VT,House,VT-Addison-1,2.22,0
VT,House,VT-Addison-2,1.06,0
VT,House,VT-Addison-3,3.21,0
VT,House,VT-Addison-4,1.82,0
VT,House,VT-Addison-5,1.77,0
VT,House,VT-Addison-Rutland,0.27,0
VT,House,VT-Bennington-1,0.63,0
VT,House,VT-Bennington-2,0.11,0
VT,House,VT-Bennington-3,1.78,0
VT,House,VT-Bennington-4,0.49,0
VT,House,VT-Bennington-5,2.31,0
VT,House,VT-Bennington-Rutland,0.06,0
VT,House,VT-Caledonia-1,0.69,0
VT,House,VT-Caledonia-2,0.68,0
VT,House,VT-Caledonia-Essex,2.67,0
VT,House,VT-Caledonia-Washington,0.35,0
VT,House,VT-Chittenden-1,1.06,0
VT,House,VT-Chittenden-10,1.17,0
VT,House,VT-Chittenden-11,1.22,0
VT,House,VT-Chittenden-12,0.99,0
VT,House,VT-Chittenden-13,2.33,0
VT,House,VT-Chittenden-14,0.02,0
VT,House,VT-Chittenden-15,2.03,0
VT,House,VT-Chittenden-16,2.48,0
VT,House,VT-Chittenden-17,1.14,0
VT,House,VT-Chittenden-18,2.43,0
VT,House,VT-Chittenden-19,0.85,0
VT,House,VT-Chittenden-2,2.28,0
VT,House,VT-Chittenden-20,1.43,0
VT,House,VT-Chittenden-21,2.12,0
VT,House,VT-Chittenden-22,0.06,0
VT,House,VT-Chittenden-23,0.26,0
VT,House,VT-Chittenden-24,0.68,0
VT,House,VT-Chittenden-25,0.32,0
VT,House,VT-Chittenden-3,2.17,0
VT,House,VT-Chittenden-4,1.35,0
VT,House,VT-Chittenden-5,1.04,0
VT,House,VT-Chittenden-6,0.02,0
VT,House,VT-Chittenden-7,1.25,0
VT,House,VT-Chittenden-9,1.09,0
VT,House,VT-Chittenden-Franklin,0.03,0
VT,House,VT-Franklin-1,1.8,0
VT,House,VT-Franklin-2,0.2,0
VT,House,VT-Franklin-3,0.81,0
VT,House,VT-Franklin-4,1.49,0
VT,House,VT-Franklin-8,0.13,0
VT,House,VT-Grand Isle-Chittenden,0.84,0
VT,House,VT-Lamoille-1,0.45,0
VT,House,VT-Lamoille-2,1.25,0
VT,House,VT-Lamoille-3,1.26,0
VT,House,VT-Lamoille-Washington,0.06,0
VT,House,VT-Orange-1,0.02,0
VT,House,VT-Orange-2,1.66,0
VT,House,VT-Orange-Caledonia,0.34,0
VT,House,VT-Orange-Washington-Addison,2.36,0
VT,House,VT-Orleans-2,0.27,0
VT,House,VT-Orleans-4,1.21,0
VT,House,VT-Rutland-2,0.06,0
VT,House,VT-Rutland-6,1.17,0
VT,House,VT-Rutland-8,0.1,0
VT,House,VT-Rutland-9,1.13,0
VT,House,VT-Rutland-Bennington,0.05,0
VT,House,VT-Rutland-Windsor,0.05,0
VT,House,VT-Washington-2,2.53,0
VT,House,VT-Washington-3,2.41,0
VT,House,VT-Washington-4,2.37,0
VT,House,VT-Washington-5,1.25,0
VT,House,VT-Washington-6,1.31,0
VT,House,VT-Washington-Chittenden,2.4,0
VT,House,VT-Washington-Orange,0.21,0
VT,House,VT-Windham-1,1.56,0
VT,House,VT-Windham-2,0.33,0
VT,House,VT-Windham-3,0.26,0
VT,House,VT-Windham-5,1.29,0
VT,House,VT-Windham-6,1.2,0
VT,House,VT-Windham-7,0.09,0
VT,House,VT-Windham-9,1.09,0
VT,House,VT-Windham-Windsor-Bennington,0.78,0
VT,House,VT-Windsor-1,2.16,0
VT,House,VT-Windsor-2,0.18,0
VT,House,VT-Windsor-3,2.61,0
VT,House,VT-Windsor-4,0.9,0
VT,House,VT-Windsor-5,1.26,0
VT,House,VT-Windsor-6,2.5,0
VT,House,VT-Windsor-Addison,0.09,0
VT,House,VT-Windsor-Orange-1,1.39,0
VT,House,VT-Windsor-Orange-2,2.23,1
VT,House,VT-Windsor-Windham,0.95,0
VT,Senate,VT-Addison,11.03,0
VT,Senate,VT-Bennington,29.09,1
VT,Senate,VT-Caledonia,0.29,0
VT,Senate,VT-Chittenden-Central,4.5,0
VT,Senate,VT-Chittenden-North,4.39,0
VT,Senate,VT-Chittenden-Southeast,4.94,0
VT,Senate,VT-Franklin,0.02,0
VT,Senate,VT-Grand Isle,4.02,0
VT,Senate,VT-Orange,0.26,0
VT,Senate,VT-Washington,11.54,0
VT,Senate,VT-Windham,6.35,0
VT,Senate,VT-Windsor,23.57,0
WA,House,WA-HD-10A,2.58,0
WA,House,WA-HD-10B,2.99,0
WA,House,WA-HD-11A,1.85,0
WA,House,WA-HD-11B,1.93,0
WA,House,WA-HD-12A,0.01,0
WA,House,WA-HD-14A,0.29,0
WA,House,WA-HD-14B,0.47,0
WA,House,WA-HD-17A,0.17,0
WA,House,WA-HD-17B,0.05,0
WA,House,WA-HD-18A,0.26,0
WA,House,WA-HD-18B,0.11,0
WA,House,WA-HD-19A,0.01,0
WA,House,WA-HD-1A,0.08,0
WA,House,WA-HD-1B,0.06,0
WA,House,WA-HD-21A,1.81,0
WA,House,WA-HD-21B,1.9,0
WA,House,WA-HD-22A,0.37,0
WA,House,WA-HD-22B,1.73,0
WA,House,WA-HD-23A,1.81,0
WA,House,WA-HD-23B,0.99,0
WA,House,WA-HD-24A,3.16,0
WA,House,WA-HD-24B,1.77,0
WA,House,WA-HD-25A,0.19,0
WA,House,WA-HD-25B,0.28,0
WA,House,WA-HD-26A,2.62,0
WA,House,WA-HD-26B,2.62,0
WA,House,WA-HD-27A,0.01,0
WA,House,WA-HD-27B,1.98,0
WA,House,WA-HD-28A,2.23,1
WA,House,WA-HD-28B,1.87,0
WA,House,WA-HD-29A,2.07,0
WA,House,WA-HD-29B,1.77,0
WA,House,WA-HD-30A,2.55,0
WA,House,WA-HD-30B,2.02,0
WA,House,WA-HD-31A,0.02,0
WA,House,WA-HD-32A,1.83,0
WA,House,WA-HD-32B,1.59,0
WA,House,WA-HD-33A,0.09,0
WA,House,WA-HD-33B,0.08,0
WA,House,WA-HD-34A,1.93,0
WA,House,WA-HD-34B,1.91,0
WA,House,WA-HD-35B,0.01,0
WA,House,WA-HD-36A,1.73,0
WA,House,WA-HD-36B,2.03,0
WA,House,WA-HD-37A,1.71,0
WA,House,WA-HD-37B,2.0,0
WA,House,WA-HD-38A,1.92,0
WA,House,WA-HD-38B,1.73,0
WA,House,WA-HD-39B,0.36,0
WA,House,WA-HD-3A,0.04,0
WA,House,WA-HD-3B,2.72,0
WA,House,WA-HD-40B,1.78,0
WA,House,WA-HD-41B,2.03,0
WA,House,WA-HD-42A,3.26,0
WA,House,WA-HD-42B,3.19,0
WA,House,WA-HD-43A,1.95,0
WA,House,WA-HD-43B,1.82,0
WA,House,WA-HD-44A,1.57,0
WA,House,WA-HD-44B,1.22,0
WA,House,WA-HD-45A,0.06,0
WA,House,WA-HD-45B,0.4,0
WA,House,WA-HD-46A,1.83,0
WA,House,WA-HD-46B,1.87,0
WA,House,WA-HD-47A,1.82,0
WA,House,WA-HD-47B,1.79,0
WA,House,WA-HD-48A,0.04,0
WA,House,WA-HD-48B,1.84,0
WA,House,WA-HD-49A,2.48,0
WA,House,WA-HD-49B,0.74,0
WA,House,WA-HD-5A,1.35,0
WA,House,WA-HD-5B,2.46,0
WA,House,WA-HD-6A,0.04,0
WA,House,WA-HD-6B,0.14,0
WA,House,WA-HD-9B,0.01,0
WA,Senate,WA-SD-21,1.25,0
WA,Senate,WA-SD-26,8.31,0
WA,Senate,WA-SD-29,7.82,0
WA,Senate,WA-SD-30,8.24,0
WA,Senate,WA-SD-32,6.74,0
WA,Senate,WA-SD-33,7.05,0
WA,Senate,WA-SD-34,6.59,0
WA,Senate,WA-SD-35,0.11,0
WA,Senate,WA-SD-36,0.06,0
WA,Senate,WA-SD-37,7.46,0
WA,Senate,WA-SD-38,7.82,0
WA,Senate,WA-SD-42,4.06,0
WA,Senate,WA-SD-43,7.33,0
WA,Senate,WA-SD-44,5.47,0
WA,Senate,WA-SD-45,6.88,0
WA,Senate,WA-SD-46,0.09,0
WA,Senate,WA-SD-47,7.69,0
WA,Senate,WA-SD-48,7.03,1
WV,House of Delegates,WV-HD-1,1.53,0
WV,House of Delegates,WV-HD-10,2.1,0
WV,House of Delegates,WV-HD-100,0.69,0
WV,House of Delegates,WV-HD-11,0.99,0
WV,House of Delegates,WV-HD-12,0.56,0
WV,House of Delegates,WV-HD-13,1.93,0
WV,House of Delegates,WV-HD-14,0.77,0
WV,House of Delegates,WV-HD-15,2.02,0
WV,House of Delegates,WV-HD-16,0.24,0
WV,House of Delegates,WV-HD-17,1.69,0
WV,House of Delegates,WV-HD-18,1.47,0
WV,House of Delegates,WV-HD-19,0.6,0
WV,House of Delegates,WV-HD-2,1.63,0
WV,House of Delegates,WV-HD-20,1.6,0
WV,House of Delegates,WV-HD-21,1.89,0
WV,House of Delegates,WV-HD-22,1.79,0
WV,House of Delegates,WV-HD-23,1.68,0
WV,House of Delegates,WV-HD-24,0.21,0
WV,House of Delegates,WV-HD-26,1.69,0
WV,House of Delegates,WV-HD-27,0.22,0
WV,House of Delegates,WV-HD-28,0.38,0
WV,House of Delegates,WV-HD-29,0.24,0
WV,House of Delegates,WV-HD-3,1.9,0
WV,House of Delegates,WV-HD-30,1.07,0
WV,House of Delegates,WV-HD-31,0.43,0
WV,House of Delegates,WV-HD-32,1.71,0
WV,House of Delegates,WV-HD-33,0.91,0
WV,House of Delegates,WV-HD-34,0.15,0
WV,House of Delegates,WV-HD-35,0.25,0
WV,House of Delegates,WV-HD-36,0.85,0
WV,House of Delegates,WV-HD-37,1.19,0
WV,House of Delegates,WV-HD-38,0.3,0
WV,House of Delegates,WV-HD-39,0.81,0
WV,House of Delegates,WV-HD-4,0.98,0
WV,House of Delegates,WV-HD-40,0.39,0
WV,House of Delegates,WV-HD-41,0.25,0
WV,House of Delegates,WV-HD-42,0.2,0
WV,House of Delegates,WV-HD-43,1.88,0
WV,House of Delegates,WV-HD-44,1.35,0
WV,House of Delegates,WV-HD-45,2.17,0
WV,House of Delegates,WV-HD-46,1.79,0
WV,House of Delegates,WV-HD-47,0.91,0
WV,House of Delegates,WV-HD-48,1.04,0
WV,House of Delegates,WV-HD-49,1.23,0
WV,House of Delegates,WV-HD-5,0.05,0
WV,House of Delegates,WV-HD-50,1.71,0
WV,House of Delegates,WV-HD-51,1.94,0
WV,House of Delegates,WV-HD-52,0.77,0
WV,House of Delegates,WV-HD-53,0.88,0
WV,House of Delegates,WV-HD-55,0.48,0
WV,House of Delegates,WV-HD-58,0.72,0
WV,House of Delegates,WV-HD-59,1.71,0
WV,House of Delegates,WV-HD-6,0.77,0
WV,House of Delegates,WV-HD-60,1.85,0
WV,House of Delegates,WV-HD-61,0.51,0
WV,House of Delegates,WV-HD-62,1.06,0
WV,House of Delegates,WV-HD-63,0.68,0
WV,House of Delegates,WV-HD-64,1.82,0
WV,House of Delegates,WV-HD-65,0.6,0
WV,House of Delegates,WV-HD-66,1.84,0
WV,House of Delegates,WV-HD-67,1.93,1
WV,House of Delegates,WV-HD-68,1.84,0
WV,House of Delegates,WV-HD-69,1.64,0
WV,House of Delegates,WV-HD-7,0.18,0
WV,House of Delegates,WV-HD-70,0.15,0
WV,House of Delegates,WV-HD-71,1.18,0
WV,House of Delegates,WV-HD-72,2.1,0
WV,House of Delegates,WV-HD-73,1.89,0
WV,House of Delegates,WV-HD-74,1.47,0
WV,House of Delegates,WV-HD-75,0.62,0
WV,House of Delegates,WV-HD-77,1.17,0
WV,House of Delegates,WV-HD-78,0.35,0
WV,House of Delegates,WV-HD-8,1.8,0
WV,House of Delegates,WV-HD-82,0.26,0
WV,House of Delegates,WV-HD-83,1.92,0
WV,House of Delegates,WV-HD-84,0.18,0
WV,House of Delegates,WV-HD-85,0.61,0
WV,House of Delegates,WV-HD-86,0.98,0
WV,House of Delegates,WV-HD-87,1.17,0
WV,House of Delegates,WV-HD-88,0.51,0
WV,House of Delegates,WV-HD-89,0.24,0
WV,House of Delegates,WV-HD-9,1.92,0
WV,House of Delegates,WV-HD-90,0.32,0
WV,House of Delegates,WV-HD-91,1.75,0
WV,House of Delegates,WV-HD-92,1.82,0
WV,House of Delegates,WV-HD-93,1.82,0
WV,House of Delegates,WV-HD-95,1.8,0
WV,House of Delegates,WV-HD-96,1.6,0
WV,House of Delegates,WV-HD-97,0.08,0
WV,House of Delegates,WV-HD-98,1.5,0
WV,House of Delegates,WV-HD-99,0.13,0
WV,Senate,WV-SD-1,0.21,0
WV,Senate,WV-SD-10,1.07,0
WV,Senate,WV-SD-11,25.0,1
WV,Senate,WV-SD-12,0.35,0
WV,Senate,WV-SD-14,18.27,0
WV,Senate,WV-SD-15,2.71,0
WV,Senate,WV-SD-16,0.69,0
WV,Senate,WV-SD-2,0.41,0
WV,Senate,WV-SD-3,1.87,0
WV,Senate,WV-SD-4,15.15,0
WV,Senate,WV-SD-6,17.23,0
WV,Senate,WV-SD-7,5.66,0
WV,Senate,WV-SD-8,0.02,0
WV,Senate,WV-SD-9,11.36,0
WI,Assembly,WI-AD-1,1.09,0
WI,Assembly,WI-AD-12,0.18,0
WI,Assembly,WI-AD-13,0.83,0
WI,Assembly,WI-AD-14,0.3,0
WI,Assembly,WI-AD-15,4.07,0
WI,Assembly,WI-AD-2,0.79,0
WI,Assembly,WI-AD-20,0.17,0
WI,Assembly,WI-AD-21,4.09,0
WI,Assembly,WI-AD-22,2.11,0
WI,Assembly,WI-AD-23,0.07,0
WI,Assembly,WI-AD-24,1.21,0
WI,Assembly,WI-AD-25,1.52,0
WI,Assembly,WI-AD-26,1.0,0
WI,Assembly,WI-AD-27,0.07,0
WI,Assembly,WI-AD-28,0.19,0
WI,Assembly,WI-AD-29,0.19,0
WI,Assembly,WI-AD-3,0.12,0
WI,Assembly,WI-AD-30,4.55,0
WI,Assembly,WI-AD-31,1.11,0
WI,Assembly,WI-AD-32,0.03,0
WI,Assembly,WI-AD-33,1.08,0
WI,Assembly,WI-AD-34,1.29,0
WI,Assembly,WI-AD-35,0.23,0
WI,Assembly,WI-AD-36,0.14,0
WI,Assembly,WI-AD-37,0.12,0
WI,Assembly,WI-AD-38,0.11,0
WI,Assembly,WI-AD-39,0.1,0
WI,Assembly,WI-AD-4,0.88,0
WI,Assembly,WI-AD-40,1.29,0
WI,Assembly,WI-AD-41,0.22,0
WI,Assembly,WI-AD-42,0.24,0
WI,Assembly,WI-AD-43,0.6,0
WI,Assembly,WI-AD-44,0.4,0
WI,Assembly,WI-AD-45,0.39,0
WI,Assembly,WI-AD-46,1.18,0
WI,Assembly,WI-AD-49,1.69,0
WI,Assembly,WI-AD-5,0.4,0
WI,Assembly,WI-AD-50,1.5,0
WI,Assembly,WI-AD-51,6.2,0
WI,Assembly,WI-AD-52,0.02,0
WI,Assembly,WI-AD-53,4.19,0
WI,Assembly,WI-AD-54,1.49,0
WI,Assembly,WI-AD-55,2.57,0
WI,Assembly,WI-AD-56,1.67,0
WI,Assembly,WI-AD-57,0.72,0
WI,Assembly,WI-AD-58,0.4,0
WI,Assembly,WI-AD-59,0.03,0
WI,Assembly,WI-AD-6,0.02,0
WI,Assembly,WI-AD-60,0.06,0
WI,Assembly,WI-AD-61,5.68,0
WI,Assembly,WI-AD-63,1.31,0
WI,Assembly,WI-AD-64,0.79,0
WI,Assembly,WI-AD-65,0.35,0
WI,Assembly,WI-AD-66,0.34,0
WI,Assembly,WI-AD-67,1.18,0
WI,Assembly,WI-AD-68,0.03,0
WI,Assembly,WI-AD-7,0.2,0
WI,Assembly,WI-AD-70,0.39,0
WI,Assembly,WI-AD-71,0.52,0
WI,Assembly,WI-AD-72,0.4,0
WI,Assembly,WI-AD-73,0.29,0
WI,Assembly,WI-AD-74,1.66,0
WI,Assembly,WI-AD-75,0.24,0
WI,Assembly,WI-AD-82,7.0,1
WI,Assembly,WI-AD-83,0.09,0
WI,Assembly,WI-AD-84,0.09,0
WI,Assembly,WI-AD-85,4.92,0
WI,Assembly,WI-AD-86,0.33,0
WI,Assembly,WI-AD-87,0.2,0
WI,Assembly,WI-AD-88,5.0,0
WI,Assembly,WI-AD-89,1.25,0
WI,Assembly,WI-AD-90,1.49,0
WI,Assembly,WI-AD-91,0.8,0
WI,Assembly,WI-AD-92,5.73,0
WI,Assembly,WI-AD-93,1.24,0
WI,Assembly,WI-AD-94,3.18,0
WI,Assembly,WI-AD-95,0.74,0
WI,Assembly,WI-AD-96,1.41,0
WI,Assembly,WI-AD-97,0.09,0
WI,Assembly,WI-AD-98,0.05,0
WI,Assembly,WI-AD-99,0.09,0
WI,Senate,WI-SD-1,5.77,0
WI,Senate,WI-SD-11,2.64,0
WI,Senate,WI-SD-13,0.67,0
WI,Senate,WI-SD-15,4.36,0
WI,Senate,WI-SD-17,12.42,0
WI,Senate,WI-SD-19,0.59,0
WI,Senate,WI-SD-21,23.37,1
WI,Senate,WI-SD-23,0.32,0
WI,Senate,WI-SD-25,13.16,0
WI,Senate,WI-SD-27,1.25,0
WI,Senate,WI-SD-29,1.66,0
WI,Senate,WI-SD-3,1.09,0
WI,Senate,WI-SD-31,13.85,0
WI,Senate,WI-SD-33,0.01,0
WI,Senate,WI-SD-5,18.61,0
WI,Senate,WI-SD-7,0.16,0
WI,Senate,WI-SD-9,0.07,0
WY,House,WY-HD-1,2.25,0
WY,House,WY-HD-10,2.15,0
WY,House,WY-HD-11,0.03,0
WY,House,WY-HD-12,1.91,0
WY,House,WY-HD-15,2.11,0
WY,House,WY-HD-17,2.02,0
WY,House,WY-HD-18,2.0,0
WY,House,WY-HD-19,2.25,0
WY,House,WY-HD-2,2.19,0
WY,House,WY-HD-20,2.19,0
WY,House,WY-HD-21,2.24,0
WY,House,WY-HD-22,2.22,0
WY,House,WY-HD-24,2.18,0
WY,House,WY-HD-25,1.97,0
WY,House,WY-HD-26,2.23,0
WY,House,WY-HD-27,0.12,0
WY,House,WY-HD-28,2.03,0
WY,House,WY-HD-29,2.07,1
WY,House,WY-HD-3,2.57,0
WY,House,WY-HD-30,1.97,0
WY,House,WY-HD-31,2.04,0
WY,House,WY-HD-32,2.16,0
WY,House,WY-HD-34,2.01,0
WY,House,WY-HD-35,2.07,0
WY,House,WY-HD-36,1.28,0
WY,House,WY-HD-37,2.06,0
WY,House,WY-HD-38,0.6,0
WY,House,WY-HD-39,2.11,0
WY,House,WY-HD-4,2.38,0
WY,House,WY-HD-40,1.89,0
WY,House,WY-HD-41,0.07,0
WY,House,WY-HD-42,1.11,0
WY,House,WY-HD-43,2.03,0
WY,House,WY-HD-44,1.85,0
WY,House,WY-HD-46,0.72,0
WY,House,WY-HD-47,2.14,0
WY,House,WY-HD-48,2.4,0
WY,House,WY-HD-49,2.17,0
WY,House,WY-HD-5,1.78,0
WY,House,WY-HD-50,2.24,0
WY,House,WY-HD-51,1.94,0
WY,House,WY-HD-52,1.85,0
WY,House,WY-HD-53,2.27,0
WY,House,WY-HD-54,2.26,0
WY,House,WY-HD-55,2.2,0
WY,House,WY-HD-56,2.1,0
WY,House,WY-HD-57,1.17,0
WY,House,WY-HD-58,0.1,0
WY,House,WY-HD-59,0.62,0
WY,House,WY-HD-6,2.16,0
WY,House,WY-HD-60,2.16,0
WY,House,WY-HD-61,0.87,0
WY,House,WY-HD-62,2.26,0
WY,House,WY-HD-7,0.71,0
WY,House,WY-HD-8,1.92,0
WY,House,WY-HD-9,1.6,0
WY,Senate,WY-SD-1,4.91,0
WY,Senate,WY-SD-11,41.43,1
WY,Senate,WY-SD-13,4.82,0
WY,Senate,WY-SD-15,4.74,0
WY,Senate,WY-SD-19,4.84,0
WY,Senate,WY-SD-21,4.85,0
WY,Senate,WY-SD-23,4.84,0
WY,Senate,WY-SD-25,4.61,0
WY,Senate,WY-SD-27,4.9,0
WY,Senate,WY-SD-29,4.82,0
WY,Senate,WY-SD-3,4.77,0
WY,Senate,WY-SD-31,7.21,0
WY,Senate,WY-SD-5,3.26,0
