race_code,race_type,state,district,dem_name,rep_name,dem_party,rep_party,incumbent_party,seat_holder,margin,dem_prob,rep_prob,rating,lean,gcb,fundamentals,fundraising,candidates,demo_env,pres_2024,swing_24_26,rcv,threeway,oth_party,ind_name,ind_pct,ind_prob,same_party,cand2_name,cand1_prob,dem_status,rep_status,poll_dem,poll_rep,poll_count,polling_avg,polling_weight,dem_funds,rep_funds,ind_funds,dem_coh,rep_coh,ind_coh,dem_outside,rep_outside,dem_spent,rep_spent,ind_spent,dem_small,rep_small,ind_small,dem_pac,rep_pac,ind_pac,dem_self,rep_self,ind_self,dem_debt,rep_debt,ind_debt,dem_pct,rep_pct,oth_pct,dem_votes,rep_votes,oth_votes,ind_votes,total_votes
AK-GOV,governor,AK,GOV,Tom Begich,Bernadette Wilson,DEM,REP,,REP,-6.73,33.0,67.0,Lean R,-13.27,5.29,-9.04,0.0,0.0,-1.06,-13.8,7.07,True,False,,,0.0,0.0,,,0.0,presumptive,projected,46.99,37.94,3,8.06,0.15,0,0,0,0,0,0,0,0,0,0,0,0,0,0,0,0,0,0,0,0,0,0,0,43.02,48.98,8.0,101719,115811,18916,0,236446
AL-GOV,governor,AL,GOV,Doug Jones,Tommy Tuberville,DEM,REP,,REP,-19.46,2.9,97.1,Safe R,-29.66,5.29,-21.48,0.0,3.37,-0.48,-30.88,11.42,False,False,,,0.0,0.0,,,0.0,confirmed,confirmed,40.99,49.01,2,-8.01,0.15,0,13792994,0,0,0,0,0,0,0,0,0,0,0,0,0,0,0,0,0,0,0,0,0,40.27,59.73,0.0,638518,947045,0,0,1585563
AR-GOV,governor,AR,GOV,Fredrick Love,Sarah Huckabee Sanders,DEM,REP,REP,REP,-25.96,0.6,99.4,Safe R,-30.62,5.29,-25.96,0.0,-0.13,-0.51,-31.57,5.6,False,False,,,0.0,0.0,,,0.0,confirmed,confirmed,,,0,,0.0,0,0,0,0,0,0,0,0,0,0,0,0,0,0,0,0,0,0,0,0,0,0,0,37.02,62.98,0.0,310754,528702,0,0,839457
AZ-GOV,governor,AZ,GOV,Katie Hobbs,Andy Biggs,DEM,REP,DEM,DEM,8.14,78.6,21.4,Likely D,-4.25,5.29,8.35,0.94,6.01,0.36,-5.59,13.72,False,False,,,0.0,0.0,,,0.0,presumptive,presumptive,48.87,41.57,12,7.54,0.262,9827820,2787170,0,0,0,0,0,0,0,0,0,0,0,0,0,0,0,0,0,0,0,0,0,54.07,45.93,0.0,1282765,1089758,0,0,2372523
CA-GOV,governor,CA,GOV,Xavier Becerra,Steve Hilton,DEM,REP,,DEM,28.7,99.7,0.3,Safe D,23.42,5.29,29.79,0.19,0.0,0.89,20.82,7.89,False,False,,,0.0,0.0,,,0.0,confirmed,confirmed,57.29,33.73,4,23.57,0.175,22373949,17445485,0,10580853,2163517,0,0,0,0,0,0,0,0,0,0,0,0,0,0,0,0,0,0,64.35,35.65,0.0,7142018,3956525,0,0,11098543
CO-GOV,governor,CO,GOV,Phil Weiser,Victor Marx,DEM,REP,,DEM,17.8,95.8,4.2,Safe D,11.48,5.29,17.39,0.64,0.0,-0.01,11.29,6.51,False,False,IND,Greg Lopez,3.6,0.0,,,0.0,confirmed,confirmed,50.1,37.8,1,12.3,0.15,6951032,2935521,84692,0,0,0,0,0,0,0,0,0,0,0,0,0,0,0,0,0,0,0,0,56.78,39.62,0.0,1268983,885482,0,80457,2234922
CT-GOV,governor,CT,GOV,Ned Lamont,Ryan Fazio,DEM,REP,DEM,DEM,19.68,97.2,2.8,Safe D,15.88,5.29,20.06,0.0,-1.03,-0.09,14.76,4.92,False,False,,,0.0,0.0,,,0.0,presumptive,confirmed,49.61,31.46,2,18.15,0.196,0,0,0,0,0,0,0,0,0,0,0,0,0,0,0,0,0,0,0,0,0,0,0,59.84,40.16,0.0,736728,494412,0,0,1231140
FL-GOV,governor,FL,GOV,David Jolly,Byron Donalds,DEM,REP,,REP,-6.57,26.1,73.9,Lean R,-10.43,5.29,-7.26,-2.16,-0.47,0.51,-13.22,6.65,False,False,,,0.0,0.0,,,0.0,presumptive,presumptive,38.12,42.8,17,-4.84,0.283,5531882,99442171,0,0,0,0,0,0,0,0,0,0,0,0,0,0,0,0,0,0,0,0,0,46.71,53.29,0.0,3575918,4078908,0,0,7654826
GA-GOV,governor,GA,GOV,Keisha Lance Bottoms,Rick Jackson,DEM,REP,,REP,1.66,56.4,43.6,Toss-up,-1.84,5.29,0.86,-2.47,0.0,-0.12,-2.21,3.86,False,False,,,0.0,0.0,,,0.0,confirmed,confirmed,50.44,45.91,6,4.65,0.21,2665880,73526815,0,0,0,0,0,0,0,0,0,0,0,0,0,0,0,0,0,0,0,0,0,50.83,49.17,0.0,1867940,1807106,0,0,3675046
HI-GOV,governor,HI,GOV,Josh Green,Gary Cordery,DEM,REP,DEM,DEM,32.22,99.9,0.1,Safe D,25.72,5.29,32.22,0.0,1.67,-0.46,23.56,8.66,False,False,,,0.0,0.0,,,0.0,presumptive,presumptive,,,0,,0.0,0,0,0,0,0,0,0,0,0,0,0,0,0,0,0,0,0,0,0,0,0,0,0,66.11,33.89,0.0,239112,122578,0,0,361691
IA-GOV,governor,IA,GOV,Rob Sand,Zach Lahn,DEM,REP,,REP,5.39,70.0,30.0,Lean D,-12.13,5.29,5.37,2.06,10.86,-0.71,-13.45,18.83,False,False,,,0.0,0.0,,,0.0,confirmed,confirmed,49.43,44.02,5,5.45,0.204,19860206,1218702,0,0,0,0,0,0,0,0,0,0,0,0,0,0,0,0,0,0,0,0,0,52.69,47.31,0.0,613595,550859,0,0,1164454
ID-GOV,governor,ID,GOV,Terri Pickens,Brad Little,DEM,REP,REP,REP,-45.66,0.0,100.0,Safe R,-36.27,5.29,-45.66,-1.82,-12.37,-0.49,-37.52,-8.13,False,False,,,0.0,0.0,,,0.0,confirmed,confirmed,,,0,,0.0,136953,2057743,0,0,0,0,0,0,0,0,0,0,0,0,0,0,0,0,0,0,0,0,0,27.17,72.83,0.0,172147,461396,0,0,633543
IL-GOV,governor,IL,GOV,JB Pritzker,Darren Bailey,DEM,REP,DEM,DEM,20.06,97.4,2.6,Safe D,12.91,5.29,20.02,1.84,-0.02,0.0,11.14,8.92,False,False,,,0.0,0.0,,,0.0,confirmed,confirmed,54.3,34.0,1,20.3,0.15,25619035,2166962,0,3141018,127990,0,0,0,0,0,0,0,0,0,0,0,0,0,0,0,0,0,0,60.03,39.97,0.0,2374012,1580725,0,0,3954737
KS-GOV,governor,KS,GOV,Cindy Holscher,Ty Masterson,DEM,REP,,DEM,-11.56,13.0,87.0,Likely R,-16.42,5.29,-11.56,0.0,0.0,-0.43,-16.41,4.85,False,False,,,0.0,0.0,,,0.0,confirmed,confirmed,,,0,,0.0,0,0,0,0,0,0,0,0,0,0,0,0,0,0,0,0,0,0,0,0,0,0,0,44.22,55.78,0.0,410926,518388,0,0,929314
MA-GOV,governor,MA,GOV,Maura Healey,Mike Minogue,DEM,REP,DEM,DEM,31.46,99.9,0.1,Safe D,27.8,5.29,33.87,0.0,1.13,-0.34,25.91,5.55,False,False,,,0.0,0.0,,,0.0,confirmed,presumptive,53.79,31.4,6,22.39,0.21,0,0,0,0,0,0,0,0,0,0,0,0,0,0,0,0,0,0,0,0,0,0,0,65.73,34.27,0.0,1598284,833284,0,0,2431568
MD-GOV,governor,MD,GOV,Wes Moore,Dan Cox,DEM,REP,DEM,DEM,36.44,100.0,0.0,Safe D,30.37,5.29,39.01,0.0,3.43,-0.08,29.51,6.93,False,False,,,0.0,0.0,,,0.0,confirmed,confirmed,49.9,28.0,1,21.9,0.15,0,0,0,0,0,0,0,0,0,0,0,0,0,0,0,0,0,0,0,0,0,0,0,68.22,31.78,0.0,1450926,675907,0,0,2126834
ME-GOV,governor,ME,GOV,Hannah Pingree,Robert Charles,DEM,REP,,DEM,11.85,87.6,12.4,Likely D,7.36,5.29,11.68,0.0,0.0,-0.97,7.09,4.76,False,False,IND,Rick Bennett,3.21,0.0,,,0.0,confirmed,confirmed,52.17,38.68,3,13.48,0.182,0,0,0,0,0,0,0,0,0,0,0,0,0,0,0,0,0,0,0,0,0,0,0,54.13,42.66,0.0,315019,248263,0,18681,581962
MI-GOV,governor,MI,GOV,Jocelyn Benson,John James,DEM,REP,,DEM,12.13,88.1,11.9,Likely D,-0.43,5.29,14.42,0.21,9.97,-0.63,-1.44,13.57,False,False,,,0.0,0.0,,,0.0,confirmed,confirmed,45.31,38.89,20,6.58,0.292,5958887,4492470,0,0,0,0,0,0,0,0,0,0,0,0,0,0,0,0,0,0,0,0,0,56.07,43.93,0.0,2222564,1741698,0,0,3964262
MN-GOV,governor,MN,GOV,Amy Klobuchar,Mike Lindell,DEM,REP,,DEM,11.96,87.8,12.2,Likely D,4.83,5.29,10.87,1.59,-0.12,-0.72,4.34,7.62,False,False,,,0.0,0.0,,,0.0,presumptive,projected,52.86,34.69,3,18.17,0.15,9312380,1078103,0,4480911,87680,0,0,0,0,0,0,0,0,0,0,0,0,0,0,0,0,0,0,55.98,44.02,0.0,1275117,1002627,0,0,2277744
NE-GOV,governor,NE,GOV,Lynne Walz,Jim Pillen,DEM,REP,REP,REP,-13.75,9.1,90.9,Likely R,-20.91,5.29,-19.35,0.0,-3.25,-0.48,-20.84,7.09,False,False,IND,Brett Lindstrom,12.0,0.0,,,0.0,confirmed,confirmed,33.0,38.0,1,-8.0,0.15,0,0,0,0,0,0,0,0,0,0,0,0,0,0,0,0,0,0,0,0,0,0,0,37.95,50.05,0.0,251622,331828,0,79561,663011
NH-GOV,governor,NH,GOV,Cinde Warmington,Kelly Ayotte,DEM,REP,REP,REP,-11.78,12.6,87.4,Likely R,3.63,5.29,-13.04,-1.31,-19.79,-0.86,2.82,-14.6,False,False,,,0.0,0.0,,,0.0,confirmed,presumptive,38.17,44.73,5,-6.56,0.194,606192,3694856,0,0,0,0,0,0,0,0,0,0,0,0,0,0,0,0,0,0,0,0,0,44.11,55.89,0.0,255108,323224,0,0,578332
NM-GOV,governor,NM,GOV,Deb Haaland,Gregg Hull,DEM,REP,,DEM,8.52,79.6,20.4,Likely D,7.41,5.29,9.38,1.95,-6.39,1.12,6.14,2.38,False,False,,,0.0,0.0,,,0.0,confirmed,confirmed,46.0,45.0,1,4.0,0.161,13910580,987856,0,0,0,0,0,0,0,0,0,0,0,0,0,0,0,0,0,0,0,0,0,54.26,45.74,0.0,350719,295658,0,0,646377
NV-GOV,governor,NV,GOV,Aaron Ford,Joe Lombardo,DEM,REP,REP,REP,2.84,60.9,39.1,Lean D,-1.57,5.29,5.44,0.47,0.85,0.4,-3.15,5.99,False,False,,,0.0,0.0,,,0.0,confirmed,confirmed,43.14,49.05,10,-4.94,0.25,4285307,2275075,0,0,0,0,0,0,0,0,0,0,0,0,0,0,0,0,0,0,0,0,0,51.42,48.58,0.0,534300,504767,0,0,1039067
NY-GOV,governor,NY,GOV,Kathy Hochul,Bruce Blakeman,DEM,REP,DEM,DEM,13.91,91.2,8.8,Likely D,15.56,5.29,13.64,0.16,-7.5,0.13,12.68,1.23,False,False,,,0.0,0.0,,,0.0,confirmed,confirmed,49.63,36.11,15,14.64,0.276,16594119,13445025,0,0,0,0,0,0,0,0,0,0,0,0,0,0,0,0,0,0,0,0,0,56.96,43.04,0.0,3311173,2502325,0,0,5813499
OH-GOV,governor,OH,GOV,Amy Acton,Vivek Ramaswamy,DEM,REP,,REP,-4.37,33.5,66.5,Lean R,-10.38,5.29,-6.26,-0.48,0.0,-0.69,-11.31,6.94,False,False,,,0.0,0.0,,,0.0,confirmed,confirmed,47.65,47.15,16,0.48,0.28,15928993,30306297,0,0,0,0,0,0,0,0,0,0,0,0,0,0,0,0,0,0,0,0,0,47.81,52.19,0.0,1929542,2105970,0,0,4035512
OK-GOV,governor,OK,GOV,Cyndi Munson,Gentner Drummond,DEM,REP,,REP,-30.97,0.1,99.9,Safe R,-34.86,5.29,-30.97,0.0,-0.7,-0.7,-34.95,3.98,False,False,,,0.0,0.0,,,0.0,confirmed,projected,,,0,,0.0,0,0,0,0,0,0,0,0,0,0,0,0,0,0,0,0,0,0,0,0,0,0,0,34.51,65.49,0.0,378357,717865,0,0,1096222
OR-GOV,governor,OR,GOV,Tina Kotek,Christine Drazan,DEM,REP,DEM,DEM,5.7,71.1,28.9,Lean D,15.18,5.29,6.72,0.0,-13.29,-0.46,14.89,-9.19,False,False,,,0.0,0.0,,,0.0,confirmed,confirmed,44.2,47.13,3,-0.1,0.15,0,0,0,0,0,0,0,0,0,0,0,0,0,0,0,0,0,0,0,0,0,0,0,52.85,47.15,0.0,830682,741092,0,0,1571774
PA-GOV,governor,PA,GOV,Josh Shapiro,Stacy Garrity,DEM,REP,DEM,DEM,17.27,95.4,4.6,Safe D,-0.99,5.29,17.34,1.95,11.61,-0.53,-1.75,19.03,False,False,,,0.0,0.0,,,0.0,confirmed,confirmed,52.77,35.68,11,17.09,0.257,34960533,2545436,0,0,0,0,0,0,0,0,0,0,0,0,0,0,0,0,0,0,0,0,0,58.64,41.36,0.0,2887044,2036574,0,0,4923617
RI-GOV,governor,RI,GOV,Helena Foulkes,Elaine Pelino,DEM,REP,,DEM,20.32,97.6,2.4,Safe D,15.75,5.29,20.84,0.0,0.0,-0.2,14.16,6.16,False,False,,,0.0,0.0,,,0.0,presumptive,projected,38.59,21.21,2,17.38,0.15,0,0,0,0,0,0,0,0,0,0,0,0,0,0,0,0,0,0,0,0,0,0,0,60.16,39.84,0.0,216187,143161,0,0,359348
SC-GOV,governor,SC,GOV,Jermaine Johnson,Alan Wilson,DEM,REP,,REP,-10.3,15.8,84.2,Likely R,-16.61,5.29,-10.16,1.47,0.07,-0.39,-18.12,7.82,False,False,,,0.0,0.0,,,0.0,confirmed,confirmed,37.0,45.0,1,-11.0,0.166,753609,62585,0,0,0,0,0,0,0,0,0,0,0,0,0,0,0,0,0,0,0,0,0,44.85,55.15,0.0,799963,983735,0,0,1783698
SD-GOV,governor,SD,GOV,Dan Ahlers,Larry Rhoden,DEM,REP,REP,REP,-25.78,0.6,99.4,Safe R,-29.41,5.29,-25.78,0.0,-0.64,-1.02,-29.98,4.2,False,False,,,0.0,0.0,,,0.0,confirmed,confirmed,,,0,,0.0,0,0,0,0,0,0,0,0,0,0,0,0,0,0,0,0,0,0,0,0,0,0,0,37.11,62.89,0.0,110766,187707,0,0,298473
TN-GOV,governor,TN,GOV,Jerri Green,Marsha Blackburn,DEM,REP,,REP,-20.7,2.2,97.8,Safe R,-28.6,5.29,-20.12,0.0,3.73,-0.54,-30.12,9.42,False,False,,,0.0,0.0,,,0.0,confirmed,confirmed,27.01,51.0,3,-23.99,0.15,0,0,0,0,0,0,0,0,0,0,0,0,0,0,0,0,0,0,0,0,0,0,0,39.65,60.35,0.0,850425,1294335,0,0,2144759
TX-GOV,governor,TX,GOV,Gina Hinojosa,Greg Abbott,DEM,REP,REP,REP,-8.67,19.9,80.1,Likely R,-11.93,5.29,-10.52,-1.58,-3.33,1.04,-13.88,5.21,False,False,,,0.0,0.0,,,0.0,confirmed,confirmed,44.63,48.81,20,-4.17,0.292,8589462,71434049,0,3002416,67461299,0,0,0,0,0,0,0,0,0,0,0,0,0,0,0,0,0,0,45.67,54.33,0.0,3645607,4337562,0,0,7983170
VT-GOV,governor,VT,GOV,Amanda Janoo,Phil Scott,DEM,REP,REP,REP,-22.65,1.4,98.6,Safe R,33.44,5.29,-24.8,0.0,-62.58,-0.95,32.77,-55.42,False,False,,,0.0,0.0,,,0.0,projected,confirmed,30.95,43.32,2,-12.37,0.173,0,0,0,0,0,0,0,0,0,0,0,0,0,0,0,0,0,0,0,0,0,0,0,38.67,61.33,0.0,100007,158589,0,0,258595
WI-GOV,governor,WI,GOV,Francesca Hong,Tom Tiffany,DEM,REP,,DEM,3.48,63.3,36.7,Lean D,-0.43,5.29,4.66,0.18,0.28,-0.66,-0.87,4.35,False,False,,,0.0,0.0,,,0.0,projected,presumptive,42.64,43.55,7,-0.66,0.223,13951,1,0,0,0,0,0,0,0,0,0,0,0,0,0,0,0,0,0,0,0,0,0,51.74,48.26,0.0,1239695,1156347,0,0,2396043
WY-GOV,governor,WY,GOV,Kenneth Casner,Megan Degenfelder,DEM,REP,,REP,-39.61,0.0,100.0,Safe R,-46.77,5.29,-39.61,0.0,2.51,-0.64,-46.96,7.35,False,False,,,0.0,0.0,,,0.0,presumptive,presumptive,,,0,,0.0,0,5226,0,0,0,0,0,0,0,0,0,0,0,0,0,0,0,0,0,0,0,0,0,30.19,69.81,0.0,56866,131468,0,0,188334
AK-SEN,senate,AK,SEN,Mary Peltola,Dan Sullivan,DEM,REP,REP,REP,-1.87,45.1,54.9,Toss-up,-11.5,5.29,-2.73,0.43,4.11,-1.06,-13.8,11.93,True,False,,,0.0,0.0,,,0.0,presumptive,confirmed,46.31,46.61,12,-0.31,0.262,18545132,9136967,0,4636755,7295069,0,2677216,5265014,13908377,3932803,0,6750626,558386,0,603646,1998758,0,0,0,0,0,0,0,45.04,46.96,8.0,106495,111035,18916,0,236446
AL-SEN,senate,AL,SEN,Everett Wess,Barry Moore,DEM,REP,,REP,-22.88,1.3,98.7,Safe R,-26.81,5.29,-24.27,-3.2,0.93,-0.48,-30.88,8.01,False,False,,,0.0,0.0,,,0.0,confirmed,confirmed,32.0,47.0,1,-15.0,0.15,83341,3787330,0,-10011,627788,0,3019,17107589,94747,3284673,0,4247,346554,0,0,881598,0,70643,50000,0,0,360928,0,38.56,61.44,0.0,611430,974133,0,0,1585563
AR-SEN,senate,AR,SEN,Hallie Shoffner,Tom Cotton,DEM,REP,REP,REP,-23.86,1.0,99.0,Safe R,-29.22,5.29,-26.97,-0.87,-1.67,-0.51,-31.57,7.7,False,False,,,0.0,0.0,,,0.0,confirmed,confirmed,42.86,46.25,2,-6.27,0.15,2269114,6233117,0,863578,9931885,0,0,3244245,1405536,3752101,0,807603,552197,0,20060,1191500,0,0,0,0,0,73959,0,38.07,61.93,0.0,319562,519895,0,0,839457
CO-SEN,senate,CO,SEN,John Hickenlooper,Mark Baisley,DEM,REP,DEM,DEM,24.78,99.2,0.8,Safe D,13.1,5.29,24.78,2.84,3.55,-0.01,11.29,13.49,False,False,,,0.0,0.0,,,0.0,confirmed,confirmed,,,0,,0.0,8119380,138147,0,2083870,50021,0,510004,0,7471143,88913,0,1302169,28371,0,958273,999,0,0,2200,0,0,0,0,62.39,37.61,0.0,1394365,840557,0,0,2234922
DE-SEN,senate,DE,SEN,Chris Coons,Michael Katz,DEM,REP,DEM,DEM,24.87,99.2,0.8,Safe D,15.57,5.29,24.87,2.63,1.67,-0.28,14.84,10.03,False,False,,,0.0,0.0,,,0.0,presumptive,presumptive,,,0,,0.0,3940137,70152,0,4705684,38004,0,0,0,1419652,32148,0,52510,3182,0,1310377,300,0,0,54260,0,0,54250,0,62.44,37.56,0.0,223234,134309,0,0,357542
FL-SEN,senate,FL,SEN,Alexander Vindman,Ashley Moody,DEM,REP,REP,REP,-5.01,31.3,68.7,Lean R,-8.77,5.29,-4.37,0.26,-1.67,0.51,-13.22,8.22,False,False,,,0.0,0.0,,,0.0,presumptive,presumptive,41.56,47.23,11,-6.85,0.257,16273862,11259074,0,7253859,8482821,0,26675,559495,9020003,2776253,0,10039367,1520356,0,216105,2083000,0,20,0,0,2517,0,0,47.5,52.5,0.0,3635825,4019001,0,0,7654826
GA-SEN,senate,GA,SEN,Jon Ossoff,Mike Collins,DEM,REP,DEM,DEM,12.33,88.5,11.5,Likely D,-0.87,5.29,12.73,1.7,6.73,-0.12,-2.21,14.54,False,False,,,0.0,0.0,,,0.0,confirmed,confirmed,53.98,43.02,11,11.17,0.257,77279766,7409350,0,42587451,2079981,0,906052,1615544,39682882,5932539,0,39110515,2085895,0,931316,495632,0,0,65000,0,0,461916,0,56.16,43.84,0.0,2064082,1610964,0,0,3675046
IA-SEN,senate,IA,SEN,Josh Turek,Ashley Hinson,DEM,REP,,REP,-2.66,39.8,60.2,Lean R,-7.43,5.29,-3.87,-0.09,-0.93,-0.71,-13.45,10.79,False,False,LIB,,0.0,0.0,,,0.0,confirmed,confirmed,46.39,47.27,9,-1.05,0.242,6276527,10217845,0,2362314,6749491,0,12599462,4658175,3914213,5396429,0,2726556,1052135,0,440127,2232367,0,0,0,0,0,0,0,47.39,49.98,2.63,551847,581982,30625,0,1164454
ID-SEN,senate,ID,SEN,(No Democrat),Jim Risch,DEM,REP,REP,REP,-27.09,0.4,99.6,Safe R,-32.3,5.29,-30.31,-1.14,-1.67,-0.49,-37.52,10.43,False,True,IND,Todd Achilles,36.45,0.4,,,0.0,,confirmed,35.63,41.47,2,-8.84,0.15,0,3357516,692245,0,3535956,194226,0,0,0,2241925,506311,0,139910,115721,0,959329,10000,0,0,10500,0,0,0,0.0,63.55,0.0,0,402595,0,230948,633543
IL-SEN,senate,IL,SEN,Juliana Stratton,Don Tracy,DEM,REP,,DEM,20.74,97.8,2.2,Safe D,15.14,5.29,20.74,0.32,0.0,0.0,11.14,9.61,False,False,,,0.0,0.0,,,0.0,confirmed,confirmed,,,0,,0.0,5906599,2459890,0,1107958,1512424,0,10437456,11068156,4798641,947466,0,1182892,27050,0,426634,12325,0,0,2000000,0,0,2000000,0,60.37,39.63,0.0,2387571,1567166,0,0,3954737
KS-SEN,senate,KS,SEN,Adam Hamilton,Roger Marshall,DEM,REP,REP,REP,-10.81,14.6,85.4,Likely R,-15.21,5.29,-11.46,-0.02,-1.09,-0.43,-16.41,5.6,False,False,,,0.0,0.0,,,0.0,confirmed,confirmed,43.1,47.22,2,-7.13,0.15,4169078,4009075,0,1730621,5388078,0,0,830900,2438457,326015,0,767189,151384,0,17500,1555250,0,50050,0,0,50000,0,0,44.6,55.4,0.0,414432,514881,0,0,929314
KY-SEN,senate,KY,SEN,Charles Booker,Andy Barr,DEM,REP,,REP,-28.89,0.2,99.8,Safe R,-30.07,5.29,-31.25,-0.86,-4.86,-0.75,-31.03,2.14,False,False,,,0.0,0.0,,,0.0,confirmed,confirmed,37.0,49.5,1,-15.5,0.15,1099509,9981055,0,309623,2305546,0,8306596,6980575,789887,11368587,0,654554,729552,0,24750,1995311,0,0,0,0,89868,0,0,35.56,64.44,0.0,516345,935824,0,0,1452169
LA-SEN,senate,LA,SEN,Jamie Davis,Julia Letlow,DEM,REP,,REP,-23.97,1.0,99.0,Safe R,-21.43,5.29,-23.97,-0.45,-7.1,-0.28,-22.36,-1.61,False,False,,,0.0,0.0,,,0.0,confirmed,confirmed,,,0,,0.0,1983548,6210122,0,479104,1427072,0,10861766,12093658,1504444,4783049,0,1699034,127995,0,0,824000,0,10000,0,0,10000,0,0,38.01,61.99,0.0,534061,870822,0,0,1404882
MA-SEN,senate,MA,SEN,Ed Markey,John Deaton,DEM,REP,DEM,DEM,32.89,99.9,0.1,Safe D,29.18,5.29,36.46,0.66,1.67,-0.34,25.91,6.98,False,False,,,0.0,0.0,,,0.0,presumptive,presumptive,52.51,32.08,7,20.45,0.223,4848657,1498561,0,2227617,726604,0,0,1482275,4431727,771958,0,757410,61944,0,548650,425,0,0,1053414,0,0,1005000,0,66.45,33.55,0.0,1615668,815900,0,0,2431568
ME-SEN,senate,ME,SEN,Troy Jackson,Susan Collins,DEM,REP,REP,REP,0.1,50.4,49.6,Toss-up,8.55,5.29,-0.68,0.0,-13.55,-0.97,7.09,-6.99,False,False,,,0.0,0.0,,,0.0,projected,confirmed,49.19,44.91,6,2.86,0.22,0,16169827,0,0,11038115,0,2385916,7444753,0,7708021,0,0,1425763,0,0,1263550,0,0,0,0,0,0,0,50.05,49.95,0.0,291276,290686,0,0,581962
MI-SEN,senate,MI,SEN,Abdul El-Sayed,Mike Rogers,DEM,REP,,DEM,5.2,69.4,30.6,Lean D,2.96,5.29,7.77,-0.29,0.44,-0.63,-1.44,6.63,False,False,,,0.0,0.0,,,0.0,confirmed,confirmed,43.55,44.9,18,-1.23,0.286,14528336,10898177,0,2552763,4473237,0,5174961,39230240,11975573,6680643,0,4143279,2220167,0,71845,849227,0,14000,0,0,0,0,0,52.6,47.4,0.0,2085112,1879149,0,0,3964262
MN-SEN,senate,MN,SEN,Peggy Flanagan,Michele Tafoya,DEM,REP,,DEM,10.28,84.1,15.9,Likely D,6.74,5.29,11.24,-0.06,0.0,-0.72,4.34,5.93,False,False,,,0.0,0.0,,,0.0,projected,presumptive,49.3,41.8,6,6.64,0.21,6516273,5292553,0,1058604,1333066,0,1744564,7248554,5457669,3959487,0,2913200,2435583,0,176917,229000,0,7000,7878,0,0,294847,0,55.14,44.86,0.0,1255917,1021827,0,0,2277744
MS-SEN,senate,MS,SEN,Scott Colom,Cindy Hyde-Smith,DEM,REP,REP,REP,-13.25,9.9,90.1,Likely R,-21.48,5.29,-14.18,-0.24,2.62,-0.37,-23.15,9.89,False,False,IND,Ty Pinkins,6.0,0.0,,,0.0,confirmed,confirmed,39.0,42.0,1,-6.0,0.15,2384921,3825455,98038,847046,2535896,5352,1248442,98645,1537875,1759323,98301,351461,98642,64618,312330,1182050,0,25193,0,0,61083,60000,0,40.77,53.23,0.0,350473,457555,0,51576,859605
MT-SEN,senate,MT,SEN,Alani Bankhead,Kurt Alme,DEM,REP,,REP,-24.96,0.9,99.1,Safe R,-13.86,5.29,-9.22,0.36,0.0,-1.01,-20.58,-4.38,False,True,IND,Seth Bodnar,14.6,0.0,,,0.0,confirmed,confirmed,30.8,43.51,6,-13.03,0.226,58829,1984861,3238151,21485,1450719,977779,5394980,3314938,37011,534142,2260371,18727,88310,369366,6627,639500,93050,6522,0,0,0,0,0,28.39,53.35,3.66,119822,225163,15448,61642,422074
NC-SEN,senate,NC,SEN,Roy Cooper,Michael Whatley,DEM,REP,,REP,5.27,69.6,30.4,Lean D,-2.8,5.29,4.71,0.62,1.9,-0.3,-3.27,8.54,False,False,GRN,,0.0,0.0,,,0.0,confirmed,confirmed,50.76,42.03,24,8.14,0.3,34975789,11272504,0,20717567,3461698,0,3919958,13572879,14258222,7810806,0,4748620,1775437,0,820563,936330,0,0,0,0,0,46928,0,51.65,46.48,1.87,2059600,1853302,74566,0,3987467
NE-SEN,senate,NE,SEN,(No Democrat),Pete Ricketts,DEM,REP,REP,REP,-5.09,31.0,69.0,Lean R,-19.14,5.29,-6.2,-0.5,8.63,-0.48,-20.84,15.75,False,True,IND,Dan Osborn,47.46,31.0,,,0.0,,confirmed,47.0,42.8,3,1.2,0.15,0,11233507,5751951,0,6910970,2421487,785514,1732682,0,4809506,3393630,0,232136,2195423,0,1701815,139868,0,5295888,0,0,0,0,0.0,52.54,0.0,0,348379,0,314632,663011
NH-SEN,senate,NH,SEN,Chris Pappas,John E. Sununu,DEM,REP,,DEM,7.89,77.9,22.1,Likely D,-0.02,5.29,9.32,0.71,4.2,-0.86,2.82,5.07,False,False,,,0.0,0.0,,,0.0,presumptive,presumptive,46.63,42.63,16,4.2,0.28,13371607,3662252,0,5183321,2672646,0,130636,4552978,8595871,989605,0,4138690,395965,0,1045873,462000,0,0,0,0,0,0,0,53.94,46.06,0.0,311974,266359,0,0,578332
NJ-SEN,senate,NJ,SEN,Cory Booker,Justin Murphy,DEM,REP,DEM,DEM,19.8,97.3,2.7,Safe D,8.31,5.29,19.8,4.13,1.88,0.19,5.63,14.17,False,False,,,0.0,0.0,,,0.0,confirmed,confirmed,,,0,,0.0,18869341,27316,0,23060940,123,0,0,0,7000887,26297,0,8440493,7240,0,500530,650,0,0,4932,0,0,8782,0,59.9,40.1,0.0,1745239,1168448,0,0,2913686
NM-SEN,senate,NM,SEN,Ben Ray Lujan,Larry Marker,DEM,REP,DEM,DEM,19.25,96.9,3.1,Safe D,8.01,5.29,19.25,3.16,1.67,1.12,6.14,13.1,False,False,,,0.0,0.0,,,0.0,confirmed,confirmed,,,0,,0.0,5626629,33525,0,4396754,11850,0,0,0,2443668,21675,0,1158566,1065,0,1738346,5000,0,0,0,0,0,0,0,59.62,40.38,0.0,385390,260987,0,0,646377
OH-SEN,senate,OH,SEN,Sherrod Brown,Jon Husted,DEM,REP,REP,REP,-0.97,46.2,53.8,Toss-up,-8.64,5.29,-2.06,0.59,1.39,-0.69,-11.31,10.35,False,False,LIB,,0.0,0.0,,,0.0,confirmed,confirmed,48.59,47.63,15,0.76,0.276,38566234,14360028,0,16229741,9419311,0,34727,9701797,22336493,4940716,0,13527788,1843640,0,861223,2382560,0,0,0,0,0,0,0,48.74,49.69,1.57,1966856,2005299,63358,0,4035512
OK-SEN,senate,OK,SEN,Jasmine Thomas,Kevin Hern,DEM,REP,,REP,-35.55,0.0,100.0,Safe R,-33.87,5.29,-35.55,-3.49,-2.78,-0.7,-34.95,-0.6,False,False,,,0.0,0.0,,,0.0,presumptive,confirmed,,,0,,0.0,52402,9953579,0,254,2491910,0,0,2393207,53084,7461669,0,38213,132138,0,0,761500,0,0,5050000,0,0,0,0,32.23,67.77,0.0,353260,742962,0,0,1096222
OR-SEN,senate,OR,SEN,Jeff Merkley,David Brock Smith,DEM,REP,DEM,DEM,21.85,98.3,1.7,Safe D,12.88,5.29,21.85,2.47,1.67,-0.46,14.89,6.96,False,False,,,0.0,0.0,,,0.0,confirmed,confirmed,,,0,,0.0,4540974,120760,0,6828404,28980,0,0,0,1979569,91781,0,1059223,34621,0,477520,11000,0,0,0,0,0,8156,0,60.92,39.08,0.0,957588,614187,0,0,1571774
RI-SEN,senate,RI,SEN,Jack Reed,Raymond McKay,DEM,REP,DEM,DEM,24.71,99.2,0.8,Safe D,17.29,5.29,26.07,2.03,1.67,-0.2,14.16,10.55,False,False,,,0.0,0.0,,,0.0,presumptive,presumptive,52.0,35.0,1,17.0,0.15,3127031,163439,0,3642761,2745,0,0,0,1072461,161032,0,27532,66814,0,1028500,1600,0,0,1,0,0,690,0,62.36,37.64,0.0,224075,135273,0,0,359348
SC-SEN,senate,SC,SEN,Annie Andrews,Generic Republican,DEM,REP,,REP,-6.88,25.2,74.8,Lean R,-14.66,5.29,-6.5,0.0,3.25,-0.39,-18.12,11.25,False,False,LIB,,0.0,0.0,,,0.0,confirmed,projected,39.0,47.0,1,-11.0,0.166,10804040,0,0,4119295,0,0,0,145756,6684746,0,0,6474403,0,0,104955,0,0,0,0,0,1025357,0,0,45.69,52.44,1.87,814992,935351,33355,0,1783698
SD-SEN,senate,SD,SEN,(No Democrat),Mike Rounds,DEM,REP,REP,REP,-22.09,1.6,98.4,Safe R,-22.36,5.29,-23.54,-1.06,-4.39,-1.02,-29.98,7.89,False,True,IND,Brian Bengs,38.96,1.6,,,0.0,,confirmed,35.08,52.22,5,-16.07,0.194,0,3176451,782050,0,2736664,51406,0,565848,0,2309816,730644,0,36975,474153,0,1443800,5000,0,0,0,0,0,0,0.0,61.04,0.0,0,182200,0,116273,298473
TN-SEN,senate,TN,SEN,Marquita Bradshaw,Bill Hagerty,DEM,REP,REP,REP,-31.47,0.1,99.9,Safe R,-26.24,5.29,-31.47,-3.72,-6.25,-0.54,-30.12,-1.35,False,False,,,0.0,0.0,,,0.0,confirmed,confirmed,,,0,,0.0,2257,7162897,0,1043,5234429,0,0,760435,1293,3855937,0,2007,958119,0,0,1545200,0,0,0,0,0,0,0,34.27,65.73,0.0,734907,1409852,0,0,2144759
TX-SEN,senate,TX,SEN,James Talarico,Ken Paxton,DEM,REP,,REP,0.54,52.1,47.9,Toss-up,-10.63,5.29,-0.75,1.51,2.05,1.04,-13.88,14.42,False,False,LIB,,0.0,0.0,,,0.0,confirmed,confirmed,47.41,45.23,25,2.18,0.302,68555930,9248699,0,21548155,1755783,0,31389295,3928870,47007775,7492915,0,36717034,1764118,0,343408,219500,0,0,0,0,0,0,0,49.26,48.73,2.01,3932436,3890272,160462,0,7983170
VA-SEN,senate,VA,SEN,Mark Warner,Bert Mizusawa,DEM,REP,DEM,DEM,17.69,95.7,4.3,Safe D,6.82,5.29,17.69,2.74,3.15,-0.3,5.89,11.8,False,False,,,0.0,0.0,,,0.0,confirmed,confirmed,,,0,,0.0,17889335,418742,0,16114725,90328,0,150000,0,7327844,328750,0,2953209,122597,0,2117795,5000,0,0,171454,0,0,50783,0,58.85,41.15,0.0,1855025,1297277,0,0,3152302
WV-SEN,senate,WV,SEN,Rachel Fetty Anderson,Shelley Moore Capito,DEM,REP,REP,REP,-42.54,0.0,100.0,Safe R,-42.1,5.29,-42.54,-3.14,-1.67,-0.93,-42.69,0.14,False,False,,,0.0,0.0,,,0.0,confirmed,confirmed,,,0,,0.0,22447,4624145,0,12552,4377201,0,0,337585,16891,2558310,0,4153,84240,0,0,1742755,0,7890,0,0,0,0,0,28.73,71.27,0.0,153312,380361,0,0,533673
WY-SEN,senate,WY,SEN,James Byrd,Harriet Hageman,DEM,REP,,REP,-43.02,0.0,100.0,Safe R,-44.93,5.29,-43.02,-2.74,0.0,-0.64,-46.96,3.94,False,False,,,0.0,0.0,,,0.0,projected,presumptive,,,0,,0.0,22559,2435023,0,356,915369,0,0,976078,23293,2402617,0,5589,598315,0,0,581700,0,1000,0,0,0,0,0,28.49,71.51,0.0,53653,134680,0,0,188334
AK-01,house,AK,01,(No Democrat),Nick Begich III,DEM,REP,REP,REP,-2.72,39.5,60.5,Lean R,-3.47,5.29,-1.97,-1.06,-1.67,-1.06,-13.8,11.08,False,True,IND,Bill Hill,48.64,39.5,,,0.0,,presumptive,46.17,50.17,2,-7.0,0.15,0,5470446,1336292,0,3119158,515886,0,534443,0,2455619,820406,0,1108897,233665,0,1033577,62050,0,0,0,0,225764,0,0.0,51.36,0.0,0,121443,0,115003,236446
AL-01,house,AL,01,Clyde Jones,Jerry Carl,DEM,REP,,REP,-27.95,0.3,99.7,Safe R,-30.94,5.29,-27.95,-1.75,0.0,-0.56,-36.34,8.39,False,False,,,0.0,0.0,,,0.0,projected,projected,,,0,,0.0,85968,1162583,0,28030,366616,0,0,547042,57938,865257,0,44055,45133,0,2000,303059,0,0,0,0,0,254536,0,36.02,63.98,0.0,82726,146922,0,0,229648
AL-02,house,AL,02,Shomari Figures,Rhett Marques,DEM,REP,DEM,DEM,-2.39,40.8,59.2,Toss-up,-9.15,5.29,-2.11,-0.45,2.48,-0.28,-14.46,12.07,False,False,,,0.0,0.0,,,0.0,confirmed,presumptive,44.0,45.0,1,-4.0,0.15,1355789,1318574,0,662600,187718,0,100000,3730040,716297,1130856,0,167493,8808,0,830380,188469,0,0,0,0,12000,0,0,48.8,51.2,0.0,100156,105066,0,0,205222
AL-03,house,AL,03,Victor McInnis,Mike Rogers,DEM,REP,REP,REP,-40.92,0.0,100.0,Safe R,-41.71,5.29,-40.92,-2.23,-1.67,-0.61,-47.04,6.12,False,False,,,0.0,0.0,,,0.0,projected,projected,,,0,,0.0,60787,2133554,0,9462,2590964,0,3435,0,28900,1464925,0,17227,8029,0,0,735704,0,0,0,0,0,0,0,29.54,70.46,0.0,65427,156060,0,0,221487
AL-04,house,AL,04,Amanda Pusczek,Robert Aderholt,DEM,REP,REP,REP,-61.1,0.0,100.0,Safe R,-61.96,5.29,-61.1,-2.1,-1.67,-0.67,-66.99,5.89,False,False,,,0.0,0.0,,,0.0,projected,projected,,,0,,0.0,15591,1022664,0,396,749660,0,0,0,14624,1239901,0,7452,9102,0,0,422278,0,0,0,0,12000,0,0,19.45,80.55,0.0,44095,182608,0,0,226703
AL-05,house,AL,05,Andrew Sneed,Dale Strong,DEM,REP,REP,REP,-23.02,1.3,98.7,Safe R,-25.5,5.29,-23.02,-0.59,-1.67,-0.56,-29.51,6.49,False,False,,,0.0,0.0,,,0.0,projected,projected,,,0,,0.0,646512,1477819,0,169720,1424334,0,0,0,476792,682462,0,73555,6635,0,2350,631300,0,20000,0,0,0,240000,0,38.49,61.51,0.0,95267,152253,0,0,247520
AL-06,house,AL,06,Elizabeth Anderson,Gary Palmer,DEM,REP,REP,REP,-29.13,0.2,99.8,Safe R,-31.02,5.29,-29.13,-2.14,-0.72,-0.54,-34.79,5.66,False,False,,,0.0,0.0,,,0.0,projected,projected,,,0,,0.0,15899,1053566,0,2787,260721,0,0,131018,48622,946083,0,2451,806,0,0,464000,0,0,0,0,0,0,0,35.43,64.57,0.0,86685,157946,0,0,244631
AL-07,house,AL,07,Terri Sewell,Republican candidate (AL-07),DEM,REP,DEM,DEM,32.7,99.9,0.1,Safe D,23.22,5.29,32.7,0.0,4.31,-0.12,17.99,14.71,False,False,,,0.0,0.0,,,0.0,projected,projected,,,0,,0.0,1961991,0,0,3754350,0,0,0,0,1678202,0,0,67584,0,0,1589750,0,0,0,0,0,0,0,0,66.35,33.65,0.0,139570,70782,0,0,210352
AR-01,house,AR,01,Terri Green,Rick Crawford,DEM,REP,REP,REP,-43.38,0.0,100.0,Safe R,-42.09,5.29,-43.38,-1.62,-4.28,-0.68,-46.4,3.02,False,False,,,0.0,0.0,,,0.0,confirmed,confirmed,,,0,,0.0,65149,944302,0,11958,1031631,0,0,0,53192,743498,0,13695,12107,0,4900,557750,0,14395,0,0,17838,0,0,28.31,71.69,0.0,55441,140384,0,0,195826
AR-02,house,AR,02,Chris Jones,French Hill,DEM,REP,REP,REP,-8.47,20.5,79.5,Likely R,-12.89,5.29,-10.23,-0.99,-1.12,-0.52,-16.22,7.74,False,False,,,0.0,0.0,,,0.0,projected,projected,46.5,42.0,1,1.5,0.15,1174414,4421510,0,191398,2967541,0,0,418058,983016,2830321,0,303345,28686,0,27750,1457367,0,0,0,0,17801,0,0,45.76,54.24,0.0,103188,122287,0,0,225476
AR-03,house,AR,03,Robb Ryerse,Steve Womack,DEM,REP,REP,REP,-26.24,0.5,99.5,Safe R,-23.08,5.29,-26.24,-1.82,-6.29,-0.34,-25.81,-0.42,False,False,,,0.0,0.0,,,0.0,projected,projected,,,0,,0.0,120526,1871761,0,5951,2404276,0,0,0,114576,1183378,0,57841,27541,0,5886,877500,0,250,0,0,20588,0,0,36.88,63.12,0.0,81729,139868,0,0,221598
AR-04,house,AR,04,James Russell,Bruce Westerman,DEM,REP,REP,REP,-39.49,0.0,100.0,Safe R,-36.45,5.29,-39.49,-2.88,-4.96,-0.49,-40.73,1.24,False,False,,,0.0,0.0,,,0.0,projected,projected,,,0,,0.0,5853,2562973,0,907,4668447,0,0,0,5628,928087,0,1762,38088,0,1500,1053550,0,0,0,0,1052,0,0,30.25,69.75,0.0,59467,137091,0,0,196558
AZ-01,house,AZ,01,Amish Shah,Jay Feely,DEM,REP,,REP,5.05,68.8,31.2,Lean D,1.17,5.29,5.66,-0.5,0.0,-0.3,-3.14,8.18,False,False,LIB,,0.0,0.0,,,0.0,presumptive,projected,42.71,42.94,2,-0.94,0.15,1830193,2528497,0,401745,794475,0,155688,3543753,1520251,1734022,0,205293,28573,0,146250,328330,0,430655,330000,0,210070,330000,0,51.54,46.58,1.88,162605,146977,5932,0,315514
AZ-02,house,AZ,02,Jonathan Nez,Eli Crane,DEM,REP,REP,REP,0.62,52.4,47.6,Toss-up,-9.96,5.29,1.79,-0.69,7.81,-0.67,-15.12,15.74,False,False,,,0.0,0.0,,,0.0,presumptive,presumptive,41.0,44.0,1,-6.0,0.15,3519760,9481428,0,1910990,2841745,0,771113,40754,1674073,6957053,0,1473633,3385826,0,213271,86500,0,0,0,0,0,0,0,50.31,49.69,0.0,146669,144865,0,0,291534
AZ-03,house,AZ,03,Yassamin Ansari,Kirt Burgess,DEM,REP,DEM,DEM,60.73,100.0,0.0,Safe D,46.87,5.29,60.73,0.0,6.47,2.1,40.31,20.42,False,False,,,0.0,0.0,,,0.0,projected,projected,,,0,,0.0,1435713,0,0,549683,0,0,0,0,896441,0,0,145331,0,0,226033,0,0,65705,0,0,70000,0,0,80.36,19.64,0.0,119949,29307,0,0,149255
AZ-04,house,AZ,04,Greg Stanton,Zuhdi Jasser,DEM,REP,DEM,DEM,20.23,97.5,2.5,Safe D,10.72,5.29,20.23,0.99,3.02,0.21,6.76,13.47,False,False,,,0.0,0.0,,,0.0,projected,projected,,,0,,0.0,2117114,564641,0,2020289,341651,0,422716,0,1112556,222990,0,90792,24225,0,638763,5000,0,0,10000,0,0,0,0,60.11,39.89,0.0,146230,97024,0,0,243254
AZ-05,house,AZ,05,Christopher James,Daniel Keenan,DEM,REP,,REP,-12.84,10.6,89.4,Likely R,-16.19,5.29,-12.84,-1.75,0.0,-0.2,-20.19,7.35,False,False,,,0.0,0.0,,,0.0,projected,projected,,,0,,0.0,134852,1851302,0,6933,46776,0,0,0,127919,1804527,0,25837,8102,0,19415,9000,0,23388,1650620,0,12522,1650620,0,43.58,56.42,0.0,135754,175763,0,0,311518
AZ-06,house,AZ,06,JoAnna Mendoza,Juan Ciscomani,DEM,REP,REP,REP,5.75,71.2,28.8,Lean D,2.62,5.29,6.25,0.13,-1.91,0.11,-0.76,6.51,False,False,LIB,,0.0,0.0,,,0.0,presumptive,presumptive,46.6,44.6,3,0.1,0.15,7354599,6172867,0,3260752,4135163,0,17093,0,4093848,2274265,0,2800233,500509,0,579418,1655410,0,0,0,0,3300,0,0,51.75,46.13,2.12,159464,142126,6532,0,308122
AZ-07,house,AZ,07,Adelita Grijalva,Daniel Butierez,DEM,REP,DEM,DEM,39.65,100.0,0.0,Safe D,28.92,5.29,39.65,1.53,2.05,1.86,22.39,17.26,False,False,,,0.0,0.0,,,0.0,projected,projected,,,0,,0.0,2285639,224367,0,427977,11399,0,817317,195587,1857663,213560,0,1015921,16901,0,435939,2000,0,0,175207,0,0,144120,0,69.82,30.18,0.0,137680,59499,0,0,197180
AZ-08,house,AZ,08,Bernadette Greene Placentia,Abraham Hamadeh,DEM,REP,REP,REP,-9.57,17.6,82.4,Likely R,-12.68,5.29,-9.57,-1.18,-0.95,-0.05,-16.48,6.91,False,False,,,0.0,0.0,,,0.0,projected,projected,,,0,,0.0,209358,1206361,0,190394,384185,0,0,0,17589,858585,0,165308,213882,0,100,269960,0,0,0,0,0,103414,0,45.22,54.78,0.0,124080,150336,0,0,274416
AZ-09,house,AZ,09,Danielle Sterbinsky,Paul Gosar,DEM,REP,REP,REP,-22.7,1.4,98.6,Safe R,-26.8,5.29,-22.7,-0.33,-1.21,0.35,-31.34,8.64,False,False,,,0.0,0.0,,,0.0,projected,projected,,,0,,0.0,354383,580042,0,25745,303214,0,0,0,332316,368426,0,306781,127935,0,0,85000,0,250,0,0,0,6958,0,38.65,61.35,0.0,108889,172841,0,0,281730
CA-01,house,CA,01,Mike McGuire,James Gallagher,DEM,REP,REP,DEM,19.88,97.3,2.7,Safe D,15.93,5.29,19.88,0.21,-1.67,0.11,12.63,7.25,False,False,,,0.0,0.0,,,0.0,projected,projected,,,0,,0.0,1827711,1488906,0,152606,332899,0,474065,0,1675105,1156006,0,483160,74465,0,300070,282863,0,0,0,0,0,33633,0,59.94,40.06,0.0,143345,95806,0,0,239151
CA-02,house,CA,02,Jared Huffman,Robin Littau,DEM,REP,DEM,DEM,33.95,100.0,0.0,Safe D,28.31,5.29,33.95,0.0,0.77,-0.42,25.45,8.5,False,False,,,0.0,0.0,,,0.0,projected,projected,,,0,,0.0,978277,0,0,1075956,0,0,0,0,886964,0,0,55524,0,0,316245,0,0,0,0,0,2375,0,0,66.98,33.02,0.0,182525,89995,0,0,272520
CA-03,house,CA,03,Amerish Bera,Robb Tucker,DEM,REP,DEM,DEM,21.76,98.3,1.7,Safe D,13.3,5.29,21.76,1.08,2.23,-0.13,10.55,11.21,False,False,,,0.0,0.0,,,0.0,projected,projected,,,0,,0.0,1250126,258139,0,1830338,16000,0,0,0,1293160,242139,0,51066,6749,0,649068,0,0,0,205000,0,105000,205000,0,60.88,39.12,0.0,156249,100395,0,0,256644
CA-04,house,CA,04,Mike Thompson,(no Republican — top-two),DEM,REP,DEM,DEM,40.0,100.0,0.0,Safe D,18.76,5.29,27.18,0.0,2.74,0.39,14.96,25.04,False,False,,,0.0,0.0,DEM,Eric Jones,80.0,confirmed,,,,0,,0.0,4203207,0,0,1075631,0,0,1150453,1714969,4337065,0,0,197766,0,0,1850146,0,0,0,0,0,37712,0,0,100.0,0.0,0.0,240754,0,0,0,240754
CA-05,house,CA,05,Michael Masuda,Tom McClintock,DEM,REP,REP,REP,-17.6,4.3,95.7,Safe R,-17.75,5.29,-17.6,-0.65,-4.77,0.28,-21.2,3.61,False,False,,,0.0,0.0,,,0.0,projected,projected,,,0,,0.0,361735,928788,0,89452,201472,0,0,0,272284,875521,0,141932,112113,0,18750,156551,0,0,0,0,27146,5106,0,41.2,58.8,0.0,104537,149185,0,0,253723
CA-06,house,CA,06,Richard Pan,Kevin Kiley,DEM,IND,IND,IND,13.03,89.8,10.2,Likely D,11.73,5.29,13.03,-0.35,-3.7,0.06,8.67,4.36,False,False,,,0.0,0.0,,,0.0,projected,confirmed,,,0,,0.0,1098283,2988805,0,359132,2123953,0,2301713,75888,739151,1245831,0,241251,433049,0,308198,361391,0,0,15,0,117141,6225,0,56.52,43.48,0.0,133061,102380,0,0,235441
CA-07,house,CA,07,Doris Matsui,(no Republican — top-two),DEM,REP,DEM,DEM,40.0,100.0,0.0,Safe D,17.12,5.29,26.05,0.0,3.51,0.13,13.26,26.74,False,False,,,0.0,0.0,DEM,Mai Vang,80.0,confirmed,,,,0,,0.0,3192087,0,0,467456,0,0,0,140000,3031300,0,0,27576,0,0,936964,0,0,1415100,0,0,1400563,0,0,100.0,0.0,0.0,242835,0,0,0,242835
CA-08,house,CA,08,John Garamendi,Rudy Recile,DEM,REP,DEM,DEM,49.61,100.0,0.0,Safe D,39.66,5.29,49.61,1.66,2.41,0.58,35.19,14.42,False,False,,,0.0,0.0,,,0.0,projected,projected,,,0,,0.0,489135,8576,0,1196018,1541,0,0,0,557834,8073,0,7559,1628,0,334500,0,0,0,25,0,0,31273,0,74.8,25.2,0.0,163556,55088,0,0,218644
CA-09,house,CA,09,Josh Harder,John McBride,DEM,REP,DEM,DEM,31.34,99.9,0.1,Safe D,17.8,5.29,31.34,2.78,4.61,0.87,11.8,19.55,False,False,,,0.0,0.0,,,0.0,projected,projected,,,0,,0.0,4083528,52178,0,4739488,18738,0,0,0,1032871,33569,0,377932,3149,0,508815,19882,0,0,0,0,0,23491,0,65.67,34.33,0.0,123424,64516,0,0,187940
CA-10,house,CA,10,Mark DeSaulnier,Jeff Frese,DEM,REP,DEM,DEM,43.51,100.0,0.0,Safe D,37.97,5.29,43.51,0.0,0.33,-0.07,34.75,8.77,False,False,,,0.0,0.0,,,0.0,projected,projected,,,0,,0.0,567258,0,0,586497,0,0,0,0,609748,0,0,40092,0,0,304983,0,0,0,0,0,0,0,0,71.76,28.24,0.0,189783,74698,0,0,264480
CA-11,house,CA,11,Scott Wiener,(no Republican — top-two),DEM,REP,,DEM,40.0,100.0,0.0,Safe D,74.52,5.29,79.5,0.0,0.0,-0.31,70.62,-30.62,False,False,,,0.0,0.0,DEM,Connie Chan,58.0,confirmed,,,,0,,0.0,4561120,0,0,1237192,0,0,1657500,41145,3323928,0,0,159240,0,0,91176,0,0,0,0,0,66638,0,0,100.0,0.0,0.0,252827,0,0,0,252827
CA-12,house,CA,12,Lateefah Simon,(no Republican — top-two),DEM,REP,DEM,DEM,40.0,100.0,0.0,Safe D,81.27,5.29,88.49,0.0,1.67,0.26,77.64,-37.64,False,False,,,0.0,0.0,DEM,Jamie Joyce,80.0,confirmed,,,,0,,0.0,1449191,0,0,777590,0,0,111599,0,957256,0,0,85221,0,0,261421,0,0,0,0,0,0,0,0,100.0,0.0,0.0,222860,0,0,0,222860
CA-13,house,CA,13,Adam Gray,Kevin Lincoln,DEM,REP,DEM,DEM,22.23,98.5,1.5,Safe D,7.37,5.29,22.23,0.46,7.04,2.08,0.51,21.72,False,False,,,0.0,0.0,,,0.0,confirmed,confirmed,,,0,,0.0,4191397,2237084,0,2072111,837885,0,991,70830,2311244,1423323,0,482042,445085,0,1269883,251621,0,0,0,0,0,126125,0,61.12,38.88,0.0,88966,56603,0,0,145569
CA-14,house,CA,14,Aisha Wahab,(no Republican — top-two),DEM,REP,,DEM,40.0,100.0,0.0,Safe D,41.19,5.29,46.6,0.0,0.0,0.12,36.2,3.8,False,False,,,0.0,0.0,DEM,Melissa Hernandez,58.0,confirmed,,,,0,,0.0,631749,0,0,146906,0,0,50000,1774158,484843,0,0,26791,0,0,155983,0,0,38500,0,0,43900,0,0,100.0,0.0,0.0,199910,0,0,0,199910
CA-15,house,CA,15,Kevin Mullin,Charles Hoelter,DEM,REP,DEM,DEM,58.85,100.0,0.0,Safe D,54.29,5.29,58.85,0.0,-0.99,0.26,49.64,9.21,False,False,,,0.0,0.0,,,0.0,projected,projected,,,0,,0.0,822012,0,0,220935,0,0,0,0,651698,0,0,15060,0,0,472712,0,0,0,0,0,5325,0,0,79.42,20.58,0.0,169876,44013,0,0,213889
CA-16,house,CA,16,Sam Liccardo,Peter Sundin Soulé,DEM,REP,DEM,DEM,60.26,100.0,0.0,Safe D,53.4,5.29,60.26,0.0,1.67,-0.1,49.91,10.35,False,False,,,0.0,0.0,,,0.0,projected,projected,,,0,,0.0,3489298,0,0,2152957,0,0,0,0,1426732,0,0,15733,0,0,662750,0,0,0,0,0,840,0,0,80.13,19.87,0.0,190769,47306,0,0,238075
CA-17,house,CA,17,Rohit Khanna,Ritesh Tandon,DEM,REP,DEM,DEM,49.61,100.0,0.0,Safe D,45.64,5.29,49.61,3.69,-4.76,-0.25,40.75,8.87,False,False,,,0.0,0.0,,,0.0,projected,projected,,,0,,0.0,13761491,37653,0,16929752,891,0,0,37500,7540830,36763,0,1650809,2226,0,1000,0,0,0,25,0,89348,0,0,74.81,25.19,0.0,138367,46598,0,0,184966
CA-18,house,CA,18,Zoe Lofgren,Shane Lewis,DEM,REP,DEM,DEM,44.55,100.0,0.0,Safe D,35.57,5.29,44.55,2.1,-0.49,2.08,29.37,15.18,False,False,,,0.0,0.0,,,0.0,projected,projected,,,0,,0.0,1721916,60180,0,643341,3307,0,109274,0,1318327,56873,0,436598,2664,0,438813,0,0,0,41958,0,0,40225,0,72.28,27.72,0.0,120131,46083,0,0,166214
CA-19,house,CA,19,Jimmy Panetta,Peter Verbica,DEM,REP,DEM,DEM,49.91,100.0,0.0,Safe D,39.13,5.29,50.82,2.46,3.85,0.1,35.64,14.26,False,False,GRN,,0.0,0.0,,,0.0,projected,projected,,,0,,0.0,2887610,76324,0,5109558,24682,0,1198560,0,1492690,51642,0,88768,4624,0,1559107,3500,0,0,505,0,0,0,0,72.21,24.13,3.66,190263,63577,9644,0,263484
CA-20,house,CA,20,Sandra Van Scotter,Vince Fong,DEM,REP,REP,REP,-27.99,0.3,99.7,Safe R,-29.84,5.29,-27.99,-2.51,-1.67,0.73,-32.98,4.99,False,False,,,0.0,0.0,,,0.0,confirmed,confirmed,,,0,,0.0,17086,1849356,0,-2017,453750,0,0,0,16701,1434838,0,5369,17074,0,0,894497,0,9907,0,0,0,0,0,36.01,63.99,0.0,79501,141302,0,0,220803
CA-21,house,CA,21,Jim Costa,Kyle Kirkland,DEM,REP,DEM,DEM,21.52,98.2,1.8,Safe D,12.27,5.29,21.52,0.95,0.92,2.08,6.17,15.35,False,False,,,0.0,0.0,,,0.0,projected,projected,,,0,,0.0,1337630,338971,0,937778,17934,0,0,0,608734,321037,0,11086,38714,0,796717,0,0,0,127459,0,0,33141,0,60.76,39.24,0.0,85828,55434,0,0,141263
CA-22,house,CA,22,Randy Villegas,David Valadao,DEM,REP,REP,REP,6.78,74.5,25.5,Lean D,5.43,5.29,7.8,-0.32,-5.26,2.65,-1.86,8.63,False,False,,,0.0,0.0,,,0.0,confirmed,confirmed,48.0,44.0,2,1.0,0.15,2645560,4927602,0,571792,3365587,0,3227686,2378344,2073768,1607550,0,778710,97100,0,190098,1921533,0,0,0,0,0,0,0,53.39,46.61,0.0,63965,55847,0,0,119812
CA-23,house,CA,23,Tessa Lynn Hodge,Jay Obernolte,DEM,REP,REP,REP,-15.76,6.3,93.7,Likely R,-16.25,5.29,-15.76,-1.89,-3.99,1.07,-19.9,4.13,False,False,,,0.0,0.0,,,0.0,projected,projected,,,0,,0.0,79499,1455868,0,10237,1644222,0,18690,519365,69262,809486,0,28040,1363,0,0,863371,0,9080,0,0,3770,1125000,0,42.12,57.88,0.0,81539,112056,0,0,193594
CA-24,house,CA,24,Salud Carbajal,Robert Smith,DEM,REP,DEM,DEM,37.27,100.0,0.0,Safe D,28.68,5.29,37.27,1.43,1.13,0.73,25.76,11.51,False,False,,,0.0,0.0,,,0.0,projected,projected,,,0,,0.0,1650355,203264,0,3383604,47128,0,0,0,910621,156136,0,28020,31687,0,571016,1286,0,0,22492,0,5416,29373,0,68.63,31.37,0.0,168806,77149,0,0,245955
CA-25,house,CA,25,Raul Ruiz,Joe Males,DEM,REP,DEM,DEM,20.37,97.6,2.4,Safe D,10.91,5.29,20.37,0.58,1.67,1.92,5.97,14.4,False,False,,,0.0,0.0,,,0.0,projected,projected,,,0,,0.0,2093907,936496,0,2556494,14847,0,0,0,1240152,921649,0,88212,686618,0,969251,450,0,0,0,0,0,24964,0,60.18,39.82,0.0,113780,75277,0,0,189057
CA-26,house,CA,26,Jacqui Irwin,Samuel Gallucci,DEM,REP,,DEM,26.43,99.5,0.5,Safe D,19.56,5.29,26.43,0.63,0.0,0.95,15.73,10.7,False,False,,,0.0,0.0,,,0.0,projected,projected,,,0,,0.0,822382,377078,0,295478,33681,0,366028,0,526904,343397,0,17494,9352,0,164050,0,0,0,232520,0,0,125000,0,63.22,36.78,0.0,151945,88417,0,0,240362
CA-27,house,CA,27,George Whitesides,Jason Gibbs,DEM,REP,DEM,DEM,27.44,99.6,0.4,Safe D,14.69,5.29,27.44,1.74,4.43,1.29,10.06,17.38,False,False,,,0.0,0.0,,,0.0,projected,projected,,,0,,0.0,3963530,379440,0,2554917,201877,0,1074903,0,1735347,177563,0,359853,5780,0,635983,10000,0,0,0,0,1310000,0,0,63.72,36.28,0.0,132059,75191,0,0,207250
CA-28,house,CA,28,Judy Chu,April Verlato,DEM,REP,DEM,DEM,40.39,100.0,0.0,Safe D,30.27,5.29,40.39,2.23,2.3,0.3,26.17,14.22,False,False,,,0.0,0.0,,,0.0,projected,projected,,,0,,0.0,930123,250,0,3674296,205,0,0,0,857832,7882,0,37156,250,0,379775,0,0,0,0,0,0,0,0,70.2,29.8,0.0,160567,68176,0,0,228743
CA-29,house,CA,29,Luz Rivas,(no Republican — top-two),DEM,REP,DEM,DEM,40.0,100.0,0.0,Safe D,41.83,5.29,53.96,0.0,4.75,2.09,34.71,5.29,False,False,,,0.0,0.0,DEM,Angélica Dueñas,80.0,confirmed,,,,0,,0.0,670678,0,0,377476,0,0,0,0,557465,0,0,13006,0,0,356790,0,0,0,0,0,0,0,0,100.0,0.0,0.0,167318,0,0,0,167318
CA-30,house,CA,30,Laura Friedman,Scott Alan Meyers,DEM,REP,DEM,DEM,52.29,100.0,0.0,Safe D,45.28,5.29,52.29,1.57,0.0,0.15,41.41,10.88,False,False,,,0.0,0.0,,,0.0,projected,projected,,,0,,0.0,827895,58294,0,469254,2616,0,0,0,655389,55678,0,55622,1544,0,286550,0,0,0,40000,0,0,40000,0,76.15,23.85,0.0,182029,57021,0,0,239051
CA-31,house,CA,31,Gilbert Cisneros,Eric Ching,DEM,REP,DEM,DEM,16.67,94.8,5.2,Likely D,18.37,5.29,16.67,1.31,-10.02,1.72,12.61,4.06,False,False,,,0.0,0.0,,,0.0,projected,projected,,,0,,0.0,705263,81571,0,259803,64913,0,0,0,485536,56899,0,24198,5020,0,453650,0,0,6616,0,0,5452550,0,0,58.33,41.67,0.0,119206,85142,0,0,204348
CA-32,house,CA,32,Brad Sherman,Larry Thompson,DEM,REP,DEM,DEM,40.15,100.0,0.0,Safe D,30.39,5.29,40.15,2.65,1.61,0.2,25.76,14.38,False,False,,,0.0,0.0,,,0.0,projected,projected,,,0,,0.0,2514330,34316,0,2668480,2174,0,974078,0,3767794,32142,0,11439,814,0,703424,0,0,0,27452,0,265,19291,0,70.07,29.93,0.0,176422,75347,0,0,251770
CA-33,house,CA,33,Pete Aguilar,Stephanie Vargas,DEM,REP,DEM,DEM,28.98,99.8,0.2,Safe D,16.74,5.29,28.98,0.0,4.9,2.05,10.12,18.86,False,False,,,0.0,0.0,,,0.0,projected,projected,,,0,,0.0,4722835,0,0,3457642,0,0,0,0,3914264,0,0,259702,0,0,2091001,0,0,0,0,0,0,0,0,64.49,35.51,0.0,112130,61738,0,0,173868
CA-34,house,CA,34,Jimmy Gomez,(no Republican — top-two),DEM,REP,DEM,DEM,40.0,100.0,0.0,Safe D,59.3,5.29,68.4,0.0,1.67,2.14,53.04,-13.04,False,False,,,0.0,0.0,DEM,Angela Gonzales-Torres,80.0,confirmed,,,,0,,0.0,1175128,0,0,781726,0,0,0,0,482161,0,0,12050,0,0,521144,0,0,0,0,0,76784,0,0,100.0,0.0,0.0,150165,0,0,0,150165
CA-35,house,CA,35,Norma Torres,Mike Cargile,DEM,REP,DEM,DEM,26.89,99.6,0.4,Safe D,14.58,5.29,26.89,2.03,3.11,1.89,8.0,18.89,False,False,,,0.0,0.0,,,0.0,projected,projected,,,0,,0.0,769061,4759,0,339247,2873,0,0,0,733128,2357,0,43080,1559,0,498820,0,0,0,0,0,889,12960,0,63.45,36.55,0.0,115647,66629,0,0,182276
CA-36,house,CA,36,Ted Lieu,Houston Brignano,DEM,REP,DEM,DEM,51.67,100.0,0.0,Safe D,43.89,5.29,51.67,2.66,0.02,-0.19,40.42,11.25,False,False,,,0.0,0.0,,,0.0,projected,projected,,,0,,0.0,1832769,5139,0,1188399,801,0,106348,0,1319377,4338,0,35142,678,0,570479,0,0,0,0,0,27711,773,0,75.84,24.16,0.0,204702,65223,0,0,269925
CA-37,house,CA,37,Sydney Kamlager-Dove,(no Republican — top-two),DEM,REP,DEM,DEM,40.0,100.0,0.0,Safe D,68.31,5.29,77.16,0.0,1.67,1.9,62.31,-22.31,False,False,,,0.0,0.0,DEM,Samantha Mota,80.0,confirmed,,,,0,,0.0,1150468,0,0,185491,0,0,0,0,1026975,0,0,387951,0,0,385235,0,0,0,0,0,0,0,0,100.0,0.0,0.0,164586,0,0,0,164586
CA-38,house,CA,38,Hilda Solis,Pedro Casas,DEM,REP,,DEM,26.61,99.5,0.5,Safe D,19.45,5.29,26.61,0.0,0.0,1.87,12.8,13.81,False,False,,,0.0,0.0,,,0.0,projected,projected,,,0,,0.0,1049534,0,0,154503,0,0,367531,0,895031,0,0,22180,0,0,124249,0,0,0,0,0,178,0,0,63.3,36.7,0.0,115965,67220,0,0,183185
CA-39,house,CA,39,Mark Takano,Steve Manos,DEM,REP,DEM,DEM,25.92,99.4,0.6,Safe D,16.47,5.29,25.92,0.0,2.05,2.11,9.85,16.07,False,False,,,0.0,0.0,,,0.0,projected,projected,,,0,,0.0,893848,0,0,186224,0,0,0,0,976794,0,0,107176,0,0,404800,0,0,0,0,0,0,0,0,62.96,37.04,0.0,103620,60966,0,0,164585
CA-40,house,CA,40,(no Democrat — top-two),Ken Calvert,DEM,REP,REP,REP,-40.0,0.0,100.0,Safe R,-9.75,5.29,-4.1,0.0,-0.16,0.52,-12.6,-27.4,False,False,,,0.0,0.0,REP,Young Kim,80.0,,confirmed,,,0,,0.0,0,6142469,0,0,1497001,0,577540,90780,0,4907604,0,0,265201,0,0,1379327,0,0,0,0,0,2370,0,0.0,100.0,0.0,0,266738,0,0,266738
CA-41,house,CA,41,Linda Sanchez,Mitch Clemmons,DEM,REP,DEM,DEM,31.74,99.9,0.1,Safe D,20.01,5.29,31.74,2.64,1.82,1.98,14.61,17.13,False,False,,,0.0,0.0,,,0.0,projected,projected,,,0,,0.0,1602790,1709,0,415746,1659,0,300000,0,1612831,50,0,26484,209,0,1243209,0,0,0,500,0,12116,0,0,65.87,34.13,0.0,143304,74250,0,0,217554
CA-42,house,CA,42,Robert Garcia,Brian Burley,DEM,REP,DEM,DEM,26.84,99.5,0.5,Safe D,17.25,5.29,26.84,1.69,2.11,0.51,13.57,13.27,False,False,,,0.0,0.0,,,0.0,projected,projected,,,0,,0.0,2615120,231371,0,1381467,5509,0,0,0,1646081,231639,0,1109602,22656,0,625683,0,0,0,186000,0,0,132309,0,63.42,36.58,0.0,155229,89530,0,0,244759
CA-43,house,CA,43,Maxine Waters,Cristian Morales,DEM,REP,DEM,DEM,64.06,100.0,0.0,Safe D,57.22,5.29,64.06,0.0,-0.56,2.11,50.59,13.47,False,False,,,0.0,0.0,,,0.0,projected,projected,,,0,,0.0,863683,0,0,269669,0,0,0,0,710470,0,0,20299,0,0,400500,0,0,0,0,0,211525,0,0,82.03,17.97,0.0,128273,28101,0,0,156374
CA-44,house,CA,44,Nanette Barragan,Genevieve Angel,DEM,REP,DEM,DEM,59.49,100.0,0.0,Safe D,43.98,5.29,59.49,1.93,5.72,2.57,36.32,23.17,False,False,,,0.0,0.0,,,0.0,projected,projected,,,0,,0.0,785765,13898,0,1088423,8746,0,0,0,1178896,5152,0,3847,1705,0,606750,0,0,0,3000,0,0,3000,0,79.75,20.25,0.0,122676,31157,0,0,153833
CA-45,house,CA,45,Derek Tran,Chuong Vo,DEM,REP,DEM,DEM,20.87,97.9,2.1,Safe D,8.69,5.29,20.87,1.39,4.91,0.6,4.07,16.8,False,False,,,0.0,0.0,,,0.0,projected,projected,,,0,,0.0,4981277,756510,0,3257398,0,0,294010,0,2051202,756510,0,796121,6920,0,1107439,0,0,0,720000,0,25000,0,0,60.44,39.56,0.0,127057,83173,0,0,210230
CA-46,house,CA,46,Lou Correa,David Pan,DEM,REP,DEM,DEM,39.99,100.0,0.0,Safe D,22.44,5.29,39.99,1.73,8.5,2.03,16.7,23.3,False,False,,,0.0,0.0,,,0.0,projected,projected,,,0,,0.0,1226104,80726,0,2479554,6238,0,107387,0,613912,77368,0,4351,3814,0,666283,250,0,0,9000,0,8132,33477,0,70.0,30.0,0.0,111485,47786,0,0,159271
CA-47,house,CA,47,Dave Min,Jenny Rae Le Roux,DEM,REP,DEM,DEM,23.81,99.0,1.0,Safe D,13.78,5.29,23.08,1.61,2.57,-0.17,10.47,13.33,False,False,LIB,,0.0,0.0,,,0.0,projected,projected,,,0,,0.0,3381161,375883,0,1889360,128533,0,697088,0,1664867,247351,0,346683,31946,0,599642,0,0,0,150500,0,0,157500,0,59.67,36.72,3.61,149426,91962,9040,0,250428
CA-48,house,CA,48,Marni von Wilpert,Jim Desmond,DEM,REP,,DEM,10.24,84.0,16.0,Likely D,6.06,5.29,12.34,0.13,0.0,0.86,3.52,6.71,False,False,,,0.0,0.0,,,0.0,confirmed,confirmed,48.0,46.0,1,-1.0,0.158,2174872,2258836,0,825012,1230031,0,2439978,705909,1349861,1028804,0,326383,250752,0,443335,145099,0,1975,0,0,67000,7170,0,55.12,44.88,0.0,126572,103066,0,0,229638
CA-49,house,CA,49,Mike Levin,Armen Kurdian,DEM,REP,DEM,DEM,22.54,98.6,1.4,Safe D,14.98,5.29,22.54,2.54,-0.29,0.01,12.48,10.06,False,False,,,0.0,0.0,,,0.0,projected,projected,,,0,,0.0,3164023,58784,0,1418237,17916,0,60445,0,2015523,40867,0,216738,7064,0,392785,1000,0,0,13613,0,0,28967,0,61.27,38.73,0.0,166546,105285,0,0,271831
CA-50,house,CA,50,Scott Peters,Steve Cohen,DEM,REP,DEM,DEM,26.81,99.5,0.5,Safe D,21.22,5.29,26.81,0.0,0.44,-0.14,18.83,7.98,False,False,,,0.0,0.0,,,0.0,projected,projected,,,0,,0.0,1810961,0,0,2598276,0,0,0,0,1363206,0,0,16263,0,0,1066750,0,0,1641,0,0,170760,0,0,63.41,36.59,0.0,165002,95224,0,0,260226
CA-51,house,CA,51,Sara Jacobs,Ricardo Cabrera,DEM,REP,DEM,DEM,28.04,99.7,0.3,Safe D,21.87,5.29,28.04,0.0,0.56,0.32,18.79,9.25,False,False,,,0.0,0.0,,,0.0,projected,projected,,,0,,0.0,1639893,0,0,269452,0,0,0,0,1447813,0,0,153441,0,0,207250,0,0,929347,0,0,350000,0,0,64.02,35.98,0.0,159378,89569,0,0,248947
CA-52,house,CA,52,Juan Vargas,Jeff Belle,DEM,REP,DEM,DEM,40.29,100.0,0.0,Safe D,24.96,5.29,40.29,1.58,6.46,2.01,18.06,22.24,False,False,,,0.0,0.0,,,0.0,projected,projected,,,0,,0.0,568520,25498,0,163676,1364,0,0,0,495684,24134,0,153,572,0,431200,0,0,0,0,0,0,7000,0,70.15,29.85,0.0,133894,56983,0,0,190877
CO-01,house,CO,01,Melat Kiros,Christy Peterson,DEM,REP,,DEM,69.61,100.0,0.0,Safe D,62.79,5.29,69.61,1.19,0.0,0.34,57.61,12.0,False,False,,,0.0,0.0,,,0.0,confirmed,confirmed,,,0,,0.0,1091198,2057,0,126406,1703,0,627215,675000,964792,354,0,460978,713,0,26890,150,0,4953,0,0,1100,0,0,84.8,15.2,0.0,217479,38969,0,0,256448
CO-02,house,CO,02,Joe Neguse,Kelley Dennison,DEM,REP,DEM,DEM,52.1,100.0,0.0,Safe D,44.53,5.29,52.1,0.0,2.69,-0.4,40.92,11.19,False,False,,,0.0,0.0,,,0.0,confirmed,confirmed,,,0,,0.0,2742281,0,0,3092918,0,0,0,0,1640260,0,0,222945,0,0,983752,0,0,0,0,0,0,0,0,76.05,23.95,0.0,229948,72408,0,0,302356
CO-03,house,CO,03,Dwayne Romero,Jeffrey Hurd,DEM,REP,REP,REP,-1.97,42.4,57.6,Toss-up,-5.93,5.29,-1.6,-1.17,0.11,0.11,-9.98,8.0,False,False,,,0.0,0.0,,,0.0,confirmed,confirmed,44.68,46.04,2,-4.12,0.15,716276,3552599,0,84208,1760849,0,0,115849,632067,1800885,0,30253,76384,0,12000,568651,0,350000,0,0,350000,0,0,49.01,50.99,0.0,139557,145180,0,0,284736
CO-04,house,CO,04,Eileen Laubacher,Lauren Boebert,DEM,REP,REP,REP,-5.38,30.0,70.0,Lean R,-15.43,5.29,-5.38,1.71,3.47,-0.42,-18.71,13.34,False,False,,,0.0,0.0,,,0.0,confirmed,confirmed,,,0,,0.0,10349940,1010297,0,3610909,247202,0,0,0,6739031,922240,0,7575504,393909,0,17510,130500,0,0,0,0,0,0,0,47.31,52.69,0.0,152864,170241,0,0,323105
CO-05,house,CO,05,Jessica Killin,Jeff Crank,DEM,REP,REP,REP,-6.77,25.5,74.5,Lean R,-6.48,5.29,-7.26,0.28,-6.17,-0.17,-9.34,2.57,False,False,,,0.0,0.0,,,0.0,confirmed,confirmed,43.99,45.0,2,-4.0,0.15,3143744,2177288,0,1592642,1465048,0,62204,0,1551102,778793,0,176908,141653,0,269345,837000,0,632433,0,0,0,0,0,46.62,53.38,0.0,122519,140312,0,0,262831
CO-06,house,CO,06,Jason Crow,Khaleb Dammen,DEM,REP,DEM,DEM,32.95,99.9,0.1,Safe D,24.8,5.29,32.95,0.0,2.76,0.1,20.36,12.59,False,False,,,0.0,0.0,,,0.0,confirmed,confirmed,,,0,,0.0,3177447,0,0,2707899,0,0,0,0,2217842,0,0,1102428,0,0,208550,0,0,0,0,0,0,0,0,66.48,33.52,0.0,167693,84566,0,0,252258
CO-07,house,CO,07,Brittany Pettersen,Amanda Capobianco,DEM,REP,DEM,DEM,26.49,99.5,0.5,Safe D,18.53,5.29,26.49,0.0,3.03,-0.36,15.41,11.08,False,False,,,0.0,0.0,,,0.0,confirmed,presumptive,,,0,,0.0,1866765,0,0,1105388,0,0,0,0,1322310,0,0,186392,0,0,997205,0,0,0,0,0,0,0,0,63.25,36.75,0.0,197353,114684,0,0,312038
CO-08,house,CO,08,Manny Rutinel,Gabe Evans,DEM,REP,REP,REP,7.83,77.7,22.3,Likely D,3.44,5.29,7.83,0.01,-1.67,0.76,-1.88,9.71,False,False,,,0.0,0.0,,,0.0,confirmed,confirmed,,,0,,0.0,4336988,5393673,0,601232,3880463,0,4676233,1258453,3735756,1588203,0,2065691,784602,0,92650,1427927,0,0,0,0,0,154186,0,53.92,46.08,0.0,130021,111129,0,0,241150
CT-01,house,CT,01,John Larson,Amy Chai,DEM,REP,DEM,DEM,36.8,100.0,0.0,Safe D,25.67,5.29,36.8,2.36,3.47,0.01,23.27,13.53,False,False,,,0.0,0.0,,,0.0,projected,projected,,,0,,0.0,2733260,20827,0,809903,344,0,58000,148547,2172086,16227,0,133152,1860,0,1233993,0,0,0,16736,0,11992,0,0,68.4,31.6,0.0,164691,76088,0,0,240779
CT-02,house,CT,02,Joe Courtney,Mike France,DEM,REP,DEM,DEM,27.84,99.7,0.3,Safe D,9.61,5.29,27.84,1.43,12.1,-0.59,7.86,19.99,False,False,,,0.0,0.0,,,0.0,projected,projected,,,0,,0.0,760424,70790,0,603234,0,0,0,0,508302,70790,0,93731,15671,0,433000,7000,0,0,2500,0,0,0,0,63.92,36.08,0.0,173873,98139,0,0,272012
CT-03,house,CT,03,Rosa Delauro,Christopher Lancia,DEM,REP,DEM,DEM,28.88,99.8,0.2,Safe D,16.74,5.29,28.88,2.19,4.74,-0.08,14.34,14.54,False,False,,,0.0,0.0,,,0.0,projected,projected,,,0,,0.0,1152007,14649,0,349418,4028,0,0,0,1028036,4446,0,60128,7163,0,520762,0,0,0,1000,0,0,0,0,64.44,35.56,0.0,154294,85136,0,0,239430
CT-04,house,CT,04,Jim Himes,Michael Goldstein,DEM,REP,DEM,DEM,35.34,100.0,0.0,Safe D,26.65,5.29,35.34,2.02,1.17,0.21,23.73,11.61,False,False,,,0.0,0.0,,,0.0,projected,projected,,,0,,0.0,1379560,46809,0,2517677,41042,0,0,0,968702,5768,0,43822,2778,0,830500,0,0,0,25000,0,0,29518,0,67.67,32.33,0.0,160329,76594,0,0,236923
CT-05,house,CT,05,Jahana Hayes,Michele Botelho,DEM,REP,DEM,DEM,15.8,93.8,6.2,Likely D,7.9,5.29,15.8,1.9,0.67,0.04,5.68,10.12,False,False,,,0.0,0.0,,,0.0,projected,projected,,,0,,0.0,1290078,56497,0,1084158,0,0,0,0,728471,51015,0,151428,3405,0,578355,0,0,0,31892,0,0,0,0,57.9,42.1,0.0,140110,101886,0,0,241996
DE-01,house,DE,01,Sarah McBride,Donyale Hall,DEM,REP,DEM,DEM,30.87,99.9,0.1,Safe D,18.07,5.29,30.87,3.4,4.39,-0.28,14.84,16.03,False,False,,,0.0,0.0,,,0.0,projected,projected,,,0,,0.0,4659086,769,0,2657928,241,0,0,0,2208285,528,0,1215997,669,0,413400,0,0,0,0,0,0,0,0,65.43,34.57,0.0,233956,123586,0,0,357542
FL-01,house,FL,01,Marcel Davis,Jimmy Patronis,DEM,REP,REP,REP,-30.68,0.1,99.9,Safe R,-33.76,5.29,-30.68,0.0,-1.67,-0.54,-37.53,6.85,False,False,,,0.0,0.0,,,0.0,projected,projected,,,0,,0.0,0,3789738,0,0,935302,0,45893,2099774,0,2854437,0,0,698132,0,0,588300,0,0,12000,0,0,29943,0,34.66,65.34,0.0,102536,193292,0,0,295828
FL-02,house,FL,02,Nicholas Zateslo,Keith Gross,DEM,REP,,REP,-11.81,12.5,87.5,Likely R,-13.46,5.29,-10.7,-2.12,0.0,-0.4,-18.33,6.52,False,False,,,0.0,0.0,,,0.0,presumptive,presumptive,39.1,58.5,1,-16.4,0.195,449913,12325575,0,23624,1002280,0,697949,150075,426108,11329071,0,60948,6404,0,0,7000,0,147118,12220420,0,24500,5646796,0,44.1,55.9,0.0,127523,161671,0,0,289194
FL-03,house,FL,03,Seth Harp,Kat Cammack,DEM,REP,REP,REP,-17.23,4.7,95.3,Safe R,-16.44,5.29,-17.23,-2.38,-3.43,-0.27,-21.26,4.03,False,False,,,0.0,0.0,,,0.0,projected,projected,,,0,,0.0,37794,2045294,0,3011,876971,0,0,0,34784,1723874,0,15964,399283,0,0,727500,0,1155,0,0,735,0,0,41.39,58.61,0.0,116099,164431,0,0,280531
FL-04,house,FL,04,Michael Kirwan,Aaron Bean,DEM,REP,REP,REP,-6.79,25.4,74.6,Lean R,-7.83,5.29,-6.79,-0.77,-3.29,-0.19,-11.96,5.18,False,False,,,0.0,0.0,,,0.0,presumptive,presumptive,,,0,,0.0,742680,2163376,0,162602,1632550,0,5022,0,580078,1005547,0,75293,6600,0,7000,1149650,0,210928,0,0,100000,14411,0,46.61,53.39,0.0,130090,149033,0,0,279123
FL-05,house,FL,05,Rachel Grage,John Rutherford,DEM,REP,REP,REP,-17.65,4.3,95.7,Safe R,-17.64,5.29,-17.65,-0.66,-4.34,-0.3,-21.69,4.04,False,False,,,0.0,0.0,,,0.0,projected,projected,,,0,,0.0,272423,726727,0,90533,268730,0,0,0,174862,635666,0,58368,759,0,0,452500,0,1191,0,0,0,0,0,41.17,58.83,0.0,126549,180803,0,0,307352
FL-06,house,FL,06,Democratic candidate (FL-06),Randy Fine,DEM,REP,REP,REP,-22.34,1.5,98.5,Safe R,-25.58,5.29,-22.34,0.0,-1.67,-0.38,-30.31,7.96,False,False,,,0.0,0.0,,,0.0,projected,confirmed,,,0,,0.0,0,4286207,0,0,1191059,0,59551,3651452,0,3095148,0,0,566290,0,0,468360,0,0,950000,0,0,950000,0,38.83,61.17,0.0,120293,189507,0,0,309800
FL-07,house,FL,07,Bale Dalton,Cory Mills,DEM,REP,REP,REP,-4.14,34.4,65.6,Lean R,-7.9,5.29,-4.69,0.55,-2.73,0.1,-12.62,8.48,False,False,,,0.0,0.0,,,0.0,projected,presumptive,41.0,39.0,1,-1.0,0.15,1378109,880711,0,475858,67665,0,1505559,0,902251,853938,0,141692,485270,0,181100,46500,0,0,0,0,0,2032101,0,47.93,52.07,0.0,143813,156219,0,0,300032
FL-08,house,FL,08,Jennifer Jenkins,Mike Haridopolos,DEM,REP,REP,REP,-9.75,17.1,82.9,Likely R,-12.1,5.29,-9.29,-0.66,-1.67,-0.15,-16.4,6.65,False,False,,,0.0,0.0,,,0.0,presumptive,confirmed,35.0,44.0,1,-12.0,0.169,725731,1824838,0,108111,1197777,0,0,0,617619,885224,0,469685,37550,0,8000,700750,0,0,0,0,0,10138,0,45.13,54.87,0.0,136575,166072,0,0,302647
FL-09,house,FL,09,Darren Soto,Thomas Chalifoux,DEM,REP,DEM,DEM,3.22,62.3,37.7,Lean D,-11.66,5.29,3.22,-0.26,8.83,1.03,-17.93,21.15,False,False,,,0.0,0.0,,,0.0,presumptive,presumptive,,,0,,0.0,2157834,3139737,0,1187355,1966256,0,126470,0,984598,1776689,0,14844,29899,0,1387044,0,0,0,3004032,0,0,4912816,0,51.61,48.39,0.0,135673,127207,0,0,262880
FL-10,house,FL,10,Maxwell Frost,Stuart Farber,DEM,REP,DEM,DEM,38.25,100.0,0.0,Safe D,29.88,5.29,38.25,0.0,2.11,0.97,24.29,13.96,False,False,,,0.0,0.0,,,0.0,projected,projected,,,0,,0.0,3474867,0,0,1283056,0,0,0,0,3283537,0,0,1846965,0,0,289100,0,0,8250,0,0,0,0,0,69.12,30.88,0.0,145120,64820,0,0,209940
FL-11,house,FL,11,Barbie Harden Hall,Carey Baker,DEM,REP,,REP,-7.93,22.0,78.0,Likely R,-11.38,5.29,-7.93,-1.17,-0.83,0.17,-15.84,7.91,False,False,,,0.0,0.0,,,0.0,projected,projected,,,0,,0.0,23989,303575,0,10581,21506,0,0,0,21490,282069,0,12460,9575,0,200,0,0,4760,12000,0,2705,12000,0,46.04,53.96,0.0,145231,170240,0,0,315471
FL-12,house,FL,12,Christopher Irizarry,Gus Bilirakis,DEM,REP,REP,REP,-10.66,15.0,85.0,Likely R,-9.89,5.29,-10.66,0.0,-6.47,0.41,-15.55,4.89,False,False,,,0.0,0.0,,,0.0,projected,projected,,,0,,0.0,0,1588538,0,0,554070,0,0,0,0,1155885,0,0,7612,0,0,828700,0,0,0,0,0,0,0,44.67,55.33,0.0,120211,148897,0,0,269109
FL-13,house,FL,13,Leela Gray,Anna Paulina Luna,DEM,REP,REP,REP,-5.21,30.6,69.4,Lean R,-9.04,5.29,-5.25,-0.71,-0.35,-0.43,-13.46,8.25,False,False,,,0.0,0.0,,,0.0,presumptive,presumptive,39.0,41.0,1,-5.0,0.15,1223069,3233312,0,683295,1474124,0,0,3279,539774,1890603,0,198220,1125753,0,70500,103000,0,7000,0,0,7000,0,0,47.4,52.6,0.0,135792,150714,0,0,286505
FL-14,house,FL,14,Kathy Castor,John Peters,DEM,REP,DEM,DEM,7.3,76.1,23.9,Likely D,-5.75,5.29,7.3,1.69,5.55,0.51,-10.62,17.92,False,False,,,0.0,0.0,,,0.0,confirmed,presumptive,,,0,,0.0,2337125,200797,0,1744723,1646,0,0,0,819132,199152,0,194116,506,0,876367,0,0,0,190425,0,0,82725,0,53.65,46.35,0.0,146253,126363,0,0,272616
FL-15,house,FL,15,Darren McAuley,Laurel Lee,DEM,REP,REP,REP,-13.02,10.3,89.7,Likely R,-14.56,5.29,-13.02,0.0,-3.69,-0.05,-20.09,7.08,False,False,,,0.0,0.0,,,0.0,projected,projected,,,0,,0.0,0,2346664,0,0,1960682,0,0,0,0,820753,0,0,3293,0,0,852500,0,0,0,0,0,0,0,43.49,56.51,0.0,121849,158314,0,0,280164
FL-16,house,FL,16,Kelly Kirschner,Sydney Gruters,DEM,REP,,REP,-4.68,32.4,67.6,Lean R,-8.62,5.29,-4.68,-1.17,0.0,-0.19,-13.81,9.13,False,False,,,0.0,0.0,,,0.0,projected,presumptive,,,0,,0.0,296507,1087683,0,80738,622381,0,0,1530894,215769,465301,0,35358,4074,0,0,120500,0,502,7000,0,106,0,0,47.66,52.34,0.0,144505,158709,0,0,303214
FL-17,house,FL,17,Matthew Montavon,Greg Steube,DEM,REP,REP,REP,-18.29,3.8,96.2,Safe R,-17.13,5.29,-18.29,-1.69,-4.39,-0.37,-22.24,3.95,False,False,,,0.0,0.0,,,0.0,projected,projected,,,0,,0.0,96489,1337887,0,23859,2083868,0,0,0,72590,845315,0,17810,132513,0,0,580500,0,38579,0,0,33000,0,0,40.86,59.14,0.0,129700,187755,0,0,317455
FL-18,house,FL,18,Tiffanie Luong,Scott Franklin,DEM,REP,REP,REP,-9.07,18.9,81.1,Likely R,-12.19,5.29,-9.07,0.0,-2.65,0.48,-17.1,8.03,False,False,,,0.0,0.0,,,0.0,projected,projected,,,0,,0.0,0,850000,0,0,960764,0,0,0,0,371131,0,0,2509,0,0,377500,0,0,0,0,0,298500,0,45.47,54.53,0.0,118424,142049,0,0,260473
FL-19,house,FL,19,Howard Sapp,Madison Cawthorn,DEM,REP,,REP,-21.68,1.7,98.3,Safe R,-25.37,5.29,-21.68,-1.64,0.0,0.04,-30.42,8.73,False,False,,,0.0,0.0,,,0.0,projected,presumptive,,,0,,0.0,53596,874630,0,-1710,146194,0,0,0,55307,728436,0,7357,8364,0,0,0,0,15700,800000,0,0,811888,0,39.16,60.84,0.0,116279,180659,0,0,296938
FL-20,house,FL,20,Elijah Manley,Rodenay Joseph,DEM,REP,,DEM,51.37,100.0,0.0,Safe D,43.73,5.29,51.37,1.51,0.0,0.83,37.5,13.87,False,False,,,0.0,0.0,,,0.0,projected,projected,,,0,,0.0,1068384,98825,0,33598,16182,0,1142,0,1034786,82642,0,809697,18257,0,0,0,0,0,0,0,77703,0,0,75.68,24.32,0.0,172392,55388,0,0,227780
FL-21,house,FL,21,Adam Aarons,Brian Mast,DEM,REP,REP,REP,-12.67,10.9,89.1,Likely R,-11.43,5.29,-12.67,0.0,-6.47,-0.06,-16.36,3.69,False,False,,,0.0,0.0,,,0.0,projected,projected,,,0,,0.0,0,4308890,0,0,2928458,0,0,44600,0,3151810,0,0,1156653,0,0,389200,0,0,0,0,0,0,0,43.67,56.33,0.0,138122,178188,0,0,316310
FL-22,house,FL,22,Pia Dandiya,Michael Carbonara,DEM,REP,,REP,0.61,52.4,47.6,Toss-up,-3.78,5.29,1.6,-0.74,0.0,0.83,-10.6,11.21,False,False,,,0.0,0.0,,,0.0,presumptive,projected,43.0,45.0,1,-5.0,0.15,2284052,6332573,0,1296684,36589,0,147250,96773,987368,6295983,0,267274,20275,0,72001,5000,0,247000,4236902,0,247000,4238902,0,50.3,49.7,0.0,136686,135033,0,0,271719
FL-23,house,FL,23,Lois Frankel,Raven Harrison,DEM,REP,DEM,DEM,30.0,99.8,0.2,Safe D,20.63,5.29,30.0,0.0,3.42,0.66,13.94,16.06,False,False,,,0.0,0.0,,,0.0,projected,projected,,,0,,0.0,2276254,0,0,1212162,0,0,101142,0,1351534,0,0,490011,0,0,525250,0,0,0,0,0,0,0,0,65.0,35.0,0.0,154683,83289,0,0,237972
FL-24,house,FL,24,Shevrin Jones,Patricia Gonzalez,DEM,REP,,DEM,56.19,100.0,0.0,Safe D,47.75,5.29,56.19,1.37,0.0,1.78,39.08,17.11,False,False,,,0.0,0.0,,,0.0,projected,projected,,,0,,0.0,283695,1333,0,78612,96,0,1909617,314114,205083,1237,0,26369,126,0,29500,0,0,0,1200,0,0,1200,0,78.09,21.91,0.0,152268,42710,0,0,194978
FL-25,house,FL,25,Jared Moskowitz,Scott Singer,DEM,REP,DEM,DEM,6.94,75.0,25.0,Likely D,-1.97,5.29,6.72,0.15,2.65,0.59,-9.22,16.15,False,False,,,0.0,0.0,,,0.0,presumptive,projected,47.36,36.17,2,8.19,0.15,2998428,2245960,0,1882634,466219,0,559574,1015926,1465081,1779741,0,528039,187835,0,561392,38000,0,0,724010,0,20700,579453,0,53.47,46.53,0.0,141865,123461,0,0,265327
FL-26,house,FL,26,Yurina Gil,Mario Diaz-Balart,DEM,REP,REP,REP,-11.59,13.0,87.0,Likely R,-9.4,5.29,-11.59,-2.38,-8.17,3.07,-18.5,6.92,False,False,,,0.0,0.0,,,0.0,projected,projected,,,0,,0.0,38588,2060782,0,17079,2538703,0,0,0,22727,1341399,0,0,2622,0,1988,845150,0,10000,0,0,181,0,0,44.21,55.79,0.0,101201,127730,0,0,228932
FL-27,house,FL,27,Richard Lamondin,Maria Salazar,DEM,REP,REP,REP,-6.79,25.4,74.6,Lean R,-6.55,5.29,-6.04,-0.71,-7.1,3.03,-14.7,7.91,False,False,,,0.0,0.0,,,0.0,presumptive,presumptive,34.0,45.0,1,-11.0,0.15,743712,1999399,0,0,2259547,0,0,0,743712,1150679,0,53431,17867,0,6500,533179,0,145450,2493,0,0,14300,0,46.61,53.39,0.0,110408,126488,0,0,236896
FL-28,house,FL,28,Phil Ehr,Carlos Gimenez,DEM,REP,REP,REP,-14.09,8.5,91.5,Likely R,-16.04,5.29,-15.87,-0.22,-7.91,3.0,-25.63,11.53,False,False,,,0.0,0.0,,,0.0,projected,projected,41.0,45.0,1,-4.0,0.15,438286,601254,0,454610,692873,0,0,0,76322,484409,0,9365,2016,0,0,276750,0,343200,0,0,644084,0,0,42.95,57.05,0.0,101217,134423,0,0,235640
GA-01,house,GA,01,Amanda Hollowell,James Kingston,DEM,REP,,REP,-8.65,20.0,80.0,Likely R,-11.73,5.29,-8.65,-1.91,0.0,-0.3,-15.92,7.26,False,False,,,0.0,0.0,,,0.0,confirmed,confirmed,,,0,,0.0,162500,1944528,0,7389,294093,0,0,2151837,155572,1650436,0,44845,24117,0,1000,202450,0,32512,0,0,32512,0,0,45.67,54.33,0.0,116344,138388,0,0,254732
GA-02,house,GA,02,Sanford Bishop,Matt Day,DEM,REP,DEM,DEM,24.2,99.1,0.9,Safe D,12.12,5.29,24.2,1.36,5.49,-0.06,7.66,16.54,False,False,,,0.0,0.0,,,0.0,projected,projected,,,0,,0.0,1126530,142715,0,447808,1768,0,0,0,861583,140947,0,19920,0,0,738750,0,0,0,118659,0,0,50000,0,62.1,37.9,0.0,137648,84012,0,0,221660
GA-03,house,GA,03,Maura Keller,Brian Jack,DEM,REP,REP,REP,-29.21,0.2,99.8,Safe R,-26.64,5.29,-29.21,-1.75,-5.67,-0.45,-29.88,0.67,False,False,,,0.0,0.0,,,0.0,projected,projected,,,0,,0.0,150514,2009763,0,87576,1076948,0,0,0,65894,1172991,0,47952,213654,0,4000,836640,0,0,0,0,25520,8770,0,35.39,64.61,0.0,103678,189249,0,0,292926
GA-04,house,GA,04,Henry Johnson,Jim Duffie,DEM,REP,DEM,DEM,65.3,100.0,0.0,Safe D,58.12,5.29,65.3,0.0,1.33,0.56,53.04,12.25,False,False,,,0.0,0.0,,,0.0,projected,projected,,,0,,0.0,402315,0,0,117906,0,0,0,0,396085,0,0,19345,0,0,317529,0,0,0,0,0,5211,0,0,82.65,17.35,0.0,178899,37560,0,0,216459
GA-05,house,GA,05,Nikema Williams,Republican candidate (GA-05),DEM,REP,DEM,DEM,83.75,100.0,0.0,Safe D,76.53,5.29,83.75,0.0,1.79,0.14,72.33,11.42,False,False,,,0.0,0.0,,,0.0,projected,projected,,,0,,0.0,599715,0,0,76092,0,0,0,0,536865,0,0,26128,0,0,402755,0,0,0,0,0,0,0,0,91.87,8.13,0.0,226391,20023,0,0,246414
GA-06,house,GA,06,Lucia McBath,Kevin Martin,DEM,REP,DEM,DEM,63.05,100.0,0.0,Safe D,53.65,5.29,63.05,2.07,1.78,0.26,50.34,12.71,False,False,,,0.0,0.0,,,0.0,projected,projected,,,0,,0.0,896856,10320,0,676349,100,0,0,0,1173781,10220,0,53943,0,0,344217,0,0,0,10320,0,0,10320,0,81.52,18.48,0.0,214482,48609,0,0,263091
GA-07,house,GA,07,Haiden Moburg,Rich McCormick,DEM,REP,REP,REP,-19.98,2.6,97.4,Safe R,-18.62,5.29,-19.98,0.0,-6.18,-0.47,-22.27,2.29,False,False,,,0.0,0.0,,,0.0,projected,projected,,,0,,0.0,0,1642413,0,0,1007984,0,0,0,0,1332251,0,0,32851,0,0,435500,0,0,0,0,0,1000,0,40.01,59.99,0.0,121053,181505,0,0,302558
GA-08,house,GA,08,James Cooper,Austin Scott,DEM,REP,REP,REP,-29.83,0.2,99.8,Safe R,-26.45,5.29,-29.83,-2.36,-6.01,-0.3,-30.76,0.92,False,False,,,0.0,0.0,,,0.0,projected,projected,,,0,,0.0,142,1124952,0,0,1349452,0,1748,0,142,755665,0,93,1338,0,0,703250,0,49,0,0,1230,0,0,35.08,64.92,0.0,84896,157090,0,0,241986
GA-09,house,GA,09,Nicholas Alex,Andrew Clyde,DEM,REP,REP,REP,-30.13,0.2,99.8,Safe R,-30.77,5.29,-30.13,-0.9,-3.57,-0.17,-34.33,4.2,False,False,,,0.0,0.0,,,0.0,projected,projected,,,0,,0.0,155052,671072,0,14433,176253,0,44440,35522,140619,590804,0,32480,44424,0,350,118711,0,1140,0,0,0,1298864,0,34.93,65.07,0.0,98214,182923,0,0,281138
GA-10,house,GA,10,Pamela DeLancy,Houston Gaines,DEM,REP,,REP,-16.3,5.6,94.4,Likely R,-17.72,5.29,-16.3,-2.86,-0.63,-0.38,-20.93,4.64,False,False,,,0.0,0.0,,,0.0,confirmed,confirmed,,,0,,0.0,23080,2303880,0,8705,703420,0,0,2841837,11121,1600460,0,3980,35638,0,0,214510,0,7600,0,0,4100,0,0,41.85,58.15,0.0,121282,168512,0,0,289794
GA-11,house,GA,11,Chris Harden,John Cowan,DEM,REP,,REP,-17.4,4.5,95.5,Safe R,-20.14,5.29,-17.4,-2.21,0.0,-0.33,-23.52,6.13,False,False,,,0.0,0.0,,,0.0,confirmed,confirmed,,,0,,0.0,76330,2347796,0,3578,17630,0,40096,815942,63995,2330167,0,14275,6233,0,2000,120000,0,17,1750020,0,0,1774962,0,41.3,58.7,0.0,121634,172866,0,0,294500
GA-12,house,GA,12,Ceretta Smith,Rick Allen,DEM,REP,REP,REP,-11.73,12.7,87.3,Likely R,-9.61,5.29,-11.73,-1.96,-5.19,-0.27,-14.2,2.47,False,False,,,0.0,0.0,,,0.0,projected,projected,,,0,,0.0,26696,993220,0,3502,1320958,0,0,0,23291,847219,0,13242,30510,0,0,510750,0,1753,0,0,0,1639945,0,44.13,55.87,0.0,107770,136418,0,0,244189
GA-13,house,GA,13,Jasmine Clark,Jonathan Chavez,DEM,REP,,DEM,50.84,100.0,0.0,Safe D,45.28,5.29,50.84,0.0,-0.08,0.35,42.65,8.19,False,False,,,0.0,0.0,,,0.0,projected,projected,,,0,,0.0,1619079,0,0,229145,0,0,4218293,0,1389935,0,0,1022238,0,0,55173,0,0,0,0,0,0,0,0,75.42,24.58,0.0,192576,62765,0,0,255340
GA-14,house,GA,14,Shawn Harris,Clay Fuller,DEM,REP,REP,REP,-21.79,1.7,98.3,Safe R,-34.06,5.29,-21.79,0.62,6.73,-0.37,-37.03,15.25,False,False,,,0.0,0.0,,,0.0,projected,projected,,,0,,0.0,8098514,1846892,0,18230,70518,0,44069,5002827,8080284,1776374,0,6218091,173151,0,13688,305481,0,0,450000,0,0,411902,0,39.11,60.89,0.0,105690,164568,0,0,270259
HI-01,house,HI,01,Ed Case,Maxwell Frazier,DEM,REP,DEM,DEM,48.14,100.0,0.0,Safe D,29.07,5.29,48.14,0.0,14.37,-0.58,25.17,22.98,False,False,,,0.0,0.0,,,0.0,projected,projected,,,0,,0.0,1093795,0,0,599649,0,0,0,0,810804,0,0,18123,0,0,522597,0,0,0,0,0,0,0,0,74.07,25.93,0.0,129024,45163,0,0,174187
HI-02,house,HI,02,Jill Tokuda,Brenton Awa,DEM,REP,DEM,DEM,43.66,100.0,0.0,Safe D,26.79,5.29,43.66,1.21,10.72,-0.35,22.06,21.6,False,False,,,0.0,0.0,,,0.0,projected,projected,,,0,,0.0,820678,122615,0,570355,16101,0,0,0,733764,106514,0,81576,12812,0,183349,1000,0,0,0,0,0,0,0,71.83,28.17,0.0,134686,52819,0,0,187504
IA-01,house,IA,01,Christina Bohannan,Mariannette Miller-Meeks,DEM,REP,REP,REP,12.25,88.3,11.7,Likely D,-1.11,5.29,13.54,0.0,10.1,-0.75,-8.59,20.85,False,False,,,0.0,0.0,,,0.0,confirmed,confirmed,40.0,35.0,2,5.0,0.15,7051745,7208271,0,5425318,4691481,0,780832,295434,1733644,2890534,0,1094239,936090,0,502648,2421207,0,7000,0,0,0,0,0,56.13,43.87,0.0,166857,130425,0,0,297282
IA-02,house,IA,02,Lindsay James,Joe Mitchell,DEM,REP,,REP,1.42,55.5,44.5,Toss-up,-2.65,5.29,1.77,-0.04,0.0,-0.83,-10.13,11.55,False,False,,,0.0,0.0,,,0.0,confirmed,confirmed,38.62,36.14,2,-0.52,0.15,1628201,1938593,0,755838,895564,0,615929,10803,872363,1043029,0,178865,284402,0,210505,412850,0,0,100000,0,0,50000,0,50.71,49.29,0.0,149549,145349,0,0,294897
IA-03,house,IA,03,Sarah Trone Garriott,Zach Nunn,DEM,REP,REP,REP,5.14,69.1,30.9,Lean D,2.44,5.29,6.13,0.06,-1.03,-0.64,-4.46,9.6,False,False,,,0.0,0.0,,,0.0,confirmed,confirmed,42.61,45.83,2,-0.48,0.15,5293773,4869249,0,3859683,3568369,0,27821,38921,1434089,1353713,0,894587,143418,0,450786,1726477,0,120,0,0,0,0,0,52.57,47.43,0.0,156032,140786,0,0,296818
IA-04,house,IA,04,Dave Dawson,Chris McGowan,DEM,REP,,REP,-21.04,2.0,98.0,Safe R,-24.63,5.29,-21.04,-1.08,0.0,-0.62,-31.9,10.86,False,False,,,0.0,0.0,,,0.0,projected,projected,,,0,,0.0,135722,679844,0,49762,328850,0,0,172669,85959,350993,0,43002,4236,0,10800,116500,0,0,0,0,0,0,0,39.48,60.52,0.0,108748,166709,0,0,275457
ID-01,house,ID,01,Kaylee Peterson,Russ Fulcher,DEM,REP,REP,REP,-36.6,0.0,100.0,Safe R,-44.18,5.29,-41.58,-0.84,-1.29,-0.56,-46.2,9.61,False,False,,,0.0,0.0,,,0.0,projected,projected,35.0,45.0,1,-10.0,0.158,181024,662615,0,14616,244700,0,0,0,171799,597924,0,68061,15894,0,12050,302350,0,0,0,0,0,0,0,31.7,68.3,0.0,107051,230626,0,0,337677
ID-02,house,ID,02,Elinor Gilbreath,Mike Simpson,DEM,REP,REP,REP,-28.22,0.3,99.7,Safe R,-26.36,5.29,-28.22,-1.51,-5.22,-0.42,-27.56,-0.66,False,False,,,0.0,0.0,,,0.0,projected,projected,,,0,,0.0,106892,1118093,0,71163,429359,0,0,0,35729,793940,0,20551,2343,0,0,611500,0,0,0,0,0,0,0,35.89,64.11,0.0,106189,189676,0,0,295866
IL-01,house,IL,01,Jonathan Jackson,Christian Maxwell,DEM,REP,DEM,DEM,46.7,100.0,0.0,Safe D,39.35,5.29,46.7,1.06,0.87,0.13,32.27,14.43,False,False,,,0.0,0.0,,,0.0,projected,projected,,,0,,0.0,418350,63316,0,47163,33832,0,0,0,424875,36042,0,10569,33450,0,142500,0,0,0,0,0,27000,0,0,73.35,26.65,0.0,169344,61523,0,0,230867
IL-02,house,IL,02,Donna Miller,Calvin Coleman,DEM,REP,,DEM,48.3,100.0,0.0,Safe D,39.49,5.29,48.3,3.15,0.0,0.36,33.6,14.69,False,False,,,0.0,0.0,,,0.0,projected,projected,,,0,,0.0,2452894,7994,0,40546,0,0,4379243,3843,2412349,7994,0,63263,460,0,125750,0,0,0,6034,0,13750,0,0,74.15,25.85,0.0,155443,54197,0,0,209640
IL-03,house,IL,03,Delia Ramirez,Angel Oakley,DEM,REP,DEM,DEM,50.65,100.0,0.0,Safe D,38.7,5.29,50.65,2.45,2.93,1.28,31.81,18.84,False,False,,,0.0,0.0,,,0.0,projected,projected,,,0,,0.0,1465280,8080,0,946222,3738,0,0,0,986630,4341,0,148641,1880,0,371847,0,0,0,0,0,0,600,0,75.32,24.68,0.0,141815,46460,0,0,188275
IL-04,house,IL,04,Patty Garcia,Lupe Castillo,DEM,REP,,DEM,39.37,100.0,0.0,Safe D,37.78,5.29,45.3,0.0,0.0,2.23,28.79,10.58,False,False,,,0.0,0.0,,,0.0,projected,projected,34.0,15.0,1,19.0,0.225,358667,0,0,185499,0,0,0,0,173168,0,0,25300,0,0,172800,0,0,0,0,0,0,0,0,69.69,30.31,0.0,104173,45318,0,0,149491
IL-05,house,IL,05,Mike Quigley,Tom Hanson,DEM,REP,DEM,DEM,48.93,100.0,0.0,Safe D,42.21,5.29,48.93,0.0,1.88,-0.45,37.55,11.39,False,False,,,0.0,0.0,,,0.0,projected,projected,,,0,,0.0,725695,0,0,1187818,0,0,0,0,719060,0,0,7552,0,0,480608,0,0,0,0,0,0,0,0,74.47,25.53,0.0,196661,67430,0,0,264090
IL-06,house,IL,06,Sean Casten,Niki Conforti,DEM,REP,DEM,DEM,20.33,97.6,2.4,Safe D,10.74,5.29,20.33,1.34,3.32,-0.35,5.67,14.67,False,False,,,0.0,0.0,,,0.0,projected,projected,,,0,,0.0,2108920,313038,0,1285018,22661,0,12087,0,1518045,295578,0,188627,194487,0,724183,4950,0,0,0,0,455694,0,0,60.17,39.83,0.0,158062,104644,0,0,262706
IL-07,house,IL,07,La Shawn Ford,Chad Koppie,DEM,REP,,DEM,75.88,100.0,0.0,Safe D,72.39,5.29,75.88,-0.15,-1.95,0.3,66.13,9.76,False,False,,,0.0,0.0,,,0.0,confirmed,confirmed,,,0,,0.0,722009,55451,0,112588,42,0,0,2527703,609421,55408,0,37545,0,0,57250,0,0,175000,53154,0,175000,0,0,87.94,12.06,0.0,172124,23603,0,0,195727
IL-08,house,IL,08,Melissa Bean,Jennifer Davis,DEM,REP,,DEM,19.32,97.0,3.0,Safe D,13.14,5.29,19.32,0.8,0.0,0.08,7.01,12.3,False,False,,,0.0,0.0,,,0.0,projected,projected,,,0,,0.0,2071076,1476009,0,144530,730401,0,7177655,59974,1926546,745608,0,26412,30552,0,275750,14000,0,323000,1000000,0,396373,1000000,0,59.66,40.34,0.0,129905,87843,0,0,217748
IL-09,house,IL,09,Daniel Biss,John Elleson,DEM,REP,,DEM,47.37,100.0,0.0,Safe D,42.4,5.29,47.37,0.0,0.0,-0.32,37.04,10.34,False,False,,,0.0,0.0,,,0.0,projected,projected,,,0,,0.0,2946675,0,0,262130,0,0,1219420,1426379,2684545,0,0,147064,0,0,205684,0,0,3205,0,0,0,0,0,73.69,26.31,0.0,181334,64757,0,0,246091
IL-10,house,IL,10,Bradley Schneider,Republican candidate (IL-10),DEM,REP,DEM,DEM,33.54,99.9,0.1,Safe D,27.09,5.29,33.54,0.0,1.01,0.15,22.34,11.2,False,False,,,0.0,0.0,,,0.0,projected,projected,,,0,,0.0,3006862,0,0,1699007,0,0,11342,0,2279282,0,0,96126,0,0,1266239,0,0,0,0,0,0,0,0,66.77,33.23,0.0,155903,77590,0,0,233493
IL-11,house,IL,11,Bill Foster,Jeffrey Walter,DEM,REP,DEM,DEM,25.03,99.3,0.7,Safe D,16.18,5.29,25.03,1.37,2.3,-0.1,11.6,13.43,False,False,,,0.0,0.0,,,0.0,projected,projected,,,0,,0.0,2180937,311439,0,2505288,22765,0,0,0,1226214,288674,0,131182,56740,0,833000,2354,0,0,167592,0,1017995,165085,0,62.52,37.48,0.0,160119,96008,0,0,256126
IL-12,house,IL,12,Julie Fortier,Mike Bost,DEM,REP,REP,REP,-41.57,0.0,100.0,Safe R,-40.21,5.29,-41.57,-1.73,-4.05,-0.87,-44.13,2.55,False,False,,,0.0,0.0,,,0.0,projected,projected,,,0,,0.0,88060,1327225,0,59815,789999,0,0,0,28244,889522,0,43410,39507,0,8293,811237,0,0,0,0,0,0,0,29.21,70.79,0.0,76517,185406,0,0,261922
IL-13,house,IL,13,Nikki Budzinski,Jeff Wilson,DEM,REP,DEM,DEM,27.09,99.6,0.4,Safe D,14.53,5.29,27.09,1.57,6.25,-0.55,10.63,16.46,False,False,,,0.0,0.0,,,0.0,projected,projected,,,0,,0.0,2885018,317665,0,2625565,39275,0,83860,0,2044185,278390,0,107319,9480,0,1174794,4150,0,0,227400,0,0,185400,0,63.54,36.46,0.0,149581,85816,0,0,235397
IL-14,house,IL,14,Lauren Underwood,James Marter,DEM,REP,DEM,DEM,23.68,98.9,1.1,Safe D,10.57,5.29,23.68,1.92,5.77,0.14,5.26,18.42,False,False,,,0.0,0.0,,,0.0,projected,projected,,,0,,0.0,2417082,140848,0,1106564,31898,0,0,0,2365620,112994,0,289569,25185,0,365000,100,0,0,382,0,0,31741,0,61.84,38.16,0.0,146620,90471,0,0,237091
IL-15,house,IL,15,Jennifer Todd,Mary Miller,DEM,REP,REP,REP,-35.33,0.0,100.0,Safe R,-36.49,5.29,-35.33,-1.56,-1.67,-0.9,-40.5,5.18,False,False,,,0.0,0.0,,,0.0,projected,projected,,,0,,0.0,122996,1331399,0,34290,810427,0,1771,3705,82735,1167229,0,55362,754616,0,6710,144500,0,0,100,0,0,1525,0,32.34,67.66,0.0,86630,181266,0,0,267896
IL-16,house,IL,16,Paul Nolley,Darin LaHood,DEM,REP,REP,REP,-17.89,4.1,95.9,Safe R,-19.21,5.29,-17.89,-1.56,-1.67,-0.75,-23.07,5.18,False,False,,,0.0,0.0,,,0.0,projected,projected,,,0,,0.0,415748,3672739,0,230141,6748621,0,0,0,185607,2445401,0,110128,88213,0,63476,1749222,0,1585,0,0,0,0,0,41.05,58.95,0.0,112834,162016,0,0,274849
IL-17,house,IL,17,Eric Sorensen,Dillan Vancil,DEM,REP,DEM,DEM,20.59,97.7,2.3,Safe D,9.42,5.29,20.59,1.39,4.85,-0.36,4.81,15.78,False,False,,,0.0,0.0,,,0.0,projected,projected,,,0,,0.0,2233676,308832,0,1325642,56689,0,0,0,1020828,272464,0,185874,76538,0,848250,10700,0,0,16542,0,0,12700,0,60.3,39.7,0.0,134658,88667,0,0,223324
IN-01,house,IN,01,Frank Mrvan,Barb Regnitz,DEM,REP,DEM,DEM,14.83,92.6,7.4,Likely D,2.9,5.29,14.83,0.0,6.67,-0.03,0.4,14.43,False,False,,,0.0,0.0,,,0.0,projected,projected,,,0,,0.0,2386268,2376256,0,1336696,1800689,0,0,0,1138032,575567,0,179981,18850,0,1023820,39610,0,0,2156925,0,0,2000000,0,57.42,42.58,0.0,131460,97499,0,0,228958
IN-02,house,IN,02,Jamee Decio,Rudy Yakym,DEM,REP,REP,REP,-25.9,0.6,99.4,Safe R,-26.05,5.29,-25.9,-1.93,-2.73,-0.48,-26.92,1.02,False,False,,,0.0,0.0,,,0.0,projected,projected,,,0,,0.0,355589,5246030,0,104496,855313,0,0,0,251093,5000296,0,15296,1170154,0,0,1286014,0,302694,0,0,225039,0,0,37.05,62.95,0.0,77706,132019,0,0,209724
IN-03,house,IN,03,Kelly Thompson,Marlin Stutzman,DEM,REP,REP,REP,-29.93,0.2,99.8,Safe R,-31.69,5.29,-29.93,-1.17,-1.67,-0.69,-31.73,1.8,False,False,,,0.0,0.0,,,0.0,projected,projected,,,0,,0.0,136340,839565,0,6039,101923,0,0,0,130301,786959,0,0,88046,0,0,367700,0,17908,0,0,0,60000,0,35.04,64.96,0.0,78768,146050,0,0,224818
IN-04,house,IN,04,Joseph MacKey,Jim Baird,DEM,REP,REP,REP,-30.64,0.1,99.9,Safe R,-30.19,5.29,-30.64,-1.14,-3.91,-0.7,-29.88,-0.77,False,False,,,0.0,0.0,,,0.0,projected,projected,,,0,,0.0,11234,358293,0,1328,91561,0,200000,531743,9906,481342,0,5169,68518,0,100,197200,0,2495,0,0,15494,383899,0,34.68,65.32,0.0,81074,152718,0,0,233792
IN-05,house,IN,05,James Ford,Victoria Spartz,DEM,REP,REP,REP,-13.64,9.2,90.8,Likely R,-17.4,5.29,-15.47,-0.58,-2.0,-0.78,-17.13,3.49,False,False,,,0.0,0.0,,,0.0,projected,projected,46.0,48.0,1,-5.0,0.175,582087,1327228,0,314652,230004,0,0,0,267434,1355274,0,107719,403303,0,49904,118750,0,616,25000,0,0,200000,0,43.18,56.82,0.0,111586,146833,0,0,258419
IN-06,house,IN,06,Cynthia Wirth,Jefferson Shreve,DEM,REP,REP,REP,-34.73,0.0,100.0,Safe R,-33.34,5.29,-34.73,-2.51,-3.38,-0.79,-33.1,-1.63,False,False,,,0.0,0.0,,,0.0,projected,projected,,,0,,0.0,37046,2426805,0,7151,1608235,0,0,0,30400,950285,0,10487,2220,0,0,291000,0,4919,2000000,0,0,3900000,0,32.63,67.37,0.0,74383,153544,0,0,227927
IN-07,house,IN,07,Andre Carson,Felipe Rios,DEM,REP,DEM,DEM,48.8,100.0,0.0,Safe D,42.2,5.29,48.8,0.0,1.24,0.07,42.16,6.64,False,False,,,0.0,0.0,,,0.0,projected,projected,,,0,,0.0,1006177,0,0,621351,0,0,0,0,834249,0,0,33892,0,0,506242,0,0,730,0,0,0,0,0,74.4,25.6,0.0,141262,48611,0,0,189873
IN-08,house,IN,08,Mary Allen,Mark Messmer,DEM,REP,REP,REP,-37.61,0.0,100.0,Safe R,-35.75,5.29,-37.61,-0.95,-5.33,-0.88,-36.49,-1.12,False,False,,,0.0,0.0,,,0.0,projected,projected,,,0,,0.0,294502,1171366,0,179308,713500,0,0,0,115194,664972,0,107411,5915,0,23845,421375,0,1929,3500,0,0,6250,0,31.19,68.81,0.0,72578,160099,0,0,232678
IN-09,house,IN,09,James Graham,Erin Houchin,DEM,REP,REP,REP,-29.78,0.2,99.8,Safe R,-29.74,5.29,-29.78,-1.78,-2.69,-0.86,-30.39,0.61,False,False,,,0.0,0.0,,,0.0,projected,projected,,,0,,0.0,128179,1856572,0,0,1183066,0,0,0,128179,1415551,0,15431,23017,0,0,1041193,0,72193,931,0,66000,0,0,35.11,64.89,0.0,86882,160562,0,0,247444
KS-01,house,KS,01,Lauren Reinhold,Tracey Mann,DEM,REP,REP,REP,-32.17,0.1,99.9,Safe R,-29.65,5.29,-32.17,-2.06,-5.4,-0.35,-31.85,-0.32,False,False,,,0.0,0.0,,,0.0,confirmed,confirmed,,,0,,0.0,48261,1488465,0,4784,2713324,0,0,0,43478,528838,0,13201,10184,0,0,598040,0,4601,0,0,4000,0,0,33.92,66.08,0.0,73728,143657,0,0,217385
KS-02,house,KS,02,Don Coover,Derek Schmidt,DEM,REP,REP,REP,-17.99,4.0,96.0,Safe R,-17.22,5.29,-17.99,-0.47,-5.18,-0.41,-20.06,2.07,False,False,,,0.0,0.0,,,0.0,confirmed,confirmed,,,0,,0.0,758823,1457605,0,244286,939168,0,0,0,514537,556938,0,240192,55452,0,33500,505500,0,7000,0,0,0,2898,0,41.01,58.99,0.0,88383,127149,0,0,215532
KS-03,house,KS,03,Sharice Davids,Eric Jenkins,DEM,REP,DEM,DEM,20.78,97.8,2.2,Safe D,5.75,5.29,20.78,3.0,7.29,-0.55,4.17,16.61,False,False,,,0.0,0.0,,,0.0,confirmed,confirmed,,,0,,0.0,3690440,18916,0,1724212,12284,0,0,0,2369484,6633,0,1119972,986,0,807231,10000,0,0,1790,0,0,1790,0,60.39,39.61,0.0,168077,110236,0,0,278313
KS-04,house,KS,04,Katy Tyndell,Ron Estes,DEM,REP,REP,REP,-23.45,1.1,98.9,Safe R,-21.6,5.29,-23.45,-1.43,-5.29,-0.42,-23.7,0.25,False,False,,,0.0,0.0,,,0.0,confirmed,confirmed,,,0,,0.0,234455,1855035,0,72896,1757677,0,0,0,161558,1295634,0,38412,9091,0,0,1090100,0,600,0,0,0,0,0,38.28,61.72,0.0,83476,134608,0,0,218084
KY-01,house,KY,01,Drew Williams,James Comer,DEM,REP,REP,REP,-46.12,0.0,100.0,Safe R,-46.28,5.29,-46.12,-1.84,-2.5,-0.8,-47.91,1.79,False,False,,,0.0,0.0,,,0.0,projected,projected,,,0,,0.0,118755,1899533,0,20182,3041112,0,0,0,98532,2067643,0,69518,692697,0,5000,426900,0,1700,0,0,1700,0,0,26.94,73.06,0.0,64648,175327,0,0,239975
KY-02,house,KY,02,Megan Wingfield,Brett Guthrie,DEM,REP,REP,REP,-43.8,0.0,100.0,Safe R,-40.38,5.29,-43.8,-3.32,-4.58,-0.81,-41.93,-1.87,False,False,,,0.0,0.0,,,0.0,projected,projected,,,0,,0.0,7539,4707593,0,1197,1718271,0,0,80276,6342,3355566,0,6104,8727,0,0,3025480,0,0,0,0,0,2295,0,28.1,71.9,0.0,69127,176874,0,0,246001
KY-03,house,KY,03,Morgan McGarvey,Maria Rodriguez,DEM,REP,DEM,DEM,33.16,99.9,0.1,Safe D,20.37,5.29,33.16,2.21,5.67,-0.38,19.27,13.89,False,False,,,0.0,0.0,,,0.0,projected,projected,,,0,,0.0,1633684,38069,0,1813760,15672,0,0,0,1083341,22297,0,157955,4269,0,538001,5500,0,0,0,0,0,0,0,66.58,33.42,0.0,155037,77825,0,0,232862
KY-04,house,KY,04,Melissa Strange,Ed Gallrein,DEM,REP,,REP,-31.16,0.1,99.9,Safe R,-35.16,5.29,-31.16,-0.46,0.0,-0.84,-36.16,5.0,False,False,,,0.0,0.0,,,0.0,projected,projected,,,0,,0.0,94464,3567324,0,11145,179309,0,8366952,5378133,83319,3388014,0,12513,396242,0,0,56130,0,20000,0,0,20000,0,0,34.42,65.58,0.0,90349,172159,0,0,262508
KY-05,house,KY,05,Ned Pillersdorf,Harold Rogers,DEM,REP,REP,REP,-61.32,0.0,100.0,Safe R,-62.94,5.29,-61.32,-1.02,-1.67,-0.98,-64.67,3.35,False,False,,,0.0,0.0,,,0.0,projected,projected,,,0,,0.0,182281,849758,0,91274,874716,0,0,0,91006,946293,0,29940,1147,0,250,314150,0,62875,0,0,0,0,0,19.34,80.66,0.0,42891,178863,0,0,221754
KY-06,house,KY,06,Zach Dembo,Ralph Alvarado,DEM,REP,,REP,-8.36,20.8,79.2,Likely R,-14.14,5.29,-9.53,-0.01,0.0,-0.67,-15.31,6.95,False,False,,,0.0,0.0,,,0.0,projected,projected,44.9,44.95,3,-3.05,0.18,1463855,1521813,0,491275,398018,0,286464,168599,972579,1123795,0,161118,11113,0,58150,263541,0,3665,57245,0,0,0,0,45.82,54.18,0.0,114121,134948,0,0,249069
LA-01,house,LA,01,Lauren Jewett,Steve Scalise,DEM,REP,REP,REP,-46.95,0.0,100.0,Safe R,-39.86,5.29,-46.95,-3.01,-9.01,-0.35,-39.08,-7.87,False,False,,,0.0,0.0,,,0.0,projected,projected,,,0,,0.0,142677,10638030,0,11884,3885942,0,0,0,130793,10883241,0,55075,325922,0,1250,171500,0,1272,0,0,0,0,0,26.53,73.47,0.0,66999,185569,0,0,252568
LA-02,house,LA,02,Troy Carter,Republican candidate (LA-02),DEM,REP,DEM,DEM,63.33,100.0,0.0,Safe D,49.58,5.29,63.33,0.0,8.23,0.23,48.71,14.62,False,False,,,0.0,0.0,,,0.0,projected,projected,,,0,,0.0,1412697,0,0,382786,0,0,0,0,1539321,0,0,4075,0,0,950717,0,0,0,0,0,24914,0,0,81.66,18.34,0.0,179439,40293,0,0,219732
LA-03,house,LA,03,Tia Lebrun,Clay Higgins,DEM,REP,REP,REP,-36.91,0.0,100.0,Safe R,-36.01,5.29,-36.91,-2.05,-3.74,-0.41,-36.65,-0.26,False,False,,,0.0,0.0,,,0.0,projected,projected,,,0,,0.0,6968,822841,0,3465,595415,0,0,0,4102,551995,0,1043,87799,0,0,132500,0,2350,0,0,2350,0,0,31.54,68.46,0.0,74764,162257,0,0,237021
LA-04,house,LA,04,Matthew Gromlich,Mike Johnson,DEM,REP,REP,REP,-39.74,0.0,100.0,Safe R,-33.73,5.29,-39.74,-3.14,-7.75,-0.41,-34.59,-5.15,False,False,,,0.0,0.0,,,0.0,projected,projected,,,0,,0.0,268772,20976864,0,10175,9613157,0,0,0,258532,12616083,0,38644,3867677,0,0,1813700,0,203058,0,0,200000,0,0,30.13,69.87,0.0,67403,156293,0,0,223696
LA-05,house,LA,05,Dan McKay,Blake Miguez,DEM,REP,,REP,-28.45,0.3,99.7,Safe R,-33.35,5.29,-28.45,0.0,0.0,-0.39,-34.39,5.94,False,False,,,0.0,0.0,,,0.0,projected,projected,,,0,,0.0,90000,0,0,-19056,0,0,0,0,109075,0,0,23786,0,0,0,0,0,39238,0,0,39238,0,0,35.77,64.23,0.0,80355,144268,0,0,224623
LA-06,house,LA,06,Democratic candidate (LA-06),Peter Williams,DEM,REP,,DEM,-27.96,0.3,99.7,Safe R,-32.88,5.29,-27.96,0.0,0.0,-0.37,-32.4,4.44,False,False,,,0.0,0.0,,,0.0,projected,projected,,,0,,0.0,0,0,0,0,0,0,0,0,0,0,0,0,0,0,0,0,0,0,0,0,0,0,0,36.02,63.98,0.0,89061,158181,0,0,247243
MA-01,house,MA,01,Richard Neal,Republican candidate (MA-01),DEM,REP,DEM,DEM,25.24,99.3,0.7,Safe D,18.41,5.29,25.24,0.0,1.67,-0.12,13.91,11.33,False,False,,,0.0,0.0,,,0.0,projected,projected,,,0,,0.0,2288096,0,0,4052063,0,0,0,0,2123904,0,0,8786,0,0,1445000,0,0,0,0,0,0,0,0,62.62,37.38,0.0,167167,99784,0,0,266951
MA-02,house,MA,02,Jim McGovern,Republican candidate (MA-02),DEM,REP,DEM,DEM,34.86,100.0,0.0,Safe D,28.35,5.29,34.86,0.0,1.67,-0.45,24.29,10.57,False,False,,,0.0,0.0,,,0.0,projected,projected,,,0,,0.0,759435,0,0,332100,0,0,0,0,821499,0,0,147188,0,0,198600,0,0,0,0,0,0,0,0,67.43,32.57,0.0,181704,87766,0,0,269471
MA-03,house,MA,03,Lori Trahan,Gary Grossi,DEM,REP,DEM,DEM,33.42,99.9,0.1,Safe D,23.86,5.29,33.42,2.52,1.67,0.08,19.39,14.02,False,False,,,0.0,0.0,,,0.0,projected,projected,,,0,,0.0,1580068,6716,0,1777088,6650,0,0,0,1258131,66,0,0,931,0,775250,600,0,0,4000,0,0,4000,0,66.71,33.29,0.0,167591,83641,0,0,251231
MA-04,house,MA,04,Jake Auchincloss,Republican candidate (MA-04),DEM,REP,DEM,DEM,30.92,99.9,0.1,Safe D,24.68,5.29,30.92,0.0,1.67,-0.72,20.13,10.79,False,False,,,0.0,0.0,,,0.0,projected,projected,,,0,,0.0,3535358,0,0,7408604,0,0,0,0,1109981,0,0,31877,0,0,669750,0,0,0,0,0,0,0,0,65.46,34.54,0.0,186404,98363,0,0,284768
MA-05,house,MA,05,Katherine Clark,Republican candidate (MA-05),DEM,REP,DEM,DEM,56.54,100.0,0.0,Safe D,50.04,5.29,56.54,0.0,1.67,-0.46,46.35,10.19,False,False,,,0.0,0.0,,,0.0,projected,projected,,,0,,0.0,4236009,0,0,2212416,0,0,0,0,3349484,0,0,81953,0,0,1725007,0,0,0,0,0,0,0,0,78.27,21.73,0.0,205390,57029,0,0,262420
MA-06,house,MA,06,Daniel Koh,John Field,DEM,REP,,DEM,29.68,99.8,0.2,Safe D,24.89,5.29,29.68,0.0,0.0,-0.5,21.09,8.59,False,False,,,0.0,0.0,,,0.0,projected,projected,,,0,,0.0,4547693,0,0,3604718,0,0,708139,0,944314,0,0,187692,0,0,95300,0,0,93505,0,0,69000,0,0,64.84,35.16,0.0,196599,106618,0,0,303217
MA-07,house,MA,07,Ayanna Pressley,Republican candidate (MA-07),DEM,REP,DEM,DEM,77.33,100.0,0.0,Safe D,70.05,5.29,77.33,0.0,1.67,0.32,65.14,12.19,False,False,,,0.0,0.0,,,0.0,projected,projected,,,0,,0.0,1125853,0,0,113018,0,0,0,0,1131056,0,0,314273,0,0,72255,0,0,0,0,0,0,0,0,88.66,11.34,0.0,173998,22247,0,0,196246
MA-08,house,MA,08,Stephen Lynch,Gavin Solomon,DEM,REP,DEM,DEM,46.65,100.0,0.0,Safe D,31.45,5.29,46.65,0.0,10.45,-0.55,26.99,19.66,False,False,,,0.0,0.0,,,0.0,projected,projected,,,0,,0.0,817344,0,0,1241118,0,0,0,102777,664950,0,0,22081,0,0,308600,0,0,0,0,0,0,0,0,73.32,26.68,0.0,201770,73411,0,0,275181
MA-09,house,MA,09,Bill Keating,Robert MacAllister,DEM,REP,DEM,DEM,23.68,98.9,1.1,Safe D,14.93,5.29,23.68,0.53,3.67,-0.73,10.94,12.74,False,False,,,0.0,0.0,,,0.0,projected,projected,,,0,,0.0,380085,163494,0,518530,38853,0,0,0,527423,124641,0,45669,22156,0,154600,1250,0,0,1005,0,0,1005,0,61.84,38.16,0.0,199174,122910,0,0,322083
MD-01,house,MD,01,Daniel Schwartz,Andy Harris,DEM,REP,REP,REP,-15.26,6.9,93.1,Likely R,-15.5,5.29,-15.26,-0.86,-3.57,-0.61,-17.31,2.04,False,False,,,0.0,0.0,,,0.0,projected,projected,,,0,,0.0,695170,2319668,0,72575,1853603,0,14398,15256,622594,1221001,0,292096,527134,0,11600,443459,0,15568,0,0,34175,0,0,42.37,57.63,0.0,126657,172277,0,0,298934
MD-02,house,MD,02,John Olszewski,David Wallace,DEM,REP,DEM,DEM,31.85,99.9,0.1,Safe D,20.72,5.29,31.85,2.06,4.22,-0.44,18.95,12.9,False,False,,,0.0,0.0,,,0.0,projected,projected,,,0,,0.0,1040390,20194,0,614275,3073,0,0,0,592706,17122,0,26185,3334,0,334224,0,0,0,1200,0,0,1000,0,65.93,34.07,0.0,182440,94295,0,0,276734
MD-03,house,MD,03,Sarah Elfreth,Penny Kennedy,DEM,REP,DEM,DEM,33.41,99.9,0.1,Safe D,25.94,5.29,33.41,0.0,2.59,-0.41,24.49,8.91,False,False,,,0.0,0.0,,,0.0,projected,projected,,,0,,0.0,1139858,0,0,335826,0,0,0,0,834771,0,0,64297,0,0,440223,0,0,649,0,0,0,0,0,66.7,33.3,0.0,194703,97194,0,0,291896
MD-04,house,MD,04,Glenn Ivey,Republican candidate (MD-04),DEM,REP,,DEM,85.64,100.0,0.0,Safe D,79.42,5.29,85.64,0.0,0.0,0.93,75.67,9.98,False,False,,,0.0,0.0,,,0.0,projected,projected,,,0,,0.0,674406,0,0,459226,0,0,0,0,520568,0,0,31930,0,0,338250,0,0,0,0,0,0,0,0,92.82,7.18,0.0,184135,14243,0,0,198379
MD-05,house,MD,05,Adrian Boafo,Chris Chaffee,DEM,REP,,DEM,40.54,100.0,0.0,Safe D,35.83,5.29,40.54,0.0,-0.45,-0.13,34.05,6.49,False,False,,,0.0,0.0,,,0.0,confirmed,confirmed,,,0,,0.0,1676916,0,0,91867,0,0,12093528,0,1585049,0,0,21486,0,0,116745,0,0,0,0,0,7400,0,0,70.27,29.73,0.0,212239,89787,0,0,302027
MD-06,house,MD,06,April Delaney,Robin Ficker,DEM,REP,DEM,DEM,19.87,97.3,2.7,Safe D,8.21,5.29,19.87,2.47,4.17,-0.26,5.93,13.95,False,False,,,0.0,0.0,,,0.0,projected,projected,,,0,,0.0,12308220,403934,0,307611,401,0,516368,42387,12013488,403533,0,34837,1072,0,377303,0,0,11000000,402862,0,14873000,402862,0,59.94,40.06,0.0,163782,109474,0,0,273257
MD-07,house,MD,07,Kweisi Mfume,Republican candidate (MD-07),DEM,REP,DEM,DEM,72.61,100.0,0.0,Safe D,63.3,5.29,72.61,0.0,3.9,0.12,60.49,12.12,False,False,,,0.0,0.0,,,0.0,projected,projected,,,0,,0.0,415174,0,0,702810,0,0,0,0,406290,0,0,8064,0,0,233750,0,0,0,0,0,0,0,0,86.31,13.69,0.0,183642,29137,0,0,212779
MD-08,house,MD,08,Jamie Raskin,Cheryl Riley,DEM,REP,DEM,DEM,70.1,100.0,0.0,Safe D,61.15,5.29,70.1,3.54,-0.02,0.14,58.06,12.05,False,False,,,0.0,0.0,,,0.0,projected,projected,,,0,,0.0,7425389,16590,0,7893447,1806,0,0,0,4497145,15372,0,3050018,4483,0,395799,0,0,0,0,0,0,0,0,85.05,14.95,0.0,232042,40785,0,0,272827
ME-01,house,ME,01,Chellie Pingree,Ronald Russell,DEM,REP,DEM,DEM,29.82,98.7,1.3,Safe D,21.74,5.29,30.86,1.0,3.77,-0.95,22.33,7.49,True,False,,,0.0,0.0,,,0.0,confirmed,confirmed,,,0,,0.0,429634,75680,0,423112,20023,0,0,0,422200,69878,0,69003,7445,0,237050,6819,0,0,1000,0,20000,4537,0,62.16,32.84,5.0,189944,100350,15279,0,305572
ME-02,house,ME,02,Matthew Dunlap,Paul LePage,DEM,REP,,DEM,-4.44,38.8,61.2,Lean R,-9.4,5.29,-5.59,-0.48,0.0,-1.0,-9.72,5.28,True,False,,,0.0,0.0,,,0.0,confirmed,confirmed,47.29,48.12,3,-2.56,0.15,1205432,2563901,0,228649,1685710,0,384759,16616,976783,878191,0,646576,167616,0,13500,408301,0,10000,0,0,0,0,0,45.06,49.94,5.0,124541,138029,13820,0,276390
MI-01,house,MI,01,Callie Barr,Jack Bergman,DEM,REP,REP,REP,-12.64,10.9,89.1,Likely R,-17.29,5.29,-12.64,-0.61,1.0,-1.03,-21.52,8.88,False,False,,,0.0,0.0,,,0.0,confirmed,confirmed,,,0,,0.0,824341,1917574,0,530725,660163,0,0,18250,301257,1368361,0,100309,151276,0,64250,756925,0,0,0,0,0,0,0,43.68,56.32,0.0,148543,191520,0,0,340063
MI-02,house,MI,02,Benjamin Ambrose,John Moolenaar,DEM,REP,REP,REP,-27.58,0.4,99.6,Safe R,-25.95,5.29,-27.58,-1.9,-4.17,-0.85,-30.54,2.96,False,False,,,0.0,0.0,,,0.0,confirmed,confirmed,,,0,,0.0,85094,1652235,0,21868,1905561,0,0,0,62840,1028618,0,19434,35444,0,250,549373,0,0,0,0,0,27361,0,36.21,63.79,0.0,111944,197197,0,0,309141
MI-03,house,MI,03,Hillary Scholten,Terri DeBoer,DEM,REP,DEM,DEM,21.81,98.3,1.7,Safe D,11.71,5.29,21.81,0.96,4.28,-0.43,7.95,13.85,False,False,,,0.0,0.0,,,0.0,confirmed,confirmed,,,0,,0.0,2329122,551697,0,1356573,361355,0,0,183829,1322264,190342,0,169694,7983,0,696370,12000,0,0,0,0,0,19951,0,60.9,39.1,0.0,182303,117029,0,0,299333
MI-04,house,MI,04,Sean McCann,Bill Huizenga,DEM,REP,REP,REP,-1.63,43.7,56.3,Toss-up,-1.45,5.29,-1.9,-0.28,-4.89,-0.57,-5.61,3.98,False,False,,,0.0,0.0,,,0.0,confirmed,confirmed,47.07,45.06,3,-0.13,0.15,2620011,4093991,0,1686240,2268747,0,874988,511996,933771,1934284,0,454574,214513,0,316050,1580550,0,0,0,0,0,0,0,49.18,50.82,0.0,149388,154354,0,0,303743
MI-05,house,MI,05,Christian Vukasovich,Timothy Walberg,DEM,REP,REP,REP,-25.36,0.7,99.3,Safe R,-22.66,5.29,-25.36,-2.12,-5.07,-0.8,-27.41,2.05,False,False,,,0.0,0.0,,,0.0,confirmed,confirmed,,,0,,0.0,55756,1742399,0,13290,993833,0,0,0,42467,1658017,0,14490,66697,0,3000,786598,0,0,0,0,0,0,0,37.32,62.68,0.0,110335,185325,0,0,295660
MI-06,house,MI,06,Debbie Dingell,Heather Smiley,DEM,REP,DEM,DEM,38.8,100.0,0.0,Safe D,28.52,5.29,38.8,0.0,5.67,-0.69,23.92,14.88,False,False,,,0.0,0.0,,,0.0,confirmed,confirmed,,,0,,0.0,1193712,0,0,414935,0,0,0,0,1122149,0,0,69239,0,0,691593,0,0,0,0,0,0,0,0,69.4,30.6,0.0,225540,99451,0,0,324990
MI-07,house,MI,07,William Lawrence,Tom Barrett,DEM,REP,REP,REP,2.17,58.4,41.6,Toss-up,3.09,5.29,2.73,-1.12,-3.8,-0.73,-1.33,3.5,False,False,,,0.0,0.0,,,0.0,confirmed,confirmed,48.0,46.0,1,-1.0,0.15,1119198,6306828,0,383116,2871872,0,1263971,2035144,736082,3457356,0,290681,1642639,0,39844,1560904,0,13072,0,0,10000,2809,0,51.09,48.91,0.0,165609,158567,0,0,324176
MI-08,house,MI,08,Kristen McDonald Rivet,Thomas J. Smith,DEM,REP,DEM,DEM,17.68,95.7,4.3,Safe D,3.15,5.29,17.68,0.0,9.86,-0.62,-2.01,19.69,False,False,,,0.0,0.0,,,0.0,confirmed,confirmed,,,0,,0.0,5644876,0,0,4254099,0,0,27821,0,1407808,0,0,392735,0,0,1533240,0,0,0,0,0,0,0,0,58.84,41.16,0.0,178673,124977,0,0,303650
MI-09,house,MI,09,Ray Pooley,Lisa McClain,DEM,REP,REP,REP,-32.37,0.1,99.9,Safe R,-28.19,5.29,-32.37,-3.38,-5.22,-0.87,-32.75,0.38,False,False,,,0.0,0.0,,,0.0,confirmed,confirmed,,,0,,0.0,8084,5242309,0,4942,1536890,0,0,0,3142,4312277,0,4295,964623,0,0,1454798,0,0,0,0,0,0,0,33.81,66.19,0.0,115181,225450,0,0,340631
MI-10,house,MI,10,Christina Hines,Michael Bouchard Jr.,DEM,REP,,REP,2.47,59.5,40.5,Toss-up,-1.4,5.29,3.08,-0.06,0.0,-0.75,-6.68,9.15,False,False,,,0.0,0.0,,,0.0,confirmed,confirmed,44.0,42.0,1,-1.0,0.15,1211489,1433728,0,158196,975823,0,500000,211905,1053292,457905,0,269873,108726,0,75763,124500,0,0,0,0,0,124275,0,51.23,48.77,0.0,156449,148911,0,0,305360
MI-11,house,MI,11,Jeremy Moss,Ethan Baker,DEM,REP,,DEM,27.39,99.6,0.4,Safe D,21.15,5.29,27.39,1.6,0.0,-0.64,16.42,10.97,False,False,,,0.0,0.0,,,0.0,confirmed,confirmed,,,0,,0.0,1485178,141876,0,352517,121125,0,399495,20000,1132661,21751,0,93323,6975,0,141950,1000,0,7000,0,0,0,0,0,63.7,36.3,0.0,205281,117001,0,0,322281
MI-12,house,MI,12,Rashida Tlaib,James D. Hooper,DEM,REP,DEM,DEM,59.42,100.0,0.0,Safe D,46.19,5.29,59.42,2.96,5.22,-0.24,39.62,19.8,False,False,,,0.0,0.0,,,0.0,confirmed,confirmed,,,0,,0.0,2756214,775,0,3434433,8381,0,0,10000,3585336,1411,0,793973,525,0,37150,0,0,0,0,0,0,533,0,79.71,20.29,0.0,207882,52911,0,0,260793
MI-13,house,MI,13,Shri Thanedar,T.P. Nykoriak,DEM,REP,DEM,DEM,59.16,100.0,0.0,Safe D,48.69,5.29,59.16,0.0,5.11,0.08,42.28,16.88,False,False,,,0.0,0.0,,,0.0,confirmed,confirmed,,,0,,0.0,390276,0,0,5029239,0,0,1835679,564599,2265605,0,0,18989,0,0,85500,0,0,2150300,0,0,13620000,0,0,79.58,20.42,0.0,186573,47867,0,0,234440
MN-01,house,MN,01,Jake Johnson,Brad Finstad,DEM,REP,REP,REP,-6.0,28.0,72.0,Lean R,-9.08,5.29,-6.18,-0.01,-1.67,-0.71,-12.23,6.23,False,False,,,0.0,0.0,,,0.0,presumptive,presumptive,41.0,46.96,2,-5.01,0.15,2000547,2030569,0,1011593,1283923,0,7063,0,988953,808055,0,729421,147427,0,108500,966407,0,5372,0,0,0,0,0,47.0,53.0,0.0,128162,144528,0,0,272690
MN-02,house,MN,02,Matt Little,Eric Pratt,DEM,REP,,DEM,12.85,89.5,10.5,Likely D,8.54,5.29,13.71,0.52,0.0,-0.64,5.95,6.9,False,False,,,0.0,0.0,,,0.0,projected,confirmed,45.0,40.0,1,8.0,0.15,923277,511213,0,127543,254373,0,475327,17393,796236,256841,0,145833,31473,0,42370,48000,0,162000,112100,0,131000,105000,0,56.43,43.57,0.0,168525,130134,0,0,298658
MN-03,house,MN,03,Kelly Morrison,Tyler Bass,DEM,REP,DEM,DEM,30.07,99.8,0.2,Safe D,23.82,5.29,30.07,0.0,1.67,-0.71,21.72,8.35,False,False,,,0.0,0.0,,,0.0,projected,projected,,,0,,0.0,1361933,0,0,413942,0,0,0,0,973380,0,0,95446,0,0,208783,0,0,7000,0,0,0,0,0,65.04,34.96,0.0,193441,103999,0,0,297440
MN-04,house,MN,04,Betty McCollum,Paul Wikstrom,DEM,REP,DEM,DEM,47.82,100.0,0.0,Safe D,39.52,5.29,47.82,2.11,1.5,-0.6,36.47,11.35,False,False,,,0.0,0.0,,,0.0,projected,projected,,,0,,0.0,1251583,28031,0,498697,2205,0,0,0,1307805,14744,0,42962,5364,0,458800,5000,0,0,0,0,0,0,0,73.91,26.09,0.0,195879,69143,0,0,265021
MN-05,house,MN,05,Ilhan Omar,Dalia Al-Aqidi,DEM,REP,DEM,DEM,65.96,100.0,0.0,Safe D,66.35,5.29,65.96,1.21,-6.48,-0.4,63.54,2.42,False,False,,,0.0,0.0,,,0.0,projected,projected,,,0,,0.0,5829715,1128979,0,1347365,50512,0,0,0,4806570,1117385,0,3688613,864291,0,73828,0,0,0,0,0,0,6821,0,82.98,17.02,0.0,214576,44005,0,0,258581
MN-06,house,MN,06,Democratic candidate (MN-06),Tom Emmer,DEM,REP,REP,REP,-14.49,7.9,92.1,Likely R,-17.27,5.29,-14.49,0.0,-1.67,-0.85,-20.07,5.57,False,False,,,0.0,0.0,,,0.0,projected,projected,,,0,,0.0,0,9786064,0,0,4496007,0,0,0,0,6978508,0,0,691336,0,0,2244251,0,0,0,0,0,0,0,42.75,57.25,0.0,129283,173109,0,0,302392
MN-07,house,MN,07,Democratic candidate (MN-07),Michelle Fischbach,DEM,REP,REP,REP,-30.83,0.1,99.9,Safe R,-33.61,5.29,-30.83,0.0,-1.67,-0.84,-37.1,6.27,False,False,,,0.0,0.0,,,0.0,projected,projected,,,0,,0.0,0,1286028,0,0,919823,0,0,0,0,777286,0,0,152054,0,0,729549,0,0,0,0,0,0,0,34.58,65.42,0.0,97080,183626,0,0,280706
MN-08,house,MN,08,Democratic candidate (MN-08),Peter Stauber,DEM,REP,REP,REP,-8.51,20.4,79.6,Likely R,-11.08,5.29,-8.51,0.0,-1.67,-1.06,-14.53,6.02,False,False,,,0.0,0.0,,,0.0,projected,projected,,,0,,0.0,0,1996898,0,0,1200836,0,0,0,0,1324555,0,0,136304,0,0,931660,0,0,0,0,0,0,0,45.74,54.26,0.0,138264,163992,0,0,302256
MO-01,house,MO,01,Wesley Bell,Paul Berry,DEM,REP,DEM,DEM,68.14,100.0,0.0,Safe D,58.87,5.29,68.14,0.0,4.17,-0.19,58.61,9.53,False,False,,,0.0,0.0,,,0.0,confirmed,confirmed,,,0,,0.0,3561712,0,0,1094094,0,0,986770,60423,2901538,0,0,59864,0,0,590796,0,0,0,0,0,0,0,0,84.07,15.93,0.0,186263,35293,0,0,221556
MO-02,house,MO,02,Fred Wellman,Ann Wagner,DEM,REP,REP,REP,-10.96,14.3,85.7,Likely R,-11.95,5.29,-11.74,-0.82,-3.37,-0.9,-11.57,0.61,False,False,,,0.0,0.0,,,0.0,confirmed,confirmed,42.5,46.0,1,-6.5,0.15,1155880,3528095,0,242217,4227396,0,0,0,913662,2411928,0,513808,651487,0,53250,1143239,0,410,0,0,0,0,0,44.52,55.48,0.0,131181,163461,0,0,294642
MO-03,house,MO,03,Bethany Mann,Bob Onder,DEM,REP,REP,REP,-19.58,2.8,97.2,Safe R,-20.24,5.29,-19.58,-1.78,-2.01,-0.83,-20.27,0.69,False,False,,,0.0,0.0,,,0.0,confirmed,confirmed,,,0,,0.0,43339,950350,0,2776,471459,0,0,0,44990,636335,0,24959,77804,0,125,373480,0,0,0,0,542,894000,0,40.21,59.79,0.0,114546,170313,0,0,284859
MO-04,house,MO,04,Jordan Herrera,Mark Alford,DEM,REP,REP,REP,-21.85,1.7,98.3,Safe R,-21.08,5.29,-21.85,-2.07,-3.26,-0.73,-21.37,-0.48,False,False,,,0.0,0.0,,,0.0,confirmed,confirmed,,,0,,0.0,41657,1392968,0,19366,747401,0,0,0,22674,864475,0,15561,16601,0,0,567061,0,8558,0,0,0,0,0,39.08,60.92,0.0,108051,168461,0,0,276512
MO-05,house,MO,05,Emanuel Cleaver,Rick Brattin,DEM,REP,DEM,DEM,-8.83,19.5,80.5,Likely R,-17.47,5.29,-8.83,0.69,3.1,-0.45,-18.62,9.79,False,False,,,0.0,0.0,,,0.0,confirmed,confirmed,,,0,,0.0,1336738,331764,0,1142882,222510,0,1213054,982544,1083483,109254,0,148137,4286,0,849891,39087,0,0,0,0,0,0,0,45.58,54.42,0.0,106221,126803,0,0,233024
MO-06,house,MO,06,Josh Smead,Chris Stigall,DEM,REP,,REP,-23.28,1.2,98.8,Safe R,-26.78,5.29,-23.28,-1.04,0.0,-0.75,-27.0,3.71,False,False,,,0.0,0.0,,,0.0,confirmed,confirmed,,,0,,0.0,72101,599336,0,16947,166050,0,182000,248691,55155,433286,0,31859,18699,0,0,76000,0,8353,0,0,0,63950,0,38.36,61.64,0.0,101263,162735,0,0,263998
MO-07,house,MO,07,Missi Hesketh,Eric Burlison,DEM,REP,REP,REP,-43.37,0.0,100.0,Safe R,-43.17,5.29,-43.37,-2.03,-2.63,-0.83,-43.18,-0.19,False,False,,,0.0,0.0,,,0.0,confirmed,confirmed,,,0,,0.0,50540,1460463,0,33543,953675,0,0,12107,22134,1108175,0,26365,619936,0,8500,245255,0,0,0,0,0,0,0,28.31,71.69,0.0,74629,188938,0,0,263567
MO-08,house,MO,08,Christopher Reichard,Jason Smith,DEM,REP,REP,REP,-54.6,0.0,100.0,Safe R,-53.72,5.29,-54.6,-3.42,-1.83,-0.93,-54.42,-0.18,False,False,,,0.0,0.0,,,0.0,confirmed,confirmed,,,0,,0.0,5674,5264183,0,1942,5012103,0,0,0,3732,3269224,0,4269,273782,0,0,2734275,0,109,0,0,5196,0,0,22.7,77.3,0.0,58694,199878,0,0,258572
MS-01,house,MS,01,Cliff Johnson,Trent Kelly,DEM,REP,REP,REP,-32.33,0.1,99.9,Safe R,-33.72,5.29,-32.33,-0.42,-2.99,-0.5,-37.53,5.2,False,False,,,0.0,0.0,,,0.0,confirmed,confirmed,,,0,,0.0,551243,1004205,0,149645,863664,0,0,0,401599,749399,0,137251,16080,0,2500,500635,0,21869,0,0,0,0,0,33.83,66.17,0.0,76745,150090,0,0,226836
MS-02,house,MS,02,Bennie Thompson,Ron Eller,DEM,REP,DEM,DEM,35.61,100.0,0.0,Safe D,24.68,5.29,35.61,1.61,4.05,-0.02,20.59,15.02,False,False,,,0.0,0.0,,,0.0,projected,projected,,,0,,0.0,770971,45390,0,1449522,35874,0,0,0,947613,46245,0,6419,6118,0,566744,150,0,0,2921,0,0,2500,0,67.8,32.2,0.0,136054,64604,0,0,200658
MS-03,house,MS,03,Michael Chiaradio,Mike Guest,DEM,REP,REP,REP,-23.83,1.0,99.0,Safe R,-25.9,5.29,-23.83,-1.09,-1.67,-0.47,-29.5,5.67,False,False,,,0.0,0.0,,,0.0,projected,projected,,,0,,0.0,155400,822761,0,23208,962515,0,0,0,132191,371591,0,69258,5410,0,2800,370000,0,17776,0,0,17149,0,0,38.08,61.92,0.0,86221,140174,0,0,226395
MS-04,house,MS,04,Jeffrey Hulum,Mike Ezell,DEM,REP,REP,REP,-41.43,0.0,100.0,Safe R,-39.53,5.29,-41.43,-1.93,-4.75,-0.51,-43.01,1.57,False,False,,,0.0,0.0,,,0.0,confirmed,confirmed,,,0,,0.0,29045,990106,0,6534,123359,0,0,0,22864,1018212,0,5890,12096,0,500,477000,0,3500,0,0,3500,0,0,29.28,70.72,0.0,60240,145475,0,0,205715
MT-01,house,MT,01,Sam Forstag,Aaron Flint,DEM,REP,,REP,-7.25,24.0,76.0,Likely R,-12.06,5.29,-7.89,-0.14,0.0,-0.98,-11.92,4.67,False,False,,,0.0,0.0,,,0.0,projected,projected,43.87,44.5,2,-3.63,0.15,1382873,1303394,0,550079,502201,0,260465,1468950,832794,801193,0,495944,290173,0,140650,330600,0,1267,0,0,0,246238,0,46.37,53.63,0.0,104548,120900,0,0,225448
MT-02,house,MT,02,Brian Miller,Troy Downing,DEM,REP,REP,REP,-33.63,0.1,99.9,Safe R,-31.02,5.29,-33.63,-2.59,-4.27,-1.04,-30.51,-3.12,False,False,,,0.0,0.0,,,0.0,projected,projected,,,0,,0.0,19174,2127927,0,3166,650464,0,0,0,14573,1588993,0,4916,496243,0,1000,681678,0,4832,0,0,0,2026506,0,33.19,66.81,0.0,65252,131374,0,0,196626
NC-01,house,NC,01,Don Davis,Laurie Buckhout,DEM,REP,DEM,DEM,2.92,61.2,38.8,Lean D,-8.05,5.29,3.3,0.04,6.36,-0.35,-11.71,14.63,False,False,,,0.0,0.0,,,0.0,confirmed,confirmed,43.96,41.76,3,0.79,0.15,4287386,3793077,0,3570366,1829661,0,167771,920003,987862,1989720,0,367550,83111,0,1530112,351704,0,0,2402740,0,0,3501000,0,51.46,48.54,0.0,150157,141634,0,0,291792
NC-02,house,NC,02,Deborah Ross,Eugene Douglass,DEM,REP,DEM,DEM,45.22,100.0,0.0,Safe D,36.73,5.29,45.22,0.0,3.34,-0.14,34.41,10.81,False,False,,,0.0,0.0,,,0.0,projected,projected,,,0,,0.0,1675978,0,0,1337687,0,0,0,0,1075801,0,0,65366,0,0,689413,0,0,0,0,0,9555,0,0,72.61,27.39,0.0,209952,79200,0,0,289152
NC-03,house,NC,03,Raymond Smith,Greg Murphy,DEM,REP,REP,REP,-8.03,21.7,78.3,Likely R,-10.09,5.29,-8.03,-1.48,-1.67,-0.08,-13.76,5.74,False,False,,,0.0,0.0,,,0.0,projected,projected,,,0,,0.0,223119,2357956,0,73711,2697820,0,184602,0,137467,1243599,0,70520,28721,0,27250,1036299,0,100,0,0,0,0,0,45.99,54.01,0.0,111407,130849,0,0,242256
NC-04,house,NC,04,Valerie Foushee,Mahesh Ganorkar,DEM,REP,DEM,DEM,58.73,100.0,0.0,Safe D,48.42,5.29,58.73,1.88,3.37,-0.24,46.04,12.69,False,False,,,0.0,0.0,,,0.0,projected,projected,,,0,,0.0,912011,11917,0,47788,16967,0,2382171,241900,949918,10302,0,86347,1095,0,495618,1000,0,0,4569,0,4000,0,0,79.36,20.64,0.0,242716,63111,0,0,305827
NC-05,house,NC,05,Chuck Hubbard,Virginia Foxx,DEM,REP,REP,REP,-10.9,14.4,85.6,Likely R,-14.95,5.29,-10.9,-0.92,0.13,-0.46,-17.92,7.02,False,False,,,0.0,0.0,,,0.0,projected,projected,,,0,,0.0,394695,1662604,0,99815,3369069,0,177804,0,302276,1204804,0,181733,25085,0,3350,419516,0,0,0,0,20000,0,0,44.55,55.45,0.0,127318,158470,0,0,285788
NC-06,house,NC,06,Cyril Jefferson,Addison McDowell,DEM,REP,REP,REP,-13.05,10.2,89.8,Likely R,-15.12,5.29,-13.05,-1.22,-1.67,-0.33,-17.36,4.31,False,False,,,0.0,0.0,,,0.0,projected,projected,,,0,,0.0,199881,1226408,0,13898,381728,0,0,0,185984,852003,0,37641,16395,0,7400,515505,0,0,0,0,0,28602,0,43.48,56.52,0.0,119205,154978,0,0,274184
NC-07,house,NC,07,Kimberly Hardy,David Rouzer,DEM,REP,REP,REP,-10.75,14.8,85.2,Likely R,-11.13,5.29,-11.08,-1.34,-3.43,-0.47,-14.02,3.27,False,False,LIB,,0.0,0.0,,,0.0,projected,projected,,,0,,0.0,293818,1990423,0,65017,2301487,0,0,0,228801,1124461,0,99168,6705,0,9411,1209699,0,0,0,0,0,0,0,43.9,54.48,1.62,136199,169016,5026,0,310241
NC-08,house,NC,08,Colby Watson,Mark Harris,DEM,REP,REP,REP,-17.13,4.8,95.2,Safe R,-17.17,5.29,-17.13,-1.86,-2.87,-0.52,-19.62,2.49,False,False,,,0.0,0.0,,,0.0,projected,projected,,,0,,0.0,39569,1019134,0,2343,517853,0,0,0,37232,608814,0,7059,74543,0,3700,200500,0,25460,0,0,0,0,0,41.43,58.57,0.0,118833,167963,0,0,286796
NC-09,house,NC,09,Richard Ojeda,Richard Hudson,DEM,REP,REP,REP,-11.65,12.9,87.1,Likely R,-13.46,5.29,-11.65,-0.24,-3.02,-0.21,-16.03,4.38,False,False,,,0.0,0.0,,,0.0,projected,projected,,,0,,0.0,2237508,3215341,0,163673,1335132,0,221885,0,2073836,2511943,0,1666772,214005,0,18842,1605397,0,0,0,0,0,0,0,44.18,55.82,0.0,118337,149537,0,0,267874
NC-10,house,NC,10,Ashley Bell,Pat Harrigan,DEM,REP,REP,REP,-15.73,6.3,93.7,Likely R,-15.29,5.29,-16.56,-1.6,-4.63,-0.34,-17.89,2.16,False,False,,,0.0,0.0,,,0.0,projected,projected,37.5,51.5,1,-11.0,0.15,84024,1081821,0,26174,451275,0,0,0,57805,683387,0,30263,81411,0,3050,359925,0,14948,0,0,8486,0,0,42.14,57.86,0.0,122804,168643,0,0,291447
NC-11,house,NC,11,Jamie Ager,Generic Republican,DEM,REP,,REP,-3.54,36.5,63.5,Lean R,-8.11,5.29,-3.54,0.0,0.0,-0.72,-9.61,6.08,False,False,,,0.0,0.0,,,0.0,confirmed,projected,,,0,,0.0,3052354,0,0,2184778,0,0,309473,0,867576,0,0,556269,0,0,231570,0,0,0,0,0,0,0,0,48.23,51.77,0.0,148969,159897,0,0,308866
NC-12,house,NC,12,Alma Adams,John Codiga,DEM,REP,DEM,DEM,59.63,100.0,0.0,Safe D,50.14,5.29,59.63,1.26,2.65,0.29,47.04,12.6,False,False,,,0.0,0.0,,,0.0,projected,projected,,,0,,0.0,370506,28704,0,456594,3,0,0,0,487322,28701,0,12384,1857,0,274275,0,0,0,3053,0,0,3000,0,79.82,20.18,0.0,198714,50248,0,0,248963
NC-13,house,NC,13,Paul Barringer,Brad Knott,DEM,REP,REP,REP,-13.65,9.2,90.8,Likely R,-14.83,5.29,-13.19,-0.19,-3.23,-0.22,-16.71,3.05,False,False,GRN,,0.0,0.0,,,0.0,projected,projected,,,0,,0.0,1022610,1339161,0,514555,707795,0,0,0,508054,648627,0,76837,28235,0,8100,657718,0,461846,0,0,320000,760483,0,42.38,55.77,1.85,126257,166177,5512,0,297946
NC-14,house,NC,14,Lakesha Womack,Tim Moore,DEM,REP,REP,REP,-13.14,10.1,89.9,Likely R,-13.63,5.29,-14.49,-2.3,-3.38,-0.46,-15.22,2.08,False,False,,,0.0,0.0,,,0.0,projected,projected,39.0,47.5,1,-5.5,0.15,24888,1538952,0,-376,1581992,0,0,80948,26124,880526,0,11823,22782,0,2200,435700,0,0,0,0,0,0,0,43.43,56.57,0.0,124360,161977,0,0,286337
ND-01,house,ND,01,Trygve Hammer,Julie Fedorchak,DEM,REP,REP,REP,-35.66,0.0,100.0,Safe R,-36.86,5.29,-35.66,-1.5,-1.67,-0.92,-37.39,1.73,False,False,,,0.0,0.0,,,0.0,projected,projected,,,0,,0.0,190064,1730663,0,67391,1055571,0,0,0,122672,1004420,0,98864,7624,0,2900,962475,0,15,0,0,0,0,0,32.17,67.83,0.0,82901,174808,0,0,257708
NE-01,house,NE,01,Christopher Backemeyer,Mike Flood,DEM,REP,REP,REP,-9.41,18.0,82.0,Likely R,-8.63,5.29,-9.83,-0.99,-4.96,-0.54,-13.23,3.82,False,False,,,0.0,0.0,,,0.0,projected,projected,38.0,45.0,1,-7.0,0.15,592233,2368910,0,290611,1560751,0,0,0,301622,1028941,0,98457,36065,0,25000,1127179,0,104319,0,0,100000,6046,0,45.3,54.7,0.0,100923,121888,0,0,222811
NE-02,house,NE,02,Denise Powell,Brinker Harding,DEM,REP,,REP,12.85,89.4,10.6,Likely D,9.23,5.29,14.59,0.43,0.0,-0.36,4.68,8.17,False,False,,,0.0,0.0,,,0.0,confirmed,confirmed,46.5,40.5,1,3.0,0.15,2668287,2034386,0,997390,1070769,0,3102987,100001,1670897,963618,0,493969,52231,0,310406,255800,0,65033,3500,0,75000,0,0,56.42,43.58,0.0,125085,96600,0,0,221685
NE-03,house,NE,03,Becky Stille,Adrian Smith,DEM,REP,REP,REP,-52.38,0.0,100.0,Safe R,-49.58,5.29,-52.38,-2.18,-5.38,-0.53,-54.43,2.05,False,False,,,0.0,0.0,,,0.0,projected,projected,,,0,,0.0,55101,1777414,0,14834,1023354,0,0,282975,40268,1682292,0,11451,3630,0,50,1298250,0,36731,0,0,36731,0,0,23.81,76.19,0.0,52028,166488,0,0,218516
NH-01,house,NH,01,Stefany Shaheen,Anthony DiLorenzo,DEM,REP,,DEM,5.19,69.3,30.7,Lean D,0.7,5.29,5.19,0.04,0.0,-0.85,2.02,3.17,False,False,,,0.0,0.0,,,0.0,projected,projected,,,0,,0.0,2208010,2326786,0,1200445,1187441,0,766295,0,1007564,1139345,0,366546,52850,0,85305,7000,0,7000,1650000,0,0,1650000,0,52.59,47.41,0.0,152393,137365,0,0,289758
NH-02,house,NH,02,Maggie Goodlander,Lily Williams,DEM,REP,DEM,DEM,15.66,93.6,6.4,Likely D,2.75,5.29,15.0,0.88,6.93,-0.86,3.63,12.04,False,False,,,0.0,0.0,,,0.0,projected,projected,49.87,31.71,6,18.16,0.21,3709390,1108535,0,2514390,664220,0,0,0,1252998,573795,0,209243,599501,0,311303,0,0,0,120000,0,0,120000,0,57.83,42.17,0.0,166887,121687,0,0,288574
NJ-01,house,NJ,01,Donald Norcross,Damon Galdo,DEM,REP,DEM,DEM,33.88,100.0,0.0,Safe D,24.11,5.29,33.88,2.5,2.11,-0.14,19.0,14.87,False,False,,,0.0,0.0,,,0.0,projected,projected,,,0,,0.0,1657743,11125,0,2365599,5056,0,0,0,999633,6138,0,11139,6233,0,791232,500,0,0,100,0,0,100,0,66.94,33.06,0.0,176802,87328,0,0,264130
NJ-02,house,NJ,02,Zack Mullock,Jeff Van Drew,DEM,REP,REP,REP,-9.08,18.9,81.1,Likely R,-7.69,5.29,-8.38,-1.01,-4.87,-0.1,-13.29,4.21,False,False,,,0.0,0.0,,,0.0,projected,projected,36.0,46.0,1,-13.0,0.15,462863,1930058,0,120210,1538041,0,0,0,342653,1154447,0,76814,219043,0,6000,327471,0,110000,0,0,110000,11668,0,45.46,54.54,0.0,119857,143788,0,0,263645
NJ-03,house,NJ,03,Herb Conaway,Michael McGuire,DEM,REP,DEM,DEM,23.25,98.8,1.2,Safe D,12.9,5.29,23.25,1.52,3.88,-0.34,7.92,15.33,False,False,,,0.0,0.0,,,0.0,projected,projected,,,0,,0.0,934660,79190,0,439329,807,0,0,0,532745,78383,0,54194,5115,0,500874,0,0,0,21000,0,0,94594,0,61.62,38.38,0.0,166230,103515,0,0,269745
NJ-04,house,NJ,04,Rachel Peace,Chris Smith,DEM,REP,REP,REP,-28.33,0.3,99.7,Safe R,-25.69,5.29,-28.33,-1.52,-5.89,-0.51,-31.01,2.68,False,False,,,0.0,0.0,,,0.0,projected,projected,,,0,,0.0,34352,592016,0,5363,488316,0,0,0,28989,467765,0,14725,85452,0,0,216783,0,6712,0,0,25692,0,0,35.84,64.16,0.0,101265,181304,0,0,282569
NJ-05,house,NJ,05,Josh Gottheimer,Sean Kirrane,DEM,REP,DEM,DEM,22.5,98.6,1.4,Safe D,7.48,5.29,22.5,2.86,7.03,-0.17,1.29,21.21,False,False,,,0.0,0.0,,,0.0,projected,projected,,,0,,0.0,4765145,55656,0,12773075,8034,0,0,0,12704564,47622,0,20739,3603,0,882050,0,0,0,25054,0,0,24325,0,61.25,38.75,0.0,168552,106644,0,0,275197
NJ-06,house,NJ,06,Frank Pallone,Hillary Herzig,DEM,REP,DEM,DEM,28.46,99.7,0.3,Safe D,13.35,5.29,28.46,2.75,6.79,0.28,6.23,22.23,False,False,,,0.0,0.0,,,0.0,projected,projected,,,0,,0.0,2214837,7645,0,3066966,1866,0,0,0,2219781,5779,0,7797,1190,0,1455707,0,0,0,2786,0,0,4351,0,64.23,35.77,0.0,142753,79495,0,0,222248
NJ-07,house,NJ,07,Rebecca Bennett,Tom Kean Jr.,DEM,REP,REP,REP,4.98,68.6,31.4,Lean D,2.5,5.29,5.69,-0.04,-1.67,-0.4,-1.9,6.88,False,False,,,0.0,0.0,,,0.0,confirmed,confirmed,47.0,43.0,1,1.0,0.15,4272034,4892807,0,1445694,3634205,0,1799932,725906,2826340,1306888,0,632513,220555,0,272746,1194427,0,0,0,0,0,0,0,52.49,47.51,0.0,161297,145987,0,0,307284
NJ-08,house,NJ,08,Rob Menendez,Republican candidate (NJ-08),DEM,REP,DEM,DEM,46.07,100.0,0.0,Safe D,37.46,5.29,46.07,0.0,1.67,1.66,28.85,17.22,False,False,,,0.0,0.0,,,0.0,confirmed,projected,,,0,,0.0,1958766,0,0,679737,0,0,34890,0,1555715,0,0,13337,0,0,734489,0,0,0,0,0,0,0,0,73.04,26.96,0.0,110968,40966,0,0,151934
NJ-09,house,NJ,09,Nelida Pou,Rosemary Pino,DEM,REP,DEM,DEM,21.69,98.3,1.7,Safe D,7.96,5.29,21.69,1.29,6.01,1.14,-1.3,22.99,False,False,,,0.0,0.0,,,0.0,projected,projected,,,0,,0.0,2661928,437829,0,1793359,39624,0,0,0,1021043,398205,0,231971,251372,0,1024879,0,0,0,0,0,0,157218,0,60.85,39.15,0.0,116571,75016,0,0,191587
NJ-10,house,NJ,10,Lamonica McIver,Carmen Bucco,DEM,REP,DEM,DEM,66.65,100.0,0.0,Safe D,56.3,5.29,66.65,2.8,1.49,0.77,48.73,17.93,False,False,,,0.0,0.0,,,0.0,projected,projected,,,0,,0.0,2136938,2270,0,814120,1018,0,0,0,1486031,1252,0,1072110,360,0,553383,0,0,0,910,0,0,0,0,83.33,16.67,0.0,148214,29656,0,0,177870
NJ-11,house,NJ,11,Analilia Mejia,Joe Hathaway,DEM,REP,DEM,DEM,21.1,98.0,2.0,Safe D,13.47,5.29,21.1,0.81,1.67,-0.14,7.93,13.18,False,False,,,0.0,0.0,,,0.0,projected,projected,,,0,,0.0,1823436,657711,0,27475,5036,0,648446,0,1795960,652675,0,633740,71416,0,336506,40500,0,7000,0,0,111426,11452,0,60.55,39.45,0.0,167254,108963,0,0,276216
NJ-12,house,NJ,12,Adam Hamawy,Gregg Mele,DEM,REP,,DEM,37.54,100.0,0.0,Safe D,29.92,5.29,37.54,2.13,0.0,0.2,23.58,13.97,False,False,,,0.0,0.0,,,0.0,projected,projected,,,0,,0.0,1533852,79425,0,91930,3084,0,1900174,0,1441921,76341,0,263767,16648,0,56806,0,0,0,53746,0,0,98552,0,68.77,31.23,0.0,159043,72219,0,0,231262
NM-01,house,NM,01,Melanie Stansbury,Ndidiamaka Okpareke,DEM,REP,DEM,DEM,26.47,99.5,0.5,Safe D,16.3,5.29,26.47,1.68,2.33,0.87,13.0,13.47,False,False,,,0.0,0.0,,,0.0,projected,projected,,,0,,0.0,1353564,100340,0,416711,42741,0,0,0,1082562,57599,0,467355,15340,0,202335,1900,0,0,0,0,0,0,0,63.23,36.77,0.0,156551,91024,0,0,247575
NM-02,house,NM,02,Gabriel Vasquez,Greg Cunningham,DEM,REP,DEM,DEM,14.95,92.7,7.3,Likely D,3.45,5.29,16.88,0.67,5.64,1.83,-1.84,16.79,False,False,,,0.0,0.0,,,0.0,projected,projected,44.0,43.0,1,4.0,0.15,3784102,1510080,0,2378703,794187,0,0,0,1444484,715893,0,385490,142850,0,990919,158100,0,0,0,0,0,0,0,57.47,42.53,0.0,109324,80890,0,0,190214
NM-03,house,NM,03,Teresa Leger Fernandez,Martin Zamora,DEM,REP,DEM,DEM,23.48,98.9,1.1,Safe D,10.05,5.29,23.48,0.73,6.72,0.69,5.32,18.16,False,False,,,0.0,0.0,,,0.0,projected,projected,,,0,,0.0,1249949,440623,0,666975,242569,0,0,0,990899,198054,0,114676,23608,0,212450,14200,0,0,0,0,0,0,0,61.74,38.26,0.0,128785,79803,0,0,208588
NV-01,house,NV,01,Dina Titus,Carrie Buck,DEM,REP,DEM,DEM,16.67,94.8,5.2,Likely D,5.73,5.29,16.67,-0.16,5.03,0.79,2.3,14.37,False,False,,,0.0,0.0,,,0.0,projected,projected,,,0,,0.0,1537358,1915058,0,1337525,653588,0,0,0,355197,1261470,0,50654,526707,0,766723,138100,0,0,3732,0,4000,24440,0,58.34,41.66,0.0,136895,97771,0,0,234665
NV-02,house,NV,02,Teresa Benitez-Thompson,David Flippo,DEM,REP,,REP,-6.59,26.1,73.9,Lean R,-12.1,5.29,-8.14,-1.32,0.0,-0.02,-14.26,7.67,False,False,,,0.0,0.0,,,0.0,confirmed,confirmed,48.0,46.0,1,2.0,0.153,257087,2275392,0,140607,117883,0,399937,653802,116479,2172225,0,57268,16480,0,23100,66500,0,20000,1675000,0,27163,1614965,0,46.7,53.3,0.0,137613,157038,0,0,294652
NV-03,house,NV,03,Susie Lee,Marty O'Donnell,DEM,REP,DEM,DEM,12.14,88.1,11.9,Likely D,2.83,5.29,12.14,0.06,3.88,0.08,-0.75,12.89,False,False,,,0.0,0.0,,,0.0,projected,projected,,,0,,0.0,4401421,4055410,0,3689228,2409434,0,0,0,1178847,1645976,0,246965,189257,0,1306593,271905,0,0,3007000,0,0,3000000,0,56.07,43.93,0.0,151168,118427,0,0,269595
NV-04,house,NV,04,Steven Horsford,Cody Whipple,DEM,REP,DEM,DEM,17.93,95.9,4.1,Safe D,5.76,5.29,17.93,0.97,5.12,0.79,2.37,15.56,False,False,,,0.0,0.0,,,0.0,confirmed,confirmed,,,0,,0.0,3350563,884687,0,1496222,285221,0,0,0,1860631,599467,0,209416,215816,0,1788353,7000,0,0,320119,0,22500,430235,0,58.97,41.03,0.0,141609,98546,0,0,240155
NY-01,house,NY,01,Christopher Gallant,Nick LaLota,DEM,REP,REP,REP,-2.99,38.5,61.5,Lean R,-8.24,5.29,-2.46,0.0,0.78,-0.29,-10.19,7.2,False,False,,,0.0,0.0,,,0.0,confirmed,confirmed,38.0,41.0,1,-6.0,0.15,647598,0,0,172217,0,0,0,0,475381,0,0,100617,0,0,11100,0,0,3500,0,0,0,0,0,48.5,51.5,0.0,145817,154807,0,0,300624
NY-02,house,NY,02,Patrick Halpin,Andrew Garbarino,DEM,REP,REP,REP,-11.09,14.0,86.0,Likely R,-11.1,5.29,-11.09,-1.46,-4.23,0.4,-14.08,2.99,False,False,,,0.0,0.0,,,0.0,projected,projected,,,0,,0.0,461848,3513016,0,89408,3458915,0,0,0,372440,1599708,0,50667,5584,0,9950,1805000,0,7000,0,0,0,0,0,44.46,55.54,0.0,112693,140803,0,0,253496
NY-03,house,NY,03,Tom Suozzi,Mike LiPetri,DEM,REP,DEM,DEM,15.23,93.1,6.9,Likely D,-0.13,5.29,15.23,0.87,9.48,-0.28,-4.35,19.58,False,False,,,0.0,0.0,,,0.0,projected,projected,,,0,,0.0,5456698,1666542,0,5679950,724376,0,0,0,1811089,957956,0,203262,199352,0,1584043,209500,0,0,0,0,0,56746,0,57.61,42.39,0.0,152567,112238,0,0,264804
NY-04,house,NY,04,Laura Gillen,Marvin Suber Williams,DEM,REP,DEM,REP,14.96,92.7,7.3,Likely D,4.96,5.29,17.24,2.49,4.21,0.3,1.29,13.66,False,False,,,0.0,0.0,,,0.0,projected,projected,46.0,41.0,1,2.0,0.15,5097222,137263,0,3843824,1036,0,0,0,1276602,136228,0,325671,956,0,1032059,0,0,0,121000,0,0,0,0,57.48,42.52,0.0,156369,115680,0,0,272049
NY-05,house,NY,05,Gregory Meeks,Aaron Cherry,DEM,REP,DEM,DEM,58.72,100.0,0.0,Safe D,48.88,5.29,58.72,0.0,3.89,0.65,42.8,15.92,False,False,,,0.0,0.0,,,0.0,projected,projected,,,0,,0.0,1744888,0,0,2010350,0,0,0,0,1963090,0,0,1965,0,0,928255,0,0,0,0,0,0,0,0,79.36,20.64,0.0,134432,34968,0,0,169400
NY-06,house,NY,06,Grace Meng,Juan Pagan,DEM,REP,DEM,DEM,29.42,99.8,0.2,Safe D,13.66,5.29,29.42,0.0,10.25,0.22,6.53,22.89,False,False,,,0.0,0.0,,,0.0,projected,projected,,,0,,0.0,2033045,0,0,1034068,0,0,0,0,1967862,0,0,22020,0,0,574800,0,0,0,0,0,0,0,0,64.71,35.29,0.0,94827,51716,0,0,146543
NY-07,house,NY,07,Claire Valdez,Republican candidate (NY-07),DEM,REP,,DEM,58.35,100.0,0.0,Safe D,52.12,5.29,58.35,0.0,0.0,0.94,47.19,11.16,False,False,,,0.0,0.0,,,0.0,confirmed,projected,,,0,,0.0,1693312,0,0,206842,0,0,956361,0,1486470,0,0,620052,0,0,44750,0,0,0,0,0,0,0,0,79.17,20.83,0.0,130250,34259,0,0,164509
NY-08,house,NY,08,Hakeem Jeffries,Richard Simmons,DEM,REP,DEM,DEM,60.95,100.0,0.0,Safe D,48.59,5.29,60.95,0.0,6.67,0.4,44.77,16.17,False,False,,,0.0,0.0,,,0.0,projected,projected,,,0,,0.0,14899981,0,0,5000460,0,0,0,32101,14854086,0,0,7235721,0,0,2079150,0,0,0,0,0,0,0,0,80.47,19.53,0.0,134847,32719,0,0,167566
NY-09,house,NY,09,Yvette Clarke,Jean Depalis,DEM,REP,DEM,DEM,61.94,100.0,0.0,Safe D,45.34,5.29,61.94,2.27,8.81,0.23,41.39,20.55,False,False,,,0.0,0.0,,,0.0,projected,projected,,,0,,0.0,1013953,6202,0,30978,1055,0,289695,0,1093030,4169,0,27671,0,0,581951,0,0,0,2301,0,95704,3552,0,80.97,19.03,0.0,141932,33354,0,0,175286
NY-10,house,NY,10,Brad Lander,Gavin Solomon,DEM,REP,,DEM,70.48,100.0,0.0,Safe D,65.18,5.29,70.48,0.0,0.0,0.01,61.89,8.58,False,False,,,0.0,0.0,,,0.0,confirmed,projected,,,0,,0.0,2455130,0,0,55336,0,0,432138,219039,2399794,0,0,659707,0,0,49000,0,0,0,0,0,0,0,0,85.24,14.76,0.0,165257,28619,0,0,193876
NY-11,house,NY,11,Troy McGhie,Nicole Malliotakis,DEM,REP,REP,REP,-20.03,2.6,97.4,Safe R,-20.1,5.29,-20.03,-2.3,-2.82,-0.1,-24.83,4.8,False,False,,,0.0,0.0,,,0.0,projected,projected,,,0,,0.0,79597,2750505,0,0,2767340,0,0,0,79597,1329411,0,34279,210566,0,1500,1072300,0,250,0,0,0,0,0,39.98,60.02,0.0,76334,114574,0,0,190908
NY-12,house,NY,12,Micah Lasher,Amy Jordan,DEM,REP,,DEM,73.59,100.0,0.0,Safe D,67.28,5.29,73.59,1.42,0.0,-0.39,64.9,8.7,False,False,,,0.0,0.0,,,0.0,confirmed,projected,,,0,,0.0,3315975,58897,0,1088073,0,0,11999039,3017410,2232656,58897,0,90223,1095,0,22000,0,0,500000,53500,0,500000,0,0,86.8,13.2,0.0,206002,31335,0,0,237337
NY-13,house,NY,13,Darializa Avila Chevalier,Republican candidate (NY-13),DEM,REP,,DEM,73.09,100.0,0.0,Safe D,65.96,5.29,73.09,0.0,0.0,1.84,60.27,12.82,False,False,,,0.0,0.0,,,0.0,confirmed,projected,,,0,,0.0,1354602,0,0,222087,0,0,1887856,1530657,1132514,0,0,416612,0,0,26603,0,0,0,0,0,0,0,0,86.55,13.45,0.0,145121,22557,0,0,167678
NY-14,house,NY,14,Alexandria Ocasio-Cortez,Tina Forte,DEM,REP,DEM,DEM,48.82,100.0,0.0,Safe D,39.56,5.29,48.82,2.73,-0.49,1.73,32.37,16.46,False,False,,,0.0,0.0,,,0.0,projected,projected,,,0,,0.0,32607754,803141,0,15960932,2738,0,0,0,20381469,882618,0,21547856,570124,0,28050,0,0,0,0,0,0,15000,0,74.41,25.59,0.0,105803,36383,0,0,142186
NY-15,house,NY,15,Ritchie Torres,Republican candidate (NY-15),DEM,REP,DEM,DEM,69.55,100.0,0.0,Safe D,55.78,5.29,69.55,0.0,6.49,1.99,48.81,20.74,False,False,,,0.0,0.0,,,0.0,projected,projected,,,0,,0.0,6908655,0,0,13986721,0,0,3857427,0,4345916,0,0,129722,0,0,700550,0,0,0,0,0,0,0,0,84.78,15.22,0.0,110876,19912,0,0,130788
NY-16,house,NY,16,George Latimer,Republican candidate (NY-16),DEM,REP,DEM,DEM,50.26,100.0,0.0,Safe D,36.75,5.29,50.26,0.0,7.51,0.71,33.31,16.95,False,False,,,0.0,0.0,,,0.0,projected,projected,,,0,,0.0,513967,0,0,100662,0,0,0,0,605959,0,0,47572,0,0,189650,0,0,0,0,0,0,0,0,75.13,24.87,0.0,171604,56805,0,0,228409
NY-17,house,NY,17,Cait Conley,Mike Lawler,DEM,REP,REP,REP,3.46,63.2,36.8,Lean D,3.31,5.29,4.15,-0.42,-4.09,0.06,0.56,2.9,False,False,,,0.0,0.0,,,0.0,confirmed,confirmed,47.26,47.73,3,0.04,0.168,4317457,8172046,0,1319156,4841306,0,1749553,1500000,2998301,3500108,0,707036,425903,0,422990,1926075,0,7000,0,0,0,0,0,51.73,48.27,0.0,140988,131552,0,0,272540
NY-18,house,NY,18,Pat Ryan,Sharanjit Thind,DEM,REP,DEM,DEM,16.53,94.6,5.4,Likely D,4.73,5.29,18.74,0.0,8.76,-0.04,3.35,13.17,False,False,,,0.0,0.0,,,0.0,projected,projected,42.0,35.0,1,4.0,0.15,4723627,0,0,3116479,0,0,0,0,1774339,0,0,245625,0,0,526547,0,0,0,0,0,0,0,0,58.26,41.74,0.0,151479,108513,0,0,259993
NY-19,house,NY,19,Josh Riley,Peter Oberacker,DEM,REP,DEM,DEM,13.56,90.7,9.3,Likely D,2.48,5.29,13.56,1.0,5.47,-0.68,1.8,11.76,False,False,,,0.0,0.0,,,0.0,projected,projected,,,0,,0.0,4825666,1237179,0,3190954,392868,0,60445,0,1703032,844311,0,437652,240815,0,743543,259000,0,0,130000,0,0,100000,0,56.78,43.22,0.0,152985,116447,0,0,269432
NY-20,house,NY,20,Paul Tonko,Ralph Ambrosio,DEM,REP,DEM,DEM,29.54,99.8,0.2,Safe D,15.6,5.29,29.54,1.91,7.34,-0.6,14.32,15.21,False,False,,,0.0,0.0,,,0.0,projected,projected,,,0,,0.0,957587,29026,0,404327,8119,0,0,0,1152761,20907,0,97613,7657,0,616955,1335,0,0,0,0,0,0,0,64.77,35.23,0.0,169532,92221,0,0,261754
NY-21,house,NY,21,Blake Gendebien,Anthony Constantino,DEM,REP,,REP,-13.67,9.2,90.8,Likely R,-19.39,5.29,-15.37,-0.4,0.0,-0.87,-20.76,7.09,False,False,,,0.0,0.0,,,0.0,confirmed,confirmed,44.0,45.0,1,-4.0,0.15,5461528,9460254,0,2622585,3036386,0,121618,40000,3091285,8730755,0,2589744,0,0,60400,7000,0,125,9400000,0,0,12000000,0,43.17,56.83,0.0,107901,142060,0,0,249961
NY-22,house,NY,22,John Mannion,John Lemondes,DEM,REP,DEM,DEM,24.25,99.1,0.9,Safe D,8.74,5.29,24.25,2.56,8.35,-0.69,7.69,16.56,False,False,,,0.0,0.0,,,0.0,projected,projected,,,0,,0.0,2694739,41022,0,1842997,409,0,71377,0,979983,40613,0,301510,4553,0,831621,5025,0,0,0,0,0,0,0,62.13,37.87,0.0,157651,96113,0,0,253764
NY-23,house,NY,23,Aaron Gies,Nick Langworthy,DEM,REP,REP,REP,-21.64,1.8,98.2,Safe R,-20.66,5.29,-21.64,-1.61,-3.78,-0.88,-21.19,-0.46,False,False,,,0.0,0.0,,,0.0,projected,projected,,,0,,0.0,227174,2326405,0,17795,2477498,0,0,0,203235,942715,0,64461,58551,0,0,1032142,0,0,0,0,0,0,0,39.18,60.82,0.0,108359,168222,0,0,276581
NY-24,house,NY,24,Alissa Ellman,Claudia Tenney,DEM,REP,REP,REP,-22.2,1.5,98.5,Safe R,-22.53,5.29,-22.2,-1.84,-2.27,-0.85,-23.24,1.04,False,False,,,0.0,0.0,,,0.0,projected,projected,,,0,,0.0,193088,2763139,0,12850,1373087,0,0,0,180238,1745055,0,76636,296718,0,7600,1220160,0,27597,0,0,17597,0,0,38.9,61.1,0.0,102310,160685,0,0,262996
NY-25,house,NY,25,Joe Morelle,Virginia McIntyre,DEM,REP,DEM,DEM,27.98,99.7,0.3,Safe D,19.32,5.29,27.98,2.4,1.39,-0.42,18.65,9.33,False,False,,,0.0,0.0,,,0.0,projected,projected,,,0,,0.0,1786904,32416,0,408038,12261,0,571931,0,1759070,20155,0,61270,6308,0,853475,2000,0,0,0,0,0,0,0,63.99,36.01,0.0,168406,94763,0,0,263169
NY-26,house,NY,26,Timothy Kennedy,Republican candidate (NY-26),DEM,REP,DEM,DEM,36.76,100.0,0.0,Safe D,21.02,5.29,36.76,0.0,10.93,-0.48,19.56,17.2,False,False,,,0.0,0.0,,,0.0,projected,projected,,,0,,0.0,2310288,0,0,1213878,0,0,0,0,1435475,0,0,57306,0,0,575739,0,0,0,0,0,0,0,0,68.38,31.62,0.0,162643,75208,0,0,237850
OH-01,house,OH,01,Greg Landsman,Eric Conroy,DEM,REP,DEM,DEM,11.47,86.8,13.2,Likely D,1.44,5.29,11.47,0.77,4.61,-0.64,-2.62,14.09,False,False,,,0.0,0.0,,,0.0,projected,projected,,,0,,0.0,4633250,1513614,0,3610214,474156,0,0,351300,1203152,1039457,0,242861,300934,0,976688,282647,0,0,326142,0,0,394102,0,55.74,44.26,0.0,154986,123084,0,0,278071
OH-02,house,OH,02,Jennifer Mazzuckelli,David Taylor,DEM,REP,REP,REP,-36.47,0.0,100.0,Safe R,-38.16,5.29,-36.47,0.0,-2.62,-0.98,-42.48,6.01,False,False,,,0.0,0.0,,,0.0,projected,projected,,,0,,0.0,0,1095248,0,0,442977,0,0,0,0,780078,0,0,151894,0,0,429000,0,0,0,0,0,1707300,0,31.76,68.24,0.0,83604,179611,0,0,263215
OH-03,house,OH,03,Joyce Beatty,Republican candidate (OH-03),DEM,REP,DEM,DEM,52.42,100.0,0.0,Safe D,44.92,5.29,52.42,0.0,2.61,-0.39,40.65,11.77,False,False,,,0.0,0.0,,,0.0,projected,projected,,,0,,0.0,1201451,0,0,2776821,0,0,0,0,1137204,0,0,25836,0,0,889517,0,0,0,0,0,2500,0,0,76.21,23.79,0.0,191170,59672,0,0,250842
OH-04,house,OH,04,Tamara Wilson,Jim Jordan,DEM,REP,REP,REP,-38.87,0.0,100.0,Safe R,-38.92,5.29,-38.87,-3.15,-1.21,-0.87,-43.01,4.14,False,False,,,0.0,0.0,,,0.0,projected,projected,,,0,,0.0,22050,4774322,0,520820,6030301,0,0,0,0,6230902,0,16879,1950436,0,0,529815,0,0,0,0,0,0,0,30.57,69.43,0.0,84799,192636,0,0,277434
OH-05,house,OH,05,Daniel Burket,Bob Latta,DEM,REP,REP,REP,-22.66,1.4,98.6,Safe R,-19.61,5.29,-22.66,-2.45,-5.23,-0.66,-23.97,1.31,False,False,,,0.0,0.0,,,0.0,projected,projected,,,0,,0.0,7551,1461648,0,0,1019993,0,0,0,7551,1038450,0,4752,34441,0,0,810650,0,1299,0,0,0,0,0,38.67,61.33,0.0,104895,166374,0,0,271270
OH-06,house,OH,06,Malcolm Ritchie,Michael Rulli,DEM,REP,REP,REP,-28.73,0.3,99.7,Safe R,-29.83,5.29,-28.73,-2.12,-1.23,-0.84,-34.9,6.17,False,False,,,0.0,0.0,,,0.0,projected,projected,,,0,,0.0,19728,1127553,0,0,284711,0,0,0,19728,913479,0,5531,9740,0,250,705286,0,11415,0,0,0,0,0,35.63,64.37,0.0,91175,164687,0,0,255863
OH-07,house,OH,07,Brian Poindexter,Max Miller,DEM,REP,REP,REP,-2.3,41.1,58.9,Toss-up,-7.36,5.29,-5.44,-0.51,-2.0,-0.86,-11.15,8.84,False,False,,,0.0,0.0,,,0.0,projected,projected,48.25,41.28,4,6.52,0.262,603156,2142562,0,312290,1379132,0,1481485,171674,290865,937959,0,148902,165677,0,162073,656841,0,1421,0,0,0,970000,0,48.85,51.15,0.0,145684,152550,0,0,298234
OH-08,house,OH,08,Vanessa Enoch,Warren Davidson,DEM,REP,REP,REP,-8.97,19.1,80.9,Likely R,-12.37,5.29,-8.97,0.0,-1.23,-0.67,-15.78,6.8,False,False,,,0.0,0.0,,,0.0,projected,projected,,,0,,0.0,0,661353,0,2987,529910,0,0,0,0,526145,0,11204,6597,0,14192,273950,0,0,0,0,0,0,0,45.51,54.49,0.0,128262,153549,0,0,281811
OH-09,house,OH,09,Marcy Kaptur,Derek Merrin,DEM,REP,DEM,DEM,9.1,81.2,18.8,Likely D,-5.96,5.29,10.88,0.77,11.37,-0.59,-10.68,19.78,False,False,,,0.0,0.0,,,0.0,projected,projected,43.0,47.0,1,-1.0,0.15,4303416,1508953,0,3491668,531214,0,86000,37000,1260674,1054389,0,448413,88590,0,1126725,116900,0,0,310000,0,0,88352,0,54.55,45.45,0.0,145533,121265,0,0,266797
OH-10,house,OH,10,Kristina Knickerbocker,Mike Turner,DEM,REP,REP,REP,-9.74,17.2,82.8,Likely R,-3.96,5.29,-9.94,-0.62,-9.99,-0.65,-7.86,-1.88,False,False,,,0.0,0.0,,,0.0,projected,projected,41.05,47.01,2,-8.95,0.197,362666,894595,0,125160,556284,0,0,0,237506,768735,0,75520,48775,0,26500,399000,0,7028,0,0,48362,0,0,45.13,54.87,0.0,119775,145628,0,0,265403
OH-11,house,OH,11,Shontel Brown,Mike Kirchner,DEM,REP,DEM,DEM,70.32,100.0,0.0,Safe D,60.09,5.29,70.32,0.0,4.98,-0.04,55.47,14.85,False,False,,,0.0,0.0,,,0.0,projected,projected,,,0,,0.0,1183643,0,0,1156556,0,0,0,0,882901,0,0,39308,0,0,723196,0,0,0,0,0,0,0,0,85.16,14.84,0.0,191071,33294,0,0,224365
OH-12,house,OH,12,Jerrad Christian,Troy Balderson,DEM,REP,REP,REP,-26.05,0.6,99.4,Safe R,-26.67,5.29,-26.05,-1.94,-1.79,-0.93,-30.36,4.31,False,False,,,0.0,0.0,,,0.0,projected,projected,,,0,,0.0,84378,1743281,0,18925,1982352,0,0,0,69210,767354,0,54369,16715,0,2250,1040300,0,0,0,0,0,0,0,36.98,63.02,0.0,106160,180941,0,0,287101
OH-13,house,OH,13,Emilia Sykes,Carey Coleman,DEM,REP,DEM,DEM,18.45,96.4,3.6,Safe D,7.59,5.29,18.45,2.17,4.16,-0.76,3.32,15.13,False,False,,,0.0,0.0,,,0.0,projected,projected,,,0,,0.0,3135891,127109,0,1897462,77727,0,0,0,1361107,49382,0,414239,32140,0,1006777,8000,0,0,51000,0,0,57778,0,59.22,40.78,0.0,161830,111419,0,0,273248
OH-14,house,OH,14,Maria Jukic,David Joyce,DEM,REP,REP,REP,-20.18,2.5,97.5,Safe R,-16.03,5.29,-20.18,-1.93,-6.65,-0.87,-20.53,0.35,False,False,,,0.0,0.0,,,0.0,projected,projected,,,0,,0.0,61678,1410643,0,33693,3121595,0,0,12000,19515,1031924,0,23317,20291,0,0,967101,0,80,0,0,9012,0,0,39.91,60.09,0.0,115494,173910,0,0,289404
OH-15,house,OH,15,Don Leonard,Mike Carey,DEM,REP,REP,REP,-6.01,27.9,72.1,Lean R,-6.09,5.29,-6.01,-1.22,-3.35,-0.65,-10.11,4.1,False,False,,,0.0,0.0,,,0.0,confirmed,confirmed,,,0,,0.0,606658,3299678,0,252402,2056713,0,0,0,354256,1404260,0,90488,51245,0,11250,1742650,0,11920,0,0,10000,0,0,46.99,53.01,0.0,118635,133818,0,0,252454
OK-01,house,OK,01,John Croisant,Jackson Lahmeyer,DEM,REP,,REP,-17.82,4.1,95.9,Safe R,-21.7,5.29,-17.82,-0.85,0.0,-0.56,-22.0,4.18,False,False,,,0.0,0.0,,,0.0,projected,projected,,,0,,0.0,141972,415914,0,36579,10742,0,24500,478722,105393,405172,0,46686,47089,0,0,30000,0,1000,108078,0,0,60000,0,41.09,58.91,0.0,90599,129898,0,0,220496
OK-02,house,OK,02,Erik Terwey,Josh Brecheen,DEM,REP,REP,REP,-52.36,0.0,100.0,Safe R,-54.96,5.29,-52.36,-1.1,-0.28,-1.31,-56.51,4.15,False,False,,,0.0,0.0,,,0.0,projected,projected,,,0,,0.0,11759,218894,0,2507,76064,0,0,0,9252,213526,0,7038,4729,0,0,110008,0,600,0,0,0,0,0,23.82,76.18,0.0,54290,173645,0,0,227935
OK-03,house,OK,03,Jules Roberson,Frank Lucas,DEM,REP,REP,REP,-46.29,0.0,100.0,Safe R,-44.66,5.29,-46.29,-2.2,-4.46,-0.26,-45.69,-0.6,False,False,,,0.0,0.0,,,0.0,projected,projected,,,0,,0.0,945,907279,0,511,532512,0,0,0,434,993052,0,340,4066,0,0,674481,0,105,0,0,0,0,0,26.85,73.15,0.0,51666,140735,0,0,192401
OK-04,house,OK,04,Mitchell Jacob,Tom Cole,DEM,REP,REP,REP,-35.64,0.0,100.0,Safe R,-32.69,5.29,-35.64,-2.65,-4.87,-0.71,-33.57,-2.06,False,False,,,0.0,0.0,,,0.0,projected,projected,,,0,,0.0,65289,3827891,0,4166,2599733,0,0,250000,61123,3008432,0,15682,109109,0,0,1568079,0,23231,0,0,22500,0,0,32.18,67.82,0.0,70129,147793,0,0,217922
OK-05,house,OK,05,Jena Nelson,Stephanie Bice,DEM,REP,REP,REP,-17.68,4.3,95.7,Safe R,-18.45,5.29,-17.68,-1.04,-2.87,-0.62,-18.66,0.98,False,False,,,0.0,0.0,,,0.0,projected,projected,,,0,,0.0,449421,1943507,0,17334,2021981,0,0,0,432087,1007476,0,174155,41602,0,3500,973750,0,0,0,0,38312,0,0,41.16,58.84,0.0,97737,139732,0,0,237469
OR-01,house,OR,01,Suzanne Bonamici,Barbara Kahl,DEM,REP,DEM,DEM,49.78,100.0,0.0,Safe D,38.94,5.29,49.78,2.08,3.85,-0.38,39.2,10.57,False,False,,,0.0,0.0,,,0.0,projected,projected,,,0,,0.0,816770,4466,0,572435,212,0,0,0,790299,3555,0,58564,1246,0,423600,500,0,0,0,0,0,10870,0,74.89,25.11,0.0,192935,64691,0,0,257626
OR-02,house,OR,02,Chris Beck,Cliff Bentz,DEM,REP,REP,REP,-28.7,0.3,99.7,Safe R,-27.88,5.29,-28.7,-1.49,-4.12,-0.49,-27.9,-0.8,False,False,,,0.0,0.0,,,0.0,projected,projected,,,0,,0.0,94774,1011413,0,53777,1420775,0,0,0,40996,646983,0,20945,44713,0,7850,561542,0,0,0,0,1307,0,0,35.65,64.35,0.0,91697,165501,0,0,257197
OR-03,house,OR,03,Maxine Dexter,Loran Ayles,DEM,REP,DEM,DEM,55.49,100.0,0.0,Safe D,47.51,5.29,55.49,0.0,3.05,-0.37,47.61,7.88,False,False,,,0.0,0.0,,,0.0,projected,projected,,,0,,0.0,1038514,0,0,173687,0,0,0,0,887314,0,0,92790,0,0,350972,0,0,0,0,0,0,0,0,77.74,22.26,0.0,191358,54785,0,0,246143
OR-04,house,OR,04,Valerie Hoyle,Monique Despain,DEM,REP,DEM,DEM,17.33,95.4,4.6,Safe D,12.02,5.29,17.33,0.47,0.25,-0.71,12.44,4.88,False,False,,,0.0,0.0,,,0.0,projected,projected,,,0,,0.0,1222922,677571,0,520840,387695,0,292419,0,791472,289876,0,65059,93427,0,609627,24999,0,0,30434,0,0,30000,0,58.66,41.34,0.0,160687,113228,0,0,273916
OR-05,house,OR,05,Janelle Bynum,Patti Adair,DEM,REP,DEM,REP,16.94,95.0,5.0,Safe D,8.24,5.29,16.94,1.57,2.47,-0.63,8.92,8.03,False,False,,,0.0,0.0,,,0.0,confirmed,confirmed,,,0,,0.0,3760212,423922,0,2715860,135365,0,60445,0,1089484,288556,0,476165,103182,0,1145915,3750,0,0,7144,0,0,27361,0,58.47,41.53,0.0,170100,120812,0,0,290912
OR-06,house,OR,06,Andrea Salinas,David Russ,DEM,REP,DEM,DEM,18.31,96.3,3.7,Safe D,11.47,5.29,18.31,2.46,-0.75,-0.15,11.74,6.58,False,False,,,0.0,0.0,,,0.0,projected,projected,,,0,,0.0,1613394,12791,0,611103,1855,0,0,0,1063766,25206,0,183489,284,0,669120,5000,0,7,2000,0,0,2000,0,59.16,40.84,0.0,145514,100466,0,0,245980
PA-01,house,PA,01,Robert Harvie,Brian Fitzpatrick,DEM,REP,REP,REP,-1.59,43.8,56.2,Toss-up,6.06,5.29,-0.32,-0.89,-10.04,-0.73,0.33,-1.93,False,False,,,0.0,0.0,,,0.0,confirmed,confirmed,41.97,47.81,2,-8.83,0.15,2007499,6734931,0,794921,6355534,0,18922,10609,1212578,4801927,0,411567,116186,0,225963,2240827,0,0,0,0,0,24750,0,49.2,50.8,0.0,163169,168456,0,0,331625
PA-02,house,PA,02,Brendan Boyle,Jessica Arriaga,DEM,REP,DEM,DEM,55.95,100.0,0.0,Safe D,43.33,5.29,55.95,0.0,6.83,0.49,36.13,19.82,False,False,,,0.0,0.0,,,0.0,projected,projected,,,0,,0.0,2451958,0,0,5560518,0,0,0,0,729723,0,0,18411,0,0,970785,0,0,0,0,0,0,0,0,77.97,22.03,0.0,160891,45449,0,0,206340
PA-03,house,PA,03,Chris Rabb,Alexander Schnell,DEM,REP,,DEM,92.21,100.0,0.0,Safe D,84.11,5.29,92.21,2.85,0.0,-0.04,78.22,13.99,False,False,,,0.0,0.0,,,0.0,projected,projected,,,0,,0.0,1329253,81,0,21452,22,0,2602769,0,1307802,59,0,310928,0,0,87864,0,0,0,81,0,42000,0,0,96.11,3.89,0.0,263866,10693,0,0,274558
PA-04,house,PA,04,Madeleine Dean,Aurora Stuski,DEM,REP,DEM,DEM,29.72,99.8,0.2,Safe D,21.35,5.29,29.72,0.0,3.75,-0.67,15.97,13.75,False,False,,,0.0,0.0,,,0.0,projected,projected,,,0,,0.0,1371536,0,0,1184807,0,0,0,0,1155470,0,0,140831,0,0,725200,0,0,0,0,0,0,0,0,64.86,35.14,0.0,212399,115072,0,0,327471
PA-05,house,PA,05,Mary Scanlon,Melvin Johnakin,DEM,REP,DEM,DEM,42.52,100.0,0.0,Safe D,34.58,5.29,42.52,0.0,3.07,-0.42,28.94,13.58,False,False,,,0.0,0.0,,,0.0,projected,projected,,,0,,0.0,990586,0,0,448590,0,0,0,0,859742,0,0,73979,0,0,449092,0,0,0,0,0,0,0,0,71.26,28.74,0.0,208864,84237,0,0,293101
PA-06,house,PA,06,Chrissy Houlahan,Martin Young,DEM,REP,DEM,DEM,26.02,99.4,0.6,Safe D,16.88,5.29,26.02,1.03,3.03,-0.21,11.53,14.49,False,False,,,0.0,0.0,,,0.0,projected,projected,,,0,,0.0,1763415,411270,0,4037759,213449,0,0,0,1131269,197822,0,131686,10915,0,523250,3548,0,0,100000,0,0,25000,0,63.01,36.99,0.0,187485,110070,0,0,297555
PA-07,house,PA,07,Bob Brooks,Ryan Mackenzie,DEM,REP,REP,REP,3.08,61.8,38.2,Lean D,2.39,5.29,3.45,-0.22,-3.92,-0.09,-3.24,6.32,False,False,,,0.0,0.0,,,0.0,confirmed,confirmed,47.0,43.0,1,1.0,0.15,2392215,4357405,0,1018423,2938717,0,2726491,312372,1373792,1521928,0,599387,554134,0,408000,1047913,0,3500,0,0,15000,22583,0,51.54,48.46,0.0,148272,139409,0,0,287681
PA-08,house,PA,08,Paige Cognetti,Rob Bresnahan,DEM,REP,REP,DEM,0.81,53.2,46.8,Toss-up,-2.64,5.29,1.21,-0.07,-1.0,-0.37,-8.58,9.38,False,False,,,0.0,0.0,,,0.0,confirmed,confirmed,46.51,45.0,3,-1.49,0.15,4609589,5234586,0,3406710,2608048,0,537663,0,1202879,2679690,0,620354,608239,0,436327,1383927,0,0,55536,0,0,777068,0,50.4,49.6,0.0,137935,135722,0,0,273657
PA-09,house,PA,09,Rachel Wallace,Dan Meuser,DEM,REP,REP,REP,-32.41,0.1,99.9,Safe R,-33.34,5.29,-32.41,-0.72,-2.87,-0.77,-38.27,5.86,False,False,,,0.0,0.0,,,0.0,projected,projected,,,0,,0.0,697865,1903078,0,386883,170733,0,0,0,310982,1765991,0,171661,6655,0,42800,792000,0,0,0,0,0,250000,0,33.79,66.21,0.0,94268,184675,0,0,278943
PA-10,house,PA,10,Janelle Stelson,Scott Perry,DEM,REP,REP,REP,9.63,82.6,17.4,Likely D,-0.54,5.29,10.82,0.16,6.4,-0.48,-5.29,14.92,False,False,,,0.0,0.0,,,0.0,projected,projected,50.81,44.94,3,2.87,0.15,6364069,5194925,0,4478639,2845976,0,247198,107977,1900667,2430869,0,1057743,1408838,0,495435,655127,0,0,0,0,0,335158,0,54.81,45.19,0.0,158015,130260,0,0,288275
PA-11,house,PA,11,Nancy Mannion,Lloyd Smucker,DEM,REP,REP,REP,-16.65,5.3,94.7,Likely R,-17.03,5.29,-16.65,-1.34,-2.99,-0.58,-21.57,4.93,False,False,,,0.0,0.0,,,0.0,projected,projected,,,0,,0.0,214230,1524161,0,47150,810787,0,0,0,167079,1617466,0,51165,5708,0,7250,803667,0,47457,0,0,0,0,0,41.68,58.32,0.0,120348,168420,0,0,288768
PA-12,house,PA,12,Summer Lee,Leonard Fechter,DEM,REP,DEM,DEM,29.97,99.8,0.2,Safe D,24.34,5.29,29.97,2.34,-1.29,-0.71,19.36,10.61,False,False,,,0.0,0.0,,,0.0,projected,projected,,,0,,0.0,1466287,17477,0,1649288,6805,0,43068,0,828578,10672,0,381058,979,0,207105,0,0,0,0,0,0,0,0,64.99,35.01,0.0,195283,105211,0,0,300494
PA-13,house,PA,13,Elizabeth Farnham,John Joyce,DEM,REP,REP,REP,-40.63,0.0,100.0,Safe R,-41.11,5.29,-40.63,-2.37,-1.57,-0.87,-45.91,5.28,False,False,,,0.0,0.0,,,0.0,projected,projected,,,0,,0.0,55347,2418119,0,16053,3759995,0,0,0,40056,1258262,0,22129,1699,0,2217,1402618,0,168,0,0,0,0,0,29.69,70.31,0.0,85867,203378,0,0,289246
PA-14,house,PA,14,David Bradstock,Guy Reschenthaler,DEM,REP,REP,REP,-27.11,0.4,99.6,Safe R,-28.32,5.29,-27.11,-2.12,-1.01,-0.94,-33.59,6.48,False,False,,,0.0,0.0,,,0.0,projected,projected,,,0,,0.0,201421,4209644,0,34707,990681,0,0,0,166713,3768044,0,56725,1004693,0,17908,1167150,0,2000,0,0,0,0,0,36.45,63.55,0.0,107556,187558,0,0,295114
PA-15,house,PA,15,Raymond Bilger,Glenn Thompson,DEM,REP,REP,REP,-34.63,0.0,100.0,Safe R,-33.2,5.29,-34.63,-1.73,-4.07,-0.92,-38.3,3.67,False,False,,,0.0,0.0,,,0.0,projected,projected,,,0,,0.0,139521,1851459,0,87343,829752,0,1788,0,52178,1813501,0,41802,38674,0,2250,1037568,0,1100,0,0,0,0,0,32.69,67.31,0.0,90986,187380,0,0,278366
PA-16,house,PA,16,Justin Wagner,George Kelly,DEM,REP,REP,REP,-17.79,4.2,95.8,Safe R,-17.69,5.29,-17.79,-1.76,-2.74,-0.89,-22.97,5.18,False,False,,,0.0,0.0,,,0.0,projected,projected,,,0,,0.0,66591,1168433,0,37534,1329347,0,0,0,34058,881774,0,30195,2279,0,50,874667,0,620,0,0,0,90000,0,41.11,58.89,0.0,120213,172224,0,0,292436
PA-17,house,PA,17,Chris Deluzio,Jesse Vodvarka,DEM,REP,DEM,DEM,22.0,98.4,1.6,Safe D,10.22,5.29,22.0,2.76,4.58,-0.84,5.56,16.44,False,False,,,0.0,0.0,,,0.0,projected,projected,,,0,,0.0,2776943,21506,0,1073975,839,0,0,0,2056640,20667,0,749578,424,0,512370,0,0,0,19000,0,0,19000,0,61.0,39.0,0.0,195199,124787,0,0,319987
RI-01,house,RI,01,Gabriel Amo,Republican candidate (RI-01),DEM,REP,DEM,DEM,41.08,100.0,0.0,Safe D,27.63,5.29,41.08,0.0,8.21,-0.06,22.62,18.45,False,False,,,0.0,0.0,,,0.0,projected,projected,,,0,,0.0,1507413,0,0,1734227,0,0,0,0,707833,0,0,35234,0,0,577922,0,0,0,0,0,0,0,0,70.54,29.46,0.0,116468,48645,0,0,165114
RI-02,house,RI,02,Seth Magaziner,Victor Mellor,DEM,REP,DEM,DEM,17.79,95.8,4.2,Safe D,11.77,5.29,17.79,-0.61,1.67,-0.33,6.97,10.82,False,False,,,0.0,0.0,,,0.0,projected,projected,,,0,,0.0,1249772,2893809,0,1588340,1440657,0,0,0,538397,1453152,0,48493,13634,0,471500,0,0,0,2845019,0,0,2175000,0,58.89,41.11,0.0,114393,79841,0,0,194234
SC-01,house,SC,01,Nancy Lacore,Jenny Costa Honeycutt,DEM,REP,,REP,-3.03,38.4,61.6,Lean R,-8.68,5.29,-3.12,0.72,0.0,-0.45,-13.29,10.26,False,False,LIB,,0.0,0.0,,,0.0,confirmed,confirmed,44.5,46.5,1,-5.0,0.181,2279585,556418,0,412020,78533,0,770636,1155075,1867565,477885,0,1066621,12145,0,75250,74500,0,0,13500,0,0,10000,0,47.43,50.39,2.18,133182,141501,6122,0,280804
SC-02,house,SC,02,Zyon Khalifa,Joe Wilson,DEM,REP,REP,REP,-11.38,13.4,86.6,Likely R,-9.87,5.29,-11.38,-2.01,-4.4,-0.39,-14.16,2.78,False,False,,,0.0,0.0,,,0.0,confirmed,confirmed,,,0,,0.0,12410,861105,0,218,182912,0,0,0,12192,722706,0,1827,15147,0,0,261000,0,0,200000,0,2000,0,0,44.31,55.69,0.0,113419,142541,0,0,255960
SC-03,house,SC,03,Eunice Lehmacher,Sheri Biggs,DEM,REP,REP,REP,-41.38,0.0,100.0,Safe R,-38.33,5.29,-41.38,-1.36,-6.42,-0.56,-43.62,2.24,False,False,,,0.0,0.0,,,0.0,projected,projected,,,0,,0.0,40413,505333,0,17299,218741,0,0,5979,23114,390677,0,19631,6400,0,333,291476,0,100,0,0,100,395000,0,29.31,70.69,0.0,73152,176433,0,0,249586
SC-04,house,SC,04,Courtney McClain,William Timmons,DEM,REP,REP,REP,-17.82,4.2,95.8,Safe R,-19.17,5.29,-17.82,-2.31,-1.32,-0.31,-23.95,6.13,False,False,,,0.0,0.0,,,0.0,projected,projected,,,0,,0.0,32993,1595725,0,1207,77225,0,0,487316,37392,1538615,0,32993,2566,0,0,637500,0,0,650000,0,0,0,0,41.09,58.91,0.0,101869,146051,0,0,247920
SC-05,house,SC,05,Mallory Dittmer,Wes Climer,DEM,REP,,REP,-14.52,7.9,92.1,Likely R,-18.14,5.29,-14.52,-1.2,0.0,-0.47,-23.1,8.58,False,False,,,0.0,0.0,,,0.0,projected,projected,,,0,,0.0,139717,884284,0,74508,599621,0,0,0,65209,284663,0,41306,11650,0,100,236000,0,1209,5630,0,0,0,0,42.74,57.26,0.0,111606,149520,0,0,261126
SC-06,house,SC,06,Jim Clyburn,Republican candidate (SC-06),DEM,REP,DEM,DEM,36.38,100.0,0.0,Safe D,29.58,5.29,36.38,0.0,1.6,-0.09,23.24,13.15,False,False,,,0.0,0.0,,,0.0,projected,projected,,,0,,0.0,1225051,0,0,1634793,0,0,0,0,1429385,0,0,164655,0,0,720491,0,0,0,0,0,0,0,0,68.19,31.81,0.0,149324,69651,0,0,218975
SC-07,house,SC,07,John Vincent,Russell Fry,DEM,REP,REP,REP,-18.47,3.6,96.4,Safe R,-20.74,5.29,-21.27,-1.22,-4.12,-0.48,-26.62,8.15,False,False,,,0.0,0.0,,,0.0,projected,projected,36.7,41.1,1,-7.4,0.202,297264,1720803,0,62378,1038817,0,0,0,234885,1243169,0,146296,88678,0,3500,697914,0,10750,0,0,0,0,0,40.76,59.24,0.0,109789,159539,0,0,269328
SD-01,house,SD,01,Nicole Gronli,Marty Jackley,DEM,REP,,REP,-23.92,1.0,99.0,Safe R,-26.99,5.29,-23.92,-1.2,0.0,-1.02,-29.98,6.06,False,False,,,0.0,0.0,,,0.0,confirmed,confirmed,,,0,,0.0,261764,1438706,0,110978,1062725,0,0,149680,150786,375981,0,88621,17640,0,12933,181250,0,1500,1000,0,0,0,0,38.04,61.96,0.0,113543,184930,0,0,298473
TN-01,house,TN,01,Kristi Burke,Diana Harshbarger,DEM,REP,REP,REP,-55.83,0.0,100.0,Safe R,-56.13,5.29,-55.83,-1.63,-2.51,-0.85,-58.44,2.61,False,False,,,0.0,0.0,,,0.0,confirmed,confirmed,,,0,,0.0,101984,1274194,0,14106,1985063,0,0,13375,87877,739900,0,71203,92875,0,250,683250,0,10,0,0,0,1456793,0,22.08,77.92,0.0,53847,189990,0,0,243837
TN-02,house,TN,02,Michaela Barnett,Tim Burchett,DEM,REP,REP,REP,-33.17,0.1,99.9,Safe R,-31.97,5.29,-33.17,-1.28,-4.43,-0.77,-34.33,1.16,False,False,,,0.0,0.0,,,0.0,confirmed,confirmed,,,0,,0.0,397584,2428734,0,56230,967447,0,0,0,341354,2189477,0,153957,1377489,0,250,141525,0,6415,0,0,6000,23687,0,33.42,66.58,0.0,85793,170951,0,0,256744
TN-03,house,TN,03,Anna Golladay,Chuck Fleischmann,DEM,REP,REP,REP,-34.95,0.0,100.0,Safe R,-33.79,5.29,-34.95,-2.34,-3.43,-0.69,-36.21,1.26,False,False,,,0.0,0.0,,,0.0,confirmed,confirmed,,,0,,0.0,55555,2330803,0,33870,4835525,0,0,0,28352,752331,0,24937,4395,0,0,642250,0,0,0,0,0,0,0,32.53,67.47,0.0,82695,171553,0,0,254248
TN-04,house,TN,04,Victoria Broderick,Scott Desjarlais,DEM,REP,REP,REP,-17.31,4.6,95.4,Safe R,-20.75,5.29,-17.31,-1.26,-0.33,-0.26,-24.28,6.96,False,False,,,0.0,0.0,,,0.0,confirmed,confirmed,,,0,,0.0,59772,536843,0,8490,495126,0,0,0,58974,407735,0,39700,1452,0,1250,307000,0,500,0,0,0,0,0,41.34,58.66,0.0,88161,125084,0,0,213245
TN-05,house,TN,05,Chaz Molder,Charlie Hatcher,DEM,REP,,REP,-13.0,10.3,89.7,Likely R,-18.84,5.29,-13.0,0.96,0.0,-0.41,-23.39,10.39,False,False,,,0.0,0.0,,,0.0,confirmed,confirmed,,,0,,0.0,2599775,719503,0,1482196,104821,0,306721,0,1117579,614682,0,296295,14584,0,215921,3500,0,0,133713,0,32786,0,0,43.5,56.5,0.0,95617,124200,0,0,219818
TN-06,house,TN,06,Mike Croley,Johnny Garrett,DEM,REP,,REP,-21.19,2.0,98.0,Safe R,-23.79,5.29,-21.19,-2.06,0.0,-0.63,-26.87,5.68,False,False,,,0.0,0.0,,,0.0,confirmed,confirmed,,,0,,0.0,35380,2380327,0,2431,287585,0,252636,600268,33199,2092742,0,18521,217059,0,0,103200,0,0,1202292,0,0,1200000,0,39.41,60.59,0.0,99881,153587,0,0,253469
TN-07,house,TN,07,Darden Copeland,Matt Van Epps,DEM,REP,REP,REP,-17.71,4.2,95.8,Safe R,-20.17,5.29,-17.71,-0.6,-1.67,-0.56,-22.73,5.02,False,False,,,0.0,0.0,,,0.0,confirmed,confirmed,,,0,,0.0,868615,2300690,0,78689,207954,0,1658286,2781936,789926,2092736,0,119534,419392,0,3000,589605,0,229136,0,0,165000,60000,0,41.15,58.85,0.0,104152,148978,0,0,253129
TN-08,house,TN,08,Heidi Kuhn,David Kustoff,DEM,REP,REP,REP,-20.96,2.1,97.9,Safe R,-17.97,5.29,-20.96,-2.43,-5.48,-0.37,-20.43,-0.53,False,False,,,0.0,0.0,,,0.0,confirmed,confirmed,,,0,,0.0,39805,2232874,0,13478,3006838,0,0,0,26327,1285497,0,5905,3350,0,1500,1028850,0,0,0,0,0,146500,0,39.52,60.48,0.0,88906,136052,0,0,224958
TN-09,house,TN,09,Justin Pearson,Brent Taylor,DEM,REP,,REP,-11.59,13.0,87.0,Likely R,-16.82,5.29,-11.59,0.24,0.0,-0.3,-21.42,9.83,False,False,,,0.0,0.0,,,0.0,confirmed,confirmed,,,0,,0.0,2344947,1549482,0,844733,417377,0,55292,475814,1500214,1132104,0,1218046,3347,0,32694,82300,0,278,1000000,0,0,1000000,0,44.2,55.8,0.0,99594,125719,0,0,225313
TX-01,house,TX,01,Democratic candidate (TX-01),Nathaniel Moran,DEM,REP,REP,REP,-41.08,0.0,100.0,Safe R,-44.66,5.29,-41.08,0.0,-1.67,-0.04,-49.91,8.82,False,False,,,0.0,0.0,,,0.0,projected,projected,,,0,,0.0,0,1797848,0,0,777546,0,0,0,0,1401248,0,0,259260,0,0,779600,0,0,0,0,0,0,0,29.46,70.54,0.0,67170,160841,0,0,228011
TX-02,house,TX,02,Shaun Finnie,Steve Toth,DEM,REP,,REP,-12.82,10.6,89.4,Likely R,-19.46,5.29,-12.82,0.88,0.0,0.47,-23.13,10.31,False,False,,,0.0,0.0,,,0.0,projected,projected,,,0,,0.0,2729677,824450,0,1469201,152935,0,1842767,519477,1260476,671515,0,58184,48980,0,1000,67800,0,1961000,13000,0,1961000,0,0,43.59,56.41,0.0,102854,133102,0,0,235956
TX-03,house,TX,03,Evan Hunt,Keith Self,DEM,REP,REP,REP,-15.9,6.1,93.9,Likely R,-19.26,5.29,-15.9,-0.25,-1.67,-0.01,-23.98,8.08,False,False,,,0.0,0.0,,,0.0,projected,projected,,,0,,0.0,446506,645503,0,43878,212694,0,0,0,402628,542149,0,189126,130447,0,5500,178673,0,75000,1851,0,75581,0,0,42.05,57.95,0.0,109009,150238,0,0,259246
TX-04,house,TX,04,Jason Pearce,Pat Fallon,DEM,REP,REP,REP,-21.34,1.9,98.1,Safe R,-20.11,5.29,-21.34,-1.91,-4.23,-0.38,-25.16,3.82,False,False,,,0.0,0.0,,,0.0,projected,projected,,,0,,0.0,16271,790505,0,2086,1097026,0,0,0,14185,353558,0,4774,2939,0,0,300080,0,8797,0,0,8797,25000,0,39.33,60.67,0.0,101246,156175,0,0,257421
TX-05,house,TX,05,Ruth Torres,Lance Gooden,DEM,REP,REP,REP,-13.86,8.9,91.1,Likely R,-16.95,5.29,-13.86,-2.23,-0.52,0.55,-21.84,7.98,False,False,,,0.0,0.0,,,0.0,projected,projected,,,0,,0.0,20748,1341647,0,4035,1329417,0,0,0,16989,729587,0,298,5258,0,0,523533,0,20000,0,0,38040,0,0,43.07,56.93,0.0,88453,116926,0,0,205379
TX-06,house,TX,06,Danny Minton,Jake Ellzey,DEM,REP,REP,REP,-19.24,3.1,96.9,Safe R,-19.03,5.29,-19.24,-2.94,-3.17,0.6,-23.28,4.03,False,False,,,0.0,0.0,,,0.0,projected,projected,,,0,,0.0,44283,4660385,0,13638,2483402,0,0,34293,30645,3272431,0,15583,447295,0,0,743635,0,3125,0,0,3125,0,0,40.38,59.62,0.0,87570,129308,0,0,216878
TX-07,house,TX,07,Elizabeth Fletcher,Alexander Hale,DEM,REP,DEM,DEM,40.52,100.0,0.0,Safe D,30.3,5.29,40.52,1.84,2.19,0.9,24.12,16.4,False,False,,,0.0,0.0,,,0.0,projected,projected,,,0,,0.0,1426057,76578,0,1702706,6342,0,0,0,1040012,70236,0,33174,4337,0,601600,2500,0,0,3615,0,0,5077,0,70.26,29.74,0.0,124973,52904,0,0,177877
TX-08,house,TX,08,Keith Coleman,Jessica Steinmann,DEM,REP,,REP,-18.45,3.6,96.4,Safe R,-21.74,5.29,-18.45,-2.83,0.0,0.83,-27.99,9.54,False,False,,,0.0,0.0,,,0.0,projected,projected,,,0,,0.0,11974,2064033,0,410,122187,0,0,1747822,11565,1941845,0,1203,65062,0,0,297050,0,414,650000,0,0,425000,0,40.78,59.22,0.0,88008,127823,0,0,215831
TX-09,house,TX,09,Leticia Gutierrez,Alexandra Mealer,DEM,REP,,REP,-7.17,24.3,75.7,Likely R,-12.71,5.29,-7.17,-1.92,0.0,2.18,-20.07,12.9,False,False,,,0.0,0.0,,,0.0,projected,projected,,,0,,0.0,55358,2080514,0,18658,362040,0,567688,5110648,36700,1718474,0,9882,46719,0,0,259300,0,500,4850,0,500,0,0,46.42,53.58,0.0,64526,74489,0,0,139016
TX-10,house,TX,10,Caitlin Rourk,Chris Gober,DEM,REP,,REP,-13.55,9.4,90.6,Likely R,-17.4,5.29,-13.55,-1.52,0.0,0.07,-22.93,9.38,False,False,,,0.0,0.0,,,0.0,projected,projected,,,0,,0.0,363959,2559185,0,92140,119627,0,0,1574333,271819,2439558,0,124564,9828,0,7850,129146,0,28061,1649822,0,0,750000,0,43.22,56.78,0.0,106969,140514,0,0,247484
TX-11,house,TX,11,Claire Reynolds,August Pfluger,DEM,REP,REP,REP,-27.91,0.3,99.7,Safe R,-30.09,5.29,-27.91,-2.36,-1.67,0.91,-34.78,6.87,False,False,,,0.0,0.0,,,0.0,projected,projected,,,0,,0.0,89281,3189023,0,46790,2881724,0,0,0,42491,2631404,0,23743,269143,0,5000,182500,0,5,0,0,3317,0,0,36.04,63.96,0.0,73898,131127,0,0,205024
TX-12,house,TX,12,Heli Rodriguez-Prilliman,Craig Goldman,DEM,REP,REP,REP,-19.27,3.0,97.0,Safe R,-19.04,5.29,-19.27,0.0,-6.17,0.65,-24.15,4.88,False,False,,,0.0,0.0,,,0.0,projected,projected,,,0,,0.0,0,1756535,0,0,1508861,0,0,0,0,783571,0,0,6852,0,0,607300,0,0,0,0,0,0,0,40.37,59.63,0.0,88781,131162,0,0,219944
TX-13,house,TX,13,Mark Nair,Ronny Jackson,DEM,REP,REP,REP,-41.22,0.0,100.0,Safe R,-42.68,5.29,-41.22,-2.49,-1.67,0.33,-46.67,5.45,False,False,,,0.0,0.0,,,0.0,projected,projected,,,0,,0.0,98355,4036265,0,10918,5410801,0,0,0,87537,2027412,0,23994,1387595,0,750,240600,0,11132,0,0,0,0,0,29.39,70.61,0.0,62527,150209,0,0,212736
TX-14,house,TX,14,Richard Davis,Randy Weber,DEM,REP,REP,REP,-20.14,2.5,97.5,Safe R,-20.09,5.29,-20.14,-1.89,-3.76,0.31,-24.57,4.43,False,False,,,0.0,0.0,,,0.0,projected,projected,,,0,,0.0,31761,972561,0,0,921878,0,0,0,31761,671255,0,2031,2196,0,0,435611,0,27161,0,0,0,0,0,39.93,60.07,0.0,93742,141038,0,0,234780
TX-15,house,TX,15,Bobby Pulido,Monica De La Cruz,DEM,REP,REP,REP,-2.2,41.5,58.5,Toss-up,-8.78,5.29,-2.06,-0.32,-1.43,3.18,-18.02,15.82,False,False,,,0.0,0.0,,,0.0,confirmed,confirmed,47.31,47.23,3,-2.91,0.169,2960462,5273960,0,1155936,2463323,0,1429024,0,1804526,3424607,0,538712,1334572,0,243771,705285,0,150300,84,0,0,0,0,48.9,51.1,0.0,78000,81512,0,0,159511
TX-16,house,TX,16,Veronica Escobar,Republican candidate (TX-16),DEM,REP,DEM,DEM,36.06,100.0,0.0,Safe D,26.27,5.29,36.06,0.0,1.25,3.26,16.63,19.43,False,False,,,0.0,0.0,,,0.0,projected,projected,,,0,,0.0,858766,0,0,270455,0,0,0,0,704156,0,0,20769,0,0,366368,0,0,0,0,0,0,0,0,68.03,31.97,0.0,109420,51418,0,0,160838
TX-17,house,TX,17,Democratic candidate (TX-17),Pete Sessions,DEM,REP,REP,REP,-15.33,6.8,93.2,Likely R,-16.87,5.29,-15.33,0.0,-3.99,0.23,-21.95,6.61,False,False,,,0.0,0.0,,,0.0,projected,projected,,,0,,0.0,0,1050237,0,0,933956,0,0,0,0,557216,0,0,3848,0,0,516176,0,0,10,0,0,0,0,42.33,57.67,0.0,95056,129486,0,0,224542
TX-18,house,TX,18,Christian Menefee,Republican candidate (TX-18),DEM,REP,DEM,DEM,70.6,100.0,0.0,Safe D,62.36,5.29,70.6,0.0,1.67,1.28,55.72,14.88,False,False,,,0.0,0.0,,,0.0,projected,projected,,,0,,0.0,3637579,0,0,156016,0,0,7061640,0,3481563,0,0,700826,0,0,234868,0,0,100,0,0,0,0,0,85.3,14.7,0.0,145387,25058,0,0,170445
TX-19,house,TX,19,Kyle Rable,Tom Sell,DEM,REP,,REP,-43.26,0.0,100.0,Safe R,-47.05,5.29,-43.26,-2.39,0.0,0.89,-52.17,8.91,False,False,,,0.0,0.0,,,0.0,projected,projected,,,0,,0.0,31276,2143025,0,7631,384766,0,80633,1282423,20811,1758259,0,15290,8966,0,1000,524039,0,200,0,0,0,7624,0,28.37,71.63,0.0,56072,141562,0,0,197634
TX-20,house,TX,20,Joaquin Castro,Edgardo Baez,DEM,REP,DEM,DEM,48.73,100.0,0.0,Safe D,36.1,5.29,48.73,1.31,3.44,2.59,28.88,19.86,False,False,,,0.0,0.0,,,0.0,projected,projected,,,0,,0.0,514776,48536,0,154380,21462,0,0,0,499054,27073,0,40347,4530,0,141000,500,0,0,31985,0,0,30135,0,74.37,25.63,0.0,118287,40772,0,0,159059
TX-21,house,TX,21,Kristin Hook,Mark Teixeira,DEM,REP,,REP,-12.82,10.6,89.4,Likely R,-17.37,5.29,-12.82,-2.06,0.63,0.69,-22.09,9.27,False,False,,,0.0,0.0,,,0.0,projected,projected,,,0,,0.0,243839,4177191,0,104069,461164,0,0,1118370,144128,3716028,0,61473,12621,0,4370,299830,0,0,2750000,0,131,2750000,0,43.59,56.41,0.0,126550,163775,0,0,290324
TX-22,house,TX,22,Marquette Greene-Scott,Trever Nehls,DEM,REP,,REP,-13.54,9.4,90.6,Likely R,-17.95,5.29,-13.54,-0.81,-0.6,0.53,-22.66,9.12,False,False,,,0.0,0.0,,,0.0,confirmed,confirmed,,,0,,0.0,53761,206463,0,127,23258,0,0,141263,53615,183205,0,20722,1658,0,6634,86250,0,0,0,0,0,0,0,43.23,56.77,0.0,101624,133444,0,0,235068
TX-23,house,TX,23,Katy Padilla Stout,Brandon Herrera,DEM,REP,,REP,-2.83,39.1,60.9,Lean R,-8.95,5.29,-2.44,-0.82,0.0,2.04,-14.97,12.14,False,False,,,0.0,0.0,,,0.0,confirmed,confirmed,42.5,44.5,1,-5.0,0.15,484915,1937719,0,171373,309023,0,394619,40724,313542,1636736,0,190351,17445,0,23000,62500,0,9792,420000,0,0,570000,0,48.59,51.41,0.0,108510,114825,0,0,223334
TX-24,house,TX,24,Democratic candidate (TX-24),Elizabeth Van Duyne,DEM,REP,REP,REP,-11.47,13.2,86.8,Likely R,-12.29,5.29,-11.47,0.0,-4.34,-0.13,-16.39,4.92,False,False,,,0.0,0.0,,,0.0,projected,projected,,,0,,0.0,0,2540738,0,0,2873013,0,0,0,0,1628596,0,0,78488,0,0,1102311,0,0,0,0,0,0,0,44.27,55.73,0.0,115600,145545,0,0,261145
TX-25,house,TX,25,Dione Sims,Roger Williams,DEM,REP,REP,REP,-14.41,8.0,92.0,Likely R,-18.51,5.29,-14.41,0.0,-1.67,0.48,-24.34,9.93,False,False,,,0.0,0.0,,,0.0,projected,projected,,,0,,0.0,0,1424050,0,0,1076189,0,0,0,0,919362,0,0,871,0,0,454978,0,0,0,0,0,0,0,42.8,57.2,0.0,92630,123820,0,0,216450
TX-26,house,TX,26,Steven Shook,Brandon Gill,DEM,REP,REP,REP,-23.14,1.2,98.8,Safe R,-19.63,5.29,-23.14,-3.11,-5.71,0.02,-24.12,0.97,False,False,,,0.0,0.0,,,0.0,projected,projected,,,0,,0.0,17227,4217213,0,3807,1411512,0,0,0,14623,2933524,0,6426,1986111,0,0,378890,0,0,0,0,0,46734,0,38.43,61.57,0.0,104215,166978,0,0,271193
TX-27,house,TX,27,Tanya Lloyd,Michael Cloud,DEM,REP,REP,REP,-14.41,8.0,92.0,Likely R,-16.87,5.29,-14.41,-1.33,-2.71,1.2,-21.44,7.03,False,False,,,0.0,0.0,,,0.0,projected,projected,,,0,,0.0,139788,1062241,0,11311,271133,0,0,0,128665,927985,0,97140,323624,0,0,209250,0,72,0,0,29277,0,0,42.79,57.21,0.0,97115,129824,0,0,226939
TX-28,house,TX,28,Henry Cuellar,Tano Tijerina,DEM,REP,DEM,DEM,15.85,93.8,6.2,Likely D,0.79,5.29,19.62,0.34,9.43,3.77,-10.45,26.3,False,False,,,0.0,0.0,,,0.0,projected,projected,35.5,44.0,1,-5.5,0.15,2231952,1399881,0,1129604,768188,0,10387,0,1150307,631693,0,44637,121323,0,676066,243000,0,314500,0,0,301000,0,0,57.93,42.07,0.0,80693,58613,0,0,139306
TX-29,house,TX,29,Sylvia Garcia,Martha Fierro,DEM,REP,DEM,DEM,53.52,100.0,0.0,Safe D,38.62,5.29,53.52,0.0,7.38,2.23,30.84,22.68,False,False,,,0.0,0.0,,,0.0,projected,projected,,,0,,0.0,987402,0,0,200973,0,0,522942,0,1158184,0,0,16198,0,0,650850,0,0,0,0,0,0,0,0,76.76,23.24,0.0,96587,29240,0,0,125826
TX-30,house,TX,30,Frederick Haynes,Sholdon Daniels,DEM,REP,,DEM,61.14,100.0,0.0,Safe D,54.34,5.29,61.14,0.21,0.0,1.31,47.81,13.34,False,False,,,0.0,0.0,,,0.0,projected,projected,,,0,,0.0,420153,357415,0,119776,-21795,0,200000,0,300377,379210,0,43295,191921,0,47515,691,0,0,2076,0,0,0,0,80.57,19.43,0.0,137617,33183,0,0,170801
TX-31,house,TX,31,Justin Early,John Carter,DEM,REP,REP,REP,-19.29,3.0,97.0,Safe R,-17.8,5.29,-18.71,-1.61,-4.82,0.23,-22.14,2.85,False,False,GRN,,0.0,0.0,,,0.0,projected,projected,,,0,,0.0,123522,1419042,0,17400,170827,0,0,55000,106122,1289654,0,29233,2908,0,7000,482311,0,42642,0,0,58737,0,0,39.41,58.25,2.34,96938,143281,5756,0,245974
TX-32,house,TX,32,Dan Barrios,Jace Yarbrough,DEM,REP,,REP,-8.8,19.6,80.4,Likely R,-12.64,5.29,-8.8,-1.72,0.0,0.26,-18.11,9.31,False,False,,,0.0,0.0,,,0.0,confirmed,projected,,,0,,0.0,94438,865911,0,6043,125412,0,2125,1542372,90572,740499,0,30105,64980,0,750,184000,0,0,207000,0,0,207000,0,45.6,54.4,0.0,103471,123450,0,0,226921
TX-33,house,TX,33,Colin Allred,Patrick Gillespie,DEM,REP,,DEM,45.61,100.0,0.0,Safe D,40.5,5.29,45.61,0.0,-1.97,1.8,33.34,12.27,False,False,,,0.0,0.0,,,0.0,projected,projected,,,0,,0.0,7431941,0,0,159887,0,0,50000,0,7272054,0,0,1572614,0,0,62550,0,0,0,0,0,0,0,0,72.81,27.19,0.0,106620,39822,0,0,146441
TX-34,house,TX,34,Vicente Gonzalez,Eric Flores,DEM,REP,DEM,DEM,9.11,81.2,18.8,Likely D,-2.06,5.29,10.69,0.14,4.39,2.93,-10.22,19.34,False,False,,,0.0,0.0,,,0.0,projected,projected,41.35,44.18,2,0.18,0.15,3773915,2874990,0,2532412,686332,0,1606,719095,1523563,2188633,0,179284,457943,0,1311850,361479,0,0,577245,0,425000,591622,0,54.56,45.44,0.0,91847,76505,0,0,168351
TX-35,house,TX,35,Johnny Garcia,Carlos De La Cruz,DEM,REP,,REP,2.7,60.4,39.6,Lean D,-4.55,5.29,2.7,0.08,0.0,1.88,-10.56,13.26,False,False,,,0.0,0.0,,,0.0,confirmed,confirmed,,,0,,0.0,931699,1048751,0,323108,272389,0,3507019,2465913,608591,776362,0,282789,241683,0,214729,195000,0,0,53000,0,0,116500,0,51.35,48.65,0.0,108496,102789,0,0,211285
TX-36,house,TX,36,Rhonda Hart,Brian Babin,DEM,REP,REP,REP,-16.47,5.5,94.5,Likely R,-19.67,5.29,-16.47,0.0,-2.56,0.47,-25.28,8.81,False,False,,,0.0,0.0,,,0.0,projected,projected,,,0,,0.0,0,1006944,0,0,908646,0,0,0,0,744500,0,0,3949,0,0,432302,0,0,0,0,4797,0,0,41.77,58.23,0.0,91170,127119,0,0,218289
TX-37,house,TX,37,Greg Casar,Lauren Pena,DEM,REP,DEM,DEM,70.68,100.0,0.0,Safe D,63.12,5.29,70.68,1.49,-0.07,0.85,57.7,12.98,False,False,,,0.0,0.0,,,0.0,projected,projected,,,0,,0.0,1172881,117890,0,597005,770,0,0,0,946714,117120,0,266992,99745,0,251220,0,0,0,0,0,10000,0,0,85.34,14.66,0.0,196187,33700,0,0,229887
TX-38,house,TX,38,Melissa McDonough,Jon Bonck,DEM,REP,,REP,-14.55,7.8,92.2,Likely R,-17.11,5.29,-14.01,-2.01,-0.55,0.37,-21.3,6.75,False,False,GRN,,0.0,0.0,,,0.0,projected,projected,,,0,,0.0,66929,1644127,0,43939,89133,0,43939,662527,45689,1554994,0,12712,25840,0,1500,173125,0,28042,351231,0,113240,330000,0,41.79,56.03,2.18,103656,138958,5407,0,248020
UT-01,house,UT,01,Ben McAdams,Riley Owen,DEM,REP,,DEM,35.78,100.0,0.0,Safe D,24.91,5.29,35.78,2.13,3.35,0.1,24.33,11.45,False,False,,,0.0,0.0,,,0.0,projected,projected,,,0,,0.0,2262255,132533,0,299350,9568,0,2434219,0,1977908,122965,0,223153,3234,0,193291,4000,0,0,30000,0,0,0,0,67.89,32.11,0.0,155542,73568,0,0,229110
UT-02,house,UT,02,Peter Crosby,Blake Moore,DEM,REP,REP,REP,-36.12,0.0,100.0,Safe R,-30.59,5.29,-36.12,-1.71,-8.71,-0.41,-29.9,-6.22,False,False,,,0.0,0.0,,,0.0,confirmed,confirmed,,,0,,0.0,60225,2536636,0,23283,1886962,0,520898,521354,31698,2183697,0,22930,6329,0,0,1421500,0,175,0,0,0,0,0,31.94,68.06,0.0,82514,175846,0,0,258360
UT-03,house,UT,03,Kent Udell,Celeste Maloy,DEM,REP,REP,REP,-44.28,0.0,100.0,Safe R,-42.81,5.29,-44.28,-1.72,-4.59,-0.46,-42.42,-1.86,False,False,,,0.0,0.0,,,0.0,projected,projected,,,0,,0.0,47533,1453861,0,13335,322379,0,300000,1328557,34198,1238503,0,0,7393,0,131,672923,0,20,0,0,1534,0,0,27.86,72.14,0.0,75254,194881,0,0,270136
UT-04,house,UT,04,Jonathan Larsen,Mike Kennedy,DEM,REP,REP,REP,-42.5,0.0,100.0,Safe R,-34.05,5.29,-42.5,-1.72,-11.49,-0.53,-33.43,-9.07,False,False,,,0.0,0.0,,,0.0,projected,projected,,,0,,0.0,53579,971392,0,1129,391557,0,0,0,52450,705038,0,7510,3919,0,450,494000,0,36155,0,0,35222,225000,0,28.75,71.25,0.0,81604,202244,0,0,283848
VA-01,house,VA,01,Shannon Taylor,Rob Wittman,DEM,REP,REP,REP,-3.29,37.4,62.6,Lean R,-2.9,5.29,-4.21,-0.37,-5.6,-0.63,-5.0,1.71,False,False,,,0.0,0.0,,,0.0,confirmed,confirmed,43.01,44.0,2,1.92,0.15,2140930,4053142,0,1004179,4292789,0,935501,0,1136751,1136232,0,331702,54324,0,342015,1169350,0,0,0,0,0,0,0,48.35,51.65,0.0,164698,175919,0,0,340616
VA-02,house,VA,02,Elaine Luria,Jen Kiggans,DEM,REP,REP,REP,4.5,67.0,33.0,Lean D,2.85,5.29,5.88,-0.19,-1.67,-0.4,-0.27,4.77,False,False,,,0.0,0.0,,,0.0,confirmed,confirmed,47.0,47.0,1,-3.0,0.155,4659795,5954338,0,3582723,3391740,0,0,139002,1077072,2608075,0,562196,784112,0,405663,1255601,0,8010,0,0,0,38101,0,52.25,47.75,0.0,151475,138415,0,0,289890
VA-03,house,VA,03,Bobby Scott,Edwin Rivera,DEM,REP,DEM,DEM,50.94,100.0,0.0,Safe D,38.94,5.29,50.94,1.93,4.81,-0.03,35.17,15.77,False,False,,,0.0,0.0,,,0.0,confirmed,confirmed,,,0,,0.0,688200,6555,0,191843,1762,0,0,0,659220,4793,0,26802,1305,0,305381,500,0,0,4100,0,3191,0,0,75.47,24.53,0.0,169575,55114,0,0,224690
VA-04,house,VA,04,Jennifer McClellan,Robert Murray,DEM,REP,DEM,DEM,47.36,100.0,0.0,Safe D,36.83,5.29,47.36,0.0,5.25,-0.01,33.18,14.18,False,False,,,0.0,0.0,,,0.0,confirmed,confirmed,,,0,,0.0,1135225,0,0,197426,0,0,0,0,991901,0,0,79210,0,0,607800,0,0,0,0,0,0,0,0,73.68,26.32,0.0,197907,70704,0,0,268611
VA-05,house,VA,05,Thomas Perriello,John McGuire,DEM,REP,REP,REP,-5.34,30.2,69.8,Lean R,-8.54,5.29,-5.34,0.14,-1.67,-0.56,-12.41,7.07,False,False,,,0.0,0.0,,,0.0,confirmed,confirmed,,,0,,0.0,2140402,1781840,0,1511291,524404,0,48794,0,629110,1291655,0,211452,446090,0,106850,420887,0,13111,0,0,0,41488,0,47.33,52.67,0.0,147131,163732,0,0,310863
VA-06,house,VA,06,Beth Macy,Ben Cline,DEM,REP,REP,REP,-20.62,2.2,97.8,Safe R,-21.21,5.29,-20.62,0.11,-4.2,-0.61,-24.47,3.85,False,False,,,0.0,0.0,,,0.0,confirmed,confirmed,,,0,,0.0,1686322,1441436,0,847470,711442,0,0,6348,838852,1058317,0,445062,46824,0,39250,597760,0,0,0,0,0,0,0,39.69,60.31,0.0,114165,173468,0,0,287634
VA-07,house,VA,07,Eugene Vindman,Doug Ollivant,DEM,REP,DEM,DEM,18.52,96.4,3.6,Safe D,6.68,5.29,18.52,2.75,3.73,0.06,2.91,15.61,False,False,,,0.0,0.0,,,0.0,confirmed,confirmed,,,0,,0.0,12355664,251134,0,6573093,65801,0,180667,48024,5917504,185334,0,6484357,29179,0,821234,7250,0,716,0,0,0,0,0,59.26,40.74,0.0,167613,115229,0,0,282843
VA-08,house,VA,08,Don Beyer,Tony Sabio,DEM,REP,DEM,DEM,63.6,100.0,0.0,Safe D,55.42,5.29,63.6,2.56,0.24,0.1,50.9,12.7,False,False,,,0.0,0.0,,,0.0,confirmed,confirmed,,,0,,0.0,2125761,21917,0,838934,17903,0,0,0,1843890,4014,0,100225,3439,0,573250,6000,0,0,3712,0,0,0,0,81.8,18.2,0.0,223438,49710,0,0,273148
VA-09,house,VA,09,Joy Powers,Morgan Griffith,DEM,REP,REP,REP,-39.86,0.0,100.0,Safe R,-40.87,5.29,-39.86,-1.97,-1.45,-0.85,-44.43,4.57,False,False,,,0.0,0.0,,,0.0,confirmed,confirmed,,,0,,0.0,85335,1828839,0,13941,973867,0,0,0,71395,1318861,0,17512,18255,0,3,1224589,0,2587,0,0,0,0,0,30.07,69.93,0.0,85998,199985,0,0,285983
VA-10,house,VA,10,Suhas Subramanyam,Dave Beckwith,DEM,REP,DEM,DEM,20.63,97.8,2.2,Safe D,13.38,5.29,20.63,1.54,0.51,-0.09,8.58,12.05,False,False,,,0.0,0.0,,,0.0,confirmed,confirmed,,,0,,0.0,1170446,107334,0,582812,54260,0,0,0,678467,53073,0,86553,6365,0,320985,2000,0,2171,50000,0,0,50000,0,60.31,39.69,0.0,177550,116824,0,0,294374
VA-11,house,VA,11,James Walkinshaw,Arthur Purves,DEM,REP,DEM,DEM,49.37,100.0,0.0,Safe D,39.66,5.29,49.37,3.01,1.67,-0.26,35.29,14.08,False,False,,,0.0,0.0,,,0.0,confirmed,confirmed,,,0,,0.0,2758961,5637,0,979176,200,0,1012792,2790,1779785,5437,0,392033,1155,0,932069,0,0,0,3982,0,0,3982,0,74.68,25.32,0.0,219310,74340,0,0,293651
VT-01,house,VT,01,Rebecca Balint,Mark Coester,DEM,REP,DEM,DEM,35.62,100.0,0.0,Safe D,19.58,5.29,35.48,1.84,9.71,-0.95,32.77,2.85,False,False,,,0.0,0.0,,,0.0,projected,projected,61.62,25.34,2,36.29,0.173,956339,36039,0,626332,9208,0,0,0,475768,17760,0,206782,3234,0,280029,0,0,0,20897,0,0,114000,0,67.81,32.19,0.0,175351,83244,0,0,258595
WA-01,house,WA,01,Suzan Delbene,Mary Silva,DEM,REP,DEM,DEM,38.26,100.0,0.0,Safe D,30.07,5.29,38.26,3.17,0.33,-0.6,29.71,8.55,False,False,,,0.0,0.0,,,0.0,confirmed,confirmed,,,0,,0.0,3550452,3186,0,1109685,820,0,113120,0,3504488,2622,0,776471,442,0,1479993,0,0,0,2244,0,495000,0,0,69.13,30.87,0.0,181181,80903,0,0,262083
WA-02,house,WA,02,Rick Larsen,Edwin H. Feller,DEM,REP,DEM,DEM,33.4,99.9,0.1,Safe D,24.1,5.29,33.4,0.0,4.54,-0.53,24.45,8.95,False,False,,,0.0,0.0,,,0.0,confirmed,confirmed,,,0,,0.0,2038786,0,0,652100,0,0,0,0,1634123,0,0,118658,0,0,1157275,0,0,0,0,0,0,0,0,66.7,33.3,0.0,198480,99102,0,0,297583
WA-03,house,WA,03,Marie Gluesenkamp Perez,John Braun,DEM,REP,DEM,DEM,7.56,76.9,23.1,Likely D,-3.74,5.29,9.54,0.84,7.75,-0.59,-3.4,10.95,False,False,,,0.0,0.0,,,0.0,confirmed,confirmed,41.8,42.96,2,-3.69,0.15,6292683,2051284,0,2064820,1120088,0,247821,0,4254323,931196,0,278709,205710,0,864716,279845,0,0,11434,0,8500,600,0,53.78,46.22,0.0,159691,137251,0,0,296942
WA-04,house,WA,04,John Duresky,Amanda McKinney,DEM,REP,,REP,-16.05,5.9,94.1,Likely R,-20.54,5.29,-16.05,-1.52,0.0,0.72,-21.24,5.18,False,False,,,0.0,0.0,,,0.0,confirmed,confirmed,,,0,,0.0,179020,981820,0,34309,215447,0,0,2125940,144711,766373,0,50216,192066,0,7000,110500,0,887,63792,0,600,0,0,41.97,58.03,0.0,91764,126863,0,0,218627
WA-05,house,WA,05,Carmela Conroy,Michael Baumgartner,DEM,REP,REP,REP,-24.51,0.9,99.1,Safe R,-11.1,5.29,-27.25,-0.75,-19.99,-0.7,-11.11,-13.41,False,False,,,0.0,0.0,,,0.0,confirmed,confirmed,47.0,53.0,1,-9.0,0.15,396217,1738226,0,74463,953784,0,668032,121058,334896,976007,0,88416,186660,0,13100,366950,0,9941,0,0,23421,0,0,37.74,62.26,0.0,107217,176858,0,0,284075
WA-06,house,WA,06,Emily Randall,Teresa Fox,DEM,REP,DEM,DEM,26.4,99.5,0.5,Safe D,19.18,5.29,26.4,2.08,0.51,-0.66,19.89,6.51,False,False,,,0.0,0.0,,,0.0,confirmed,confirmed,,,0,,0.0,1195247,27615,0,241631,2836,0,0,0,981488,24779,0,231651,8476,0,311706,1000,0,0,7535,0,0,12344,0,63.2,36.8,0.0,193031,112393,0,0,305424
WA-07,house,WA,07,Pramila Jayapal,Nirav Sheth,DEM,REP,DEM,DEM,82.25,100.0,0.0,Safe D,77.58,5.29,82.25,2.79,-2.85,-0.56,77.56,4.69,False,False,,,0.0,0.0,,,0.0,confirmed,confirmed,,,0,,0.0,2502816,11811,0,1766786,5044,0,0,0,2748755,10525,0,1008781,661,0,281113,0,0,0,5900,0,0,0,0,91.12,8.88,0.0,279146,27191,0,0,306337
WA-08,house,WA,08,Kim Schrier,Republican candidate (WA-08),DEM,REP,DEM,DEM,14.62,92.3,7.7,Likely D,6.12,5.29,14.62,0.0,3.8,-0.59,5.97,8.66,False,False,,,0.0,0.0,,,0.0,confirmed,projected,,,0,,0.0,3016894,0,0,3508751,0,0,105040,0,1329765,0,0,197673,0,0,900550,0,0,0,0,0,0,0,0,57.31,42.69,0.0,171943,128073,0,0,300016
WA-09,house,WA,09,Adam Smith,Doug Basler,DEM,REP,DEM,DEM,51.18,100.0,0.0,Safe D,43.74,5.29,51.18,1.92,0.47,-0.25,42.69,8.48,False,False,,,0.0,0.0,,,0.0,confirmed,confirmed,,,0,,0.0,1882001,99242,0,869549,5021,0,0,0,1583206,94764,0,94878,3317,0,563165,0,0,0,72760,0,0,760,0,75.59,24.41,0.0,169637,54786,0,0,224424
WA-10,house,WA,10,Marilyn Strickland,Chris D. Chung,DEM,REP,DEM,DEM,25.21,99.3,0.7,Safe D,18.4,5.29,25.21,0.0,1.92,-0.4,18.6,6.6,False,False,,,0.0,0.0,,,0.0,confirmed,confirmed,,,0,,0.0,1511304,0,0,677498,0,0,391134,0,1414394,0,0,65724,0,0,667380,0,0,0,0,0,50000,0,0,62.6,37.4,0.0,157424,94035,0,0,251460
WI-01,house,WI,01,Mitchell Berman,Bryan Steil,DEM,REP,REP,REP,-3.68,36.0,64.0,Lean R,-2.74,5.29,-4.24,-1.48,-4.89,-0.42,-4.58,0.9,False,False,,,0.0,0.0,,,0.0,projected,presumptive,42.5,46.0,1,-0.5,0.15,712984,5467777,0,151644,6327099,0,0,0,561340,1359849,0,345825,253363,0,19500,1634675,0,0,0,0,0,0,0,48.16,51.84,0.0,136276,146685,0,0,282961
WI-02,house,WI,02,Mark Pocan,Erik Olsen,DEM,REP,DEM,DEM,50.73,100.0,0.0,Safe D,42.25,5.29,50.73,2.1,1.79,-0.7,40.75,9.98,False,False,,,0.0,0.0,,,0.0,projected,projected,,,0,,0.0,814874,2840,0,884043,0,0,0,0,933048,3415,0,124620,50,0,401660,0,0,0,2790,0,0,0,0,75.36,24.64,0.0,247741,80984,0,0,328725
WI-03,house,WI,03,Rebecca Cooke,Derrick Van Orden,DEM,REP,REP,REP,5.16,69.2,30.8,Lean D,-5.57,5.29,6.18,0.1,7.27,-0.91,-7.51,12.67,False,False,,,0.0,0.0,,,0.0,presumptive,presumptive,49.96,46.05,5,0.9,0.194,8601146,7526052,0,1826605,4677029,0,27821,153880,6784680,3365829,0,2645733,1592300,0,523475,1009742,0,0,0,0,0,181867,0,52.58,47.42,0.0,155220,139999,0,0,295219
WI-04,house,WI,04,Gwen Moore,Purnima Nath,DEM,REP,DEM,DEM,65.21,100.0,0.0,Safe D,53.97,5.29,65.21,2.31,3.43,0.2,52.47,12.74,False,False,,,0.0,0.0,,,0.0,projected,projected,,,0,,0.0,1070659,1925,0,28561,5478,0,25000,0,1064346,3057,0,35303,175,0,682991,0,0,668,0,0,4000,0,0,82.6,17.4,0.0,199894,42099,0,0,241993
WI-05,house,WI,05,Andrew Beck,Scott Fitzgerald,DEM,REP,REP,REP,-24.27,0.9,99.1,Safe R,-21.8,5.29,-24.27,-2.32,-4.66,-0.78,-22.45,-1.82,False,False,,,0.0,0.0,,,0.0,projected,projected,,,0,,0.0,14612,1376100,0,3158,1327087,0,0,0,11590,886619,0,3829,45262,0,0,872850,0,1625,0,0,425,0,0,37.86,62.14,0.0,127630,209446,0,0,337076
WI-06,house,WI,06,Aaron Wojciechowski,Glenn Grothman,DEM,REP,REP,REP,-18.64,3.5,96.5,Safe R,-15.41,5.29,-17.52,-1.76,-4.83,-0.81,-16.7,-1.95,False,False,,,0.0,0.0,,,0.0,projected,projected,39.0,61.0,1,-25.0,0.15,44015,929020,0,0,829736,0,0,0,44015,621774,0,16501,97239,0,1250,277750,0,22050,0,0,19143,139110,0,40.68,59.32,0.0,121824,177661,0,0,299484
WI-07,house,WI,07,Frederic Clark,Paul Wassgren,DEM,REP,,REP,-18.22,3.8,96.2,Safe R,-21.03,5.29,-18.22,-1.49,0.0,-0.99,-22.84,4.62,False,False,,,0.0,0.0,,,0.0,projected,projected,,,0,,0.0,423041,3403946,0,173977,0,0,0,0,249064,3403946,0,115985,4639,0,6500,0,0,5030,3240366,0,5000,0,0,40.89,59.11,0.0,126456,182811,0,0,309267
WI-08,house,WI,08,Mark Scheffler,Tony Wied,DEM,REP,REP,REP,-13.91,8.8,91.2,Likely R,-15.21,5.29,-13.91,-1.36,-1.81,-0.83,-16.46,2.55,False,False,,,0.0,0.0,,,0.0,projected,projected,,,0,,0.0,136755,1090216,0,10091,515561,0,0,0,126664,619885,0,43062,96766,0,0,596900,0,40100,0,0,25000,634225,0,43.05,56.95,0.0,129703,171615,0,0,301318
WV-01,house,WV,01,Vince George,Carol Miller,DEM,REP,REP,REP,-41.57,0.0,100.0,Safe R,-44.36,5.29,-41.57,-1.33,-0.22,-0.95,-45.2,3.63,False,False,,,0.0,0.0,,,0.0,confirmed,confirmed,,,0,,0.0,258330,1746898,0,258330,604379,0,0,25515,0,1382061,0,1480,2971,0,0,1232139,0,240000,0,0,240000,417993,0,29.22,70.78,0.0,74578,180686,0,0,255263
WV-02,house,WV,02,Ahsan Parsi,Riley Moore,DEM,REP,REP,REP,-41.07,0.0,100.0,Safe R,-39.92,5.29,-41.07,-1.51,-4.03,-0.91,-40.38,-0.69,False,False,,,0.0,0.0,,,0.0,projected,projected,,,0,,0.0,134245,1325162,0,43669,751072,0,0,0,90575,697053,0,33670,204309,0,1000,522450,0,60,0,0,0,60882,0,29.46,70.54,0.0,82029,196381,0,0,278410
WY-01,house,WY,01,Lisa Kinney,Chuck Gray,DEM,REP,,REP,-41.33,0.0,100.0,Safe R,-44.51,5.29,-41.33,-1.47,0.0,-0.64,-46.96,5.63,False,False,,,0.0,0.0,,,0.0,projected,projected,,,0,,0.0,17946,1621197,0,2532,240146,0,506063,36970,15414,1381051,0,6081,11618,0,0,2500,0,0,1377000,0,11223,1377000,0,29.33,70.67,0.0,55246,133088,0,0,188334
