race_code,race_type,state,district,dem_name,rep_name,dem_party,rep_party,incumbent_party,seat_holder,margin,dem_prob,rep_prob,rating,lean,gcb,fundamentals,fundraising,candidates,demo_env,pres_2024,swing_24_26,rcv,threeway,oth_party,rcv_field,rcv_winner_name,rcv_exhausted,ind_name,ind_party,ind_party_label,ind_pct,ind_prob,same_party,cand2_name,cand1_prob,dem_status,rep_status,poll_dem,poll_rep,poll_count,polling_avg,polling_weight,dem_funds,rep_funds,ind_funds,dem_coh,rep_coh,ind_coh,dem_outside,rep_outside,dem_spent,rep_spent,ind_spent,dem_small,rep_small,ind_small,dem_pac,rep_pac,ind_pac,dem_self,rep_self,ind_self,dem_debt,rep_debt,ind_debt,dem_pct,rep_pct,oth_pct,dem_votes,rep_votes,oth_votes,ind_votes,total_votes
AK-GOV,governor,AK,GOV,Jonathan Kreiss-Tomkins,Bernadette Wilson,DEM,REP,,REP,11.99,87.7,12.3,Likely D,-13.27,5.56,-8.77,0.0,0.0,-1.06,-13.8,5.02,True,False,,4,Jonathan Kreiss-Tomkins,10.78,,,,0.0,0.0,,,0.0,confirmed,confirmed,40.0,41.0,1,-1.0,0.351,0,0,0,0,0,0,0,0,0,0,0,0,0,0,0,0,0,0,0,0,0,0,0,45.61,54.39,0.0,107852,128594,0,0,236446
AL-GOV,governor,AL,GOV,Doug Jones,Tommy Tuberville,DEM,REP,,REP,-19.23,2.8,97.2,Safe R,-29.66,5.56,-21.21,0.0,3.37,-0.48,-30.88,11.65,False,False,,0,,0.0,,,,0.0,0.0,,,0.0,confirmed,confirmed,40.99,49.01,2,-7.04,0.15,0,13792994,0,0,0,0,0,0,0,0,0,0,0,0,0,0,0,0,0,0,0,0,0,40.39,59.61,0.0,640337,945226,0,0,1585563
AR-GOV,governor,AR,GOV,Fredrick Love,Sarah Huckabee Sanders,DEM,REP,REP,REP,-20.05,2.4,97.6,Safe R,-30.62,5.56,-25.69,0.0,-0.13,-0.51,-31.57,11.52,False,False,LIB,0,,0.0,Colt Shelby,LIB,Libertarian,7.0,0.0,,,0.0,confirmed,confirmed,40.0,45.0,1,-4.36,0.205,0,0,0,0,0,0,0,0,0,0,0,0,0,0,0,0,0,0,0,0,0,0,0,37.18,55.82,0.0,312097,468598,0,58762,839457
AZ-GOV,governor,AZ,GOV,Katie Hobbs,Andy Biggs,DEM,REP,DEM,DEM,8.53,80.5,19.5,Likely D,-4.25,5.56,8.62,0.94,6.01,0.36,-5.59,14.12,False,False,GRN,0,,0.0,Risa Lombardo,GRN,Green,1.28,0.0,,,0.0,confirmed,confirmed,46.33,37.27,19,10.02,0.318,9827820,2787170,21500,0,0,0,0,0,0,0,0,0,0,0,0,0,0,0,0,0,0,0,0,53.57,45.15,0.0,1271007,1071148,0,30368,2372523
CA-GOV,governor,CA,GOV,Xavier Becerra,Steve Hilton,DEM,REP,,DEM,27.99,99.7,0.3,Safe D,23.42,5.56,30.12,0.25,0.0,0.89,20.82,7.17,False,False,,0,,0.0,,,,0.0,0.0,,,0.0,confirmed,confirmed,57.79,36.61,6,21.64,0.274,24217949,17445485,0,10580853,2163517,0,0,0,0,0,0,0,0,0,0,0,0,0,0,0,0,0,0,63.99,36.01,0.0,7102296,3996248,0,0,11098543
CO-GOV,governor,CO,GOV,Phil Weiser,Victor Marx,DEM,REP,,DEM,18.03,96.3,3.7,Safe D,11.48,5.56,17.66,0.64,0.0,-0.01,11.29,6.74,False,False,IND,0,,0.0,Greg Lopez,IND,Independent,3.6,0.0,,,0.0,confirmed,confirmed,50.1,37.8,1,15.81,0.15,6951032,2935521,84692,0,0,0,0,0,0,0,0,0,0,0,0,0,0,0,0,0,0,0,0,56.89,39.51,0.0,1271455,883009,0,80457,2234922
CT-GOV,governor,CT,GOV,Ned Lamont,Ryan Fazio,DEM,REP,DEM,DEM,19.1,97.1,2.9,Safe D,15.88,5.56,20.33,0.0,-1.03,-0.09,14.76,4.34,False,False,,0,,0.0,,,,0.0,0.0,,,0.0,confirmed,confirmed,51.51,35.42,4,16.6,0.29,0,0,0,0,0,0,0,0,0,0,0,0,0,0,0,0,0,0,0,0,0,0,0,59.55,40.45,0.0,733124,498016,0,0,1231140
FL-GOV,governor,FL,GOV,David Jolly,Byron Donalds,DEM,REP,,REP,-5.8,27.9,72.1,Lean R,-10.43,5.56,-6.99,-2.16,-0.47,0.51,-13.22,7.42,False,False,LIB,0,,0.0,Scott Eckhard Jewett,LIB,Libertarian,0.5,0.0,,,0.0,confirmed,confirmed,41.43,43.38,18,-2.55,0.286,5531882,99442171,4440,0,0,0,0,0,0,0,0,0,0,0,0,0,0,0,0,0,0,0,0,46.86,52.64,0.0,3587240,4029312,0,38274,7654826
GA-GOV,governor,GA,GOV,Keisha Lance Bottoms,Rick Jackson,DEM,REP,,REP,2.2,59.1,40.9,Toss-up,-1.84,5.56,1.34,-2.26,0.0,-0.12,-2.21,4.4,False,False,,0,,0.0,,,,0.0,0.0,,,0.0,confirmed,confirmed,49.9,45.89,8,5.43,0.27,5774631,118984243,0,0,0,0,0,0,0,0,0,0,0,0,0,0,0,0,0,0,0,0,0,51.1,48.9,0.0,1877862,1797184,0,0,3675046
HI-GOV,governor,HI,GOV,Josh Green,Gary Cordery,DEM,REP,DEM,DEM,32.49,99.9,0.1,Safe D,25.72,5.56,32.49,0.0,1.67,-0.46,23.56,8.93,False,False,,0,,0.0,,,,0.0,0.0,,,0.0,confirmed,confirmed,,,0,,0.0,0,0,0,0,0,0,0,0,0,0,0,0,0,0,0,0,0,0,0,0,0,0,0,66.24,33.76,0.0,239601,122090,0,0,361691
IA-GOV,governor,IA,GOV,Rob Sand,Zach Lahn,DEM,REP,,REP,6.71,75.1,24.9,Likely D,-12.13,5.56,5.64,2.06,10.86,-0.71,-13.45,20.16,False,False,,0,,0.0,,,,0.0,0.0,,,0.0,confirmed,confirmed,50.12,41.61,10,8.98,0.381,19860206,1218702,0,0,0,0,0,0,0,0,0,0,0,0,0,0,0,0,0,0,0,0,0,53.36,46.64,0.0,621309,543145,0,0,1164454
ID-GOV,governor,ID,GOV,Terri Pickens,Brad Little,DEM,REP,REP,REP,-40.89,0.0,100.0,Safe R,-36.27,5.56,-45.39,-1.82,-12.37,-0.49,-37.52,-3.36,False,False,LIB,0,,0.0,Paul Sand,LIB,Libertarian,5.0,0.0,,,0.0,confirmed,confirmed,29.0,50.5,1,-23.78,0.167,136953,2057743,310,0,0,0,0,0,0,0,0,0,0,0,0,0,0,0,0,0,0,0,0,28.08,66.92,0.0,177885,423981,0,31677,633543
IL-GOV,governor,IL,GOV,JB Pritzker,Darren Bailey,DEM,REP,DEM,DEM,20.14,97.7,2.3,Safe D,12.91,5.56,20.29,1.84,-0.02,0.0,11.14,9.01,False,False,IND,0,,0.0,Collin Corbett,IND,Independent,2.88,0.0,,,0.0,confirmed,confirmed,54.3,34.0,1,22.81,0.15,25619035,2166962,60603,3141018,127990,379163,0,0,0,0,0,0,0,0,0,0,0,0,0,0,0,0,0,58.34,38.78,0.0,2307283,1533558,0,113896,3954737
KS-GOV,governor,KS,GOV,Cindy Holscher,Ty Masterson,DEM,REP,,DEM,-8.69,19.1,80.9,Likely R,-16.42,5.56,-11.29,0.0,0.0,-0.43,-16.41,7.72,False,False,,0,,0.0,,,,0.0,0.0,,,0.0,confirmed,confirmed,45.38,48.02,2,-2.76,0.321,0,0,0,0,0,0,0,0,0,0,0,0,0,0,0,0,0,0,0,0,0,0,0,45.65,54.35,0.0,424256,505057,0,0,929314
MA-GOV,governor,MA,GOV,Maura Healey,Mike Minogue,DEM,REP,DEM,DEM,30.72,99.9,0.1,Safe D,27.8,5.56,34.14,0.0,1.13,-0.34,25.91,4.81,False,False,IND,0,,0.0,Andrea James,IND,Independent,3.3,0.0,,,0.0,confirmed,confirmed,53.37,31.99,8,22.03,0.255,0,0,0,0,0,0,0,0,0,0,0,0,0,0,0,0,0,0,0,0,0,0,0,63.21,33.49,0.0,1536884,814442,0,80242,2431568
MD-GOV,governor,MD,GOV,Wes Moore,Dan Cox,DEM,REP,DEM,DEM,35.69,100.0,0.0,Safe D,30.37,5.56,39.28,0.0,3.43,-0.08,29.51,6.18,False,False,GRN,0,,0.0,Andy Ellis,GRN,Green,3.47,0.0,,,0.0,confirmed,confirmed,58.0,31.0,1,24.74,0.178,0,0,0,0,0,0,0,0,0,0,0,0,0,0,0,0,0,0,0,0,0,0,0,65.49,31.04,0.0,1392890,660143,0,73801,2126834
ME-GOV,governor,ME,GOV,Hannah Pingree,Robert Charles,DEM,REP,,DEM,11.63,87.9,12.1,Likely D,7.36,5.56,11.95,0.0,0.0,-0.97,7.09,4.54,False,False,IND,0,,0.0,Rick Bennett,IND,Independent,2.84,0.0,,,0.0,confirmed,confirmed,48.55,37.15,6,11.86,0.326,0,0,0,0,0,0,0,0,0,0,0,0,0,0,0,0,0,0,0,0,0,0,0,54.23,42.93,0.0,315602,249832,0,16528,581962
MI-GOV,governor,MI,GOV,Jocelyn Benson,John James,DEM,REP,,DEM,12.54,89.6,10.4,Likely D,-0.43,5.56,14.69,0.21,9.97,-0.63,-1.44,13.98,False,False,LIB,0,,0.0,Anthony Hudson,LIB,Libertarian,0.5,0.0,,,0.0,confirmed,confirmed,49.33,41.82,26,8.27,0.321,5958887,4492470,13682,0,0,0,0,0,0,0,0,0,0,0,0,0,0,0,0,0,0,0,0,55.99,43.51,0.0,2219609,1724831,0,19821,3964262
MN-GOV,governor,MN,GOV,Amy Klobuchar,Lisa Demuth,DEM,REP,,DEM,11.64,87.9,12.1,Likely D,4.83,5.56,11.12,1.57,-0.12,-0.72,4.34,7.29,False,False,GRN,0,,0.0,Steven Young and Jane Kirby,GRN,Green,1.8,0.0,,,0.0,confirmed,confirmed,50.47,36.9,5,15.2,0.278,9312380,1102119,0,4480911,457944,0,0,0,0,0,0,0,0,0,0,0,0,0,0,0,0,0,0,54.81,43.39,0.0,1248504,988240,0,40999,2277744
NE-GOV,governor,NE,GOV,Lynne Walz,Jim Pillen,DEM,REP,REP,REP,-13.52,8.8,91.2,Likely R,-20.91,5.56,-19.08,0.0,-3.25,-0.48,-20.84,7.32,False,False,OTH,0,,0.0,Brett Lindstrom,OTH,America First,12.0,0.0,,,0.0,confirmed,confirmed,31.07,32.21,2,-3.58,0.221,0,0,0,0,0,0,0,0,0,0,0,0,0,0,0,0,0,0,0,0,0,0,0,38.05,49.95,0.0,252291,331158,0,79561,663011
NH-GOV,governor,NH,GOV,Cinde Warmington,Kelly Ayotte,DEM,REP,REP,REP,-11.53,12.3,87.7,Likely R,3.63,5.56,-12.85,-1.39,-19.79,-0.86,2.82,-14.35,False,False,LIB,0,,0.0,Stephen Villee,LIB,Libertarian,2.3,0.0,,,0.0,confirmed,confirmed,38.08,48.59,7,-9.64,0.298,908163,6079166,0,0,0,0,0,0,0,0,0,0,0,0,0,0,0,0,0,0,0,0,0,43.22,54.48,0.0,249937,315094,0,13302,578332
NM-GOV,governor,NM,GOV,Deb Haaland,Gregg Hull,DEM,REP,,DEM,9.89,84.0,16.0,Likely D,7.41,5.56,9.65,1.95,-6.39,1.12,6.14,3.74,False,False,,0,,0.0,,,,0.0,0.0,,,0.0,confirmed,confirmed,45.55,35.12,3,11.13,0.267,13910580,987856,0,0,0,0,0,0,0,0,0,0,0,0,0,0,0,0,0,0,0,0,0,54.94,45.06,0.0,355142,291235,0,0,646377
NV-GOV,governor,NV,GOV,Aaron Ford,Joe Lombardo,DEM,REP,REP,REP,4.14,66.4,33.6,Lean D,-1.57,5.56,5.71,0.47,0.85,0.4,-3.15,7.3,False,False,IND,0,,0.0,Danielle Ford,IND,Independent,1.84,0.0,,,0.0,confirmed,confirmed,43.95,43.64,11,1.02,0.285,4285307,2275075,0,0,0,0,0,0,0,0,0,0,0,0,0,0,0,0,0,0,0,0,0,51.11,47.05,0.0,531104,488844,0,19119,1039067
NY-GOV,governor,NY,GOV,Kathy Hochul,Bruce Blakeman,DEM,REP,DEM,DEM,13.34,90.9,9.1,Likely D,15.56,5.56,13.91,0.16,-7.5,0.13,12.68,0.65,False,False,,0,,0.0,,,,0.0,0.0,,,0.0,confirmed,confirmed,49.47,37.98,18,12.79,0.286,16594119,13445025,0,0,0,0,0,0,0,0,0,0,0,0,0,0,0,0,0,0,0,0,0,56.67,43.33,0.0,3294426,2519072,0,0,5813499
OH-GOV,governor,OH,GOV,Amy Acton,Vivek Ramaswamy,DEM,REP,,REP,-4.36,32.8,67.2,Lean R,-10.38,5.56,-5.99,-0.48,0.0,-0.69,-11.31,6.95,False,False,LIB,0,,0.0,Don Kissick,LIB,Libertarian,0.5,0.0,,,0.0,confirmed,confirmed,47.83,46.79,20,1.42,0.292,15928993,30306297,1250,0,0,0,0,0,0,0,0,0,0,0,0,0,0,0,0,0,0,0,0,47.58,51.92,0.0,1920083,2095251,0,20178,4035512
OK-GOV,governor,OK,GOV,Cyndi Munson,Mike Mazzei,DEM,REP,,REP,-30.13,0.1,99.9,Safe R,-34.86,5.56,-30.0,0.0,0.0,-0.7,-34.95,4.82,False,False,IND,0,,0.0,Jerry Griffin,IND,Independent,2.62,0.0,,,0.0,confirmed,confirmed,,,0,,0.0,0,0,0,0,0,0,0,0,0,0,0,0,0,0,0,0,0,0,0,0,0,0,0,34.02,63.36,0.0,372923,694579,0,28721,1096222
OR-GOV,governor,OR,GOV,Tina Kotek,Christine Drazan,DEM,REP,DEM,DEM,4.76,68.6,31.4,Lean D,15.18,5.56,6.99,0.0,-13.29,-0.46,14.89,-10.13,False,False,GRN,0,,0.0,Brett Smith,GRN,Green,4.68,0.0,,,0.0,confirmed,confirmed,43.16,45.29,4,-1.56,0.235,0,0,0,0,0,0,0,0,0,0,0,0,0,0,0,0,0,0,0,0,0,0,0,49.93,45.39,0.0,784761,713454,0,73559,1571774
PA-GOV,governor,PA,GOV,Josh Shapiro,Stacy Garrity,DEM,REP,DEM,DEM,17.85,96.2,3.8,Safe D,-0.99,5.56,17.61,1.95,11.61,-0.53,-1.75,19.6,False,False,LIB,0,,0.0,Kenneth V. Krawchuk,LIB,Libertarian,0.5,0.0,,,0.0,confirmed,confirmed,54.09,36.01,14,18.75,0.302,34960533,2545436,0,0,0,0,0,0,0,0,0,0,0,0,0,0,0,0,0,0,0,0,0,58.63,40.87,0.0,2886649,2012350,0,24618,4923617
RI-GOV,governor,RI,GOV,Helena Foulkes,Aaron Guckian,DEM,REP,,DEM,20.86,98.1,1.9,Safe D,15.75,5.56,21.11,0.0,0.0,-0.2,14.16,6.7,False,False,IND,0,,0.0,Ken Block,IND,Independent,18.95,0.0,,,0.0,confirmed,presumptive,39.66,15.05,2,25.21,0.2,0,0,0,0,0,0,0,0,0,0,0,0,0,0,0,0,0,0,0,0,0,0,0,48.98,32.07,0.0,176009,115243,0,68096,359348
SC-GOV,governor,SC,GOV,Jermaine Johnson,Alan Wilson,DEM,REP,,REP,-10.46,14.7,85.3,Likely R,-16.61,5.56,-9.89,1.47,0.07,-0.39,-18.12,7.67,False,False,GRN,0,,0.0,Walid Hakim,GRN,Green,1.87,0.0,,,0.0,confirmed,confirmed,39.66,47.0,2,-9.55,0.217,753609,62585,0,0,0,0,0,0,0,0,0,0,0,0,0,0,0,0,0,0,0,0,0,43.93,54.2,0.0,783661,966681,0,33355,1783698
SD-GOV,governor,SD,GOV,Dan Ahlers,Larry Rhoden,DEM,REP,REP,REP,-25.51,0.6,99.4,Safe R,-29.41,5.56,-25.51,0.0,-0.64,-1.02,-29.98,4.47,False,False,,0,,0.0,,,,0.0,0.0,,,0.0,confirmed,confirmed,,,0,,0.0,0,0,0,0,0,0,0,0,0,0,0,0,0,0,0,0,0,0,0,0,0,0,0,37.25,62.75,0.0,111169,187304,0,0,298473
TN-GOV,governor,TN,GOV,Jerri Green,Marsha Blackburn,DEM,REP,,REP,-16.72,4.8,95.2,Safe R,-28.6,5.56,-19.85,0.0,3.73,-0.54,-30.12,13.4,False,False,IND,0,,0.0,Lauren Pinkston,IND,Independent,7.32,0.0,,,0.0,confirmed,confirmed,33.69,48.98,4,-15.38,0.292,0,0,0,0,0,0,0,0,0,0,0,0,0,0,0,0,0,0,0,0,0,0,0,38.59,54.09,0.0,827697,1160066,0,156996,2144759
TX-GOV,governor,TX,GOV,Gina Hinojosa,Greg Abbott,DEM,REP,REP,REP,-7.77,21.7,78.3,Likely R,-11.93,5.56,-10.25,-1.58,-3.33,1.04,-13.88,6.11,False,False,LIB,0,,0.0,Pat Dixon,LIB,Libertarian,0.63,0.0,,,0.0,confirmed,confirmed,44.82,47.88,28,-2.51,0.356,8589462,71434049,13283,3002416,67461299,6374,0,0,0,0,0,0,0,0,0,0,0,0,0,0,0,0,0,45.82,53.55,0.0,3658163,4274713,0,50294,7983170
VT-GOV,governor,VT,GOV,Amanda Janoo,Phil Scott,DEM,REP,REP,REP,-22.64,1.3,98.7,Safe R,33.44,5.56,-24.53,0.0,-62.58,-0.95,32.77,-55.41,False,False,OTH,0,,0.0,Dean Roy,OTH,Freedom and Unity,2.34,0.0,,,0.0,confirmed,confirmed,30.95,43.32,2,-11.55,0.165,0,0,0,0,0,0,0,0,0,0,0,0,0,0,0,0,0,0,0,0,0,0,0,37.77,59.89,0.0,97679,154865,0,6051,258595
WI-GOV,governor,WI,GOV,David Crowley,Tom Tiffany,DEM,REP,,DEM,2.92,61.9,38.1,Lean D,-0.43,5.56,2.99,-1.76,0.28,-0.66,-0.87,3.79,False,False,,0,,0.0,,,,0.0,0.0,,,0.0,confirmed,confirmed,46.33,43.81,6,3.35,0.296,1426778,15315779,0,0,0,0,0,0,0,0,0,0,0,0,0,0,0,0,0,0,0,0,0,51.46,48.54,0.0,1233018,1163025,0,0,2396043
WY-GOV,governor,WY,GOV,Kenneth Casner,Eric Barlow,DEM,REP,,REP,-40.58,0.0,100.0,Safe R,-46.77,5.56,-41.85,0.0,0.0,-0.64,-46.96,6.38,False,False,CON,0,,0.0,Rebecca Bextel,CON,Constitution,3.91,0.0,,,0.0,confirmed,confirmed,,,0,,0.0,0,1673103,0,0,0,0,0,0,0,0,0,0,0,0,0,0,0,0,0,0,0,0,0,28.55,67.54,0.0,53768,127201,0,7364,188334
AK-SEN,senate,AK,SEN,Mary Peltola,Dan Sullivan,DEM,REP,REP,REP,-1.13,46.1,53.9,Toss-up,-12.02,5.56,-3.06,0.34,4.11,-1.06,-13.8,11.84,True,False,,4,Dan S. Sullivan,1.75,,,,0.0,0.0,,,0.0,confirmed,confirmed,47.88,47.24,15,1.0,0.292,18545132,9136967,0,4636755,7295069,0,9016703,13484947,13908377,3932803,0,6750626,558386,0,603646,1998758,0,0,0,0,0,0,0,47.77,49.73,2.5,112960,117575,5911,0,236446
AL-SEN,senate,AL,SEN,Everett Wess,Barry Moore,DEM,REP,,REP,-22.6,1.3,98.7,Safe R,-26.75,5.56,-23.94,-3.2,0.93,-0.48,-30.88,8.28,False,False,,0,,0.0,,,,0.0,0.0,,,0.0,confirmed,confirmed,32.0,47.0,1,-14.03,0.15,83341,3787330,0,-10011,627788,0,3019,17142534,94747,3284673,0,4247,346554,0,0,881598,0,70643,50000,0,0,360928,0,38.7,61.3,0.0,613614,971949,0,0,1585563
AR-SEN,senate,AR,SEN,Hallie Shoffner,Tom Cotton,DEM,REP,REP,REP,-20.42,2.2,97.8,Safe R,-27.74,5.56,-25.22,-0.87,-1.67,-0.51,-31.57,11.14,False,False,LIB,0,,0.0,Jeff Wadlin,LIB,Libertarian,3.44,0.0,,,0.0,confirmed,confirmed,39.64,48.37,4,-8.27,0.252,2269114,6233117,28778,863578,9931885,8469,0,3244245,1405536,3752101,20309,807603,552197,999,20060,1191500,0,0,0,21029,0,73959,0,38.42,58.14,0.0,322529,488051,0,28877,839457
CO-SEN,senate,CO,SEN,John Hickenlooper,Mark Baisley,DEM,REP,DEM,DEM,25.45,99.4,0.6,Safe D,13.16,5.56,25.11,2.84,3.55,-0.01,11.29,14.15,False,False,LIB,0,,0.0,Bob Chew,FWD,Forward,7.6,0.0,,,0.0,confirmed,confirmed,,,0,,0.0,8119380,138147,1270007,2083870,50021,1044358,510004,0,7471143,88913,225649,1302169,28371,1507,958273,999,0,0,2200,1250000,0,0,150000,55.7,33.1,3.6,1244819,739791,80457,169854,2234922
DE-SEN,senate,DE,SEN,Chris Coons,Michael Katz,DEM,REP,DEM,DEM,24.77,99.3,0.7,Safe D,15.57,5.56,24.77,2.25,1.67,-0.28,14.84,9.93,False,False,,0,,0.0,,,,0.0,0.0,,,0.0,presumptive,presumptive,,,0,,0.0,4168081,159367,0,4793384,98413,0,11559,0,1559897,60954,0,60175,5698,0,1408377,300,0,0,129260,0,0,129250,0,62.38,37.62,0.0,223048,134495,0,0,357542
FL-SEN,senate,FL,SEN,Angie Nixon,Ashley Moody,DEM,REP,REP,REP,-5.84,27.7,72.3,Lean R,-8.57,5.56,-5.97,-1.8,-1.67,0.51,-13.22,7.38,False,False,IND,0,,0.0,Neil J. Gillespie,IND,Independent,1.65,0.0,,,0.0,confirmed,confirmed,44.14,48.26,6,-4.81,0.289,974845,11270805,0,264978,8491175,0,52168,603843,709866,2779629,0,576840,1529142,0,0,2083000,0,0,0,0,0,0,0,46.3,52.05,0.0,3544319,3984202,0,126305,7654826
GA-SEN,senate,GA,SEN,Jon Ossoff,Mike Collins,DEM,REP,DEM,DEM,12.54,89.6,10.4,Likely D,-0.74,5.56,13.04,1.61,6.73,-0.12,-2.21,14.75,False,False,,0,,0.0,,,,0.0,0.0,,,0.0,confirmed,confirmed,52.7,42.94,12,11.51,0.274,77279766,7409350,0,42587451,2079981,0,3018157,5200329,39682882,5932539,0,39110515,2085895,0,931316,495632,0,0,65000,0,0,461916,0,56.27,43.73,0.0,2067997,1607049,0,0,3675046
IA-SEN,senate,IA,SEN,Josh Turek,Ashley Hinson,DEM,REP,,REP,-1.71,42.7,57.3,Toss-up,-7.09,5.56,-3.39,-0.21,-0.93,-0.71,-13.45,11.74,False,False,LIB,0,,0.0,Thomas Laehn,LIB,Libertarian,0.5,0.0,,,0.0,confirmed,confirmed,45.33,44.39,16,1.34,0.382,6276527,10217845,31908,2362314,6749491,8334,20909313,22116487,3914213,5396429,38131,2726556,1052135,7044,440127,2232367,0,0,0,196,0,0,0,48.9,50.6,0.0,569433,589199,0,5822,1164454
ID-SEN,senate,ID,SEN,(No Democrat),Jim Risch,DEM,REP,REP,REP,-23.09,0.9,99.1,Safe R,-31.11,5.56,-28.85,-1.14,-1.67,-0.49,-37.52,14.43,False,True,IND,0,,0.0,Todd Achilles,IND,Independent,36.26,0.9,,,0.0,,confirmed,29.96,39.02,5,-9.86,0.257,0,3357516,692245,0,3535956,194226,0,0,0,2241925,506311,0,139910,115721,0,959329,10000,0,0,10500,0,0,0,0.0,59.35,4.39,0,376010,27813,229721,633543
IL-SEN,senate,IL,SEN,Juliana Stratton,Don Tracy,DEM,REP,,DEM,20.89,98.1,1.9,Safe D,15.16,5.56,21.04,0.32,0.0,0.0,11.14,9.76,False,False,OTH,0,,0.0,"Whitfield Harrington, Jr.",OTH,American Center,2.88,0.0,,,0.0,confirmed,confirmed,,,0,,0.0,5906599,2459890,100702,1107958,1512424,3751,10437456,11068156,4798641,947466,96951,1182892,27050,11358,426634,12325,0,0,2000000,66749,0,2000000,64050,58.71,38.41,0.0,2321661,1519180,0,113896,3954737
KS-SEN,senate,KS,SEN,Adam Hamilton,Roger Marshall,DEM,REP,REP,REP,-7.64,22.1,77.9,Likely R,-14.49,5.56,-10.5,-0.05,-1.09,-0.43,-16.41,8.77,False,False,LIB,0,,0.0,David C Graham,LIB,Libertarian,3.13,0.0,,,0.0,confirmed,confirmed,43.84,45.58,5,-2.34,0.296,4169078,4009075,0,1730621,5388078,0,842009,2229575,2438457,326015,0,767189,151384,0,17500,1555250,0,50050,0,0,50000,0,0,44.73,52.14,0.0,415726,484500,0,29088,929314
KY-SEN,senate,KY,SEN,Charles Booker,Andy Barr,DEM,REP,,REP,-26.46,0.5,99.5,Safe R,-30.07,5.56,-30.98,-0.86,-4.86,-0.75,-31.03,4.57,False,False,OTH,0,,0.0,Christopher Campbell,OTH,Kentucky Party,2.09,0.0,,,0.0,confirmed,confirmed,39.99,49.0,2,-11.49,0.203,1099509,9981055,0,309623,2305546,0,8306596,6980575,789887,11368587,0,654554,729356,0,24750,1995311,0,0,0,0,89868,0,0,36.0,61.91,0.0,522830,898988,0,30350,1452169
LA-SEN,senate,LA,SEN,Jamie Davis,Julia Letlow,DEM,REP,,REP,-23.7,1.0,99.0,Safe R,-21.43,5.56,-23.7,-0.45,-7.1,-0.28,-22.36,-1.34,False,False,,0,,0.0,,,,0.0,0.0,,,0.0,confirmed,confirmed,,,0,,0.0,1983548,6210122,0,479104,1427072,0,10861766,12093658,1504444,4783049,0,1699034,127995,0,0,824000,0,10000,0,0,10000,0,0,38.15,61.85,0.0,535957,868925,0,0,1404882
MA-SEN,senate,MA,SEN,Ed Markey,John Deaton,DEM,REP,DEM,DEM,32.06,99.9,0.1,Safe D,29.0,5.56,36.4,0.52,1.67,-0.34,25.91,6.15,False,False,IND,0,,0.0,Shiva Ayyadurai,IND,Independent,1.93,0.0,,,0.0,confirmed,confirmed,50.61,30.23,9,21.04,0.255,5352148,1561360,285486,1348676,712417,131229,42917,3329005,5814159,848943,153114,804613,71926,16455,589250,5775,0,0,1053414,10832,0,1005000,0,62.58,32.19,3.3,1521641,782756,80242,46929,2431568
ME-SEN,senate,ME,SEN,Troy Jackson,Susan Collins,DEM,REP,REP,REP,0.76,54.4,45.6,Toss-up,8.5,5.56,-0.46,0.0,-13.55,-0.97,7.09,-6.32,True,False,,2,Troy Jackson,0.0,,,,0.0,0.0,,,0.0,confirmed,confirmed,47.31,44.35,8,3.31,0.367,0,16169827,0,0,11038115,0,8413387,26711799,0,7708021,0,0,1425763,0,0,1263550,0,0,0,0,0,0,0,50.38,49.62,0.0,293206,288756,0,0,581962
MI-SEN,senate,MI,SEN,Abdul El-Sayed,Mike Rogers,DEM,REP,,DEM,6.13,73.2,26.8,Lean D,3.07,5.56,8.07,-0.37,0.44,-0.63,-1.44,7.57,False,False,LIB,0,,0.0,Douglas P. Marsh,GRN,Green,0.5,0.0,,,0.0,confirmed,confirmed,46.23,44.58,29,2.37,0.364,14514336,10898177,0,2552763,4473237,0,14808344,62583303,11961573,6680643,0,4142626,2220167,0,71845,849227,0,0,0,0,0,0,0,51.57,45.62,2.31,2044486,1808380,91575,19821,3964262
MN-SEN,senate,MN,SEN,Peggy Flanagan,Michele Tafoya,DEM,REP,,DEM,9.78,83.7,16.3,Likely D,6.65,5.56,11.41,-0.09,0.0,-0.72,4.34,5.43,False,False,LIB,0,,0.0,Rebecca Whiting,LIB,Libertarian,1.75,0.0,,,0.0,confirmed,confirmed,44.95,40.96,6,5.67,0.314,6517348,5337942,1257,1058604,1372728,1257,1746564,7920529,5458744,3965545,0,2913200,2464154,257,177992,229000,0,7000,7878,0,0,294847,0,53.93,44.32,0.0,1228344,1009539,0,39861,2277744
MS-SEN,senate,MS,SEN,Scott Colom,Cindy Hyde-Smith,DEM,REP,REP,REP,-12.97,9.7,90.3,Likely R,-21.48,5.56,-13.79,-0.11,2.62,-0.37,-23.15,10.18,False,False,IND,0,,0.0,Ty Pinkins,IND,Independent,3.54,0.0,,,0.0,confirmed,confirmed,39.49,45.44,2,-8.3,0.206,2384921,3825455,98038,847046,2535896,5352,2776014,98645,1537875,1759323,98301,351461,98642,64618,312330,1182050,0,25193,0,0,61083,60000,0,41.98,54.48,0.0,360835,468340,0,30430,859605
MT-SEN,senate,MT,SEN,Alani Bankhead,Kurt Alme,DEM,REP,,REP,-26.36,0.1,99.3,Safe R,-13.86,5.56,-8.95,0.36,0.0,-1.01,-20.58,-5.78,False,True,IND,0,,0.0,Seth Bodnar,IND,Independent,24.91,0.6,,,0.0,confirmed,confirmed,25.0,42.73,8,-17.49,0.303,58829,1984861,3238151,21485,1450719,977779,5410157,3322855,37011,534142,2260371,18727,88310,369366,6627,639500,93050,6522,0,0,0,0,0,20.16,51.27,3.66,85090,216401,15448,105135,422074
NC-SEN,senate,NC,SEN,Roy Cooper,Michael Whatley,DEM,REP,,REP,6.61,74.8,25.2,Lean D,-2.8,5.56,4.84,0.49,1.9,-0.3,-3.27,9.88,False,False,LIB,0,,0.0,Michael Dublin,GRN,Green,1.3,0.0,,,0.0,confirmed,confirmed,48.36,38.21,30,10.75,0.334,34975789,11272504,25276,20717567,3461698,10027,15714255,29224759,14258222,7810806,16990,4748620,1775437,655,820563,936330,1740,0,0,20000,0,46928,20000,51.62,45.21,1.87,2058226,1802838,74566,51837,3987467
NE-SEN,senate,NE,SEN,(No Democrat),Pete Ricketts,DEM,REP,REP,REP,-5.11,29.8,70.2,Lean R,-19.08,5.56,-5.83,-0.47,8.63,-0.48,-20.84,15.73,False,True,IND,0,,0.0,Dan Osborn,IND,Independent,46.36,29.8,,,0.0,,confirmed,47.0,46.63,4,-1.95,0.191,0,11233507,5751951,0,6910970,2421487,1728793,1732682,0,4809506,3393630,0,232136,2195423,0,1701815,139868,0,5295888,0,0,0,0,0.0,51.46,2.18,0,341214,14454,307343,663011
NH-SEN,senate,NH,SEN,Chris Pappas,John E. Sununu,DEM,REP,,DEM,7.7,78.1,21.9,Likely D,0.04,5.56,9.59,0.64,4.2,-0.86,2.82,4.88,False,False,CON,0,,0.0,Edmond Laplante,CON,Constitution,0.5,0.0,,,0.0,confirmed,confirmed,44.86,42.84,20,3.19,0.3,15384657,4180252,0,4251918,3070033,0,2292268,7936460,11540323,1110715,0,4743838,507446,0,1106373,479000,0,0,0,0,0,0,0,53.58,45.92,0.0,309877,265564,0,2892,578332
NJ-SEN,senate,NJ,SEN,Cory Booker,Justin Murphy,DEM,REP,DEM,DEM,19.37,97.3,2.7,Safe D,8.31,5.56,20.07,4.13,1.88,0.19,5.63,13.75,False,False,OTH,0,,0.0,Joanne Kuniansky,OTH,Socialist Workers,2.14,0.0,,,0.0,confirmed,confirmed,,,0,,0.0,18869341,27316,0,23060940,123,0,0,0,7000887,26297,0,8440493,7240,0,500530,650,0,0,4932,0,0,8782,0,58.41,39.45,0.0,1701824,1149509,0,62353,2913686
NM-SEN,senate,NM,SEN,Ben Ray Lujan,Larry Marker,DEM,REP,DEM,DEM,19.86,97.5,2.5,Safe D,8.35,5.56,19.86,3.16,1.67,1.12,6.14,13.71,False,False,,0,,0.0,,,,0.0,0.0,,,0.0,confirmed,confirmed,,,0,,0.0,5626629,33525,0,4396754,11850,0,0,0,2443668,21675,0,1158566,1065,0,1738346,5000,0,0,0,0,0,0,0,59.93,40.07,0.0,387362,259015,0,0,646377
OH-SEN,senate,OH,SEN,Sherrod Brown,Jon Husted,DEM,REP,REP,REP,0.55,52.8,47.2,Toss-up,-8.64,5.56,-1.94,0.43,1.39,-0.69,-11.31,11.86,False,False,LIB,0,,0.0,Greg Levy,IND,Independent,0.5,0.0,,,0.0,confirmed,confirmed,48.59,44.31,20,4.75,0.323,38566234,14360028,80348,16229741,9419311,25971,12212545,28747815,22336493,4940716,56132,13527788,1843640,37445,861223,2382560,0,0,0,0,0,0,0,49.23,48.7,1.57,1986859,1965118,63357,20178,4035512
OK-SEN,senate,OK,SEN,Jasmine Thomas,Kevin Hern,DEM,REP,,REP,-32.66,0.1,99.9,Safe R,-33.66,5.56,-35.04,-3.46,-2.78,-0.7,-34.95,2.29,False,False,LIB,0,,0.0,Ron Meinhardt,IND,Independent,4.0,0.0,,,0.0,confirmed,confirmed,25.0,49.0,1,-23.3,0.186,57159,9953579,8713,456,2491910,162,0,2428319,57639,7461669,8551,41107,132138,25,0,761500,0,0,5050000,188,0,0,0,31.44,61.94,2.62,344686,678966,28721,43849,1096222
OR-SEN,senate,OR,SEN,Jeff Merkley,David Brock Smith,DEM,REP,DEM,DEM,22.58,98.7,1.3,Safe D,12.65,5.56,21.88,2.47,1.67,-0.46,14.89,7.69,False,False,IND,0,,0.0,Gary Lyndon Dye,LIB,Libertarian,4.68,0.0,,,0.0,confirmed,confirmed,,,0,,0.0,4540974,120760,0,6828404,28980,0,0,0,1979569,91781,0,1059223,34621,0,477520,11000,0,0,0,0,0,8156,0,55.56,35.08,4.68,873207,551449,73559,73559,1571774
RI-SEN,senate,RI,SEN,Jack Reed,Raymond McKay,DEM,REP,DEM,DEM,24.83,99.3,0.7,Safe D,17.43,5.56,26.48,2.03,1.67,-0.2,14.16,10.67,False,False,IND,0,,0.0,Michael Anthony Bahry,IND,Independent,3.15,0.0,,,0.0,confirmed,confirmed,51.21,31.81,3,20.05,0.211,3381651,180468,5050,3093684,7569,2206,0,0,1876160,173238,2844,30579,69332,0,1140100,1600,0,0,1,5050,0,690,5050,60.45,36.4,0.0,217222,130806,0,11319,359348
SC-SEN,senate,SC,SEN,Annie Andrews,Darline Graham,DEM,REP,REP,REP,-5.78,27.9,72.1,Lean R,-14.69,5.56,-6.71,1.23,1.59,-0.39,-18.12,12.34,False,False,IND,0,,0.0,Kasie Whitener,LIB,Libertarian,1.16,0.0,,,0.0,confirmed,confirmed,38.51,42.23,6,-3.69,0.313,10804040,346783,17264,4119295,251431,2607,392162,5236286,6684746,95351,14658,6474403,50733,2660,104955,47000,0,0,0,8389,1025357,0,894,45.68,51.29,1.87,814838,914814,33355,20691,1783698
SD-SEN,senate,SD,SEN,(No Democrat),Mike Rounds,DEM,REP,REP,REP,-18.9,3.0,97.0,Safe R,-22.29,5.56,-23.2,-1.06,-4.39,-1.02,-29.98,11.08,False,True,IND,0,,0.0,Brian Bengs,IND,Independent,40.55,3.0,,,0.0,,confirmed,41.27,46.07,7,-6.67,0.266,0,3176451,782050,0,2736664,51406,0,586948,0,2309816,730644,0,36975,474153,0,1443800,5000,0,0,0,0,0,0,0.0,59.45,0.0,0,177441,0,121032,298473
TN-SEN,senate,TN,SEN,Marquita Bradshaw,Bill Hagerty,DEM,REP,REP,REP,-28.37,0.3,99.7,Safe R,-25.25,5.56,-30.21,-3.72,-6.25,-0.54,-30.12,1.75,False,False,IND,0,,0.0,"David Sutman, Jr.",IND,Independent,5.58,0.0,,,0.0,confirmed,confirmed,31.84,53.94,1,-21.59,0.261,2257,7162897,9149,1043,5234429,500,0,782360,1293,3855937,9149,2007,958119,0,0,1545200,0,0,0,9149,0,0,0,33.82,60.6,0.0,725282,1299800,0,119678,2144759
TX-SEN,senate,TX,SEN,James Talarico,Ken Paxton,DEM,REP,,REP,0.52,52.6,47.4,Toss-up,-10.4,5.56,-0.79,0.97,2.05,1.04,-13.88,14.4,False,False,LIB,0,,0.0,Ted Brown,LIB,Libertarian,0.68,0.0,,,0.0,confirmed,confirmed,46.93,44.14,33,3.42,0.356,68560930,9248699,7460,21548155,1755783,1151,36007301,38334443,47012775,7492915,6376,36716518,1764118,1310,348408,219500,0,0,0,5000,0,0,0,49.92,49.4,0.0,3985003,3943881,0,54286,7983170
VA-SEN,senate,VA,SEN,Mark Warner,Bert Mizusawa,DEM,REP,DEM,DEM,17.96,96.3,3.7,Safe D,6.82,5.56,17.96,2.74,3.15,-0.3,5.89,12.07,False,False,,0,,0.0,,,,0.0,0.0,,,0.0,confirmed,confirmed,,,0,,0.0,17889335,418742,0,16114725,90328,0,150000,0,7327844,328750,0,2953209,122597,0,2117795,5000,0,0,171454,0,0,50783,0,58.98,41.02,0.0,1859280,1293021,0,0,3152302
WV-SEN,senate,WV,SEN,Rachel Fetty Anderson,Shelley Moore Capito,DEM,REP,REP,REP,-41.29,0.0,100.0,Safe R,-42.1,5.56,-42.03,-2.9,-1.67,-0.93,-42.69,1.4,False,False,CON,0,,0.0,S. Marshall Wilson,CON,Constitution,2.29,0.0,,,0.0,confirmed,confirmed,,,0,,0.0,49913,4624145,2420,22129,4377201,499,0,337585,34780,2558310,1921,14901,84240,217,100,1742755,0,7890,0,1953,0,0,0,28.68,69.03,0.0,153074,368378,0,12221,533673
WY-SEN,senate,WY,SEN,James Byrd,Harriet Hageman,DEM,REP,,REP,-43.0,0.0,100.0,Safe R,-45.17,5.56,-43.0,-2.75,0.0,-0.64,-46.96,3.96,False,False,,0,,0.0,,,,0.0,0.0,,,0.0,confirmed,confirmed,,,0,,0.0,22559,2435023,0,356,915369,0,0,1042710,23293,2402617,0,5589,598315,0,0,581700,0,1000,0,0,0,0,0,28.5,71.5,0.0,53674,134660,0,0,188334
AK-01,house,AK,01,(No Democrat),Nick Begich III,DEM,REP,REP,REP,-2.7,38.4,61.6,Lean R,-3.9,5.56,-2.09,-1.03,-1.67,-1.06,-13.8,11.09,True,False,IND,4,Nick Begich III,1.02,Bill Hill,IND,Independent,45.2,38.4,,,0.0,,confirmed,33.66,47.35,6,-14.05,0.293,0,5470446,1336292,0,3119158,515886,225000,683399,0,2455619,820406,0,1108897,233665,0,1033577,62050,0,0,0,0,225764,0,3.8,49.8,1.2,8985,117741,2847,106874,236446
AL-01,house,AL,01,Clyde Jones,Jerry Carl,DEM,REP,,REP,-27.58,0.3,99.7,Safe R,-30.84,5.56,-27.58,-1.75,0.0,-0.56,-36.34,8.76,False,False,,0,,0.0,,,,0.0,0.0,,,0.0,confirmed,confirmed,,,0,,0.0,85968,1162583,0,28030,366616,0,0,547042,57938,865257,0,44055,45133,0,2000,303059,0,0,0,0,0,254536,0,36.21,63.79,0.0,83151,146498,0,0,229648
AL-02,house,AL,02,Shomari Figures,Rhett Marques,DEM,REP,DEM,DEM,-2.17,41.0,59.0,Toss-up,-9.05,5.56,-1.74,-0.45,2.48,-0.28,-14.46,12.3,False,False,,0,,0.0,,,,0.0,0.0,,,0.0,confirmed,confirmed,45.19,45.62,3,-2.65,0.255,1355789,1318574,0,662600,187718,0,115235,3738607,716297,1130856,0,167493,8808,0,830380,188469,0,0,0,0,12000,0,0,48.92,51.08,0.0,100385,104837,0,0,205222
AL-03,house,AL,03,Lee McInnis,Mike Rogers,DEM,REP,REP,REP,-40.55,0.0,100.0,Safe R,-41.61,5.56,-40.55,-2.23,-1.67,-0.61,-47.04,6.49,False,False,,0,,0.0,,,,0.0,0.0,,,0.0,confirmed,confirmed,,,0,,0.0,60787,2133554,0,9462,2590964,0,3435,0,28900,1464925,0,17227,8029,0,0,735704,0,0,0,0,0,0,0,29.72,70.28,0.0,65837,155650,0,0,221487
AL-04,house,AL,04,Amanda Pusczek,Robert Aderholt,DEM,REP,REP,REP,-60.73,0.0,100.0,Safe R,-61.86,5.56,-60.73,-2.1,-1.67,-0.67,-66.99,6.26,False,False,,0,,0.0,,,,0.0,0.0,,,0.0,confirmed,confirmed,,,0,,0.0,15591,1022664,0,396,749660,0,0,0,14624,1239901,0,7452,9102,0,0,422278,0,0,0,0,12000,0,0,19.64,80.36,0.0,44514,182189,0,0,226703
AL-05,house,AL,05,Andrew Sneed,Dale Strong,DEM,REP,REP,REP,-22.65,1.3,98.7,Safe R,-25.4,5.56,-22.65,-0.59,-1.67,-0.56,-29.51,6.86,False,False,,0,,0.0,,,,0.0,0.0,,,0.0,confirmed,confirmed,,,0,,0.0,646512,1477819,0,169720,1424334,0,0,0,476792,682462,0,73555,6635,0,2350,631300,0,20000,0,0,0,240000,0,38.67,61.33,0.0,95725,151795,0,0,247520
AL-06,house,AL,06,Maurice Mercer,Gary Palmer,DEM,REP,REP,REP,-30.35,0.1,99.9,Safe R,-30.92,5.56,-30.35,-2.26,-2.19,-0.54,-34.79,4.44,False,False,,0,,0.0,,,,0.0,0.0,,,0.0,confirmed,confirmed,,,0,,0.0,6539,1053566,0,1863,260721,0,0,131018,4676,946083,0,3680,806,0,0,464000,0,0,0,0,0,0,0,34.83,65.17,0.0,85195,159436,0,0,244631
AL-07,house,AL,07,Terri Sewell,Ammie Akin,DEM,REP,DEM,DEM,34.8,100.0,0.0,Safe D,23.32,5.56,34.8,1.73,4.31,-0.12,17.99,16.81,False,False,,0,,0.0,,,,0.0,0.0,,,0.0,confirmed,confirmed,,,0,,0.0,1961991,150730,0,3754350,115936,0,0,0,1678202,34794,0,67584,522,0,1589750,0,0,0,100000,0,0,100000,0,67.4,32.6,0.0,141778,68574,0,0,210352
AR-01,house,AR,01,Terri Green,Rick Crawford,DEM,REP,REP,REP,-40.71,0.0,100.0,Safe R,-40.22,5.56,-41.23,-1.62,-4.28,-0.68,-46.4,5.69,False,False,LIB,0,,0.0,Steve G. Parsons,LIB,Libertarian,2.62,0.0,,,0.0,confirmed,confirmed,,,0,,0.0,65149,944302,0,11958,1031631,0,0,0,53192,743498,0,13695,12107,0,4900,557750,0,14395,0,0,17838,0,0,28.87,68.51,0.0,56531,134164,0,5131,195826
AR-02,house,AR,02,Chris Jones,French Hill,DEM,REP,REP,REP,-6.19,26.6,73.4,Lean R,-11.01,5.56,-8.11,-1.02,-1.12,-0.52,-16.22,10.02,False,False,,0,,0.0,,,,0.0,0.0,,,0.0,confirmed,confirmed,48.0,44.0,2,4.63,0.158,1174414,4421510,0,191398,2967541,0,0,835308,983016,2830321,0,303345,28686,0,27750,1457367,0,0,0,0,17801,0,0,46.9,53.1,0.0,105756,119720,0,0,225476
AR-03,house,AR,03,Robb Ryerse,Steve Womack,DEM,REP,REP,REP,-23.38,1.0,99.0,Safe R,-21.2,5.56,-24.09,-1.82,-6.29,-0.34,-25.81,2.43,False,False,LIB,0,,0.0,Bobby Wilson,LIB,Libertarian,3.55,0.0,,,0.0,confirmed,confirmed,,,0,,0.0,120526,1871761,0,5951,2404276,0,0,0,114576,1183378,0,57841,27541,0,5886,877500,0,250,0,0,20588,0,0,36.95,59.5,0.0,81876,131855,0,7867,221598
AR-04,house,AR,04,James Russell,Bruce Westerman,DEM,REP,REP,REP,-37.35,0.0,100.0,Safe R,-34.58,5.56,-37.35,-2.88,-4.96,-0.49,-40.73,3.38,False,False,,0,,0.0,,,,0.0,0.0,,,0.0,confirmed,confirmed,,,0,,0.0,5853,2562973,0,907,4668447,0,0,0,5628,928087,0,1762,38088,0,1500,1053550,0,0,0,0,1052,0,0,31.33,68.67,0.0,61572,134986,0,0,196558
AZ-01,house,AZ,01,Amish Shah,Jay Feely,DEM,REP,,REP,5.37,70.7,29.3,Lean D,1.27,5.56,6.04,-0.49,0.0,-0.3,-3.14,8.51,False,False,LIB,0,,0.0,Monica Alponte,LIB,Libertarian,1.88,0.0,,,0.0,confirmed,confirmed,42.71,42.94,2,1.65,0.15,1830193,2528497,8941,401745,794475,634,249505,3595768,1520251,1734022,8307,205293,28573,35,146250,328330,0,430655,330000,1656,210070,330000,871,51.69,46.43,0.0,163103,146479,0,5932,315514
AZ-02,house,AZ,02,Jonathan Nez,Eli Crane,DEM,REP,REP,REP,0.82,53.8,46.2,Toss-up,-9.86,5.56,2.16,-0.68,7.81,-0.67,-15.12,15.94,False,False,LIB,0,,0.0,Curtis Goodwin,LIB,Libertarian,1.16,0.0,,,0.0,confirmed,confirmed,43.5,45.67,2,-4.54,0.214,3519760,9481428,0,1910990,2841745,0,883973,68355,1674073,6957053,0,1473633,3385826,0,213271,86500,0,0,0,0,0,0,0,49.83,49.01,0.0,145261,142891,0,3382,291534
AZ-03,house,AZ,03,Yassamin Ansari,(no Republican filed),DEM,REP,DEM,DEM,60.41,100.0,0.0,Safe D,46.97,5.56,61.1,0.0,6.47,2.1,40.31,20.1,False,False,GRN,0,,0.0,Alan Aversa,OTH,No Labels,2.31,0.0,,,0.0,confirmed,,,,0,,0.0,1436333,0,523,547321,0,0,0,0,899423,0,523,145331,0,0,226033,0,0,65705,0,523,70000,0,0,76.5,18.88,2.31,114177,28183,3448,3448,149255
AZ-04,house,AZ,04,Greg Stanton,Zuhdi Jasser,DEM,REP,DEM,DEM,20.46,97.9,2.1,Safe D,10.82,5.56,20.6,0.99,3.02,0.21,6.76,13.7,False,False,OTH,0,,0.0,Tisha Benoit,OTH,No Labels,2.75,0.0,,,0.0,confirmed,confirmed,,,0,,0.0,2117114,564641,0,2020289,341651,0,422716,0,1112556,222990,0,90792,24225,0,638763,5000,0,0,10000,0,0,0,0,58.57,38.68,0.0,142483,94081,0,6689,243254
AZ-05,house,AZ,05,Elizabeth Lee,Mark Lamb,DEM,REP,,REP,-12.16,11.1,88.9,Likely R,-16.09,5.56,-12.16,-1.44,0.0,-0.2,-20.19,8.03,False,False,,0,,0.0,,,,0.0,0.0,,,0.0,confirmed,confirmed,,,0,,0.0,153111,1222217,0,26740,243426,0,0,325479,126371,978791,0,65653,514699,0,0,70400,0,5000,40047,0,5000,0,0,43.92,56.08,0.0,136814,174703,0,0,311518
AZ-06,house,AZ,06,JoAnna Mendoza,Juan Ciscomani,DEM,REP,REP,REP,5.49,71.1,28.9,Lean D,2.72,5.56,6.63,0.15,-1.91,0.11,-0.76,6.25,False,False,GRN,0,,0.0,Jereme Peters,LIB,Libertarian,2.12,0.0,,,0.0,confirmed,confirmed,46.96,44.87,3,0.59,0.15,7354808,6172867,10500,3260877,4135163,0,772303,249880,4093932,2274265,10500,2800193,500509,0,516802,1655410,0,0,0,0,3300,0,0,50.51,45.25,2.12,155625,139433,6532,6532,308122
AZ-07,house,AZ,07,Adelita Grijalva,Daniel Butierez,DEM,REP,DEM,DEM,40.02,100.0,0.0,Safe D,29.02,5.56,40.02,1.53,2.05,1.86,22.39,17.63,False,False,,0,,0.0,,,,0.0,0.0,,,0.0,confirmed,confirmed,,,0,,0.0,2285639,224367,0,427977,11399,0,817317,195587,1857663,213560,0,1015921,16901,0,435939,2000,0,0,175207,0,0,144120,0,70.01,29.99,0.0,138045,59135,0,0,197180
AZ-08,house,AZ,08,Bernadette Greene-Placentia,Abraham Hamadeh,DEM,REP,REP,REP,-9.2,17.7,82.3,Likely R,-12.58,5.56,-9.2,-1.18,-0.95,-0.05,-16.48,7.28,False,False,,0,,0.0,,,,0.0,0.0,,,0.0,confirmed,confirmed,,,0,,0.0,209358,1206361,0,190394,384185,0,0,0,17589,858585,0,165308,213882,0,100,269960,0,0,0,0,0,103414,0,45.4,54.6,0.0,124588,149828,0,0,274416
AZ-09,house,AZ,09,Danielle Sterbinsky,Paul Gosar,DEM,REP,REP,REP,-22.33,1.4,98.6,Safe R,-26.7,5.56,-22.33,-0.33,-1.21,0.35,-31.34,9.01,False,False,,0,,0.0,,,,0.0,0.0,,,0.0,confirmed,confirmed,,,0,,0.0,354383,580042,0,25745,303214,0,0,0,332316,368426,0,306781,127935,0,0,85000,0,250,0,0,0,6958,0,38.84,61.16,0.0,109410,172320,0,0,281730
CA-01,house,CA,01,Mike McGuire,James Gallagher,DEM,REP,REP,REP,19.97,97.6,2.4,Safe D,15.75,5.56,19.97,0.21,-1.67,0.11,12.63,7.34,False,False,,0,,0.0,,,,0.0,0.0,,,0.0,confirmed,confirmed,,,0,,0.0,1827711,1488906,0,152606,332899,0,474065,0,1675105,1156006,0,483160,74465,0,300070,282863,0,0,0,0,0,33633,0,59.98,40.02,0.0,143452,95698,0,0,239151
CA-02,house,CA,02,Jared Huffman,Robin Littau,DEM,REP,DEM,DEM,34.04,100.0,0.0,Safe D,28.13,5.56,34.04,0.0,0.77,-0.42,25.45,8.59,False,False,,0,,0.0,,,,0.0,0.0,,,0.0,confirmed,confirmed,,,0,,0.0,978277,0,0,1075956,0,0,0,0,886964,0,0,55444,0,0,316245,0,0,0,0,0,2131,0,0,67.02,32.98,0.0,182648,89872,0,0,272520
CA-03,house,CA,03,Amerish Bera,Robb Tucker,DEM,REP,DEM,DEM,21.85,98.5,1.5,Safe D,13.12,5.56,21.85,1.08,2.23,-0.13,10.55,11.3,False,False,,0,,0.0,,,,0.0,0.0,,,0.0,confirmed,confirmed,,,0,,0.0,1250126,258139,0,1830338,16000,0,0,0,1293160,242139,0,51066,6749,0,649068,0,0,0,205000,0,105000,205000,0,60.93,39.07,0.0,156364,100280,0,0,256644
CA-04,house,CA,04,Mike Thompson,(no Republican — top-two),DEM,REP,DEM,DEM,40.0,100.0,0.0,Safe D,18.58,5.56,27.27,0.0,2.74,0.39,14.96,25.04,False,False,,0,,0.0,,,,0.0,0.0,DEM,Eric Jones,80.0,confirmed,,,,0,,0.0,4204013,0,0,1075737,0,0,1150453,3629777,4337765,0,0,197819,0,0,1849646,0,0,0,0,0,37712,0,0,100.0,0.0,0.0,240754,0,0,0,240754
CA-05,house,CA,05,Michael Masuda,Tom McClintock,DEM,REP,REP,REP,-17.51,4.1,95.9,Safe R,-17.93,5.56,-17.51,-0.65,-4.77,0.28,-21.2,3.7,False,False,,0,,0.0,,,,0.0,0.0,,,0.0,confirmed,confirmed,,,0,,0.0,361735,928788,0,89452,201472,0,0,0,272284,875521,0,141932,112113,0,18750,156551,0,0,0,0,27146,5106,0,41.25,58.75,0.0,104652,149071,0,0,253723
CA-06,house,CA,06,Richard Pan,Kevin Kiley,DEM,IND,IND,IND,13.12,90.6,9.4,Likely D,11.55,5.56,13.12,-0.35,-3.7,0.06,8.67,4.45,False,False,,0,,0.0,,,,0.0,0.0,,,0.0,confirmed,confirmed,,,0,,0.0,1098283,2988805,0,359132,2123953,0,2301713,75888,739151,1245831,0,241251,433049,0,308198,361391,0,0,15,0,117141,6225,0,56.56,43.44,0.0,133167,102274,0,0,235441
CA-07,house,CA,07,Mai Vang,(no Republican — top-two),DEM,REP,,DEM,40.0,100.0,0.0,Safe D,16.94,5.56,22.63,0.0,0.0,0.13,13.26,26.74,False,False,,0,,0.0,,,,0.0,0.0,DEM,Doris Matsui,58.0,confirmed,,,,0,,0.0,1086084,0,0,105536,0,0,609028,12161,980548,0,0,248455,0,0,53827,0,0,0,0,0,19908,0,0,100.0,0.0,0.0,242835,0,0,0,242835
CA-08,house,CA,08,John Garamendi,Rudy Recile,DEM,REP,DEM,DEM,49.7,100.0,0.0,Safe D,39.48,5.56,49.7,1.66,2.41,0.58,35.19,14.51,False,False,,0,,0.0,,,,0.0,0.0,,,0.0,confirmed,confirmed,,,0,,0.0,489135,8576,0,1196018,1541,0,0,0,557834,8073,0,7559,1628,0,334500,0,0,0,25,0,0,31273,0,74.85,25.15,0.0,163654,54989,0,0,218644
CA-09,house,CA,09,Josh Harder,John McBride,DEM,REP,DEM,DEM,31.43,99.9,0.1,Safe D,17.62,5.56,31.43,2.78,4.61,0.87,11.8,19.64,False,False,,0,,0.0,,,,0.0,0.0,,,0.0,confirmed,confirmed,,,0,,0.0,4083528,52178,0,4739488,18738,0,0,0,1032871,33569,0,377932,3149,0,508815,19882,0,0,0,0,0,23491,0,65.72,34.28,0.0,123509,64431,0,0,187940
CA-10,house,CA,10,Mark DeSaulnier,Jeff Frese,DEM,REP,DEM,DEM,43.6,100.0,0.0,Safe D,37.79,5.56,43.6,0.0,0.33,-0.07,34.75,8.86,False,False,,0,,0.0,,,,0.0,0.0,,,0.0,confirmed,confirmed,,,0,,0.0,567258,0,0,586497,0,0,0,0,609748,0,0,40092,0,0,304983,0,0,0,0,0,0,0,0,71.8,28.2,0.0,189902,74579,0,0,264480
CA-11,house,CA,11,Scott Wiener,(no Republican — top-two),DEM,REP,,DEM,40.0,100.0,0.0,Safe D,74.34,5.56,79.59,0.0,0.0,-0.31,70.62,-30.62,False,False,,0,,0.0,,,,0.0,0.0,DEM,Connie Chan,58.0,confirmed,,,,0,,0.0,4561120,0,0,1234692,0,0,1657500,41145,3326428,0,0,159240,0,0,93676,0,0,0,0,0,157267,0,0,100.0,0.0,0.0,252827,0,0,0,252827
CA-12,house,CA,12,Lateefah Simon,(no Republican — top-two),DEM,REP,DEM,DEM,40.0,100.0,0.0,Safe D,81.09,5.56,88.58,0.0,1.67,0.26,77.64,-37.64,False,False,,0,,0.0,,,,0.0,0.0,DEM,Jamie Joyce,80.0,confirmed,,,,0,,0.0,1449191,0,0,777590,0,0,111599,0,957256,0,0,85221,0,0,261421,0,0,0,0,0,0,0,0,100.0,0.0,0.0,222860,0,0,0,222860
CA-13,house,CA,13,Adam Gray,Kevin Lincoln,DEM,REP,DEM,DEM,22.32,98.6,1.4,Safe D,7.19,5.56,22.32,0.46,7.04,2.08,0.51,21.81,False,False,,0,,0.0,,,,0.0,0.0,,,0.0,confirmed,confirmed,,,0,,0.0,4191397,2237084,0,2072111,837885,0,991,70830,2311244,1423323,0,482042,445085,0,1269883,251621,0,0,0,0,0,126125,0,61.16,38.84,0.0,89032,56538,0,0,145569
CA-14,house,CA,14,Aisha Wahab,(no Republican — top-two),DEM,REP,DEM,DEM,40.0,100.0,0.0,Safe D,41.01,5.56,48.36,0.0,1.67,0.12,36.2,3.8,False,False,,0,,0.0,,,,0.0,0.0,DEM,Melissa Hernandez,80.0,confirmed,,,,0,,0.0,631749,0,0,146906,0,0,260366,2892831,484843,0,0,26791,0,0,155983,0,0,38500,0,0,43900,0,0,100.0,0.0,0.0,199910,0,0,0,199910
CA-15,house,CA,15,Kevin Mullin,Charles Hoelter,DEM,REP,DEM,DEM,58.94,100.0,0.0,Safe D,54.11,5.56,58.94,0.0,-0.99,0.26,49.64,9.3,False,False,,0,,0.0,,,,0.0,0.0,,,0.0,confirmed,confirmed,,,0,,0.0,819662,0,0,219735,0,0,0,0,651698,0,0,15210,0,0,470712,0,0,0,0,0,5325,0,0,79.47,20.53,0.0,169973,43916,0,0,213889
CA-16,house,CA,16,Sam Liccardo,Peter Sundin Soulé,DEM,REP,DEM,DEM,63.54,100.0,0.0,Safe D,53.22,5.56,63.54,3.19,1.67,-0.1,49.91,13.63,False,False,,0,,0.0,,,,0.0,0.0,,,0.0,confirmed,confirmed,,,0,,0.0,3489298,400,0,2152957,400,0,0,0,1426732,0,0,15733,0,0,662750,0,0,0,100,0,840,0,0,81.77,18.23,0.0,194672,43403,0,0,238075
CA-17,house,CA,17,Rohit Khanna,Ritesh Tandon,DEM,REP,DEM,DEM,49.7,100.0,0.0,Safe D,45.46,5.56,49.7,3.69,-4.76,-0.25,40.75,8.96,False,False,,0,,0.0,,,,0.0,0.0,,,0.0,confirmed,confirmed,,,0,,0.0,13761491,37653,0,16929752,891,0,0,37500,7540830,36763,0,1650809,2226,0,1000,0,0,0,25,0,89348,0,0,74.85,25.15,0.0,138451,46515,0,0,184966
CA-18,house,CA,18,Zoe Lofgren,Shane Lewis,DEM,REP,DEM,DEM,44.64,100.0,0.0,Safe D,35.39,5.56,44.64,2.1,-0.49,2.08,29.37,15.27,False,False,,0,,0.0,,,,0.0,0.0,,,0.0,confirmed,confirmed,,,0,,0.0,1721916,60180,0,643341,3307,0,109274,0,1318327,56873,0,436598,2664,0,438813,0,0,0,41958,0,0,40225,0,72.32,27.68,0.0,120206,46008,0,0,166214
CA-19,house,CA,19,Jimmy Panetta,Peter Verbica,DEM,REP,DEM,DEM,50.91,100.0,0.0,Safe D,38.95,5.56,50.91,2.46,3.85,0.1,35.64,15.27,False,False,,0,,0.0,,,,0.0,0.0,,,0.0,confirmed,confirmed,,,0,,0.0,2887610,76324,0,5109558,24682,0,1198560,0,1492690,51642,0,88768,4624,0,1559107,3500,0,0,505,0,0,0,0,75.46,24.54,0.0,198815,64669,0,0,263484
CA-20,house,CA,20,Sandra Van Scotter,Vince Fong,DEM,REP,REP,REP,-27.9,0.3,99.7,Safe R,-30.02,5.56,-27.9,-2.51,-1.67,0.73,-32.98,5.08,False,False,,0,,0.0,,,,0.0,0.0,,,0.0,confirmed,confirmed,,,0,,0.0,17086,1849356,0,-2017,453750,0,0,0,16701,1434838,0,5369,17074,0,0,894497,0,9907,0,0,0,0,0,36.05,63.95,0.0,79600,141203,0,0,220803
CA-21,house,CA,21,Jim Costa,Kyle Kirkland,DEM,REP,DEM,DEM,21.61,98.4,1.6,Safe D,12.09,5.56,21.61,0.95,0.92,2.08,6.17,15.44,False,False,,0,,0.0,,,,0.0,0.0,,,0.0,confirmed,confirmed,,,0,,0.0,1338630,338971,0,938778,17934,0,0,0,608734,321037,0,11086,38714,0,796717,0,0,0,127459,0,0,33141,0,60.8,39.2,0.0,85892,55370,0,0,141263
CA-22,house,CA,22,Randy Villegas,David Valadao,DEM,REP,REP,REP,6.89,75.7,24.3,Likely D,5.25,5.56,7.93,-0.27,-5.26,2.65,-1.86,8.75,False,False,,0,,0.0,,,,0.0,0.0,,,0.0,confirmed,confirmed,48.0,44.0,1,1.9,0.15,2645560,4927602,0,571792,3365587,0,4016871,2463566,2073768,1607550,0,778710,97100,0,190098,1921533,0,0,0,0,0,0,0,53.45,46.55,0.0,64035,55777,0,0,119812
CA-23,house,CA,23,Tessa Lynn Hodge,Jay Obernolte,DEM,REP,REP,REP,-15.67,5.9,94.1,Likely R,-16.43,5.56,-15.67,-1.89,-3.99,1.07,-19.9,4.22,False,False,,0,,0.0,,,,0.0,0.0,,,0.0,confirmed,confirmed,,,0,,0.0,79499,1455868,0,10237,1644222,0,18690,519365,69262,809486,0,28040,1363,0,0,863371,0,9080,0,0,3770,1125000,0,42.16,57.84,0.0,81626,111968,0,0,193594
CA-24,house,CA,24,Salud Carbajal,Robert Smith,DEM,REP,DEM,DEM,37.36,100.0,0.0,Safe D,28.5,5.56,37.36,1.43,1.13,0.73,25.76,11.6,False,False,,0,,0.0,,,,0.0,0.0,,,0.0,confirmed,confirmed,,,0,,0.0,1650355,203264,0,3383604,47128,0,0,0,910621,156136,0,28020,31687,0,571016,1286,0,0,22492,0,5416,29373,0,68.68,31.32,0.0,168917,77039,0,0,245955
CA-25,house,CA,25,Raul Ruiz,Joe Males,DEM,REP,DEM,DEM,20.46,97.9,2.1,Safe D,10.73,5.56,20.46,0.58,1.67,1.92,5.97,14.49,False,False,,0,,0.0,,,,0.0,0.0,,,0.0,confirmed,confirmed,,,0,,0.0,2093907,936496,0,2556494,14847,0,0,0,1240152,921649,0,88212,686618,0,969251,450,0,0,0,0,0,24964,0,60.23,39.77,0.0,113865,75192,0,0,189057
CA-26,house,CA,26,Jacqui Irwin,Samuel Gallucci,DEM,REP,,DEM,26.52,99.6,0.4,Safe D,19.38,5.56,26.52,0.63,0.0,0.95,15.73,10.79,False,False,,0,,0.0,,,,0.0,0.0,,,0.0,confirmed,confirmed,,,0,,0.0,822382,377078,0,295478,33681,0,366028,0,526904,343397,0,17494,9352,0,164050,0,0,0,232520,0,0,125000,0,63.26,36.74,0.0,152053,88308,0,0,240362
CA-27,house,CA,27,George Whitesides,Jason Gibbs,DEM,REP,DEM,DEM,27.53,99.7,0.3,Safe D,14.51,5.56,27.53,1.74,4.43,1.29,10.06,17.47,False,False,,0,,0.0,,,,0.0,0.0,,,0.0,confirmed,confirmed,,,0,,0.0,3963530,379440,0,2554917,201877,0,1074903,0,1735347,177563,0,359853,5780,0,635983,10000,0,0,0,0,1310000,0,0,63.76,36.24,0.0,132152,75098,0,0,207250
CA-28,house,CA,28,Judy Chu,April Verlato,DEM,REP,DEM,DEM,40.48,100.0,0.0,Safe D,30.09,5.56,40.48,2.23,2.3,0.3,26.17,14.31,False,False,,0,,0.0,,,,0.0,0.0,,,0.0,confirmed,confirmed,,,0,,0.0,930123,250,0,3674296,205,0,0,0,857832,7882,0,37156,250,0,379775,0,0,0,0,0,0,0,0,70.24,29.76,0.0,160670,68073,0,0,228743
CA-29,house,CA,29,Luz Rivas,(no Republican — top-two),DEM,REP,DEM,DEM,40.0,100.0,0.0,Safe D,41.65,5.56,54.05,0.0,4.75,2.09,34.71,5.29,False,False,,0,,0.0,,,,0.0,0.0,DEM,Angélica Dueñas,80.0,confirmed,,,,0,,0.0,670678,0,0,377476,0,0,0,0,557465,0,0,13006,0,0,356790,0,0,0,0,0,0,0,0,100.0,0.0,0.0,167318,0,0,0,167318
CA-30,house,CA,30,Laura Friedman,Scott Alan Meyers,DEM,REP,DEM,DEM,52.38,100.0,0.0,Safe D,45.1,5.56,52.38,1.57,0.0,0.15,41.41,10.97,False,False,,0,,0.0,,,,0.0,0.0,,,0.0,confirmed,confirmed,,,0,,0.0,827895,58294,0,469254,2616,0,0,0,655389,55678,0,55622,1544,0,286550,0,0,0,40000,0,0,40000,0,76.19,23.81,0.0,182137,56914,0,0,239051
CA-31,house,CA,31,Gilbert Cisneros,Eric Ching,DEM,REP,DEM,DEM,16.76,95.2,4.8,Safe D,18.19,5.56,16.76,1.31,-10.02,1.72,12.61,4.15,False,False,,0,,0.0,,,,0.0,0.0,,,0.0,confirmed,confirmed,,,0,,0.0,705263,81571,0,259803,64913,0,0,0,485536,56899,0,24198,5020,0,453650,0,0,6616,0,0,5452550,0,0,58.38,41.62,0.0,119298,85050,0,0,204348
CA-32,house,CA,32,Brad Sherman,Larry Thompson,DEM,REP,DEM,DEM,40.24,100.0,0.0,Safe D,30.21,5.56,40.24,2.65,1.61,0.2,25.76,14.47,False,False,,0,,0.0,,,,0.0,0.0,,,0.0,confirmed,confirmed,,,0,,0.0,2514330,34316,0,2668480,2174,0,974078,0,3767794,32142,0,11439,814,0,703424,0,0,0,27452,0,265,19291,0,70.12,29.88,0.0,176536,75234,0,0,251770
CA-33,house,CA,33,Pete Aguilar,Stephanie Vargas,DEM,REP,DEM,DEM,29.07,99.8,0.2,Safe D,16.56,5.56,29.07,0.0,4.9,2.05,10.12,18.95,False,False,,0,,0.0,,,,0.0,0.0,,,0.0,confirmed,confirmed,,,0,,0.0,4722835,0,0,3457642,0,0,0,0,3914264,0,0,259702,0,0,2091001,0,0,0,0,0,0,0,0,64.54,35.46,0.0,112208,61660,0,0,173868
CA-34,house,CA,34,Jimmy Gomez,(no Republican — top-two),DEM,REP,DEM,DEM,40.0,100.0,0.0,Safe D,59.12,5.56,68.49,0.0,1.67,2.14,53.04,-13.04,False,False,,0,,0.0,,,,0.0,0.0,DEM,Angela Gonzales-Torres,80.0,confirmed,,,,0,,0.0,1175128,0,0,781726,0,0,0,0,482161,0,0,12050,0,0,521144,0,0,0,0,0,76784,0,0,100.0,0.0,0.0,150165,0,0,0,150165
CA-35,house,CA,35,Norma Torres,Mike Cargile,DEM,REP,DEM,DEM,26.98,99.6,0.4,Safe D,14.4,5.56,26.98,2.03,3.11,1.89,8.0,18.98,False,False,,0,,0.0,,,,0.0,0.0,,,0.0,confirmed,confirmed,,,0,,0.0,769061,4759,0,339247,2873,0,0,0,733128,2357,0,43080,1559,0,498820,0,0,0,0,0,889,12960,0,63.49,36.51,0.0,115729,66547,0,0,182276
CA-36,house,CA,36,Ted Lieu,Houston Brignano,DEM,REP,DEM,DEM,51.76,100.0,0.0,Safe D,43.71,5.56,51.76,2.66,0.02,-0.19,40.42,11.34,False,False,,0,,0.0,,,,0.0,0.0,,,0.0,confirmed,confirmed,,,0,,0.0,1832769,5139,0,1188399,801,0,106348,0,1319377,4338,0,35142,678,0,570479,0,0,0,0,0,27711,773,0,75.88,24.12,0.0,204824,65101,0,0,269925
CA-37,house,CA,37,Sydney Kamlager-Dove,(no Republican — top-two),DEM,REP,DEM,DEM,40.0,100.0,0.0,Safe D,68.13,5.56,77.25,0.0,1.67,1.9,62.31,-22.31,False,False,,0,,0.0,,,,0.0,0.0,DEM,Samantha Mota,80.0,confirmed,,,,0,,0.0,1150468,0,0,185491,0,0,0,0,1026975,0,0,387951,0,0,385235,0,0,0,0,0,0,0,0,100.0,0.0,0.0,164586,0,0,0,164586
CA-38,house,CA,38,Hilda Solis,Pedro Casas,DEM,REP,,DEM,26.7,99.6,0.4,Safe D,19.27,5.56,26.7,0.0,0.0,1.87,12.8,13.9,False,False,,0,,0.0,,,,0.0,0.0,,,0.0,confirmed,confirmed,,,0,,0.0,1049534,0,0,154503,0,0,367531,0,895031,0,0,22180,0,0,124249,0,0,0,0,0,178,0,0,63.35,36.65,0.0,116047,67138,0,0,183185
CA-39,house,CA,39,Mark Takano,Steve Manos,DEM,REP,DEM,DEM,26.01,99.5,0.5,Safe D,16.29,5.56,26.01,0.0,2.05,2.11,9.85,16.16,False,False,,0,,0.0,,,,0.0,0.0,,,0.0,confirmed,confirmed,,,0,,0.0,893848,0,0,186224,0,0,0,0,976794,0,0,107176,0,0,404800,0,0,0,0,0,0,0,0,63.0,37.0,0.0,103694,60892,0,0,164585
CA-40,house,CA,40,(no Democrat — top-two),Ken Calvert,DEM,REP,REP,REP,-40.0,0.0,100.0,Safe R,-9.93,5.56,-4.01,0.0,-0.16,0.52,-12.6,-27.4,False,False,,0,,0.0,,,,0.0,0.0,REP,Young Kim,80.0,,confirmed,,,0,,0.0,0,6142469,0,0,1497001,0,577540,451180,0,4907604,0,0,265201,0,0,1379327,0,0,0,0,0,2370,0,0.0,100.0,0.0,0,266738,0,0,266738
CA-41,house,CA,41,Linda Sanchez,Mitch Clemmons,DEM,REP,DEM,DEM,31.83,99.9,0.1,Safe D,19.83,5.56,31.83,2.64,1.82,1.98,14.61,17.22,False,False,,0,,0.0,,,,0.0,0.0,,,0.0,confirmed,confirmed,,,0,,0.0,1602790,1709,0,415746,1659,0,300000,0,1612831,50,0,26484,209,0,1243209,0,0,0,500,0,12116,0,0,65.92,34.08,0.0,143402,74152,0,0,217554
CA-42,house,CA,42,Robert Garcia,Brian Burley,DEM,REP,DEM,DEM,26.93,99.6,0.4,Safe D,17.07,5.56,26.93,1.69,2.11,0.51,13.57,13.36,False,False,,0,,0.0,,,,0.0,0.0,,,0.0,confirmed,confirmed,,,0,,0.0,2615120,231371,0,1381467,5509,0,0,0,1646081,231639,0,1109602,22656,0,625683,0,0,0,186000,0,0,132309,0,63.47,36.53,0.0,155339,89420,0,0,244759
CA-43,house,CA,43,Maxine Waters,Cristian Morales,DEM,REP,DEM,DEM,64.15,100.0,0.0,Safe D,57.04,5.56,64.15,0.0,-0.56,2.11,50.59,13.56,False,False,,0,,0.0,,,,0.0,0.0,,,0.0,confirmed,confirmed,,,0,,0.0,863683,0,0,269669,0,0,0,0,710470,0,0,20299,0,0,400500,0,0,0,0,0,211525,0,0,82.07,17.93,0.0,128343,28031,0,0,156374
CA-44,house,CA,44,Nanette Barragan,Genevieve Angel,DEM,REP,DEM,DEM,59.58,100.0,0.0,Safe D,43.8,5.56,59.58,1.93,5.72,2.57,36.32,23.26,False,False,,0,,0.0,,,,0.0,0.0,,,0.0,confirmed,confirmed,,,0,,0.0,785765,13898,0,1088423,8746,0,0,0,1178896,5152,0,3847,1705,0,606750,0,0,0,3000,0,0,3000,0,79.79,20.21,0.0,122745,31088,0,0,153833
CA-45,house,CA,45,Derek Tran,Chuong Vo,DEM,REP,DEM,DEM,21.26,98.2,1.8,Safe D,8.51,5.56,21.26,1.69,4.91,0.6,4.07,17.19,False,False,,0,,0.0,,,,0.0,0.0,,,0.0,confirmed,confirmed,,,0,,0.0,4981277,495763,0,3257398,74876,0,394010,0,2051202,420887,0,796121,134680,0,1107439,17000,0,0,0,0,25000,10000,0,60.63,39.37,0.0,127464,82765,0,0,210230
CA-46,house,CA,46,Lou Correa,David Pan,DEM,REP,DEM,DEM,40.08,100.0,0.0,Safe D,22.26,5.56,40.08,1.73,8.5,2.03,16.7,23.39,False,False,,0,,0.0,,,,0.0,0.0,,,0.0,confirmed,confirmed,,,0,,0.0,1226104,80726,0,2479554,6238,0,107387,0,613912,77368,0,4351,3264,0,666283,250,0,0,9000,0,8132,33477,0,70.04,29.96,0.0,111556,47715,0,0,159271
CA-47,house,CA,47,Dave Min,Jenny Rae Le Roux,DEM,REP,DEM,DEM,23.17,98.9,1.1,Safe D,13.6,5.56,23.17,1.61,2.57,-0.17,10.47,12.7,False,False,,0,,0.0,,,,0.0,0.0,,,0.0,confirmed,confirmed,,,0,,0.0,3381161,375883,0,1889360,128533,0,697088,0,1664867,247351,0,346683,31946,0,599642,0,0,0,150500,0,0,157500,0,61.59,38.41,0.0,154230,96197,0,0,250428
CA-48,house,CA,48,Marni von Wilpert,Jim Desmond,DEM,REP,,REP,10.0,84.3,15.7,Likely D,5.88,5.56,12.43,0.13,0.0,0.86,3.52,6.48,False,False,,0,,0.0,,,,0.0,0.0,,,0.0,confirmed,confirmed,45.16,42.21,2,3.38,0.252,2174872,2258836,0,825012,1230031,0,2439978,734518,1349861,1028804,0,326383,250752,0,443335,145099,0,1975,0,0,67000,7170,0,55.0,45.0,0.0,126300,103338,0,0,229638
CA-49,house,CA,49,Mike Levin,Armen Kurdian,DEM,REP,DEM,DEM,22.63,98.7,1.3,Safe D,14.8,5.56,22.63,2.54,-0.29,0.01,12.48,10.15,False,False,,0,,0.0,,,,0.0,0.0,,,0.0,confirmed,confirmed,,,0,,0.0,3164023,58784,0,1418237,17916,0,60445,0,2015523,40867,0,216738,7064,0,392785,1000,0,0,13613,0,0,28967,0,61.31,38.69,0.0,166669,105162,0,0,271831
CA-50,house,CA,50,Scott Peters,Steve Cohen,DEM,REP,DEM,DEM,26.9,99.6,0.4,Safe D,21.04,5.56,26.9,0.0,0.44,-0.14,18.83,8.07,False,False,,0,,0.0,,,,0.0,0.0,,,0.0,confirmed,confirmed,,,0,,0.0,1810961,0,0,2598276,0,0,0,0,1363206,0,0,16263,0,0,1066750,0,0,1641,0,0,170760,0,0,63.45,36.55,0.0,165119,95107,0,0,260226
CA-51,house,CA,51,Sara Jacobs,Ricardo Cabrera,DEM,REP,DEM,DEM,28.13,99.7,0.3,Safe D,21.69,5.56,28.13,0.0,0.56,0.32,18.79,9.34,False,False,,0,,0.0,,,,0.0,0.0,,,0.0,confirmed,confirmed,,,0,,0.0,1639893,0,0,269452,0,0,0,0,1447813,0,0,153441,0,0,207250,0,0,929347,0,0,350000,0,0,64.07,35.93,0.0,159490,89457,0,0,248947
CA-52,house,CA,52,Juan Vargas,Jeff Belle,DEM,REP,DEM,DEM,40.38,100.0,0.0,Safe D,24.78,5.56,40.38,1.58,6.46,2.01,18.06,22.33,False,False,,0,,0.0,,,,0.0,0.0,,,0.0,confirmed,confirmed,,,0,,0.0,568520,25498,0,163676,1364,0,0,0,495684,24134,0,153,572,0,431200,0,0,0,0,0,0,7000,0,70.19,29.81,0.0,133980,56897,0,0,190877
CO-01,house,CO,01,Melat Kiros,Christy Peterson,DEM,REP,,DEM,70.56,100.0,0.0,Safe D,62.97,5.56,70.06,1.19,0.0,0.34,57.61,12.95,False,False,IND,0,,0.0,Chad Humphrey,LIB,Libertarian,3.36,0.0,,,0.0,confirmed,confirmed,,,0,,0.0,1091198,2057,0,126406,1703,0,627215,675000,964792,354,0,460978,713,0,26890,150,0,4953,0,0,1100,0,0,79.55,13.73,3.36,204003,35212,8616,8617,256448
CO-02,house,CO,02,Joe Neguse,Kelley Dennison,DEM,REP,DEM,DEM,53.28,100.0,0.0,Safe D,44.71,5.56,52.55,0.0,2.69,-0.4,40.92,12.36,False,False,LIB,0,,0.0,Gaylon Kent,LIB,Libertarian,3.65,0.0,,,0.0,confirmed,confirmed,,,0,,0.0,2742281,0,0,3092918,0,0,0,0,1640260,0,0,222945,0,0,983752,0,0,0,0,0,0,0,0,73.84,22.51,0.0,223271,68049,0,11036,302356
CO-03,house,CO,03,Dwayne Romero,Jeff Hurd,DEM,REP,REP,REP,-0.92,45.8,54.2,Toss-up,-5.76,5.56,-1.15,-1.17,0.11,0.11,-9.98,9.05,False,False,LIB,0,,0.0,Cory Robertson,LIB,Libertarian,3.28,0.0,,,0.0,confirmed,confirmed,45.0,46.0,1,-3.24,0.151,716576,3552599,0,84208,1760849,0,0,115849,632367,1800885,0,30053,76384,0,12000,568651,0,350000,0,0,350000,0,0,47.91,48.81,0.0,136427,138970,0,9339,284736
CO-04,house,CO,04,Eileen Laubacher,Lauren Boebert,DEM,REP,REP,REP,-4.26,33.2,66.8,Lean R,-15.26,5.56,-4.93,1.71,3.47,-0.42,-18.71,14.46,False,False,LIB,0,,0.0,Douglas Mangeris,LIB,Libertarian,3.37,0.0,,,0.0,confirmed,confirmed,,,0,,0.0,10349940,1010297,0,3610909,247202,0,0,0,6739031,922240,0,7575504,393909,0,17510,130500,0,0,0,0,0,0,0,46.26,50.37,0.0,149464,162752,0,10889,323105
CO-05,house,CO,05,Jessica Killin,Jeff Crank,DEM,REP,REP,REP,-6.51,25.5,74.5,Lean R,-6.3,5.56,-6.83,0.25,-6.17,-0.17,-9.34,2.83,False,False,IND,0,,0.0,"Mark ""Marky Jr"" Elworth",LIB,Libertarian,0.5,0.0,,,0.0,confirmed,confirmed,43.99,45.0,2,-3.21,0.15,3143744,2177288,0,1592642,1465048,0,320087,381914,1551102,778793,0,176908,141653,0,269345,837000,0,632433,0,0,0,0,0,44.6,50.82,4.08,117232,133562,10724,1314,262831
CO-06,house,CO,06,Jason Crow,Jason Clark,DEM,REP,DEM,DEM,33.96,100.0,0.0,Safe D,24.98,5.56,33.4,0.0,2.76,0.1,20.36,13.6,False,False,LIB,0,,0.0,Samir Ezzeldin Witta,IND,Independent,3.7,0.0,,,0.0,confirmed,confirmed,,,0,,0.0,3177447,0,100,2707899,0,-58959,0,0,2217842,0,59159,1102428,0,100,208550,0,0,0,0,0,0,0,66173,62.02,30.58,3.7,156455,77136,9333,9334,252258
CO-07,house,CO,07,Brittany Pettersen,Tim Bennett,DEM,REP,DEM,DEM,29.62,99.8,0.2,Safe D,18.71,5.56,29.06,2.12,3.03,-0.36,15.41,14.21,False,False,LIB,0,,0.0,Joe Krzeczkowski,IND,Independent,3.74,0.0,,,0.0,confirmed,confirmed,,,0,,0.0,1866765,63306,3531,1105388,1325,916,0,0,1322310,61981,2614,186392,3482,633,997205,999,0,0,29800,1332,0,20000,0,59.96,32.56,3.74,187110,101588,11670,11670,312038
CO-08,house,CO,08,Manny Rutinel,Gabe Evans,DEM,REP,REP,REP,9.03,81.8,18.2,Likely D,3.62,5.56,8.29,0.02,-1.67,0.76,-1.88,10.91,False,False,LIB,0,,0.0,Dave Wood,LIB,Libertarian,3.72,0.0,,,0.0,confirmed,confirmed,,,0,,0.0,4336988,5393673,0,601232,3880463,0,5643207,2087983,3735756,1588203,0,2065691,784602,0,92650,1427927,0,0,0,0,0,154186,0,52.49,43.79,0.0,126574,105605,0,8971,241150
CT-01,house,CT,01,Luke Bronin,Amy Chai,DEM,REP,,DEM,32.17,99.9,0.1,Safe D,25.53,5.56,32.68,1.59,0.0,0.01,23.27,8.9,False,False,GRN,0,,0.0,Mary Sanders,GRN,Green,2.06,0.0,,,0.0,confirmed,confirmed,,,0,,0.0,3070151,20827,0,600894,344,0,1755666,1125106,2469257,16227,0,122156,1860,0,22500,0,0,0,16736,0,0,0,0,64.72,33.22,0.0,155840,79979,0,4960,240779
CT-02,house,CT,02,Joe Courtney,George Austin,DEM,REP,DEM,DEM,22.98,98.8,1.2,Safe D,9.47,5.56,22.98,0.66,7.88,-0.59,7.86,15.13,False,False,,0,,0.0,,,,0.0,0.0,,,0.0,confirmed,confirmed,,,0,,0.0,760424,283997,0,603234,199951,0,0,0,508302,84046,0,93731,20447,0,433000,3600,0,0,240000,0,0,240000,0,61.49,38.51,0.0,167266,104746,0,0,272012
CT-03,house,CT,03,Rosa DeLauro,Christopher Lancia,DEM,REP,DEM,DEM,28.91,99.8,0.2,Safe D,16.6,5.56,29.01,2.19,4.74,-0.08,14.34,14.56,False,False,OTH,0,,0.0,Tom Egan,OTH,Independent Party,2.07,0.0,,,0.0,confirmed,confirmed,,,0,,0.0,1152007,14649,0,349418,4028,0,0,0,1028036,4446,0,60128,7163,0,520762,0,0,0,1000,0,0,0,0,63.12,34.81,0.0,151125,83348,0,4956,239430
CT-04,house,CT,04,Jim Himes,Michael Goldstein,DEM,REP,DEM,DEM,35.37,100.0,0.0,Safe D,26.51,5.56,35.47,2.02,1.17,0.21,23.73,11.64,False,False,OTH,0,,0.0,"Benjamin ""Ben"" Wesley",OTH,Independent Party,1.91,0.0,,,0.0,confirmed,confirmed,,,0,,0.0,1379560,46809,0,2517677,41042,0,0,0,968702,5768,0,43822,2778,0,830500,0,0,0,25000,0,0,29518,0,66.39,31.7,0.0,157301,75096,0,4525,236923
CT-05,house,CT,05,Jahana Hayes,Chris Shea,DEM,REP,DEM,DEM,15.0,93.3,6.7,Likely D,7.75,5.56,15.0,0.98,0.67,0.04,5.68,9.33,False,False,,0,,0.0,,,,0.0,0.0,,,0.0,confirmed,confirmed,,,0,,0.0,1290078,311676,0,1084158,145617,0,0,0,728471,166059,0,151428,61525,0,578355,13947,0,0,600,0,0,31450,0,57.5,42.5,0.0,139151,102844,0,0,241996
DE-01,house,DE,01,Sarah McBride,Donyale Hall,DEM,REP,DEM,DEM,31.18,99.9,0.1,Safe D,18.05,5.56,31.18,3.46,4.39,-0.28,14.84,16.34,False,False,,0,,0.0,,,,0.0,0.0,,,0.0,projected,projected,,,0,,0.0,5060925,779,0,2700202,240,0,0,0,2567850,539,0,1319688,679,0,467900,0,0,0,0,0,0,0,0,65.59,34.41,0.0,234504,123039,0,0,357542
FL-01,house,FL,01,Gay Valimont,Jimmy Patronis,DEM,REP,REP,REP,-32.64,0.1,99.9,Safe R,-33.78,5.56,-32.53,-2.11,-1.67,-0.54,-37.53,4.89,False,False,IND,0,,0.0,Tyler L. Davis,IND,Independent,2.21,0.0,,,0.0,confirmed,confirmed,,,0,,0.0,174309,3789738,0,21814,935302,0,151354,2145004,152495,2854437,0,107445,698132,0,1285,588300,0,0,12000,0,0,29943,0,32.94,64.85,0.0,97434,191856,0,6538,295828
FL-02,house,FL,02,Amanda Green,Austin Rogers,DEM,REP,,REP,-9.34,17.4,82.6,Likely R,-13.48,5.56,-9.34,-1.02,0.0,-0.4,-18.33,8.99,False,False,,0,,0.0,,,,0.0,0.0,,,0.0,confirmed,confirmed,,,0,,0.0,348120,1010277,0,28038,387029,0,91203,1820559,320082,623248,0,48854,16934,0,6000,6500,0,1440,375000,0,0,377218,0,45.33,54.67,0.0,131095,158098,0,0,289194
FL-03,house,FL,03,Seth Harp,Kat Cammack,DEM,REP,REP,REP,-17.06,4.5,95.5,Safe R,-16.46,5.56,-16.97,-2.38,-3.43,-0.27,-21.26,4.21,False,False,IND,0,,0.0,Mike Klein,IND,Independent,1.71,0.0,,,0.0,confirmed,confirmed,,,0,,0.0,37794,2045294,58937,3011,876971,18082,0,0,34784,1723874,40855,15964,399283,1779,0,727500,0,1155,0,44208,735,0,25000,40.76,57.53,0.0,114349,161384,0,4797,280531
FL-04,house,FL,04,LaShonda Holloway,Aaron Bean,DEM,REP,REP,REP,-8.37,20.0,80.0,Likely R,-7.85,5.56,-8.28,-2.52,-3.29,-0.19,-11.96,3.6,False,False,FWD,0,,0.0,Mike Sell,FWD,Forward,1.77,0.0,,,0.0,confirmed,confirmed,,,0,,0.0,27348,2163376,24186,23633,1632550,4915,0,0,14155,1005547,14356,9740,6600,0,488,1149650,0,0,0,10093,10440,14411,10000,45.01,53.22,0.0,125622,148560,0,4940,279123
FL-05,house,FL,05,Rachel Grage,John Rutherford,DEM,REP,REP,REP,-17.4,4.2,95.8,Safe R,-17.66,5.56,-17.4,-0.66,-4.34,-0.3,-21.69,4.3,False,False,,0,,0.0,,,,0.0,0.0,,,0.0,confirmed,confirmed,,,0,,0.0,272423,726727,0,90533,268730,0,0,0,174862,635666,0,58368,759,0,0,452500,0,1191,0,0,0,0,0,41.3,58.7,0.0,126942,180410,0,0,307352
FL-06,house,FL,06,Eric Yonce,Randy Fine,DEM,REP,REP,REP,-23.84,0.9,99.1,Safe R,-25.6,5.56,-24.07,-1.98,-1.67,-0.38,-30.31,6.46,False,False,LIB,0,,0.0,Michael Gist,IND,Independent,1.5,0.0,,,0.0,confirmed,confirmed,,,0,,0.0,325710,4286207,7949,34096,1191059,73,59551,3717099,291614,3095148,7876,270159,566290,161,250,468360,0,2065,950000,7202,0,950000,7000,36.94,60.06,1.5,114425,186081,4647,4647,309800
FL-07,house,FL,07,Bale Dalton,Ryan Elijah,DEM,REP,,REP,-0.71,46.6,53.4,Toss-up,-7.91,5.56,-1.11,1.15,0.0,0.1,-12.62,11.91,False,False,LIB,0,,0.0,Christopher Dennison,LIB,Libertarian,1.99,0.0,,,0.0,confirmed,confirmed,,,0,,0.0,1378109,355955,10500,475858,186155,60,1400000,13500,902251,169801,10440,141692,12004,0,181100,0,0,0,134100,0,0,138193,0,48.66,49.35,0.0,145990,148071,0,5971,300032
FL-08,house,FL,08,Jennifer Jenkins,Mike Haridopolos,DEM,REP,REP,REP,-9.48,17.0,83.0,Likely R,-12.11,5.56,-9.03,-0.66,-1.67,-0.15,-16.4,6.92,False,False,,0,,0.0,,,,0.0,0.0,,,0.0,confirmed,confirmed,35.0,44.0,1,-10.93,0.15,725731,1824838,0,108111,1197777,0,0,0,617619,885224,0,469685,37550,0,8000,700750,0,0,0,0,0,10138,0,45.26,54.74,0.0,136983,165665,0,0,302647
FL-09,house,FL,09,Darren Soto,Dan Green,DEM,REP,DEM,DEM,-0.18,48.7,51.3,Toss-up,-11.68,5.56,0.92,0.36,5.65,1.03,-17.93,17.76,False,False,,0,,0.0,,,,0.0,0.0,,,0.0,confirmed,confirmed,41.0,41.0,1,-2.38,0.28,2157834,1298516,0,1187355,363243,0,37424,86109,984598,935273,0,14844,5427,0,1387044,8500,0,0,1140000,0,0,1140000,0,49.91,50.09,0.0,131208,131672,0,0,262880
FL-10,house,FL,10,Maxwell Frost,(no Republican filed),DEM,REP,DEM,DEM,38.5,100.0,0.0,Safe D,29.86,5.56,38.5,0.0,2.11,0.97,24.29,14.21,False,False,,0,,0.0,,,,0.0,0.0,,,0.0,confirmed,,,,0,,0.0,3474867,0,0,1283056,0,0,0,0,3283537,0,0,1846965,0,0,289100,0,0,8250,0,0,0,0,0,69.25,30.75,0.0,145389,64552,0,0,209940
FL-11,house,FL,11,James Pericola,Joe Strada,DEM,REP,,REP,-7.11,23.7,76.3,Likely R,-11.39,5.56,-8.26,-2.59,0.0,0.17,-15.84,8.73,False,False,LIB,0,,0.0,Ralph Groves,LIB,Libertarian,1.59,0.0,,,0.0,confirmed,confirmed,41.8,42.1,1,-2.58,0.167,119754,5248640,0,32231,2248903,0,0,244363,87523,2999737,0,2780,5630,0,0,0,0,64965,5000000,0,59965,5000000,0,45.71,52.7,0.0,144193,166263,0,5016,315471
FL-12,house,FL,12,Kimberly Overman,Gus Bilirakis,DEM,REP,REP,REP,-11.95,11.5,88.5,Likely R,-9.9,5.56,-11.85,-1.45,-6.47,0.41,-15.55,3.6,False,False,IND,0,,0.0,Branden Scrivener,IND,Independent,1.89,0.0,,,0.0,confirmed,confirmed,,,0,,0.0,186813,1588538,7975,4906,554070,353,0,0,181906,1155885,7722,76617,7612,125,852,828700,0,14001,0,6900,30748,0,0,43.19,54.92,0.0,116237,147785,0,5086,269109
FL-13,house,FL,13,Leela Gray,Anna Paulina Luna,DEM,REP,REP,REP,-5.04,30.4,69.6,Lean R,-9.05,5.56,-4.99,-0.71,-0.35,-0.43,-13.46,8.41,False,False,IND,0,,0.0,Tony D'Arrigo,IND,Independent,1.97,0.0,,,0.0,confirmed,confirmed,42.63,46.6,4,-4.18,0.286,1223069,3233312,28181,683295,1474124,25681,0,3279,539774,1890603,2500,198220,1125753,0,70500,103000,0,7000,0,0,7000,0,0,46.54,51.49,0.0,133346,147515,0,5644,286505
FL-14,house,FL,14,Kathy Castor,Mike Beltran,DEM,REP,DEM,DEM,6.71,75.1,24.9,Likely D,-5.76,5.56,5.89,0.03,5.55,0.51,-10.62,17.33,False,False,LIB,0,,0.0,Brian Lambert,LIB,Libertarian,1.99,0.0,,,0.0,confirmed,confirmed,46.2,37.5,1,9.85,0.15,2337999,2116747,10500,1744723,1939864,100,122129,516693,820006,176884,10400,194116,5843,0,877242,0,0,0,2014000,0,0,2019210,0,52.29,45.72,0.0,142559,124632,0,5425,272616
FL-15,house,FL,15,Robert People,Laurel Lee,DEM,REP,REP,REP,-15.22,6.5,93.5,Likely R,-14.58,5.56,-15.22,-2.46,-3.69,-0.05,-20.09,4.87,False,False,,0,,0.0,,,,0.0,0.0,,,0.0,confirmed,confirmed,,,0,,0.0,40108,2346664,0,3474,1960682,0,0,0,36634,820753,0,11851,3293,0,200,852500,0,17072,0,0,10440,0,0,42.39,57.61,0.0,118761,161403,0,0,280164
FL-16,house,FL,16,Kelly Kirschner,Sydney Gruters,DEM,REP,,REP,-3.86,34.7,65.3,Lean R,-8.63,5.56,-4.44,-1.19,0.0,-0.19,-13.81,9.96,False,False,IND,0,,0.0,Mark Davis,IND,Independent,1.68,0.0,,,0.0,confirmed,confirmed,40.0,39.0,1,-1.5,0.275,296507,1087683,51311,80738,622381,3204,0,1635707,215769,465301,48106,35358,4074,37009,0,120500,0,502,7000,2185,106,0,0,47.26,51.06,0.0,143313,154807,0,5094,303214
FL-17,house,FL,17,Matthew Montavon,Greg Steube,DEM,REP,REP,REP,-18.11,3.6,96.4,Safe R,-17.14,5.56,-18.03,-1.69,-4.39,-0.37,-22.24,4.13,False,False,IND,0,,0.0,Michael J. Quirk,IND,Independent,1.5,0.0,,,0.0,confirmed,confirmed,,,0,,0.0,96489,1337887,11552,23859,2083868,4592,0,0,72590,845315,6960,17810,132513,0,0,580500,0,38579,0,11552,33000,0,1552,40.33,58.17,0.0,128037,184656,0,4762,317455
FL-18,house,FL,18,Curtis Gibson,Scott Franklin,DEM,REP,REP,REP,-10.9,13.6,86.4,Likely R,-12.2,5.56,-10.82,-2.0,-2.65,0.48,-17.1,6.2,False,False,IND,0,,0.0,Deva Simmons,IND,Independent,1.69,0.0,,,0.0,confirmed,confirmed,,,0,,0.0,12208,850000,21932,1452,960764,5764,0,0,10756,371131,16168,2460,2509,6475,0,377500,5000,9748,0,0,0,298500,0,43.8,54.51,0.0,114077,141995,0,4402,260473
FL-19,house,FL,19,Victor Arias,Jim Schwartzel,DEM,REP,,REP,-22.07,1.5,98.5,Safe R,-25.38,5.56,-21.99,-2.21,0.0,0.04,-30.42,8.35,False,False,IND,0,,0.0,Seth Haskin,IND,Independent,1.5,0.0,,,0.0,confirmed,confirmed,,,0,,0.0,45356,2065485,8000,19203,181899,775,47879,0,26154,1883586,7225,3106,5706,0,0,9500,0,30500,1050000,8000,36454,1050000,8000,38.38,60.12,0.0,113971,178513,0,4454,296938
FL-20,house,FL,20,Debbie Wasserman Schultz,Brent Andersen,DEM,REP,DEM,DEM,54.13,100.0,0.0,Safe D,43.72,5.56,54.2,2.43,1.67,0.83,37.5,16.63,False,False,OTH,0,,0.0,Kedner Maxime,OTH,Independent Party of Florida,1.5,0.0,,,0.0,confirmed,confirmed,,,0,,0.0,3300107,63849,18049,1861373,40623,2541,306365,66500,2496043,23226,15508,95739,1037,720,728500,0,0,0,0,8059,0,0,5000,75.91,22.59,0.0,172902,51461,0,3417,227780
FL-21,house,FL,21,James Martin,Brian Mast,DEM,REP,REP,REP,-13.94,8.2,91.8,Likely R,-11.44,5.56,-13.87,-1.45,-6.47,-0.06,-16.36,2.42,False,False,IND,0,,0.0,Alexander Cooke,IND,Independent,1.5,0.0,,,0.0,confirmed,confirmed,,,0,,0.0,579319,4308890,19543,188045,2928458,665,0,50950,391274,3151810,18878,73882,1156653,2793,0,389200,0,150001,0,13000,150000,0,13000,42.38,56.12,0.0,134067,177499,0,4745,316310
FL-22,house,FL,22,Pia Dandiya,Casey Askar,DEM,REP,,DEM,1.05,54.7,45.3,Toss-up,-3.79,5.56,2.58,-0.01,0.0,0.83,-10.6,11.66,False,False,,0,,0.0,,,,0.0,0.0,,,0.0,confirmed,confirmed,49.55,49.33,2,-2.14,0.285,2284052,2567760,0,1296684,1048396,0,704806,0,987368,1519364,0,267274,410,0,72001,0,0,247000,2500000,0,247000,2100000,0,50.53,49.47,0.0,137291,134428,0,0,271719
FL-23,house,FL,23,Lois Frankel,Deborah Adeimy,DEM,REP,DEM,DEM,32.07,99.9,0.1,Safe D,20.62,5.56,32.07,1.81,3.42,0.66,13.94,18.13,False,False,,0,,0.0,,,,0.0,0.0,,,0.0,confirmed,confirmed,,,0,,0.0,2276254,162515,0,1212162,33691,0,151713,0,1351534,132432,0,490011,6508,0,525250,0,0,0,87004,0,0,65466,0,66.03,33.97,0.0,157142,80830,0,0,237972
FL-24,house,FL,24,Oliver Gilbert,Mayonna Te Brown,DEM,REP,,DEM,55.09,100.0,0.0,Safe D,47.73,5.56,55.09,0.02,0.0,1.78,39.08,16.02,False,False,,0,,0.0,,,,0.0,0.0,,,0.0,confirmed,confirmed,,,0,,0.0,812143,313318,0,229093,298626,0,895056,2308884,583050,14693,0,7123,1225,0,25000,0,0,0,306068,0,0,306068,0,77.55,22.45,0.0,151199,43779,0,0,194978
FL-25,house,FL,25,Jared Moskowitz,Scott Singer,DEM,REP,DEM,DEM,7.3,76.9,23.1,Likely D,-1.99,5.56,6.97,0.15,2.65,0.59,-9.22,16.52,False,False,LIB,0,,0.0,Peter Jassenoff,LIB,Libertarian,1.5,0.0,,,0.0,confirmed,confirmed,51.0,39.0,1,10.22,0.15,2998428,2245960,10500,1882634,466219,60,559574,1071294,1465081,1779741,10440,528039,187835,0,561392,38000,0,0,724010,0,20700,579453,0,52.85,45.65,0.0,140214,121133,0,3980,265327
FL-26,house,FL,26,Nicole Locklin,Mario Diaz-Balart,DEM,REP,REP,REP,-10.28,15.1,84.9,Likely R,-9.41,5.56,-10.21,-1.25,-8.17,3.07,-18.5,8.22,False,False,IND,0,,0.0,Deborah Ann Meidinger Hosey,IND,Independent,1.5,0.0,,,0.0,confirmed,confirmed,,,0,,0.0,347681,2060782,8924,198600,2538703,1540,0,0,149082,1341399,7384,72396,2622,0,0,845150,0,250918,0,8924,250000,0,8500,44.19,54.31,0.0,101157,124341,0,3434,228932
FL-27,house,FL,27,Eliott Rodriguez,Maria Salazar,DEM,REP,REP,REP,-5.44,29.1,70.9,Lean R,-6.57,5.56,-5.87,-0.8,-7.1,3.03,-14.7,9.25,False,False,,0,,0.0,,,,0.0,0.0,,,0.0,confirmed,confirmed,45.0,45.0,1,-2.38,0.28,661173,1999399,0,325097,2259547,0,0,25000,336076,1150679,0,64968,17867,0,0,533179,0,7000,2493,0,0,14300,0,47.28,52.72,0.0,112001,124895,0,0,236896
FL-28,house,FL,28,Phil Ehr,Carlos Gimenez,DEM,REP,REP,REP,-13.95,8.2,91.8,Likely R,-16.05,5.56,-15.62,-0.22,-7.91,3.0,-25.63,11.68,False,False,IND,0,,0.0,Eddy Rojas,IND,Independent,1.5,0.0,,,0.0,confirmed,confirmed,41.0,45.0,1,-2.19,0.15,438286,601254,0,454610,692873,0,0,0,76322,484409,0,9365,2016,0,0,276750,0,343200,0,0,644084,0,0,42.38,56.12,0.0,99864,132241,0,3535,235640
GA-01,house,GA,01,Amanda Hollowell,Jim Kingston,DEM,REP,,REP,-8.23,20.4,79.6,Likely R,-11.58,5.56,-8.23,-1.91,0.0,-0.3,-15.92,7.68,False,False,,0,,0.0,,,,0.0,0.0,,,0.0,confirmed,confirmed,,,0,,0.0,162500,1944528,0,7389,294093,0,0,2151837,155572,1650436,0,44845,24117,0,1000,202450,0,32512,0,0,32512,0,0,45.88,54.12,0.0,116879,137853,0,0,254732
GA-02,house,GA,02,Sanford Bishop,Matt Day,DEM,REP,DEM,DEM,24.4,99.2,0.8,Safe D,12.27,5.56,24.4,1.14,5.49,-0.06,7.66,16.75,False,False,,0,,0.0,,,,0.0,0.0,,,0.0,confirmed,confirmed,,,0,,0.0,1126530,206344,0,447808,1768,0,0,0,861583,204576,0,19920,0,0,738750,0,0,0,182288,0,0,50000,0,62.2,37.8,0.0,137877,83783,0,0,221660
GA-03,house,GA,03,Maura Keller,Brian Jack,DEM,REP,REP,REP,-28.81,0.2,99.8,Safe R,-26.49,5.56,-28.81,-1.76,-5.67,-0.45,-29.88,1.08,False,False,,0,,0.0,,,,0.0,0.0,,,0.0,confirmed,confirmed,,,0,,0.0,150514,2045913,0,87576,1142625,0,0,0,65894,1143464,0,47952,212179,0,4000,836640,0,0,0,0,25520,8770,0,35.6,64.4,0.0,104274,188652,0,0,292926
GA-04,house,GA,04,Henry Johnson,James Duffie,DEM,REP,DEM,DEM,65.72,100.0,0.0,Safe D,58.27,5.56,65.72,0.0,1.33,0.56,53.04,12.67,False,False,,0,,0.0,,,,0.0,0.0,,,0.0,confirmed,confirmed,,,0,,0.0,402315,0,0,117906,0,0,0,0,396085,0,0,19345,0,0,317529,0,0,0,0,0,5211,0,0,82.86,17.14,0.0,179354,37105,0,0,216459
GA-05,house,GA,05,Nikema Williams,John Salvesen,DEM,REP,DEM,DEM,84.17,100.0,0.0,Safe D,76.68,5.56,84.17,0.0,1.79,0.14,72.33,11.84,False,False,,0,,0.0,,,,0.0,0.0,,,0.0,confirmed,confirmed,,,0,,0.0,599715,0,0,76092,0,0,0,0,536865,0,0,26128,0,0,402755,0,0,0,0,0,0,0,0,92.08,7.92,0.0,226909,19505,0,0,246414
GA-06,house,GA,06,Lucy McBath,Kevin Martin,DEM,REP,DEM,DEM,63.47,100.0,0.0,Safe D,53.8,5.56,63.47,2.07,1.78,0.26,50.34,13.13,False,False,,0,,0.0,,,,0.0,0.0,,,0.0,confirmed,confirmed,,,0,,0.0,896856,10320,0,676349,100,0,0,0,1173781,10220,0,53943,0,0,344217,0,0,0,10320,0,0,10320,0,81.73,18.27,0.0,215034,48057,0,0,263091
GA-07,house,GA,07,Tony Kozycki,Rich McCormick,DEM,REP,REP,REP,-16.77,4.8,95.2,Safe R,-18.47,5.56,-20.57,-1.01,-6.18,-0.47,-22.27,5.5,False,False,,0,,0.0,,,,0.0,0.0,,,0.0,confirmed,confirmed,43.0,46.0,1,-5.49,0.261,392831,1642413,0,277427,1007984,0,0,0,115405,1332251,0,14428,11662,0,5000,435500,0,316702,0,0,316702,1000,0,41.62,58.38,0.0,125914,176643,0,0,302558
GA-08,house,GA,08,Kelly Esti,Austin Scott,DEM,REP,REP,REP,-29.17,0.2,99.8,Safe R,-26.3,5.56,-29.17,-2.12,-6.01,-0.3,-30.76,1.58,False,False,,0,,0.0,,,,0.0,0.0,,,0.0,confirmed,confirmed,,,0,,0.0,19343,1124952,0,1688,1349452,0,1748,0,24003,755665,0,843,1338,0,0,703250,0,1000,0,0,0,0,0,35.41,64.59,0.0,85696,156291,0,0,241986
GA-09,house,GA,09,Caitlyn Gegen,Andrew Clyde,DEM,REP,REP,REP,-30.24,0.1,99.9,Safe R,-30.62,5.56,-30.24,-1.43,-3.57,-0.17,-34.33,4.09,False,False,,0,,0.0,,,,0.0,0.0,,,0.0,confirmed,confirmed,,,0,,0.0,43387,671072,0,4670,176253,0,44440,35522,38718,590804,0,10051,44424,0,2000,118711,0,6181,0,0,0,1298864,0,34.88,65.12,0.0,98057,183081,0,0,281138
GA-10,house,GA,10,Pamela DeLancy,Houston Gaines,DEM,REP,,REP,-15.88,5.7,94.3,Likely R,-17.57,5.56,-15.88,-2.86,-0.63,-0.38,-20.93,5.06,False,False,,0,,0.0,,,,0.0,0.0,,,0.0,confirmed,confirmed,,,0,,0.0,23080,2303880,0,8705,703420,0,0,2841837,11121,1600460,0,3980,35638,0,0,214510,0,7600,0,0,4100,0,0,42.06,57.94,0.0,121891,167904,0,0,289794
GA-11,house,GA,11,Chris Harden,John Cowan,DEM,REP,,REP,-16.98,4.6,95.4,Safe R,-19.99,5.56,-16.98,-2.21,0.0,-0.33,-23.52,6.55,False,False,,0,,0.0,,,,0.0,0.0,,,0.0,confirmed,confirmed,,,0,,0.0,76330,2347796,0,2237,17630,0,40096,815942,63995,2330167,0,14075,6233,0,2000,120000,0,17,1750020,0,87,1774962,0,41.51,58.49,0.0,122253,172248,0,0,294500
GA-12,house,GA,12,Ceretta Smith,Rick Allen,DEM,REP,REP,REP,-11.31,12.8,87.2,Likely R,-9.46,5.56,-11.31,-1.96,-5.19,-0.27,-14.2,2.89,False,False,,0,,0.0,,,,0.0,0.0,,,0.0,confirmed,confirmed,,,0,,0.0,26696,993220,0,3502,1320958,0,0,0,23291,847219,0,13242,30510,0,0,510750,0,1753,0,0,0,1639945,0,44.34,55.66,0.0,108283,135905,0,0,244189
GA-13,house,GA,13,Jasmine Clark,Jonathan Chavez,DEM,REP,,DEM,51.26,100.0,0.0,Safe D,45.43,5.56,51.26,0.0,-0.08,0.35,42.65,8.61,False,False,,0,,0.0,,,,0.0,0.0,,,0.0,confirmed,confirmed,,,0,,0.0,1619079,0,0,229145,0,0,4218293,0,1389935,0,0,1022238,0,0,55173,0,0,0,0,0,0,0,0,75.63,24.37,0.0,193112,62228,0,0,255340
GA-14,house,GA,14,Shawn Harris,Clay Fuller,DEM,REP,REP,REP,-21.37,1.7,98.3,Safe R,-33.91,5.56,-21.37,0.62,6.73,-0.37,-37.03,15.67,False,False,,0,,0.0,,,,0.0,0.0,,,0.0,confirmed,confirmed,,,0,,0.0,8098514,1846892,0,18230,70518,0,44069,5002827,8080284,1776374,0,6218091,173151,0,13688,305481,0,0,450000,0,0,411902,0,39.32,60.68,0.0,106258,164001,0,0,270259
HI-01,house,HI,01,Ed Case,Adriel Lam,DEM,REP,DEM,DEM,47.88,100.0,0.0,Safe D,29.13,5.56,48.48,0.0,14.37,-0.58,25.17,22.71,False,False,GRN,0,,0.0,Jordan S. Conley,GRN,Green,2.41,0.0,,,0.0,confirmed,confirmed,,,0,,0.0,1093795,0,0,599649,0,0,0,0,810804,0,0,18123,0,0,522597,0,0,0,0,0,0,0,0,72.16,25.43,0.0,125689,44300,0,4198,174187
HI-02,house,HI,02,Jill Tokuda,Brenton Awa,DEM,REP,DEM,DEM,44.0,100.0,0.0,Safe D,26.86,5.56,44.0,1.21,10.72,-0.35,22.06,21.94,False,False,,0,,0.0,,,,0.0,0.0,,,0.0,confirmed,confirmed,,,0,,0.0,820678,122615,0,570355,16101,0,0,0,733764,106514,0,81576,12812,0,183349,1000,0,0,0,0,0,0,0,72.0,28.0,0.0,135002,52502,0,0,187504
IA-01,house,IA,01,Christina Bohannan,Mariannette Miller-Meeks,DEM,REP,REP,REP,12.36,89.3,10.7,Likely D,-0.65,5.56,14.31,0.05,10.1,-0.75,-8.59,20.95,False,False,IND,0,,0.0,Michael Bridgford,IND,Independent,11.0,0.0,,,0.0,confirmed,confirmed,40.0,35.0,2,6.15,0.15,7051745,7208271,189523,5425318,4691481,124859,2360922,398165,1733644,2890534,64664,1094239,936090,1400,502648,2421207,5000,7000,0,22671,0,0,100000,50.0,39.0,0.0,148646,115935,0,32701,297282
IA-02,house,IA,02,Lindsay James,Joe Mitchell,DEM,REP,,REP,2.67,60.9,39.1,Lean D,-2.19,5.56,2.77,0.23,0.0,-0.83,-10.13,12.8,False,False,LIB,0,,0.0,Dave Bushaw,IND,Independent,2.63,0.0,,,0.0,confirmed,confirmed,38.62,36.14,2,0.79,0.15,1628201,1938593,26117,755838,895564,11570,3155186,25596,872363,1043029,14483,178865,284402,7945,210505,412850,5000,0,100000,1858,0,50000,4858,48.64,46.1,2.63,143424,135962,7756,7756,294897
IA-03,house,IA,03,Sarah Trone Garriott,Zach Nunn,DEM,REP,REP,REP,5.41,70.8,29.2,Lean D,2.9,5.56,6.89,0.1,-1.03,-0.64,-4.46,9.87,False,False,,0,,0.0,,,,0.0,0.0,,,0.0,confirmed,confirmed,42.0,48.0,1,-1.17,0.15,5293773,4869249,0,3859683,3568369,0,906378,119213,1434089,1353713,0,894587,143418,0,450786,1726477,0,120,0,0,0,0,0,52.7,47.3,0.0,156432,140386,0,0,296818
IA-04,house,IA,04,Dave Dawson,Chris McGowan,DEM,REP,,REP,-20.32,2.2,97.8,Safe R,-24.17,5.56,-20.32,-1.08,0.0,-0.62,-31.9,11.59,False,False,,0,,0.0,,,,0.0,0.0,,,0.0,confirmed,confirmed,,,0,,0.0,135722,679844,0,49762,328850,0,0,172669,85959,350993,0,43002,4236,0,10800,116500,0,0,0,0,0,0,0,39.84,60.16,0.0,109748,165709,0,0,275457
ID-01,house,ID,01,Kaylee Peterson,Russ Fulcher,DEM,REP,REP,REP,-36.92,0.0,100.0,Safe R,-45.48,5.56,-42.61,-0.84,-1.29,-0.56,-46.2,9.28,False,False,IND,0,,0.0,Sarah Zabel,IND,Independent,5.98,0.0,,,0.0,confirmed,confirmed,34.89,45.01,2,-9.02,0.191,181024,662615,81497,14616,244700,24473,0,0,171799,597924,57024,68061,15894,6375,12050,302350,500,0,0,63420,0,0,30000,28.45,61.76,3.81,96076,208542,12866,20193,337677
ID-02,house,ID,02,Elinor Gilbreath,Mike Simpson,DEM,REP,REP,REP,-28.5,0.2,99.8,Safe R,-27.66,5.56,-29.25,-1.51,-5.22,-0.42,-27.56,-0.94,False,False,LIB,0,,0.0,Tripp Charles Hutchinson,IND,Independent,5.0,0.0,,,0.0,confirmed,confirmed,,,0,,0.0,106892,1118093,7565,71163,429359,6963,0,0,35729,793940,1578,20551,2343,815,0,611500,0,0,0,0,0,0,0,32.18,57.82,5.0,95197,171082,14794,14793,295866
IL-01,house,IL,01,Jonathan Jackson,Christian Maxwell,DEM,REP,DEM,DEM,47.02,100.0,0.0,Safe D,39.4,5.56,47.02,1.06,0.87,0.13,32.27,14.75,False,False,,0,,0.0,,,,0.0,0.0,,,0.0,confirmed,confirmed,,,0,,0.0,418350,63316,0,47163,33832,0,0,0,424875,36042,0,10569,33450,0,142500,0,0,0,0,0,27000,0,0,73.51,26.49,0.0,169712,61155,0,0,230867
IL-02,house,IL,02,Donna Miller,Michael Noack,DEM,REP,,DEM,45.46,100.0,0.0,Safe D,39.54,5.56,45.46,0.0,0.0,0.36,33.6,11.86,False,False,,0,,0.0,,,,0.0,0.0,,,0.0,confirmed,confirmed,,,0,,0.0,2452894,0,0,40546,0,0,4379243,3843,2412349,0,0,63263,0,0,125750,0,0,0,0,0,13750,0,0,72.73,27.27,0.0,152473,57167,0,0,209640
IL-03,house,IL,03,Delia Ramirez,Angel Oakley,DEM,REP,DEM,DEM,50.96,100.0,0.0,Safe D,38.75,5.56,50.96,2.45,2.93,1.28,31.81,19.15,False,False,,0,,0.0,,,,0.0,0.0,,,0.0,confirmed,confirmed,,,0,,0.0,1465280,8080,0,946222,3738,0,0,0,986630,4341,0,148641,1880,0,371847,0,0,0,0,0,0,600,0,75.48,24.52,0.0,142114,46160,0,0,188275
IL-04,house,IL,04,Patty Garcia,Lupe Castillo,DEM,REP,,DEM,40.29,100.0,0.0,Safe D,37.83,5.56,45.62,0.0,0.0,2.23,28.79,11.5,False,False,IND,0,,0.0,Chris Getty,IND,Independent,9.0,0.0,,,0.0,confirmed,confirmed,34.0,15.0,1,19.74,0.178,358667,0,188170,185499,0,131647,0,0,173168,0,56523,25300,0,12160,172800,0,0,0,0,0,0,0,0,61.83,26.32,2.85,92436,39341,4261,13454,149491
IL-05,house,IL,05,Mike Quigley,Tommy Hanson,DEM,REP,DEM,DEM,49.25,100.0,0.0,Safe D,42.26,5.56,49.25,0.0,1.88,-0.45,37.55,11.71,False,False,,0,,0.0,,,,0.0,0.0,,,0.0,confirmed,confirmed,,,0,,0.0,725695,0,0,1187818,0,0,0,0,719060,0,0,7552,0,0,480608,0,0,0,0,0,0,0,0,74.63,25.37,0.0,197081,67010,0,0,264090
IL-06,house,IL,06,Sean Casten,Niki Conforti,DEM,REP,DEM,DEM,20.65,98.0,2.0,Safe D,10.78,5.56,20.65,1.34,3.32,-0.35,5.67,14.98,False,False,,0,,0.0,,,,0.0,0.0,,,0.0,confirmed,confirmed,,,0,,0.0,2108920,313038,0,1285018,22661,0,12087,0,1518045,295578,0,188627,194487,0,724183,4950,0,0,0,0,455694,0,0,60.33,39.67,0.0,158480,104226,0,0,262706
IL-07,house,IL,07,La Shawn Ford,Chad Koppie,DEM,REP,,DEM,76.2,100.0,0.0,Safe D,72.44,5.56,76.2,-0.15,-1.95,0.3,66.13,10.07,False,False,,0,,0.0,,,,0.0,0.0,,,0.0,confirmed,confirmed,,,0,,0.0,722009,55451,0,112588,42,0,0,2527703,609421,55408,0,37545,0,0,57250,0,0,175000,53154,0,175000,0,0,88.1,11.9,0.0,172435,23292,0,0,195727
IL-08,house,IL,08,Melissa Bean,Jennifer Davis,DEM,REP,,DEM,19.64,97.4,2.6,Safe D,13.19,5.56,19.64,0.8,0.0,0.08,7.01,12.62,False,False,,0,,0.0,,,,0.0,0.0,,,0.0,confirmed,confirmed,,,0,,0.0,2071076,1476009,0,144530,730401,0,7177655,59974,1926546,745608,0,26412,30552,0,275750,14000,0,323000,1000000,0,396373,1000000,0,59.82,40.18,0.0,130252,87497,0,0,217748
IL-09,house,IL,09,Daniel Biss,John Elleson,DEM,REP,,DEM,47.69,100.0,0.0,Safe D,42.45,5.56,47.69,0.0,0.0,-0.32,37.04,10.65,False,False,,0,,0.0,,,,0.0,0.0,,,0.0,confirmed,confirmed,,,0,,0.0,2946675,0,0,262130,0,0,1219420,1426379,2684545,0,0,147064,0,0,205684,0,0,3205,0,0,0,0,0,73.84,26.16,0.0,181726,64366,0,0,246091
IL-10,house,IL,10,Brad Schneider,Carl Lambrecht,DEM,REP,DEM,DEM,33.86,100.0,0.0,Safe D,27.13,5.56,33.86,0.0,1.01,0.15,22.34,11.52,False,False,,0,,0.0,,,,0.0,0.0,,,0.0,confirmed,confirmed,,,0,,0.0,3006862,0,0,1699007,0,0,11342,0,2279282,0,0,96126,0,0,1266239,0,0,0,0,0,0,0,0,66.93,33.07,0.0,156274,77219,0,0,233493
IL-11,house,IL,11,Bill Foster,Jeff Walter,DEM,REP,DEM,DEM,25.35,99.4,0.6,Safe D,16.22,5.56,25.35,1.37,2.3,-0.1,11.6,13.75,False,False,,0,,0.0,,,,0.0,0.0,,,0.0,confirmed,confirmed,,,0,,0.0,2180937,311439,0,2505288,22765,0,0,0,1226214,288674,0,131182,56740,0,833000,2354,0,0,167592,0,1017995,165085,0,62.67,37.33,0.0,160526,95601,0,0,256126
IL-12,house,IL,12,Julie Fortier,Mike Bost,DEM,REP,REP,REP,-41.26,0.0,100.0,Safe R,-40.17,5.56,-41.26,-1.73,-4.05,-0.87,-44.13,2.87,False,False,,0,,0.0,,,,0.0,0.0,,,0.0,confirmed,confirmed,,,0,,0.0,88060,1327225,0,59815,789999,0,0,0,28244,889522,0,42195,39507,0,8293,811237,0,0,0,0,0,0,0,29.37,70.63,0.0,76933,184989,0,0,261922
IL-13,house,IL,13,Nikki Budzinski,Jeff Wilson,DEM,REP,DEM,DEM,27.35,99.6,0.4,Safe D,14.58,5.56,27.35,1.51,6.25,-0.55,10.63,16.72,False,False,,0,,0.0,,,,0.0,0.0,,,0.0,confirmed,confirmed,,,0,,0.0,2885018,348237,0,2625565,12241,0,83860,0,2044185,335996,0,107319,9908,0,1174794,5150,0,0,283639,0,0,195600,0,63.67,36.33,0.0,149884,85512,0,0,235397
IL-14,house,IL,14,Lauren Underwood,James Marter,DEM,REP,DEM,DEM,24.0,99.1,0.9,Safe D,10.61,5.56,24.0,1.92,5.77,0.14,5.26,18.74,False,False,,0,,0.0,,,,0.0,0.0,,,0.0,confirmed,confirmed,,,0,,0.0,2417082,140848,0,1106564,31898,0,0,0,2365620,112994,0,289569,25185,0,365000,100,0,0,382,0,0,31741,0,62.0,38.0,0.0,146997,90094,0,0,237091
IL-15,house,IL,15,Jennifer Todd,Mary Miller,DEM,REP,REP,REP,-35.01,0.0,100.0,Safe R,-36.44,5.56,-35.01,-1.56,-1.67,-0.9,-40.5,5.5,False,False,,0,,0.0,,,,0.0,0.0,,,0.0,confirmed,confirmed,,,0,,0.0,122996,1331399,0,34290,810427,0,1771,3705,82735,1167229,0,55362,754616,0,6710,144500,0,0,100,0,0,1525,0,32.5,67.5,0.0,87056,180840,0,0,267896
IL-16,house,IL,16,Paul Nolley,Darin LaHood,DEM,REP,REP,REP,-17.58,4.0,96.0,Safe R,-19.16,5.56,-17.58,-1.56,-1.67,-0.75,-23.07,5.5,False,False,,0,,0.0,,,,0.0,0.0,,,0.0,confirmed,confirmed,,,0,,0.0,415748,3672739,0,230141,6748621,0,0,0,185607,2445401,0,110128,88213,0,63476,1749222,0,1585,0,0,0,0,0,41.21,58.79,0.0,113271,161579,0,0,274849
IL-17,house,IL,17,Eric Sorensen,Dillan Vancil,DEM,REP,DEM,DEM,20.91,98.1,1.9,Safe D,9.47,5.56,20.91,1.39,4.85,-0.36,4.81,16.1,False,False,,0,,0.0,,,,0.0,0.0,,,0.0,confirmed,confirmed,,,0,,0.0,2233676,308832,0,1325642,56689,0,0,0,1020828,272464,0,185874,76538,0,848250,10700,0,0,16542,0,0,12700,0,60.46,39.54,0.0,135013,88312,0,0,223324
IN-01,house,IN,01,Frank Mrvan,Barb Regnitz,DEM,REP,DEM,DEM,15.1,93.4,6.6,Likely D,2.9,5.56,15.1,0.0,6.67,-0.03,0.4,14.7,False,False,,0,,0.0,,,,0.0,0.0,,,0.0,confirmed,confirmed,,,0,,0.0,2386268,2376256,0,1336696,1800689,0,0,0,1138032,575567,0,179981,18850,0,1023820,39610,0,0,2156925,0,0,2000000,0,57.55,42.45,0.0,131769,97189,0,0,228958
IN-02,house,IN,02,Jamee Decio,Rudy Yakym,DEM,REP,REP,REP,-25.16,0.7,99.3,Safe R,-26.05,5.56,-25.63,-1.93,-2.73,-0.48,-26.92,1.76,False,False,LIB,0,,0.0,William Eric Henry,LIB,Libertarian,2.33,0.0,,,0.0,confirmed,confirmed,,,0,,0.0,355589,5246030,0,104496,855313,0,0,0,251093,5000296,0,15296,1170154,0,0,1286014,0,302694,0,0,225039,0,0,36.55,61.12,0.0,76649,128189,0,4887,209724
IN-03,house,IN,03,Kelly Thompson,Marlin Stutzman,DEM,REP,REP,REP,-29.66,0.2,99.8,Safe R,-31.69,5.56,-29.66,-1.17,-1.67,-0.69,-31.73,2.07,False,False,,0,,0.0,,,,0.0,0.0,,,0.0,confirmed,confirmed,,,0,,0.0,136340,839565,0,6039,101923,0,0,0,130301,786959,0,0,88046,0,0,367700,0,17908,0,0,0,60000,0,35.17,64.83,0.0,79072,145747,0,0,224818
IN-04,house,IN,04,Drew Cox,Jim Baird,DEM,REP,REP,REP,-30.89,0.1,99.9,Safe R,-30.19,5.56,-30.89,-1.09,-4.47,-0.7,-29.88,-1.01,False,False,,0,,0.0,,,,0.0,0.0,,,0.0,confirmed,confirmed,,,0,,0.0,20377,358293,0,6863,91561,0,200000,531743,13514,481342,0,9763,68518,0,0,197200,0,500,0,0,500,383899,0,34.56,65.44,0.0,80788,153005,0,0,233792
IN-05,house,IN,05,J.D. Ford,Victoria Spartz,DEM,REP,REP,REP,-13.67,8.6,91.4,Likely R,-17.4,5.56,-15.2,-0.58,-2.0,-0.78,-17.13,3.46,False,False,,0,,0.0,,,,0.0,0.0,,,0.0,confirmed,confirmed,46.0,48.0,1,-4.21,0.15,582087,1327228,0,314652,230004,0,0,0,267434,1355274,0,107719,403303,0,49904,118750,0,616,25000,0,0,200000,0,43.16,56.84,0.0,111544,146875,0,0,258419
IN-06,house,IN,06,Cynthia Wirth,Jefferson Shreve,DEM,REP,REP,REP,-34.46,0.0,100.0,Safe R,-33.34,5.56,-34.46,-2.51,-3.38,-0.79,-33.1,-1.36,False,False,,0,,0.0,,,,0.0,0.0,,,0.0,confirmed,confirmed,,,0,,0.0,37046,2426805,0,7151,1608235,0,0,0,30400,950285,0,10487,2220,0,0,291000,0,4919,2000000,0,0,3900000,0,32.77,67.23,0.0,74691,153236,0,0,227927
IN-07,house,IN,07,Andre Carson,Patrick McAuley,DEM,REP,DEM,DEM,49.54,100.0,0.0,Safe D,42.2,5.56,49.07,0.0,1.24,0.07,42.16,7.38,False,False,LIB,0,,0.0,James M Sceniak,LIB,Libertarian,2.39,0.0,,,0.0,confirmed,confirmed,,,0,,0.0,1006177,0,0,621351,0,0,0,0,834249,0,0,33892,0,0,506242,0,0,730,0,0,0,0,0,72.99,24.62,0.0,138579,46756,0,4538,189873
IN-08,house,IN,08,Mary Allen,Mark Messmer,DEM,REP,REP,REP,-37.34,0.0,100.0,Safe R,-35.75,5.56,-37.34,-0.95,-5.33,-0.88,-36.49,-0.85,False,False,,0,,0.0,,,,0.0,0.0,,,0.0,confirmed,confirmed,,,0,,0.0,294502,1171366,0,179308,713500,0,0,0,115194,664972,0,107411,5915,0,23845,421375,0,1929,3500,0,0,6250,0,31.33,68.67,0.0,72893,159785,0,0,232678
IN-09,house,IN,09,Brad Meyer,Erin Houchin,DEM,REP,REP,REP,-29.15,0.2,99.8,Safe R,-29.74,5.56,-29.61,-1.88,-2.69,-0.86,-30.39,1.23,False,False,LIB,0,,0.0,Tonya L. Hudson,LIB,Libertarian,2.28,0.0,,,0.0,confirmed,confirmed,,,0,,0.0,105510,1856572,1719,17840,1183066,246,0,0,81901,1415551,1473,21487,23017,960,0,1041193,0,11339,931,272,11339,0,0,34.62,63.1,0.0,85655,156147,0,5642,247444
KS-01,house,KS,01,Lauren Reinhold,Tracey Mann,DEM,REP,REP,REP,-30.15,0.1,99.9,Safe R,-28.44,5.56,-30.69,-2.06,-5.4,-0.35,-31.85,1.69,False,False,LIB,0,,0.0,Steven Jacob,LIB,Libertarian,2.68,0.0,,,0.0,confirmed,confirmed,,,0,,0.0,48261,1488465,0,4784,2713324,0,0,0,43478,528838,0,13201,10184,0,0,598040,0,4601,0,0,4000,0,0,33.99,63.33,0.0,73882,137677,0,5826,217385
KS-02,house,KS,02,Don Coover,Derek Schmidt,DEM,REP,REP,REP,-15.94,5.6,94.4,Likely R,-16.01,5.56,-16.51,-0.47,-5.18,-0.41,-20.06,4.12,False,False,LIB,0,,0.0,John Hauer,LIB,Libertarian,2.84,0.0,,,0.0,confirmed,confirmed,,,0,,0.0,758823,1457605,0,244286,939168,0,0,0,514537,556938,0,240192,55452,0,33500,505500,0,7000,0,0,0,2898,0,40.84,56.32,0.0,88015,121396,0,6121,215532
KS-03,house,KS,03,Sharice Davids,Eric Jenkins,DEM,REP,DEM,DEM,22.85,98.8,1.2,Safe D,6.96,5.56,22.26,3.0,7.29,-0.55,4.17,18.67,False,False,LIB,0,,0.0,Steven A Hohe,LIB,Libertarian,2.94,0.0,,,0.0,confirmed,confirmed,,,0,,0.0,3690440,18916,0,1724212,12284,0,0,0,2369484,6633,0,1119972,986,0,807231,10000,0,0,1790,0,0,1790,0,59.62,37.44,0.0,165926,104204,0,8182,278313
KS-04,house,KS,04,Katy Tyndell,Ron Estes,DEM,REP,REP,REP,-21.39,1.7,98.3,Safe R,-20.4,5.56,-21.97,-1.43,-5.29,-0.42,-23.7,2.31,False,False,LIB,0,,0.0,Drew Cranmer,LIB,Libertarian,2.88,0.0,,,0.0,confirmed,confirmed,,,0,,0.0,234455,1855035,0,72896,1757677,0,0,0,161558,1295634,0,38412,9091,0,0,1090100,0,600,0,0,0,0,0,38.17,58.95,0.0,83247,128556,0,6281,218084
KY-01,house,KY,01,Drew Williams,James Comer,DEM,REP,REP,REP,-45.24,0.0,100.0,Safe R,-45.67,5.56,-45.24,-1.84,-2.5,-0.8,-47.91,2.67,False,False,,0,,0.0,,,,0.0,0.0,,,0.0,confirmed,confirmed,,,0,,0.0,118755,1899533,0,20182,3041112,0,0,0,98532,2067643,0,69518,692697,0,5000,426900,0,1700,0,0,1700,0,0,27.38,72.62,0.0,65701,174274,0,0,239975
KY-02,house,KY,02,Megan Wingfield,Brett Guthrie,DEM,REP,REP,REP,-43.02,0.0,100.0,Safe R,-39.78,5.56,-42.92,-3.32,-4.58,-0.81,-41.93,-1.09,False,False,IND,0,,0.0,Thomas A. Loecken,IND,Independent,2.01,0.0,,,0.0,confirmed,confirmed,,,0,,0.0,7539,4707593,0,1197,1718271,0,0,80276,6342,3355566,0,6104,8727,0,0,3025480,0,0,0,0,0,2295,0,27.92,70.07,0.0,68674,172382,0,4945,246001
KY-03,house,KY,03,Morgan McGarvey,Maria Rodriguez,DEM,REP,DEM,DEM,34.04,100.0,0.0,Safe D,20.98,5.56,34.04,2.21,5.67,-0.38,19.27,14.77,False,False,,0,,0.0,,,,0.0,0.0,,,0.0,confirmed,confirmed,,,0,,0.0,1633684,38069,0,1813760,15672,0,0,0,1083341,22297,0,157955,4269,0,538001,5500,0,0,0,0,0,0,0,67.02,32.98,0.0,156059,76803,0,0,232862
KY-04,house,KY,04,Melissa Strange,Ed Gallrein,DEM,REP,,REP,-29.82,0.2,99.8,Safe R,-34.55,5.56,-30.29,-0.46,0.0,-0.84,-36.16,6.34,False,False,LIB,0,,0.0,Jeremy Todd,LIB,Libertarian,2.32,0.0,,,0.0,confirmed,confirmed,,,0,,0.0,94464,3567324,22393,11145,179309,5921,8366952,5378133,83319,3388014,16472,12513,396242,4777,0,56130,0,20000,0,1002,20000,0,0,34.27,63.41,0.0,89973,166445,0,6090,262508
KY-05,house,KY,05,Ned Pillersdorf,Harold Rogers,DEM,REP,REP,REP,-60.51,0.0,100.0,Safe R,-62.34,5.56,-60.44,-1.02,-1.67,-0.98,-64.67,4.16,False,False,IND,0,,0.0,Mikel Wein,IND,Independent,1.5,0.0,,,0.0,confirmed,confirmed,,,0,,0.0,182281,849758,2200,91274,874716,1514,0,0,91006,946293,686,29940,1147,200,250,314150,0,62875,0,2000,0,0,2000,19.45,79.05,0.0,43124,175303,0,3326,221754
KY-06,house,KY,06,Zach Dembo,Ralph Alvarado,DEM,REP,,REP,-6.43,25.8,74.2,Lean R,-13.53,5.56,-8.62,0.03,0.0,-0.67,-15.31,8.88,False,False,OTH,0,,0.0,Pete Lynch,OTH,Kentucky Party,2.56,0.0,,,0.0,confirmed,confirmed,44.91,44.86,4,-2.13,0.239,1463855,1521813,0,491275,398018,0,536464,188599,972579,1123795,0,161118,11113,0,58150,263541,0,3665,57245,0,0,0,0,45.59,51.85,0.0,113542,129151,0,6376,249069
LA-01,house,LA,01,Lauren Jewett,Steve Scalise,DEM,REP,REP,REP,-46.72,0.0,100.0,Safe R,-39.79,5.56,-46.61,-3.01,-9.01,-0.35,-39.08,-7.64,False,False,IND,0,,0.0,"E. ""Liddy"" Glass",IND,Independent,2.26,0.0,,,0.0,confirmed,confirmed,,,0,,0.0,142677,10638030,0,11884,3885942,0,0,0,130793,10883241,0,55075,325922,0,1250,171500,0,1272,0,0,0,0,0,26.04,71.7,0.0,65762,181098,0,5708,252568
LA-02,house,LA,02,Troy Carter,Peter Williams,DEM,REP,DEM,DEM,64.08,100.0,0.0,Safe D,49.65,5.56,63.66,0.0,8.23,0.23,48.71,15.38,False,False,LIB,0,,0.0,Lisa Ballay,LIB,Libertarian,2.1,0.0,,,0.0,confirmed,confirmed,,,0,,0.0,1412697,0,0,382786,0,0,0,0,1539321,0,0,4075,0,0,950717,0,0,0,0,0,24914,0,0,80.32,17.58,0.0,176485,38632,0,4614,219732
LA-03,house,LA,03,John Day,Clay Higgins,DEM,REP,REP,REP,-36.52,0.0,100.0,Safe R,-35.94,5.56,-36.43,-1.9,-3.74,-0.41,-36.65,0.13,False,False,IND,0,,0.0,Tia LeBrun,IND,Independent,1.72,0.0,,,0.0,presumptive,confirmed,,,0,,0.0,18947,822841,6968,7385,595415,3465,0,0,17749,551995,4102,2569,87799,1043,0,132500,0,5000,0,2350,5000,0,2350,31.19,67.09,0.0,73937,159007,0,4077,237021
LA-04,house,LA,04,Matthew Gromlich,Mike Johnson,DEM,REP,REP,REP,-39.4,0.0,100.0,Safe R,-33.66,5.56,-39.4,-3.14,-7.75,-0.41,-34.59,-4.81,False,False,,0,,0.0,,,,0.0,0.0,,,0.0,confirmed,confirmed,,,0,,0.0,268772,20976864,0,10175,9613157,0,0,0,258532,12616083,0,38644,3867677,0,0,1813700,0,203058,0,0,200000,0,0,30.3,69.7,0.0,67781,155916,0,0,223696
LA-05,house,LA,05,Dan McKay,Michael Echols,DEM,REP,,REP,-30.43,0.1,99.9,Safe R,-33.29,5.56,-30.43,-2.31,0.0,-0.39,-34.39,3.96,False,False,,0,,0.0,,,,0.0,0.0,,,0.0,confirmed,presumptive,,,0,,0.0,90000,2979894,0,-19056,1081639,0,0,100383,109075,1898255,0,23786,3472,0,0,13500,0,39238,2430000,0,39238,1580000,0,34.79,65.21,0.0,78135,146488,0,0,224623
LA-06,house,LA,06,"Lindsay ""Rubia"" Garcia",Blake Miguez,DEM,REP,,DEM,-29.84,0.2,99.8,Safe R,-32.81,5.56,-30.27,-2.65,0.0,-0.37,-32.4,2.56,False,False,LIB,0,,0.0,Rufus Craig,LIB,Libertarian,2.15,0.0,,,0.0,presumptive,presumptive,,,0,,0.0,65473,6612410,0,36348,2032592,0,235074,0,29125,4579818,0,44059,443078,0,0,68410,0,2864,3013458,0,2864,2012356,0,34.32,63.53,0.0,84866,157061,0,5316,247243
MA-01,house,MA,01,Richard Neal,(no Republican filed),DEM,REP,DEM,DEM,25.04,99.3,0.7,Safe D,18.09,5.56,25.2,0.0,1.67,-0.12,13.91,11.12,False,False,IND,0,,0.0,Nadia Milleron,IND,Independent,3.24,0.0,,,0.0,confirmed,,,,0,,0.0,2462685,0,43869,3276321,0,22221,0,0,3074234,0,34798,9311,0,4269,1557500,0,0,0,0,0,0,0,75000,60.49,36.27,0.0,161485,96817,0,8649,266951
MA-02,house,MA,02,Jim McGovern,(no Republican filed),DEM,REP,DEM,DEM,34.82,100.0,0.0,Safe D,28.04,5.56,34.82,0.0,1.67,-0.45,24.29,10.53,False,False,,0,,0.0,,,,0.0,0.0,,,0.0,confirmed,,,,0,,0.0,864676,0,0,348736,0,0,0,0,910105,0,0,165653,0,0,233100,0,0,0,0,0,0,0,0,67.41,32.59,0.0,181645,87825,0,0,269471
MA-03,house,MA,03,Lori Trahan,Gary Grossi,DEM,REP,DEM,DEM,33.39,99.9,0.1,Safe D,23.55,5.56,33.39,2.54,1.67,0.08,19.39,14.0,False,False,,0,,0.0,,,,0.0,0.0,,,0.0,confirmed,confirmed,,,0,,0.0,1639978,7121,0,1773389,5775,0,0,0,1321741,1346,0,0,1086,0,813250,600,0,0,4000,0,0,4000,0,66.7,33.3,0.0,167563,83669,0,0,251231
MA-04,house,MA,04,Jake Auchincloss,Thomas Stalcup,DEM,REP,DEM,DEM,33.79,100.0,0.0,Safe D,24.37,5.56,33.79,2.92,1.67,-0.72,20.13,13.66,False,False,,0,,0.0,,,,0.0,0.0,,,0.0,confirmed,presumptive,,,0,,0.0,3630329,26242,0,7341766,1319,0,189528,0,1271790,24923,0,34036,1353,0,727250,0,0,0,17275,0,0,0,0,66.9,33.1,0.0,190500,94268,0,0,284768
MA-05,house,MA,05,Katherine Clark,(no Republican filed),DEM,REP,DEM,DEM,56.49,100.0,0.0,Safe D,49.73,5.56,56.49,0.0,1.67,-0.46,46.35,10.15,False,False,,0,,0.0,,,,0.0,0.0,,,0.0,confirmed,,,,0,,0.0,4503671,0,0,2047792,0,0,0,0,3781770,0,0,86343,0,0,1838507,0,0,0,0,0,0,0,0,78.25,21.75,0.0,205332,57087,0,0,262420
MA-06,house,MA,06,Daniel Koh,Micah Quinney Jones,DEM,REP,,DEM,31.39,99.9,0.1,Safe D,24.57,5.56,31.39,1.76,0.0,-0.5,21.09,10.31,False,False,,0,,0.0,,,,0.0,0.0,,,0.0,confirmed,confirmed,,,0,,0.0,4716543,448868,0,1994307,188918,0,1760631,35000,2723575,259949,0,214320,27516,0,105550,9800,0,93505,0,0,69000,0,0,65.7,34.3,0.0,199205,104012,0,0,303217
MA-07,house,MA,07,Ayanna Pressley,(no Republican filed),DEM,REP,DEM,DEM,77.28,100.0,0.0,Safe D,69.74,5.56,77.28,0.0,1.67,0.32,65.14,12.14,False,False,,0,,0.0,,,,0.0,0.0,,,0.0,confirmed,,,,0,,0.0,1204995,0,0,76201,0,0,0,0,1247015,0,0,330117,0,0,79755,0,0,0,0,0,0,0,0,88.64,11.36,0.0,173955,22290,0,0,196246
MA-08,house,MA,08,Stephen Lynch,Robert Gerald Burke,DEM,REP,DEM,DEM,46.6,100.0,0.0,Safe D,31.14,5.56,46.6,0.0,10.45,-0.55,26.99,19.61,False,False,,0,,0.0,,,,0.0,0.0,,,0.0,confirmed,presumptive,,,0,,0.0,910160,0,0,642256,-10940,0,77931,213732,1356628,5002,0,30667,0,0,339200,0,0,0,0,0,0,0,0,73.3,26.7,0.0,201709,73472,0,0,275181
MA-09,house,MA,09,Bill Keating,Robert MacAllister,DEM,REP,DEM,DEM,23.67,99.0,1.0,Safe D,14.61,5.56,23.67,0.56,3.67,-0.73,10.94,12.72,False,False,,0,,0.0,,,,0.0,0.0,,,0.0,confirmed,confirmed,,,0,,0.0,422462,175122,0,495522,35051,0,0,0,592807,140071,0,49162,25576,0,170100,1250,0,0,1005,0,0,1005,0,61.83,38.17,0.0,199152,122931,0,0,322083
MD-01,house,MD,01,Dan Schwartz,Andy Harris,DEM,REP,REP,REP,-15.31,6.4,93.6,Likely R,-15.69,5.56,-15.17,-0.86,-3.57,-0.61,-17.31,2.0,False,False,,0,,0.0,,,,0.0,0.0,,,0.0,confirmed,confirmed,39.0,52.0,1,-15.33,0.16,695170,2319668,0,72575,1853603,0,26174,15256,622594,1221001,0,292096,527134,0,11600,443459,0,15568,0,0,34175,0,0,42.35,57.65,0.0,126589,172346,0,0,298934
MD-02,house,MD,02,Johnny Olszewski,Dave Wallace,DEM,REP,DEM,DEM,31.93,99.9,0.1,Safe D,20.54,5.56,31.93,2.06,4.22,-0.44,18.95,12.99,False,False,,0,,0.0,,,,0.0,0.0,,,0.0,confirmed,confirmed,,,0,,0.0,1040390,20194,0,614275,3073,0,0,0,592706,17122,0,26185,3334,0,334224,0,0,0,1200,0,0,1000,0,65.97,34.03,0.0,182554,94181,0,0,276734
MD-03,house,MD,03,Sarah Elfreth,Berney Flowers,DEM,REP,DEM,DEM,35.7,100.0,0.0,Safe D,25.75,5.56,35.7,2.21,2.59,-0.41,24.49,11.21,False,False,,0,,0.0,,,,0.0,0.0,,,0.0,confirmed,confirmed,,,0,,0.0,1141516,12708,0,335826,2016,0,0,0,836430,14404,0,64297,3422,0,441881,4750,0,649,0,0,0,0,0,67.85,32.15,0.0,198046,93850,0,0,291896
MD-04,house,MD,04,Glenn Ivey,George McDermott,DEM,REP,DEM,DEM,86.64,100.0,0.0,Safe D,79.23,5.56,87.39,0.0,1.67,0.93,75.67,10.98,False,False,GRN,0,,0.0,Sam Husseini,GRN,Green,2.99,0.0,,,0.0,confirmed,confirmed,,,0,,0.0,674406,0,0,459226,0,0,0,0,520568,0,0,31930,0,0,338250,0,0,0,0,0,0,0,0,90.53,6.48,0.0,179594,12853,0,5932,198379
MD-05,house,MD,05,Adrian Boafo,Chris Chaffee,DEM,REP,,DEM,40.63,100.0,0.0,Safe D,35.64,5.56,40.63,0.0,-0.45,-0.13,34.05,6.58,False,False,,0,,0.0,,,,0.0,0.0,,,0.0,confirmed,confirmed,,,0,,0.0,1676916,0,0,91867,0,0,12093528,0,1585049,0,0,21486,0,0,116745,0,0,0,0,0,7400,0,0,70.31,29.69,0.0,212364,89663,0,0,302027
MD-06,house,MD,06,April McClain Delaney,Robin Ficker,DEM,REP,DEM,DEM,19.07,97.1,2.9,Safe D,8.02,5.56,19.96,2.47,4.17,-0.26,5.93,13.14,False,False,GRN,0,,0.0,Moshe Y. Landman,GRN,Green,3.56,0.0,,,0.0,confirmed,confirmed,,,0,,0.0,12308220,403934,0,307611,401,0,516368,42387,12013488,403533,0,34837,1072,0,377303,0,0,11000000,402862,0,14873000,402862,0,57.41,39.03,0.0,156888,106641,0,9728,273257
MD-07,house,MD,07,Kweisi Mfume,Scott Collier,DEM,REP,DEM,DEM,72.7,100.0,0.0,Safe D,63.12,5.56,72.7,0.0,3.9,0.12,60.49,12.2,False,False,,0,,0.0,,,,0.0,0.0,,,0.0,confirmed,confirmed,,,0,,0.0,415174,0,0,702810,0,0,0,0,406290,0,0,8064,0,0,233750,0,0,0,0,0,0,0,0,86.35,13.65,0.0,183729,29050,0,0,212779
MD-08,house,MD,08,Jamie Raskin,Cheryl Riley,DEM,REP,DEM,DEM,69.24,100.0,0.0,Safe D,60.96,5.56,70.18,3.54,-0.02,0.14,58.06,11.18,False,False,GRN,0,,0.0,Nancy Wallace,GRN,Green,3.78,0.0,,,0.0,confirmed,confirmed,,,0,,0.0,7425389,16590,0,7893447,1806,0,0,0,4497145,15372,0,3050018,4483,0,395799,0,0,0,0,0,0,0,0,81.42,14.8,0.0,222139,40375,0,10313,272827
ME-01,house,ME,01,Chellie Pingree,Ronald Russell,DEM,REP,DEM,DEM,31.22,99.9,0.1,Safe D,21.83,5.56,31.22,1.0,3.77,-0.95,22.33,8.89,True,False,,2,Chellie Pingree,0.0,,,,0.0,0.0,,,0.0,confirmed,confirmed,,,0,,0.0,429634,75680,0,423112,20023,0,0,0,422200,69878,0,69003,7445,0,237050,6819,0,0,1000,0,20000,4537,0,65.61,34.39,0.0,200489,105083,0,0,305572
ME-02,house,ME,02,Matthew Dunlap,Paul LePage,DEM,REP,,DEM,-4.77,31.2,68.8,Lean R,-9.31,5.56,-5.22,-0.47,0.0,-1.0,-9.72,4.95,True,False,,2,Paul LePage,0.0,,,,0.0,0.0,,,0.0,confirmed,confirmed,48.83,48.87,4,-2.72,0.247,1205432,2563901,0,228649,1685710,0,482441,86347,976783,878191,0,646576,167616,0,13500,408301,0,10000,0,0,0,0,0,47.61,52.39,0.0,131597,144793,0,0,276390
MI-01,house,MI,01,Callie Barr,Jack Bergman,DEM,REP,REP,REP,-12.2,11.0,89.0,Likely R,-17.02,5.56,-12.1,-0.61,1.0,-1.03,-21.52,9.32,False,False,GRN,0,,0.0,Arnett Satterla,LIB,Libertarian,2.07,0.0,,,0.0,confirmed,confirmed,,,0,,0.0,824341,1917574,0,530725,660163,0,0,18250,301257,1368361,0,100309,151276,0,64250,756925,0,0,0,0,0,0,0,42.08,53.78,2.07,143105,182879,7040,7039,340063
MI-02,house,MI,02,Benjamin Ambrose,John Moolenaar,DEM,REP,REP,REP,-27.71,0.3,99.7,Safe R,-25.68,5.56,-27.04,-1.9,-4.17,-0.85,-30.54,2.83,False,False,IND,0,,0.0,Charlotte Magoon,GRN,Green,2.23,0.0,,,0.0,confirmed,confirmed,,,0,,0.0,85094,1652235,0,21868,1905561,0,0,0,62840,1028618,0,19434,35444,0,250,549373,0,0,0,0,0,27361,0,34.53,61.01,2.23,106761,188592,6894,6894,309141
MI-03,house,MI,03,Hillary Scholten,Terri DeBoer,DEM,REP,DEM,DEM,21.61,98.4,1.6,Safe D,11.98,5.56,22.22,0.83,4.28,-0.43,7.95,13.65,False,False,GRN,0,,0.0,Joe Jock,GRN,Green,2.44,0.0,,,0.0,confirmed,confirmed,,,0,,0.0,2329122,551697,0,1356573,361355,0,0,562026,1322264,190342,0,169694,7983,0,696370,12000,0,0,0,0,0,19951,0,59.32,38.24,0.0,177562,114466,0,7304,299333
MI-04,house,MI,04,Sean McCann,Bill Huizenga,DEM,REP,REP,REP,-1.69,42.8,57.2,Toss-up,-1.18,5.56,-1.27,-0.19,-4.89,-0.57,-5.61,3.92,False,False,GRN,0,,0.0,Shafina Che Barnett,GRN,Green,2.27,0.0,,,0.0,confirmed,confirmed,47.46,45.22,3,0.58,0.15,2620011,4093991,0,1686240,2268747,0,2140918,606598,933771,1934284,0,454574,214513,0,316050,1580550,0,0,0,0,0,0,0,48.04,49.69,0.0,145920,150928,0,6895,303743
MI-05,house,MI,05,Christian Vukasovich,Tim Walberg,DEM,REP,REP,REP,-24.93,0.7,99.3,Safe R,-22.39,5.56,-24.82,-2.12,-5.07,-0.8,-27.41,2.48,False,False,LIB,0,,0.0,Jim Bronke,GRN,Green,2.11,0.0,,,0.0,confirmed,confirmed,,,0,,0.0,55756,1742399,0,13290,993833,0,0,0,42467,1658017,0,14490,66697,0,3000,786598,0,0,0,0,0,0,0,35.95,59.83,2.11,106294,176889,6239,6238,295660
MI-06,house,MI,06,Debbie Dingell,Heather Smiley,DEM,REP,DEM,DEM,39.21,100.0,0.0,Safe D,28.79,5.56,39.34,0.0,5.67,-0.69,23.92,15.29,False,False,LIB,0,,0.0,Clyde Shabazz,GRN,Green,2.6,0.0,,,0.0,confirmed,confirmed,,,0,,0.0,1193712,0,0,414935,0,0,0,0,1122149,0,0,69239,0,0,691593,0,0,0,0,0,0,0,0,65.98,28.82,2.6,214443,93648,8450,8450,324990
MI-07,house,MI,07,William Lawrence,Tom Barrett,DEM,REP,REP,REP,1.83,57.7,42.3,Toss-up,3.36,5.56,3.25,-1.13,-3.8,-0.73,-1.33,3.16,False,False,GRN,0,,0.0,Shane Dedrick,GRN,Green,2.27,0.0,,,0.0,confirmed,confirmed,48.08,46.08,2,-0.13,0.201,1119198,6306828,0,383116,2871872,0,1373368,3064347,736082,3457356,0,290681,1642639,0,39844,1470275,0,13072,0,0,10000,2809,0,49.76,47.97,0.0,161310,155507,0,7359,324176
MI-08,house,MI,08,Kristen McDonald Rivet,Thomas J. Smith,DEM,REP,DEM,DEM,20.33,97.8,2.2,Safe D,3.42,5.56,20.43,2.21,9.86,-0.62,-2.01,22.34,False,False,GRN,0,,0.0,C. Mia Pettus,LIB,Libertarian,1.99,0.0,,,0.0,confirmed,confirmed,,,0,,0.0,5644876,243238,0,4254099,219799,0,27821,24794,1407808,23439,0,392735,1385,0,1533240,0,0,0,7605,0,0,7600,0,57.77,38.25,1.99,175419,116146,6042,6043,303650
MI-09,house,MI,09,Ray Pooley,Lisa McClain,DEM,REP,REP,REP,-31.93,0.1,99.9,Safe R,-27.92,5.56,-31.83,-3.38,-5.22,-0.87,-32.75,0.83,False,False,LIB,0,,0.0,Destiny Clayton,GRN,Green,1.92,0.0,,,0.0,confirmed,confirmed,,,0,,0.0,8084,5242309,0,4942,1536890,0,0,0,3142,4312277,0,4295,964382,0,0,1454798,0,0,0,0,0,0,0,32.73,63.43,1.92,111486,216065,6540,6540,340631
MI-10,house,MI,10,Christina Hines,Michael Bouchard Jr.,DEM,REP,,REP,2.31,59.6,40.4,Toss-up,-1.13,5.56,3.56,-0.12,0.0,-0.75,-6.68,9.0,False,False,LIB,0,,0.0,Kwabena Nkromo,GRN,Green,2.23,0.0,,,0.0,confirmed,confirmed,44.99,44.98,2,-2.33,0.174,1211489,1623745,0,158196,1144520,0,701061,247171,1053292,479225,0,269873,108726,0,75763,124500,0,0,0,0,0,124275,0,48.87,46.67,2.23,149241,142500,6809,6810,305360
MI-11,house,MI,11,Jeremy Moss,Ethan Baker,DEM,REP,,DEM,27.6,99.7,0.3,Safe D,21.42,5.56,27.93,1.6,0.0,-0.64,16.42,11.18,False,False,IND,0,,0.0,Anil Kumar,IND,Independent,4.31,0.0,,,0.0,confirmed,confirmed,,,0,,0.0,1485178,141876,712923,352517,121125,407720,399495,20000,1132661,21751,306864,93323,6975,4998,141950,1000,5000,7000,0,620125,0,0,595000,59.58,33.8,2.31,192006,108941,7445,13890,322281
MI-12,house,MI,12,Rashida Tlaib,James D. Hooper,DEM,REP,DEM,DEM,58.84,100.0,0.0,Safe D,46.46,5.56,59.96,2.96,5.22,-0.24,39.62,19.21,False,False,IND,0,,0.0,Brenda K. Sanders,GRN,Green,3.76,0.0,,,0.0,confirmed,confirmed,,,0,,0.0,2756214,775,0,3434433,8381,0,0,10000,3585336,1411,0,793973,525,0,37150,0,0,0,0,0,0,533,0,73.45,19.03,3.76,191540,49641,9806,9806,260793
MI-13,house,MI,13,Donavan McKinney,T.P. Nykoriak,DEM,REP,,DEM,53.97,100.0,0.0,Safe D,48.96,5.56,54.6,0.0,0.0,0.08,42.28,11.68,False,False,IND,0,,0.0,Raelyn Light,GRN,Green,2.11,0.0,,,0.0,confirmed,confirmed,,,0,,0.0,1372309,0,0,142854,0,0,1983888,268690,1229455,0,0,577662,0,0,91383,0,0,0,0,0,0,0,0,73.73,22.05,2.11,172862,51685,4946,4947,234440
MN-01,house,MN,01,Jake Johnson,Brad Finstad,DEM,REP,REP,REP,-6.14,26.7,73.3,Lean R,-9.25,5.56,-6.08,-0.02,-1.67,-0.71,-12.23,6.09,False,False,,0,,0.0,,,,0.0,0.0,,,0.0,confirmed,confirmed,41.49,47.93,2,-4.47,0.15,2000547,2030569,0,1011593,1283923,0,7063,50000,988953,808055,0,729421,147427,0,108500,966407,0,5372,0,0,0,0,0,46.93,53.07,0.0,127973,144717,0,0,272690
MN-02,house,MN,02,Matt Little,Eric Pratt,DEM,REP,,DEM,12.94,90.3,9.7,Likely D,8.38,5.56,13.82,0.52,0.0,-0.64,5.95,6.99,False,False,,0,,0.0,,,,0.0,0.0,,,0.0,confirmed,confirmed,45.0,40.0,1,8.9,0.15,923277,511213,0,127543,254373,0,475327,17393,796236,256841,0,145833,31473,0,42370,48000,0,162000,112100,0,131000,105000,0,56.47,43.53,0.0,168657,130002,0,0,298658
MN-03,house,MN,03,Kelly Morrison,Tyler Bass,DEM,REP,DEM,DEM,30.17,99.9,0.1,Safe D,23.66,5.56,30.17,0.0,1.67,-0.71,21.72,8.46,False,False,,0,,0.0,,,,0.0,0.0,,,0.0,confirmed,confirmed,,,0,,0.0,1361933,0,0,413942,0,0,0,0,973380,0,0,95446,0,0,208783,0,0,7000,0,0,0,0,0,65.09,34.91,0.0,193595,103844,0,0,297440
MN-04,house,MN,04,Betty McCollum,Paul Wikstrom,DEM,REP,DEM,DEM,47.93,100.0,0.0,Safe D,39.35,5.56,47.93,2.11,1.5,-0.6,36.47,11.46,False,False,,0,,0.0,,,,0.0,0.0,,,0.0,confirmed,confirmed,,,0,,0.0,1251583,28031,0,498697,2205,0,0,0,1307805,14744,0,42626,5364,0,458800,5000,0,0,0,0,0,0,0,73.96,26.04,0.0,196017,69005,0,0,265021
MN-05,house,MN,05,Ilhan Omar,John Nagel,DEM,REP,DEM,DEM,66.18,100.0,0.0,Safe D,66.18,5.56,66.36,1.5,-6.48,-0.4,63.54,2.63,False,False,IND,0,,0.0,DeVelle L. Jackson,IND,Independent,3.73,0.0,,,0.0,confirmed,confirmed,,,0,,0.0,5829715,747046,0,1347365,46922,0,0,0,4806570,700125,0,3688613,572704,0,73828,263,0,0,0,0,0,33270,0,79.99,16.28,0.0,206835,42101,0,9645,258581
MN-06,house,MN,06,Doug Chapin,Tom Emmer,DEM,REP,REP,REP,-16.64,4.9,95.1,Safe R,-17.43,5.56,-16.64,-2.25,-1.67,-0.85,-20.07,3.43,False,False,,0,,0.0,,,,0.0,0.0,,,0.0,confirmed,confirmed,,,0,,0.0,438700,9786064,0,70293,4496007,0,0,0,368407,6978508,0,163570,691336,0,8234,2244251,0,73351,0,0,50000,0,0,41.68,58.32,0.0,126036,176356,0,0,302392
MN-07,house,MN,07,Erik Osberg,Michelle Fischbach,DEM,REP,REP,REP,-31.66,0.1,99.9,Safe R,-33.78,5.56,-31.66,-0.93,-1.67,-0.84,-37.1,5.44,False,False,,0,,0.0,,,,0.0,0.0,,,0.0,confirmed,confirmed,,,0,,0.0,334945,1286028,0,114432,919823,0,0,0,220512,777286,0,120827,152054,0,1000,729549,0,24237,0,0,0,0,0,34.17,65.83,0.0,95916,184790,0,0,280706
MN-08,house,MN,08,Trina Swanson,Pete Stauber,DEM,REP,REP,REP,-9.7,16.5,83.5,Likely R,-11.24,5.56,-9.7,-1.29,-1.67,-1.06,-14.53,4.83,False,False,,0,,0.0,,,,0.0,0.0,,,0.0,confirmed,confirmed,,,0,,0.0,316706,1996898,0,90423,1200836,0,0,0,226283,1324555,0,119200,136304,0,10200,931660,0,0,0,0,0,0,0,45.15,54.85,0.0,136472,165784,0,0,302256
MO-01,house,MO,01,Wesley Bell,Paul Berry,DEM,REP,DEM,DEM,68.4,100.0,0.0,Safe D,58.43,5.56,67.97,0.0,4.17,-0.19,58.19,10.21,False,False,LIB,0,,0.0,Tom Schmitz,LIB,Libertarian,2.13,0.0,,,0.0,confirmed,confirmed,,,0,,0.0,3561712,0,0,1094094,0,0,986770,84743,2901538,0,0,59864,0,0,590796,0,0,0,0,0,0,0,0,82.41,15.46,0.0,181453,34051,0,4690,220195
MO-02,house,MO,02,Fred Wellman,Ann Wagner,DEM,REP,REP,REP,-7.34,23.0,77.0,Likely R,-8.57,5.56,-8.09,-0.82,-3.37,-0.89,-8.09,0.75,False,False,LIB,0,,0.0,Brandon Coulter Daugherty,LIB,Libertarian,2.18,0.0,,,0.0,confirmed,confirmed,,,0,,0.0,1155880,3528095,0,242217,4227396,0,0,0,913662,2411928,0,513808,651487,0,53250,1143239,0,410,0,0,0,0,0,45.32,52.5,0.0,137876,159708,0,6632,304216
MO-03,house,MO,03,Bethany Mann,Bob Onder,DEM,REP,REP,REP,-25.94,0.5,99.5,Safe R,-27.26,5.56,-26.37,-1.78,-2.01,-0.87,-27.12,1.18,False,False,LIB,0,,0.0,Jim Higgins,LIB,Libertarian,2.12,0.0,,,0.0,confirmed,confirmed,,,0,,0.0,43339,950350,0,2776,471459,0,0,0,44990,636335,0,24959,77804,0,125,373480,0,0,0,0,542,894000,0,36.24,61.64,0.0,102689,174629,0,6006,283324
MO-04,house,MO,04,Jordan Herrera,Mark Alford,DEM,REP,REP,REP,-42.36,0.0,100.0,Safe R,-42.18,5.56,-42.77,-2.06,-3.26,-0.82,-42.66,0.3,False,False,LIB,0,,0.0,Thomas Holbrook,LIB,Libertarian,2.03,0.0,,,0.0,confirmed,confirmed,,,0,,0.0,41657,1387968,0,19366,747401,0,0,0,22674,864475,0,15561,16601,0,0,567061,0,8558,0,0,0,0,0,28.23,69.74,0.0,74309,183545,0,5343,263197
MO-05,house,MO,05,Emanuel Cleaver,Rick Brattin,DEM,REP,DEM,DEM,33.46,100.0,0.0,Safe D,24.36,5.56,33.46,0.69,3.1,-0.26,23.83,9.63,False,False,,0,,0.0,Randall (Randy) Langkraehr,LIB,Libertarian,0.0,0.0,,,0.0,confirmed,confirmed,,,0,,0.0,1336738,331764,0,1142882,222510,0,1213054,982544,1083483,109254,0,148137,4286,0,849891,39087,0,0,0,0,0,0,0,66.73,33.27,0.0,156919,78242,0,0,235161
MO-06,house,MO,06,Josh Smead,Chris Stigall,DEM,REP,,REP,-34.92,0.0,100.0,Safe R,-38.96,5.56,-35.3,-1.04,0.0,-0.86,-39.33,4.41,False,False,LIB,0,,0.0,Andy Maidment,LIB,Libertarian,1.93,0.0,,,0.0,confirmed,confirmed,,,0,,0.0,71949,599336,0,16727,166050,0,182000,248691,55222,433286,0,31868,18699,0,0,76000,0,8353,0,0,0,63950,0,31.91,66.16,0.0,85687,177628,0,5182,268498
MO-07,house,MO,07,Missi Hesketh,Eric Burlison,DEM,REP,REP,REP,-42.71,0.0,100.0,Safe R,-43.17,5.56,-43.1,-2.04,-2.63,-0.83,-43.18,0.46,False,False,LIB,0,,0.0,Kevin Craig,LIB,Libertarian,1.94,0.0,,,0.0,confirmed,confirmed,,,0,,0.0,50540,1464359,0,33543,957571,0,0,12107,22134,1108175,0,26365,619520,0,8500,246255,0,0,0,0,0,0,0,28.09,69.97,0.0,74029,184425,0,5113,263567
MO-08,house,MO,08,Christopher Reichard,Jason Smith,DEM,REP,REP,REP,-54.03,0.0,100.0,Safe R,-53.72,5.56,-54.33,-3.42,-1.83,-0.93,-54.42,0.39,False,False,LIB,0,,0.0,Rebecca Sharpe Lombard,LIB,Libertarian,1.51,0.0,,,0.0,confirmed,confirmed,,,0,,0.0,5674,5264183,0,1942,5012103,0,0,0,3732,3269224,0,4269,273782,0,0,2734275,0,109,0,0,5196,0,0,22.64,75.85,0.0,58536,196131,0,3904,258572
MS-01,house,MS,01,Cliff Johnson,Trent Kelly,DEM,REP,REP,REP,-31.69,0.1,99.9,Safe R,-33.64,5.56,-31.99,-0.42,-2.99,-0.5,-37.53,5.84,False,False,LIB,0,,0.0,Johnny Baucom,LIB,Libertarian,1.5,0.0,,,0.0,confirmed,confirmed,,,0,,0.0,551243,1004205,0,149645,863664,0,0,0,401599,749399,0,137251,16080,0,2500,500635,0,21869,0,0,0,0,0,33.64,64.86,0.0,76312,147121,0,3403,226836
MS-02,house,MS,02,Bennie Thompson,Ron Eller,DEM,REP,DEM,DEM,35.88,100.0,0.0,Safe D,24.75,5.56,35.95,1.61,4.05,-0.02,20.59,15.28,False,False,IND,0,,0.0,Bennie Foster,IND,Independent,1.5,0.0,,,0.0,confirmed,confirmed,,,0,,0.0,770971,45390,0,1449522,35874,9190,0,0,947613,46245,0,6419,6118,0,566744,150,0,0,2921,0,0,2500,0,66.92,31.58,0.0,134278,63371,0,3010,200658
MS-03,house,MS,03,Michael Chiaradio,Michael Guest,DEM,REP,REP,REP,-23.19,1.1,98.9,Safe R,-25.83,5.56,-23.49,-1.09,-1.67,-0.47,-29.5,6.31,False,False,LIB,0,,0.0,Erik Kiehle,LIB,Libertarian,1.5,0.0,,,0.0,confirmed,confirmed,,,0,,0.0,155400,822761,0,23208,962515,0,0,0,132191,371591,0,69258,5410,0,2800,370000,0,17776,0,0,17149,0,0,37.83,60.67,0.0,85644,137355,0,3396,226395
MS-04,house,MS,04,Jeffrey Hulum III,Mike Ezell,DEM,REP,REP,REP,-41.17,0.0,100.0,Safe R,-39.46,5.56,-41.09,-1.93,-4.75,-0.51,-43.01,1.84,False,False,IND,0,,0.0,Carl Boyanton,IND,Independent,1.5,0.0,,,0.0,confirmed,confirmed,,,0,,0.0,29045,990106,0,6534,123359,0,0,0,22864,1018212,0,5890,12096,0,500,477000,0,3500,0,0,3500,0,0,28.98,69.52,0.0,59608,143022,0,3086,205715
MT-01,house,MT,01,Sam Forstag,Aaron Flint,DEM,REP,,REP,-5.36,29.3,70.7,Lean R,-10.96,5.56,-6.54,-0.15,0.0,-0.98,-11.92,6.56,False,False,LIB,0,,0.0,Nick Sheedy,LIB,Libertarian,3.68,0.0,,,0.0,confirmed,confirmed,42.93,42.62,4,-0.91,0.302,1382873,1303394,0,550079,502201,0,301969,1582554,832794,801193,0,495944,290173,0,140650,330600,0,1267,0,0,0,246238,0,45.58,50.74,0.0,102752,114400,0,8296,225448
MT-02,house,MT,02,Brian Miller,Troy Downing,DEM,REP,REP,REP,-31.82,0.1,99.9,Safe R,-29.92,5.56,-32.26,-2.59,-4.27,-1.04,-30.51,-1.31,False,False,LIB,0,,0.0,Michael D Eisenhauer,IND,Independent,5.64,0.0,,,0.0,confirmed,confirmed,26.0,48.0,1,-21.6,0.325,19174,2127927,296253,3166,650464,140122,0,0,14573,1588993,164060,4916,496243,2734,1000,681678,2500,4832,0,250000,0,2026506,257126,30.93,59.79,3.64,60812,117567,7157,11090,196626
NC-01,house,NC,01,Don Davis,Laurie Buckhout,DEM,REP,DEM,DEM,3.65,64.6,35.4,Lean D,-7.71,5.56,3.95,0.09,6.36,-0.35,-11.71,15.37,False,False,LIB,0,,0.0,Tom Bailey,LIB,Libertarian,0.5,0.0,,,0.0,confirmed,confirmed,49.36,42.77,4,3.8,0.238,4287386,3793077,0,3570366,1829661,0,1114843,920003,987862,1989720,0,367550,83111,0,1530112,351704,0,0,2402740,0,0,3501000,0,51.57,47.93,0.0,150471,139861,0,1459,291792
NC-02,house,NC,02,Deborah Ross,Eugene Douglass,DEM,REP,DEM,DEM,46.33,100.0,0.0,Safe D,37.06,5.56,45.82,0.0,3.34,-0.14,34.41,11.92,False,False,LIB,0,,0.0,Matthew Laszacs,LIB,Libertarian,2.53,0.0,,,0.0,confirmed,confirmed,,,0,,0.0,1675978,0,0,1337687,0,0,0,0,1075801,0,0,65366,0,0,689413,0,0,0,0,0,9555,0,0,71.31,26.16,0.0,206206,75631,0,7316,289152
NC-03,house,NC,03,Raymond Smith Jr.,Greg Murphy,DEM,REP,REP,REP,-6.77,24.7,75.3,Likely R,-9.75,5.56,-7.29,-1.35,-1.67,-0.08,-13.76,7.0,False,False,LIB,0,,0.0,Daniel Cavender,LIB,Libertarian,1.5,0.0,,,0.0,confirmed,confirmed,41.0,44.0,1,-5.23,0.175,223119,2357956,0,73711,2697820,0,371202,0,137467,1243599,0,70520,28721,0,27250,1037799,0,100,0,0,0,0,0,45.92,52.58,0.0,111238,127384,0,3634,242256
NC-04,house,NC,04,Valerie Foushee,Max Ganorkar,DEM,REP,DEM,DEM,59.81,100.0,0.0,Safe D,48.76,5.56,59.33,1.88,3.37,-0.24,46.04,13.77,False,False,LIB,0,,0.0,Guy Meilleur,LIB,Libertarian,2.38,0.0,,,0.0,confirmed,confirmed,,,0,,0.0,912011,11917,0,47788,16967,0,2382171,241900,949918,10302,0,86347,1095,0,495618,1000,0,0,4569,0,4000,0,0,78.0,19.62,0.0,238553,59995,0,7279,305827
NC-05,house,NC,05,Chuck Hubbard,Virginia Foxx,DEM,REP,REP,REP,-9.87,16.0,84.0,Likely R,-14.61,5.56,-10.2,-0.82,0.13,-0.46,-17.92,8.05,False,False,LIB,0,,0.0,Robert B. Luffman,LIB,Libertarian,1.66,0.0,,,0.0,confirmed,confirmed,,,0,,0.0,394695,1662604,0,99815,3369069,0,377958,0,302276,1204804,0,181733,25085,0,3350,419516,0,0,0,0,20000,0,0,44.32,54.02,0.0,126652,154391,0,4744,285788
NC-06,house,NC,06,Cyril Jefferson,Addison McDowell,DEM,REP,REP,REP,-12.44,10.6,89.4,Likely R,-14.78,5.56,-12.44,-1.22,-1.67,-0.33,-17.36,4.92,False,False,,0,,0.0,,,,0.0,0.0,,,0.0,confirmed,confirmed,,,0,,0.0,199881,1226408,0,13898,381728,0,0,0,185984,852003,0,37641,16395,0,7400,515505,0,0,0,0,0,28602,0,43.78,56.22,0.0,120035,154149,0,0,274184
NC-07,house,NC,07,Kimberly Hardy,David Rouzer,DEM,REP,REP,REP,-9.83,16.2,83.8,Likely R,-10.8,5.56,-10.47,-1.34,-3.43,-0.47,-14.02,4.19,False,False,LIB,0,,0.0,Maad Abu-Ghazalah,LIB,Libertarian,1.5,0.0,,,0.0,confirmed,confirmed,41.0,47.0,1,-8.41,0.235,293818,1990423,7341,65017,2301487,450,0,0,228801,1124461,6890,99168,6705,200,9411,1209699,1740,0,0,2433,0,0,2000,44.41,54.09,0.0,137781,167807,0,4654,310241
NC-08,house,NC,08,Colby Watson,Mark Harris,DEM,REP,REP,REP,-16.97,4.6,95.4,Safe R,-16.83,5.56,-16.53,-1.86,-2.87,-0.52,-19.62,2.65,False,False,GRN,0,,0.0,Bo Whitehead,GRN,Green,1.76,0.0,,,0.0,confirmed,confirmed,,,0,,0.0,39569,1019134,0,2343,517853,0,0,13442,37232,608814,0,7059,74493,0,3700,200500,0,25460,0,0,0,0,0,40.78,57.46,0.0,116969,164779,0,5048,286796
NC-09,house,NC,09,Richard Ojeda,Richard Hudson,DEM,REP,REP,REP,-11.02,13.4,86.6,Likely R,-13.13,5.56,-11.02,-0.22,-3.02,-0.21,-16.03,5.01,False,False,,0,,0.0,,,,0.0,0.0,,,0.0,confirmed,confirmed,42.0,46.0,1,-6.48,0.302,2237508,3215341,0,163673,1335132,0,405280,0,2073836,2511943,0,1666772,214005,0,18842,1605397,0,0,0,0,0,0,0,44.49,55.51,0.0,119173,148701,0,0,267874
NC-10,house,NC,10,Ashley Bell,Pat Harrigan,DEM,REP,REP,REP,-15.0,6.7,93.3,Likely R,-14.95,5.56,-15.94,-1.58,-4.63,-0.34,-17.89,2.89,False,False,LIB,0,,0.0,Steven Feldman,LIB,Libertarian,1.74,0.0,,,0.0,confirmed,confirmed,37.0,52.0,1,-10.17,0.15,84024,1081821,36857,26174,451275,1342,11080,485,57805,683387,52776,30263,81411,50,3050,359925,0,14948,0,36307,8486,0,0,41.76,56.5,0.0,121712,164664,0,5071,291447
NC-11,house,NC,11,Jamie Ager,Jennifer Balkcom,DEM,REP,,REP,-2.53,39.6,60.4,Lean R,-7.77,5.56,-2.93,0.0,0.0,-0.72,-9.61,7.09,False,False,LIB,0,,0.0,Travis Groo,LIB,Libertarian,2.03,0.0,,,0.0,confirmed,confirmed,46.5,47.0,1,-3.5,0.351,3052354,0,0,2184778,0,0,456763,0,867576,0,0,556269,0,0,231570,0,0,0,0,0,0,0,0,47.75,50.22,0.0,147475,155121,0,6270,308866
NC-12,house,NC,12,Alma Adams,Jack Codiga,DEM,REP,DEM,DEM,60.24,100.0,0.0,Safe D,50.48,5.56,60.24,1.26,2.65,0.29,47.04,13.2,False,False,,0,,0.0,,,,0.0,0.0,,,0.0,confirmed,confirmed,,,0,,0.0,370506,28704,0,456594,3,0,0,0,487322,28701,0,12384,1857,0,274275,0,0,0,3053,0,0,3000,0,80.12,19.88,0.0,199467,49495,0,0,248963
NC-13,house,NC,13,Paul Barringer,Brad Knott,DEM,REP,REP,REP,-12.21,11.0,89.0,Likely R,-14.5,5.56,-12.58,-0.19,-3.23,-0.22,-16.71,4.49,False,False,LIB,0,,0.0,Steven Swinton,LIB,Libertarian,1.85,0.0,,,0.0,confirmed,confirmed,,,0,,0.0,1022610,1339161,0,514555,707795,0,0,0,508054,648627,0,76837,28235,0,8100,657718,0,461846,0,0,320000,760483,0,43.08,55.07,0.0,128359,164075,0,5512,297946
NC-14,house,NC,14,LaKesha Womack,Tim Moore,DEM,REP,REP,REP,-12.55,10.4,89.6,Likely R,-13.3,5.56,-13.88,-2.3,-3.38,-0.46,-15.22,2.67,False,False,,0,,0.0,,,,0.0,0.0,,,0.0,confirmed,confirmed,40.0,48.0,1,-3.17,0.15,24888,1538952,0,-376,1581992,0,0,80948,26124,880526,0,11823,22782,0,2200,435700,0,0,0,0,0,0,0,43.73,56.27,0.0,125203,161134,0,0,286337
ND-01,house,ND,01,Trygve Hammer,Julie Fedorchak,DEM,REP,REP,REP,-35.58,0.0,100.0,Safe R,-36.86,5.56,-35.39,-1.5,-1.67,-0.92,-37.39,1.81,False,False,IND,0,,0.0,Charles Tuttle,IND,Independent,3.77,0.0,,,0.0,confirmed,confirmed,,,0,,0.0,190064,1730663,0,67391,1055571,0,0,0,122672,1004420,0,98864,7624,0,2900,962475,0,15,0,0,0,0,0,30.99,65.24,0.0,79877,168116,0,9716,257708
NE-01,house,NE,01,Christopher Backemeyer,Mike Flood,DEM,REP,REP,REP,-11.15,13.1,86.9,Likely R,-11.37,5.56,-12.3,-0.99,-4.96,-0.54,-13.23,2.08,False,False,IND,0,,0.0,Nik Sandman,LIB,Libertarian,2.41,0.0,,,0.0,confirmed,confirmed,45.67,43.56,2,-0.22,0.266,592233,2368910,0,290611,1560751,0,0,0,301622,1028941,0,98457,36065,0,25000,1127179,0,104319,0,0,100000,6046,0,42.29,52.89,2.41,94217,117854,5369,5370,222811
NE-02,house,NE,02,Denise Powell,Brinker Harding,DEM,REP,,REP,11.21,87.0,13.0,Likely D,6.49,5.56,12.15,0.46,0.0,-0.36,4.68,6.53,False,False,LIB,0,,0.0,Eric Michael Foreman,LIB,Libertarian,2.16,0.0,,,0.0,confirmed,confirmed,46.5,40.5,1,6.01,0.15,2668287,2034386,0,997390,1070769,0,3589151,100001,1670897,963618,0,493969,52231,0,310406,255800,0,65033,3500,0,75000,0,0,54.4,43.44,0.0,120606,96291,0,4788,221685
NE-03,house,NE,03,Becky Stille,Adrian Smith,DEM,REP,REP,REP,-55.05,0.0,100.0,Safe R,-52.32,5.56,-54.85,-2.18,-5.38,-0.53,-54.43,-0.62,False,False,IND,0,,0.0,Mark Cohen,IND,Independent,1.98,0.0,,,0.0,confirmed,confirmed,,,0,,0.0,55101,1777414,33064,14834,1023354,5975,0,282975,40268,1682292,30617,11451,3630,10894,50,1298250,0,36731,0,0,36731,0,0,21.59,74.45,1.98,47170,162692,4326,4327,218516
NH-01,house,NH,01,Stefany Shaheen,Anthony DiLorenzo,DEM,REP,,DEM,5.62,71.5,28.5,Lean D,0.72,5.56,5.62,0.19,0.0,-0.85,2.02,3.6,False,False,,0,,0.0,,,,0.0,0.0,,,0.0,confirmed,confirmed,,,0,,0.0,2432372,2500778,0,604203,189086,0,3636551,926860,1828170,2311692,0,426835,81153,0,99355,20500,0,7000,1750000,0,0,1750000,0,52.81,47.19,0.0,153019,136739,0,0,289758
NH-02,house,NH,02,Maggie Goodlander,Lily Williams,DEM,REP,DEM,DEM,15.31,93.6,6.4,Likely D,2.77,5.56,15.32,0.92,6.93,-0.86,3.63,11.68,False,False,IND,0,,0.0,Robbie Mahrou,IND,Independent,2.37,0.0,,,0.0,confirmed,confirmed,49.97,34.15,7,16.52,0.223,4155360,1199750,0,2701065,627779,0,150000,8016,1512294,701451,0,275917,645406,0,325303,1500,0,0,120000,0,0,120000,0,56.29,41.34,0.0,162434,119301,0,6839,288574
NJ-01,house,NJ,01,Donald Norcross,Damon Galdo,DEM,REP,DEM,DEM,34.04,100.0,0.0,Safe D,24.01,5.56,34.04,2.5,2.11,-0.14,19.0,15.04,False,False,,0,,0.0,,,,0.0,0.0,,,0.0,confirmed,confirmed,,,0,,0.0,1657743,11125,0,2365599,5056,0,0,0,999633,6138,0,11139,6233,0,791232,500,0,0,100,0,0,100,0,67.02,32.98,0.0,177020,87110,0,0,264130
NJ-02,house,NJ,02,Zack Mullock,Jeff Van Drew,DEM,REP,REP,REP,-9.03,18.2,81.8,Likely R,-7.79,5.56,-8.22,-1.01,-4.87,-0.1,-13.29,4.26,False,False,IND,0,,0.0,Ramon Mora Jr.,IND,Independent,1.85,0.0,,,0.0,confirmed,confirmed,36.0,46.0,1,-7.7,0.15,462863,1930058,0,120210,1538041,0,0,0,342653,1154447,0,76814,219043,0,6000,327471,0,110000,0,0,110000,11668,0,44.64,53.51,0.0,117701,141066,0,4877,263645
NJ-03,house,NJ,03,Herb Conaway,Michael McGuire,DEM,REP,DEM,DEM,22.92,98.8,1.2,Safe D,12.79,5.56,23.41,1.52,3.88,-0.34,7.92,15.0,False,False,GRN,0,,0.0,Steven Welzer,GRN,Green,1.98,0.0,,,0.0,confirmed,confirmed,,,0,,0.0,934660,79190,0,439329,807,0,0,0,532745,78383,0,54194,5115,0,500874,0,0,0,21000,0,0,94594,0,60.24,37.78,0.0,162502,101902,0,5341,269745
NJ-04,house,NJ,04,Rachel Peace,Chris Smith,DEM,REP,REP,REP,-28.16,0.3,99.7,Safe R,-25.8,5.56,-28.16,-1.52,-5.89,-0.51,-31.01,2.85,False,False,,0,,0.0,,,,0.0,0.0,,,0.0,confirmed,confirmed,,,0,,0.0,34352,592016,0,5363,488316,0,0,0,28989,467765,0,14725,85452,0,0,216783,0,6712,0,0,25692,0,0,35.92,64.08,0.0,101498,181071,0,0,282569
NJ-05,house,NJ,05,Josh Gottheimer,Sean Kirrane,DEM,REP,DEM,DEM,22.56,98.7,1.3,Safe D,7.37,5.56,22.66,2.86,7.03,-0.17,1.29,21.27,False,False,IND,0,,0.0,Adam Rueda,IND,Independent,1.97,0.0,,,0.0,confirmed,confirmed,,,0,,0.0,4765145,55656,0,12773075,8034,0,0,0,12704564,47622,0,20739,3603,0,882050,0,0,0,25054,0,0,24325,0,60.07,37.96,0.0,165321,104454,0,5421,275197
NJ-06,house,NJ,06,Frank Pallone,Hillary Herzig,DEM,REP,DEM,DEM,28.63,99.8,0.2,Safe D,13.25,5.56,28.63,2.75,6.79,0.28,6.23,22.39,False,False,,0,,0.0,,,,0.0,0.0,,,0.0,confirmed,confirmed,,,0,,0.0,2214837,7645,0,3066966,1866,0,0,0,2219781,5779,0,7797,1190,0,1455707,0,0,0,2786,0,0,4351,0,64.31,35.69,0.0,142936,79312,0,0,222248
NJ-07,house,NJ,07,Rebecca Bennett,Tom Kean Jr.,DEM,REP,REP,REP,5.02,69.5,30.5,Lean D,2.4,5.56,5.87,-0.02,-1.67,-0.4,-1.9,6.91,False,False,IND,0,,0.0,Seamus Patrick O'Toole,IND,Independent,2.43,0.0,,,0.0,confirmed,confirmed,47.0,42.03,2,4.92,0.26,4272034,4892807,0,1445694,3634205,0,2235497,792137,2826340,1306888,0,632513,220555,0,272746,1194427,0,0,0,0,0,0,0,51.23,46.34,0.0,157429,142388,0,7467,307284
NJ-08,house,NJ,08,Rob Menendez,(no Republican filed),DEM,REP,DEM,DEM,46.91,100.0,0.0,Safe D,37.35,5.56,46.24,0.0,1.67,1.66,28.85,18.06,False,False,IND,0,,0.0,Aristotle Eliopoulos,IND,Independent,2.44,0.0,,,0.0,confirmed,,,,0,,0.0,1958766,0,0,679737,0,0,1539515,0,1555715,0,0,13337,0,0,734489,0,0,0,0,0,0,0,0,69.87,25.25,2.44,106157,38362,3707,3707,151934
NJ-09,house,NJ,09,Nelida Pou,Rosemary Pino,DEM,REP,DEM,DEM,21.74,98.4,1.6,Safe D,7.86,5.56,21.86,1.29,6.01,1.14,-1.3,23.03,False,False,IND,0,,0.0,Terrisa Bukovinac,IND,Independent,2.39,0.0,,,0.0,confirmed,confirmed,,,0,,0.0,2661928,437829,0,1793359,39624,0,0,0,1021043,398205,0,231971,251372,0,1024879,0,0,0,0,0,0,157218,0,59.41,38.2,0.0,113828,73180,0,4579,191587
NJ-10,house,NJ,10,LaMonica McIver,Carmen Bucco,DEM,REP,DEM,DEM,66.82,100.0,0.0,Safe D,56.2,5.56,66.82,2.8,1.49,0.77,48.73,18.09,False,False,,0,,0.0,,,,0.0,0.0,,,0.0,confirmed,confirmed,,,0,,0.0,2136938,2270,0,814120,1018,0,0,0,1486031,1252,0,1072110,360,0,553383,0,0,0,910,0,0,0,0,83.41,16.59,0.0,148361,29509,0,0,177870
NJ-11,house,NJ,11,Analilia Mejia,Joe Hathaway,DEM,REP,DEM,DEM,21.16,98.2,1.8,Safe D,13.37,5.56,21.27,0.81,1.67,-0.14,7.93,13.23,False,False,IND,0,,0.0,Alan B. Bond,IND,Independent,2.16,0.0,,,0.0,confirmed,confirmed,,,0,,0.0,1823436,657711,0,27475,5036,0,648446,0,1795960,652675,0,633740,71416,0,336506,40500,0,7000,0,0,111426,11452,0,59.27,38.57,0.0,163718,106532,0,5966,276216
NJ-12,house,NJ,12,Adam Hamawy,Gregg Mele,DEM,REP,,DEM,37.05,100.0,0.0,Safe D,29.82,5.56,37.71,2.13,0.0,0.2,23.58,13.47,False,False,GRN,0,,0.0,Andres Jinete,GRN,Green,2.64,0.0,,,0.0,confirmed,confirmed,,,0,,0.0,1533852,79425,0,91930,3084,0,1900174,0,1441921,76341,0,263767,16648,0,61806,0,0,0,53746,0,0,98552,0,66.72,30.64,0.0,154287,70869,0,6105,231262
NM-01,house,NM,01,Melanie Stansbury,Ndidiamaka Okpareke,DEM,REP,DEM,DEM,27.13,99.6,0.4,Safe D,16.69,5.56,27.13,1.68,2.33,0.87,13.0,14.13,False,False,,0,,0.0,,,,0.0,0.0,,,0.0,confirmed,confirmed,,,0,,0.0,1353564,100340,0,416711,42741,0,0,0,1082562,57599,0,467355,15340,0,202335,1900,0,0,0,0,0,0,0,63.57,36.43,0.0,157373,90202,0,0,247575
NM-02,house,NM,02,Gabriel Vasquez,Greg Cunningham,DEM,REP,DEM,DEM,15.66,94.1,5.9,Likely D,3.84,5.56,17.55,0.68,5.64,1.83,-1.84,17.51,False,False,,0,,0.0,,,,0.0,0.0,,,0.0,confirmed,confirmed,43.0,41.0,1,6.32,0.15,3784102,1510080,0,2378703,794187,0,16261,0,1444484,715893,0,385490,142850,0,990919,158100,0,0,0,0,0,0,0,57.83,42.17,0.0,110004,80210,0,0,190214
NM-03,house,NM,03,Teresa Leger Fernandez,Martin Zamora,DEM,REP,DEM,DEM,24.15,99.1,0.9,Safe D,10.45,5.56,24.15,0.73,6.72,0.69,5.32,18.83,False,False,,0,,0.0,,,,0.0,0.0,,,0.0,confirmed,confirmed,,,0,,0.0,1249949,440623,0,666975,242569,0,0,0,990899,198054,0,114676,23608,0,212450,14200,0,0,0,0,0,0,0,62.07,37.93,0.0,129477,79111,0,0,208588
NV-01,house,NV,01,Dina Titus,Carrie Buck,DEM,REP,DEM,DEM,17.15,95.6,4.4,Safe D,6.05,5.56,17.27,-0.16,5.03,0.79,2.3,14.84,False,False,IND,0,,0.0,"Afzal ""Bobby"" Khan",IND,Independent,2.48,0.0,,,0.0,confirmed,confirmed,,,0,,0.0,1537358,1915058,85873,1337525,653588,2972,0,0,355197,1261470,82901,50604,526707,4528,766723,138100,0,0,3732,0,4000,24440,7166,57.12,40.4,0.0,134041,94804,0,5820,234665
NV-02,house,NV,02,Teresa Benitez-Thompson,David Flippo,DEM,REP,,REP,-5.09,30.3,69.7,Lean R,-11.77,5.56,-7.54,-1.32,0.0,-0.02,-14.26,9.17,False,False,OTH,0,,0.0,Lynn Chapman,OTH,Independent American,3.6,0.0,,,0.0,confirmed,confirmed,41.17,40.89,3,-1.41,0.299,257087,2275392,0,140607,117883,0,399937,653802,116479,2172225,0,57268,16480,0,23100,66500,0,20000,1675000,0,27163,1614965,0,45.74,50.66,0.0,134787,149257,0,10607,294652
NV-03,house,NV,03,Susie Lee,Marty O'Donnell,DEM,REP,DEM,DEM,13.49,91.1,8.9,Likely D,3.16,5.56,12.74,0.06,3.88,0.08,-0.75,14.24,False,False,OTH,0,,0.0,Jon Kamerath,OTH,Independent American,2.31,0.0,,,0.0,confirmed,confirmed,,,0,,0.0,4401421,4055410,0,3689228,2409434,0,0,0,1178847,1645976,0,246965,189257,0,1306593,271905,0,0,3007000,0,0,3000000,0,55.44,42.25,0.0,149452,113916,0,6228,269595
NV-04,house,NV,04,Steven Horsford,Cody Whipple,DEM,REP,DEM,DEM,19.35,97.2,2.8,Safe D,6.09,5.56,18.53,0.97,5.12,0.79,2.37,16.98,False,False,OTH,0,,0.0,Russell Best,OTH,Independent American,2.54,0.0,,,0.0,confirmed,confirmed,,,0,,0.0,3350563,884687,0,1496222,285221,0,0,0,1860631,599467,0,209416,204906,0,1788353,7000,0,0,320119,0,22500,430235,0,58.16,39.3,0.0,139678,94378,0,6100,240155
NY-01,house,NY,01,Christopher Gallant,Nick LaLota,DEM,REP,REP,REP,-3.97,34.2,65.8,Lean R,-8.38,5.56,-3.61,-1.28,0.78,-0.29,-10.19,6.22,False,False,,0,,0.0,,,,0.0,0.0,,,0.0,confirmed,confirmed,38.0,41.0,1,-3.33,0.15,647598,3795307,0,172217,3329857,0,0,0,475381,1141528,0,100617,108697,0,11100,941305,0,3500,0,0,0,0,0,48.01,51.99,0.0,144341,156283,0,0,300624
NY-02,house,NY,02,Patrick Halpin,Andrew Garbarino,DEM,REP,REP,REP,-10.96,13.5,86.5,Likely R,-11.24,5.56,-10.96,-1.46,-4.23,0.4,-14.08,3.11,False,False,,0,,0.0,,,,0.0,0.0,,,0.0,confirmed,confirmed,,,0,,0.0,461848,3513016,0,89408,3458915,0,0,0,372440,1599708,0,50667,5584,0,9950,1805000,0,7000,0,0,0,0,0,44.52,55.48,0.0,112851,140645,0,0,253496
NY-03,house,NY,03,Tom Suozzi,Mike LiPetri,DEM,REP,DEM,DEM,15.35,93.7,6.3,Likely D,-0.28,5.56,15.35,0.87,9.48,-0.28,-4.35,19.7,False,False,,0,,0.0,,,,0.0,0.0,,,0.0,confirmed,confirmed,,,0,,0.0,5456698,1666542,0,5679950,710120,0,0,0,1811089,957956,0,203262,199352,0,1584043,209500,0,0,0,0,0,56746,0,57.68,42.32,0.0,152732,112072,0,0,264804
NY-04,house,NY,04,Laura Gillen,Jeanine Driscoll,DEM,REP,DEM,DEM,15.05,93.3,6.7,Likely D,4.82,5.56,16.98,2.1,4.21,0.3,1.29,13.75,False,False,LIB,0,,0.0,Blay Tarnoff,LIB,Libertarian,1.58,0.0,,,0.0,confirmed,confirmed,46.0,41.0,1,4.08,0.15,5097222,264824,24500,3843824,226274,0,0,0,1276602,38550,24500,325671,13709,0,1032059,66250,0,0,0,0,0,0,0,56.61,41.81,0.0,154020,113730,0,4298,272049
NY-05,house,NY,05,Gregory Meeks,George Marsh,DEM,REP,DEM,DEM,58.84,100.0,0.0,Safe D,48.74,5.56,58.84,0.0,3.89,0.65,42.8,16.04,False,False,,0,,0.0,,,,0.0,0.0,,,0.0,confirmed,confirmed,,,0,,0.0,1744888,0,0,2010350,0,0,0,0,1963090,0,0,1965,0,0,928255,0,0,0,0,0,0,0,0,79.42,20.58,0.0,134538,34862,0,0,169400
NY-06,house,NY,06,Grace Meng,Joseph Chou,DEM,REP,DEM,DEM,31.03,99.9,0.1,Safe D,13.51,5.56,31.03,0.0,11.74,0.22,6.53,24.5,False,False,,0,,0.0,,,,0.0,0.0,,,0.0,confirmed,confirmed,,,0,,0.0,2033045,0,0,1034068,0,0,0,0,1967862,0,0,22020,0,0,574800,0,0,0,0,0,0,0,0,65.52,34.48,0.0,96008,50535,0,0,146543
NY-07,house,NY,07,Claire Valdez,Melvin Rivera,DEM,REP,,DEM,57.66,100.0,0.0,Safe D,51.97,5.56,58.47,0.0,0.0,0.94,47.19,10.47,False,False,OTH,0,,0.0,Priscilla Ghaznavi,OTH,Our Future,2.51,0.0,,,0.0,confirmed,confirmed,,,0,,0.0,1693312,0,0,206842,0,0,956361,0,1486470,0,0,620052,0,0,44750,0,0,0,0,0,0,0,0,76.85,20.64,0.0,126427,33953,0,4129,164509
NY-08,house,NY,08,Hakeem Jeffries,Lewis Mizrahi,DEM,REP,DEM,DEM,61.07,100.0,0.0,Safe D,48.45,5.56,61.07,0.0,6.67,0.4,44.77,16.3,False,False,,0,,0.0,,,,0.0,0.0,,,0.0,confirmed,confirmed,,,0,,0.0,14899981,0,0,5000460,0,0,0,32101,14854086,0,0,7235721,0,0,2079150,0,0,0,0,0,0,0,0,80.54,19.46,0.0,134952,32614,0,0,167566
NY-09,house,NY,09,Yvette Clarke,Joel Anabilah-Azumah,DEM,REP,DEM,DEM,59.8,100.0,0.0,Safe D,45.19,5.56,59.8,0.0,8.81,0.23,41.39,18.41,False,False,,0,,0.0,,,,0.0,0.0,,,0.0,confirmed,confirmed,,,0,,0.0,1013953,0,0,30978,0,0,289695,0,1093030,0,0,27671,0,0,581951,0,0,0,0,0,95704,0,0,79.9,20.1,0.0,140051,35235,0,0,175286
NY-10,house,NY,10,Brad Lander,Jennifer Moore,DEM,REP,,DEM,70.6,100.0,0.0,Safe D,65.03,5.56,70.6,0.0,0.0,0.01,61.89,8.71,False,False,,0,,0.0,,,,0.0,0.0,,,0.0,confirmed,confirmed,,,0,,0.0,2455130,0,0,55336,0,0,432138,219039,2399794,0,0,659707,0,0,49000,0,0,0,0,0,0,0,0,85.3,14.7,0.0,165378,28498,0,0,193876
NY-11,house,NY,11,Michael DeCillis,Nicole Malliotakis,DEM,REP,REP,REP,-19.98,2.4,97.6,Safe R,-20.24,5.56,-19.98,-2.38,-2.82,-0.1,-24.83,4.85,False,False,,0,,0.0,,,,0.0,0.0,,,0.0,confirmed,confirmed,,,0,,0.0,67616,2750505,0,35290,2767340,0,0,0,32326,1329411,0,17835,210566,0,0,1072300,0,0,0,0,0,0,0,40.01,59.99,0.0,76384,114524,0,0,190908
NY-12,house,NY,12,Micah Lasher,Caroline Shinkle,DEM,REP,,DEM,73.44,100.0,0.0,Safe D,67.13,5.56,73.66,1.35,0.0,-0.39,64.9,8.54,False,False,IND,0,,0.0,Karen Ortiz,OTH,Karen Ortiz,2.18,0.0,,,0.0,confirmed,confirmed,,,0,,0.0,3315975,155145,46268,1088073,83847,23469,11999039,3017410,2232656,71298,22799,90223,23887,4494,22000,1995,0,500000,26379,25362,500000,35527,25362,82.94,12.7,2.18,196844,30145,5174,5174,237337
NY-13,house,NY,13,Darializa Avila Chevalier,Jomo Williams,DEM,REP,,DEM,73.22,100.0,0.0,Safe D,65.82,5.56,73.22,0.0,0.0,1.84,60.27,12.95,False,False,,0,,0.0,,,,0.0,0.0,,,0.0,confirmed,confirmed,,,0,,0.0,1354602,0,0,222087,0,0,1887856,1542818,1132514,0,0,416612,0,0,26603,0,0,0,0,0,0,0,0,86.61,13.39,0.0,145226,22452,0,0,167678
NY-14,house,NY,14,Alexandria Ocasio-Cortez,Diamant Hysenaj,DEM,REP,DEM,DEM,51.56,100.0,0.0,Safe D,39.41,5.56,51.56,3.32,1.55,1.73,32.37,19.2,False,False,,0,,0.0,,,,0.0,0.0,,,0.0,confirmed,confirmed,,,0,,0.0,32607754,342896,0,15960932,31041,0,0,0,20381469,311855,0,21547856,217527,0,28050,850,0,0,8889,0,0,27913,0,75.78,24.22,0.0,107751,34435,0,0,142186
NY-15,house,NY,15,Ritchie Torres,Stylo Sapaskis,DEM,REP,DEM,DEM,69.43,100.0,0.0,Safe D,55.63,5.56,69.68,0.0,6.49,1.99,48.81,20.62,False,False,IND,0,,0.0,Jose Vega,OTH,Speak The Truth,3.5,0.0,,,0.0,confirmed,confirmed,,,0,,0.0,6908655,0,290837,13986721,0,11849,3857427,0,4345916,0,280261,129722,0,67398,700550,0,1500,0,0,0,0,0,0,80.48,14.52,1.5,105254,18994,1961,4578,130788
NY-16,house,NY,16,George Latimer,Joseph Cinquemani,DEM,REP,DEM,DEM,50.39,100.0,0.0,Safe D,36.6,5.56,50.39,0.0,7.51,0.71,33.31,17.08,False,False,,0,,0.0,,,,0.0,0.0,,,0.0,confirmed,confirmed,,,0,,0.0,513967,0,0,100662,0,0,0,0,605959,0,0,47572,0,0,189650,0,0,0,0,0,0,0,0,75.19,24.81,0.0,171746,56662,0,0,228409
NY-17,house,NY,17,Cait Conley,Mike Lawler,DEM,REP,REP,REP,3.53,64.2,35.8,Lean D,3.17,5.56,4.27,-0.44,-4.09,0.06,0.56,2.97,False,False,,0,,0.0,,,,0.0,0.0,,,0.0,confirmed,confirmed,47.37,48.02,2,0.78,0.172,4317457,8172046,0,1319156,4841306,0,1749553,1861715,2998301,3500108,0,707036,425903,0,422990,1926075,0,7000,0,0,0,0,0,51.77,48.23,0.0,141081,131459,0,0,272540
NY-18,house,NY,18,Pat Ryan,Jackie Auringer,DEM,REP,DEM,DEM,19.85,97.5,2.5,Safe D,4.58,5.56,21.51,2.65,8.76,-0.04,3.35,16.5,False,False,,0,,0.0,,,,0.0,0.0,,,0.0,confirmed,confirmed,53.0,39.0,1,11.79,0.158,4723627,89698,0,3116479,61255,0,0,0,1774339,28443,0,245625,10915,0,526547,8800,0,0,0,0,0,0,0,59.93,40.07,0.0,155801,104192,0,0,259993
NY-19,house,NY,19,Josh Riley,Peter Oberacker,DEM,REP,DEM,DEM,13.69,91.4,8.6,Likely D,2.33,5.56,13.69,1.0,5.47,-0.68,1.8,11.89,False,False,,0,,0.0,,,,0.0,0.0,,,0.0,confirmed,confirmed,,,0,,0.0,4825666,1237179,0,3190954,392868,0,60445,0,1703032,844311,0,437652,240815,0,743543,259000,0,0,130000,0,0,100000,0,56.84,43.16,0.0,153154,116278,0,0,269432
NY-20,house,NY,20,Paul Tonko,Ralph Ambrosio,DEM,REP,DEM,DEM,29.66,99.8,0.2,Safe D,15.45,5.56,29.66,1.91,7.34,-0.6,14.32,15.34,False,False,,0,,0.0,,,,0.0,0.0,,,0.0,confirmed,confirmed,,,0,,0.0,957587,29026,0,404327,8119,0,0,0,1152761,20907,0,97613,7657,0,616955,1335,0,0,0,0,0,0,0,64.83,35.17,0.0,169696,92058,0,0,261754
NY-21,house,NY,21,Blake Gendebien,Anthony Constantino,DEM,REP,,REP,-11.74,11.9,88.1,Likely R,-19.53,5.56,-15.25,-0.4,0.0,-0.87,-20.76,9.02,False,False,,0,,0.0,,,,0.0,0.0,,,0.0,confirmed,confirmed,42.36,45.36,5,-3.41,0.334,5461528,9460254,0,2622585,3036386,0,131749,40000,3091285,8730755,0,2589744,0,0,60400,7000,0,125,9400000,0,0,12000000,0,44.13,55.87,0.0,110305,139656,0,0,249961
NY-22,house,NY,22,John Mannion,Kailee Buller,DEM,REP,DEM,DEM,23.44,99.0,1.0,Safe D,8.6,5.56,23.44,1.62,8.35,-0.69,7.69,15.74,False,False,,0,,0.0,,,,0.0,0.0,,,0.0,confirmed,confirmed,,,0,,0.0,2694739,267339,0,1842997,186587,0,71377,0,979983,80751,0,301510,13944,0,831621,27350,0,0,22000,0,0,22000,0,61.72,38.28,0.0,156621,97143,0,0,253764
NY-23,house,NY,23,Aaron Gies,Nick Langworthy,DEM,REP,REP,REP,-21.52,1.7,98.3,Safe R,-20.81,5.56,-21.52,-1.61,-3.78,-0.88,-21.19,-0.33,False,False,,0,,0.0,,,,0.0,0.0,,,0.0,confirmed,confirmed,,,0,,0.0,227174,2326405,0,17795,2477498,0,0,0,203235,942715,0,64461,58551,0,0,1032142,0,0,0,0,0,0,0,39.24,60.76,0.0,108532,168050,0,0,276581
NY-24,house,NY,24,Alissa Ellman,Claudia Tenney,DEM,REP,REP,REP,-22.07,1.5,98.5,Safe R,-22.67,5.56,-22.07,-1.84,-2.27,-0.85,-23.24,1.17,False,False,,0,,0.0,,,,0.0,0.0,,,0.0,confirmed,confirmed,,,0,,0.0,193088,2763139,0,12850,1373087,0,0,0,180238,1745055,0,76636,296718,0,7600,1220160,0,27597,0,0,17597,0,0,38.96,61.04,0.0,102475,160521,0,0,262996
NY-25,house,NY,25,Joe Morelle,Virginia McIntyre,DEM,REP,DEM,DEM,28.11,99.7,0.3,Safe D,19.17,5.56,28.11,2.4,1.39,-0.42,18.65,9.45,False,False,,0,,0.0,,,,0.0,0.0,,,0.0,confirmed,confirmed,,,0,,0.0,1786904,32416,0,408038,12261,0,571931,0,1759070,20155,0,61270,6308,0,853475,2000,0,0,0,0,0,0,0,64.05,35.95,0.0,168571,94598,0,0,263169
NY-26,house,NY,26,Timothy Kennedy,Dennis Hannon,DEM,REP,DEM,DEM,36.89,100.0,0.0,Safe D,20.87,5.56,36.89,0.0,10.93,-0.48,19.56,17.32,False,False,,0,,0.0,,,,0.0,0.0,,,0.0,confirmed,confirmed,,,0,,0.0,2310288,0,0,1213878,0,0,0,0,1435475,0,0,57306,0,0,575739,0,0,0,0,0,0,0,0,68.44,31.56,0.0,162791,75059,0,0,237850
OH-01,house,OH,01,Greg Landsman,Eric Conroy,DEM,REP,DEM,DEM,10.93,86.4,13.6,Likely D,1.74,5.56,12.05,0.78,4.61,-0.64,-2.62,13.55,False,False,LIB,0,,0.0,Nathan Weise,LIB,Libertarian,1.62,0.0,,,0.0,confirmed,confirmed,47.9,44.6,1,6.87,0.252,4633250,1513614,0,3610214,474156,0,178765,363781,1203152,1039457,0,242861,300934,0,976688,282647,0,0,326142,0,0,394102,0,54.57,43.81,0.0,151733,121833,0,4505,278071
OH-02,house,OH,02,Jennifer Mazzuckelli,David Taylor,DEM,REP,REP,REP,-35.9,0.0,100.0,Safe R,-37.86,5.56,-35.9,0.0,-2.62,-0.98,-42.48,6.58,False,False,,0,,0.0,,,,0.0,0.0,,,0.0,confirmed,confirmed,,,0,,0.0,0,1095248,0,0,442977,0,0,0,0,780078,0,0,151894,0,0,429000,0,0,0,0,0,1707300,0,32.05,67.95,0.0,84360,178856,0,0,263215
OH-03,house,OH,03,Joyce Beatty,Cleophus Dulaney,DEM,REP,DEM,DEM,53.0,100.0,0.0,Safe D,45.22,5.56,53.0,0.0,2.61,-0.39,40.65,12.34,False,False,,0,,0.0,,,,0.0,0.0,,,0.0,confirmed,confirmed,,,0,,0.0,1201451,0,0,2776821,0,0,0,0,1137204,0,0,25836,0,0,889517,0,0,0,0,0,2500,0,0,76.5,23.5,0.0,191890,58952,0,0,250842
OH-04,house,OH,04,Joshua Kolasinski,Jim Jordan,DEM,REP,REP,REP,-38.48,0.0,100.0,Safe R,-38.62,5.56,-38.4,-3.26,-1.21,-0.87,-43.01,4.54,False,False,IND,0,,0.0,Tracey Tackett,IND,Independent,1.61,0.0,,,0.0,confirmed,confirmed,,,0,,0.0,12868,4774322,0,465,6030301,0,0,0,12403,6230902,0,5418,1950436,0,100,529815,0,5100,0,0,18222,0,0,30.27,68.12,0.0,83967,189000,0,4467,277434
OH-05,house,OH,05,Brian Shaver,Bob Latta,DEM,REP,REP,REP,-21.69,1.6,98.4,Safe R,-19.3,5.56,-22.04,-2.4,-5.23,-0.66,-23.97,2.28,False,False,LIB,0,,0.0,Michael J. Veloff,LIB,Libertarian,1.76,0.0,,,0.0,confirmed,confirmed,,,0,,0.0,11664,1461648,0,8742,1019993,0,0,11479,7258,1038450,0,0,34441,0,2275,810650,0,5523,0,0,5523,0,0,38.47,59.77,0.0,104350,162146,0,4774,271270
OH-06,house,OH,06,Elizabeth Kirtley,Michael Rulli,DEM,REP,REP,REP,-28.38,0.3,99.7,Safe R,-29.53,5.56,-28.38,-2.34,-1.23,-0.84,-34.9,6.52,False,False,,0,,0.0,,,,0.0,0.0,,,0.0,confirmed,confirmed,,,0,,0.0,1132,1112553,0,1069,269711,0,0,0,63,913479,0,632,9740,0,0,705286,0,0,0,0,0,0,0,35.81,64.19,0.0,91624,164238,0,0,255863
OH-07,house,OH,07,Brian Poindexter,Max Miller,DEM,REP,REP,REP,-1.83,42.3,57.7,Toss-up,-7.06,5.56,-4.78,-0.43,-2.0,-0.86,-11.15,9.31,False,False,,0,,0.0,,,,0.0,0.0,,,0.0,confirmed,confirmed,46.47,39.16,5,6.75,0.273,603156,2142562,0,312290,1379132,0,1874939,195622,290865,937959,0,148902,165677,0,162073,656841,0,1421,0,0,0,970000,0,49.08,50.92,0.0,146382,151851,0,0,298234
OH-08,house,OH,08,Vanessa Enoch,Warren Davidson,DEM,REP,REP,REP,-8.4,19.9,80.1,Likely R,-12.06,5.56,-8.4,0.0,-1.23,-0.67,-15.78,7.38,False,False,,0,,0.0,,,,0.0,0.0,,,0.0,confirmed,confirmed,,,0,,0.0,0,661353,0,2987,529910,0,0,0,0,526145,0,11204,6597,0,14192,273950,0,0,0,0,0,0,0,45.8,54.2,0.0,129071,152740,0,0,281811
OH-09,house,OH,09,Marcy Kaptur,Derek Merrin,DEM,REP,DEM,DEM,9.56,83.2,16.8,Likely D,-5.65,5.56,11.42,0.74,11.37,-0.59,-10.68,20.24,False,False,,0,,0.0,,,,0.0,0.0,,,0.0,confirmed,confirmed,43.0,47.0,1,0.36,0.15,4303416,1508953,0,3491668,531214,0,1633227,823786,1260674,1054389,0,448413,88590,0,1126725,116900,0,0,310000,0,0,88352,0,54.78,45.22,0.0,146147,120650,0,0,266797
OH-10,house,OH,10,Kristina Knickerbocker,Mike Turner,DEM,REP,REP,REP,-8.9,18.5,81.5,Likely R,-3.66,5.56,-9.36,-0.62,-9.99,-0.65,-7.86,-1.04,False,False,LIB,0,,0.0,Thomas F. McMasters,LIB,Libertarian,1.98,0.0,,,0.0,confirmed,confirmed,41.0,47.01,2,-8.25,0.184,362666,894595,0,125160,556284,0,0,1111,237506,768735,0,75520,48775,0,26500,399000,0,7028,0,0,48362,0,0,44.65,53.37,0.0,118496,141652,0,5255,265403
OH-11,house,OH,11,Shontel Brown,Mike Kirchner,DEM,REP,DEM,DEM,70.9,100.0,0.0,Safe D,60.4,5.56,70.9,0.0,4.98,-0.04,55.47,15.43,False,False,,0,,0.0,,,,0.0,0.0,,,0.0,confirmed,confirmed,,,0,,0.0,1183643,0,0,1156556,0,0,0,0,882901,0,0,39308,0,0,723196,0,0,0,0,0,0,0,0,85.45,14.55,0.0,191715,32650,0,0,224365
OH-12,house,OH,12,Jerrad Christian,Troy Balderson,DEM,REP,REP,REP,-25.47,0.6,99.4,Safe R,-26.37,5.56,-25.47,-1.94,-1.79,-0.93,-30.36,4.88,False,False,,0,,0.0,,,,0.0,0.0,,,0.0,confirmed,confirmed,,,0,,0.0,84378,1743281,0,18925,1982352,0,0,0,69210,767354,0,54369,16715,0,2250,1040300,0,0,0,0,0,0,0,37.26,62.74,0.0,106984,180117,0,0,287101
OH-13,house,OH,13,Emilia Sykes,Carey Coleman,DEM,REP,DEM,DEM,18.93,97.0,3.0,Safe D,7.9,5.56,19.01,2.15,4.16,-0.76,3.32,15.61,False,False,IND,0,,0.0,Sandeep Dixit,IND,Independent,1.57,0.0,,,0.0,confirmed,confirmed,,,0,,0.0,3137440,127109,58496,1897462,77727,6171,0,10921,1362656,49382,53808,414139,32140,7740,1006777,8000,0,0,51000,24000,0,57778,8000,58.53,39.9,0.0,159935,109023,0,4290,273248
OH-14,house,OH,14,Maria Jukic,David Joyce,DEM,REP,REP,REP,-19.61,2.6,97.4,Safe R,-15.72,5.56,-19.61,-1.93,-6.65,-0.87,-20.53,0.92,False,False,,0,,0.0,,,,0.0,0.0,,,0.0,confirmed,confirmed,,,0,,0.0,61678,1410643,0,33693,3121595,0,0,12000,19515,1031924,0,23317,20291,0,0,967101,0,80,0,0,9012,0,0,40.19,59.81,0.0,116325,173080,0,0,289404
OH-15,house,OH,15,Don Leonard,Mike Carey,DEM,REP,REP,REP,-4.17,33.5,66.5,Lean R,-5.78,5.56,-5.39,-1.18,-3.35,-0.65,-10.11,5.95,False,False,LIB,0,,0.0,Brennan Barrington,LIB,Libertarian,7.95,0.0,,,0.0,confirmed,confirmed,37.88,42.17,2,-6.52,0.191,606658,3299678,0,252402,2056713,0,125143,0,354256,1404260,0,90488,51245,0,11250,1742650,0,11920,0,0,10000,0,0,44.11,47.94,0.0,111350,121033,0,20070,252454
OK-01,house,OK,01,John Croisant,Mark Tedford,DEM,REP,,REP,-17.65,4.0,96.0,Safe R,-20.95,5.56,-17.65,-1.7,0.0,-0.56,-22.0,4.35,False,False,,0,,0.0,,,,0.0,0.0,,,0.0,confirmed,confirmed,,,0,,0.0,141972,1763830,0,36579,173735,0,0,95000,105393,1590095,0,46686,6010,0,0,61000,0,1000,1300369,0,0,1200369,0,41.18,58.82,0.0,90790,129707,0,0,220496
OK-02,house,OK,02,Brandon Wade,Josh Brecheen,DEM,REP,REP,REP,-51.55,0.0,100.0,Safe R,-54.21,5.56,-51.44,-1.2,-0.28,-1.31,-56.51,4.96,False,False,IND,0,,0.0,Ronnie Hopkins,IND,Independent,2.07,0.0,,,0.0,confirmed,confirmed,,,0,,0.0,4290,218894,0,86,76064,0,0,0,2002,213526,0,2730,4729,0,0,110008,0,1060,0,0,0,0,0,23.72,74.21,0.0,54076,169140,0,4718,227935
OK-03,house,OK,03,Suzie Byrd,Frank Lucas,DEM,REP,REP,REP,-43.08,0.0,100.0,Safe R,-43.92,5.56,-43.08,0.0,-4.46,-0.26,-45.69,2.61,False,False,,0,,0.0,,,,0.0,0.0,,,0.0,confirmed,confirmed,,,0,,0.0,0,907279,0,0,532512,0,0,0,0,993052,0,0,4066,0,0,674481,0,0,0,0,0,0,0,28.46,71.54,0.0,54759,137641,0,0,192401
OK-04,house,OK,04,Mitchell Jacob,Tom Cole,DEM,REP,REP,REP,-34.75,0.0,100.0,Safe R,-31.95,5.56,-34.62,-2.65,-4.87,-0.71,-33.57,-1.18,False,False,IND,0,,0.0,Rocco Bonacci,IND,Independent,2.65,0.0,,,0.0,confirmed,confirmed,,,0,,0.0,65289,3827891,0,4166,2599733,0,0,250000,61123,3008432,0,15682,109109,0,0,1568079,0,23231,0,0,22500,0,0,31.76,65.59,0.0,69208,142939,0,5775,217922
OK-05,house,OK,05,Jena Nelson,Stephanie Bice,DEM,REP,REP,REP,-16.82,4.7,95.3,Safe R,-17.7,5.56,-16.67,-1.04,-2.87,-0.62,-18.66,1.84,False,False,IND,0,,0.0,Robert P. Henri,IND,Independent,3.04,0.0,,,0.0,confirmed,confirmed,,,0,,0.0,449421,1943507,6361,17334,2021981,4185,0,0,432087,1007476,2176,174155,41602,150,3500,973750,0,0,0,6211,38312,0,0,40.33,56.63,0.0,95761,134489,0,7219,237469
OR-01,house,OR,01,Suzanne Bonamici,Barbara Kahl,DEM,REP,DEM,DEM,50.01,100.0,0.0,Safe D,38.9,5.56,50.01,2.08,3.85,-0.38,39.2,10.8,False,False,,0,,0.0,,,,0.0,0.0,,,0.0,confirmed,confirmed,,,0,,0.0,816770,4466,0,572435,212,0,0,0,790299,3555,0,58564,1246,0,423600,500,0,0,0,0,0,10870,0,75.0,25.0,0.0,193228,64397,0,0,257626
OR-02,house,OR,02,Chris Beck,Cliff Bentz,DEM,REP,REP,REP,-28.47,0.3,99.7,Safe R,-27.92,5.56,-28.47,-1.49,-4.12,-0.49,-27.9,-0.57,False,False,,0,,0.0,,,,0.0,0.0,,,0.0,confirmed,confirmed,,,0,,0.0,94774,1011413,0,53777,1420775,0,0,0,40996,646983,0,20945,44713,0,7850,561542,0,0,0,0,1307,0,0,35.77,64.23,0.0,91990,165208,0,0,257197
OR-03,house,OR,03,Maxine Dexter,Loran Ayles,DEM,REP,DEM,DEM,55.71,100.0,0.0,Safe D,47.47,5.56,55.71,0.0,3.05,-0.37,47.61,8.1,False,False,,0,,0.0,,,,0.0,0.0,,,0.0,confirmed,confirmed,,,0,,0.0,1038514,0,0,173687,0,0,0,0,887314,0,0,92790,0,0,350972,0,0,0,0,0,0,0,0,77.86,22.14,0.0,191639,54505,0,0,246143
OR-04,house,OR,04,Val Hoyle,Monique DeSpain,DEM,REP,DEM,DEM,16.38,94.8,5.2,Likely D,11.98,5.56,17.55,0.47,0.25,-0.71,12.44,3.94,False,False,GRN,0,,0.0,Justin Filip,GRN,Green,4.7,0.0,,,0.0,confirmed,confirmed,,,0,,0.0,1222922,677571,0,520840,387695,0,292419,0,791472,289876,0,65059,93427,0,609627,24999,0,0,30434,0,0,30000,0,55.45,39.85,0.0,151899,109143,0,12874,273916
OR-05,house,OR,05,Janelle Bynum,Patti Adair,DEM,REP,DEM,DEM,16.0,94.4,5.6,Likely D,8.2,5.56,17.17,1.57,2.47,-0.63,8.92,7.08,False,False,GRN,0,,0.0,Andrea Townsend,GRN,Green,4.69,0.0,,,0.0,confirmed,confirmed,,,0,,0.0,3760212,423922,0,2715860,135365,0,60445,0,1089484,288556,0,476165,103182,0,1145915,3750,0,0,7144,0,0,27361,0,55.28,40.03,0.0,160813,116455,0,13644,290912
OR-06,house,OR,06,Andrea Salinas,David Russ,DEM,REP,DEM,DEM,18.54,96.7,3.3,Safe D,11.43,5.56,18.54,2.46,-0.75,-0.15,11.74,6.8,False,False,,0,,0.0,,,,0.0,0.0,,,0.0,confirmed,confirmed,,,0,,0.0,1613394,12791,0,611103,1855,0,0,0,1063766,25206,0,183489,284,0,669120,5000,0,7,2000,0,0,2000,0,59.27,40.73,0.0,145795,100185,0,0,245980
PA-01,house,PA,01,Bob Harvie,Brian Fitzpatrick,DEM,REP,REP,REP,-1.29,44.3,55.7,Toss-up,6.2,5.56,0.09,-0.9,-10.04,-0.73,0.33,-1.63,False,False,,0,,0.0,,,,0.0,0.0,,,0.0,confirmed,confirmed,44.9,47.78,4,-5.19,0.231,2007499,6734931,0,794921,6355534,0,18922,221338,1212578,4801927,0,410843,116186,0,200963,2240827,0,0,0,0,0,24750,0,49.35,50.65,0.0,163666,167959,0,0,331625
PA-02,house,PA,02,Brendan Boyle,Jessica Arriaga,DEM,REP,DEM,DEM,56.36,100.0,0.0,Safe D,43.48,5.56,56.36,0.0,6.83,0.49,36.13,20.23,False,False,,0,,0.0,,,,0.0,0.0,,,0.0,confirmed,confirmed,,,0,,0.0,2451958,0,0,5560518,0,0,0,0,729723,0,0,18411,0,0,970785,0,0,0,0,0,0,0,0,78.18,21.82,0.0,161316,45023,0,0,206340
PA-03,house,PA,03,Chris Rabb,(no Republican filed),DEM,REP,,DEM,89.7,100.0,0.0,Safe D,84.25,5.56,89.77,0.0,0.0,-0.04,78.22,11.48,False,False,IND,0,,0.0,Dennis Joseph Mahoney,IND,The Independent Party,1.5,0.0,,,0.0,confirmed,,,,0,,0.0,1329253,0,10800,21452,0,8252,2602769,0,1307802,0,2548,310928,0,0,89113,0,0,0,0,1000,42000,0,0,93.43,5.07,0.0,256507,13933,0,4118,274558
PA-04,house,PA,04,Madeleine Dean,Aurora Stuski,DEM,REP,DEM,DEM,30.13,99.9,0.1,Safe D,21.49,5.56,30.13,0.0,3.75,-0.67,15.97,14.16,False,False,,0,,0.0,,,,0.0,0.0,,,0.0,confirmed,confirmed,,,0,,0.0,1371536,0,0,1184807,0,0,0,0,1155470,0,0,140831,0,0,725200,0,0,0,0,0,0,0,0,65.07,34.93,0.0,213074,114397,0,0,327471
PA-05,house,PA,05,Mary Gay Scanlon,Nicholas Manganaro,DEM,REP,DEM,DEM,45.08,100.0,0.0,Safe D,34.72,5.56,45.08,2.15,3.07,-0.42,28.94,16.14,False,False,,0,,0.0,,,,0.0,0.0,,,0.0,confirmed,confirmed,,,0,,0.0,990586,9296,0,448590,5930,0,0,0,859742,3366,0,73979,71,0,449092,0,0,0,5425,0,0,5425,0,72.54,27.46,0.0,212617,80484,0,0,293101
PA-06,house,PA,06,Chrissy Houlahan,Marty Young,DEM,REP,DEM,DEM,26.43,99.5,0.5,Safe D,17.02,5.56,26.43,1.03,3.03,-0.21,11.53,14.9,False,False,,0,,0.0,,,,0.0,0.0,,,0.0,confirmed,confirmed,,,0,,0.0,1763415,411270,0,4037759,213449,0,0,0,1131269,197822,0,131686,10915,0,523250,3548,0,0,100000,0,0,25000,0,63.21,36.79,0.0,188099,109457,0,0,297555
PA-07,house,PA,07,Bob Brooks,Ryan Mackenzie,DEM,REP,REP,REP,3.43,63.8,36.2,Lean D,2.53,5.56,3.86,-0.22,-3.92,-0.09,-3.24,6.67,False,False,,0,,0.0,,,,0.0,0.0,,,0.0,confirmed,confirmed,47.0,43.0,1,1.84,0.15,2392215,4357405,0,1018423,2938717,0,2793986,415315,1373792,1521928,0,599387,554134,0,408000,1047913,0,3500,0,0,15000,22583,0,51.72,48.28,0.0,148775,138906,0,0,287681
PA-08,house,PA,08,Paige Cognetti,Rob Bresnahan,DEM,REP,REP,REP,1.16,55.1,44.9,Toss-up,-2.5,5.56,1.64,-0.05,-1.0,-0.37,-8.58,9.73,False,False,,0,,0.0,,,,0.0,0.0,,,0.0,confirmed,confirmed,46.51,45.0,3,-0.66,0.155,4609589,5234586,0,3406710,2608048,0,1035500,219075,1202879,2679690,0,620354,608195,0,436327,1383927,0,0,55536,0,0,777068,0,50.58,49.42,0.0,138412,135244,0,0,273657
PA-09,house,PA,09,Rachel Wallace,Dan Meuser,DEM,REP,REP,REP,-32.0,0.1,99.9,Safe R,-33.2,5.56,-32.0,-0.72,-2.87,-0.77,-38.27,6.27,False,False,,0,,0.0,,,,0.0,0.0,,,0.0,confirmed,confirmed,,,0,,0.0,697865,1903078,0,386883,170733,0,0,0,310982,1765991,0,171661,6655,0,42800,792000,0,0,0,0,0,250000,0,34.0,66.0,0.0,94844,184099,0,0,278943
PA-10,house,PA,10,Janelle Stelson,Scott Perry,DEM,REP,REP,REP,9.97,84.2,15.8,Likely D,-0.4,5.56,11.22,0.15,6.4,-0.48,-5.29,15.26,False,False,,0,,0.0,,,,0.0,0.0,,,0.0,confirmed,confirmed,50.81,44.94,3,4.28,0.15,6364069,5194925,0,4478639,2845976,0,264126,312223,1900667,2430869,0,1057743,1408838,0,495435,655127,0,0,0,0,0,335158,0,54.99,45.01,0.0,158510,129766,0,0,288275
PA-11,house,PA,11,Nancy Mannion,Lloyd Smucker,DEM,REP,REP,REP,-16.23,5.3,94.7,Likely R,-16.89,5.56,-16.23,-1.34,-2.99,-0.58,-21.57,5.34,False,False,,0,,0.0,,,,0.0,0.0,,,0.0,confirmed,confirmed,,,0,,0.0,214230,1524161,0,47150,810787,0,0,0,167079,1617466,0,51165,5708,0,7250,803667,0,47457,0,0,0,0,0,41.88,58.12,0.0,120943,167825,0,0,288768
PA-12,house,PA,12,Summer Lee,James Hayes,DEM,REP,DEM,DEM,30.17,99.9,0.1,Safe D,24.48,5.56,30.17,2.12,-1.29,-0.71,19.36,10.81,False,False,,0,,0.0,,,,0.0,0.0,,,0.0,confirmed,confirmed,,,0,,0.0,1466287,40139,0,1649288,9521,0,43068,0,828578,31303,0,381058,12084,0,207105,5200,0,0,25,0,0,12253,0,65.08,34.92,0.0,195576,104918,0,0,300494
PA-13,house,PA,13,Beth Farnham,John Joyce,DEM,REP,REP,REP,-40.21,0.0,100.0,Safe R,-40.97,5.56,-40.21,-2.37,-1.57,-0.87,-45.91,5.7,False,False,,0,,0.0,,,,0.0,0.0,,,0.0,confirmed,confirmed,,,0,,0.0,55347,2418119,0,16053,3759995,0,0,0,40056,1258262,0,22129,1699,0,2217,1402618,0,168,0,0,0,0,0,29.89,70.11,0.0,86464,202782,0,0,289246
PA-14,house,PA,14,Alan Bradstock,Guy Reschenthaler,DEM,REP,REP,REP,-26.7,0.4,99.6,Safe R,-28.18,5.56,-26.7,-2.12,-1.01,-0.94,-33.59,6.9,False,False,,0,,0.0,,,,0.0,0.0,,,0.0,confirmed,confirmed,,,0,,0.0,201421,4209644,0,34707,990681,0,0,0,166713,3768044,0,56725,1004693,0,17908,1167150,0,2000,0,0,0,0,0,36.65,63.35,0.0,108165,186949,0,0,295114
PA-15,house,PA,15,Ray Bilger,Glenn Thompson,DEM,REP,REP,REP,-34.22,0.0,100.0,Safe R,-33.06,5.56,-34.22,-1.73,-4.07,-0.92,-38.3,4.09,False,False,,0,,0.0,,,,0.0,0.0,,,0.0,confirmed,confirmed,,,0,,0.0,139521,1851459,0,87343,829752,0,1788,0,52178,1813501,0,41802,38674,0,2250,1037568,0,1100,0,0,0,0,0,32.89,67.11,0.0,91561,186806,0,0,278366
PA-16,house,PA,16,Justin Wagner,Mike Kelly,DEM,REP,REP,REP,-17.37,4.2,95.8,Safe R,-17.54,5.56,-17.37,-1.76,-2.74,-0.89,-22.97,5.6,False,False,,0,,0.0,,,,0.0,0.0,,,0.0,confirmed,confirmed,,,0,,0.0,66591,1168433,0,37534,1329347,0,0,0,34058,881774,0,30195,2279,0,50,874667,0,620,0,0,0,90000,0,41.31,58.69,0.0,120816,171621,0,0,292436
PA-17,house,PA,17,Chris Deluzio,Tony Guy,DEM,REP,DEM,DEM,21.78,98.4,1.6,Safe D,10.36,5.56,21.78,2.12,4.58,-0.84,5.56,16.22,False,False,,0,,0.0,,,,0.0,0.0,,,0.0,confirmed,confirmed,,,0,,0.0,2776943,117530,0,1073975,35849,0,0,0,2056640,81682,0,749578,9344,0,512370,5100,0,0,0,0,0,15275,0,60.89,39.11,0.0,194838,125149,0,0,319987
RI-01,house,RI,01,Gabriel Amo,Kellie Keenan,DEM,REP,DEM,DEM,43.83,100.0,0.0,Safe D,27.77,5.56,43.99,2.51,8.21,-0.06,22.62,21.21,False,False,IND,0,,0.0,Pedro Junior Soares De Souza,IND,Independent,3.09,0.0,,,0.0,confirmed,confirmed,,,0,,0.0,1725081,12771,0,1851028,2332,0,0,0,808701,10439,0,37179,2421,0,654422,0,0,0,8100,0,0,8100,0,69.69,27.22,0.0,115073,44939,0,5102,165114
RI-02,house,RI,02,Seth Magaziner,Victor Mellor,DEM,REP,DEM,DEM,18.23,96.5,3.5,Safe D,11.91,5.56,18.23,-0.57,1.67,-0.33,6.97,11.26,False,False,,0,,0.0,,,,0.0,0.0,,,0.0,confirmed,confirmed,,,0,,0.0,1382796,3018775,0,1512712,280079,0,0,0,747050,3889178,0,52412,19553,0,520000,0,0,0,2930334,0,0,2175000,0,59.12,40.88,0.0,114824,79410,0,0,194234
SC-01,house,SC,01,Nancy Lacore,Jenny Costa Honeycutt,DEM,REP,,REP,-2.52,39.6,60.4,Lean R,-8.5,5.56,-2.67,0.72,0.0,-0.45,-13.29,10.77,False,False,LIB,0,,0.0,Bill Reeside,LIB,Libertarian,2.5,0.0,,,0.0,confirmed,confirmed,40.06,41.08,2,-3.94,0.254,2279585,556418,113822,412020,78533,9011,770636,1155075,1867565,477885,104811,1066621,12145,1761,75250,74500,0,0,13500,105500,0,10000,105500,47.52,49.98,0.0,133447,140337,0,7020,280804
SC-02,house,SC,02,Zyon Khalifa,Joe Wilson,DEM,REP,REP,REP,-11.02,13.4,86.6,Likely R,-9.68,5.56,-10.92,-2.01,-4.4,-0.39,-14.16,3.14,False,False,OTH,0,,0.0,Dayna Alane Smith,OTH,Workers,2.04,0.0,,,0.0,confirmed,confirmed,,,0,,0.0,12410,861105,0,218,182912,0,0,0,12192,722706,0,1827,15147,0,0,261000,0,0,200000,0,2000,0,0,43.58,54.38,0.0,111552,139186,0,5222,255960
SC-03,house,SC,03,Eunice Lehmacher,Sheri Biggs,DEM,REP,REP,REP,-40.58,0.0,100.0,Safe R,-38.14,5.56,-40.92,-1.36,-6.42,-0.56,-43.62,3.04,False,False,LIB,0,,0.0,Brian Corriea,LIB,Libertarian,1.71,0.0,,,0.0,confirmed,confirmed,,,0,,0.0,40413,505333,0,17299,218741,0,0,5979,23114,390677,0,19631,6400,0,333,291476,0,100,0,0,100,395000,0,29.2,69.09,0.0,72883,172435,0,4268,249586
SC-04,house,SC,04,Courtney McClain,William Timmons,DEM,REP,REP,REP,-16.91,4.6,95.4,Safe R,-18.98,5.56,-17.36,-2.31,-1.32,-0.31,-23.95,7.03,False,False,LIB,0,,0.0,Jessica Ethridge,LIB,Libertarian,2.24,0.0,,,0.0,confirmed,confirmed,,,0,,0.0,32993,1595725,409,1207,77225,324,0,487316,37392,1538615,85,32993,2566,0,0,637500,0,0,650000,409,0,0,0,40.61,57.15,0.0,100685,141681,0,5553,247920
SC-05,house,SC,05,Mallory Dittmer,Wes Climer,DEM,REP,,REP,-14.06,8.0,92.0,Likely R,-17.96,5.56,-14.06,-1.2,0.0,-0.47,-23.1,9.04,False,False,,0,,0.0,,,,0.0,0.0,,,0.0,confirmed,confirmed,,,0,,0.0,139717,884284,0,74508,599621,0,0,0,65209,284663,0,41306,11650,0,100,236000,0,1209,5630,0,0,0,0,42.97,57.03,0.0,112204,148922,0,0,261126
SC-06,house,SC,06,Jim Clyburn,John Peterson,DEM,REP,DEM,DEM,36.84,100.0,0.0,Safe D,29.77,5.56,36.84,0.0,1.6,-0.09,23.24,13.61,False,False,,0,,0.0,,,,0.0,0.0,,,0.0,confirmed,confirmed,,,0,,0.0,1225051,0,0,1634793,0,0,0,0,1429385,0,0,164655,0,0,720491,0,0,0,0,0,0,0,0,68.42,31.58,0.0,149826,69150,0,0,218975
SC-07,house,SC,07,John Vincent,Russell Fry,DEM,REP,REP,REP,-18.63,3.2,96.8,Safe R,-20.55,5.56,-20.81,-1.22,-4.12,-0.48,-26.62,7.99,False,False,,0,,0.0,,,,0.0,0.0,,,0.0,confirmed,confirmed,36.7,41.1,1,-6.73,0.163,297264,1720803,0,62378,1038817,0,0,0,234885,1243169,0,145946,88678,0,3500,697914,0,10750,0,0,0,0,0,40.68,59.32,0.0,109572,159756,0,0,269328
SD-01,house,SD,01,Nikki Gronli,Marty Jackley,DEM,REP,,REP,-24.95,0.7,99.3,Safe R,-28.29,5.56,-24.95,-1.2,0.0,-1.02,-29.98,5.03,False,False,,0,,0.0,,,,0.0,0.0,,,0.0,confirmed,confirmed,,,0,,0.0,261764,1438706,0,110978,1062725,0,0,186020,150786,375981,0,88621,17640,0,12933,181250,0,1500,1000,0,0,0,0,37.52,62.48,0.0,111996,186477,0,0,298473
TN-01,house,TN,01,Kristi Burke,Diana Harshbarger,DEM,REP,REP,REP,-54.23,0.0,100.0,Safe R,-54.72,5.56,-54.15,-1.63,-2.51,-0.85,-58.44,4.21,False,False,IND,0,,0.0,Billy Cody,IND,Independent,1.63,0.0,,,0.0,confirmed,confirmed,,,0,,0.0,101984,1274194,0,14106,1985063,0,0,13375,87877,739900,0,71203,92875,0,250,683250,0,10,0,0,0,1456793,0,22.51,75.86,0.0,54893,184969,0,3975,243837
TN-02,house,TN,02,Michaela Barnett,Tim Burchett,DEM,REP,REP,REP,-31.59,0.1,99.9,Safe R,-30.56,5.56,-31.48,-1.28,-4.43,-0.77,-34.33,2.74,False,False,IND,0,,0.0,Adam Heimerman,IND,Independent,2.16,0.0,,,0.0,confirmed,confirmed,,,0,,0.0,397584,2428734,0,56230,967447,0,0,0,341354,2189477,0,153957,1377489,0,250,141525,0,6415,0,0,6000,23687,0,33.47,64.37,0.0,85921,165277,0,5546,256744
TN-03,house,TN,03,Anna Golladay,Chuck Fleischmann,DEM,REP,REP,REP,-33.36,0.1,99.9,Safe R,-32.37,5.56,-33.26,-2.34,-3.43,-0.69,-36.21,2.84,False,False,IND,0,,0.0,Dean Arnold,IND,Independent,2.0,0.0,,,0.0,confirmed,confirmed,,,0,,0.0,55555,2330803,0,33870,4835525,0,0,0,28352,752331,0,24937,4395,0,0,642250,0,0,0,0,0,0,0,32.65,65.35,0.0,83016,166146,0,5085,254248
TN-04,house,TN,04,Victoria Broderick,Scott DesJarlais,DEM,REP,REP,REP,-15.74,5.9,94.1,Likely R,-19.34,5.56,-15.63,-1.26,-0.33,-0.26,-24.28,8.54,False,False,IND,0,,0.0,Jacob Kristopher Anders,IND,Independent,2.23,0.0,,,0.0,confirmed,confirmed,,,0,,0.0,59772,536843,27150,8490,495126,26766,0,0,58974,407735,384,39700,1452,26730,1250,307000,0,500,0,420,0,0,0,41.19,56.58,0.0,87836,120654,0,4755,213245
TN-05,house,TN,05,Chaz Molder,Charlie Hatcher,DEM,REP,,REP,-11.29,12.8,87.2,Likely R,-17.42,5.56,-11.32,0.96,0.0,-0.41,-23.39,12.1,False,False,IND,0,,0.0,James A. Johnson,IND,Independent,1.0,0.0,,,0.0,confirmed,confirmed,40.0,48.0,1,-10.43,0.252,2599775,719503,0,1482196,104821,0,306721,0,1117579,614682,0,296295,14584,0,215921,3500,0,0,133713,0,32786,0,0,43.91,55.09,0.0,96528,121091,0,2198,219818
TN-06,house,TN,06,Mike Croley,Johnny Garrett,DEM,REP,,REP,-19.61,2.6,97.4,Safe R,-22.38,5.56,-19.5,-2.06,0.0,-0.63,-26.87,7.27,False,False,IND,0,,0.0,Angus Purdy,IND,Independent,2.07,0.0,,,0.0,confirmed,confirmed,,,0,,0.0,35380,2380327,0,2431,287585,0,252636,600268,33199,2092742,0,18521,217059,0,0,103200,0,0,1202292,0,0,1200000,0,39.37,58.56,0.0,99778,148444,0,5247,253469
TN-07,house,TN,07,Darden Copeland,Matt Van Epps,DEM,REP,REP,REP,-16.13,5.4,94.6,Likely R,-18.76,5.56,-16.02,-0.6,-1.67,-0.56,-22.73,6.6,False,False,IND,0,,0.0,Andrew J. Koontz,IND,Independent,2.16,0.0,,,0.0,confirmed,confirmed,,,0,,0.0,868615,2300690,5100,78689,207954,4970,1658286,2781936,789926,2092736,130,119534,419392,0,3000,589605,0,229136,0,5100,165000,60000,5100,41.03,56.81,0.0,103856,143806,0,5468,253129
TN-08,house,TN,08,Heidi Kuhn,David Kustoff,DEM,REP,REP,REP,-19.36,2.7,97.3,Safe R,-16.55,5.56,-19.27,-2.43,-5.48,-0.37,-20.43,1.07,False,False,IND,0,,0.0,Horace Taylor,IND,Independent,1.81,0.0,,,0.0,confirmed,confirmed,,,0,,0.0,39805,2232874,2164,13478,3006838,805,0,0,26327,1285497,1459,5905,3350,164,1500,1028850,0,0,0,1000,0,146500,0,39.59,58.6,0.0,89059,131827,0,4072,224958
TN-09,house,TN,09,Justin J. Pearson,Brent Taylor,DEM,REP,,DEM,-9.11,18.0,82.0,Likely R,-15.41,5.56,-9.91,0.24,0.0,-0.3,-21.42,12.31,False,False,IND,0,,0.0,Dennis Clark,IND,Independent,1.66,0.0,,,0.0,confirmed,confirmed,44.0,48.0,1,-6.48,0.302,2344947,1549482,0,844733,417377,0,68292,475814,1500214,1132104,0,1218046,3347,0,32694,82300,0,278,1000000,0,0,1000000,0,44.69,53.65,0.0,100690,120883,0,3740,225313
TX-01,house,TX,01,Yolanda Prince,Nathaniel Moran,DEM,REP,REP,REP,-43.22,0.0,100.0,Safe R,-44.49,5.56,-43.22,-2.58,-1.67,-0.04,-49.91,6.69,False,False,,0,,0.0,,,,0.0,0.0,,,0.0,confirmed,confirmed,,,0,,0.0,9245,1797848,0,394,777546,0,0,0,3752,1401248,0,124,259260,0,0,779600,0,7038,0,0,9636,0,0,28.39,71.61,0.0,64737,163274,0,0,228011
TX-02,house,TX,02,Shaun Finnie,Steve Toth,DEM,REP,,REP,-12.37,10.7,89.3,Likely R,-19.28,5.56,-12.37,0.88,0.0,0.47,-23.13,10.76,False,False,,0,,0.0,,,,0.0,0.0,,,0.0,confirmed,confirmed,,,0,,0.0,2729677,824450,0,1469201,152935,0,1842767,519477,1260476,671515,0,58184,48980,0,1000,67800,0,1961000,13000,0,1961000,0,0,43.81,56.19,0.0,103380,132576,0,0,235956
TX-03,house,TX,03,Evan Hunt,Keith Self,DEM,REP,REP,REP,-15.46,6.2,93.8,Likely R,-19.09,5.56,-15.46,-0.25,-1.67,-0.01,-23.98,8.52,False,False,,0,,0.0,,,,0.0,0.0,,,0.0,confirmed,confirmed,,,0,,0.0,446506,645503,0,43878,212694,0,0,0,402628,542149,0,189126,130447,0,5500,178673,0,75000,1851,0,75581,0,0,42.27,57.73,0.0,109587,149660,0,0,259246
TX-04,house,TX,04,Jason Pearce,Pat Fallon,DEM,REP,REP,REP,-20.89,1.9,98.1,Safe R,-19.93,5.56,-20.89,-1.91,-4.23,-0.38,-25.16,4.27,False,False,,0,,0.0,,,,0.0,0.0,,,0.0,confirmed,confirmed,,,0,,0.0,16271,790505,0,2086,1097026,0,0,0,14185,353558,0,4774,2939,0,0,300080,0,8797,0,0,8797,25000,0,39.55,60.45,0.0,101820,155601,0,0,257421
TX-05,house,TX,05,Chelsey Hockett,Lance Gooden,DEM,REP,REP,REP,-15.15,6.6,93.4,Likely R,-16.77,5.56,-15.15,-2.33,-2.16,0.55,-21.84,6.69,False,False,,0,,0.0,,,,0.0,0.0,,,0.0,confirmed,confirmed,,,0,,0.0,12666,1341647,0,5129,1329417,0,0,0,-13258,729587,0,6132,5258,0,0,523533,0,0,0,0,0,0,0,42.43,57.57,0.0,87133,118245,0,0,205379
TX-06,house,TX,06,Danny Minton,Jake Ellzey,DEM,REP,REP,REP,-18.8,3.1,96.9,Safe R,-18.86,5.56,-18.8,-2.94,-3.17,0.6,-23.28,4.48,False,False,,0,,0.0,,,,0.0,0.0,,,0.0,confirmed,confirmed,,,0,,0.0,44283,4660385,0,13638,2483402,0,0,34293,30645,3272431,0,15583,447295,0,0,743635,0,3125,0,0,3125,0,0,40.6,59.4,0.0,88054,128824,0,0,216878
TX-07,house,TX,07,Lizzie Fletcher,Alexander Hale,DEM,REP,DEM,DEM,40.24,100.0,0.0,Safe D,30.47,5.56,40.96,1.84,2.19,0.9,24.12,16.12,False,False,GRN,0,,0.0,Espoir Ngabo,GRN,Green,2.89,0.0,,,0.0,confirmed,confirmed,,,0,,0.0,1426057,76578,3133,1702706,6342,0,0,0,1040012,70236,3125,33174,4337,762,601600,2500,0,0,3615,1000,0,5077,0,68.09,29.02,0.0,121122,51614,0,5141,177877
TX-08,house,TX,08,Laura Jones,Jessica Steinmann,DEM,REP,,REP,-17.89,3.8,96.2,Safe R,-21.56,5.56,-17.89,-2.72,0.0,0.83,-27.99,10.1,False,False,,0,,0.0,,,,0.0,0.0,,,0.0,confirmed,confirmed,,,0,,0.0,21980,2064033,0,7859,122187,0,0,1747822,16621,1941845,0,6795,65062,0,2625,297050,0,0,650000,0,2040,425000,0,41.06,58.94,0.0,88610,127221,0,0,215831
TX-09,house,TX,09,Leticia Gutierrez,Alex Mealer,DEM,REP,,DEM,-6.73,24.9,75.1,Likely R,-12.54,5.56,-6.73,-1.93,0.0,2.18,-20.07,13.34,False,False,,0,,0.0,,,,0.0,0.0,,,0.0,confirmed,confirmed,,,0,,0.0,55358,2080514,0,18658,362040,0,567688,5204662,36700,1718474,0,9882,46719,0,0,259300,0,500,4850,0,500,0,0,46.64,53.36,0.0,64832,74184,0,0,139016
TX-10,house,TX,10,Caitlin Rourk,Chris Gober,DEM,REP,,REP,-13.11,9.5,90.5,Likely R,-17.22,5.56,-13.11,-1.52,0.0,0.07,-22.93,9.82,False,False,,0,,0.0,,,,0.0,0.0,,,0.0,confirmed,confirmed,,,0,,0.0,363959,2559185,0,92140,119627,0,0,1574333,271819,2439558,0,124564,9828,0,7850,129146,0,28061,1649822,0,0,750000,0,43.45,56.55,0.0,107521,139963,0,0,247484
TX-11,house,TX,11,Claire Reynolds,August Pfluger,DEM,REP,REP,REP,-27.47,0.3,99.7,Safe R,-29.91,5.56,-27.47,-2.36,-1.67,0.91,-34.78,7.31,False,False,,0,,0.0,,,,0.0,0.0,,,0.0,confirmed,confirmed,,,0,,0.0,89281,3189023,0,46790,2881724,0,0,0,42491,2631404,0,23743,269143,0,5000,182500,0,5,0,0,3317,0,0,36.27,63.73,0.0,74355,130670,0,0,205024
TX-12,house,TX,12,Heli Rodriguez Prilliman,Craig Goldman,DEM,REP,REP,REP,-18.82,3.1,96.9,Safe R,-18.86,5.56,-18.82,0.0,-6.17,0.65,-24.15,5.33,False,False,,0,,0.0,,,,0.0,0.0,,,0.0,confirmed,confirmed,,,0,,0.0,0,1756535,0,0,1508861,0,0,0,0,783571,0,0,6852,0,0,607300,0,0,0,0,0,0,0,40.59,59.41,0.0,89272,130672,0,0,219944
TX-13,house,TX,13,Mark Nair,Ronny Jackson,DEM,REP,REP,REP,-40.77,0.0,100.0,Safe R,-42.51,5.56,-40.77,-2.49,-1.67,0.33,-46.67,5.9,False,False,,0,,0.0,,,,0.0,0.0,,,0.0,confirmed,confirmed,,,0,,0.0,98404,4036265,0,10909,5410801,0,0,0,87595,2027412,0,24051,1387595,0,750,240600,0,11132,0,0,0,0,0,29.61,70.39,0.0,63002,149735,0,0,212736
TX-14,house,TX,14,Thurman Bartie,Randy Weber,DEM,REP,REP,REP,-19.75,2.5,97.5,Safe R,-19.91,5.56,-19.75,-1.94,-3.76,0.31,-24.57,4.83,False,False,,0,,0.0,,,,0.0,0.0,,,0.0,confirmed,confirmed,,,0,,0.0,26823,972561,0,-1092,921878,0,0,0,27465,671255,0,1600,2196,0,1100,435611,0,0,0,0,0,0,0,40.13,59.87,0.0,94211,140569,0,0,234780
TX-15,house,TX,15,Bobby Pulido,Monica De La Cruz,DEM,REP,REP,REP,-0.17,48.7,51.3,Toss-up,-8.6,5.56,-1.6,-0.3,-1.43,3.18,-18.02,17.85,False,False,,0,,0.0,,,,0.0,0.0,,,0.0,confirmed,confirmed,49.91,45.04,4,5.3,0.226,2960462,5273960,0,1155936,2463323,0,1673000,35665,1804526,3424607,0,538712,1334572,0,243771,705285,0,150300,84,0,0,0,0,49.91,50.09,0.0,79619,79893,0,0,159511
TX-16,house,TX,16,Veronica Escobar,Adam Bauman,DEM,REP,DEM,DEM,36.51,100.0,0.0,Safe D,26.44,5.56,36.51,0.0,1.25,3.26,16.63,19.87,False,False,,0,,0.0,,,,0.0,0.0,,,0.0,confirmed,confirmed,,,0,,0.0,858766,0,0,270455,0,0,0,0,704156,0,0,20769,0,0,366368,0,0,0,0,0,0,0,0,68.25,31.75,0.0,109779,51059,0,0,160838
TX-17,house,TX,17,Casey Shepard,Pete Sessions,DEM,REP,REP,REP,-17.08,4.5,95.5,Safe R,-16.69,5.56,-17.08,-2.2,-3.99,0.23,-21.95,4.86,False,False,,0,,0.0,,,,0.0,0.0,,,0.0,confirmed,confirmed,,,0,,0.0,8801,1050237,0,3145,933956,0,0,0,5656,557216,0,2199,3848,0,0,516176,0,5302,10,0,5000,0,0,41.46,58.54,0.0,93091,131452,0,0,224542
TX-18,house,TX,18,Christian Menefee,Ronald Whitfield,DEM,REP,DEM,DEM,71.04,100.0,0.0,Safe D,62.54,5.56,71.04,0.0,1.67,1.28,55.72,15.33,False,False,,0,,0.0,,,,0.0,0.0,,,0.0,confirmed,confirmed,,,0,,0.0,3637579,0,0,156016,0,0,7099533,0,3481563,0,0,700826,0,0,234868,0,0,100,0,0,0,0,0,85.52,14.48,0.0,145767,24678,0,0,170445
TX-19,house,TX,19,Kyle Rable,Tom Sell,DEM,REP,,REP,-42.81,0.0,100.0,Safe R,-46.87,5.56,-42.81,-2.39,0.0,0.89,-52.17,9.36,False,False,,0,,0.0,,,,0.0,0.0,,,0.0,confirmed,confirmed,,,0,,0.0,31276,2143025,0,7631,384766,0,80633,1282423,20811,1758259,0,15290,8966,0,1000,524039,0,200,0,0,0,7624,0,28.59,71.41,0.0,56512,141122,0,0,197634
TX-20,house,TX,20,Joaquin Castro,Edgardo Baez,DEM,REP,DEM,DEM,49.18,100.0,0.0,Safe D,36.28,5.56,49.18,1.31,3.44,2.59,28.88,20.3,False,False,,0,,0.0,,,,0.0,0.0,,,0.0,confirmed,confirmed,,,0,,0.0,514776,48536,0,154380,21462,0,0,0,499054,27073,0,40347,4530,0,141000,500,0,0,31985,0,0,30135,0,74.59,25.41,0.0,118642,40417,0,0,159059
TX-21,house,TX,21,Kristin Hook,Mark Teixeira,DEM,REP,,REP,-12.33,10.8,89.2,Likely R,-17.2,5.56,-12.33,-2.02,0.63,0.69,-22.09,9.76,False,False,,0,,0.0,,,,0.0,0.0,,,0.0,confirmed,confirmed,,,0,,0.0,243839,3922216,0,104069,382201,0,0,1118370,144128,3540015,0,61473,12396,0,4370,299830,0,0,2750000,0,131,2750000,0,43.83,56.17,0.0,127259,163065,0,0,290324
TX-22,house,TX,22,Marquette Greene-Scott,Trever Nehls,DEM,REP,,REP,-13.09,9.5,90.5,Likely R,-17.78,5.56,-13.09,-0.81,-0.6,0.53,-22.66,9.57,False,False,,0,,0.0,,,,0.0,0.0,,,0.0,confirmed,confirmed,,,0,,0.0,53761,206463,0,127,23258,0,0,141263,53615,183205,0,20722,1658,0,6634,86250,0,0,0,0,0,0,0,43.45,56.55,0.0,102148,132920,0,0,235068
TX-23,house,TX,23,Katy Padilla Stout,Brandon Herrera,DEM,REP,,REP,-2.5,39.7,60.3,Lean R,-8.77,5.56,-1.94,-0.77,0.0,2.04,-14.97,12.47,False,False,IND,0,,0.0,Ben Mendoza,IND,Independent,1.86,0.0,,,0.0,confirmed,confirmed,40.0,42.0,1,-3.17,0.15,484915,1937719,0,171373,309023,0,616119,248248,313542,1636736,0,190351,17445,0,23000,62500,0,9792,420000,0,0,570000,0,47.85,50.29,0.0,106855,112326,0,4154,223334
TX-24,house,TX,24,Kevin Burge,Beth Van Duyne,DEM,REP,REP,REP,-12.75,10.1,89.9,Likely R,-12.11,5.56,-12.75,-1.72,-4.34,-0.13,-16.39,3.64,False,False,,0,,0.0,,,,0.0,0.0,,,0.0,confirmed,confirmed,,,0,,0.0,209860,2540738,0,37265,2873013,0,0,0,172595,1628596,0,69746,78488,0,0,1102311,0,3500,0,0,0,0,0,43.63,56.37,0.0,113931,147214,0,0,261145
TX-25,house,TX,25,Dione Sims,Roger Williams,DEM,REP,REP,REP,-13.96,8.1,91.9,Likely R,-18.34,5.56,-13.96,0.0,-1.67,0.48,-24.34,10.38,False,False,,0,,0.0,,,,0.0,0.0,,,0.0,confirmed,confirmed,,,0,,0.0,0,1424050,0,0,1076189,0,0,0,0,919362,0,0,871,0,0,454978,0,0,0,0,0,0,0,43.02,56.98,0.0,93113,123338,0,0,216450
TX-26,house,TX,26,Steven Shook,Brandon Gill,DEM,REP,REP,REP,-22.3,1.4,98.6,Safe R,-19.46,5.56,-22.7,-3.11,-5.71,0.02,-24.12,1.82,False,False,LIB,0,,0.0,Phil Gray,LIB,Libertarian,1.98,0.0,,,0.0,confirmed,confirmed,,,0,,0.0,17227,4217213,0,3807,1411512,0,0,0,14623,2933524,0,6426,1986111,0,0,378890,0,0,0,0,0,46734,0,38.08,59.94,0.0,103271,162552,0,5370,271193
TX-27,house,TX,27,Tanya Lloyd,Michael Cloud,DEM,REP,REP,REP,-13.97,8.1,91.9,Likely R,-16.69,5.56,-13.97,-1.33,-2.71,1.2,-21.44,7.47,False,False,,0,,0.0,,,,0.0,0.0,,,0.0,confirmed,confirmed,,,0,,0.0,139788,1062241,0,11311,271133,0,0,0,128665,927985,0,97140,323624,0,0,209250,0,72,0,0,29277,0,0,43.02,56.98,0.0,97621,129318,0,0,226939
TX-28,house,TX,28,Henry Cuellar,Tano Tijerina,DEM,REP,DEM,DEM,16.62,95.1,4.9,Safe D,0.97,5.56,20.06,0.34,9.43,3.77,-10.45,27.07,False,False,GRN,0,,0.0,Marlón Durán,GRN,Green,5.25,0.0,,,0.0,confirmed,confirmed,43.81,35.25,2,9.56,0.191,2231952,1399881,0,1129604,768188,0,10387,7680,1150307,631693,0,44637,121323,0,676066,243000,0,314500,0,0,301000,0,0,55.25,39.5,0.0,76968,55025,0,7314,139306
TX-29,house,TX,29,Sylvia Garcia,Martha Fierro,DEM,REP,DEM,DEM,53.97,100.0,0.0,Safe D,38.8,5.56,53.97,0.0,7.38,2.23,30.84,23.13,False,False,,0,,0.0,,,,0.0,0.0,,,0.0,confirmed,confirmed,,,0,,0.0,987402,0,0,200973,0,0,522942,0,1158184,0,0,16198,0,0,650850,0,0,0,0,0,0,0,0,76.99,23.01,0.0,96867,28959,0,0,125826
TX-30,house,TX,30,Frederick Haynes III,Everett Jackson,DEM,REP,,DEM,62.94,100.0,0.0,Safe D,54.51,5.56,62.94,1.56,0.0,1.31,47.81,15.14,False,False,,0,,0.0,,,,0.0,0.0,,,0.0,confirmed,confirmed,,,0,,0.0,420153,17215,0,119776,1159,0,200000,0,300377,16056,0,43295,1956,0,47515,0,0,0,200,0,0,0,0,81.47,18.53,0.0,139152,31648,0,0,170801
TX-31,house,TX,31,Justin Early,John Carter,DEM,REP,REP,REP,-18.85,3.1,96.9,Safe R,-17.62,5.56,-18.26,-1.61,-4.82,0.23,-22.14,3.29,False,False,GRN,0,,0.0,Greg Stoker,GRN,Green,2.34,0.0,,,0.0,confirmed,confirmed,,,0,,0.0,123522,1419042,78678,17400,170827,12398,0,55000,106122,1289654,66281,29233,2908,35154,7000,482311,0,42642,0,0,58737,0,0,39.63,58.03,0.0,97474,142745,0,5756,245974
TX-32,house,TX,32,Dan Barrios,Jace Yarbrough,DEM,REP,,DEM,-8.35,20.0,80.0,Likely R,-12.46,5.56,-8.35,-1.71,0.0,0.26,-18.11,9.77,False,False,,0,,0.0,,,,0.0,0.0,,,0.0,confirmed,confirmed,,,0,,0.0,96538,865911,0,6043,125412,0,2125,1542372,90495,740499,0,30105,64980,0,750,184000,0,0,207000,0,0,207000,0,45.83,54.17,0.0,103989,122932,0,0,226921
TX-33,house,TX,33,Colin Allred,Patrick Gillespie,DEM,REP,,DEM,46.06,100.0,0.0,Safe D,40.67,5.56,46.06,0.0,-1.97,1.8,33.34,12.72,False,False,,0,,0.0,,,,0.0,0.0,,,0.0,confirmed,confirmed,,,0,,0.0,7431941,0,0,159887,0,0,50000,0,7272054,0,0,1572614,0,0,62550,0,0,0,0,0,0,0,0,73.03,26.97,0.0,106946,39495,0,0,146441
TX-34,house,TX,34,Vicente Gonzalez,Eric Flores,DEM,REP,DEM,DEM,9.6,83.3,16.7,Likely D,-1.88,5.56,11.13,0.14,4.39,2.93,-10.22,19.82,False,False,GRN,0,,0.0,Chris Royal,LIB,Libertarian,2.8,0.0,,,0.0,confirmed,confirmed,44.72,42.09,3,3.44,0.206,3773915,2874990,0,2532412,686332,0,57457,821688,1523563,2188633,0,179284,455607,0,1311850,317302,0,0,577245,0,425000,591622,0,52.43,43.24,1.53,88260,72802,2576,4714,168351
TX-35,house,TX,35,Johnny Garcia,Carlos De La Cruz,DEM,REP,,DEM,1.1,54.9,45.1,Toss-up,-4.38,5.56,3.14,0.08,0.0,1.88,-10.56,11.67,False,False,,0,,0.0,,,,0.0,0.0,,,0.0,confirmed,confirmed,44.0,45.0,1,-3.4,0.285,931699,1048751,0,323108,272389,0,3517469,2505417,608591,776362,0,282789,241683,0,214729,195000,0,0,53000,0,0,116500,0,50.55,49.45,0.0,106809,104476,0,0,211285
TX-36,house,TX,36,Rhonda Hart,Brian Babin,DEM,REP,REP,REP,-16.02,5.5,94.5,Likely R,-19.49,5.56,-16.02,0.0,-2.56,0.47,-25.28,9.26,False,False,,0,,0.0,,,,0.0,0.0,,,0.0,confirmed,confirmed,,,0,,0.0,0,1006944,0,0,908646,0,0,0,0,744500,0,0,3949,0,0,432302,0,0,0,0,4797,0,0,41.99,58.01,0.0,91657,126633,0,0,218289
TX-37,house,TX,37,Greg Casar,Lauren Peña,DEM,REP,DEM,DEM,71.13,100.0,0.0,Safe D,63.29,5.56,71.13,1.49,-0.07,0.85,57.7,13.42,False,False,,0,,0.0,,,,0.0,0.0,,,0.0,confirmed,confirmed,,,0,,0.0,1172881,117890,0,597005,770,0,0,0,946714,117120,0,266992,99745,0,251220,0,0,0,0,0,10000,0,0,85.56,14.44,0.0,196699,33188,0,0,229887
TX-38,house,TX,38,Melissa McDonough,Jon Bonck,DEM,REP,,REP,-14.1,7.9,92.1,Likely R,-16.93,5.56,-13.56,-2.01,-0.55,0.37,-21.3,7.19,False,False,GRN,0,,0.0,Alex McMenemy,GRN,Green,2.18,0.0,,,0.0,confirmed,confirmed,,,0,,0.0,66929,1644127,9888,43939,89133,806,43939,662527,45689,1554994,9082,12712,25840,520,1500,173125,0,28042,351231,4107,113240,330000,0,42.01,55.81,0.0,104197,138417,0,5407,248020
UT-01,house,UT,01,Ben McAdams,Riley Owen,DEM,REP,,REP,37.25,100.0,0.0,Safe D,24.91,5.56,36.05,2.13,3.35,0.1,24.33,12.92,False,False,LIB,0,,0.0,Jesse West,LIB,Libertarian,6.0,0.0,,,0.0,confirmed,confirmed,,,0,,0.0,2262255,132533,0,299350,9568,0,2434219,0,1977908,122965,0,223153,3234,0,193291,4000,0,0,30000,0,0,0,0,64.51,29.49,0.0,147793,67571,0,13747,229110
UT-02,house,UT,02,Peter Crosby,Blake Moore,DEM,REP,REP,REP,-34.75,0.0,100.0,Safe R,-30.59,5.56,-35.85,-1.71,-8.71,-0.41,-29.9,-4.85,False,False,LIB,0,,0.0,Robert M. Moesinger,IND,Independent,6.0,0.0,,,0.0,confirmed,confirmed,,,0,,0.0,60225,2536636,8806,23283,1886962,5402,520898,521354,31698,2183697,3404,22930,6329,0,0,1421500,0,175,0,306,0,0,0,28.38,58.62,7.0,73327,151446,18085,15502,258360
UT-03,house,UT,03,Kent Udell,Celeste Maloy,DEM,REP,REP,REP,-43.11,0.0,100.0,Safe R,-42.81,5.56,-44.01,-1.72,-4.59,-0.46,-42.42,-0.69,False,False,LIB,0,,0.0,Adonis Hooslyn,IND,Independent,6.0,0.0,,,0.0,confirmed,confirmed,,,0,,0.0,47533,1453861,663,13335,322379,-9641,300000,1328557,34198,1238503,16313,0,7393,175,131,672923,0,20,0,488,1534,0,0,25.03,62.96,6.01,67609,170083,16235,16208,270136
UT-04,house,UT,04,Jonny Larsen,Mike Kennedy,DEM,REP,REP,REP,-41.13,0.0,100.0,Safe R,-34.05,5.56,-42.23,-1.72,-11.49,-0.53,-33.43,-7.7,False,False,LIB,0,,0.0,Steven Burt,IND,Independent,6.0,0.0,,,0.0,confirmed,confirmed,,,0,,0.0,53579,971392,34074,1129,391557,2075,0,0,52450,705038,31999,7510,3919,3511,450,494000,0,36155,0,5639,35222,225000,0,25.61,61.39,7.0,72687,174261,19869,17031,283848
VA-01,house,VA,01,Shannon Taylor,Rob Wittman,DEM,REP,REP,REP,-3.3,36.7,63.3,Lean R,-2.84,5.56,-3.7,-0.19,-5.6,-0.63,-5.0,1.7,False,False,,0,,0.0,,,,0.0,0.0,,,0.0,confirmed,confirmed,41.97,45.92,2,0.81,0.15,2140980,4053142,0,1004227,4292789,0,2948858,0,1136753,1136232,0,331552,54324,0,342015,1169350,0,0,0,0,0,0,0,48.35,51.65,0.0,164685,175931,0,0,340616
VA-02,house,VA,02,Elaine Luria,Jen Kiggans,DEM,REP,REP,REP,4.77,68.6,31.4,Lean D,2.92,5.56,6.27,-0.14,-1.67,-0.4,-0.27,5.03,False,False,IND,0,,0.0,"Geral D. ""Bishop"" Staten",IND,Independent,2.36,0.0,,,0.0,confirmed,confirmed,47.0,47.0,1,-1.85,0.15,4659795,5954338,0,3582723,3391740,0,1209625,368681,1077072,2608075,0,562196,784112,0,405663,1255601,0,8010,0,0,0,38101,0,51.15,46.49,0.0,148268,134780,0,6841,289890
VA-03,house,VA,03,Bobby Scott,Edwin Rivera,DEM,REP,DEM,DEM,51.16,100.0,0.0,Safe D,39.01,5.56,51.28,1.93,4.81,-0.03,35.17,15.99,False,False,IND,0,,0.0,Stephen C. Woll,IND,Independent,2.37,0.0,,,0.0,confirmed,confirmed,,,0,,0.0,688200,6555,34330,191843,1762,14717,0,0,659220,4793,19613,26802,1305,530,305381,500,0,0,4100,20000,3191,0,20000,73.79,23.84,0.0,165796,53568,0,5325,224690
VA-04,house,VA,04,Jennifer McClellan,Robert Murray,DEM,REP,DEM,DEM,47.58,100.0,0.0,Safe D,36.9,5.56,47.69,0.0,5.25,-0.01,33.18,14.41,False,False,IND,0,,0.0,"Joan E. ""Andrews"" Bell",IND,Independent,2.17,0.0,,,0.0,confirmed,confirmed,,,0,,0.0,1135225,0,0,197426,0,0,0,0,991901,0,0,79210,0,0,607800,0,0,0,0,0,0,0,0,72.19,25.64,0.0,193913,68869,0,5829,268611
VA-05,house,VA,05,Tom Perriello,John McGuire,DEM,REP,REP,REP,-5.18,30.0,70.0,Lean R,-8.48,5.56,-4.88,0.26,-1.67,-0.56,-12.41,7.23,False,False,IND,0,,0.0,Cooke C. Harvey,IND,Independent,2.07,0.0,,,0.0,confirmed,confirmed,44.0,47.0,1,-5.28,0.173,2140402,1781840,0,1511291,524346,0,1240995,0,629110,1291713,0,211452,449073,0,106850,415801,0,13111,0,0,0,41488,0,46.43,51.5,0.0,144336,160092,0,6435,310863
VA-06,house,VA,06,Beth Macy,Ben Cline,DEM,REP,REP,REP,-20.28,2.2,97.8,Safe R,-21.14,5.56,-20.28,0.11,-4.2,-0.61,-24.47,4.19,False,False,,0,,0.0,,,,0.0,0.0,,,0.0,confirmed,confirmed,,,0,,0.0,1686322,1441436,0,847470,711442,0,0,6348,838852,1058317,0,445062,46824,0,39250,597760,0,0,0,0,0,0,0,39.86,60.14,0.0,114651,172983,0,0,287634
VA-07,house,VA,07,Eugene Vindman,Doug Ollivant,DEM,REP,DEM,DEM,19.26,97.2,2.8,Safe D,6.75,5.56,18.86,2.75,3.73,0.06,2.91,16.35,False,False,LIB,0,,0.0,Alaha Ahrar,IND,Independent,2.7,0.0,,,0.0,confirmed,confirmed,,,0,,0.0,12355664,251134,115,6573093,65801,115,180667,48024,5917504,185334,0,6484357,29179,115,821234,7250,0,716,0,0,0,0,0,56.41,38.19,2.7,159556,108014,7637,7637,282843
VA-08,house,VA,08,Don Beyer,Tony Sabio,DEM,REP,DEM,DEM,64.47,100.0,0.0,Safe D,55.48,5.56,63.94,2.56,0.24,0.1,50.9,13.56,False,False,LIB,0,,0.0,Tim S. Sharman,IND,Independent,3.51,0.0,,,0.0,confirmed,confirmed,,,0,,0.0,2125761,21917,25000,838934,17903,4438,0,0,1843890,4014,20562,100225,3439,0,573250,6000,0,0,3712,25000,0,0,25000,76.46,16.52,3.51,208850,45123,9588,9587,273148
VA-09,house,VA,09,Joy Powers,Morgan Griffith,DEM,REP,REP,REP,-39.52,0.0,100.0,Safe R,-40.8,5.56,-39.52,-1.97,-1.45,-0.85,-44.43,4.91,False,False,,0,,0.0,,,,0.0,0.0,,,0.0,confirmed,confirmed,,,0,,0.0,85335,1828839,0,13941,973867,0,0,0,71395,1318861,0,17512,18255,0,3,1224589,0,2587,0,0,0,0,0,30.24,69.76,0.0,86481,199502,0,0,285983
VA-10,house,VA,10,Suhas Subramanyam,Dave Beckwith,DEM,REP,DEM,DEM,20.8,98.0,2.0,Safe D,13.45,5.56,20.97,1.54,0.51,-0.09,8.58,12.22,False,False,IND,0,,0.0,Ahsen Mujeeb Malik,IND,Independent,3.36,0.0,,,0.0,confirmed,confirmed,,,0,,0.0,1170446,107334,0,582812,54260,0,0,0,678467,53073,0,86553,6365,0,320985,2000,0,2171,50000,0,0,50000,0,58.37,38.27,0.0,171826,112657,0,9891,294374
VA-11,house,VA,11,James Walkinshaw,Arthur Purves,DEM,REP,DEM,DEM,48.7,100.0,0.0,Safe D,39.73,5.56,49.64,2.95,1.67,-0.26,35.29,13.4,False,False,GRN,0,,0.0,Dianne L. Blais,GRN,Green,3.78,0.0,,,0.0,confirmed,confirmed,,,0,,0.0,2758961,10780,0,979176,200,0,1012792,2790,1779785,10580,0,392033,1272,0,932069,0,0,0,3982,0,0,3982,0,71.54,24.68,0.0,210070,72481,0,11100,293651
VT-01,house,VT,01,Rebecca Balint,Gerald Malloy,DEM,REP,DEM,DEM,35.5,100.0,0.0,Safe D,19.58,5.56,35.58,1.67,9.71,-0.95,32.77,2.73,False,False,IND,0,,0.0,Adam Ortiz,IND,Independent,1.66,0.0,,,0.0,confirmed,confirmed,60.96,25.34,2,36.44,0.165,956339,58280,0,626332,19707,0,0,0,475768,38573,0,206782,6258,0,280029,0,0,0,5055,0,0,16500,0,66.63,31.71,0.0,172292,82010,0,4293,258595
WA-01,house,WA,01,Suzan DelBene,Mary Silva,DEM,REP,DEM,DEM,38.53,100.0,0.0,Safe D,30.07,5.56,38.53,3.17,0.33,-0.6,29.71,8.82,False,False,,0,,0.0,,,,0.0,0.0,,,0.0,confirmed,confirmed,,,0,,0.0,3550452,3186,0,1109685,820,0,113120,0,3504488,2622,0,776471,442,0,1479993,0,0,0,2244,0,495000,0,0,69.27,30.73,0.0,181534,80549,0,0,262083
WA-02,house,WA,02,Rick Larsen,Edwin H. Feller,DEM,REP,DEM,DEM,33.67,100.0,0.0,Safe D,24.1,5.56,33.67,0.0,4.54,-0.53,24.45,9.22,False,False,,0,,0.0,,,,0.0,0.0,,,0.0,confirmed,confirmed,,,0,,0.0,2038786,0,0,652100,0,0,0,0,1634123,0,0,118658,0,0,1157275,0,0,0,0,0,0,0,0,66.83,33.17,0.0,198882,98700,0,0,297583
WA-03,house,WA,03,Marie Gluesenkamp Perez,John Braun,DEM,REP,DEM,DEM,7.68,78.0,22.0,Likely D,-3.74,5.56,9.74,0.77,7.75,-0.59,-3.4,11.08,False,False,,0,,0.0,,,,0.0,0.0,,,0.0,confirmed,confirmed,41.67,42.92,2,-3.02,0.15,6292683,2214441,0,2064820,1267035,0,370508,153228,4254323,947406,0,278709,205710,0,864716,279845,0,0,11434,0,8500,600,0,53.84,46.16,0.0,159877,137065,0,0,296942
WA-04,house,WA,04,John Duresky,Amanda McKinney,DEM,REP,,REP,-15.78,5.8,94.2,Likely R,-20.54,5.56,-15.78,-1.52,0.0,0.72,-21.24,5.45,False,False,,0,,0.0,,,,0.0,0.0,,,0.0,confirmed,confirmed,,,0,,0.0,179020,981820,0,34309,215447,0,0,2125940,144711,766373,0,50216,192066,0,7000,110500,0,887,63792,0,600,0,0,42.11,57.89,0.0,92059,126568,0,0,218627
WA-05,house,WA,05,Carmela Conroy,Michael Baumgartner,DEM,REP,REP,REP,-24.28,0.8,99.2,Safe R,-11.1,5.56,-26.98,-0.75,-19.99,-0.7,-11.11,-13.17,False,False,,0,,0.0,,,,0.0,0.0,,,0.0,confirmed,confirmed,47.0,53.0,1,-8.4,0.15,396217,1738226,0,74463,953784,0,686438,121058,334896,976007,0,88416,186660,0,13100,366950,0,9941,0,0,23421,0,0,37.86,62.14,0.0,107552,176524,0,0,284075
WA-06,house,WA,06,Emily Randall,Teresa Fox,DEM,REP,DEM,DEM,26.67,99.6,0.4,Safe D,19.18,5.56,26.67,2.08,0.51,-0.66,19.89,6.78,False,False,,0,,0.0,,,,0.0,0.0,,,0.0,confirmed,confirmed,,,0,,0.0,1195247,27615,0,241631,2836,0,0,0,981488,24779,0,231651,8476,0,311706,1000,0,0,7535,0,0,12344,0,63.34,36.66,0.0,193443,111981,0,0,305424
WA-07,house,WA,07,Pramila Jayapal,Nirav Sheth,DEM,REP,DEM,DEM,82.52,100.0,0.0,Safe D,77.58,5.56,82.52,2.79,-2.85,-0.56,77.56,4.96,False,False,,0,,0.0,,,,0.0,0.0,,,0.0,confirmed,confirmed,,,0,,0.0,2502816,11811,0,1766786,5044,0,0,0,2748755,10525,0,1008781,661,0,281113,0,0,0,5900,0,0,0,0,91.26,8.74,0.0,279559,26778,0,0,306337
WA-08,house,WA,08,Kim Schrier,Spencer Meline,DEM,REP,DEM,DEM,17.04,95.5,4.5,Safe D,6.12,5.56,17.04,2.15,3.8,-0.59,5.97,11.07,False,False,,0,,0.0,,,,0.0,0.0,,,0.0,confirmed,confirmed,,,0,,0.0,3016894,126517,0,3508751,89862,0,105040,0,1329765,36655,0,197673,2560,0,900550,0,0,0,85000,0,0,85000,0,58.52,41.48,0.0,175572,124443,0,0,300016
WA-09,house,WA,09,Adam Smith,Doug Basler,DEM,REP,DEM,DEM,51.45,100.0,0.0,Safe D,43.74,5.56,51.45,1.92,0.47,-0.25,42.69,8.75,False,False,,0,,0.0,,,,0.0,0.0,,,0.0,confirmed,confirmed,,,0,,0.0,1882001,99242,0,869549,5021,0,0,0,1583206,94764,0,94878,3317,0,563165,0,0,0,72760,0,0,760,0,75.72,24.28,0.0,169940,54483,0,0,224424
WA-10,house,WA,10,Marilyn Strickland,Chris D. Chung,DEM,REP,DEM,DEM,25.48,99.4,0.6,Safe D,18.4,5.56,25.48,0.0,1.92,-0.4,18.6,6.87,False,False,,0,,0.0,,,,0.0,0.0,,,0.0,confirmed,confirmed,,,0,,0.0,1511304,0,0,677498,0,0,391134,0,1414394,0,0,65724,0,0,667380,0,0,0,0,0,50000,0,0,62.74,37.26,0.0,157764,93696,0,0,251460
WI-01,house,WI,01,Mitchell Berman,Bryan Steil,DEM,REP,REP,REP,-4.1,33.8,66.2,Lean R,-2.88,5.56,-4.11,-1.49,-4.89,-0.42,-4.58,0.47,False,False,,0,,0.0,,,,0.0,0.0,,,0.0,confirmed,confirmed,47.88,49.02,2,-3.28,0.17,712984,5467777,0,151644,6327099,0,30890,324186,561340,1359849,0,345825,253363,0,19500,1634675,0,0,0,0,0,0,0,47.95,52.05,0.0,135678,147283,0,0,282961
WI-02,house,WI,02,Mark Pocan,(no Republican filed),DEM,REP,DEM,DEM,49.62,100.0,0.0,Safe D,42.11,5.56,49.62,0.0,2.65,-0.7,40.75,8.87,False,False,,0,,0.0,,,,0.0,0.0,,,0.0,confirmed,,,,0,,0.0,814874,0,0,884043,0,0,0,0,933048,0,0,124620,0,0,401660,0,0,0,0,0,0,0,0,74.81,25.19,0.0,245911,82814,0,0,328725
WI-03,house,WI,03,Rebecca Cooke,Derrick Van Orden,DEM,REP,REP,REP,5.13,69.9,30.1,Lean D,-5.71,5.56,6.31,0.09,7.27,-0.91,-7.51,12.64,False,False,IND,0,,0.0,Alexander Valiensi Kent,IND,Independent,2.54,0.0,,,0.0,confirmed,confirmed,49.96,46.05,5,1.78,0.194,8601146,7526052,0,1826605,4677029,0,118269,384615,6784680,3365829,0,2645733,1592300,0,523475,1009742,0,0,0,0,0,181867,0,51.23,46.23,0.0,151239,136481,0,7499,295219
WI-04,house,WI,04,Gwen Moore,Tim Rogers,DEM,REP,DEM,DEM,62.9,100.0,0.0,Safe D,53.83,5.56,63.03,0.0,3.43,0.2,52.47,10.43,False,False,IND,0,,0.0,Arthur Burks,IND,Independent,2.51,0.0,,,0.0,confirmed,confirmed,,,0,,0.0,1070659,0,0,28561,0,0,25000,0,1064346,0,0,35303,0,0,682991,0,0,668,0,0,4000,0,0,79.41,18.08,0.0,192158,43761,0,6074,241993
WI-05,house,WI,05,Andrew Beck,Scott Fitzgerald,DEM,REP,REP,REP,-24.14,0.9,99.1,Safe R,-21.94,5.56,-24.14,-2.32,-4.66,-0.78,-22.45,-1.69,False,False,,0,,0.0,,,,0.0,0.0,,,0.0,confirmed,confirmed,,,0,,0.0,14612,1376100,0,3158,1327087,0,0,0,11590,886619,0,3829,45262,0,0,872850,0,1625,0,0,425,0,0,37.93,62.07,0.0,127849,209227,0,0,337076
WI-06,house,WI,06,Brad Smith,Glenn Grothman,DEM,REP,REP,REP,-18.73,3.2,96.8,Safe R,-15.55,5.56,-16.77,-1.13,-4.83,-0.81,-16.7,-2.03,False,False,GRN,0,,0.0,Mike Thurow,IND,Independent,2.41,0.0,,,0.0,confirmed,confirmed,39.0,61.0,1,-24.3,0.15,166061,929020,169862,60280,829736,62983,0,0,105780,621774,108484,53620,96789,20142,1000,277750,8750,11286,0,0,0,139110,0,38.68,56.5,2.41,115835,169214,7217,7218,299484
WI-07,house,WI,07,Fred Clark,Michael Alfonso,DEM,REP,,REP,-17.75,3.9,96.1,Safe R,-21.17,5.56,-17.75,-1.15,0.0,-0.99,-22.84,5.09,False,False,,0,,0.0,,,,0.0,0.0,,,0.0,confirmed,confirmed,,,0,,0.0,423041,1351546,0,173977,663408,0,199405,3289705,249064,688138,0,115985,63888,0,6500,211000,0,5030,0,0,5000,0,0,41.12,58.88,0.0,127185,182082,0,0,309267
WI-08,house,WI,08,Rick Crosson,Tony Wied,DEM,REP,REP,REP,-14.08,8.0,92.0,Likely R,-15.35,5.56,-14.08,-1.66,-1.81,-0.83,-16.46,2.39,False,False,,0,,0.0,,,,0.0,0.0,,,0.0,confirmed,confirmed,,,0,,0.0,75430,1090216,0,23332,515561,0,0,0,39307,619885,0,19451,96766,0,6661,596900,0,1960,0,0,0,634225,0,42.96,57.04,0.0,129449,171868,0,0,301318
WV-01,house,WV,01,Vince George,Carol Miller,DEM,REP,REP,REP,-40.28,0.0,100.0,Safe R,-44.05,5.56,-40.98,-1.33,-0.22,-0.95,-45.2,4.92,False,False,CON,0,,0.0,Belinda Fox-Spencer,CON,Constitution,2.16,0.0,,,0.0,confirmed,confirmed,,,0,,0.0,258330,1746898,0,258330,604379,0,0,25515,0,1382061,0,1480,2971,0,0,1232139,0,240000,0,0,240000,417993,0,29.21,68.63,0.0,74574,175176,0,5514,255263
WV-02,house,WV,02,Ace Parsi,Riley Moore,DEM,REP,REP,REP,-40.49,0.0,100.0,Safe R,-39.6,5.56,-40.49,-1.51,-4.03,-0.91,-40.38,-0.11,False,False,,0,,0.0,,,,0.0,0.0,,,0.0,confirmed,confirmed,,,0,,0.0,134245,1325162,0,43669,751072,0,0,0,90575,697053,0,33670,204309,0,1000,522450,0,60,0,0,0,60882,0,29.76,70.24,0.0,82843,195567,0,0,278410
WY-01,house,WY,01,Lisa Kinney,Chuck Gray,DEM,REP,,REP,-40.46,0.0,100.0,Safe R,-44.7,5.56,-41.05,-1.27,0.0,-0.64,-46.96,6.49,False,False,IND,0,,0.0,Shawn Johnson,LIB,Libertarian,3.91,0.0,,,0.0,confirmed,confirmed,,,0,,0.0,17946,1621197,0,2010,240146,0,723633,36970,15936,1381051,0,6081,11618,0,0,2500,0,0,1377000,0,11223,1377000,0,27.44,64.74,3.91,51678,121928,7364,7364,188334
