race_code,race_type,state,district,dem_name,rep_name,dem_party,rep_party,incumbent_party,seat_holder,margin,dem_prob,rep_prob,rating,lean,gcb,fundamentals,fundraising,candidates,demo_env,pres_2024,swing_24_26,rcv,threeway,oth_party,rcv_field,rcv_winner_name,rcv_exhausted,ind_name,ind_pct,ind_prob,same_party,cand2_name,cand1_prob,dem_status,rep_status,poll_dem,poll_rep,poll_count,polling_avg,polling_weight,dem_funds,rep_funds,ind_funds,dem_coh,rep_coh,ind_coh,dem_outside,rep_outside,dem_spent,rep_spent,ind_spent,dem_small,rep_small,ind_small,dem_pac,rep_pac,ind_pac,dem_self,rep_self,ind_self,dem_debt,rep_debt,ind_debt,dem_pct,rep_pct,oth_pct,dem_votes,rep_votes,oth_votes,ind_votes,total_votes
AK-GOV,governor,AK,GOV,Jonathan Kreiss-Tomkins,Bernadette Wilson,DEM,REP,,REP,11.94,87.7,12.3,Likely D,-13.27,5.5,-8.83,0.0,0.0,-1.06,-13.8,4.96,True,False,,4,Jonathan Kreiss-Tomkins,10.79,,0.0,0.0,,,0.0,confirmed,confirmed,,,0,,0.0,0,0,0,0,0,0,0,0,0,0,0,0,0,0,0,0,0,0,0,0,0,0,0,45.58,54.42,0.0,107781,128665,0,0,236446
AL-GOV,governor,AL,GOV,Doug Jones,Tommy Tuberville,DEM,REP,,REP,-19.28,2.8,97.2,Safe R,-29.66,5.5,-21.27,0.0,3.37,-0.48,-30.88,11.6,False,False,,0,,0.0,,0.0,0.0,,,0.0,confirmed,confirmed,40.99,49.01,2,-7.11,0.15,0,13792994,0,0,0,0,0,0,0,0,0,0,0,0,0,0,0,0,0,0,0,0,0,40.36,59.64,0.0,639933,945630,0,0,1585563
AR-GOV,governor,AR,GOV,Fredrick Love,Sarah Huckabee Sanders,DEM,REP,REP,REP,-21.44,1.7,98.3,Safe R,-30.62,5.5,-25.75,0.0,-0.13,-0.51,-31.57,10.13,False,False,,0,,0.0,,0.0,0.0,,,0.0,confirmed,confirmed,40.0,45.0,1,-4.43,0.208,0,0,0,0,0,0,0,0,0,0,0,0,0,0,0,0,0,0,0,0,0,0,0,39.28,60.72,0.0,329748,509709,0,0,839457
AZ-GOV,governor,AZ,GOV,Katie Hobbs,Andy Biggs,DEM,REP,DEM,DEM,8.81,81.1,18.9,Likely D,-4.25,5.5,8.56,0.94,6.01,0.36,-5.59,14.4,False,False,,0,,0.0,,0.0,0.0,,,0.0,confirmed,confirmed,46.33,37.27,19,9.95,0.315,9827820,2787170,0,0,0,0,0,0,0,0,0,0,0,0,0,0,0,0,0,0,0,0,0,54.4,45.6,0.0,1290769,1081754,0,0,2372523
CA-GOV,governor,CA,GOV,Xavier Becerra,Steve Hilton,DEM,REP,,DEM,27.96,99.7,0.3,Safe D,23.42,5.5,30.06,0.25,0.0,0.89,20.82,7.14,False,False,,0,,0.0,,0.0,0.0,,,0.0,confirmed,confirmed,57.79,36.61,6,21.58,0.273,24217949,17445485,0,10580853,2163517,0,0,0,0,0,0,0,0,0,0,0,0,0,0,0,0,0,0,63.98,36.02,0.0,7100619,3997924,0,0,11098543
CO-GOV,governor,CO,GOV,Phil Weiser,Victor Marx,DEM,REP,,DEM,17.98,96.2,3.8,Safe D,11.48,5.5,17.6,0.64,0.0,-0.01,11.29,6.69,False,False,IND,0,,0.0,Greg Lopez,3.6,0.0,,,0.0,confirmed,confirmed,50.1,37.8,1,15.74,0.15,6951032,2935521,84692,0,0,0,0,0,0,0,0,0,0,0,0,0,0,0,0,0,0,0,0,56.87,39.53,0.0,1270906,883559,0,80457,2234922
CT-GOV,governor,CT,GOV,Ned Lamont,Ryan Fazio,DEM,REP,DEM,DEM,19.36,97.2,2.8,Safe D,15.88,5.5,20.27,0.0,-1.03,-0.09,14.76,4.6,False,False,,0,,0.0,,0.0,0.0,,,0.0,confirmed,confirmed,51.51,35.42,4,16.53,0.291,0,0,0,0,0,0,0,0,0,0,0,0,0,0,0,0,0,0,0,0,0,0,0,59.68,40.32,0.0,734733,496406,0,0,1231140
FL-GOV,governor,FL,GOV,David Jolly,Byron Donalds,DEM,REP,,REP,-5.95,27.5,72.5,Lean R,-10.43,5.5,-7.05,-2.16,-0.47,0.51,-13.22,7.28,False,False,,0,,0.0,,0.0,0.0,,,0.0,confirmed,confirmed,41.43,43.38,18,-2.62,0.286,5531882,99442171,0,0,0,0,0,0,0,0,0,0,0,0,0,0,0,0,0,0,0,0,0,47.03,52.97,0.0,3599800,4055026,0,0,7654826
GA-GOV,governor,GA,GOV,Keisha Lance Bottoms,Rick Jackson,DEM,REP,,REP,2.14,58.8,41.2,Toss-up,-1.84,5.5,1.28,-2.26,0.0,-0.12,-2.21,4.35,False,False,,0,,0.0,,0.0,0.0,,,0.0,confirmed,confirmed,49.9,45.89,8,5.36,0.268,5774631,118984243,0,0,0,0,0,0,0,0,0,0,0,0,0,0,0,0,0,0,0,0,0,51.07,48.93,0.0,1876938,1798109,0,0,3675046
HI-GOV,governor,HI,GOV,Josh Green,Gary Cordery,DEM,REP,DEM,DEM,32.43,99.9,0.1,Safe D,25.72,5.5,32.43,0.0,1.67,-0.46,23.56,8.87,False,False,,0,,0.0,,0.0,0.0,,,0.0,confirmed,confirmed,,,0,,0.0,0,0,0,0,0,0,0,0,0,0,0,0,0,0,0,0,0,0,0,0,0,0,0,66.21,33.79,0.0,239492,122198,0,0,361691
IA-GOV,governor,IA,GOV,Rob Sand,Zach Lahn,DEM,REP,,REP,5.2,70.0,30.0,Lean D,-12.13,5.5,5.58,2.06,10.86,-0.71,-13.45,18.65,False,False,,0,,0.0,,0.0,0.0,,,0.0,confirmed,confirmed,50.15,41.57,9,8.95,0.363,19860206,1218702,0,0,0,0,0,0,0,0,0,0,0,0,0,0,0,0,0,0,0,0,0,52.6,47.4,0.0,612526,551928,0,0,1164454
ID-GOV,governor,ID,GOV,Terri Pickens,Brad Little,DEM,REP,REP,REP,-41.9,0.0,100.0,Safe R,-36.27,5.5,-45.45,-1.82,-12.37,-0.49,-37.52,-4.38,False,False,,0,,0.0,,0.0,0.0,,,0.0,confirmed,confirmed,29.0,50.5,1,-23.84,0.169,136953,2057743,0,0,0,0,0,0,0,0,0,0,0,0,0,0,0,0,0,0,0,0,0,29.05,70.95,0.0,184034,449509,0,0,633543
IL-GOV,governor,IL,GOV,JB Pritzker,Darren Bailey,DEM,REP,DEM,DEM,20.24,97.7,2.3,Safe D,12.91,5.5,20.23,1.84,-0.02,0.0,11.14,9.1,False,False,,0,,0.0,,0.0,0.0,,,0.0,confirmed,confirmed,54.3,34.0,1,22.74,0.15,25619035,2166962,0,3141018,127990,0,0,0,0,0,0,0,0,0,0,0,0,0,0,0,0,0,0,60.12,39.88,0.0,2377542,1577195,0,0,3954737
KS-GOV,governor,KS,GOV,Cindy Holscher,Ty Masterson,DEM,REP,,DEM,-9.27,17.7,82.3,Likely R,-16.42,5.5,-11.35,0.0,0.0,-0.43,-16.41,7.14,False,False,,0,,0.0,,0.0,0.0,,,0.0,confirmed,confirmed,45.38,48.02,2,-2.82,0.325,0,0,0,0,0,0,0,0,0,0,0,0,0,0,0,0,0,0,0,0,0,0,0,45.36,54.64,0.0,421567,507746,0,0,929314
MA-GOV,governor,MA,GOV,Maura Healey,Mike Minogue,DEM,REP,DEM,DEM,30.88,99.9,0.1,Safe D,27.8,5.5,34.08,0.0,1.13,-0.34,25.91,4.97,False,False,,0,,0.0,,0.0,0.0,,,0.0,confirmed,presumptive,53.37,31.99,8,21.96,0.252,0,0,0,0,0,0,0,0,0,0,0,0,0,0,0,0,0,0,0,0,0,0,0,65.44,34.56,0.0,1591168,840399,0,0,2431568
MD-GOV,governor,MD,GOV,Wes Moore,Dan Cox,DEM,REP,DEM,DEM,36.48,100.0,0.0,Safe D,30.37,5.5,39.22,0.0,3.43,-0.08,29.51,6.97,False,False,,0,,0.0,,0.0,0.0,,,0.0,confirmed,confirmed,58.0,31.0,1,24.67,0.18,0,0,0,0,0,0,0,0,0,0,0,0,0,0,0,0,0,0,0,0,0,0,0,68.24,31.76,0.0,1451344,675490,0,0,2126834
ME-GOV,governor,ME,GOV,Hannah Pingree,Robert Charles,DEM,REP,,DEM,11.59,87.7,12.3,Likely D,7.36,5.5,11.89,0.0,0.0,-0.97,7.09,4.5,False,False,IND,0,,0.0,Rick Bennett,2.84,0.0,,,0.0,confirmed,confirmed,48.55,37.15,6,11.79,0.326,0,0,0,0,0,0,0,0,0,0,0,0,0,0,0,0,0,0,0,0,0,0,0,54.21,42.95,0.0,315487,249947,0,16528,581962
MI-GOV,governor,MI,GOV,Jocelyn Benson,John James,DEM,REP,,DEM,12.43,89.3,10.7,Likely D,-0.43,5.5,14.63,0.21,9.97,-0.63,-1.44,13.87,False,False,,0,,0.0,,0.0,0.0,,,0.0,confirmed,confirmed,49.33,41.82,26,8.2,0.317,5958887,4492470,0,0,0,0,0,0,0,0,0,0,0,0,0,0,0,0,0,0,0,0,0,56.21,43.79,0.0,2228444,1735817,0,0,3964262
MN-GOV,governor,MN,GOV,Amy Klobuchar,Lisa Demuth,DEM,REP,,DEM,12.04,88.6,11.4,Likely D,4.83,5.5,11.06,1.57,-0.12,-0.72,4.34,7.7,False,False,,0,,0.0,,0.0,0.0,,,0.0,confirmed,confirmed,50.47,36.9,5,15.13,0.278,9312380,1102119,0,4480911,457944,0,0,0,0,0,0,0,0,0,0,0,0,0,0,0,0,0,0,56.02,43.98,0.0,1276010,1001734,0,0,2277744
NE-GOV,governor,NE,GOV,Lynne Walz,Jim Pillen,DEM,REP,REP,REP,-17.47,4.2,95.8,Safe R,-20.91,5.5,-19.14,0.0,-3.25,-0.48,-20.84,3.37,False,False,,0,,0.0,,0.0,0.0,,,0.0,confirmed,confirmed,31.07,32.21,2,-3.65,0.223,0,0,0,0,0,0,0,0,0,0,0,0,0,0,0,0,0,0,0,0,0,0,0,41.27,58.73,0.0,273597,389414,0,0,663011
NH-GOV,governor,NH,GOV,Cinde Warmington,Kelly Ayotte,DEM,REP,REP,REP,-12.04,11.4,88.6,Likely R,3.63,5.5,-12.91,-1.39,-19.79,-0.86,2.82,-14.86,False,False,,0,,0.0,,0.0,0.0,,,0.0,confirmed,presumptive,38.47,47.97,6,-8.89,0.256,908163,6079166,0,0,0,0,0,0,0,0,0,0,0,0,0,0,0,0,0,0,0,0,0,43.98,56.02,0.0,254348,323985,0,0,578332
NM-GOV,governor,NM,GOV,Deb Haaland,Gregg Hull,DEM,REP,,DEM,9.84,83.8,16.2,Likely D,7.41,5.5,9.59,1.95,-6.39,1.12,6.14,3.7,False,False,,0,,0.0,,0.0,0.0,,,0.0,confirmed,confirmed,45.55,35.12,3,11.06,0.268,13910580,987856,0,0,0,0,0,0,0,0,0,0,0,0,0,0,0,0,0,0,0,0,0,54.92,45.08,0.0,355003,291374,0,0,646377
NV-GOV,governor,NV,GOV,Aaron Ford,Joe Lombardo,DEM,REP,REP,REP,4.21,66.5,33.5,Lean D,-1.57,5.5,5.65,0.47,0.85,0.4,-3.15,7.36,False,False,,0,,0.0,,0.0,0.0,,,0.0,confirmed,confirmed,43.95,43.64,11,0.95,0.283,4285307,2275075,0,0,0,0,0,0,0,0,0,0,0,0,0,0,0,0,0,0,0,0,0,52.1,47.9,0.0,541382,497685,0,0,1039067
NY-GOV,governor,NY,GOV,Kathy Hochul,Bruce Blakeman,DEM,REP,DEM,DEM,13.29,90.7,9.3,Likely D,15.56,5.5,13.85,0.16,-7.5,0.13,12.68,0.61,False,False,,0,,0.0,,0.0,0.0,,,0.0,confirmed,confirmed,49.47,37.98,18,12.72,0.286,16594119,13445025,0,0,0,0,0,0,0,0,0,0,0,0,0,0,0,0,0,0,0,0,0,56.65,43.35,0.0,3293182,2520317,0,0,5813499
OH-GOV,governor,OH,GOV,Amy Acton,Vivek Ramaswamy,DEM,REP,,REP,-4.51,32.4,67.6,Lean R,-10.38,5.5,-6.05,-0.48,0.0,-0.69,-11.31,6.81,False,False,,0,,0.0,,0.0,0.0,,,0.0,confirmed,confirmed,47.83,46.79,20,1.36,0.292,15928993,30306297,0,0,0,0,0,0,0,0,0,0,0,0,0,0,0,0,0,0,0,0,0,47.75,52.25,0.0,1926853,2108658,0,0,4035512
OK-GOV,governor,OK,GOV,Cyndi Munson,Mike Mazzei,DEM,REP,,REP,-30.06,0.2,99.8,Safe R,-34.86,5.5,-30.06,0.0,0.0,-0.7,-34.95,4.89,False,False,,0,,0.0,,0.0,0.0,,,0.0,confirmed,confirmed,,,0,,0.0,0,0,0,0,0,0,0,0,0,0,0,0,0,0,0,0,0,0,0,0,0,0,0,34.97,65.03,0.0,383345,712877,0,0,1096222
OR-GOV,governor,OR,GOV,Tina Kotek,Christine Drazan,DEM,REP,DEM,DEM,5.88,72.3,27.7,Lean D,15.18,5.5,6.93,0.0,-13.29,-0.46,14.89,-9.01,False,False,,0,,0.0,,0.0,0.0,,,0.0,confirmed,confirmed,43.16,45.29,4,-1.63,0.234,0,0,0,0,0,0,0,0,0,0,0,0,0,0,0,0,0,0,0,0,0,0,0,52.94,47.06,0.0,832085,739689,0,0,1571774
PA-GOV,governor,PA,GOV,Josh Shapiro,Stacy Garrity,DEM,REP,DEM,DEM,17.7,96.0,4.0,Safe D,-0.99,5.5,17.55,1.95,11.61,-0.53,-1.75,19.46,False,False,,0,,0.0,,0.0,0.0,,,0.0,confirmed,confirmed,54.09,36.01,14,18.69,0.299,34960533,2545436,0,0,0,0,0,0,0,0,0,0,0,0,0,0,0,0,0,0,0,0,0,58.85,41.15,0.0,2897628,2025990,0,0,4923617
RI-GOV,governor,RI,GOV,Helena Foulkes,Elaine Pelino,DEM,REP,,DEM,20.39,97.8,2.2,Safe D,15.75,5.5,21.05,0.0,0.0,-0.2,14.16,6.23,False,False,IND,0,,0.0,Ken Block,18.0,0.0,,,0.0,presumptive,projected,39.66,15.05,2,25.15,0.201,0,0,0,0,0,0,0,0,0,0,0,0,0,0,0,0,0,0,0,0,0,0,0,49.36,32.64,0.0,177379,117286,0,64683,359348
SC-GOV,governor,SC,GOV,Jermaine Johnson,Alan Wilson,DEM,REP,,REP,-10.04,15.8,84.2,Likely R,-16.61,5.5,-9.95,1.47,0.07,-0.39,-18.12,8.09,False,False,,0,,0.0,,0.0,0.0,,,0.0,confirmed,confirmed,39.66,47.0,2,-9.62,0.218,753609,62585,0,0,0,0,0,0,0,0,0,0,0,0,0,0,0,0,0,0,0,0,0,44.98,55.02,0.0,802342,981356,0,0,1783698
SD-GOV,governor,SD,GOV,Dan Ahlers,Larry Rhoden,DEM,REP,REP,REP,-25.57,0.6,99.4,Safe R,-29.41,5.5,-25.57,0.0,-0.64,-1.02,-29.98,4.41,False,False,,0,,0.0,,0.0,0.0,,,0.0,confirmed,confirmed,,,0,,0.0,0,0,0,0,0,0,0,0,0,0,0,0,0,0,0,0,0,0,0,0,0,0,0,37.22,62.78,0.0,111079,187394,0,0,298473
TN-GOV,governor,TN,GOV,Jerri Green,Marsha Blackburn,DEM,REP,,REP,-16.77,4.8,95.2,Safe R,-28.6,5.5,-19.91,0.0,3.73,-0.54,-30.12,13.36,False,False,IND,0,,0.0,Lauren Pinkston,7.32,0.0,,,0.0,confirmed,confirmed,33.2,49.82,3,-16.15,0.232,0,0,0,0,0,0,0,0,0,0,0,0,0,0,0,0,0,0,0,0,0,0,0,38.57,54.11,0.0,827247,1160516,0,156996,2144759
TX-GOV,governor,TX,GOV,Gina Hinojosa,Greg Abbott,DEM,REP,REP,REP,-7.96,21.3,78.7,Likely R,-11.93,5.5,-10.31,-1.58,-3.33,1.04,-13.88,5.92,False,False,,0,,0.0,,0.0,0.0,,,0.0,confirmed,confirmed,44.59,48.04,27,-2.95,0.344,8589462,71434049,0,3002416,67461299,0,0,0,0,0,0,0,0,0,0,0,0,0,0,0,0,0,0,46.02,53.98,0.0,3673922,4309247,0,0,7983170
VT-GOV,governor,VT,GOV,Amanda Janoo,Phil Scott,DEM,REP,REP,REP,-22.58,1.3,98.7,Safe R,33.44,5.5,-24.59,0.0,-62.58,-0.95,32.77,-55.35,False,False,,0,,0.0,,0.0,0.0,,,0.0,confirmed,confirmed,30.95,43.32,2,-11.61,0.165,0,0,0,0,0,0,0,0,0,0,0,0,0,0,0,0,0,0,0,0,0,0,0,38.71,61.29,0.0,100103,158492,0,0,258595
WI-GOV,governor,WI,GOV,David Crowley,Tom Tiffany,DEM,REP,,DEM,2.88,61.6,38.4,Lean D,-0.43,5.5,2.93,-1.76,0.28,-0.66,-0.87,3.75,False,False,,0,,0.0,,0.0,0.0,,,0.0,confirmed,confirmed,46.33,43.81,6,3.28,0.296,1426778,15315779,0,0,0,0,0,0,0,0,0,0,0,0,0,0,0,0,0,0,0,0,0,51.44,48.56,0.0,1232513,1163530,0,0,2396043
WY-GOV,governor,WY,GOV,Kenneth Casner,Eric Barlow,DEM,REP,,REP,-41.91,0.0,100.0,Safe R,-46.77,5.5,-41.91,0.0,0.0,-0.64,-46.96,5.05,False,False,,0,,0.0,,0.0,0.0,,,0.0,confirmed,confirmed,,,0,,0.0,0,1673103,0,0,0,0,0,0,0,0,0,0,0,0,0,0,0,0,0,0,0,0,0,29.05,70.95,0.0,54703,133630,0,0,188334
AK-SEN,senate,AK,SEN,Mary Peltola,Dan Sullivan,DEM,REP,REP,REP,-1.17,45.9,54.1,Toss-up,-12.03,5.5,-3.12,0.36,4.11,-1.06,-13.8,11.8,True,False,,4,Dan S. Sullivan,1.75,,0.0,0.0,,,0.0,confirmed,confirmed,48.54,48.38,14,0.58,0.272,18545132,9136967,0,4636755,7295069,0,7911793,12035476,13908377,3932803,0,6750626,558386,0,603646,1998758,0,0,0,0,0,0,0,47.75,49.75,2.5,112908,117626,5911,0,236446
AL-SEN,senate,AL,SEN,Everett Wess,Barry Moore,DEM,REP,,REP,-22.66,1.3,98.7,Safe R,-26.76,5.5,-24.01,-3.2,0.93,-0.48,-30.88,8.22,False,False,,0,,0.0,,0.0,0.0,,,0.0,confirmed,confirmed,32.0,47.0,1,-14.1,0.15,83341,3787330,0,-10011,627788,0,3019,17142534,94747,3284673,0,4247,346554,0,0,881598,0,70643,50000,0,0,360928,0,38.67,61.33,0.0,613125,972438,0,0,1585563
AR-SEN,senate,AR,SEN,Hallie Shoffner,Tom Cotton,DEM,REP,REP,REP,-21.42,1.7,98.3,Safe R,-28.08,5.5,-25.63,-0.87,-1.67,-0.51,-31.57,10.15,False,False,,0,,0.0,,0.0,0.0,,,0.0,confirmed,confirmed,39.64,48.37,4,-8.33,0.252,2269114,6233117,0,863578,9931885,0,0,3244245,1405536,3752101,0,807603,552197,0,20060,1191500,0,0,0,0,0,73959,0,39.29,60.71,0.0,329838,509619,0,0,839457
CO-SEN,senate,CO,SEN,John Hickenlooper,Mark Baisley,DEM,REP,DEM,DEM,25.03,99.3,0.7,Safe D,13.15,5.5,25.03,2.84,3.55,-0.01,11.29,13.74,False,False,,0,,0.0,,0.0,0.0,,,0.0,confirmed,confirmed,,,0,,0.0,8119380,138147,0,2083870,50021,0,510004,0,7471143,88913,0,1302169,28371,0,958273,999,0,0,2200,0,0,0,0,62.52,37.48,0.0,1397214,837707,0,0,2234922
DE-SEN,senate,DE,SEN,Chris Coons,Michael Katz,DEM,REP,DEM,DEM,24.71,99.3,0.7,Safe D,15.57,5.5,24.71,2.25,1.67,-0.28,14.84,9.87,False,False,,0,,0.0,,0.0,0.0,,,0.0,presumptive,presumptive,,,0,,0.0,4168081,159367,0,4793384,98413,0,11559,0,1559897,60954,0,60175,5698,0,1408377,300,0,0,129260,0,0,129250,0,62.35,37.65,0.0,222940,134602,0,0,357542
FL-SEN,senate,FL,SEN,Angie Nixon,Ashley Moody,DEM,REP,REP,REP,-5.9,27.6,72.4,Lean R,-8.61,5.5,-6.07,-1.8,-1.67,0.51,-13.22,7.32,False,False,,0,,0.0,,0.0,0.0,,,0.0,confirmed,confirmed,44.14,48.26,6,-4.88,0.288,974845,11270805,0,264978,8491175,0,52168,603843,709866,2779629,0,576840,1529142,0,0,2083000,0,0,0,0,0,0,0,47.05,52.95,0.0,3601416,4053410,0,0,7654826
GA-SEN,senate,GA,SEN,Jon Ossoff,Mike Collins,DEM,REP,DEM,DEM,12.53,89.5,10.5,Likely D,-0.75,5.5,13.02,1.67,6.73,-0.12,-2.21,14.74,False,False,,0,,0.0,,0.0,0.0,,,0.0,confirmed,confirmed,53.62,42.98,11,11.98,0.257,77279766,7409350,0,42587451,2079981,0,991911,2854868,39682882,5932539,0,39110515,2085895,0,931316,495632,0,0,65000,0,0,461916,0,56.27,43.73,0.0,2067828,1607218,0,0,3675046
IA-SEN,senate,IA,SEN,Josh Turek,Ashley Hinson,DEM,REP,,REP,-2.49,39.9,60.1,Lean R,-7.47,5.5,-3.81,-0.19,-0.93,-0.71,-13.45,10.96,False,False,LIB,0,,0.0,,0.0,0.0,,,0.0,confirmed,confirmed,45.37,44.41,15,1.25,0.37,6276527,10217845,0,2362314,6749491,0,18405492,17510118,3914213,5396429,0,2726556,1052135,0,440127,2232367,0,0,0,0,0,0,0,47.47,49.9,2.63,552798,581031,30625,0,1164454
ID-SEN,senate,ID,SEN,(No Democrat),Jim Risch,DEM,REP,REP,REP,-24.4,0.8,99.2,Safe R,-31.37,5.5,-29.17,-1.14,-1.67,-0.49,-37.52,13.12,False,True,IND,0,,0.0,Todd Achilles,37.8,0.8,,,0.0,,confirmed,29.96,39.02,5,-9.93,0.256,0,3357516,692245,0,3535956,194226,0,0,0,2241925,506311,0,139910,115721,0,959329,10000,0,0,10500,0,0,0,0.0,62.2,0.0,0,394064,0,239479,633543
IL-SEN,senate,IL,SEN,Juliana Stratton,Don Tracy,DEM,REP,,DEM,21.0,98.1,1.9,Safe D,15.18,5.5,21.0,0.32,0.0,0.0,11.14,9.86,False,False,,0,,0.0,,0.0,0.0,,,0.0,confirmed,confirmed,,,0,,0.0,5906599,2459890,0,1107958,1512424,0,10437456,11068156,4798641,947466,0,1182892,27050,0,426634,12325,0,0,2000000,0,0,2000000,0,60.5,39.5,0.0,2392613,1562123,0,0,3954737
KS-SEN,senate,KS,SEN,Adam Hamilton,Roger Marshall,DEM,REP,REP,REP,-8.94,18.6,81.4,Likely R,-14.64,5.5,-10.7,-0.05,-1.09,-0.43,-16.41,7.48,False,False,,0,,0.0,,0.0,0.0,,,0.0,confirmed,confirmed,43.84,45.58,5,-2.41,0.296,4169078,4009075,0,1730621,5388078,0,842009,2202075,2438457,326015,0,767189,151384,0,17500,1555250,0,50050,0,0,50000,0,0,45.53,54.47,0.0,423134,506179,0,0,929314
KY-SEN,senate,KY,SEN,Charles Booker,Andy Barr,DEM,REP,,REP,-27.17,0.4,99.6,Safe R,-30.07,5.5,-31.04,-0.86,-4.86,-0.75,-31.03,3.86,False,False,,0,,0.0,,0.0,0.0,,,0.0,confirmed,confirmed,39.99,49.0,2,-11.56,0.203,1099509,9981055,0,309623,2305546,0,8306596,6980575,789887,11368587,0,654554,729356,0,24750,1995311,0,0,0,0,89868,0,0,36.42,63.58,0.0,528822,923347,0,0,1452169
LA-SEN,senate,LA,SEN,Jamie Davis,Julia Letlow,DEM,REP,,REP,-23.76,1.0,99.0,Safe R,-21.43,5.5,-23.76,-0.45,-7.1,-0.28,-22.36,-1.4,False,False,,0,,0.0,,0.0,0.0,,,0.0,confirmed,confirmed,,,0,,0.0,1983548,6210122,0,479104,1427072,0,10861766,12093658,1504444,4783049,0,1699034,127995,0,0,824000,0,10000,0,0,10000,0,0,38.12,61.88,0.0,535536,869347,0,0,1404882
MA-SEN,senate,MA,SEN,Ed Markey,John Deaton,DEM,REP,DEM,DEM,32.36,99.9,0.1,Safe D,29.04,5.5,36.38,0.52,1.67,-0.34,25.91,6.44,False,False,,0,,0.0,,0.0,0.0,,,0.0,presumptive,presumptive,50.61,30.23,9,20.97,0.252,5352148,1561360,0,1348676,712417,0,42917,3329005,5814159,848943,0,804613,71926,0,589250,5775,0,0,1053414,0,0,1005000,0,66.18,33.82,0.0,1609156,822412,0,0,2431568
ME-SEN,senate,ME,SEN,Troy Jackson,Susan Collins,DEM,REP,REP,REP,0.72,53.1,46.9,Toss-up,8.49,5.5,-0.53,0.0,-13.55,-0.97,7.09,-6.37,True,False,,2,Troy Jackson,0.0,,0.0,0.0,,,0.0,confirmed,confirmed,47.31,44.35,8,3.24,0.368,0,16169827,0,0,11038115,0,5563867,21957336,0,7708021,0,0,1425763,0,0,1263550,0,0,0,0,0,0,0,50.36,49.64,0.0,293083,288879,0,0,581962
MI-SEN,senate,MI,SEN,Abdul El-Sayed,Mike Rogers,DEM,REP,,DEM,5.75,71.8,28.2,Lean D,3.04,5.5,7.98,-0.37,0.44,-0.63,-1.44,7.19,False,False,,0,,0.0,,0.0,0.0,,,0.0,confirmed,confirmed,46.23,44.58,29,2.3,0.362,14514336,10898177,0,2552763,4473237,0,11933984,58244126,11961573,6680643,0,4142626,2220167,0,71845,849227,0,0,0,0,0,0,0,52.87,47.13,0.0,2096076,1868186,0,0,3964262
MN-SEN,senate,MN,SEN,Peggy Flanagan,Michele Tafoya,DEM,REP,,DEM,9.67,83.3,16.7,Likely D,6.76,5.5,11.45,-0.09,0.0,-0.72,4.34,5.33,False,False,,0,,0.0,,0.0,0.0,,,0.0,confirmed,confirmed,44.95,40.96,6,5.6,0.314,6517348,5337942,0,1058604,1372728,0,1746564,7920529,5458744,3965545,0,2913200,2464154,0,177992,229000,0,7000,7878,0,0,294847,0,54.84,45.16,0.0,1249029,1028715,0,0,2277744
MS-SEN,senate,MS,SEN,Scott Colom,Cindy Hyde-Smith,DEM,REP,REP,REP,-13.01,9.7,90.3,Likely R,-21.48,5.5,-13.85,-0.12,2.62,-0.37,-23.15,10.13,False,False,IND,0,,0.0,Ty Pinkins,3.54,0.0,,,0.0,confirmed,confirmed,39.49,45.44,2,-8.36,0.207,2384921,3825455,98038,847046,2535896,5352,2695385,98645,1537875,1759323,98301,351461,98642,64618,312330,1182050,0,25193,0,0,61083,60000,0,41.95,54.51,0.0,360636,468539,0,30430,859605
MT-SEN,senate,MT,SEN,Alani Bankhead,Kurt Alme,DEM,REP,,REP,-29.18,0.2,99.6,Safe R,-13.86,5.5,-9.01,0.36,0.0,-1.01,-20.58,-8.6,False,True,IND,0,,0.0,Seth Bodnar,22.18,0.2,,,0.0,confirmed,confirmed,25.0,42.73,8,-17.56,0.302,58829,1984861,3238151,21485,1450719,977779,5410157,3322855,37011,534142,2260371,18727,88310,369366,6627,639500,93050,6522,0,0,0,0,0,22.49,51.67,3.66,94915,218092,15448,93619,422074
NC-SEN,senate,NC,SEN,Roy Cooper,Michael Whatley,DEM,REP,,REP,6.07,72.9,27.1,Lean D,-2.8,5.5,4.83,0.53,1.9,-0.3,-3.27,9.34,False,False,GRN,0,,0.0,,0.0,0.0,,,0.0,confirmed,confirmed,48.36,38.21,30,10.68,0.331,34975789,11272504,0,20717567,3461698,0,13373729,24359939,14258222,7810806,0,4748620,1775437,0,820563,936330,0,0,0,0,0,46928,0,52.04,46.09,1.87,2075208,1837694,74566,0,3987467
NE-SEN,senate,NE,SEN,(No Democrat),Pete Ricketts,DEM,REP,REP,REP,-6.1,27.0,73.0,Lean R,-20.07,5.5,-6.91,-0.49,8.63,-0.48,-20.84,14.74,False,True,IND,0,,0.0,Dan Osborn,46.95,27.0,,,0.0,,confirmed,47.0,46.63,4,-2.01,0.189,0,11233507,5751951,0,6910970,2421487,992973,1732682,0,4809506,3393630,0,232136,2195423,0,1701815,139868,0,5295888,0,0,0,0,0.0,53.05,0.0,0,351732,0,311279,663011
NH-SEN,senate,NH,SEN,Chris Pappas,John E. Sununu,DEM,REP,,DEM,7.45,77.2,22.8,Likely D,-0.08,5.5,9.46,0.7,4.2,-0.86,2.82,4.62,False,False,,0,,0.0,,0.0,0.0,,,0.0,presumptive,presumptive,44.77,42.57,19,3.14,0.289,15384657,4124582,0,4251918,3019794,0,1019532,6105155,11540323,1104788,0,4743838,481949,0,1106373,479000,0,0,0,0,0,0,0,53.72,46.28,0.0,310695,267638,0,0,578332
NJ-SEN,senate,NJ,SEN,Cory Booker,Justin Murphy,DEM,REP,DEM,DEM,20.01,97.6,2.4,Safe D,8.31,5.5,20.01,4.13,1.88,0.19,5.63,14.38,False,False,,0,,0.0,,0.0,0.0,,,0.0,confirmed,confirmed,,,0,,0.0,18869341,27316,0,23060940,123,0,0,0,7000887,26297,0,8440493,7240,0,500530,650,0,0,4932,0,0,8782,0,60.0,40.0,0.0,1748298,1165388,0,0,2913686
NM-SEN,senate,NM,SEN,Ben Ray Lujan,Larry Marker,DEM,REP,DEM,DEM,19.79,97.5,2.5,Safe D,8.34,5.5,19.79,3.16,1.67,1.12,6.14,13.64,False,False,,0,,0.0,,0.0,0.0,,,0.0,confirmed,confirmed,,,0,,0.0,5626629,33525,0,4396754,11850,0,0,0,2443668,21675,0,1158566,1065,0,1738346,5000,0,0,0,0,0,0,0,59.89,40.11,0.0,387136,259242,0,0,646377
OH-SEN,senate,OH,SEN,Sherrod Brown,Jon Husted,DEM,REP,REP,REP,0.54,52.6,47.4,Toss-up,-8.67,5.5,-1.96,0.51,1.39,-0.69,-11.31,11.86,False,False,LIB,0,,0.0,,0.0,0.0,,,0.0,confirmed,confirmed,48.59,44.31,20,4.68,0.32,38566234,14360028,0,16229741,9419311,0,8538710,19551731,22336493,4940716,0,13527788,1843640,0,861223,2382560,0,0,0,0,0,0,0,49.48,48.95,1.57,1996860,1975294,63358,0,4035512
OK-SEN,senate,OK,SEN,Jasmine Thomas,Kevin Hern,DEM,REP,,REP,-32.99,0.1,99.9,Safe R,-33.64,5.5,-35.08,-3.46,-2.78,-0.7,-34.95,1.96,False,False,,0,,0.0,,0.0,0.0,,,0.0,confirmed,confirmed,25.0,49.0,1,-23.37,0.189,57159,9953579,0,456,2491910,0,0,2428319,57639,7461669,0,41107,132138,0,0,761500,0,0,5050000,0,0,0,0,33.51,66.49,0.0,367290,728932,0,0,1096222
OR-SEN,senate,OR,SEN,Jeff Merkley,David Brock Smith,DEM,REP,DEM,DEM,22.1,98.5,1.5,Safe D,12.93,5.5,22.1,2.47,1.67,-0.46,14.89,7.21,False,False,,0,,0.0,,0.0,0.0,,,0.0,confirmed,confirmed,,,0,,0.0,4540974,120760,0,6828404,28980,0,0,0,1979569,91781,0,1059223,34621,0,477520,11000,0,0,0,0,0,8156,0,61.05,38.95,0.0,959592,612183,0,0,1571774
RI-SEN,senate,RI,SEN,Jack Reed,Raymond McKay,DEM,REP,DEM,DEM,24.85,99.3,0.7,Safe D,17.31,5.5,26.3,2.03,1.67,-0.2,14.16,10.69,False,False,,0,,0.0,,0.0,0.0,,,0.0,presumptive,presumptive,51.21,31.81,3,19.99,0.21,3381651,180468,0,3093684,7569,0,0,0,1876160,173238,0,30579,69332,0,1140100,1600,0,0,1,0,0,690,0,62.42,37.58,0.0,224323,135025,0,0,359348
SC-SEN,senate,SC,SEN,Annie Andrews,Darline Graham,DEM,REP,,REP,-4.37,32.9,67.1,Lean R,-14.59,5.5,-5.0,1.23,3.25,-0.39,-18.12,13.75,False,False,LIB,0,,0.0,,0.0,0.0,,,0.0,confirmed,confirmed,38.51,42.23,6,-3.76,0.313,10804040,346783,0,4119295,251431,0,392162,5236286,6684746,95351,0,6474403,50733,0,104955,47000,0,0,0,0,1025357,0,0,46.92,51.21,1.87,836936,913406,33355,0,1783698
SD-SEN,senate,SD,SEN,(No Democrat),Mike Rounds,DEM,REP,REP,REP,-19.97,2.4,97.6,Safe R,-22.31,5.5,-23.28,-1.06,-4.39,-1.02,-29.98,10.01,False,True,IND,0,,0.0,Brian Bengs,40.01,2.4,,,0.0,,confirmed,41.27,46.07,7,-6.73,0.265,0,3176451,782050,0,2736664,51406,0,586948,0,2309816,730644,0,36975,474153,0,1443800,5000,0,0,0,0,0,0,0.0,59.99,0.0,0,179046,0,119427,298473
TN-SEN,senate,TN,SEN,Marquita Bradshaw,Bill Hagerty,DEM,REP,REP,REP,-28.11,0.3,99.7,Safe R,-25.26,5.5,-30.28,-3.72,-6.25,-0.54,-30.12,2.01,False,False,,0,,0.0,,0.0,0.0,,,0.0,confirmed,confirmed,31.84,53.94,1,-21.66,0.265,2257,7162897,0,1043,5234429,0,0,782360,1293,3855937,0,2007,958119,0,0,1545200,0,0,0,0,0,0,0,35.95,64.05,0.0,770948,1373812,0,0,2144759
TX-SEN,senate,TX,SEN,James Talarico,Ken Paxton,DEM,REP,,REP,0.72,53.3,46.7,Toss-up,-10.45,5.5,-0.87,1.0,2.05,1.04,-13.88,14.6,False,False,LIB,0,,0.0,,0.0,0.0,,,0.0,confirmed,confirmed,46.81,44.21,32,3.21,0.346,68560930,9248699,0,21548155,1755783,0,35502127,35995512,47012775,7492915,0,36716518,1764118,0,348408,219500,0,0,0,0,0,0,0,49.35,48.64,2.01,3939494,3883213,160462,0,7983170
VA-SEN,senate,VA,SEN,Mark Warner,Bert Mizusawa,DEM,REP,DEM,DEM,17.9,96.2,3.8,Safe D,6.82,5.5,17.9,2.74,3.15,-0.3,5.89,12.01,False,False,,0,,0.0,,0.0,0.0,,,0.0,confirmed,confirmed,,,0,,0.0,17889335,418742,0,16114725,90328,0,150000,0,7327844,328750,0,2953209,122597,0,2117795,5000,0,0,171454,0,0,50783,0,58.95,41.05,0.0,1858335,1293967,0,0,3152302
WV-SEN,senate,WV,SEN,Rachel Fetty Anderson,Shelley Moore Capito,DEM,REP,REP,REP,-42.09,0.0,100.0,Safe R,-42.1,5.5,-42.09,-2.9,-1.67,-0.93,-42.69,0.59,False,False,,0,,0.0,,0.0,0.0,,,0.0,confirmed,confirmed,,,0,,0.0,49913,4624145,0,22129,4377201,0,0,337585,34780,2558310,0,14901,84240,0,100,1742755,0,7890,0,0,0,0,0,28.95,71.05,0.0,154515,379158,0,0,533673
WY-SEN,senate,WY,SEN,James Byrd,Harriet Hageman,DEM,REP,,REP,-43.39,0.0,100.0,Safe R,-45.51,5.5,-43.39,-2.75,0.0,-0.64,-46.96,3.56,False,False,,0,,0.0,,0.0,0.0,,,0.0,confirmed,confirmed,,,0,,0.0,22559,2435023,0,356,915369,0,0,1042710,23293,2402617,0,5589,598315,0,0,581700,0,1000,0,0,0,0,0,28.3,71.7,0.0,53304,135030,0,0,188334
AK-01,house,AK,01,(No Democrat),Nick Begich III,DEM,REP,REP,REP,-2.74,38.3,61.7,Lean R,-3.92,5.5,-2.17,-1.02,-1.67,-1.06,-13.8,11.05,True,False,IND,4,Nick Begich III,1.02,Bill Hill,45.18,38.3,,,0.0,,confirmed,36.18,49.58,5,-14.17,0.244,0,5470446,1336292,0,3119158,515886,225000,553399,0,2455619,820406,0,1108897,233665,0,1033577,62050,0,0,0,0,225764,0,3.8,49.82,1.2,8985,117789,2846,106826,236446
AL-01,house,AL,01,Clyde Jones,Jerry Carl,DEM,REP,,REP,-27.67,0.3,99.7,Safe R,-30.86,5.5,-27.67,-1.75,0.0,-0.56,-36.34,8.68,False,False,,0,,0.0,,0.0,0.0,,,0.0,confirmed,confirmed,,,0,,0.0,85968,1162583,0,28030,366616,0,0,547042,57938,865257,0,44055,45133,0,2000,303059,0,0,0,0,0,254536,0,36.17,63.83,0.0,83057,146592,0,0,229648
AL-02,house,AL,02,Shomari Figures,Rhett Marques,DEM,REP,DEM,DEM,-2.23,40.8,59.2,Toss-up,-9.07,5.5,-1.82,-0.45,2.48,-0.28,-14.46,12.23,False,False,,0,,0.0,,0.0,0.0,,,0.0,confirmed,confirmed,45.19,45.62,3,-2.71,0.256,1355789,1318574,0,662600,187718,0,100000,3738607,716297,1130856,0,167493,8808,0,830380,188469,0,0,0,0,12000,0,0,48.88,51.12,0.0,100319,104903,0,0,205222
AL-03,house,AL,03,Lee McInnis,Mike Rogers,DEM,REP,REP,REP,-40.63,0.0,100.0,Safe R,-41.63,5.5,-40.63,-2.23,-1.67,-0.61,-47.04,6.41,False,False,,0,,0.0,,0.0,0.0,,,0.0,confirmed,confirmed,,,0,,0.0,60787,2133554,0,9462,2590964,0,3435,0,28900,1464925,0,17227,8029,0,0,735704,0,0,0,0,0,0,0,29.68,70.32,0.0,65746,155741,0,0,221487
AL-04,house,AL,04,Amanda Pusczek,Robert Aderholt,DEM,REP,REP,REP,-60.81,0.0,100.0,Safe R,-61.88,5.5,-60.81,-2.1,-1.67,-0.67,-66.99,6.18,False,False,,0,,0.0,,0.0,0.0,,,0.0,confirmed,confirmed,,,0,,0.0,15591,1022664,0,396,749660,0,0,0,14624,1239901,0,7452,9102,0,0,422278,0,0,0,0,12000,0,0,19.59,80.41,0.0,44421,182282,0,0,226703
AL-05,house,AL,05,Andrew Sneed,Dale Strong,DEM,REP,REP,REP,-22.73,1.2,98.8,Safe R,-25.42,5.5,-22.73,-0.59,-1.67,-0.56,-29.51,6.78,False,False,,0,,0.0,,0.0,0.0,,,0.0,confirmed,confirmed,,,0,,0.0,646512,1477819,0,169720,1424334,0,0,0,476792,682462,0,73555,6635,0,2350,631300,0,20000,0,0,0,240000,0,38.63,61.37,0.0,95623,151897,0,0,247520
AL-06,house,AL,06,Maurice Mercer,Gary Palmer,DEM,REP,REP,REP,-30.43,0.1,99.9,Safe R,-30.94,5.5,-30.43,-2.26,-2.19,-0.54,-34.79,4.36,False,False,,0,,0.0,,0.0,0.0,,,0.0,confirmed,confirmed,,,0,,0.0,6539,1053566,0,1863,260721,0,0,131018,4676,946083,0,3680,806,0,0,464000,0,0,0,0,0,0,0,34.78,65.22,0.0,85094,159537,0,0,244631
AL-07,house,AL,07,Terri Sewell,Ammie Akin,DEM,REP,DEM,DEM,34.72,100.0,0.0,Safe D,23.3,5.5,34.72,1.73,4.31,-0.12,17.99,16.73,False,False,,0,,0.0,,0.0,0.0,,,0.0,confirmed,confirmed,,,0,,0.0,1961991,150730,0,3754350,115936,0,0,0,1678202,34794,0,67584,522,0,1589750,0,0,0,100000,0,0,100000,0,67.36,32.64,0.0,141692,68661,0,0,210352
AR-01,house,AR,01,Terri Green,Rick Crawford,DEM,REP,REP,REP,-41.77,0.0,100.0,Safe R,-40.69,5.5,-41.77,-1.62,-4.28,-0.68,-46.4,4.63,False,False,,0,,0.0,,0.0,0.0,,,0.0,confirmed,confirmed,,,0,,0.0,65149,944302,0,11958,1031631,0,0,0,53192,743498,0,13695,12107,0,4900,557750,0,14395,0,0,17838,0,0,29.11,70.89,0.0,57014,138812,0,0,195826
AR-02,house,AR,02,Chris Jones,French Hill,DEM,REP,REP,REP,-6.63,25.3,74.7,Lean R,-11.49,5.5,-8.62,-0.99,-1.12,-0.52,-16.22,9.59,False,False,,0,,0.0,,0.0,0.0,,,0.0,confirmed,confirmed,48.0,44.0,2,4.57,0.158,1174414,4421510,0,191398,2967541,0,0,418058,983016,2830321,0,303345,28686,0,27750,1457367,0,0,0,0,17801,0,0,46.68,53.32,0.0,105263,120213,0,0,225476
AR-03,house,AR,03,Robb Ryerse,Steve Womack,DEM,REP,REP,REP,-24.63,0.8,99.2,Safe R,-21.68,5.5,-24.63,-1.82,-6.29,-0.34,-25.81,1.18,False,False,,0,,0.0,,0.0,0.0,,,0.0,confirmed,confirmed,,,0,,0.0,120526,1871761,0,5951,2404276,0,0,0,114576,1183378,0,57841,27541,0,5886,877500,0,250,0,0,20588,0,0,37.68,62.32,0.0,83509,138089,0,0,221598
AR-04,house,AR,04,James Russell,Bruce Westerman,DEM,REP,REP,REP,-37.89,0.0,100.0,Safe R,-35.05,5.5,-37.89,-2.88,-4.96,-0.49,-40.73,2.85,False,False,,0,,0.0,,0.0,0.0,,,0.0,confirmed,confirmed,,,0,,0.0,5853,2562973,0,907,4668447,0,0,0,5628,928087,0,1762,38088,0,1500,1053550,0,0,0,0,1052,0,0,31.06,68.94,0.0,61045,135513,0,0,196558
AZ-01,house,AZ,01,Amish Shah,Jay Feely,DEM,REP,,REP,5.38,70.6,29.4,Lean D,1.34,5.5,6.05,-0.49,0.0,-0.3,-3.14,8.52,False,False,LIB,0,,0.0,,0.0,0.0,,,0.0,confirmed,confirmed,42.71,42.94,2,1.58,0.15,1830193,2528497,0,401745,794475,0,249505,3555973,1520251,1734022,0,205293,28573,0,146250,328330,0,430655,330000,0,210070,330000,0,51.7,46.42,1.88,163120,146463,5932,0,315514
AZ-02,house,AZ,02,Jonathan Nez,Eli Crane,DEM,REP,REP,REP,0.59,52.8,47.2,Toss-up,-9.79,5.5,2.17,-0.68,7.81,-0.67,-15.12,15.71,False,False,,0,,0.0,,0.0,0.0,,,0.0,confirmed,confirmed,43.5,45.67,2,-4.61,0.216,3519760,9481428,0,1910990,2841745,0,883973,68355,1674073,6957053,0,1473633,3385826,0,213271,86500,0,0,0,0,0,0,0,50.3,49.7,0.0,146627,144906,0,0,291534
AZ-03,house,AZ,03,Yassamin Ansari,(no Republican filed),DEM,REP,DEM,DEM,61.11,100.0,0.0,Safe D,47.04,5.5,61.11,0.0,6.47,2.1,40.31,20.8,False,False,,0,,0.0,,0.0,0.0,,,0.0,confirmed,,,,0,,0.0,1436333,0,0,547321,0,0,0,0,899423,0,0,145331,0,0,226033,0,0,65705,0,0,70000,0,0,80.55,19.45,0.0,120232,29023,0,0,149255
AZ-04,house,AZ,04,Greg Stanton,Zuhdi Jasser,DEM,REP,DEM,DEM,20.61,97.9,2.1,Safe D,10.89,5.5,20.61,0.99,3.02,0.21,6.76,13.85,False,False,,0,,0.0,,0.0,0.0,,,0.0,confirmed,confirmed,,,0,,0.0,2117114,564641,0,2020289,341651,0,422716,0,1112556,222990,0,90792,24225,0,638763,5000,0,0,10000,0,0,0,0,60.3,39.7,0.0,146692,96562,0,0,243254
AZ-05,house,AZ,05,Elizabeth Lee,Mark Lamb,DEM,REP,,REP,-12.15,11.2,88.8,Likely R,-16.02,5.5,-12.15,-1.44,0.0,-0.2,-20.19,8.04,False,False,,0,,0.0,,0.0,0.0,,,0.0,confirmed,confirmed,,,0,,0.0,153111,1222217,0,26740,243426,0,0,325479,126371,978791,0,65653,514699,0,0,70400,0,5000,40047,0,5000,0,0,43.92,56.08,0.0,136830,174688,0,0,311518
AZ-06,house,AZ,06,JoAnna Mendoza,Juan Ciscomani,DEM,REP,REP,REP,6.01,72.7,27.3,Lean D,2.79,5.5,6.62,0.13,-1.91,0.11,-0.76,6.77,False,False,LIB,0,,0.0,,0.0,0.0,,,0.0,confirmed,confirmed,46.96,44.87,3,0.53,0.15,7354808,6172867,0,3260877,4135163,0,119847,209758,4093932,2274265,0,2800193,500509,0,516802,1655410,0,0,0,0,3300,0,0,51.88,46.0,2.12,159857,141733,6532,0,308122
AZ-07,house,AZ,07,Adelita Grijalva,Daniel Butierez,DEM,REP,DEM,DEM,40.03,100.0,0.0,Safe D,29.09,5.5,40.03,1.53,2.05,1.86,22.39,17.64,False,False,,0,,0.0,,0.0,0.0,,,0.0,confirmed,confirmed,,,0,,0.0,2285639,224367,0,427977,11399,0,817317,195587,1857663,213560,0,1015921,16901,0,435939,2000,0,0,175207,0,0,144120,0,70.01,29.99,0.0,138055,59125,0,0,197180
AZ-08,house,AZ,08,Bernadette Greene-Placentia,Abraham Hamadeh,DEM,REP,REP,REP,-8.0,21.1,78.9,Likely R,-12.51,5.5,-8.0,0.0,-0.95,-0.05,-16.48,8.48,False,False,,0,,0.0,,0.0,0.0,,,0.0,confirmed,confirmed,,,0,,0.0,0,1206361,0,0,384185,0,0,0,0,858585,0,0,213882,0,0,269960,0,0,0,0,0,103414,0,46.0,54.0,0.0,126225,148191,0,0,274416
AZ-09,house,AZ,09,Danielle Sterbinsky,Paul Gosar,DEM,REP,REP,REP,-22.32,1.4,98.6,Safe R,-26.63,5.5,-22.32,-0.33,-1.21,0.35,-31.34,9.02,False,False,,0,,0.0,,0.0,0.0,,,0.0,confirmed,confirmed,,,0,,0.0,354383,580042,0,25745,303214,0,0,0,332316,368426,0,306781,127935,0,0,85000,0,250,0,0,0,6958,0,38.84,61.16,0.0,109424,172306,0,0,281730
CA-01,house,CA,01,Mike McGuire,James Gallagher,DEM,REP,REP,REP,19.9,97.5,2.5,Safe D,15.75,5.5,19.9,0.21,-1.67,0.11,12.63,7.27,False,False,,0,,0.0,,0.0,0.0,,,0.0,confirmed,confirmed,,,0,,0.0,1827711,1488906,0,152606,332899,0,474065,0,1675105,1156006,0,483160,74465,0,300070,282863,0,0,0,0,0,33633,0,59.95,40.05,0.0,143372,95779,0,0,239151
CA-02,house,CA,02,Jared Huffman,Robin Littau,DEM,REP,DEM,DEM,33.98,100.0,0.0,Safe D,28.12,5.5,33.98,0.0,0.77,-0.42,25.45,8.53,False,False,,0,,0.0,,0.0,0.0,,,0.0,confirmed,confirmed,,,0,,0.0,978277,0,0,1075956,0,0,0,0,886964,0,0,55444,0,0,316245,0,0,0,0,0,2131,0,0,66.99,33.01,0.0,182556,89964,0,0,272520
CA-03,house,CA,03,Amerish Bera,Robb Tucker,DEM,REP,DEM,DEM,21.79,98.4,1.6,Safe D,13.11,5.5,21.79,1.08,2.23,-0.13,10.55,11.24,False,False,,0,,0.0,,0.0,0.0,,,0.0,confirmed,confirmed,,,0,,0.0,1250126,258139,0,1830338,16000,0,0,0,1293160,242139,0,51066,6749,0,649068,0,0,0,205000,0,105000,205000,0,60.89,39.11,0.0,156277,100366,0,0,256644
CA-04,house,CA,04,Mike Thompson,(no Republican — top-two),DEM,REP,DEM,DEM,40.0,100.0,0.0,Safe D,18.58,5.5,27.21,0.0,2.74,0.39,14.96,25.04,False,False,,0,,0.0,,0.0,0.0,DEM,Eric Jones,80.0,confirmed,,,,0,,0.0,4204013,0,0,1075737,0,0,1150453,1714969,4337765,0,0,197819,0,0,1849646,0,0,0,0,0,37712,0,0,100.0,0.0,0.0,240754,0,0,0,240754
CA-05,house,CA,05,Michael Masuda,Tom McClintock,DEM,REP,REP,REP,-17.57,4.1,95.9,Safe R,-17.94,5.5,-17.57,-0.65,-4.77,0.28,-21.2,3.63,False,False,,0,,0.0,,0.0,0.0,,,0.0,confirmed,confirmed,,,0,,0.0,361735,928788,0,89452,201472,0,0,0,272284,875521,0,141932,112113,0,18750,156551,0,0,0,0,27146,5106,0,41.21,58.79,0.0,104566,149157,0,0,253723
CA-06,house,CA,06,Richard Pan,Kevin Kiley,DEM,IND,IND,IND,13.05,90.3,9.7,Likely D,11.55,5.5,13.05,-0.35,-3.7,0.06,8.67,4.38,False,False,,0,,0.0,,0.0,0.0,,,0.0,confirmed,confirmed,,,0,,0.0,1098283,2988805,0,359132,2123953,0,2301713,75888,739151,1245831,0,241251,433049,0,308198,361391,0,0,15,0,117141,6225,0,56.53,43.47,0.0,133087,102353,0,0,235441
CA-07,house,CA,07,Mai Vang,(no Republican — top-two),DEM,REP,,DEM,40.0,100.0,0.0,Safe D,16.93,5.5,22.56,0.0,0.0,0.13,13.26,26.74,False,False,,0,,0.0,,0.0,0.0,DEM,Doris Matsui,58.0,confirmed,,,,0,,0.0,1086084,0,0,105536,0,0,609028,12161,980548,0,0,248455,0,0,53827,0,0,0,0,0,19908,0,0,100.0,0.0,0.0,242835,0,0,0,242835
CA-08,house,CA,08,John Garamendi,Rudy Recile,DEM,REP,DEM,DEM,49.63,100.0,0.0,Safe D,39.47,5.5,49.63,1.66,2.41,0.58,35.19,14.44,False,False,,0,,0.0,,0.0,0.0,,,0.0,confirmed,confirmed,,,0,,0.0,489135,8576,0,1196018,1541,0,0,0,557834,8073,0,7559,1628,0,334500,0,0,0,25,0,0,31273,0,74.82,25.18,0.0,163581,55063,0,0,218644
CA-09,house,CA,09,Josh Harder,John McBride,DEM,REP,DEM,DEM,31.37,99.9,0.1,Safe D,17.61,5.5,31.37,2.78,4.61,0.87,11.8,19.57,False,False,,0,,0.0,,0.0,0.0,,,0.0,confirmed,confirmed,,,0,,0.0,4083528,52178,0,4739488,18738,0,0,0,1032871,33569,0,377932,3149,0,508815,19882,0,0,0,0,0,23491,0,65.68,34.32,0.0,123445,64494,0,0,187940
CA-10,house,CA,10,Mark DeSaulnier,Jeff Frese,DEM,REP,DEM,DEM,43.54,100.0,0.0,Safe D,37.78,5.5,43.54,0.0,0.33,-0.07,34.75,8.79,False,False,,0,,0.0,,0.0,0.0,,,0.0,confirmed,confirmed,,,0,,0.0,567258,0,0,586497,0,0,0,0,609748,0,0,40092,0,0,304983,0,0,0,0,0,0,0,0,71.77,28.23,0.0,189812,74668,0,0,264480
CA-11,house,CA,11,Scott Wiener,(no Republican — top-two),DEM,REP,,DEM,40.0,100.0,0.0,Safe D,74.33,5.5,79.52,0.0,0.0,-0.31,70.62,-30.62,False,False,,0,,0.0,,0.0,0.0,DEM,Connie Chan,58.0,confirmed,,,,0,,0.0,4561120,0,0,1234692,0,0,1657500,41145,3326428,0,0,159240,0,0,93676,0,0,0,0,0,157267,0,0,100.0,0.0,0.0,252827,0,0,0,252827
CA-12,house,CA,12,Lateefah Simon,(no Republican — top-two),DEM,REP,DEM,DEM,40.0,100.0,0.0,Safe D,81.08,5.5,88.51,0.0,1.67,0.26,77.64,-37.64,False,False,,0,,0.0,,0.0,0.0,DEM,Jamie Joyce,80.0,confirmed,,,,0,,0.0,1449191,0,0,777590,0,0,111599,0,957256,0,0,85221,0,0,261421,0,0,0,0,0,0,0,0,100.0,0.0,0.0,222860,0,0,0,222860
CA-13,house,CA,13,Adam Gray,Kevin Lincoln,DEM,REP,DEM,DEM,22.25,98.6,1.4,Safe D,7.18,5.5,22.25,0.46,7.04,2.08,0.51,21.75,False,False,,0,,0.0,,0.0,0.0,,,0.0,confirmed,confirmed,,,0,,0.0,4191397,2237084,0,2072111,837885,0,991,70830,2311244,1423323,0,482042,445085,0,1269883,251621,0,0,0,0,0,126125,0,61.13,38.87,0.0,88982,56587,0,0,145569
CA-14,house,CA,14,Aisha Wahab,(no Republican — top-two),DEM,REP,DEM,DEM,40.0,100.0,0.0,Safe D,41.01,5.5,48.29,0.0,1.67,0.12,36.2,3.8,False,False,,0,,0.0,,0.0,0.0,DEM,Melissa Hernandez,80.0,confirmed,,,,0,,0.0,631749,0,0,146906,0,0,260366,2892831,484843,0,0,26791,0,0,155983,0,0,38500,0,0,43900,0,0,100.0,0.0,0.0,199910,0,0,0,199910
CA-15,house,CA,15,Kevin Mullin,Charles Hoelter,DEM,REP,DEM,DEM,58.87,100.0,0.0,Safe D,54.1,5.5,58.87,0.0,-0.99,0.26,49.64,9.23,False,False,,0,,0.0,,0.0,0.0,,,0.0,confirmed,confirmed,,,0,,0.0,819662,0,0,219735,0,0,0,0,651698,0,0,15210,0,0,470712,0,0,0,0,0,5325,0,0,79.43,20.57,0.0,169901,43989,0,0,213889
CA-16,house,CA,16,Sam Liccardo,Peter Sundin Soulé,DEM,REP,DEM,DEM,60.28,100.0,0.0,Safe D,53.22,5.5,60.28,0.0,1.67,-0.1,49.91,10.37,False,False,,0,,0.0,,0.0,0.0,,,0.0,confirmed,confirmed,,,0,,0.0,3489298,0,0,2152957,0,0,0,0,1426732,0,0,15733,0,0,662750,0,0,0,0,0,840,0,0,80.14,19.86,0.0,190796,47279,0,0,238075
CA-17,house,CA,17,Rohit Khanna,Ritesh Tandon,DEM,REP,DEM,DEM,49.64,100.0,0.0,Safe D,45.45,5.5,49.64,3.69,-4.76,-0.25,40.75,8.89,False,False,,0,,0.0,,0.0,0.0,,,0.0,confirmed,confirmed,,,0,,0.0,13761491,37653,0,16929752,891,0,0,37500,7540830,36763,0,1650809,2226,0,1000,0,0,0,25,0,89348,0,0,74.82,25.18,0.0,138388,46578,0,0,184966
CA-18,house,CA,18,Zoe Lofgren,Shane Lewis,DEM,REP,DEM,DEM,44.57,100.0,0.0,Safe D,35.38,5.5,44.57,2.1,-0.49,2.08,29.37,15.2,False,False,,0,,0.0,,0.0,0.0,,,0.0,confirmed,confirmed,,,0,,0.0,1721916,60180,0,643341,3307,0,109274,0,1318327,56873,0,436598,2664,0,438813,0,0,0,41958,0,0,40225,0,72.29,27.71,0.0,120150,46064,0,0,166214
CA-19,house,CA,19,Jimmy Panetta,Peter Verbica,DEM,REP,DEM,DEM,49.93,100.0,0.0,Safe D,38.94,5.5,50.85,2.46,3.85,0.1,35.64,14.29,False,False,GRN,0,,0.0,,0.0,0.0,,,0.0,confirmed,confirmed,,,0,,0.0,2887610,76324,0,5109558,24682,0,1198560,0,1492690,51642,0,88768,4624,0,1559107,3500,0,0,505,0,0,0,0,72.22,24.12,3.66,190292,63549,9644,0,263484
CA-20,house,CA,20,Sandra Van Scotter,Vince Fong,DEM,REP,REP,REP,-27.97,0.3,99.7,Safe R,-30.02,5.5,-27.97,-2.51,-1.67,0.73,-32.98,5.02,False,False,,0,,0.0,,0.0,0.0,,,0.0,confirmed,confirmed,,,0,,0.0,17086,1849356,0,-2017,453750,0,0,0,16701,1434838,0,5369,17074,0,0,894497,0,9907,0,0,0,0,0,36.02,63.98,0.0,79526,141277,0,0,220803
CA-21,house,CA,21,Jim Costa,Kyle Kirkland,DEM,REP,DEM,DEM,21.54,98.3,1.7,Safe D,12.08,5.5,21.54,0.95,0.92,2.08,6.17,15.37,False,False,,0,,0.0,,0.0,0.0,,,0.0,confirmed,confirmed,,,0,,0.0,1338630,338971,0,938778,17934,0,0,0,608734,321037,0,11086,38714,0,796717,0,0,0,127459,0,0,33141,0,60.77,39.23,0.0,85845,55418,0,0,141263
CA-22,house,CA,22,Randy Villegas,David Valadao,DEM,REP,REP,REP,6.79,75.2,24.8,Likely D,5.25,5.5,7.82,-0.32,-5.26,2.65,-1.86,8.65,False,False,,0,,0.0,,0.0,0.0,,,0.0,confirmed,confirmed,48.0,44.0,1,1.84,0.15,2645560,4927602,0,571792,3365587,0,3258362,2443325,2073768,1607550,0,778710,97100,0,190098,1921533,0,0,0,0,0,0,0,53.4,46.6,0.0,63976,55836,0,0,119812
CA-23,house,CA,23,Tessa Lynn Hodge,Jay Obernolte,DEM,REP,REP,REP,-15.74,5.9,94.1,Likely R,-16.44,5.5,-15.74,-1.89,-3.99,1.07,-19.9,4.16,False,False,,0,,0.0,,0.0,0.0,,,0.0,confirmed,confirmed,,,0,,0.0,79499,1455868,0,10237,1644222,0,18690,519365,69262,809486,0,28040,1363,0,0,863371,0,9080,0,0,3770,1125000,0,42.13,57.87,0.0,81560,112034,0,0,193594
CA-24,house,CA,24,Salud Carbajal,Robert Smith,DEM,REP,DEM,DEM,37.29,100.0,0.0,Safe D,28.5,5.5,37.29,1.43,1.13,0.73,25.76,11.53,False,False,,0,,0.0,,0.0,0.0,,,0.0,confirmed,confirmed,,,0,,0.0,1650355,203264,0,3383604,47128,0,0,0,910621,156136,0,28020,31687,0,571016,1286,0,0,22492,0,5416,29373,0,68.64,31.36,0.0,168834,77122,0,0,245955
CA-25,house,CA,25,Raul Ruiz,Joe Males,DEM,REP,DEM,DEM,20.39,97.8,2.2,Safe D,10.72,5.5,20.39,0.58,1.67,1.92,5.97,14.42,False,False,,0,,0.0,,0.0,0.0,,,0.0,confirmed,confirmed,,,0,,0.0,2093907,936496,0,2556494,14847,0,0,0,1240152,921649,0,88212,686618,0,969251,450,0,0,0,0,0,24964,0,60.19,39.81,0.0,113801,75255,0,0,189057
CA-26,house,CA,26,Jacqui Irwin,Samuel Gallucci,DEM,REP,,DEM,26.45,99.5,0.5,Safe D,19.37,5.5,26.45,0.63,0.0,0.95,15.73,10.72,False,False,,0,,0.0,,0.0,0.0,,,0.0,confirmed,confirmed,,,0,,0.0,822382,377078,0,295478,33681,0,366028,0,526904,343397,0,17494,9352,0,164050,0,0,0,232520,0,0,125000,0,63.23,36.77,0.0,151972,88389,0,0,240362
CA-27,house,CA,27,George Whitesides,Jason Gibbs,DEM,REP,DEM,DEM,27.46,99.7,0.3,Safe D,14.5,5.5,27.46,1.74,4.43,1.29,10.06,17.4,False,False,,0,,0.0,,0.0,0.0,,,0.0,confirmed,confirmed,,,0,,0.0,3963530,379440,0,2554917,201877,0,1074903,0,1735347,177563,0,359853,5780,0,635983,10000,0,0,0,0,1310000,0,0,63.73,36.27,0.0,132082,75168,0,0,207250
CA-28,house,CA,28,Judy Chu,April Verlato,DEM,REP,DEM,DEM,40.41,100.0,0.0,Safe D,30.08,5.5,40.41,2.23,2.3,0.3,26.17,14.25,False,False,,0,,0.0,,0.0,0.0,,,0.0,confirmed,confirmed,,,0,,0.0,930123,250,0,3674296,205,0,0,0,857832,7882,0,37156,250,0,379775,0,0,0,0,0,0,0,0,70.21,29.79,0.0,160593,68151,0,0,228743
CA-29,house,CA,29,Luz Rivas,(no Republican — top-two),DEM,REP,DEM,DEM,40.0,100.0,0.0,Safe D,41.64,5.5,53.98,0.0,4.75,2.09,34.71,5.29,False,False,,0,,0.0,,0.0,0.0,DEM,Angélica Dueñas,80.0,confirmed,,,,0,,0.0,670678,0,0,377476,0,0,0,0,557465,0,0,13006,0,0,356790,0,0,0,0,0,0,0,0,100.0,0.0,0.0,167318,0,0,0,167318
CA-30,house,CA,30,Laura Friedman,Scott Alan Meyers,DEM,REP,DEM,DEM,52.32,100.0,0.0,Safe D,45.1,5.5,52.32,1.57,0.0,0.15,41.41,10.91,False,False,,0,,0.0,,0.0,0.0,,,0.0,confirmed,confirmed,,,0,,0.0,827895,58294,0,469254,2616,0,0,0,655389,55678,0,55622,1544,0,286550,0,0,0,40000,0,0,40000,0,76.16,23.84,0.0,182056,56995,0,0,239051
CA-31,house,CA,31,Gilbert Cisneros,Eric Ching,DEM,REP,DEM,DEM,16.69,95.1,4.9,Safe D,18.18,5.5,16.69,1.31,-10.02,1.72,12.61,4.08,False,False,,0,,0.0,,0.0,0.0,,,0.0,confirmed,confirmed,,,0,,0.0,705263,81571,0,259803,64913,0,0,0,485536,56899,0,24198,5020,0,453650,0,0,6616,0,0,5452550,0,0,58.35,41.65,0.0,119229,85119,0,0,204348
CA-32,house,CA,32,Brad Sherman,Larry Thompson,DEM,REP,DEM,DEM,40.17,100.0,0.0,Safe D,30.2,5.5,40.17,2.65,1.61,0.2,25.76,14.41,False,False,,0,,0.0,,0.0,0.0,,,0.0,confirmed,confirmed,,,0,,0.0,2514330,34316,0,2668480,2174,0,974078,0,3767794,32142,0,11439,814,0,703424,0,0,0,27452,0,265,19291,0,70.08,29.92,0.0,176451,75319,0,0,251770
CA-33,house,CA,33,Pete Aguilar,Stephanie Vargas,DEM,REP,DEM,DEM,29.0,99.8,0.2,Safe D,16.55,5.5,29.0,0.0,4.9,2.05,10.12,18.88,False,False,,0,,0.0,,0.0,0.0,,,0.0,confirmed,confirmed,,,0,,0.0,4722835,0,0,3457642,0,0,0,0,3914264,0,0,259702,0,0,2091001,0,0,0,0,0,0,0,0,64.5,35.5,0.0,112149,61719,0,0,173868
CA-34,house,CA,34,Jimmy Gomez,(no Republican — top-two),DEM,REP,DEM,DEM,40.0,100.0,0.0,Safe D,59.11,5.5,68.42,0.0,1.67,2.14,53.04,-13.04,False,False,,0,,0.0,,0.0,0.0,DEM,Angela Gonzales-Torres,80.0,confirmed,,,,0,,0.0,1175128,0,0,781726,0,0,0,0,482161,0,0,12050,0,0,521144,0,0,0,0,0,76784,0,0,100.0,0.0,0.0,150165,0,0,0,150165
CA-35,house,CA,35,Norma Torres,Mike Cargile,DEM,REP,DEM,DEM,26.91,99.6,0.4,Safe D,14.39,5.5,26.91,2.03,3.11,1.89,8.0,18.92,False,False,,0,,0.0,,0.0,0.0,,,0.0,confirmed,confirmed,,,0,,0.0,769061,4759,0,339247,2873,0,0,0,733128,2357,0,43080,1559,0,498820,0,0,0,0,0,889,12960,0,63.46,36.54,0.0,115667,66609,0,0,182276
CA-36,house,CA,36,Ted Lieu,Houston Brignano,DEM,REP,DEM,DEM,51.7,100.0,0.0,Safe D,43.7,5.5,51.7,2.66,0.02,-0.19,40.42,11.27,False,False,,0,,0.0,,0.0,0.0,,,0.0,confirmed,confirmed,,,0,,0.0,1832769,5139,0,1188399,801,0,106348,0,1319377,4338,0,35142,678,0,570479,0,0,0,0,0,27711,773,0,75.85,24.15,0.0,204733,65192,0,0,269925
CA-37,house,CA,37,Sydney Kamlager-Dove,(no Republican — top-two),DEM,REP,DEM,DEM,40.0,100.0,0.0,Safe D,68.12,5.5,77.18,0.0,1.67,1.9,62.31,-22.31,False,False,,0,,0.0,,0.0,0.0,DEM,Samantha Mota,80.0,confirmed,,,,0,,0.0,1150468,0,0,185491,0,0,0,0,1026975,0,0,387951,0,0,385235,0,0,0,0,0,0,0,0,100.0,0.0,0.0,164586,0,0,0,164586
CA-38,house,CA,38,Hilda Solis,Pedro Casas,DEM,REP,,DEM,26.63,99.6,0.4,Safe D,19.26,5.5,26.63,0.0,0.0,1.87,12.8,13.84,False,False,,0,,0.0,,0.0,0.0,,,0.0,confirmed,confirmed,,,0,,0.0,1049534,0,0,154503,0,0,367531,0,895031,0,0,22180,0,0,124249,0,0,0,0,0,178,0,0,63.32,36.68,0.0,115986,67199,0,0,183185
CA-39,house,CA,39,Mark Takano,Steve Manos,DEM,REP,DEM,DEM,25.94,99.5,0.5,Safe D,16.28,5.5,25.94,0.0,2.05,2.11,9.85,16.09,False,False,,0,,0.0,,0.0,0.0,,,0.0,confirmed,confirmed,,,0,,0.0,893848,0,0,186224,0,0,0,0,976794,0,0,107176,0,0,404800,0,0,0,0,0,0,0,0,62.97,37.03,0.0,103638,60947,0,0,164585
CA-40,house,CA,40,(no Democrat — top-two),Ken Calvert,DEM,REP,REP,REP,-40.0,0.0,100.0,Safe R,-9.94,5.5,-4.08,0.0,-0.16,0.52,-12.6,-27.4,False,False,,0,,0.0,,0.0,0.0,REP,Young Kim,80.0,,confirmed,,,0,,0.0,0,6142469,0,0,1497001,0,577540,451180,0,4907604,0,0,265201,0,0,1379327,0,0,0,0,0,2370,0,0.0,100.0,0.0,0,266738,0,0,266738
CA-41,house,CA,41,Linda Sanchez,Mitch Clemmons,DEM,REP,DEM,DEM,31.76,99.9,0.1,Safe D,19.82,5.5,31.76,2.64,1.82,1.98,14.61,17.15,False,False,,0,,0.0,,0.0,0.0,,,0.0,confirmed,confirmed,,,0,,0.0,1602790,1709,0,415746,1659,0,300000,0,1612831,50,0,26484,209,0,1243209,0,0,0,500,0,12116,0,0,65.88,34.12,0.0,143328,74225,0,0,217554
CA-42,house,CA,42,Robert Garcia,Brian Burley,DEM,REP,DEM,DEM,26.86,99.6,0.4,Safe D,17.06,5.5,26.86,1.69,2.11,0.51,13.57,13.29,False,False,,0,,0.0,,0.0,0.0,,,0.0,confirmed,confirmed,,,0,,0.0,2615120,231371,0,1381467,5509,0,0,0,1646081,231639,0,1109602,22656,0,625683,0,0,0,186000,0,0,132309,0,63.43,36.57,0.0,155257,89503,0,0,244759
CA-43,house,CA,43,Maxine Waters,Cristian Morales,DEM,REP,DEM,DEM,64.08,100.0,0.0,Safe D,57.03,5.5,64.08,0.0,-0.56,2.11,50.59,13.49,False,False,,0,,0.0,,0.0,0.0,,,0.0,confirmed,confirmed,,,0,,0.0,863683,0,0,269669,0,0,0,0,710470,0,0,20299,0,0,400500,0,0,0,0,0,211525,0,0,82.04,17.96,0.0,128290,28083,0,0,156374
CA-44,house,CA,44,Nanette Barragan,Genevieve Angel,DEM,REP,DEM,DEM,59.51,100.0,0.0,Safe D,43.8,5.5,59.51,1.93,5.72,2.57,36.32,23.19,False,False,,0,,0.0,,0.0,0.0,,,0.0,confirmed,confirmed,,,0,,0.0,785765,13898,0,1088423,8746,0,0,0,1178896,5152,0,3847,1705,0,606750,0,0,0,3000,0,0,3000,0,79.76,20.24,0.0,122693,31140,0,0,153833
CA-45,house,CA,45,Derek Tran,Chuong Vo,DEM,REP,DEM,DEM,20.9,98.0,2.0,Safe D,8.5,5.5,20.9,1.39,4.91,0.6,4.07,16.83,False,False,,0,,0.0,,0.0,0.0,,,0.0,confirmed,confirmed,,,0,,0.0,4981277,756510,0,3257398,0,0,394010,0,2051202,756510,0,796121,6920,0,1107439,0,0,0,720000,0,25000,0,0,60.45,39.55,0.0,127085,83144,0,0,210230
CA-46,house,CA,46,Lou Correa,David Pan,DEM,REP,DEM,DEM,40.02,100.0,0.0,Safe D,22.26,5.5,40.02,1.73,8.5,2.03,16.7,23.32,False,False,,0,,0.0,,0.0,0.0,,,0.0,confirmed,confirmed,,,0,,0.0,1226104,80726,0,2479554,6238,0,107387,0,613912,77368,0,4351,3264,0,666283,250,0,0,9000,0,8132,33477,0,70.01,29.99,0.0,111502,47769,0,0,159271
CA-47,house,CA,47,Dave Min,Jenny Rae Le Roux,DEM,REP,DEM,DEM,23.83,99.1,0.9,Safe D,13.59,5.5,23.11,1.61,2.57,-0.17,10.47,13.36,False,False,LIB,0,,0.0,,0.0,0.0,,,0.0,confirmed,confirmed,,,0,,0.0,3381161,375883,0,1889360,128533,0,697088,0,1664867,247351,0,346683,31946,0,599642,0,0,0,150500,0,0,157500,0,59.68,36.71,3.61,149453,91935,9040,0,250428
CA-48,house,CA,48,Marni von Wilpert,Jim Desmond,DEM,REP,,REP,9.93,84.0,16.0,Likely D,5.87,5.5,12.37,0.13,0.0,0.86,3.52,6.41,False,False,,0,,0.0,,0.0,0.0,,,0.0,confirmed,confirmed,45.16,42.21,2,3.31,0.254,2174872,2258836,0,825012,1230031,0,2439978,705909,1349861,1028804,0,326383,250752,0,443335,145099,0,1975,0,0,67000,7170,0,54.97,45.03,0.0,126221,103416,0,0,229638
CA-49,house,CA,49,Mike Levin,Armen Kurdian,DEM,REP,DEM,DEM,22.56,98.7,1.3,Safe D,14.79,5.5,22.56,2.54,-0.29,0.01,12.48,10.08,False,False,,0,,0.0,,0.0,0.0,,,0.0,confirmed,confirmed,,,0,,0.0,3164023,58784,0,1418237,17916,0,60445,0,2015523,40867,0,216738,7064,0,392785,1000,0,0,13613,0,0,28967,0,61.28,38.72,0.0,166577,105254,0,0,271831
CA-50,house,CA,50,Scott Peters,Steve Cohen,DEM,REP,DEM,DEM,26.84,99.6,0.4,Safe D,21.04,5.5,26.84,0.0,0.44,-0.14,18.83,8.01,False,False,,0,,0.0,,0.0,0.0,,,0.0,confirmed,confirmed,,,0,,0.0,1810961,0,0,2598276,0,0,0,0,1363206,0,0,16263,0,0,1066750,0,0,1641,0,0,170760,0,0,63.42,36.58,0.0,165031,95195,0,0,260226
CA-51,house,CA,51,Sara Jacobs,Ricardo Cabrera,DEM,REP,DEM,DEM,28.06,99.7,0.3,Safe D,21.68,5.5,28.06,0.0,0.56,0.32,18.79,9.28,False,False,,0,,0.0,,0.0,0.0,,,0.0,confirmed,confirmed,,,0,,0.0,1639893,0,0,269452,0,0,0,0,1447813,0,0,153441,0,0,207250,0,0,929347,0,0,350000,0,0,64.03,35.97,0.0,159406,89541,0,0,248947
CA-52,house,CA,52,Juan Vargas,Jeff Belle,DEM,REP,DEM,DEM,40.32,100.0,0.0,Safe D,24.77,5.5,40.32,1.58,6.46,2.01,18.06,22.26,False,False,,0,,0.0,,0.0,0.0,,,0.0,confirmed,confirmed,,,0,,0.0,568520,25498,0,163676,1364,0,0,0,495684,24134,0,153,572,0,431200,0,0,0,0,0,0,7000,0,70.16,29.84,0.0,133915,56961,0,0,190877
CO-01,house,CO,01,Melat Kiros,Christy Peterson,DEM,REP,,DEM,69.9,100.0,0.0,Safe D,62.88,5.5,69.9,1.19,0.0,0.34,57.61,12.29,False,False,,0,,0.0,,0.0,0.0,,,0.0,confirmed,confirmed,,,0,,0.0,1091198,2057,0,126406,1703,0,627215,675000,964792,354,0,460978,713,0,26890,150,0,4953,0,0,1100,0,0,84.95,15.05,0.0,217858,38590,0,0,256448
CO-02,house,CO,02,Joe Neguse,Kelley Dennison,DEM,REP,DEM,DEM,52.4,100.0,0.0,Safe D,44.61,5.5,52.4,0.0,2.69,-0.4,40.92,11.48,False,False,,0,,0.0,,0.0,0.0,,,0.0,confirmed,confirmed,,,0,,0.0,2742281,0,0,3092918,0,0,0,0,1640260,0,0,222945,0,0,983752,0,0,0,0,0,0,0,0,76.2,23.8,0.0,230395,71960,0,0,302356
CO-03,house,CO,03,Dwayne Romero,Jeff Hurd,DEM,REP,REP,REP,-1.71,42.8,57.2,Toss-up,-5.85,5.5,-1.3,-1.17,0.11,0.11,-9.98,8.26,False,False,,0,,0.0,,0.0,0.0,,,0.0,confirmed,confirmed,45.0,46.0,1,-3.31,0.153,716576,3552599,0,84208,1760849,0,0,115849,632367,1800885,0,30053,76384,0,12000,568651,0,350000,0,0,350000,0,0,49.14,50.86,0.0,139931,144805,0,0,284736
CO-04,house,CO,04,Eileen Laubacher,Lauren Boebert,DEM,REP,REP,REP,-5.08,30.4,69.6,Lean R,-15.35,5.5,-5.08,1.71,3.47,-0.42,-18.71,13.63,False,False,,0,,0.0,,0.0,0.0,,,0.0,confirmed,confirmed,,,0,,0.0,10349940,1010297,0,3610909,247202,0,0,0,6739031,922240,0,7575504,393909,0,17510,130500,0,0,0,0,0,0,0,47.46,52.54,0.0,153342,169763,0,0,323105
CO-05,house,CO,05,Jessica Killin,Jeff Crank,DEM,REP,REP,REP,-6.5,25.7,74.3,Lean R,-6.39,5.5,-6.94,0.29,-6.17,-0.17,-9.34,2.83,False,False,,0,,0.0,,0.0,0.0,,,0.0,confirmed,confirmed,43.99,45.0,2,-3.27,0.15,3143744,2177288,0,1592642,1465048,0,297254,4304,1551102,778793,0,176908,141653,0,269345,837000,0,632433,0,0,0,0,0,46.75,53.25,0.0,122870,139962,0,0,262831
CO-06,house,CO,06,Jason Crow,Jason Clark,DEM,REP,DEM,DEM,33.25,99.9,0.1,Safe D,24.89,5.5,33.25,0.0,2.76,0.1,20.36,12.89,False,False,,0,,0.0,,0.0,0.0,,,0.0,confirmed,confirmed,,,0,,0.0,3177447,0,0,2707899,0,0,0,0,2217842,0,0,1102428,0,0,208550,0,0,0,0,0,0,0,0,66.62,33.38,0.0,168066,84192,0,0,252258
CO-07,house,CO,07,Brittany Pettersen,Tim Bennett,DEM,REP,DEM,DEM,28.91,99.8,0.2,Safe D,18.62,5.5,28.91,2.12,3.03,-0.36,15.41,13.5,False,False,,0,,0.0,,0.0,0.0,,,0.0,confirmed,confirmed,,,0,,0.0,1866765,63306,0,1105388,1325,0,0,0,1322310,61981,0,186392,3482,0,997205,999,0,0,29800,0,0,20000,0,64.46,35.54,0.0,201125,110913,0,0,312038
CO-08,house,CO,08,Manny Rutinel,Gabe Evans,DEM,REP,REP,REP,8.11,79.2,20.8,Likely D,3.53,5.5,8.11,-0.01,-1.67,0.76,-1.88,9.99,False,False,,0,,0.0,,0.0,0.0,,,0.0,confirmed,confirmed,,,0,,0.0,4336988,5393673,0,601232,3880463,0,4892062,2010698,3735756,1588203,0,2065691,784602,0,92650,1427927,0,0,0,0,0,154186,0,54.05,45.95,0.0,130351,110799,0,0,241150
CT-01,house,CT,01,Luke Bronin,Amy Chai,DEM,REP,,DEM,32.69,99.9,0.1,Safe D,25.59,5.5,32.69,1.59,0.0,0.01,23.27,9.42,False,False,,0,,0.0,,0.0,0.0,,,0.0,confirmed,confirmed,,,0,,0.0,3070151,20827,0,600894,344,0,1755666,1125106,2469257,16227,0,122156,1860,0,22500,0,0,0,16736,0,0,0,0,66.34,33.66,0.0,159744,81035,0,0,240779
CT-02,house,CT,02,Joe Courtney,George Austin,DEM,REP,DEM,DEM,22.99,98.8,1.2,Safe D,9.53,5.5,22.99,0.66,7.88,-0.59,7.86,15.13,False,False,,0,,0.0,,0.0,0.0,,,0.0,confirmed,confirmed,,,0,,0.0,760424,283997,0,603234,199951,0,0,0,508302,84046,0,93731,20447,0,433000,3600,0,0,240000,0,0,240000,0,61.49,38.51,0.0,167273,104740,0,0,272012
CT-03,house,CT,03,Rosa DeLauro,Christopher Lancia,DEM,REP,DEM,DEM,29.01,99.8,0.2,Safe D,16.66,5.5,29.01,2.19,4.74,-0.08,14.34,14.67,False,False,,0,,0.0,,0.0,0.0,,,0.0,confirmed,confirmed,,,0,,0.0,1152007,14649,0,349418,4028,0,0,0,1028036,4446,0,60128,7163,0,520762,0,0,0,1000,0,0,0,0,64.51,35.49,0.0,154450,84980,0,0,239430
CT-04,house,CT,04,Jim Himes,Michael Goldstein,DEM,REP,DEM,DEM,35.47,100.0,0.0,Safe D,26.57,5.5,35.47,2.02,1.17,0.21,23.73,11.74,False,False,,0,,0.0,,0.0,0.0,,,0.0,confirmed,confirmed,,,0,,0.0,1379560,46809,0,2517677,41042,0,0,0,968702,5768,0,43822,2778,0,830500,0,0,0,25000,0,0,29518,0,67.74,32.26,0.0,160483,76440,0,0,236923
CT-05,house,CT,05,Jahana Hayes,Chris Shea,DEM,REP,DEM,DEM,15.01,93.2,6.8,Likely D,7.82,5.5,15.01,0.98,0.67,0.04,5.68,9.33,False,False,,0,,0.0,,0.0,0.0,,,0.0,confirmed,confirmed,,,0,,0.0,1290078,311676,0,1084158,145617,0,0,0,728471,166059,0,151428,61525,0,578355,13947,0,0,600,0,0,31450,0,57.5,42.5,0.0,139157,102838,0,0,241996
DE-01,house,DE,01,Sarah McBride,Donyale Hall,DEM,REP,DEM,DEM,31.1,99.9,0.1,Safe D,18.03,5.5,31.1,3.46,4.39,-0.28,14.84,16.26,False,False,,0,,0.0,,0.0,0.0,,,0.0,projected,projected,,,0,,0.0,5060925,779,0,2700202,240,0,0,0,2567850,539,0,1319688,679,0,467900,0,0,0,0,0,0,0,0,65.55,34.45,0.0,234370,123173,0,0,357542
FL-01,house,FL,01,Gay Valimont,Jimmy Patronis,DEM,REP,REP,REP,-32.63,0.1,99.9,Safe R,-33.82,5.5,-32.63,-2.11,-1.67,-0.54,-37.53,4.9,False,False,,0,,0.0,,0.0,0.0,,,0.0,confirmed,confirmed,,,0,,0.0,174309,3789738,0,21814,935302,0,151354,2145004,152495,2854437,0,107445,698132,0,1285,588300,0,0,12000,0,0,29943,0,33.69,66.31,0.0,99652,196176,0,0,295828
FL-02,house,FL,02,Amanda Green,Austin Rogers,DEM,REP,,REP,-9.44,17.3,82.7,Likely R,-13.52,5.5,-9.44,-1.02,0.0,-0.4,-18.33,8.89,False,False,,0,,0.0,,0.0,0.0,,,0.0,confirmed,confirmed,,,0,,0.0,348120,1010277,0,28038,387029,0,91203,1820559,320082,623248,0,48854,16934,0,6000,6500,0,1440,375000,0,0,377218,0,45.28,54.72,0.0,130951,158243,0,0,289194
FL-03,house,FL,03,Seth Harp,Kat Cammack,DEM,REP,REP,REP,-17.07,4.5,95.5,Safe R,-16.5,5.5,-17.07,-2.38,-3.43,-0.27,-21.26,4.19,False,False,,0,,0.0,,0.0,0.0,,,0.0,confirmed,confirmed,,,0,,0.0,37794,2045294,0,3011,876971,0,0,0,34784,1723874,0,15964,399283,0,0,727500,0,1155,0,0,735,0,0,41.46,58.54,0.0,116318,164212,0,0,280531
FL-04,house,FL,04,LaShonda Holloway,Aaron Bean,DEM,REP,REP,REP,-8.38,20.1,79.9,Likely R,-7.89,5.5,-8.38,-2.52,-3.29,-0.19,-11.96,3.59,False,False,,0,,0.0,,0.0,0.0,,,0.0,confirmed,confirmed,,,0,,0.0,27348,2163376,0,23633,1632550,0,0,0,14155,1005547,0,9740,6600,0,488,1149650,0,0,0,0,10440,14411,0,45.81,54.19,0.0,127870,151253,0,0,279123
FL-05,house,FL,05,Rachel Grage,John Rutherford,DEM,REP,REP,REP,-17.5,4.2,95.8,Safe R,-17.7,5.5,-17.5,-0.66,-4.34,-0.3,-21.69,4.2,False,False,,0,,0.0,,0.0,0.0,,,0.0,confirmed,confirmed,,,0,,0.0,272423,726727,0,90533,268730,0,0,0,174862,635666,0,58368,759,0,0,452500,0,1191,0,0,0,0,0,41.25,58.75,0.0,126788,180563,0,0,307352
FL-06,house,FL,06,Eric Yonce,Randy Fine,DEM,REP,REP,REP,-24.17,0.9,99.1,Safe R,-25.64,5.5,-24.17,-1.98,-1.67,-0.38,-30.31,6.14,False,False,,0,,0.0,,0.0,0.0,,,0.0,confirmed,confirmed,,,0,,0.0,325710,4286207,0,34096,1191059,0,59551,3717099,291614,3095148,0,270159,566290,0,250,468360,0,2065,950000,0,0,950000,0,37.92,62.08,0.0,117461,192339,0,0,309800
FL-07,house,FL,07,Bale Dalton,Ryan Elijah,DEM,REP,,REP,-1.21,44.8,55.2,Toss-up,-7.95,5.5,-1.21,1.15,0.0,0.1,-12.62,11.41,False,False,,0,,0.0,,0.0,0.0,,,0.0,confirmed,confirmed,,,0,,0.0,1378109,355955,0,475858,186155,0,1400000,13500,902251,169801,0,141692,12004,0,181100,0,0,0,134100,0,0,138193,0,49.4,50.6,0.0,148207,151824,0,0,300032
FL-08,house,FL,08,Jennifer Jenkins,Mike Haridopolos,DEM,REP,REP,REP,-9.56,16.9,83.1,Likely R,-12.15,5.5,-9.13,-0.66,-1.67,-0.15,-16.4,6.83,False,False,,0,,0.0,,0.0,0.0,,,0.0,confirmed,confirmed,35.0,44.0,1,-11.0,0.15,725731,1824838,0,108111,1197777,0,0,0,617619,885224,0,469685,37550,0,8000,700750,0,0,0,0,0,10138,0,45.22,54.78,0.0,136854,165793,0,0,302647
FL-09,house,FL,09,Darren Soto,Dan Green,DEM,REP,DEM,DEM,-0.26,48.5,51.5,Toss-up,-11.72,5.5,0.84,0.37,5.65,1.03,-17.93,17.68,False,False,,0,,0.0,,0.0,0.0,,,0.0,confirmed,confirmed,41.0,41.0,1,-2.45,0.285,2157834,1298516,0,1187355,363243,0,37424,15570,984598,935273,0,14844,5427,0,1387044,8500,0,0,1140000,0,0,1140000,0,49.87,50.13,0.0,131102,131778,0,0,262880
FL-10,house,FL,10,Maxwell Frost,(no Republican filed),DEM,REP,DEM,DEM,38.4,100.0,0.0,Safe D,29.82,5.5,38.4,0.0,2.11,0.97,24.29,14.11,False,False,,0,,0.0,,0.0,0.0,,,0.0,confirmed,,,,0,,0.0,3474867,0,0,1283056,0,0,0,0,3283537,0,0,1846965,0,0,289100,0,0,8250,0,0,0,0,0,69.2,30.8,0.0,145284,64657,0,0,209940
FL-11,house,FL,11,James Pericola,Joe Strada,DEM,REP,,REP,-7.5,22.6,77.4,Likely R,-11.43,5.5,-8.36,-2.59,0.0,0.17,-15.84,8.34,False,False,,0,,0.0,,0.0,0.0,,,0.0,confirmed,confirmed,41.8,42.1,1,-2.64,0.169,119754,5248640,0,32231,2248903,0,0,244363,87523,2999737,0,2780,5630,0,0,0,0,64965,5000000,0,59965,5000000,0,46.25,53.75,0.0,145903,169568,0,0,315471
FL-12,house,FL,12,Kimberly Overman,Gus Bilirakis,DEM,REP,REP,REP,-11.95,11.6,88.4,Likely R,-9.94,5.5,-11.95,-1.45,-6.47,0.41,-15.55,3.6,False,False,,0,,0.0,,0.0,0.0,,,0.0,confirmed,confirmed,,,0,,0.0,186813,1588538,0,4906,554070,0,0,0,181906,1155885,0,76617,7612,0,852,828700,0,14001,0,0,30748,0,0,44.02,55.98,0.0,118469,150640,0,0,269109
FL-13,house,FL,13,Leela Gray,Anna Paulina Luna,DEM,REP,REP,REP,-5.02,30.6,69.4,Lean R,-9.09,5.5,-5.09,-0.71,-0.35,-0.43,-13.46,8.44,False,False,,0,,0.0,,0.0,0.0,,,0.0,confirmed,confirmed,42.63,46.6,4,-4.25,0.287,1223069,3233312,0,683295,1474124,0,0,3279,539774,1890603,0,198220,1125753,0,70500,103000,0,7000,0,0,7000,0,0,47.49,52.51,0.0,136065,150440,0,0,286505
FL-14,house,FL,14,Kathy Castor,Mike Beltran,DEM,REP,DEM,DEM,6.27,73.6,26.4,Lean D,-5.8,5.5,5.84,0.08,5.55,0.51,-10.62,16.89,False,False,,0,,0.0,,0.0,0.0,,,0.0,confirmed,confirmed,46.2,37.5,1,9.78,0.15,2337999,2116747,0,1744723,1939864,0,122129,30354,820006,176884,0,194116,5843,0,877242,0,0,0,2014000,0,0,2019210,0,53.14,46.86,0.0,144858,127758,0,0,272616
FL-15,house,FL,15,Robert People,Laurel Lee,DEM,REP,REP,REP,-15.32,6.4,93.6,Likely R,-14.62,5.5,-15.32,-2.46,-3.69,-0.05,-20.09,4.77,False,False,,0,,0.0,,0.0,0.0,,,0.0,confirmed,confirmed,,,0,,0.0,40108,2346664,0,3474,1960682,0,0,0,36634,820753,0,11851,3293,0,200,852500,0,17072,0,0,10440,0,0,42.34,57.66,0.0,118621,161543,0,0,280164
FL-16,house,FL,16,Kelly Kirschner,Sydney Gruters,DEM,REP,,REP,-3.83,34.9,65.1,Lean R,-8.67,5.5,-4.54,-1.19,0.0,-0.19,-13.81,9.98,False,False,,0,,0.0,,0.0,0.0,,,0.0,confirmed,confirmed,40.0,39.0,1,-1.57,0.28,296507,1087683,0,80738,622381,0,0,1635707,215769,465301,0,35358,4074,0,0,120500,0,502,7000,0,106,0,0,48.08,51.92,0.0,145797,157417,0,0,303214
FL-17,house,FL,17,Matthew Montavon,Greg Steube,DEM,REP,REP,REP,-18.13,3.6,96.4,Safe R,-17.18,5.5,-18.13,-1.69,-4.39,-0.37,-22.24,4.11,False,False,,0,,0.0,,0.0,0.0,,,0.0,confirmed,confirmed,,,0,,0.0,96489,1337887,0,23859,2083868,0,0,0,72590,845315,0,17810,132513,0,0,580500,0,38579,0,0,33000,0,0,40.93,59.07,0.0,129947,187508,0,0,317455
FL-18,house,FL,18,Curtis Gibson,Scott Franklin,DEM,REP,REP,REP,-10.92,13.7,86.3,Likely R,-12.24,5.5,-10.92,-2.0,-2.65,0.48,-17.1,6.19,False,False,,0,,0.0,,0.0,0.0,,,0.0,confirmed,confirmed,,,0,,0.0,12208,850000,0,1452,960764,0,0,0,10756,371131,0,2460,2509,0,0,377500,0,9748,0,0,0,298500,0,44.54,55.46,0.0,116018,144456,0,0,260473
FL-19,house,FL,19,Victor Arias,Jim Schwartzel,DEM,REP,,REP,-22.09,1.5,98.5,Safe R,-25.42,5.5,-22.09,-2.21,0.0,0.04,-30.42,8.32,False,False,,0,,0.0,,0.0,0.0,,,0.0,confirmed,confirmed,,,0,,0.0,45356,2065485,0,19203,181899,0,47879,0,26154,1883586,0,3106,5706,0,0,9500,0,30500,1050000,0,36454,1050000,0,38.95,61.05,0.0,115669,181269,0,0,296938
FL-20,house,FL,20,Debbie Wasserman Schultz,Brent Andersen,DEM,REP,DEM,DEM,54.1,100.0,0.0,Safe D,43.68,5.5,54.1,2.43,1.67,0.83,37.5,16.6,False,False,,0,,0.0,,0.0,0.0,,,0.0,confirmed,confirmed,,,0,,0.0,3300107,63849,0,1861373,40623,0,306365,66500,2496043,23226,0,95739,1037,0,728500,0,0,0,0,0,0,0,0,77.05,22.95,0.0,175507,52273,0,0,227780
FL-21,house,FL,21,James Martin,Brian Mast,DEM,REP,REP,REP,-13.97,8.2,91.8,Likely R,-11.48,5.5,-13.97,-1.45,-6.47,-0.06,-16.36,2.4,False,False,,0,,0.0,,0.0,0.0,,,0.0,confirmed,confirmed,,,0,,0.0,579319,4308890,0,188045,2928458,0,0,50950,391274,3151810,0,73882,1156653,0,0,389200,0,150001,0,0,150000,0,0,43.02,56.98,0.0,136069,180242,0,0,316310
FL-22,house,FL,22,Pia Dandiya,Casey Askar,DEM,REP,,DEM,0.97,54.3,45.7,Toss-up,-3.83,5.5,2.48,-0.01,0.0,0.83,-10.6,11.57,False,False,,0,,0.0,,0.0,0.0,,,0.0,confirmed,confirmed,49.55,49.33,2,-2.21,0.288,2284052,2567760,0,1296684,1048396,0,704806,0,987368,1519364,0,267274,410,0,72001,0,0,247000,2500000,0,247000,2100000,0,50.48,49.52,0.0,137173,134546,0,0,271719
FL-23,house,FL,23,Lois Frankel,Deborah Adeimy,DEM,REP,DEM,DEM,31.97,99.9,0.1,Safe D,20.58,5.5,31.97,1.81,3.42,0.66,13.94,18.03,False,False,,0,,0.0,,0.0,0.0,,,0.0,confirmed,confirmed,,,0,,0.0,2276254,162515,0,1212162,33691,0,151713,0,1351534,132432,0,490011,6508,0,525250,0,0,0,87004,0,0,65466,0,65.98,34.02,0.0,157023,80949,0,0,237972
FL-24,house,FL,24,Oliver Gilbert,Mayonna Te Brown,DEM,REP,,DEM,54.99,100.0,0.0,Safe D,47.69,5.5,54.99,0.02,0.0,1.78,39.08,15.92,False,False,,0,,0.0,,0.0,0.0,,,0.0,confirmed,confirmed,,,0,,0.0,812143,313318,0,229093,298626,0,895056,2308884,583050,14693,0,7123,1225,0,25000,0,0,0,306068,0,0,306068,0,77.5,22.5,0.0,151101,43877,0,0,194978
FL-25,house,FL,25,Jared Moskowitz,Scott Singer,DEM,REP,DEM,DEM,6.92,75.6,24.4,Likely D,-2.03,5.5,6.87,0.15,2.65,0.59,-9.22,16.14,False,False,,0,,0.0,,0.0,0.0,,,0.0,confirmed,confirmed,51.0,39.0,1,10.15,0.15,2998428,2245960,0,1882634,466219,0,559574,1032564,1465081,1779741,0,528039,187835,0,561392,38000,0,0,724010,0,20700,579453,0,53.46,46.54,0.0,141842,123484,0,0,265327
FL-26,house,FL,26,Nicole Locklin,Mario Diaz-Balart,DEM,REP,REP,REP,-10.31,15.1,84.9,Likely R,-9.45,5.5,-10.31,-1.25,-8.17,3.07,-18.5,8.2,False,False,,0,,0.0,,0.0,0.0,,,0.0,confirmed,confirmed,,,0,,0.0,347681,2060782,0,198600,2538703,0,0,0,149082,1341399,0,72396,2622,0,0,845150,0,250918,0,0,250000,0,0,44.85,55.15,0.0,102669,126263,0,0,228932
FL-27,house,FL,27,Eliott Rodriguez,Maria Salazar,DEM,REP,REP,REP,-5.53,28.9,71.1,Lean R,-6.61,5.5,-5.97,-0.8,-7.1,3.03,-14.7,9.17,False,False,,0,,0.0,,0.0,0.0,,,0.0,confirmed,confirmed,45.0,45.0,1,-2.45,0.285,661173,1999399,0,325097,2259547,0,0,25000,336076,1150679,0,64968,17867,0,0,533179,0,7000,2493,0,0,14300,0,47.24,52.76,0.0,111901,124995,0,0,236896
FL-28,house,FL,28,Phil Ehr,Carlos Gimenez,DEM,REP,REP,REP,-13.96,8.2,91.8,Likely R,-16.09,5.5,-15.72,-0.22,-7.91,3.0,-25.63,11.67,False,False,,0,,0.0,,0.0,0.0,,,0.0,confirmed,confirmed,41.0,45.0,1,-2.25,0.15,438286,601254,0,454610,692873,0,0,0,76322,484409,0,9365,2016,0,0,276750,0,343200,0,0,644084,0,0,43.02,56.98,0.0,101373,134267,0,0,235640
GA-01,house,GA,01,Amanda Hollowell,Jim Kingston,DEM,REP,,REP,-8.31,20.3,79.7,Likely R,-11.6,5.5,-8.31,-1.91,0.0,-0.3,-15.92,7.61,False,False,,0,,0.0,,0.0,0.0,,,0.0,confirmed,confirmed,,,0,,0.0,162500,1944528,0,7389,294093,0,0,2151837,155572,1650436,0,44845,24117,0,1000,202450,0,32512,0,0,32512,0,0,45.85,54.15,0.0,116787,137945,0,0,254732
GA-02,house,GA,02,Sanford Bishop,Matt Day,DEM,REP,DEM,DEM,24.33,99.2,0.8,Safe D,12.26,5.5,24.33,1.14,5.49,-0.06,7.66,16.68,False,False,,0,,0.0,,0.0,0.0,,,0.0,confirmed,confirmed,,,0,,0.0,1126530,206344,0,447808,1768,0,0,0,861583,204576,0,19920,0,0,738750,0,0,0,182288,0,0,50000,0,62.17,37.83,0.0,137797,83863,0,0,221660
GA-03,house,GA,03,Maura Keller,Brian Jack,DEM,REP,REP,REP,-28.88,0.2,99.8,Safe R,-26.5,5.5,-28.88,-1.76,-5.67,-0.45,-29.88,1.0,False,False,,0,,0.0,,0.0,0.0,,,0.0,confirmed,confirmed,,,0,,0.0,150514,2045913,0,87576,1142625,0,0,0,65894,1143464,0,47952,212179,0,4000,836640,0,0,0,0,25520,8770,0,35.56,64.44,0.0,104168,188758,0,0,292926
GA-04,house,GA,04,Henry Johnson,James Duffie,DEM,REP,DEM,DEM,65.64,100.0,0.0,Safe D,58.26,5.5,65.64,0.0,1.33,0.56,53.04,12.6,False,False,,0,,0.0,,0.0,0.0,,,0.0,confirmed,confirmed,,,0,,0.0,402315,0,0,117906,0,0,0,0,396085,0,0,19345,0,0,317529,0,0,0,0,0,5211,0,0,82.82,17.18,0.0,179276,37183,0,0,216459
GA-05,house,GA,05,Nikema Williams,John Salvesen,DEM,REP,DEM,DEM,84.1,100.0,0.0,Safe D,76.66,5.5,84.1,0.0,1.79,0.14,72.33,11.77,False,False,,0,,0.0,,0.0,0.0,,,0.0,confirmed,confirmed,,,0,,0.0,599715,0,0,76092,0,0,0,0,536865,0,0,26128,0,0,402755,0,0,0,0,0,0,0,0,92.05,7.95,0.0,226820,19594,0,0,246414
GA-06,house,GA,06,Lucy McBath,Kevin Martin,DEM,REP,DEM,DEM,63.4,100.0,0.0,Safe D,53.79,5.5,63.4,2.07,1.78,0.26,50.34,13.06,False,False,,0,,0.0,,0.0,0.0,,,0.0,confirmed,confirmed,,,0,,0.0,896856,10320,0,676349,100,0,0,0,1173781,10220,0,53943,0,0,344217,0,0,0,10320,0,0,10320,0,81.7,18.3,0.0,214939,48151,0,0,263091
GA-07,house,GA,07,Tony Kozycki,Rich McCormick,DEM,REP,REP,REP,-16.76,4.8,95.2,Safe R,-18.48,5.5,-20.64,-1.01,-6.18,-0.47,-22.27,5.51,False,False,,0,,0.0,,0.0,0.0,,,0.0,confirmed,confirmed,43.0,46.0,1,-5.56,0.265,392831,1642413,0,277427,1007984,0,0,0,115405,1332251,0,14428,11662,0,5000,435500,0,316702,0,0,316702,1000,0,41.62,58.38,0.0,125926,176631,0,0,302558
GA-08,house,GA,08,Kelly Esti,Austin Scott,DEM,REP,REP,REP,-29.24,0.2,99.8,Safe R,-26.32,5.5,-29.24,-2.12,-6.01,-0.3,-30.76,1.51,False,False,,0,,0.0,,0.0,0.0,,,0.0,confirmed,confirmed,,,0,,0.0,19343,1124952,0,1688,1349452,0,1748,0,24003,755665,0,843,1338,0,0,703250,0,1000,0,0,0,0,0,35.38,64.62,0.0,85609,156378,0,0,241986
GA-09,house,GA,09,Caitlyn Gegen,Andrew Clyde,DEM,REP,REP,REP,-30.31,0.1,99.9,Safe R,-30.64,5.5,-30.31,-1.43,-3.57,-0.17,-34.33,4.02,False,False,,0,,0.0,,0.0,0.0,,,0.0,confirmed,confirmed,,,0,,0.0,43387,671072,0,4670,176253,0,44440,35522,38718,590804,0,10051,44424,0,2000,118711,0,6181,0,0,0,1298864,0,34.84,65.16,0.0,97956,183182,0,0,281138
GA-10,house,GA,10,Pamela DeLancy,Houston Gaines,DEM,REP,,REP,-15.95,5.7,94.3,Likely R,-17.58,5.5,-15.95,-2.86,-0.63,-0.38,-20.93,4.99,False,False,,0,,0.0,,0.0,0.0,,,0.0,confirmed,confirmed,,,0,,0.0,23080,2303880,0,8705,703420,0,0,2841837,11121,1600460,0,3980,35638,0,0,214510,0,7600,0,0,4100,0,0,42.03,57.97,0.0,121787,168008,0,0,289794
GA-11,house,GA,11,Chris Harden,John Cowan,DEM,REP,,REP,-17.05,4.6,95.4,Safe R,-20.01,5.5,-17.05,-2.21,0.0,-0.33,-23.52,6.47,False,False,,0,,0.0,,0.0,0.0,,,0.0,confirmed,confirmed,,,0,,0.0,76330,2347796,0,2237,17630,0,40096,815942,63995,2330167,0,14075,6233,0,2000,120000,0,17,1750020,0,87,1774962,0,41.48,58.52,0.0,122147,172354,0,0,294500
GA-12,house,GA,12,Ceretta Smith,Rick Allen,DEM,REP,REP,REP,-11.38,12.7,87.3,Likely R,-9.47,5.5,-11.38,-1.96,-5.19,-0.27,-14.2,2.82,False,False,,0,,0.0,,0.0,0.0,,,0.0,confirmed,confirmed,,,0,,0.0,26696,993220,0,3502,1320958,0,0,0,23291,847219,0,13242,30510,0,0,510750,0,1753,0,0,0,1639945,0,44.31,55.69,0.0,108195,135993,0,0,244189
GA-13,house,GA,13,Jasmine Clark,Jonathan Chavez,DEM,REP,,DEM,51.19,100.0,0.0,Safe D,45.42,5.5,51.19,0.0,-0.08,0.35,42.65,8.54,False,False,,0,,0.0,,0.0,0.0,,,0.0,confirmed,confirmed,,,0,,0.0,1619079,0,0,229145,0,0,4218293,0,1389935,0,0,1022238,0,0,55173,0,0,0,0,0,0,0,0,75.59,24.41,0.0,193020,62320,0,0,255340
GA-14,house,GA,14,Shawn Harris,Clay Fuller,DEM,REP,REP,REP,-21.44,1.7,98.3,Safe R,-33.92,5.5,-21.44,0.62,6.73,-0.37,-37.03,15.59,False,False,,0,,0.0,,0.0,0.0,,,0.0,confirmed,confirmed,,,0,,0.0,8098514,1846892,0,18230,70518,0,44069,5002827,8080284,1776374,0,6218091,173151,0,13688,305481,0,0,450000,0,0,411902,0,39.28,60.72,0.0,106161,164098,0,0,270259
HI-01,house,HI,01,Ed Case,Adriel Lam,DEM,REP,DEM,DEM,48.41,100.0,0.0,Safe D,29.12,5.5,48.41,0.0,14.37,-0.58,25.17,23.24,False,False,,0,,0.0,,0.0,0.0,,,0.0,confirmed,confirmed,,,0,,0.0,1093795,0,0,599649,0,0,0,0,810804,0,0,18123,0,0,522597,0,0,0,0,0,0,0,0,74.2,25.8,0.0,129252,44934,0,0,174187
HI-02,house,HI,02,Jill Tokuda,Brenton Awa,DEM,REP,DEM,DEM,43.92,100.0,0.0,Safe D,26.84,5.5,43.92,1.21,10.72,-0.35,22.06,21.86,False,False,,0,,0.0,,0.0,0.0,,,0.0,confirmed,confirmed,,,0,,0.0,820678,122615,0,570355,16101,0,0,0,733764,106514,0,81576,12812,0,183349,1000,0,0,0,0,0,0,0,71.96,28.04,0.0,134932,52572,0,0,187504
IA-01,house,IA,01,Christina Bohannan,Mariannette Miller-Meeks,DEM,REP,REP,REP,11.92,88.3,11.7,Likely D,-1.11,5.5,13.79,0.05,10.1,-0.75,-8.59,20.51,False,False,IND,0,,0.0,Michael Bridgford,11.0,0.0,,,0.0,confirmed,confirmed,40.0,35.0,2,6.08,0.15,7051745,7208271,189523,5425318,4691481,124859,2352148,344940,1733644,2890534,64664,1094239,936090,1400,502648,2421207,5000,7000,0,22671,0,0,100000,49.81,39.19,0.0,148065,116516,0,32701,297282
IA-02,house,IA,02,Lindsay James,Joe Mitchell,DEM,REP,,REP,1.8,57.5,42.5,Toss-up,-2.65,5.5,2.21,0.19,0.0,-0.83,-10.13,11.93,False,False,,0,,0.0,,0.0,0.0,,,0.0,confirmed,confirmed,38.62,36.14,2,0.73,0.15,1628201,1938593,0,755838,895564,0,2706635,25596,872363,1043029,0,178865,284402,0,210505,412850,0,0,100000,0,0,50000,0,50.9,49.1,0.0,150103,144794,0,0,294897
IA-03,house,IA,03,Sarah Trone Garriott,Zach Nunn,DEM,REP,REP,REP,4.94,69.1,30.9,Lean D,2.44,5.5,6.34,0.06,-1.03,-0.64,-4.46,9.4,False,False,,0,,0.0,,0.0,0.0,,,0.0,confirmed,confirmed,42.0,48.0,1,-1.23,0.15,5293773,4869249,0,3859683,3568369,0,72949,55597,1434089,1353713,0,894587,143418,0,450786,1726477,0,120,0,0,0,0,0,52.47,47.53,0.0,155735,141083,0,0,296818
IA-04,house,IA,04,Dave Dawson,Chris McGowan,DEM,REP,,REP,-20.83,2.0,98.0,Safe R,-24.63,5.5,-20.83,-1.08,0.0,-0.62,-31.9,11.07,False,False,,0,,0.0,,0.0,0.0,,,0.0,confirmed,confirmed,,,0,,0.0,135722,679844,0,49762,328850,0,0,172669,85959,350993,0,43002,4236,0,10800,116500,0,0,0,0,0,0,0,39.58,60.42,0.0,109035,166422,0,0,275457
ID-01,house,ID,01,Kaylee Peterson,Russ Fulcher,DEM,REP,REP,REP,-36.67,0.0,100.0,Safe R,-45.73,5.5,-42.93,-0.84,-1.29,-0.56,-46.2,9.53,False,False,,0,,0.0,,0.0,0.0,,,0.0,confirmed,confirmed,34.89,45.01,2,-9.08,0.191,181024,662615,0,14616,244700,0,0,0,171799,597924,0,68061,15894,0,12050,302350,0,0,0,0,0,0,0,31.67,68.33,0.0,106926,230752,0,0,337677
ID-02,house,ID,02,Elinor Gilbreath,Mike Simpson,DEM,REP,REP,REP,-29.56,0.2,99.8,Safe R,-27.92,5.5,-29.56,-1.51,-5.22,-0.42,-27.56,-2.0,False,False,,0,,0.0,,0.0,0.0,,,0.0,confirmed,confirmed,,,0,,0.0,106892,1118093,0,71163,429359,0,0,0,35729,793940,0,20551,2343,0,0,611500,0,0,0,0,0,0,0,35.22,64.78,0.0,104199,191666,0,0,295866
IL-01,house,IL,01,Jonathan Jackson,Christian Maxwell,DEM,REP,DEM,DEM,47.0,100.0,0.0,Safe D,39.44,5.5,47.0,1.06,0.87,0.13,32.27,14.73,False,False,,0,,0.0,,0.0,0.0,,,0.0,confirmed,confirmed,,,0,,0.0,418350,63316,0,47163,33832,0,0,0,424875,36042,0,10569,33450,0,142500,0,0,0,0,0,27000,0,0,73.5,26.5,0.0,169686,61181,0,0,230867
IL-02,house,IL,02,Donna Miller,Michael Noack,DEM,REP,,DEM,45.44,100.0,0.0,Safe D,39.58,5.5,45.44,0.0,0.0,0.36,33.6,11.84,False,False,,0,,0.0,,0.0,0.0,,,0.0,confirmed,confirmed,,,0,,0.0,2452894,0,0,40546,0,0,4379243,3843,2412349,0,0,63263,0,0,125750,0,0,0,0,0,13750,0,0,72.72,27.28,0.0,152450,57191,0,0,209640
IL-03,house,IL,03,Delia Ramirez,Angel Oakley,DEM,REP,DEM,DEM,50.94,100.0,0.0,Safe D,38.78,5.5,50.94,2.45,2.93,1.28,31.81,19.13,False,False,,0,,0.0,,0.0,0.0,,,0.0,confirmed,confirmed,,,0,,0.0,1465280,8080,0,946222,3738,0,0,0,986630,4341,0,148641,1880,0,371847,0,0,0,0,0,0,600,0,75.47,24.53,0.0,142094,46181,0,0,188275
IL-04,house,IL,04,Patty Garcia,Lupe Castillo,DEM,REP,,DEM,40.81,100.0,0.0,Safe D,37.87,5.5,45.6,0.0,0.0,2.23,28.79,12.02,False,False,,0,,0.0,,0.0,0.0,,,0.0,confirmed,confirmed,34.0,15.0,1,19.67,0.18,358667,0,0,185499,0,0,0,0,173168,0,0,25300,0,0,172800,0,0,0,0,0,0,0,0,70.41,29.59,0.0,105252,44239,0,0,149491
IL-05,house,IL,05,Mike Quigley,Tommy Hanson,DEM,REP,DEM,DEM,49.23,100.0,0.0,Safe D,42.3,5.5,49.23,0.0,1.88,-0.45,37.55,11.68,False,False,,0,,0.0,,0.0,0.0,,,0.0,confirmed,confirmed,,,0,,0.0,725695,0,0,1187818,0,0,0,0,719060,0,0,7552,0,0,480608,0,0,0,0,0,0,0,0,74.62,25.38,0.0,197052,67039,0,0,264090
IL-06,house,IL,06,Sean Casten,Niki Conforti,DEM,REP,DEM,DEM,20.63,97.9,2.1,Safe D,10.82,5.5,20.63,1.34,3.32,-0.35,5.67,14.96,False,False,,0,,0.0,,0.0,0.0,,,0.0,confirmed,confirmed,,,0,,0.0,2108920,313038,0,1285018,22661,0,12087,0,1518045,295578,0,188627,194487,0,724183,4950,0,0,0,0,455694,0,0,60.32,39.68,0.0,158451,104255,0,0,262706
IL-07,house,IL,07,La Shawn Ford,Chad Koppie,DEM,REP,,DEM,76.18,100.0,0.0,Safe D,72.48,5.5,76.18,-0.15,-1.95,0.3,66.13,10.05,False,False,,0,,0.0,,0.0,0.0,,,0.0,confirmed,confirmed,,,0,,0.0,722009,55451,0,112588,42,0,0,2527703,609421,55408,0,37545,0,0,57250,0,0,175000,53154,0,175000,0,0,88.09,11.91,0.0,172414,23313,0,0,195727
IL-08,house,IL,08,Melissa Bean,Jennifer Davis,DEM,REP,,DEM,19.61,97.4,2.6,Safe D,13.23,5.5,19.61,0.8,0.0,0.08,7.01,12.6,False,False,,0,,0.0,,0.0,0.0,,,0.0,confirmed,confirmed,,,0,,0.0,2071076,1476009,0,144530,730401,0,7177655,59974,1926546,745608,0,26412,30552,0,275750,14000,0,323000,1000000,0,396373,1000000,0,59.81,40.19,0.0,130228,87521,0,0,217748
IL-09,house,IL,09,Daniel Biss,John Elleson,DEM,REP,,DEM,47.67,100.0,0.0,Safe D,42.49,5.5,47.67,0.0,0.0,-0.32,37.04,10.63,False,False,,0,,0.0,,0.0,0.0,,,0.0,confirmed,confirmed,,,0,,0.0,2946675,0,0,262130,0,0,1219420,1426379,2684545,0,0,147064,0,0,205684,0,0,3205,0,0,0,0,0,73.83,26.17,0.0,181699,64393,0,0,246091
IL-10,house,IL,10,Brad Schneider,Carl Lambrecht,DEM,REP,DEM,DEM,33.84,100.0,0.0,Safe D,27.17,5.5,33.84,0.0,1.01,0.15,22.34,11.5,False,False,,0,,0.0,,0.0,0.0,,,0.0,confirmed,confirmed,,,0,,0.0,3006862,0,0,1699007,0,0,11342,0,2279282,0,0,96126,0,0,1266239,0,0,0,0,0,0,0,0,66.92,33.08,0.0,156249,77245,0,0,233493
IL-11,house,IL,11,Bill Foster,Jeff Walter,DEM,REP,DEM,DEM,25.33,99.4,0.6,Safe D,16.26,5.5,25.33,1.37,2.3,-0.1,11.6,13.73,False,False,,0,,0.0,,0.0,0.0,,,0.0,confirmed,confirmed,,,0,,0.0,2180937,311439,0,2505288,22765,0,0,0,1226214,288674,0,131182,56740,0,833000,2354,0,0,167592,0,1017995,165085,0,62.66,37.34,0.0,160498,95629,0,0,256126
IL-12,house,IL,12,Julie Fortier,Mike Bost,DEM,REP,REP,REP,-41.28,0.0,100.0,Safe R,-40.13,5.5,-41.28,-1.73,-4.05,-0.87,-44.13,2.85,False,False,,0,,0.0,,0.0,0.0,,,0.0,confirmed,confirmed,,,0,,0.0,88060,1327225,0,59815,789999,0,0,0,28244,889522,0,42195,39507,0,8293,811237,0,0,0,0,0,0,0,29.36,70.64,0.0,76904,185018,0,0,261922
IL-13,house,IL,13,Nikki Budzinski,Jeff Wilson,DEM,REP,DEM,DEM,27.32,99.6,0.4,Safe D,14.62,5.5,27.32,1.51,6.25,-0.55,10.63,16.7,False,False,,0,,0.0,,0.0,0.0,,,0.0,confirmed,confirmed,,,0,,0.0,2885018,348237,0,2625565,12241,0,83860,0,2044185,335996,0,107319,9908,0,1174794,5150,0,0,283639,0,0,195600,0,63.66,36.34,0.0,149859,85538,0,0,235397
IL-14,house,IL,14,Lauren Underwood,James Marter,DEM,REP,DEM,DEM,23.98,99.1,0.9,Safe D,10.65,5.5,23.98,1.92,5.77,0.14,5.26,18.71,False,False,,0,,0.0,,0.0,0.0,,,0.0,confirmed,confirmed,,,0,,0.0,2417082,140848,0,1106564,31898,0,0,0,2365620,112994,0,289569,25185,0,365000,100,0,0,382,0,0,31741,0,61.99,38.01,0.0,146971,90120,0,0,237091
IL-15,house,IL,15,Jennifer Todd,Mary Miller,DEM,REP,REP,REP,-35.03,0.0,100.0,Safe R,-36.41,5.5,-35.03,-1.56,-1.67,-0.9,-40.5,5.47,False,False,,0,,0.0,,0.0,0.0,,,0.0,confirmed,confirmed,,,0,,0.0,122996,1331399,0,34290,810427,0,1771,3705,82735,1167229,0,55362,754616,0,6710,144500,0,0,100,0,0,1525,0,32.49,67.51,0.0,87027,180869,0,0,267896
IL-16,house,IL,16,Paul Nolley,Darin LaHood,DEM,REP,REP,REP,-17.6,4.1,95.9,Safe R,-19.12,5.5,-17.6,-1.56,-1.67,-0.75,-23.07,5.47,False,False,,0,,0.0,,0.0,0.0,,,0.0,confirmed,confirmed,,,0,,0.0,415748,3672739,0,230141,6748621,0,0,0,185607,2445401,0,110128,88213,0,63476,1749222,0,1585,0,0,0,0,0,41.2,58.8,0.0,113241,161609,0,0,274849
IL-17,house,IL,17,Eric Sorensen,Dillan Vancil,DEM,REP,DEM,DEM,20.89,98.0,2.0,Safe D,9.51,5.5,20.89,1.39,4.85,-0.36,4.81,16.08,False,False,,0,,0.0,,0.0,0.0,,,0.0,confirmed,confirmed,,,0,,0.0,2233676,308832,0,1325642,56689,0,0,0,1020828,272464,0,185874,76538,0,848250,10700,0,0,16542,0,0,12700,0,60.44,39.56,0.0,134988,88336,0,0,223324
IN-01,house,IN,01,Frank Mrvan,Barb Regnitz,DEM,REP,DEM,DEM,15.04,93.2,6.8,Likely D,2.9,5.5,15.04,0.0,6.67,-0.03,0.4,14.64,False,False,,0,,0.0,,0.0,0.0,,,0.0,confirmed,confirmed,,,0,,0.0,2386268,2376256,0,1336696,1800689,0,0,0,1138032,575567,0,179981,18850,0,1023820,39610,0,0,2156925,0,0,2000000,0,57.52,42.48,0.0,131700,97258,0,0,228958
IN-02,house,IN,02,Jamee Decio,Rudy Yakym,DEM,REP,REP,REP,-25.69,0.6,99.4,Safe R,-26.05,5.5,-25.69,-1.93,-2.73,-0.48,-26.92,1.23,False,False,,0,,0.0,,0.0,0.0,,,0.0,confirmed,confirmed,,,0,,0.0,355589,5246030,0,104496,855313,0,0,0,251093,5000296,0,15296,1170154,0,0,1286014,0,302694,0,0,225039,0,0,37.16,62.84,0.0,77926,131798,0,0,209724
IN-03,house,IN,03,Kelly Thompson,Marlin Stutzman,DEM,REP,REP,REP,-29.72,0.2,99.8,Safe R,-31.69,5.5,-29.72,-1.17,-1.67,-0.69,-31.73,2.01,False,False,,0,,0.0,,0.0,0.0,,,0.0,confirmed,confirmed,,,0,,0.0,136340,839565,0,6039,101923,0,0,0,130301,786959,0,0,88046,0,0,367700,0,17908,0,0,0,60000,0,35.14,64.86,0.0,79004,145814,0,0,224818
IN-04,house,IN,04,Drew Cox,Jim Baird,DEM,REP,REP,REP,-30.95,0.1,99.9,Safe R,-30.19,5.5,-30.95,-1.09,-4.47,-0.7,-29.88,-1.07,False,False,,0,,0.0,,0.0,0.0,,,0.0,confirmed,confirmed,,,0,,0.0,20377,358293,0,6863,91561,0,200000,531743,13514,481342,0,9763,68518,0,0,197200,0,500,0,0,500,383899,0,34.53,65.47,0.0,80718,153075,0,0,233792
IN-05,house,IN,05,J.D. Ford,Victoria Spartz,DEM,REP,REP,REP,-13.72,8.6,91.4,Likely R,-17.4,5.5,-15.26,-0.58,-2.0,-0.78,-17.13,3.4,False,False,,0,,0.0,,0.0,0.0,,,0.0,confirmed,confirmed,46.0,48.0,1,-4.27,0.15,582087,1327228,0,314652,230004,0,0,0,267434,1355274,0,107719,403303,0,49904,118750,0,616,25000,0,0,200000,0,43.14,56.86,0.0,111478,146941,0,0,258419
IN-06,house,IN,06,Cynthia Wirth,Jefferson Shreve,DEM,REP,REP,REP,-34.52,0.0,100.0,Safe R,-33.34,5.5,-34.52,-2.51,-3.38,-0.79,-33.1,-1.42,False,False,,0,,0.0,,0.0,0.0,,,0.0,confirmed,confirmed,,,0,,0.0,37046,2426805,0,7151,1608235,0,0,0,30400,950285,0,10487,2220,0,0,291000,0,4919,2000000,0,0,3900000,0,32.74,67.26,0.0,74623,153304,0,0,227927
IN-07,house,IN,07,Andre Carson,Patrick McAuley,DEM,REP,DEM,DEM,49.01,100.0,0.0,Safe D,42.2,5.5,49.01,0.0,1.24,0.07,42.16,6.85,False,False,,0,,0.0,,0.0,0.0,,,0.0,confirmed,confirmed,,,0,,0.0,1006177,0,0,621351,0,0,0,0,834249,0,0,33892,0,0,506242,0,0,730,0,0,0,0,0,74.5,25.5,0.0,141462,48411,0,0,189873
IN-08,house,IN,08,Mary Allen,Mark Messmer,DEM,REP,REP,REP,-37.4,0.0,100.0,Safe R,-35.75,5.5,-37.4,-0.95,-5.33,-0.88,-36.49,-0.91,False,False,,0,,0.0,,0.0,0.0,,,0.0,confirmed,confirmed,,,0,,0.0,294502,1171366,0,179308,713500,0,0,0,115194,664972,0,107411,5915,0,23845,421375,0,1929,3500,0,0,6250,0,31.3,68.7,0.0,72823,159855,0,0,232678
IN-09,house,IN,09,Brad Meyer,Erin Houchin,DEM,REP,REP,REP,-29.67,0.2,99.8,Safe R,-29.74,5.5,-29.67,-1.88,-2.69,-0.86,-30.39,0.72,False,False,,0,,0.0,,0.0,0.0,,,0.0,confirmed,confirmed,,,0,,0.0,105510,1856572,0,17840,1183066,0,0,0,81901,1415551,0,21487,23017,0,0,1041193,0,11339,931,0,11339,0,0,35.17,64.83,0.0,87015,160428,0,0,247444
KS-01,house,KS,01,Lauren Reinhold,Tracey Mann,DEM,REP,REP,REP,-31.12,0.1,99.9,Safe R,-28.81,5.5,-31.12,-2.06,-5.4,-0.35,-31.85,0.72,False,False,,0,,0.0,,0.0,0.0,,,0.0,confirmed,confirmed,,,0,,0.0,48261,1488465,0,4784,2713324,0,0,0,43478,528838,0,13201,10184,0,0,598040,0,4601,0,0,4000,0,0,34.44,65.56,0.0,74863,142522,0,0,217385
KS-02,house,KS,02,Don Coover,Derek Schmidt,DEM,REP,REP,REP,-16.94,4.7,95.3,Safe R,-16.39,5.5,-16.94,-0.47,-5.18,-0.41,-20.06,3.11,False,False,,0,,0.0,,0.0,0.0,,,0.0,confirmed,confirmed,,,0,,0.0,758823,1457605,0,244286,939168,0,0,0,514537,556938,0,240192,55452,0,33500,505500,0,7000,0,0,0,2898,0,41.53,58.47,0.0,89508,126024,0,0,215532
KS-03,house,KS,03,Sharice Davids,Eric Jenkins,DEM,REP,DEM,DEM,21.83,98.4,1.6,Safe D,6.59,5.5,21.83,3.0,7.29,-0.55,4.17,17.65,False,False,,0,,0.0,,0.0,0.0,,,0.0,confirmed,confirmed,,,0,,0.0,3690440,18916,0,1724212,12284,0,0,0,2369484,6633,0,1119972,986,0,807231,10000,0,0,1790,0,0,1790,0,60.91,39.09,0.0,169530,108783,0,0,278313
KS-04,house,KS,04,Katy Tyndell,Ron Estes,DEM,REP,REP,REP,-22.4,1.4,98.6,Safe R,-20.77,5.5,-22.4,-1.43,-5.29,-0.42,-23.7,1.3,False,False,,0,,0.0,,0.0,0.0,,,0.0,confirmed,confirmed,,,0,,0.0,234455,1855035,0,72896,1757677,0,0,0,161558,1295634,0,38412,9091,0,0,1090100,0,600,0,0,0,0,0,38.8,61.2,0.0,84614,133470,0,0,218084
KY-01,house,KY,01,Drew Williams,James Comer,DEM,REP,REP,REP,-45.48,0.0,100.0,Safe R,-45.85,5.5,-45.48,-1.84,-2.5,-0.8,-47.91,2.43,False,False,,0,,0.0,,0.0,0.0,,,0.0,confirmed,confirmed,,,0,,0.0,118755,1899533,0,20182,3041112,0,0,0,98532,2067643,0,69518,692697,0,5000,426900,0,1700,0,0,1700,0,0,27.26,72.74,0.0,65416,174559,0,0,239975
KY-02,house,KY,02,Megan Wingfield,Brett Guthrie,DEM,REP,REP,REP,-43.16,0.0,100.0,Safe R,-39.95,5.5,-43.16,-3.32,-4.58,-0.81,-41.93,-1.23,False,False,,0,,0.0,,0.0,0.0,,,0.0,confirmed,confirmed,,,0,,0.0,7539,4707593,0,1197,1718271,0,0,80276,6342,3355566,0,6104,8727,0,0,3025480,0,0,0,0,0,2295,0,28.42,71.58,0.0,69914,176087,0,0,246001
KY-03,house,KY,03,Morgan McGarvey,Maria Rodriguez,DEM,REP,DEM,DEM,33.8,100.0,0.0,Safe D,20.8,5.5,33.8,2.21,5.67,-0.38,19.27,14.53,False,False,,0,,0.0,,0.0,0.0,,,0.0,confirmed,confirmed,,,0,,0.0,1633684,38069,0,1813760,15672,0,0,0,1083341,22297,0,157955,4269,0,538001,5500,0,0,0,0,0,0,0,66.9,33.1,0.0,155782,77080,0,0,232862
KY-04,house,KY,04,Melissa Strange,Ed Gallrein,DEM,REP,,REP,-30.52,0.1,99.9,Safe R,-34.73,5.5,-30.52,-0.46,0.0,-0.84,-36.16,5.64,False,False,,0,,0.0,,0.0,0.0,,,0.0,confirmed,confirmed,,,0,,0.0,94464,3567324,0,11145,179309,0,8366952,5378133,83319,3388014,0,12513,396242,0,0,56130,0,20000,0,0,20000,0,0,34.74,65.26,0.0,91189,171319,0,0,262508
KY-05,house,KY,05,Ned Pillersdorf,Harold Rogers,DEM,REP,REP,REP,-60.68,0.0,100.0,Safe R,-62.51,5.5,-60.68,-1.02,-1.67,-0.98,-64.67,3.99,False,False,,0,,0.0,,0.0,0.0,,,0.0,confirmed,confirmed,,,0,,0.0,182281,849758,0,91274,874716,0,0,0,91006,946293,0,29940,1147,0,250,314150,0,62875,0,0,0,0,0,19.66,80.34,0.0,43600,178153,0,0,221754
KY-06,house,KY,06,Zach Dembo,Ralph Alvarado,DEM,REP,,REP,-7.48,22.7,77.3,Likely R,-13.71,5.5,-8.89,-0.01,0.0,-0.67,-15.31,7.84,False,False,,0,,0.0,,0.0,0.0,,,0.0,confirmed,confirmed,44.91,44.86,4,-2.2,0.238,1463855,1521813,0,491275,398018,0,286464,188599,972579,1123795,0,161118,11113,0,58150,263541,0,3665,57245,0,0,0,0,46.26,53.74,0.0,115224,133845,0,0,249069
LA-01,house,LA,01,Lauren Jewett,Steve Scalise,DEM,REP,REP,REP,-46.68,0.0,100.0,Safe R,-39.81,5.5,-46.68,-3.01,-9.01,-0.35,-39.08,-7.61,False,False,,0,,0.0,,0.0,0.0,,,0.0,confirmed,confirmed,,,0,,0.0,142677,10638030,0,11884,3885942,0,0,0,130793,10883241,0,55075,325922,0,1250,171500,0,1272,0,0,0,0,0,26.66,73.34,0.0,67330,185237,0,0,252568
LA-02,house,LA,02,Troy Carter,Republican candidate (LA-02),DEM,REP,DEM,DEM,63.59,100.0,0.0,Safe D,49.63,5.5,63.59,0.0,8.23,0.23,48.71,14.88,False,False,,0,,0.0,,0.0,0.0,,,0.0,confirmed,projected,,,0,,0.0,1412697,0,0,382786,0,0,0,0,1539321,0,0,4075,0,0,950717,0,0,0,0,0,24914,0,0,81.79,18.21,0.0,179727,40005,0,0,219732
LA-03,house,LA,03,Tia Lebrun,Clay Higgins,DEM,REP,REP,REP,-36.65,0.0,100.0,Safe R,-35.95,5.5,-36.65,-2.05,-3.74,-0.41,-36.65,-0.0,False,False,,0,,0.0,,0.0,0.0,,,0.0,confirmed,confirmed,,,0,,0.0,6968,822841,0,3465,595415,0,0,0,4102,551995,0,1043,87799,0,0,132500,0,2350,0,0,2350,0,0,31.67,68.33,0.0,75075,161946,0,0,237021
LA-04,house,LA,04,Matthew Gromlich,Mike Johnson,DEM,REP,REP,REP,-39.47,0.0,100.0,Safe R,-33.68,5.5,-39.47,-3.14,-7.75,-0.41,-34.59,-4.89,False,False,,0,,0.0,,0.0,0.0,,,0.0,confirmed,confirmed,,,0,,0.0,268772,20976864,0,10175,9613157,0,0,0,258532,12616083,0,38644,3867677,0,0,1813700,0,203058,0,0,200000,0,0,30.26,69.74,0.0,67697,155999,0,0,223696
LA-05,house,LA,05,Dan McKay,Blake Miguez,DEM,REP,,REP,-28.19,0.3,99.7,Safe R,-33.3,5.5,-28.19,0.0,0.0,-0.39,-34.39,6.2,False,False,,0,,0.0,,0.0,0.0,,,0.0,confirmed,confirmed,,,0,,0.0,90000,0,0,-19056,0,0,0,0,109075,0,0,23786,0,0,0,0,0,39238,0,0,39238,0,0,35.9,64.1,0.0,80650,143973,0,0,224623
LA-06,house,LA,06,Democratic candidate (LA-06),Peter Williams,DEM,REP,,DEM,-27.69,0.3,99.7,Safe R,-32.82,5.5,-27.69,0.0,0.0,-0.37,-32.4,4.7,False,False,,0,,0.0,,0.0,0.0,,,0.0,projected,confirmed,,,0,,0.0,0,0,0,0,0,0,0,0,0,0,0,0,0,0,0,0,0,0,0,0,0,0,0,36.15,63.85,0.0,89386,157857,0,0,247243
MA-01,house,MA,01,Richard Neal,Republican candidate (MA-01),DEM,REP,DEM,DEM,25.23,99.4,0.6,Safe D,18.18,5.5,25.23,0.0,1.67,-0.12,13.91,11.31,False,False,,0,,0.0,,0.0,0.0,,,0.0,projected,projected,,,0,,0.0,2462685,0,0,3276321,0,0,0,0,3074234,0,0,9311,0,0,1557500,0,0,0,0,0,0,0,0,62.61,37.39,0.0,167149,99803,0,0,266951
MA-02,house,MA,02,Jim McGovern,Republican candidate (MA-02),DEM,REP,DEM,DEM,34.85,100.0,0.0,Safe D,28.13,5.5,34.85,0.0,1.67,-0.45,24.29,10.56,False,False,,0,,0.0,,0.0,0.0,,,0.0,projected,projected,,,0,,0.0,864676,0,0,348736,0,0,0,0,910105,0,0,165653,0,0,233100,0,0,0,0,0,0,0,0,67.42,32.58,0.0,181686,87785,0,0,269471
MA-03,house,MA,03,Lori Trahan,Gary Grossi,DEM,REP,DEM,DEM,33.42,99.9,0.1,Safe D,23.64,5.5,33.42,2.54,1.67,0.08,19.39,14.03,False,False,,0,,0.0,,0.0,0.0,,,0.0,projected,projected,,,0,,0.0,1639978,7121,0,1773389,5775,0,0,0,1321741,1346,0,0,1086,0,813250,600,0,0,4000,0,0,4000,0,66.71,33.29,0.0,167600,83631,0,0,251231
MA-04,house,MA,04,Jake Auchincloss,Republican candidate (MA-04),DEM,REP,DEM,DEM,30.9,99.9,0.1,Safe D,24.46,5.5,30.9,0.0,1.67,-0.72,20.13,10.77,False,False,,0,,0.0,,0.0,0.0,,,0.0,projected,projected,,,0,,0.0,3630329,0,0,7341766,0,0,189528,0,1271790,0,0,34036,0,0,727250,0,0,0,0,0,0,0,0,65.45,34.55,0.0,186384,98383,0,0,284768
MA-05,house,MA,05,Katherine Clark,Republican candidate (MA-05),DEM,REP,DEM,DEM,56.52,100.0,0.0,Safe D,49.82,5.5,56.52,0.0,1.67,-0.46,46.35,10.18,False,False,,0,,0.0,,0.0,0.0,,,0.0,projected,projected,,,0,,0.0,4503671,0,0,2047792,0,0,0,0,3781770,0,0,86343,0,0,1838507,0,0,0,0,0,0,0,0,78.26,21.74,0.0,205372,57048,0,0,262420
MA-06,house,MA,06,Daniel Koh,John Field,DEM,REP,,DEM,29.66,99.8,0.2,Safe D,24.66,5.5,29.66,0.0,0.0,-0.5,21.09,8.57,False,False,,0,,0.0,,0.0,0.0,,,0.0,projected,projected,,,0,,0.0,4716543,0,0,1994307,0,0,1760631,35000,2723575,0,0,214320,0,0,105550,0,0,93505,0,0,69000,0,0,64.83,35.17,0.0,196578,106639,0,0,303217
MA-07,house,MA,07,Ayanna Pressley,Republican candidate (MA-07),DEM,REP,DEM,DEM,77.31,100.0,0.0,Safe D,69.83,5.5,77.31,0.0,1.67,0.32,65.14,12.17,False,False,,0,,0.0,,0.0,0.0,,,0.0,projected,projected,,,0,,0.0,1204995,0,0,76201,0,0,0,0,1247015,0,0,330117,0,0,79755,0,0,0,0,0,0,0,0,88.66,11.34,0.0,173985,22261,0,0,196246
MA-08,house,MA,08,Stephen Lynch,Gavin Solomon,DEM,REP,DEM,DEM,46.63,100.0,0.0,Safe D,31.23,5.5,46.63,0.0,10.45,-0.55,26.99,19.64,False,False,,0,,0.0,,0.0,0.0,,,0.0,projected,projected,,,0,,0.0,910160,0,0,642256,0,0,77931,213732,1356628,0,0,30667,0,0,339200,0,0,0,0,0,0,0,0,73.32,26.68,0.0,201751,73430,0,0,275181
MA-09,house,MA,09,Bill Keating,Robert MacAllister,DEM,REP,DEM,DEM,23.7,99.0,1.0,Safe D,14.7,5.5,23.7,0.56,3.67,-0.73,10.94,12.75,False,False,,0,,0.0,,0.0,0.0,,,0.0,projected,projected,,,0,,0.0,422462,175122,0,495522,35051,0,0,0,592807,140071,0,49162,25576,0,170100,1250,0,0,1005,0,0,1005,0,61.85,38.15,0.0,199201,122883,0,0,322083
MD-01,house,MD,01,Dan Schwartz,Andy Harris,DEM,REP,REP,REP,-15.19,6.6,93.4,Likely R,-15.49,5.5,-15.04,-0.86,-3.57,-0.61,-17.31,2.11,False,False,,0,,0.0,,0.0,0.0,,,0.0,confirmed,confirmed,39.0,52.0,1,-15.39,0.162,695170,2319668,0,72575,1853603,0,26174,15256,622594,1221001,0,292096,527134,0,11600,443459,0,15568,0,0,34175,0,0,42.4,57.6,0.0,126759,172175,0,0,298934
MD-02,house,MD,02,Johnny Olszewski,Dave Wallace,DEM,REP,DEM,DEM,32.07,99.9,0.1,Safe D,20.73,5.5,32.07,2.06,4.22,-0.44,18.95,13.12,False,False,,0,,0.0,,0.0,0.0,,,0.0,confirmed,confirmed,,,0,,0.0,1040390,20194,0,614275,3073,0,0,0,592706,17122,0,26185,3334,0,334224,0,0,0,1200,0,0,1000,0,66.04,33.96,0.0,182744,93991,0,0,276734
MD-03,house,MD,03,Sarah Elfreth,Berney Flowers,DEM,REP,DEM,DEM,35.83,100.0,0.0,Safe D,25.95,5.5,35.83,2.21,2.59,-0.41,24.49,11.34,False,False,,0,,0.0,,0.0,0.0,,,0.0,confirmed,confirmed,,,0,,0.0,1141516,12708,0,335826,2016,0,0,0,836430,14404,0,64297,3422,0,441881,4750,0,649,0,0,0,0,0,67.92,32.08,0.0,198247,93650,0,0,291896
MD-04,house,MD,04,Glenn Ivey,George McDermott,DEM,REP,DEM,DEM,87.53,100.0,0.0,Safe D,79.43,5.5,87.53,0.0,1.67,0.93,75.67,11.86,False,False,,0,,0.0,,0.0,0.0,,,0.0,confirmed,confirmed,,,0,,0.0,674406,0,0,459226,0,0,0,0,520568,0,0,31930,0,0,338250,0,0,0,0,0,0,0,0,93.76,6.24,0.0,186007,12372,0,0,198379
MD-05,house,MD,05,Adrian Boafo,Chris Chaffee,DEM,REP,,DEM,40.76,100.0,0.0,Safe D,35.84,5.5,40.76,0.0,-0.45,-0.13,34.05,6.71,False,False,,0,,0.0,,0.0,0.0,,,0.0,confirmed,confirmed,,,0,,0.0,1676916,0,0,91867,0,0,12093528,0,1585049,0,0,21486,0,0,116745,0,0,0,0,0,7400,0,0,70.38,29.62,0.0,212572,89455,0,0,302027
MD-06,house,MD,06,April McClain Delaney,Robin Ficker,DEM,REP,DEM,DEM,20.09,97.6,2.4,Safe D,8.22,5.5,20.09,2.47,4.17,-0.26,5.93,14.17,False,False,,0,,0.0,,0.0,0.0,,,0.0,confirmed,confirmed,,,0,,0.0,12308220,403934,0,307611,401,0,516368,42387,12013488,403533,0,34837,1072,0,377303,0,0,11000000,402862,0,14873000,402862,0,60.05,39.95,0.0,164083,109174,0,0,273257
MD-07,house,MD,07,Kweisi Mfume,Scott Collier,DEM,REP,DEM,DEM,72.83,100.0,0.0,Safe D,63.31,5.5,72.83,0.0,3.9,0.12,60.49,12.34,False,False,,0,,0.0,,0.0,0.0,,,0.0,confirmed,confirmed,,,0,,0.0,415174,0,0,702810,0,0,0,0,406290,0,0,8064,0,0,233750,0,0,0,0,0,0,0,0,86.42,13.58,0.0,183876,28903,0,0,212779
MD-08,house,MD,08,Jamie Raskin,Cheryl Riley,DEM,REP,DEM,DEM,70.32,100.0,0.0,Safe D,61.16,5.5,70.32,3.54,-0.02,0.14,58.06,12.27,False,False,,0,,0.0,,0.0,0.0,,,0.0,confirmed,confirmed,,,0,,0.0,7425389,16590,0,7893447,1806,0,0,0,4497145,15372,0,3050018,4483,0,395799,0,0,0,0,0,0,0,0,85.16,14.84,0.0,232343,40485,0,0,272827
ME-01,house,ME,01,Chellie Pingree,Ronald Russell,DEM,REP,DEM,DEM,31.14,99.9,0.1,Safe D,21.82,5.5,31.14,1.0,3.77,-0.95,22.33,8.81,True,False,,2,Chellie Pingree,0.0,,0.0,0.0,,,0.0,confirmed,confirmed,,,0,,0.0,429634,75680,0,423112,20023,0,0,0,422200,69878,0,69003,7445,0,237050,6819,0,0,1000,0,20000,4537,0,65.57,34.43,0.0,200370,105202,0,0,305572
ME-02,house,ME,02,Matthew Dunlap,Paul LePage,DEM,REP,,DEM,-4.84,30.5,69.5,Lean R,-9.33,5.5,-5.29,-0.46,0.0,-1.0,-9.72,4.88,True,False,,2,Paul LePage,0.0,,0.0,0.0,,,0.0,confirmed,confirmed,47.91,48.13,3,-1.26,0.157,1205432,2563901,0,228649,1685710,0,482441,37771,976783,878191,0,646576,167616,0,13500,408301,0,10000,0,0,0,0,0,47.58,52.42,0.0,131505,144885,0,0,276390
MI-01,house,MI,01,Callie Barr,Jack Bergman,DEM,REP,REP,REP,-12.26,11.0,89.0,Likely R,-17.12,5.5,-12.26,-0.61,1.0,-1.03,-21.52,9.26,False,False,,0,,0.0,,0.0,0.0,,,0.0,confirmed,confirmed,,,0,,0.0,824341,1917574,0,530725,660163,0,0,18250,301257,1368361,0,100309,151276,0,64250,756925,0,0,0,0,0,0,0,43.87,56.13,0.0,149193,190870,0,0,340063
MI-02,house,MI,02,Benjamin Ambrose,John Moolenaar,DEM,REP,REP,REP,-27.2,0.4,99.6,Safe R,-25.78,5.5,-27.2,-1.9,-4.17,-0.85,-30.54,3.34,False,False,,0,,0.0,,0.0,0.0,,,0.0,confirmed,confirmed,,,0,,0.0,85094,1652235,0,21868,1905561,0,0,0,62840,1028618,0,19434,35444,0,250,549373,0,0,0,0,0,27361,0,36.4,63.6,0.0,112535,196606,0,0,309141
MI-03,house,MI,03,Hillary Scholten,Terri DeBoer,DEM,REP,DEM,DEM,22.06,98.5,1.5,Safe D,11.88,5.5,22.06,0.83,4.28,-0.43,7.95,14.11,False,False,,0,,0.0,,0.0,0.0,,,0.0,confirmed,confirmed,,,0,,0.0,2329122,551697,0,1356573,361355,0,0,562026,1322264,190342,0,169694,7983,0,696370,12000,0,0,0,0,0,19951,0,61.03,38.97,0.0,182680,116653,0,0,299333
MI-04,house,MI,04,Sean McCann,Bill Huizenga,DEM,REP,REP,REP,-1.31,44.4,55.6,Toss-up,-1.28,5.5,-1.49,-0.26,-4.89,-0.57,-5.61,4.3,False,False,,0,,0.0,,0.0,0.0,,,0.0,confirmed,confirmed,47.46,45.22,3,0.52,0.15,2620011,4093991,0,1686240,2268747,0,1195618,532993,933771,1934284,0,454574,214513,0,316050,1580550,0,0,0,0,0,0,0,49.34,50.66,0.0,149878,153865,0,0,303743
MI-05,house,MI,05,Christian Vukasovich,Tim Walberg,DEM,REP,REP,REP,-24.98,0.7,99.3,Safe R,-22.49,5.5,-24.98,-2.12,-5.07,-0.8,-27.41,2.43,False,False,,0,,0.0,,0.0,0.0,,,0.0,confirmed,confirmed,,,0,,0.0,55756,1742399,0,13290,993833,0,0,0,42467,1658017,0,14490,66697,0,3000,786598,0,0,0,0,0,0,0,37.51,62.49,0.0,110900,184761,0,0,295660
MI-06,house,MI,06,Debbie Dingell,Heather Smiley,DEM,REP,DEM,DEM,39.18,100.0,0.0,Safe D,28.7,5.5,39.18,0.0,5.67,-0.69,23.92,15.26,False,False,,0,,0.0,,0.0,0.0,,,0.0,confirmed,confirmed,,,0,,0.0,1193712,0,0,414935,0,0,0,0,1122149,0,0,69239,0,0,691593,0,0,0,0,0,0,0,0,69.59,30.41,0.0,226160,98830,0,0,324990
MI-07,house,MI,07,William Lawrence,Tom Barrett,DEM,REP,REP,REP,2.27,59.3,40.7,Toss-up,3.26,5.5,3.09,-1.14,-3.8,-0.73,-1.33,3.59,False,False,,0,,0.0,,0.0,0.0,,,0.0,confirmed,confirmed,48.08,46.08,2,-0.19,0.202,1119198,6306828,0,383116,2871872,0,1350868,3063793,736082,3457356,0,290681,1642639,0,39844,1470275,0,13072,0,0,10000,2809,0,51.13,48.87,0.0,165762,158413,0,0,324176
MI-08,house,MI,08,Kristen McDonald Rivet,Thomas J. Smith,DEM,REP,DEM,DEM,20.27,97.7,2.3,Safe D,3.33,5.5,20.27,2.21,9.86,-0.62,-2.01,22.28,False,False,,0,,0.0,,0.0,0.0,,,0.0,confirmed,confirmed,,,0,,0.0,5644876,243238,0,4254099,219799,0,27821,24794,1407808,23439,0,392735,1385,0,1533240,0,0,0,7605,0,0,7600,0,60.14,39.86,0.0,182601,121049,0,0,303650
MI-09,house,MI,09,Ray Pooley,Lisa McClain,DEM,REP,REP,REP,-31.99,0.1,99.9,Safe R,-28.02,5.5,-31.99,-3.38,-5.22,-0.87,-32.75,0.76,False,False,,0,,0.0,,0.0,0.0,,,0.0,confirmed,confirmed,,,0,,0.0,8084,5242309,0,4942,1536890,0,0,0,3142,4312277,0,4295,964382,0,0,1454798,0,0,0,0,0,0,0,34.01,65.99,0.0,115832,224799,0,0,340631
MI-10,house,MI,10,Christina Hines,Michael Bouchard Jr.,DEM,REP,,REP,2.27,59.3,40.7,Toss-up,-1.22,5.5,3.39,-0.14,0.0,-0.75,-6.68,8.96,False,False,,0,,0.0,,0.0,0.0,,,0.0,confirmed,confirmed,44.99,44.98,2,-2.4,0.175,1211489,1623745,0,158196,1144520,0,580314,246716,1053292,479225,0,269873,108726,0,75763,124500,0,0,0,0,0,124275,0,51.14,48.86,0.0,156153,149208,0,0,305360
MI-11,house,MI,11,Jeremy Moss,Ethan Baker,DEM,REP,,DEM,27.77,99.7,0.3,Safe D,21.32,5.5,27.77,1.6,0.0,-0.64,16.42,11.35,False,False,,0,,0.0,,0.0,0.0,,,0.0,confirmed,confirmed,,,0,,0.0,1485178,141876,0,352517,121125,0,399495,20000,1132661,21751,0,93323,6975,0,141950,1000,0,7000,0,0,0,0,0,63.89,36.11,0.0,205896,116385,0,0,322281
MI-12,house,MI,12,Rashida Tlaib,James D. Hooper,DEM,REP,DEM,DEM,59.81,100.0,0.0,Safe D,46.36,5.5,59.81,2.96,5.22,-0.24,39.62,20.18,False,False,,0,,0.0,,0.0,0.0,,,0.0,confirmed,confirmed,,,0,,0.0,2756214,775,0,3434433,8381,0,0,10000,3585336,1411,0,793973,525,0,37150,0,0,0,0,0,0,533,0,79.9,20.1,0.0,208380,52413,0,0,260793
MI-13,house,MI,13,Donavan McKinney,T.P. Nykoriak,DEM,REP,,DEM,54.44,100.0,0.0,Safe D,48.86,5.5,54.44,0.0,0.0,0.08,42.28,12.16,False,False,,0,,0.0,,0.0,0.0,,,0.0,confirmed,confirmed,,,0,,0.0,1372309,0,0,142854,0,0,1983888,268690,1229455,0,0,577662,0,0,91383,0,0,0,0,0,0,0,0,77.22,22.78,0.0,181035,53405,0,0,234440
MN-01,house,MN,01,Jake Johnson,Brad Finstad,DEM,REP,REP,REP,-6.14,26.9,73.1,Lean R,-9.18,5.5,-6.08,-0.02,-1.67,-0.71,-12.23,6.09,False,False,,0,,0.0,,0.0,0.0,,,0.0,confirmed,confirmed,41.49,47.93,2,-4.53,0.15,2000547,2030569,0,1011593,1283923,0,7063,50000,988953,808055,0,729421,147427,0,108500,966407,0,5372,0,0,0,0,0,46.93,53.07,0.0,127975,144715,0,0,272690
MN-02,house,MN,02,Matt Little,Eric Pratt,DEM,REP,,DEM,12.94,90.2,9.8,Likely D,8.44,5.5,13.82,0.52,0.0,-0.64,5.95,6.99,False,False,,0,,0.0,,0.0,0.0,,,0.0,confirmed,confirmed,45.0,40.0,1,8.84,0.15,923277,511213,0,127543,254373,0,475327,17393,796236,256841,0,145833,31473,0,42370,48000,0,162000,112100,0,131000,105000,0,56.47,43.53,0.0,168659,129999,0,0,298658
MN-03,house,MN,03,Kelly Morrison,Tyler Bass,DEM,REP,DEM,DEM,30.18,99.9,0.1,Safe D,23.72,5.5,30.18,0.0,1.67,-0.71,21.72,8.46,False,False,,0,,0.0,,0.0,0.0,,,0.0,confirmed,confirmed,,,0,,0.0,1361933,0,0,413942,0,0,0,0,973380,0,0,95446,0,0,208783,0,0,7000,0,0,0,0,0,65.09,34.91,0.0,193598,103841,0,0,297440
MN-04,house,MN,04,Betty McCollum,Paul Wikstrom,DEM,REP,DEM,DEM,47.93,100.0,0.0,Safe D,39.42,5.5,47.93,2.11,1.5,-0.6,36.47,11.46,False,False,,0,,0.0,,0.0,0.0,,,0.0,confirmed,confirmed,,,0,,0.0,1251583,28031,0,498697,2205,0,0,0,1307805,14744,0,42626,5364,0,458800,5000,0,0,0,0,0,0,0,73.96,26.04,0.0,196019,69002,0,0,265021
MN-05,house,MN,05,Ilhan Omar,John Nagel,DEM,REP,DEM,DEM,66.36,100.0,0.0,Safe D,66.25,5.5,66.36,1.5,-6.48,-0.4,63.54,2.82,False,False,,0,,0.0,,0.0,0.0,,,0.0,confirmed,confirmed,,,0,,0.0,5829715,747046,0,1347365,46922,0,0,0,4806570,700125,0,3688613,572704,0,73828,263,0,0,0,0,0,33270,0,83.18,16.82,0.0,215093,43488,0,0,258581
MN-06,house,MN,06,Doug Chapin,Tom Emmer,DEM,REP,REP,REP,-16.64,5.0,95.0,Safe R,-17.37,5.5,-16.64,-2.25,-1.67,-0.85,-20.07,3.43,False,False,,0,,0.0,,0.0,0.0,,,0.0,confirmed,confirmed,,,0,,0.0,438700,9786064,0,70293,4496007,0,0,0,368407,6978508,0,163570,691336,0,8234,2244251,0,73351,0,0,50000,0,0,41.68,58.32,0.0,126039,176353,0,0,302392
MN-07,house,MN,07,Erik Osberg,Michelle Fischbach,DEM,REP,REP,REP,-31.66,0.1,99.9,Safe R,-33.72,5.5,-31.66,-0.93,-1.67,-0.84,-37.1,5.44,False,False,,0,,0.0,,0.0,0.0,,,0.0,confirmed,confirmed,,,0,,0.0,334945,1286028,0,114432,919823,0,0,0,220512,777286,0,120827,152054,0,1000,729549,0,24237,0,0,0,0,0,34.17,65.83,0.0,95919,184787,0,0,280706
MN-08,house,MN,08,Trina Swanson,Pete Stauber,DEM,REP,REP,REP,-9.7,16.6,83.4,Likely R,-11.18,5.5,-9.7,-1.29,-1.67,-1.06,-14.53,4.84,False,False,,0,,0.0,,0.0,0.0,,,0.0,confirmed,confirmed,,,0,,0.0,316706,1996898,0,90423,1200836,0,0,0,226283,1324555,0,119200,136304,0,10200,931660,0,0,0,0,0,0,0,45.15,54.85,0.0,136475,165781,0,0,302256
MO-01,house,MO,01,Wesley Bell,Paul Berry,DEM,REP,DEM,DEM,67.91,100.0,0.0,Safe D,58.43,5.5,67.91,0.0,4.17,-0.19,58.19,9.72,False,False,,0,,0.0,,0.0,0.0,,,0.0,confirmed,confirmed,,,0,,0.0,3561712,0,0,1094094,0,0,986770,84743,2901538,0,0,59864,0,0,590796,0,0,0,0,0,0,0,0,83.96,16.04,0.0,184867,35328,0,0,220195
MO-02,house,MO,02,Fred Wellman,Ann Wagner,DEM,REP,REP,REP,-7.82,21.7,78.3,Likely R,-8.57,5.5,-8.15,-0.82,-3.37,-0.89,-8.09,0.27,False,False,,0,,0.0,,0.0,0.0,,,0.0,confirmed,confirmed,,,0,,0.0,1155880,3528095,0,242217,4227396,0,0,0,913662,2411928,0,513808,651487,0,53250,1143239,0,410,0,0,0,0,0,46.09,53.91,0.0,140208,164008,0,0,304216
MO-03,house,MO,03,Bethany Mann,Bob Onder,DEM,REP,REP,REP,-26.43,0.5,99.5,Safe R,-27.26,5.5,-26.43,-1.78,-2.01,-0.87,-27.12,0.69,False,False,,0,,0.0,,0.0,0.0,,,0.0,confirmed,confirmed,,,0,,0.0,43339,950350,0,2776,471459,0,0,0,44990,636335,0,24959,77804,0,125,373480,0,0,0,0,542,894000,0,36.79,63.21,0.0,104227,179097,0,0,283324
MO-04,house,MO,04,Jordan Herrera,Mark Alford,DEM,REP,REP,REP,-42.83,0.0,100.0,Safe R,-42.18,5.5,-42.83,-2.06,-3.26,-0.82,-42.66,-0.17,False,False,,0,,0.0,,0.0,0.0,,,0.0,confirmed,confirmed,,,0,,0.0,41657,1387968,0,19366,747401,0,0,0,22674,864475,0,15561,16601,0,0,567061,0,8558,0,0,0,0,0,28.59,71.41,0.0,75236,187962,0,0,263197
MO-05,house,MO,05,Emanuel Cleaver,Rick Brattin,DEM,REP,DEM,DEM,33.4,99.9,0.1,Safe D,24.36,5.5,33.4,0.69,3.1,-0.26,23.83,9.57,False,False,,0,,0.0,,0.0,0.0,,,0.0,confirmed,confirmed,,,0,,0.0,1336738,331764,0,1142882,222510,0,1213054,982544,1083483,109254,0,148137,4286,0,849891,39087,0,0,0,0,0,0,0,66.7,33.3,0.0,156849,78312,0,0,235161
MO-06,house,MO,06,Josh Smead,Chris Stigall,DEM,REP,,REP,-35.36,0.0,100.0,Safe R,-38.96,5.5,-35.36,-1.04,0.0,-0.86,-39.33,3.97,False,False,,0,,0.0,,0.0,0.0,,,0.0,confirmed,confirmed,,,0,,0.0,71949,599336,0,16727,166050,0,182000,248691,55222,433286,0,31868,18699,0,0,76000,0,8353,0,0,0,63950,0,32.32,67.68,0.0,86775,181723,0,0,268498
MO-07,house,MO,07,Missi Hesketh,Eric Burlison,DEM,REP,REP,REP,-43.16,0.0,100.0,Safe R,-43.17,5.5,-43.16,-2.04,-2.63,-0.83,-43.18,0.02,False,False,,0,,0.0,,0.0,0.0,,,0.0,confirmed,confirmed,,,0,,0.0,50540,1464359,0,33543,957571,0,0,12107,22134,1108175,0,26365,619520,0,8500,246255,0,0,0,0,0,0,0,28.42,71.58,0.0,74903,188664,0,0,263567
MO-08,house,MO,08,Christopher Reichard,Jason Smith,DEM,REP,REP,REP,-54.39,0.0,100.0,Safe R,-53.72,5.5,-54.39,-3.42,-1.83,-0.93,-54.42,0.03,False,False,,0,,0.0,,0.0,0.0,,,0.0,confirmed,confirmed,,,0,,0.0,5674,5264183,0,1942,5012103,0,0,0,3732,3269224,0,4269,273782,0,0,2734275,0,109,0,0,5196,0,0,22.8,77.2,0.0,58965,199606,0,0,258572
MS-01,house,MS,01,Cliff Johnson,Trent Kelly,DEM,REP,REP,REP,-32.06,0.1,99.9,Safe R,-33.66,5.5,-32.06,-0.42,-2.99,-0.5,-37.53,5.47,False,False,,0,,0.0,,0.0,0.0,,,0.0,confirmed,confirmed,,,0,,0.0,551243,1004205,0,149645,863664,0,0,0,401599,749399,0,137251,16080,0,2500,500635,0,21869,0,0,0,0,0,33.97,66.03,0.0,77051,149784,0,0,226836
MS-02,house,MS,02,Bennie Thompson,Ron Eller,DEM,REP,DEM,DEM,35.88,100.0,0.0,Safe D,24.74,5.5,35.88,1.61,4.05,-0.02,20.59,15.29,False,False,,0,,0.0,,0.0,0.0,,,0.0,confirmed,confirmed,,,0,,0.0,770971,45390,0,1449522,35874,0,0,0,947613,46245,0,6419,6118,0,566744,150,0,0,2921,0,0,2500,0,67.94,32.06,0.0,136325,64333,0,0,200658
MS-03,house,MS,03,Michael Chiaradio,Michael Guest,DEM,REP,REP,REP,-23.56,1.0,99.0,Safe R,-25.84,5.5,-23.56,-1.09,-1.67,-0.47,-29.5,5.94,False,False,,0,,0.0,,0.0,0.0,,,0.0,confirmed,confirmed,,,0,,0.0,155400,822761,0,23208,962515,0,0,0,132191,371591,0,69258,5410,0,2800,370000,0,17776,0,0,17149,0,0,38.22,61.78,0.0,86527,139869,0,0,226395
MS-04,house,MS,04,Jeffrey Hulum III,Mike Ezell,DEM,REP,REP,REP,-41.16,0.0,100.0,Safe R,-39.47,5.5,-41.16,-1.93,-4.75,-0.51,-43.01,1.84,False,False,,0,,0.0,,0.0,0.0,,,0.0,confirmed,confirmed,,,0,,0.0,29045,990106,0,6534,123359,0,0,0,22864,1018212,0,5890,12096,0,500,477000,0,3500,0,0,3500,0,0,29.42,70.58,0.0,60518,145197,0,0,205715
MT-01,house,MT,01,Sam Forstag,Aaron Flint,DEM,REP,,REP,-6.15,26.8,73.2,Lean R,-10.96,5.5,-6.6,-0.16,0.0,-0.98,-11.92,5.77,False,False,,0,,0.0,,0.0,0.0,,,0.0,confirmed,confirmed,42.93,42.62,4,-0.98,0.303,1382873,1303394,0,550079,502201,0,284893,1582554,832794,801193,0,495944,290173,0,140650,330600,0,1267,0,0,0,246238,0,46.92,53.08,0.0,105788,119660,0,0,225448
MT-02,house,MT,02,Brian Miller,Troy Downing,DEM,REP,REP,REP,-32.32,0.1,99.9,Safe R,-29.92,5.5,-32.32,-2.59,-4.27,-1.04,-30.51,-1.82,False,False,,0,,0.0,,0.0,0.0,,,0.0,confirmed,confirmed,26.0,48.0,1,-21.67,0.331,19174,2127927,0,3166,650464,0,0,0,14573,1588993,0,4916,496243,0,1000,681678,0,4832,0,0,0,2026506,0,33.84,66.16,0.0,66535,130091,0,0,196626
NC-01,house,NC,01,Don Davis,Laurie Buckhout,DEM,REP,DEM,DEM,3.39,63.5,36.5,Lean D,-7.85,5.5,3.76,0.09,6.36,-0.35,-11.71,15.1,False,False,,0,,0.0,,0.0,0.0,,,0.0,confirmed,confirmed,44.29,40.94,3,2.18,0.15,4287386,3793077,0,3570366,1829661,0,1059078,920003,987862,1989720,0,367550,83111,0,1530112,351704,0,0,2402740,0,0,3501000,0,51.69,48.31,0.0,150836,140955,0,0,291792
NC-02,house,NC,02,Deborah Ross,Eugene Douglass,DEM,REP,DEM,DEM,45.63,100.0,0.0,Safe D,36.93,5.5,45.63,0.0,3.34,-0.14,34.41,11.22,False,False,,0,,0.0,,0.0,0.0,,,0.0,confirmed,confirmed,,,0,,0.0,1675978,0,0,1337687,0,0,0,0,1075801,0,0,65366,0,0,689413,0,0,0,0,0,9555,0,0,72.81,27.19,0.0,210545,78607,0,0,289152
NC-03,house,NC,03,Raymond Smith Jr.,Greg Murphy,DEM,REP,REP,REP,-7.22,23.4,76.6,Likely R,-9.89,5.5,-7.49,-1.35,-1.67,-0.08,-13.76,6.54,False,False,,0,,0.0,,0.0,0.0,,,0.0,confirmed,confirmed,41.0,44.0,1,-5.3,0.177,223119,2357956,0,73711,2697820,0,371202,0,137467,1243599,0,70520,28721,0,27250,1037799,0,100,0,0,0,0,0,46.39,53.61,0.0,112377,129879,0,0,242256
NC-04,house,NC,04,Valerie Foushee,Max Ganorkar,DEM,REP,DEM,DEM,59.14,100.0,0.0,Safe D,48.62,5.5,59.14,1.88,3.37,-0.24,46.04,13.1,False,False,,0,,0.0,,0.0,0.0,,,0.0,confirmed,confirmed,,,0,,0.0,912011,11917,0,47788,16967,0,2382171,241900,949918,10302,0,86347,1095,0,495618,1000,0,0,4569,0,4000,0,0,79.57,20.43,0.0,243343,62484,0,0,305827
NC-05,house,NC,05,Chuck Hubbard,Virginia Foxx,DEM,REP,REP,REP,-10.4,14.9,85.1,Likely R,-14.75,5.5,-10.4,-0.82,0.13,-0.46,-17.92,7.52,False,False,,0,,0.0,,0.0,0.0,,,0.0,confirmed,confirmed,,,0,,0.0,394695,1662604,0,99815,3369069,0,377958,0,302276,1204804,0,181733,25085,0,3350,419516,0,0,0,0,20000,0,0,44.8,55.2,0.0,128037,157751,0,0,285788
NC-06,house,NC,06,Cyril Jefferson,Addison McDowell,DEM,REP,REP,REP,-12.64,10.4,89.6,Likely R,-14.92,5.5,-12.64,-1.22,-1.67,-0.33,-17.36,4.72,False,False,,0,,0.0,,0.0,0.0,,,0.0,confirmed,confirmed,,,0,,0.0,199881,1226408,0,13898,381728,0,0,0,185984,852003,0,37641,16395,0,7400,515505,0,0,0,0,0,28602,0,43.68,56.32,0.0,119767,154416,0,0,274184
NC-07,house,NC,07,Kimberly Hardy,David Rouzer,DEM,REP,REP,REP,-9.94,16.0,84.0,Likely R,-10.93,5.5,-10.67,-1.34,-3.43,-0.47,-14.02,4.07,False,False,LIB,0,,0.0,,0.0,0.0,,,0.0,confirmed,confirmed,41.0,47.0,1,-8.48,0.238,293818,1990423,0,65017,2301487,0,0,0,228801,1124461,0,99168,6705,0,9411,1209699,0,0,0,0,0,0,0,44.3,54.08,1.62,137431,167785,5026,0,310241
NC-08,house,NC,08,Colby Watson,Mark Harris,DEM,REP,REP,REP,-16.72,4.9,95.1,Safe R,-16.97,5.5,-16.72,-1.86,-2.87,-0.52,-19.62,2.9,False,False,,0,,0.0,,0.0,0.0,,,0.0,confirmed,confirmed,,,0,,0.0,39569,1019134,0,2343,517853,0,0,13442,37232,608814,0,7059,74493,0,3700,200500,0,25460,0,0,0,0,0,41.64,58.36,0.0,119416,167379,0,0,286796
NC-09,house,NC,09,Richard Ojeda,Richard Hudson,DEM,REP,REP,REP,-11.22,13.1,86.9,Likely R,-13.26,5.5,-11.22,-0.22,-3.02,-0.21,-16.03,4.81,False,False,,0,,0.0,,0.0,0.0,,,0.0,confirmed,confirmed,42.0,46.0,1,-6.54,0.307,2237508,3215341,0,163673,1335132,0,405280,0,2073836,2511943,0,1666772,214005,0,18842,1605397,0,0,0,0,0,0,0,44.39,55.61,0.0,118912,148962,0,0,267874
NC-10,house,NC,10,Ashley Bell,Pat Harrigan,DEM,REP,REP,REP,-15.53,6.2,93.8,Likely R,-15.09,5.5,-16.15,-1.6,-4.63,-0.34,-17.89,2.36,False,False,,0,,0.0,,0.0,0.0,,,0.0,confirmed,confirmed,37.0,52.0,1,-10.23,0.15,84024,1081821,0,26174,451275,0,0,485,57805,683387,0,30263,81411,0,3050,359925,0,14948,0,0,8486,0,0,42.24,57.76,0.0,123093,168354,0,0,291447
NC-11,house,NC,11,Jamie Ager,Jennifer Balkcom,DEM,REP,,REP,-3.13,37.5,62.5,Lean R,-7.91,5.5,-3.13,0.0,0.0,-0.72,-9.61,6.49,False,False,,0,,0.0,,0.0,0.0,,,0.0,confirmed,confirmed,,,0,,0.0,3052354,0,0,2184778,0,0,446613,0,867576,0,0,556269,0,0,231570,0,0,0,0,0,0,0,0,48.44,51.56,0.0,149602,159263,0,0,308866
NC-12,house,NC,12,Alma Adams,Jack Codiga,DEM,REP,DEM,DEM,60.04,100.0,0.0,Safe D,50.34,5.5,60.04,1.26,2.65,0.29,47.04,13.01,False,False,,0,,0.0,,0.0,0.0,,,0.0,confirmed,confirmed,,,0,,0.0,370506,28704,0,456594,3,0,0,0,487322,28701,0,12384,1857,0,274275,0,0,0,3053,0,0,3000,0,80.02,19.98,0.0,199225,49738,0,0,248963
NC-13,house,NC,13,Paul Barringer,Brad Knott,DEM,REP,REP,REP,-13.24,9.3,90.7,Likely R,-14.63,5.5,-12.78,-0.19,-3.23,-0.22,-16.71,3.46,False,False,GRN,0,,0.0,,0.0,0.0,,,0.0,confirmed,confirmed,,,0,,0.0,1022610,1339161,0,514555,707795,0,0,0,508054,648627,0,76837,28235,0,8100,657718,0,461846,0,0,320000,760483,0,42.58,55.57,1.85,126856,165578,5512,0,297946
NC-14,house,NC,14,LaKesha Womack,Tim Moore,DEM,REP,REP,REP,-12.71,10.2,89.8,Likely R,-13.43,5.5,-14.08,-2.3,-3.38,-0.46,-15.22,2.5,False,False,,0,,0.0,,0.0,0.0,,,0.0,confirmed,confirmed,40.0,48.0,1,-3.23,0.15,24888,1538952,0,-376,1581992,0,0,80948,26124,880526,0,11823,22782,0,2200,435700,0,0,0,0,0,0,0,43.64,56.36,0.0,124966,161371,0,0,286337
ND-01,house,ND,01,Trygve Hammer,Julie Fedorchak,DEM,REP,REP,REP,-35.45,0.0,100.0,Safe R,-36.86,5.5,-35.45,-1.5,-1.67,-0.92,-37.39,1.94,False,False,,0,,0.0,,0.0,0.0,,,0.0,confirmed,confirmed,,,0,,0.0,190064,1730663,0,67391,1055571,0,0,0,122672,1004420,0,98864,7624,0,2900,962475,0,15,0,0,0,0,0,32.27,67.73,0.0,83172,174537,0,0,257708
NE-01,house,NE,01,Christopher Backemeyer,Mike Flood,DEM,REP,REP,REP,-12.4,10.8,89.2,Likely R,-12.36,5.5,-13.35,-0.99,-4.96,-0.54,-13.23,0.83,False,False,,0,,0.0,,0.0,0.0,,,0.0,confirmed,confirmed,45.67,43.56,2,-0.29,0.269,592233,2368910,0,290611,1560751,0,0,0,301622,1028941,0,98457,36065,0,25000,1127179,0,104319,0,0,100000,6046,0,43.8,56.2,0.0,97594,125217,0,0,222811
NE-02,house,NE,02,Denise Powell,Brinker Harding,DEM,REP,,REP,9.86,83.8,16.2,Likely D,5.5,5.5,11.07,0.43,0.0,-0.36,4.68,5.18,False,False,,0,,0.0,,0.0,0.0,,,0.0,confirmed,confirmed,46.5,40.5,1,5.94,0.15,2668287,2034386,0,997390,1070769,0,3115525,100001,1670897,963618,0,493969,52231,0,310406,255800,0,65033,3500,0,75000,0,0,54.93,45.07,0.0,121774,99911,0,0,221685
NE-03,house,NE,03,Becky Stille,Adrian Smith,DEM,REP,REP,REP,-55.9,0.0,100.0,Safe R,-53.31,5.5,-55.9,-2.18,-5.38,-0.53,-54.43,-1.47,False,False,,0,,0.0,,0.0,0.0,,,0.0,confirmed,confirmed,,,0,,0.0,55101,1777414,0,14834,1023354,0,0,282975,40268,1682292,0,11451,3630,0,50,1298250,0,36731,0,0,36731,0,0,22.05,77.95,0.0,48187,170329,0,0,218516
NH-01,house,NH,01,Stefany Shaheen,Anthony DiLorenzo,DEM,REP,,DEM,5.4,70.7,29.3,Lean D,0.56,5.5,5.4,0.19,0.0,-0.85,2.02,3.39,False,False,,0,,0.0,,0.0,0.0,,,0.0,projected,projected,,,0,,0.0,2432372,2500778,0,604203,189086,0,3636551,918459,1828170,2311692,0,426835,81153,0,99355,20500,0,7000,1750000,0,0,1750000,0,52.7,47.3,0.0,152710,137048,0,0,289758
NH-02,house,NH,02,Maggie Goodlander,Lily Williams,DEM,REP,DEM,DEM,15.26,93.5,6.5,Likely D,2.61,5.5,15.1,0.92,6.93,-0.86,3.63,11.64,False,False,,0,,0.0,,0.0,0.0,,,0.0,projected,projected,49.97,34.15,7,16.46,0.223,4155360,1199750,0,2701065,627779,0,150000,0,1512294,701451,0,275917,645406,0,325303,1500,0,0,120000,0,0,120000,0,57.63,42.37,0.0,166310,122264,0,0,288574
NJ-01,house,NJ,01,Donald Norcross,Damon Galdo,DEM,REP,DEM,DEM,34.14,100.0,0.0,Safe D,24.17,5.5,34.14,2.5,2.11,-0.14,19.0,15.14,False,False,,0,,0.0,,0.0,0.0,,,0.0,confirmed,confirmed,,,0,,0.0,1657743,11125,0,2365599,5056,0,0,0,999633,6138,0,11139,6233,0,791232,500,0,0,100,0,0,100,0,67.07,32.93,0.0,177149,86981,0,0,264130
NJ-02,house,NJ,02,Zack Mullock,Jeff Van Drew,DEM,REP,REP,REP,-8.85,18.8,81.2,Likely R,-7.64,5.5,-8.12,-1.01,-4.87,-0.1,-13.29,4.43,False,False,,0,,0.0,,0.0,0.0,,,0.0,confirmed,confirmed,36.0,46.0,1,-7.77,0.15,462863,1930058,0,120210,1538041,0,0,0,342653,1154447,0,76814,219043,0,6000,327471,0,110000,0,0,110000,11668,0,45.57,54.43,0.0,120151,143494,0,0,263645
NJ-03,house,NJ,03,Herb Conaway,Michael McGuire,DEM,REP,DEM,DEM,23.51,99.0,1.0,Safe D,12.95,5.5,23.51,1.52,3.88,-0.34,7.92,15.59,False,False,,0,,0.0,,0.0,0.0,,,0.0,confirmed,confirmed,,,0,,0.0,934660,79190,0,439329,807,0,0,0,532745,78383,0,54194,5115,0,500874,0,0,0,21000,0,0,94594,0,61.76,38.24,0.0,166584,103161,0,0,269745
NJ-04,house,NJ,04,Rachel Peace,Chris Smith,DEM,REP,REP,REP,-28.06,0.3,99.7,Safe R,-25.64,5.5,-28.06,-1.52,-5.89,-0.51,-31.01,2.95,False,False,,0,,0.0,,0.0,0.0,,,0.0,confirmed,confirmed,,,0,,0.0,34352,592016,0,5363,488316,0,0,0,28989,467765,0,14725,85452,0,0,216783,0,6712,0,0,25692,0,0,35.97,64.03,0.0,101636,180933,0,0,282569
NJ-05,house,NJ,05,Josh Gottheimer,Sean Kirrane,DEM,REP,DEM,DEM,22.76,98.8,1.2,Safe D,7.53,5.5,22.76,2.86,7.03,-0.17,1.29,21.47,False,False,,0,,0.0,,0.0,0.0,,,0.0,confirmed,confirmed,,,0,,0.0,4765145,55656,0,12773075,8034,0,0,0,12704564,47622,0,20739,3603,0,882050,0,0,0,25054,0,0,24325,0,61.38,38.62,0.0,168913,106283,0,0,275197
NJ-06,house,NJ,06,Frank Pallone,Hillary Herzig,DEM,REP,DEM,DEM,28.73,99.8,0.2,Safe D,13.41,5.5,28.73,2.75,6.79,0.28,6.23,22.49,False,False,,0,,0.0,,0.0,0.0,,,0.0,confirmed,confirmed,,,0,,0.0,2214837,7645,0,3066966,1866,0,0,0,2219781,5779,0,7797,1190,0,1455707,0,0,0,2786,0,0,4351,0,64.36,35.64,0.0,143045,79203,0,0,222248
NJ-07,house,NJ,07,Rebecca Bennett,Tom Kean Jr.,DEM,REP,REP,REP,5.2,70.0,30.0,Lean D,2.55,5.5,5.95,-0.04,-1.67,-0.4,-1.9,7.1,False,False,,0,,0.0,,0.0,0.0,,,0.0,confirmed,confirmed,47.0,43.0,1,1.63,0.15,4272034,4892807,0,1445694,3634205,0,1799932,749383,2826340,1306888,0,632513,220555,0,272746,1194427,0,0,0,0,0,0,0,52.6,47.4,0.0,161638,145646,0,0,307284
NJ-08,house,NJ,08,Rob Menendez,(no Republican filed),DEM,REP,DEM,DEM,47.13,100.0,0.0,Safe D,37.51,5.5,46.34,0.0,1.67,1.66,28.85,18.28,False,False,IND,0,,0.0,Aristotle Eliopoulos,2.44,0.0,,,0.0,confirmed,,,,0,,0.0,1958766,0,0,679737,0,0,34890,0,1555715,0,0,13337,0,0,734489,0,0,0,0,0,0,0,0,71.77,25.79,0.0,109043,39184,0,3707,151934
NJ-09,house,NJ,09,Nelida Pou,Rosemary Pino,DEM,REP,DEM,DEM,21.95,98.5,1.5,Safe D,8.01,5.5,21.95,1.29,6.01,1.14,-1.3,23.25,False,False,,0,,0.0,,0.0,0.0,,,0.0,confirmed,confirmed,,,0,,0.0,2661928,437829,0,1793359,39624,0,0,0,1021043,398205,0,231971,251372,0,1024879,0,0,0,0,0,0,157218,0,60.98,39.02,0.0,116823,74764,0,0,191587
NJ-10,house,NJ,10,LaMonica McIver,Carmen Bucco,DEM,REP,DEM,DEM,66.92,100.0,0.0,Safe D,56.35,5.5,66.92,2.8,1.49,0.77,48.73,18.19,False,False,,0,,0.0,,0.0,0.0,,,0.0,confirmed,confirmed,,,0,,0.0,2136938,2270,0,814120,1018,0,0,0,1486031,1252,0,1072110,360,0,553383,0,0,0,910,0,0,0,0,83.46,16.54,0.0,148447,29423,0,0,177870
NJ-11,house,NJ,11,Analilia Mejia,Joe Hathaway,DEM,REP,DEM,DEM,21.37,98.3,1.7,Safe D,13.53,5.5,21.37,0.81,1.67,-0.14,7.93,13.44,False,False,,0,,0.0,,0.0,0.0,,,0.0,confirmed,confirmed,,,0,,0.0,1823436,657711,0,27475,5036,0,648446,0,1795960,652675,0,633740,71416,0,336506,40500,0,7000,0,0,111426,11452,0,60.68,39.32,0.0,167616,108600,0,0,276216
NJ-12,house,NJ,12,Adam Hamawy,Gregg Mele,DEM,REP,,DEM,37.81,100.0,0.0,Safe D,29.98,5.5,37.81,2.13,0.0,0.2,23.58,14.23,False,False,,0,,0.0,,0.0,0.0,,,0.0,confirmed,confirmed,,,0,,0.0,1533852,79425,0,91930,3084,0,1900174,0,1441921,76341,0,263767,16648,0,61806,0,0,0,53746,0,0,98552,0,68.9,31.1,0.0,159347,71915,0,0,231262
NM-01,house,NM,01,Melanie Stansbury,Ndidiamaka Okpareke,DEM,REP,DEM,DEM,27.05,99.6,0.4,Safe D,16.67,5.5,27.05,1.68,2.33,0.87,13.0,14.05,False,False,,0,,0.0,,0.0,0.0,,,0.0,confirmed,confirmed,,,0,,0.0,1353564,100340,0,416711,42741,0,0,0,1082562,57599,0,467355,15340,0,202335,1900,0,0,0,0,0,0,0,63.52,36.48,0.0,157271,90304,0,0,247575
NM-02,house,NM,02,Gabriel Vasquez,Greg Cunningham,DEM,REP,DEM,DEM,15.59,93.9,6.1,Likely D,3.82,5.5,17.46,0.68,5.64,1.83,-1.84,17.44,False,False,,0,,0.0,,0.0,0.0,,,0.0,confirmed,confirmed,43.0,41.0,1,6.25,0.15,3784102,1510080,0,2378703,794187,0,16261,0,1444484,715893,0,385490,142850,0,990919,158100,0,0,0,0,0,0,0,57.8,42.2,0.0,109938,80276,0,0,190214
NM-03,house,NM,03,Teresa Leger Fernandez,Martin Zamora,DEM,REP,DEM,DEM,24.06,99.1,0.9,Safe D,10.42,5.5,24.06,0.73,6.72,0.69,5.32,18.74,False,False,,0,,0.0,,0.0,0.0,,,0.0,confirmed,confirmed,,,0,,0.0,1249949,440623,0,666975,242569,0,0,0,990899,198054,0,114676,23608,0,212450,14200,0,0,0,0,0,0,0,62.03,37.97,0.0,129392,79196,0,0,208588
NV-01,house,NV,01,Dina Titus,Carrie Buck,DEM,REP,DEM,DEM,17.22,95.6,4.4,Safe D,6.07,5.5,17.22,-0.16,5.03,0.79,2.3,14.92,False,False,,0,,0.0,,0.0,0.0,,,0.0,confirmed,confirmed,,,0,,0.0,1537358,1915058,0,1337525,653588,0,0,0,355197,1261470,0,50604,526707,0,766723,138100,0,0,3732,0,4000,24440,0,58.61,41.39,0.0,137543,97122,0,0,234665
NV-02,house,NV,02,Teresa Benitez-Thompson,David Flippo,DEM,REP,,REP,-6.29,26.4,73.6,Lean R,-11.75,5.5,-7.59,-1.32,0.0,-0.02,-14.26,7.97,False,False,,0,,0.0,,0.0,0.0,,,0.0,confirmed,confirmed,41.17,40.89,3,-1.48,0.301,257087,2275392,0,140607,117883,0,399937,653802,116479,2172225,0,57268,16480,0,23100,66500,0,20000,1675000,0,27163,1614965,0,46.86,53.14,0.0,138060,156592,0,0,294652
NV-03,house,NV,03,Susie Lee,Marty O'Donnell,DEM,REP,DEM,DEM,12.7,89.7,10.3,Likely D,3.18,5.5,12.7,0.06,3.88,0.08,-0.75,13.44,False,False,,0,,0.0,,0.0,0.0,,,0.0,confirmed,confirmed,,,0,,0.0,4401421,4055410,0,3689228,2409434,0,0,0,1178847,1645976,0,246965,189257,0,1306593,271905,0,0,3007000,0,0,3000000,0,56.35,43.65,0.0,151913,117682,0,0,269595
NV-04,house,NV,04,Steven Horsford,Cody Whipple,DEM,REP,DEM,DEM,18.48,96.6,3.4,Safe D,6.11,5.5,18.48,0.97,5.12,0.79,2.37,16.11,False,False,,0,,0.0,,0.0,0.0,,,0.0,confirmed,confirmed,,,0,,0.0,3350563,884687,0,1496222,285221,0,0,0,1860631,599467,0,209416,204906,0,1788353,7000,0,0,320119,0,22500,430235,0,59.24,40.76,0.0,142273,97882,0,0,240155
NY-01,house,NY,01,Christopher Gallant,Nick LaLota,DEM,REP,REP,REP,-2.94,38.1,61.9,Lean R,-8.39,5.5,-2.4,0.0,0.78,-0.29,-10.19,7.25,False,False,,0,,0.0,,0.0,0.0,,,0.0,confirmed,confirmed,38.0,41.0,1,-3.4,0.15,647598,0,0,172217,0,0,0,0,475381,0,0,100617,0,0,11100,0,0,3500,0,0,0,0,0,48.53,51.47,0.0,145887,154737,0,0,300624
NY-02,house,NY,02,Patrick Halpin,Andrew Garbarino,DEM,REP,REP,REP,-11.03,13.5,86.5,Likely R,-11.25,5.5,-11.03,-1.46,-4.23,0.4,-14.08,3.04,False,False,,0,,0.0,,0.0,0.0,,,0.0,confirmed,confirmed,,,0,,0.0,461848,3513016,0,89408,3458915,0,0,0,372440,1599708,0,50667,5584,0,9950,1805000,0,7000,0,0,0,0,0,44.48,55.52,0.0,112762,140734,0,0,253496
NY-03,house,NY,03,Tom Suozzi,Mike LiPetri,DEM,REP,DEM,DEM,15.28,93.5,6.5,Likely D,-0.29,5.5,15.28,0.87,9.48,-0.28,-4.35,19.63,False,False,,0,,0.0,,0.0,0.0,,,0.0,confirmed,confirmed,,,0,,0.0,5456698,1666542,0,5679950,710120,0,0,0,1811089,957956,0,203262,199352,0,1584043,209500,0,0,0,0,0,56746,0,57.64,42.36,0.0,152639,112165,0,0,264804
NY-04,house,NY,04,Laura Gillen,Jeanine Driscoll,DEM,REP,DEM,DEM,14.67,92.8,7.2,Likely D,4.81,5.5,16.91,2.1,4.21,0.3,1.29,13.38,False,False,,0,,0.0,,0.0,0.0,,,0.0,confirmed,confirmed,46.0,41.0,1,4.01,0.15,5097222,264824,0,3843824,226274,0,0,0,1276602,38550,0,325671,13709,0,1032059,66250,0,0,0,0,0,0,0,57.34,42.66,0.0,155982,116067,0,0,272049
NY-05,house,NY,05,Gregory Meeks,George Marsh,DEM,REP,DEM,DEM,58.77,100.0,0.0,Safe D,48.73,5.5,58.77,0.0,3.89,0.65,42.8,15.97,False,False,,0,,0.0,,0.0,0.0,,,0.0,confirmed,confirmed,,,0,,0.0,1744888,0,0,2010350,0,0,0,0,1963090,0,0,1965,0,0,928255,0,0,0,0,0,0,0,0,79.39,20.61,0.0,134479,34921,0,0,169400
NY-06,house,NY,06,Grace Meng,Joseph Chou,DEM,REP,DEM,DEM,30.96,99.9,0.1,Safe D,13.5,5.5,30.96,0.0,11.74,0.22,6.53,24.43,False,False,,0,,0.0,,0.0,0.0,,,0.0,confirmed,confirmed,,,0,,0.0,2033045,0,0,1034068,0,0,0,0,1967862,0,0,22020,0,0,574800,0,0,0,0,0,0,0,0,65.48,34.52,0.0,95956,50587,0,0,146543
NY-07,house,NY,07,Claire Valdez,Melvin Rivera,DEM,REP,,DEM,58.4,100.0,0.0,Safe D,51.96,5.5,58.4,0.0,0.0,0.94,47.19,11.21,False,False,,0,,0.0,,0.0,0.0,,,0.0,confirmed,confirmed,,,0,,0.0,1693312,0,0,206842,0,0,956361,0,1486470,0,0,620052,0,0,44750,0,0,0,0,0,0,0,0,79.2,20.8,0.0,130295,34214,0,0,164509
NY-08,house,NY,08,Hakeem Jeffries,Lewis Mizrahi,DEM,REP,DEM,DEM,61.0,100.0,0.0,Safe D,48.44,5.5,61.0,0.0,6.67,0.4,44.77,16.23,False,False,,0,,0.0,,0.0,0.0,,,0.0,confirmed,confirmed,,,0,,0.0,14899981,0,0,5000460,0,0,0,32101,14854086,0,0,7235721,0,0,2079150,0,0,0,0,0,0,0,0,80.5,19.5,0.0,134893,32673,0,0,167566
NY-09,house,NY,09,Yvette Clarke,Joel Anabilah-Azumah,DEM,REP,DEM,DEM,59.73,100.0,0.0,Safe D,45.18,5.5,59.73,0.0,8.81,0.23,41.39,18.34,False,False,,0,,0.0,,0.0,0.0,,,0.0,confirmed,confirmed,,,0,,0.0,1013953,0,0,30978,0,0,289695,0,1093030,0,0,27671,0,0,581951,0,0,0,0,0,95704,0,0,79.86,20.14,0.0,139990,35296,0,0,175286
NY-10,house,NY,10,Brad Lander,Jennifer Moore,DEM,REP,,DEM,70.53,100.0,0.0,Safe D,65.02,5.5,70.53,0.0,0.0,0.01,61.89,8.64,False,False,,0,,0.0,,0.0,0.0,,,0.0,confirmed,confirmed,,,0,,0.0,2455130,0,0,55336,0,0,432138,219039,2399794,0,0,659707,0,0,49000,0,0,0,0,0,0,0,0,85.27,14.73,0.0,165310,28566,0,0,193876
NY-11,house,NY,11,Michael DeCillis,Nicole Malliotakis,DEM,REP,REP,REP,-20.05,2.4,97.6,Safe R,-20.25,5.5,-20.05,-2.38,-2.82,-0.1,-24.83,4.78,False,False,,0,,0.0,,0.0,0.0,,,0.0,confirmed,confirmed,,,0,,0.0,67616,2750505,0,35290,2767340,0,0,0,32326,1329411,0,17835,210566,0,0,1072300,0,0,0,0,0,0,0,39.98,60.02,0.0,76317,114591,0,0,190908
NY-12,house,NY,12,Micah Lasher,Caroline Shinkle,DEM,REP,,DEM,73.59,100.0,0.0,Safe D,67.12,5.5,73.59,1.35,0.0,-0.39,64.9,8.69,False,False,,0,,0.0,,0.0,0.0,,,0.0,confirmed,confirmed,,,0,,0.0,3315975,155145,0,1088073,83847,0,11999039,3017410,2232656,71298,0,90223,23887,0,22000,1995,0,500000,26379,0,500000,35527,0,86.79,13.21,0.0,205994,31343,0,0,237337
NY-13,house,NY,13,Darializa Avila Chevalier,Jomo Williams,DEM,REP,,DEM,73.15,100.0,0.0,Safe D,65.81,5.5,73.15,0.0,0.0,1.84,60.27,12.88,False,False,,0,,0.0,,0.0,0.0,,,0.0,confirmed,confirmed,,,0,,0.0,1354602,0,0,222087,0,0,1887856,1542818,1132514,0,0,416612,0,0,26603,0,0,0,0,0,0,0,0,86.57,13.43,0.0,145167,22511,0,0,167678
NY-14,house,NY,14,Alexandria Ocasio-Cortez,Diamant Hysenaj,DEM,REP,DEM,DEM,51.49,100.0,0.0,Safe D,39.4,5.5,51.49,3.32,1.55,1.73,32.37,19.13,False,False,,0,,0.0,,0.0,0.0,,,0.0,confirmed,confirmed,,,0,,0.0,32607754,342896,0,15960932,31041,0,0,0,20381469,311855,0,21547856,217527,0,28050,850,0,0,8889,0,0,27913,0,75.75,24.25,0.0,107701,34485,0,0,142186
NY-15,house,NY,15,Ritchie Torres,Stylo Sapaskis,DEM,REP,DEM,DEM,69.61,100.0,0.0,Safe D,55.62,5.5,69.61,0.0,6.49,1.99,48.81,20.8,False,False,,0,,0.0,,0.0,0.0,,,0.0,confirmed,confirmed,,,0,,0.0,6908655,0,0,13986721,0,0,3857427,0,4345916,0,0,129722,0,0,700550,0,0,0,0,0,0,0,0,84.8,15.2,0.0,110912,19876,0,0,130788
NY-16,house,NY,16,George Latimer,Joseph Cinquemani,DEM,REP,DEM,DEM,50.32,100.0,0.0,Safe D,36.59,5.5,50.32,0.0,7.51,0.71,33.31,17.01,False,False,,0,,0.0,,0.0,0.0,,,0.0,confirmed,confirmed,,,0,,0.0,513967,0,0,100662,0,0,0,0,605959,0,0,47572,0,0,189650,0,0,0,0,0,0,0,0,75.16,24.84,0.0,171666,56742,0,0,228409
NY-17,house,NY,17,Cait Conley,Mike Lawler,DEM,REP,REP,REP,3.48,63.8,36.2,Lean D,3.16,5.5,4.2,-0.43,-4.09,0.06,0.56,2.92,False,False,,0,,0.0,,0.0,0.0,,,0.0,confirmed,confirmed,47.37,48.02,2,0.71,0.172,4317457,8172046,0,1319156,4841306,0,1749553,1657187,2998301,3500108,0,707036,425903,0,422990,1926075,0,7000,0,0,0,0,0,51.74,48.26,0.0,141009,131532,0,0,272540
NY-18,house,NY,18,Pat Ryan,Jackie Auringer,DEM,REP,DEM,DEM,19.78,97.5,2.5,Safe D,4.57,5.5,21.44,2.65,8.76,-0.04,3.35,16.42,False,False,,0,,0.0,,0.0,0.0,,,0.0,confirmed,confirmed,53.0,39.0,1,11.72,0.159,4723627,89698,0,3116479,61255,0,0,0,1774339,28443,0,245625,10915,0,526547,8800,0,0,0,0,0,0,0,59.89,40.11,0.0,155704,104288,0,0,259993
NY-19,house,NY,19,Josh Riley,Peter Oberacker,DEM,REP,DEM,DEM,13.62,91.2,8.8,Likely D,2.32,5.5,13.62,1.0,5.47,-0.68,1.8,11.82,False,False,,0,,0.0,,0.0,0.0,,,0.0,confirmed,confirmed,,,0,,0.0,4825666,1237179,0,3190954,392868,0,60445,0,1703032,844311,0,437652,240815,0,743543,259000,0,0,130000,0,0,100000,0,56.81,43.19,0.0,153059,116373,0,0,269432
NY-20,house,NY,20,Paul Tonko,Ralph Ambrosio,DEM,REP,DEM,DEM,29.59,99.8,0.2,Safe D,15.44,5.5,29.59,1.91,7.34,-0.6,14.32,15.27,False,False,,0,,0.0,,0.0,0.0,,,0.0,confirmed,confirmed,,,0,,0.0,957587,29026,0,404327,8119,0,0,0,1152761,20907,0,97613,7657,0,616955,1335,0,0,0,0,0,0,0,64.8,35.2,0.0,169604,92149,0,0,261754
NY-21,house,NY,21,Blake Gendebien,Anthony Constantino,DEM,REP,,REP,-11.78,11.9,88.1,Likely R,-19.54,5.5,-15.32,-0.4,0.0,-0.87,-20.76,8.98,False,False,,0,,0.0,,0.0,0.0,,,0.0,confirmed,confirmed,42.36,45.36,5,-3.48,0.336,5461528,9460254,0,2622585,3036386,0,131749,40000,3091285,8730755,0,2589744,0,0,60400,7000,0,125,9400000,0,0,12000000,0,44.11,55.89,0.0,110255,139706,0,0,249961
NY-22,house,NY,22,John Mannion,Kailee Buller,DEM,REP,DEM,DEM,23.37,98.9,1.1,Safe D,8.59,5.5,23.37,1.62,8.35,-0.69,7.69,15.67,False,False,,0,,0.0,,0.0,0.0,,,0.0,confirmed,confirmed,,,0,,0.0,2694739,267339,0,1842997,186587,0,71377,0,979983,80751,0,301510,13944,0,831621,27350,0,0,22000,0,0,22000,0,61.68,38.32,0.0,156532,97232,0,0,253764
NY-23,house,NY,23,Aaron Gies,Nick Langworthy,DEM,REP,REP,REP,-21.59,1.7,98.3,Safe R,-20.82,5.5,-21.59,-1.61,-3.78,-0.88,-21.19,-0.4,False,False,,0,,0.0,,0.0,0.0,,,0.0,confirmed,confirmed,,,0,,0.0,227174,2326405,0,17795,2477498,0,0,0,203235,942715,0,64461,58551,0,0,1032142,0,0,0,0,0,0,0,39.21,60.79,0.0,108435,168146,0,0,276581
NY-24,house,NY,24,Alissa Ellman,Claudia Tenney,DEM,REP,REP,REP,-22.14,1.4,98.6,Safe R,-22.68,5.5,-22.14,-1.84,-2.27,-0.85,-23.24,1.1,False,False,,0,,0.0,,0.0,0.0,,,0.0,confirmed,confirmed,,,0,,0.0,193088,2763139,0,12850,1373087,0,0,0,180238,1745055,0,76636,296718,0,7600,1220160,0,27597,0,0,17597,0,0,38.93,61.07,0.0,102383,160613,0,0,262996
NY-25,house,NY,25,Joe Morelle,Virginia McIntyre,DEM,REP,DEM,DEM,28.04,99.7,0.3,Safe D,19.16,5.5,28.04,2.4,1.39,-0.42,18.65,9.38,False,False,,0,,0.0,,0.0,0.0,,,0.0,confirmed,confirmed,,,0,,0.0,1786904,32416,0,408038,12261,0,571931,0,1759070,20155,0,61270,6308,0,853475,2000,0,0,0,0,0,0,0,64.02,35.98,0.0,168479,94691,0,0,263169
NY-26,house,NY,26,Timothy Kennedy,Dennis Hannon,DEM,REP,DEM,DEM,36.82,100.0,0.0,Safe D,20.86,5.5,36.82,0.0,10.93,-0.48,19.56,17.25,False,False,,0,,0.0,,0.0,0.0,,,0.0,confirmed,confirmed,,,0,,0.0,2310288,0,0,1213878,0,0,0,0,1435475,0,0,57306,0,0,575739,0,0,0,0,0,0,0,0,68.41,31.59,0.0,162708,75142,0,0,237850
OH-01,house,OH,01,Greg Landsman,Eric Conroy,DEM,REP,DEM,DEM,10.52,85.4,14.6,Likely D,1.72,5.5,11.97,0.78,4.61,-0.64,-2.62,13.14,False,False,,0,,0.0,,0.0,0.0,,,0.0,confirmed,confirmed,47.9,44.6,1,6.8,0.256,4633250,1513614,0,3610214,474156,0,178765,363781,1203152,1039457,0,242861,300934,0,976688,282647,0,0,326142,0,0,394102,0,55.26,44.74,0.0,153658,124412,0,0,278071
OH-02,house,OH,02,Jennifer Mazzuckelli,David Taylor,DEM,REP,REP,REP,-35.99,0.0,100.0,Safe R,-37.89,5.5,-35.99,0.0,-2.62,-0.98,-42.48,6.49,False,False,,0,,0.0,,0.0,0.0,,,0.0,confirmed,confirmed,,,0,,0.0,0,1095248,0,0,442977,0,0,0,0,780078,0,0,151894,0,0,429000,0,0,0,0,0,1707300,0,32.01,67.99,0.0,84244,178971,0,0,263215
OH-03,house,OH,03,Joyce Beatty,Cleophus Dulaney,DEM,REP,DEM,DEM,52.91,100.0,0.0,Safe D,45.19,5.5,52.91,0.0,2.61,-0.39,40.65,12.25,False,False,,0,,0.0,,0.0,0.0,,,0.0,confirmed,confirmed,,,0,,0.0,1201451,0,0,2776821,0,0,0,0,1137204,0,0,25836,0,0,889517,0,0,0,0,0,2500,0,0,76.45,23.55,0.0,191780,59062,0,0,250842
OH-04,house,OH,04,Joshua Kolasinski,Jim Jordan,DEM,REP,REP,REP,-39.01,0.0,100.0,Safe R,-38.65,5.5,-38.49,-3.26,-1.21,-0.87,-43.01,4.0,False,False,IND,0,,0.0,Tamie Wilson,1.61,0.0,,,0.0,confirmed,confirmed,,,0,,0.0,12868,4774322,22050,465,6030301,520820,0,0,12403,6230902,0,5418,1950436,16879,100,529815,0,5100,0,0,18222,0,0,30.0,68.39,0.0,83243,189725,0,4467,277434
OH-05,house,OH,05,Brian Shaver,Bob Latta,DEM,REP,REP,REP,-22.13,1.5,98.5,Safe R,-19.33,5.5,-22.13,-2.4,-5.23,-0.66,-23.97,1.84,False,False,,0,,0.0,,0.0,0.0,,,0.0,confirmed,confirmed,,,0,,0.0,11664,1461648,0,8742,1019993,0,0,11479,7258,1038450,0,0,34441,0,2275,810650,0,5523,0,0,5523,0,0,38.94,61.06,0.0,105622,165647,0,0,271270
OH-06,house,OH,06,Elizabeth Kirtley,Michael Rulli,DEM,REP,REP,REP,-28.47,0.3,99.7,Safe R,-29.56,5.5,-28.47,-2.34,-1.23,-0.84,-34.9,6.43,False,False,,0,,0.0,,0.0,0.0,,,0.0,confirmed,confirmed,,,0,,0.0,1132,1112553,0,1069,269711,0,0,0,63,913479,0,632,9740,0,0,705286,0,0,0,0,0,0,0,35.77,64.23,0.0,91512,164351,0,0,255863
OH-07,house,OH,07,Brian Poindexter,Max Miller,DEM,REP,REP,REP,-1.91,42.1,57.9,Toss-up,-7.09,5.5,-4.88,-0.44,-2.0,-0.86,-11.15,9.24,False,False,,0,,0.0,,0.0,0.0,,,0.0,confirmed,confirmed,46.47,39.16,5,6.69,0.273,603156,2142562,0,312290,1379132,0,1827726,195622,290865,937959,0,148902,165677,0,162073,656841,0,1421,0,0,0,970000,0,49.05,50.95,0.0,146270,151964,0,0,298234
OH-08,house,OH,08,Vanessa Enoch,Warren Davidson,DEM,REP,REP,REP,-8.49,19.8,80.2,Likely R,-12.09,5.5,-8.49,0.0,-1.23,-0.67,-15.78,7.29,False,False,,0,,0.0,,0.0,0.0,,,0.0,confirmed,confirmed,,,0,,0.0,0,661353,0,2987,529910,0,0,0,0,526145,0,11204,6597,0,14192,273950,0,0,0,0,0,0,0,45.76,54.24,0.0,128947,152864,0,0,281811
OH-09,house,OH,09,Marcy Kaptur,Derek Merrin,DEM,REP,DEM,DEM,9.45,82.8,17.2,Likely D,-5.68,5.5,11.29,0.7,11.37,-0.59,-10.68,20.13,False,False,,0,,0.0,,0.0,0.0,,,0.0,confirmed,confirmed,43.0,47.0,1,0.29,0.15,4303416,1508953,0,3491668,531214,0,689954,754452,1260674,1054389,0,448413,88590,0,1126725,116900,0,0,310000,0,0,88352,0,54.72,45.28,0.0,146002,120796,0,0,266797
OH-10,house,OH,10,Kristina Knickerbocker,Mike Turner,DEM,REP,REP,REP,-9.37,17.4,82.6,Likely R,-3.69,5.5,-9.45,-0.62,-9.99,-0.65,-7.86,-1.51,False,False,,0,,0.0,,0.0,0.0,,,0.0,confirmed,confirmed,41.0,47.01,2,-8.32,0.185,362666,894595,0,125160,556284,0,0,0,237506,768735,0,75520,48775,0,26500,399000,0,7028,0,0,48362,0,0,45.32,54.68,0.0,120269,145134,0,0,265403
OH-11,house,OH,11,Shontel Brown,Mike Kirchner,DEM,REP,DEM,DEM,70.81,100.0,0.0,Safe D,60.37,5.5,70.81,0.0,4.98,-0.04,55.47,15.34,False,False,,0,,0.0,,0.0,0.0,,,0.0,confirmed,confirmed,,,0,,0.0,1183643,0,0,1156556,0,0,0,0,882901,0,0,39308,0,0,723196,0,0,0,0,0,0,0,0,85.4,14.6,0.0,191616,32749,0,0,224365
OH-12,house,OH,12,Jerrad Christian,Troy Balderson,DEM,REP,REP,REP,-25.56,0.6,99.4,Safe R,-26.39,5.5,-25.56,-1.94,-1.79,-0.93,-30.36,4.79,False,False,,0,,0.0,,0.0,0.0,,,0.0,confirmed,confirmed,,,0,,0.0,84378,1743281,0,18925,1982352,0,0,0,69210,767354,0,54369,16715,0,2250,1040300,0,0,0,0,0,0,0,37.22,62.78,0.0,106857,180243,0,0,287101
OH-13,house,OH,13,Emilia Sykes,Carey Coleman,DEM,REP,DEM,DEM,18.92,96.9,3.1,Safe D,7.87,5.5,18.92,2.15,4.16,-0.76,3.32,15.6,False,False,,0,,0.0,,0.0,0.0,,,0.0,confirmed,confirmed,,,0,,0.0,3137440,127109,0,1897462,77727,0,0,10921,1362656,49382,0,414139,32140,0,1006777,8000,0,0,51000,0,0,57778,0,59.46,40.54,0.0,162473,110775,0,0,273248
OH-14,house,OH,14,Maria Jukic,David Joyce,DEM,REP,REP,REP,-19.7,2.6,97.4,Safe R,-15.75,5.5,-19.7,-1.93,-6.65,-0.87,-20.53,0.83,False,False,,0,,0.0,,0.0,0.0,,,0.0,confirmed,confirmed,,,0,,0.0,61678,1410643,0,33693,3121595,0,0,12000,19515,1031924,0,23317,20291,0,0,967101,0,80,0,0,9012,0,0,40.15,59.85,0.0,116198,173207,0,0,289404
OH-15,house,OH,15,Don Leonard,Mike Carey,DEM,REP,REP,REP,-5.83,27.9,72.1,Lean R,-5.81,5.5,-5.48,-1.18,-3.35,-0.65,-10.11,4.29,False,False,,0,,0.0,,0.0,0.0,,,0.0,confirmed,confirmed,37.88,42.17,2,-6.58,0.192,606658,3299678,0,252402,2056713,0,125143,0,354256,1404260,0,90488,51245,0,11250,1742650,0,11920,0,0,10000,0,0,47.09,52.91,0.0,118869,133584,0,0,252454
OK-01,house,OK,01,John Croisant,Mark Tedford,DEM,REP,,REP,-17.76,3.9,96.1,Safe R,-21.0,5.5,-17.76,-1.7,0.0,-0.56,-22.0,4.24,False,False,,0,,0.0,,0.0,0.0,,,0.0,confirmed,confirmed,,,0,,0.0,141972,1763830,0,36579,173735,0,0,95000,105393,1590095,0,46686,6010,0,0,61000,0,1000,1300369,0,0,1200369,0,41.12,58.88,0.0,90666,129830,0,0,220496
OK-02,house,OK,02,Brandon Wade,Josh Brecheen,DEM,REP,REP,REP,-51.56,0.0,100.0,Safe R,-54.27,5.5,-51.56,-1.2,-0.28,-1.31,-56.51,4.95,False,False,,0,,0.0,,0.0,0.0,,,0.0,confirmed,confirmed,,,0,,0.0,4290,218894,0,86,76064,0,0,0,2002,213526,0,2730,4729,0,0,110008,0,1060,0,0,0,0,0,24.22,75.78,0.0,55210,172725,0,0,227935
OK-03,house,OK,03,Suzie Byrd,Frank Lucas,DEM,REP,REP,REP,-43.19,0.0,100.0,Safe R,-43.97,5.5,-43.19,0.0,-4.46,-0.26,-45.69,2.5,False,False,,0,,0.0,,0.0,0.0,,,0.0,confirmed,confirmed,,,0,,0.0,0,907279,0,0,532512,0,0,0,0,993052,0,0,4066,0,0,674481,0,0,0,0,0,0,0,28.41,71.59,0.0,54652,137749,0,0,192401
OK-04,house,OK,04,Mitchell Jacob,Tom Cole,DEM,REP,REP,REP,-34.73,0.0,100.0,Safe R,-32.0,5.5,-34.73,-2.65,-4.87,-0.71,-33.57,-1.16,False,False,,0,,0.0,,0.0,0.0,,,0.0,confirmed,confirmed,,,0,,0.0,65289,3827891,0,4166,2599733,0,0,250000,61123,3008432,0,15682,109109,0,0,1568079,0,23231,0,0,22500,0,0,32.63,67.37,0.0,71114,146808,0,0,217922
OK-05,house,OK,05,Jena Nelson,Stephanie Bice,DEM,REP,REP,REP,-16.78,4.8,95.2,Safe R,-17.76,5.5,-16.78,-1.04,-2.87,-0.62,-18.66,1.88,False,False,,0,,0.0,,0.0,0.0,,,0.0,confirmed,confirmed,,,0,,0.0,449421,1943507,0,17334,2021981,0,0,0,432087,1007476,0,174155,41602,0,3500,973750,0,0,0,0,38312,0,0,41.61,58.39,0.0,98811,138658,0,0,237469
OR-01,house,OR,01,Suzanne Bonamici,Barbara Kahl,DEM,REP,DEM,DEM,50.08,100.0,0.0,Safe D,39.03,5.5,50.08,2.08,3.85,-0.38,39.2,10.87,False,False,,0,,0.0,,0.0,0.0,,,0.0,confirmed,confirmed,,,0,,0.0,816770,4466,0,572435,212,0,0,0,790299,3555,0,58564,1246,0,423600,500,0,0,0,0,0,10870,0,75.04,24.96,0.0,193316,64310,0,0,257626
OR-02,house,OR,02,Chris Beck,Cliff Bentz,DEM,REP,REP,REP,-28.4,0.3,99.7,Safe R,-27.8,5.5,-28.4,-1.49,-4.12,-0.49,-27.9,-0.5,False,False,,0,,0.0,,0.0,0.0,,,0.0,confirmed,confirmed,,,0,,0.0,94774,1011413,0,53777,1420775,0,0,0,40996,646983,0,20945,44713,0,7850,561542,0,0,0,0,1307,0,0,35.8,64.2,0.0,92077,165120,0,0,257197
OR-03,house,OR,03,Maxine Dexter,Loran Ayles,DEM,REP,DEM,DEM,55.78,100.0,0.0,Safe D,47.6,5.5,55.78,0.0,3.05,-0.37,47.61,8.17,False,False,,0,,0.0,,0.0,0.0,,,0.0,confirmed,confirmed,,,0,,0.0,1038514,0,0,173687,0,0,0,0,887314,0,0,92790,0,0,350972,0,0,0,0,0,0,0,0,77.89,22.11,0.0,191722,54421,0,0,246143
OR-04,house,OR,04,Val Hoyle,Monique DeSpain,DEM,REP,DEM,DEM,17.62,96.0,4.0,Safe D,12.1,5.5,17.62,0.47,0.25,-0.71,12.44,5.18,False,False,,0,,0.0,,0.0,0.0,,,0.0,confirmed,confirmed,,,0,,0.0,1222922,677571,0,520840,387695,0,292419,0,791472,289876,0,65059,93427,0,609627,24999,0,0,30434,0,0,30000,0,58.81,41.19,0.0,161093,112823,0,0,273916
OR-05,house,OR,05,Janelle Bynum,Patti Adair,DEM,REP,DEM,DEM,17.24,95.6,4.4,Safe D,8.33,5.5,17.24,1.57,2.47,-0.63,8.92,8.32,False,False,,0,,0.0,,0.0,0.0,,,0.0,confirmed,confirmed,,,0,,0.0,3760212,423922,0,2715860,135365,0,60445,0,1089484,288556,0,476165,103182,0,1145915,3750,0,0,7144,0,0,27361,0,58.62,41.38,0.0,170531,120381,0,0,290912
OR-06,house,OR,06,Andrea Salinas,David Russ,DEM,REP,DEM,DEM,18.61,96.7,3.3,Safe D,11.56,5.5,18.61,2.46,-0.75,-0.15,11.74,6.87,False,False,,0,,0.0,,0.0,0.0,,,0.0,confirmed,confirmed,,,0,,0.0,1613394,12791,0,611103,1855,0,0,0,1063766,25206,0,183489,284,0,669120,5000,0,7,2000,0,0,2000,0,59.3,40.7,0.0,145878,100102,0,0,245980
PA-01,house,PA,01,Bob Harvie,Brian Fitzpatrick,DEM,REP,REP,REP,-1.36,44.2,55.8,Toss-up,6.16,5.5,-0.01,-0.9,-10.04,-0.73,0.33,-1.69,False,False,,0,,0.0,,0.0,0.0,,,0.0,confirmed,confirmed,44.9,47.78,4,-5.26,0.231,2007499,6734931,0,794921,6355534,0,18922,219190,1212578,4801927,0,411567,116186,0,225963,2240827,0,0,0,0,0,24750,0,49.32,50.68,0.0,163552,168073,0,0,331625
PA-02,house,PA,02,Brendan Boyle,Jessica Arriaga,DEM,REP,DEM,DEM,56.27,100.0,0.0,Safe D,43.44,5.5,56.27,0.0,6.83,0.49,36.13,20.14,False,False,,0,,0.0,,0.0,0.0,,,0.0,confirmed,confirmed,,,0,,0.0,2451958,0,0,5560518,0,0,0,0,729723,0,0,18411,0,0,970785,0,0,0,0,0,0,0,0,78.13,21.87,0.0,161218,45121,0,0,206340
PA-03,house,PA,03,Chris Rabb,(no Republican filed),DEM,REP,,DEM,89.6,100.0,0.0,Safe D,84.22,5.5,89.68,0.0,0.0,-0.04,78.22,11.38,False,False,IND,0,,0.0,Dennis Joseph Mahoney,1.5,0.0,,,0.0,confirmed,,,,0,,0.0,1329253,0,10800,21452,0,8252,2602769,0,1307802,0,2548,310928,0,0,89113,0,0,0,0,1000,42000,0,0,93.38,5.12,0.0,256378,14062,0,4118,274558
PA-04,house,PA,04,Madeleine Dean,Aurora Stuski,DEM,REP,DEM,DEM,30.04,99.8,0.2,Safe D,21.45,5.5,30.04,0.0,3.75,-0.67,15.97,14.07,False,False,,0,,0.0,,0.0,0.0,,,0.0,confirmed,confirmed,,,0,,0.0,1371536,0,0,1184807,0,0,0,0,1155470,0,0,140831,0,0,725200,0,0,0,0,0,0,0,0,65.02,34.98,0.0,212919,114552,0,0,327471
PA-05,house,PA,05,Mary Gay Scanlon,Nicholas Manganaro,DEM,REP,DEM,DEM,44.99,100.0,0.0,Safe D,34.68,5.5,44.99,2.15,3.07,-0.42,28.94,16.05,False,False,,0,,0.0,,0.0,0.0,,,0.0,confirmed,confirmed,,,0,,0.0,990586,9296,0,448590,5930,0,0,0,859742,3366,0,73979,71,0,449092,0,0,0,5425,0,0,5425,0,72.49,27.51,0.0,212478,80623,0,0,293101
PA-06,house,PA,06,Chrissy Houlahan,Marty Young,DEM,REP,DEM,DEM,26.33,99.5,0.5,Safe D,16.98,5.5,26.33,1.03,3.03,-0.21,11.53,14.81,False,False,,0,,0.0,,0.0,0.0,,,0.0,confirmed,confirmed,,,0,,0.0,1763415,411270,0,4037759,213449,0,0,0,1131269,197822,0,131686,10915,0,523250,3548,0,0,100000,0,0,25000,0,63.17,36.83,0.0,187957,109598,0,0,297555
PA-07,house,PA,07,Bob Brooks,Ryan Mackenzie,DEM,REP,REP,REP,3.35,63.4,36.6,Lean D,2.5,5.5,3.77,-0.22,-3.92,-0.09,-3.24,6.59,False,False,,0,,0.0,,0.0,0.0,,,0.0,confirmed,confirmed,47.0,43.0,1,1.77,0.15,2392215,4357405,0,1018423,2938717,0,2752681,324647,1373792,1521928,0,599387,554134,0,408000,1047913,0,3500,0,0,15000,22583,0,51.68,48.32,0.0,148662,139019,0,0,287681
PA-08,house,PA,08,Paige Cognetti,Rob Bresnahan,DEM,REP,REP,REP,1.08,54.7,45.3,Toss-up,-2.53,5.5,1.54,-0.06,-1.0,-0.37,-8.58,9.65,False,False,,0,,0.0,,0.0,0.0,,,0.0,confirmed,confirmed,46.51,45.0,3,-0.73,0.153,4609589,5234586,0,3406710,2608048,0,849143,169287,1202879,2679690,0,620354,608195,0,436327,1383927,0,0,55536,0,0,777068,0,50.54,49.46,0.0,138302,135355,0,0,273657
PA-09,house,PA,09,Rachel Wallace,Dan Meuser,DEM,REP,REP,REP,-32.09,0.1,99.9,Safe R,-33.24,5.5,-32.09,-0.72,-2.87,-0.77,-38.27,6.17,False,False,,0,,0.0,,0.0,0.0,,,0.0,confirmed,confirmed,,,0,,0.0,697865,1903078,0,386883,170733,0,0,0,310982,1765991,0,171661,6655,0,42800,792000,0,0,0,0,0,250000,0,33.95,66.05,0.0,94711,184232,0,0,278943
PA-10,house,PA,10,Janelle Stelson,Scott Perry,DEM,REP,REP,REP,9.89,83.9,16.1,Likely D,-0.44,5.5,11.13,0.15,6.4,-0.48,-5.29,15.18,False,False,,0,,0.0,,0.0,0.0,,,0.0,confirmed,confirmed,50.81,44.94,3,4.21,0.15,6364069,5194925,0,4478639,2845976,0,264126,264469,1900667,2430869,0,1057743,1408838,0,495435,655127,0,0,0,0,0,335158,0,54.95,45.05,0.0,158396,129879,0,0,288275
PA-11,house,PA,11,Nancy Mannion,Lloyd Smucker,DEM,REP,REP,REP,-16.33,5.3,94.7,Likely R,-16.92,5.5,-16.33,-1.34,-2.99,-0.58,-21.57,5.24,False,False,,0,,0.0,,0.0,0.0,,,0.0,confirmed,confirmed,,,0,,0.0,214230,1524161,0,47150,810787,0,0,0,167079,1617466,0,51165,5708,0,7250,803667,0,47457,0,0,0,0,0,41.84,58.16,0.0,120806,167962,0,0,288768
PA-12,house,PA,12,Summer Lee,James Hayes,DEM,REP,DEM,DEM,30.07,99.8,0.2,Safe D,24.45,5.5,30.07,2.12,-1.29,-0.71,19.36,10.71,False,False,,0,,0.0,,0.0,0.0,,,0.0,confirmed,confirmed,,,0,,0.0,1466287,40139,0,1649288,9521,0,43068,0,828578,31303,0,381058,12084,0,207105,5200,0,0,25,0,0,12253,0,65.04,34.96,0.0,195433,105061,0,0,300494
PA-13,house,PA,13,Beth Farnham,John Joyce,DEM,REP,REP,REP,-40.31,0.0,100.0,Safe R,-41.0,5.5,-40.31,-2.37,-1.57,-0.87,-45.91,5.6,False,False,,0,,0.0,,0.0,0.0,,,0.0,confirmed,confirmed,,,0,,0.0,55347,2418119,0,16053,3759995,0,0,0,40056,1258262,0,22129,1699,0,2217,1402618,0,168,0,0,0,0,0,29.85,70.15,0.0,86326,202919,0,0,289246
PA-14,house,PA,14,Alan Bradstock,Guy Reschenthaler,DEM,REP,REP,REP,-26.79,0.4,99.6,Safe R,-28.22,5.5,-26.79,-2.12,-1.01,-0.94,-33.59,6.8,False,False,,0,,0.0,,0.0,0.0,,,0.0,confirmed,confirmed,,,0,,0.0,201421,4209644,0,34707,990681,0,0,0,166713,3768044,0,56725,1004693,0,17908,1167150,0,2000,0,0,0,0,0,36.6,63.4,0.0,108025,187089,0,0,295114
PA-15,house,PA,15,Ray Bilger,Glenn Thompson,DEM,REP,REP,REP,-34.31,0.0,100.0,Safe R,-33.1,5.5,-34.31,-1.73,-4.07,-0.92,-38.3,3.99,False,False,,0,,0.0,,0.0,0.0,,,0.0,confirmed,confirmed,,,0,,0.0,139521,1851459,0,87343,829752,0,1788,0,52178,1813501,0,41802,38674,0,2250,1037568,0,1100,0,0,0,0,0,32.84,67.16,0.0,91428,186938,0,0,278366
PA-16,house,PA,16,Justin Wagner,Mike Kelly,DEM,REP,REP,REP,-17.47,4.2,95.8,Safe R,-17.58,5.5,-17.47,-1.76,-2.74,-0.89,-22.97,5.5,False,False,,0,,0.0,,0.0,0.0,,,0.0,confirmed,confirmed,,,0,,0.0,66591,1168433,0,37534,1329347,0,0,0,34058,881774,0,30195,2279,0,50,874667,0,620,0,0,0,90000,0,41.27,58.73,0.0,120677,171759,0,0,292436
PA-17,house,PA,17,Chris Deluzio,Tony Guy,DEM,REP,DEM,DEM,21.68,98.4,1.6,Safe D,10.32,5.5,21.68,2.12,4.58,-0.84,5.56,16.12,False,False,,0,,0.0,,0.0,0.0,,,0.0,confirmed,confirmed,,,0,,0.0,2776943,117530,0,1073975,35849,0,0,0,2056640,81682,0,749578,9344,0,512370,5100,0,0,0,0,0,15275,0,60.84,39.16,0.0,194686,125301,0,0,319987
RI-01,house,RI,01,Gabriel Amo,Republican candidate (RI-01),DEM,REP,DEM,DEM,41.33,100.0,0.0,Safe D,27.68,5.5,41.33,0.0,8.21,-0.06,22.62,18.71,False,False,,0,,0.0,,0.0,0.0,,,0.0,projected,projected,,,0,,0.0,1725081,0,0,1851028,0,0,0,0,808701,0,0,37179,0,0,654422,0,0,0,0,0,0,0,0,70.66,29.34,0.0,116676,48437,0,0,165114
RI-02,house,RI,02,Seth Magaziner,Victor Mellor,DEM,REP,DEM,DEM,18.08,96.3,3.7,Safe D,11.82,5.5,18.08,-0.57,1.67,-0.33,6.97,11.11,False,False,,0,,0.0,,0.0,0.0,,,0.0,projected,projected,,,0,,0.0,1382796,3018775,0,1512712,280079,0,0,0,747050,3889178,0,52412,19553,0,520000,0,0,0,2930334,0,0,2175000,0,59.04,40.96,0.0,114678,79556,0,0,194234
SC-01,house,SC,01,Nancy Lacore,Jenny Costa Honeycutt,DEM,REP,,REP,-2.32,40.5,59.5,Toss-up,-8.13,5.5,-2.36,0.72,0.0,-0.45,-13.29,10.96,False,False,LIB,0,,0.0,,0.0,0.0,,,0.0,confirmed,confirmed,40.06,41.08,2,-4.0,0.256,2279585,556418,0,412020,78533,0,770636,1155075,1867565,477885,0,1066621,12145,0,75250,74500,0,0,13500,0,0,10000,0,47.77,50.05,2.18,134152,140530,6122,0,280804
SC-02,house,SC,02,Zyon Khalifa,Joe Wilson,DEM,REP,REP,REP,-10.61,14.4,85.6,Likely R,-9.31,5.5,-10.61,-2.01,-4.4,-0.39,-14.16,3.54,False,False,,0,,0.0,,0.0,0.0,,,0.0,confirmed,confirmed,,,0,,0.0,12410,861105,0,218,182912,0,0,0,12192,722706,0,1827,15147,0,0,261000,0,0,200000,0,2000,0,0,44.69,55.31,0.0,114397,141563,0,0,255960
SC-03,house,SC,03,Eunice Lehmacher,Sheri Biggs,DEM,REP,REP,REP,-40.62,0.0,100.0,Safe R,-37.77,5.5,-40.62,-1.36,-6.42,-0.56,-43.62,3.0,False,False,,0,,0.0,,0.0,0.0,,,0.0,confirmed,confirmed,,,0,,0.0,40413,505333,0,17299,218741,0,0,5979,23114,390677,0,19631,6400,0,333,291476,0,100,0,0,100,395000,0,29.69,70.31,0.0,74106,175480,0,0,249586
SC-04,house,SC,04,Courtney McClain,William Timmons,DEM,REP,REP,REP,-17.06,4.6,95.4,Safe R,-18.62,5.5,-17.06,-2.31,-1.32,-0.31,-23.95,6.89,False,False,,0,,0.0,,0.0,0.0,,,0.0,confirmed,confirmed,,,0,,0.0,32993,1595725,0,1207,77225,0,0,487316,37392,1538615,0,32993,2566,0,0,637500,0,0,650000,0,0,0,0,41.47,58.53,0.0,102816,145103,0,0,247920
SC-05,house,SC,05,Mallory Dittmer,Wes Climer,DEM,REP,,REP,-13.76,8.5,91.5,Likely R,-17.59,5.5,-13.76,-1.2,0.0,-0.47,-23.1,9.34,False,False,,0,,0.0,,0.0,0.0,,,0.0,confirmed,confirmed,,,0,,0.0,139717,884284,0,74508,599621,0,0,0,65209,284663,0,41306,11650,0,100,236000,0,1209,5630,0,0,0,0,43.12,56.88,0.0,112603,148523,0,0,261126
SC-06,house,SC,06,Jim Clyburn,John Peterson,DEM,REP,DEM,DEM,37.15,100.0,0.0,Safe D,30.14,5.5,37.15,0.0,1.6,-0.09,23.24,13.91,False,False,,0,,0.0,,0.0,0.0,,,0.0,confirmed,confirmed,,,0,,0.0,1225051,0,0,1634793,0,0,0,0,1429385,0,0,164655,0,0,720491,0,0,0,0,0,0,0,0,68.57,31.43,0.0,150161,68815,0,0,218975
SC-07,house,SC,07,John Vincent,Russell Fry,DEM,REP,REP,REP,-18.36,3.5,96.5,Safe R,-20.19,5.5,-20.51,-1.22,-4.12,-0.48,-26.62,8.27,False,False,,0,,0.0,,0.0,0.0,,,0.0,confirmed,confirmed,36.7,41.1,1,-6.79,0.164,297264,1720803,0,62378,1038817,0,0,0,234885,1243169,0,145946,88678,0,3500,697914,0,10750,0,0,0,0,0,40.82,59.18,0.0,109945,159383,0,0,269328
SD-01,house,SD,01,Nikki Gronli,Marty Jackley,DEM,REP,,REP,-25.02,0.7,99.3,Safe R,-28.31,5.5,-25.02,-1.2,0.0,-1.02,-29.98,4.96,False,False,,0,,0.0,,0.0,0.0,,,0.0,confirmed,confirmed,,,0,,0.0,261764,1438706,0,110978,1062725,0,0,152480,150786,375981,0,88621,17640,0,12933,181250,0,1500,1000,0,0,0,0,37.49,62.51,0.0,111892,186581,0,0,298473
TN-01,house,TN,01,Kristi Burke,Diana Harshbarger,DEM,REP,REP,REP,-54.16,0.0,100.0,Safe R,-54.67,5.5,-54.16,-1.63,-2.51,-0.85,-58.44,4.28,False,False,,0,,0.0,,0.0,0.0,,,0.0,confirmed,confirmed,,,0,,0.0,101984,1274194,0,14106,1985063,0,0,13375,87877,739900,0,71203,92875,0,250,683250,0,10,0,0,0,1456793,0,22.92,77.08,0.0,55883,187954,0,0,243837
TN-02,house,TN,02,Michaela Barnett,Tim Burchett,DEM,REP,REP,REP,-31.5,0.1,99.9,Safe R,-30.51,5.5,-31.5,-1.28,-4.43,-0.77,-34.33,2.83,False,False,,0,,0.0,,0.0,0.0,,,0.0,confirmed,confirmed,,,0,,0.0,397584,2428734,0,56230,967447,0,0,0,341354,2189477,0,153957,1377489,0,250,141525,0,6415,0,0,6000,23687,0,34.25,65.75,0.0,87936,168808,0,0,256744
TN-03,house,TN,03,Anna Golladay,Chuck Fleischmann,DEM,REP,REP,REP,-33.28,0.1,99.9,Safe R,-32.33,5.5,-33.28,-2.34,-3.43,-0.69,-36.21,2.93,False,False,,0,,0.0,,0.0,0.0,,,0.0,confirmed,confirmed,,,0,,0.0,55555,2330803,0,33870,4835525,0,0,0,28352,752331,0,24937,4395,0,0,642250,0,0,0,0,0,0,0,33.36,66.64,0.0,84817,169430,0,0,254248
TN-04,house,TN,04,Victoria Broderick,Scott DesJarlais,DEM,REP,REP,REP,-15.64,6.0,94.0,Likely R,-19.29,5.5,-15.64,-1.26,-0.33,-0.26,-24.28,8.63,False,False,,0,,0.0,,0.0,0.0,,,0.0,confirmed,confirmed,,,0,,0.0,59772,536843,0,8490,495126,0,0,0,58974,407735,0,39700,1452,0,1250,307000,0,500,0,0,0,0,0,42.18,57.82,0.0,89942,123304,0,0,213245
TN-05,house,TN,05,Chaz Molder,Charlie Hatcher,DEM,REP,,REP,-11.25,13.0,87.0,Likely R,-17.38,5.5,-11.33,0.96,0.0,-0.41,-23.39,12.14,False,False,,0,,0.0,,0.0,0.0,,,0.0,confirmed,confirmed,40.0,48.0,1,-10.5,0.256,2599775,719503,0,1482196,104821,0,306721,0,1117579,614682,0,296295,14584,0,215921,3500,0,0,133713,0,32786,0,0,44.38,55.62,0.0,97546,122271,0,0,219818
TN-06,house,TN,06,Mike Croley,Johnny Garrett,DEM,REP,,REP,-19.52,2.7,97.3,Safe R,-22.33,5.5,-19.52,-2.06,0.0,-0.63,-26.87,7.35,False,False,,0,,0.0,,0.0,0.0,,,0.0,confirmed,confirmed,,,0,,0.0,35380,2380327,0,2431,287585,0,252636,600268,33199,2092742,0,18521,217059,0,0,103200,0,0,1202292,0,0,1200000,0,40.24,59.76,0.0,101998,151471,0,0,253469
TN-07,house,TN,07,Darden Copeland,Matt Van Epps,DEM,REP,REP,REP,-16.04,5.6,94.4,Likely R,-18.71,5.5,-16.04,-0.6,-1.67,-0.56,-22.73,6.69,False,False,,0,,0.0,,0.0,0.0,,,0.0,confirmed,confirmed,,,0,,0.0,868615,2300690,0,78689,207954,0,1658286,2781936,789926,2092736,0,119534,419392,0,3000,589605,0,229136,0,0,165000,60000,0,41.98,58.02,0.0,106265,146864,0,0,253129
TN-08,house,TN,08,Heidi Kuhn,David Kustoff,DEM,REP,REP,REP,-19.29,2.8,97.2,Safe R,-16.51,5.5,-19.29,-2.43,-5.48,-0.37,-20.43,1.14,False,False,,0,,0.0,,0.0,0.0,,,0.0,confirmed,confirmed,,,0,,0.0,39805,2232874,0,13478,3006838,0,0,0,26327,1285497,0,5905,3350,0,1500,1028850,0,0,0,0,0,146500,0,40.36,59.64,0.0,90784,134173,0,0,224958
TN-09,house,TN,09,Justin J. Pearson,Brent Taylor,DEM,REP,,DEM,-9.03,18.3,81.7,Likely R,-15.36,5.5,-9.92,0.24,0.0,-0.3,-21.42,12.4,False,False,,0,,0.0,,0.0,0.0,,,0.0,confirmed,confirmed,44.0,48.0,1,-6.54,0.307,2344947,1549482,0,844733,417377,0,68292,475814,1500214,1132104,0,1218046,3347,0,32694,82300,0,278,1000000,0,0,1000000,0,45.49,54.51,0.0,102488,122825,0,0,225313
TX-01,house,TX,01,Yolanda Prince,Nathaniel Moran,DEM,REP,REP,REP,-43.27,0.0,100.0,Safe R,-44.49,5.5,-43.27,-2.58,-1.67,-0.04,-49.91,6.63,False,False,,0,,0.0,,0.0,0.0,,,0.0,confirmed,confirmed,,,0,,0.0,9245,1797848,0,394,777546,0,0,0,3752,1401248,0,124,259260,0,0,779600,0,7038,0,0,9636,0,0,28.36,71.64,0.0,64671,163340,0,0,228011
TX-02,house,TX,02,Shaun Finnie,Steve Toth,DEM,REP,,REP,-12.43,10.7,89.3,Likely R,-19.28,5.5,-12.43,0.88,0.0,0.47,-23.13,10.7,False,False,,0,,0.0,,0.0,0.0,,,0.0,confirmed,confirmed,,,0,,0.0,2729677,824450,0,1469201,152935,0,1842767,519477,1260476,671515,0,58184,48980,0,1000,67800,0,1961000,13000,0,1961000,0,0,43.78,56.22,0.0,103312,132644,0,0,235956
TX-03,house,TX,03,Evan Hunt,Keith Self,DEM,REP,REP,REP,-15.52,6.2,93.8,Likely R,-19.09,5.5,-15.52,-0.25,-1.67,-0.01,-23.98,8.47,False,False,,0,,0.0,,0.0,0.0,,,0.0,confirmed,confirmed,,,0,,0.0,446506,645503,0,43878,212694,0,0,0,402628,542149,0,189126,130447,0,5500,178673,0,75000,1851,0,75581,0,0,42.24,57.76,0.0,109512,149735,0,0,259246
TX-04,house,TX,04,Jason Pearce,Pat Fallon,DEM,REP,REP,REP,-20.95,1.9,98.1,Safe R,-19.93,5.5,-20.95,-1.91,-4.23,-0.38,-25.16,4.21,False,False,,0,,0.0,,0.0,0.0,,,0.0,confirmed,confirmed,,,0,,0.0,16271,790505,0,2086,1097026,0,0,0,14185,353558,0,4774,2939,0,0,300080,0,8797,0,0,8797,25000,0,39.52,60.48,0.0,101745,155676,0,0,257421
TX-05,house,TX,05,Chelsey Hockett,Lance Gooden,DEM,REP,REP,REP,-15.21,6.5,93.5,Likely R,-16.77,5.5,-15.21,-2.33,-2.16,0.55,-21.84,6.64,False,False,,0,,0.0,,0.0,0.0,,,0.0,confirmed,confirmed,,,0,,0.0,12666,1341647,0,5129,1329417,0,0,0,-13258,729587,0,6132,5258,0,0,523533,0,0,0,0,0,0,0,42.4,57.6,0.0,87074,118305,0,0,205379
TX-06,house,TX,06,Danny Minton,Jake Ellzey,DEM,REP,REP,REP,-18.86,3.1,96.9,Safe R,-18.85,5.5,-18.86,-2.94,-3.17,0.6,-23.28,4.42,False,False,,0,,0.0,,0.0,0.0,,,0.0,confirmed,confirmed,,,0,,0.0,44283,4660385,0,13638,2483402,0,0,34293,30645,3272431,0,15583,447295,0,0,743635,0,3125,0,0,3125,0,0,40.57,59.43,0.0,87991,128887,0,0,216878
TX-07,house,TX,07,Lizzie Fletcher,Alexander Hale,DEM,REP,DEM,DEM,40.9,100.0,0.0,Safe D,30.48,5.5,40.9,1.84,2.19,0.9,24.12,16.79,False,False,,0,,0.0,,0.0,0.0,,,0.0,confirmed,confirmed,,,0,,0.0,1426057,76578,0,1702706,6342,0,0,0,1040012,70236,0,33174,4337,0,601600,2500,0,0,3615,0,0,5077,0,70.45,29.55,0.0,125318,52559,0,0,177877
TX-08,house,TX,08,Laura Jones,Jessica Steinmann,DEM,REP,,REP,-17.95,3.8,96.2,Safe R,-21.56,5.5,-17.95,-2.72,0.0,0.83,-27.99,10.04,False,False,,0,,0.0,,0.0,0.0,,,0.0,confirmed,confirmed,,,0,,0.0,21980,2064033,0,7859,122187,0,0,1747822,16621,1941845,0,6795,65062,0,2625,297050,0,0,650000,0,2040,425000,0,41.03,58.97,0.0,88548,127283,0,0,215831
TX-09,house,TX,09,Leticia Gutierrez,Alex Mealer,DEM,REP,,DEM,-6.78,24.8,75.2,Likely R,-12.53,5.5,-6.78,-1.92,0.0,2.18,-20.07,13.29,False,False,,0,,0.0,,0.0,0.0,,,0.0,confirmed,confirmed,,,0,,0.0,55358,2080514,0,18658,362040,0,567688,5110648,36700,1718474,0,9882,46719,0,0,259300,0,500,4850,0,500,0,0,46.61,53.39,0.0,64796,74220,0,0,139016
TX-10,house,TX,10,Caitlin Rourk,Chris Gober,DEM,REP,,REP,-13.17,9.5,90.5,Likely R,-17.22,5.5,-13.17,-1.52,0.0,0.07,-22.93,9.76,False,False,,0,,0.0,,0.0,0.0,,,0.0,confirmed,confirmed,,,0,,0.0,363959,2559185,0,92140,119627,0,0,1574333,271819,2439558,0,124564,9828,0,7850,129146,0,28061,1649822,0,0,750000,0,43.42,56.58,0.0,107449,140034,0,0,247484
TX-11,house,TX,11,Claire Reynolds,August Pfluger,DEM,REP,REP,REP,-27.53,0.3,99.7,Safe R,-29.91,5.5,-27.53,-2.36,-1.67,0.91,-34.78,7.25,False,False,,0,,0.0,,0.0,0.0,,,0.0,confirmed,confirmed,,,0,,0.0,89281,3189023,0,46790,2881724,0,0,0,42491,2631404,0,23743,269143,0,5000,182500,0,5,0,0,3317,0,0,36.24,63.76,0.0,74295,130729,0,0,205024
TX-12,house,TX,12,Heli Rodriguez Prilliman,Craig Goldman,DEM,REP,REP,REP,-18.88,3.1,96.9,Safe R,-18.86,5.5,-18.88,0.0,-6.17,0.65,-24.15,5.27,False,False,,0,,0.0,,0.0,0.0,,,0.0,confirmed,confirmed,,,0,,0.0,0,1756535,0,0,1508861,0,0,0,0,783571,0,0,6852,0,0,607300,0,0,0,0,0,0,0,40.56,59.44,0.0,89208,130736,0,0,219944
TX-13,house,TX,13,Mark Nair,Ronny Jackson,DEM,REP,REP,REP,-40.83,0.0,100.0,Safe R,-42.5,5.5,-40.83,-2.49,-1.67,0.33,-46.67,5.84,False,False,,0,,0.0,,0.0,0.0,,,0.0,confirmed,confirmed,,,0,,0.0,98404,4036265,0,10909,5410801,0,0,0,87595,2027412,0,24051,1387595,0,750,240600,0,11132,0,0,0,0,0,29.59,70.41,0.0,62940,149796,0,0,212736
TX-14,house,TX,14,Thurman Bartie,Randy Weber,DEM,REP,REP,REP,-19.8,2.5,97.5,Safe R,-19.91,5.5,-19.8,-1.94,-3.76,0.31,-24.57,4.77,False,False,,0,,0.0,,0.0,0.0,,,0.0,confirmed,confirmed,,,0,,0.0,26823,972561,0,-1092,921878,0,0,0,27465,671255,0,1600,2196,0,1100,435611,0,0,0,0,0,0,0,40.1,59.9,0.0,94143,140637,0,0,234780
TX-15,house,TX,15,Bobby Pulido,Monica De La Cruz,DEM,REP,REP,REP,-0.22,48.6,51.4,Toss-up,-8.6,5.5,-1.66,-0.3,-1.43,3.18,-18.02,17.8,False,False,,0,,0.0,,0.0,0.0,,,0.0,confirmed,confirmed,49.91,45.04,4,5.24,0.225,2960462,5273960,0,1155936,2463323,0,1641348,5911,1804526,3424607,0,538712,1334572,0,243771,705285,0,150300,84,0,0,0,0,49.89,50.11,0.0,79578,79933,0,0,159511
TX-16,house,TX,16,Veronica Escobar,Adam Bauman,DEM,REP,DEM,DEM,36.45,100.0,0.0,Safe D,26.44,5.5,36.45,0.0,1.25,3.26,16.63,19.82,False,False,,0,,0.0,,0.0,0.0,,,0.0,confirmed,confirmed,,,0,,0.0,858766,0,0,270455,0,0,0,0,704156,0,0,20769,0,0,366368,0,0,0,0,0,0,0,0,68.23,31.77,0.0,109732,51106,0,0,160838
TX-17,house,TX,17,Casey Shepard,Pete Sessions,DEM,REP,REP,REP,-17.14,4.5,95.5,Safe R,-16.69,5.5,-17.14,-2.2,-3.99,0.23,-21.95,4.81,False,False,,0,,0.0,,0.0,0.0,,,0.0,confirmed,confirmed,,,0,,0.0,8801,1050237,0,3145,933956,0,0,0,5656,557216,0,2199,3848,0,0,516176,0,5302,10,0,5000,0,0,41.43,58.57,0.0,93026,131517,0,0,224542
TX-18,house,TX,18,Christian Menefee,Ronald Whitfield,DEM,REP,DEM,DEM,70.99,100.0,0.0,Safe D,62.54,5.5,70.99,0.0,1.67,1.28,55.72,15.27,False,False,,0,,0.0,,0.0,0.0,,,0.0,confirmed,confirmed,,,0,,0.0,3637579,0,0,156016,0,0,7061640,0,3481563,0,0,700826,0,0,234868,0,0,100,0,0,0,0,0,85.49,14.51,0.0,145718,24727,0,0,170445
TX-19,house,TX,19,Kyle Rable,Tom Sell,DEM,REP,,REP,-42.87,0.0,100.0,Safe R,-46.87,5.5,-42.87,-2.39,0.0,0.89,-52.17,9.3,False,False,,0,,0.0,,0.0,0.0,,,0.0,confirmed,confirmed,,,0,,0.0,31276,2143025,0,7631,384766,0,80633,1282423,20811,1758259,0,15290,8966,0,1000,524039,0,200,0,0,0,7624,0,28.57,71.43,0.0,56455,141179,0,0,197634
TX-20,house,TX,20,Joaquin Castro,Edgardo Baez,DEM,REP,DEM,DEM,49.12,100.0,0.0,Safe D,36.28,5.5,49.12,1.31,3.44,2.59,28.88,20.24,False,False,,0,,0.0,,0.0,0.0,,,0.0,confirmed,confirmed,,,0,,0.0,514776,48536,0,154380,21462,0,0,0,499054,27073,0,40347,4530,0,141000,500,0,0,31985,0,0,30135,0,74.56,25.44,0.0,118596,40463,0,0,159059
TX-21,house,TX,21,Kristin Hook,Mark Teixeira,DEM,REP,,REP,-12.39,10.8,89.2,Likely R,-17.19,5.5,-12.39,-2.02,0.63,0.69,-22.09,9.7,False,False,,0,,0.0,,0.0,0.0,,,0.0,confirmed,confirmed,,,0,,0.0,243839,3922216,0,104069,382201,0,0,1118370,144128,3540015,0,61473,12396,0,4370,299830,0,0,2750000,0,131,2750000,0,43.8,56.2,0.0,127175,163149,0,0,290324
TX-22,house,TX,22,Marquette Greene-Scott,Trever Nehls,DEM,REP,,REP,-13.15,9.5,90.5,Likely R,-17.77,5.5,-13.15,-0.81,-0.6,0.53,-22.66,9.51,False,False,,0,,0.0,,0.0,0.0,,,0.0,confirmed,confirmed,,,0,,0.0,53761,206463,0,127,23258,0,0,141263,53615,183205,0,20722,1658,0,6634,86250,0,0,0,0,0,0,0,43.43,56.57,0.0,102080,132988,0,0,235068
TX-23,house,TX,23,Katy Padilla Stout,Brandon Herrera,DEM,REP,,REP,-2.44,40.1,59.9,Toss-up,-8.77,5.5,-1.98,-0.75,0.0,2.04,-14.97,12.53,False,False,,0,,0.0,,0.0,0.0,,,0.0,confirmed,confirmed,40.0,42.0,1,-3.24,0.15,484915,1937719,0,171373,309023,0,616119,95878,313542,1636736,0,190351,17445,0,23000,62500,0,9792,420000,0,0,570000,0,48.78,51.22,0.0,108946,114388,0,0,223334
TX-24,house,TX,24,Kevin Burge,Beth Van Duyne,DEM,REP,REP,REP,-12.8,10.1,89.9,Likely R,-12.11,5.5,-12.8,-1.72,-4.34,-0.13,-16.39,3.58,False,False,,0,,0.0,,0.0,0.0,,,0.0,confirmed,confirmed,,,0,,0.0,209860,2540738,0,37265,2873013,0,0,0,172595,1628596,0,69746,78488,0,0,1102311,0,3500,0,0,0,0,0,43.6,56.4,0.0,113855,147290,0,0,261145
TX-25,house,TX,25,Dione Sims,Roger Williams,DEM,REP,REP,REP,-14.02,8.1,91.9,Likely R,-18.34,5.5,-14.02,0.0,-1.67,0.48,-24.34,10.32,False,False,,0,,0.0,,0.0,0.0,,,0.0,confirmed,confirmed,,,0,,0.0,0,1424050,0,0,1076189,0,0,0,0,919362,0,0,871,0,0,454978,0,0,0,0,0,0,0,42.99,57.01,0.0,93050,123400,0,0,216450
TX-26,house,TX,26,Steven Shook,Brandon Gill,DEM,REP,REP,REP,-22.76,1.2,98.8,Safe R,-19.46,5.5,-22.76,-3.11,-5.71,0.02,-24.12,1.36,False,False,,0,,0.0,,0.0,0.0,,,0.0,confirmed,confirmed,,,0,,0.0,17227,4217213,0,3807,1411512,0,0,0,14623,2933524,0,6426,1986111,0,0,378890,0,0,0,0,0,46734,0,38.62,61.38,0.0,104741,166451,0,0,271193
TX-27,house,TX,27,Tanya Lloyd,Michael Cloud,DEM,REP,REP,REP,-14.03,8.1,91.9,Likely R,-16.69,5.5,-14.03,-1.33,-2.71,1.2,-21.44,7.41,False,False,,0,,0.0,,0.0,0.0,,,0.0,confirmed,confirmed,,,0,,0.0,139788,1062241,0,11311,271133,0,0,0,128665,927985,0,97140,323624,0,0,209250,0,72,0,0,29277,0,0,42.99,57.01,0.0,97555,129384,0,0,226939
TX-28,house,TX,28,Henry Cuellar,Tano Tijerina,DEM,REP,DEM,DEM,17.89,96.2,3.8,Safe D,0.97,5.5,20.0,0.34,9.43,3.77,-10.45,28.33,False,False,,0,,0.0,,0.0,0.0,,,0.0,confirmed,confirmed,43.81,35.25,2,9.5,0.192,2231952,1399881,0,1129604,768188,0,10387,7680,1150307,631693,0,44637,121323,0,676066,243000,0,314500,0,0,301000,0,0,58.94,41.06,0.0,82111,57195,0,0,139306
TX-29,house,TX,29,Sylvia Garcia,Martha Fierro,DEM,REP,DEM,DEM,53.91,100.0,0.0,Safe D,38.8,5.5,53.91,0.0,7.38,2.23,30.84,23.07,False,False,,0,,0.0,,0.0,0.0,,,0.0,confirmed,confirmed,,,0,,0.0,987402,0,0,200973,0,0,522942,0,1158184,0,0,16198,0,0,650850,0,0,0,0,0,0,0,0,76.96,23.04,0.0,96831,28995,0,0,125826
TX-30,house,TX,30,Frederick Haynes III,Everett Jackson,DEM,REP,,DEM,62.88,100.0,0.0,Safe D,54.51,5.5,62.88,1.56,0.0,1.31,47.81,15.08,False,False,,0,,0.0,,0.0,0.0,,,0.0,confirmed,confirmed,,,0,,0.0,420153,17215,0,119776,1159,0,200000,0,300377,16056,0,43295,1956,0,47515,0,0,0,200,0,0,0,0,81.44,18.56,0.0,139103,31698,0,0,170801
TX-31,house,TX,31,Justin Early,John Carter,DEM,REP,REP,REP,-18.9,3.1,96.9,Safe R,-17.62,5.5,-18.32,-1.61,-4.82,0.23,-22.14,3.24,False,False,GRN,0,,0.0,,0.0,0.0,,,0.0,confirmed,confirmed,,,0,,0.0,123522,1419042,0,17400,170827,0,0,55000,106122,1289654,0,29233,2908,0,7000,482311,0,42642,0,0,58737,0,0,39.6,58.06,2.34,97404,142815,5756,0,245974
TX-32,house,TX,32,Dan Barrios,Jace Yarbrough,DEM,REP,,DEM,-8.41,20.0,80.0,Likely R,-12.46,5.5,-8.41,-1.71,0.0,0.26,-18.11,9.71,False,False,,0,,0.0,,0.0,0.0,,,0.0,confirmed,confirmed,,,0,,0.0,96538,865911,0,6043,125412,0,2125,1542372,90495,740499,0,30105,64980,0,750,184000,0,0,207000,0,0,207000,0,45.8,54.2,0.0,103923,122998,0,0,226921
TX-33,house,TX,33,Colin Allred,Patrick Gillespie,DEM,REP,,DEM,46.0,100.0,0.0,Safe D,40.68,5.5,46.0,0.0,-1.97,1.8,33.34,12.66,False,False,,0,,0.0,,0.0,0.0,,,0.0,confirmed,confirmed,,,0,,0.0,7431941,0,0,159887,0,0,50000,0,7272054,0,0,1572614,0,0,62550,0,0,0,0,0,0,0,0,73.0,27.0,0.0,106904,39538,0,0,146441
TX-34,house,TX,34,Vicente Gonzalez,Eric Flores,DEM,REP,DEM,DEM,9.38,82.6,17.4,Likely D,-1.88,5.5,11.07,0.14,4.39,2.93,-10.22,19.6,False,False,,0,,0.0,,0.0,0.0,,,0.0,confirmed,confirmed,44.72,42.09,3,3.38,0.206,3773915,2874990,0,2532412,686332,0,31537,798981,1523563,2188633,0,179284,457943,0,1311850,361479,0,0,577245,0,425000,591622,0,54.69,45.31,0.0,92069,76282,0,0,168351
TX-35,house,TX,35,Johnny Garcia,Carlos De La Cruz,DEM,REP,,DEM,1.03,54.5,45.5,Toss-up,-4.38,5.5,3.09,0.08,0.0,1.88,-10.56,11.59,False,False,,0,,0.0,,0.0,0.0,,,0.0,confirmed,confirmed,44.0,45.0,1,-3.47,0.29,931699,1048751,0,323108,272389,0,3507019,2473089,608591,776362,0,282789,241683,0,214729,195000,0,0,53000,0,0,116500,0,50.52,49.48,0.0,106731,104554,0,0,211285
TX-36,house,TX,36,Rhonda Hart,Brian Babin,DEM,REP,REP,REP,-16.08,5.5,94.5,Likely R,-19.49,5.5,-16.08,0.0,-2.56,0.47,-25.28,9.2,False,False,,0,,0.0,,0.0,0.0,,,0.0,confirmed,confirmed,,,0,,0.0,0,1006944,0,0,908646,0,0,0,0,744500,0,0,3949,0,0,432302,0,0,0,0,4797,0,0,41.96,58.04,0.0,91594,126696,0,0,218289
TX-37,house,TX,37,Greg Casar,Lauren Peña,DEM,REP,DEM,DEM,69.58,100.0,0.0,Safe D,63.3,5.5,69.58,0.0,-0.07,0.85,57.7,11.88,False,False,,0,,0.0,,0.0,0.0,,,0.0,confirmed,confirmed,,,0,,0.0,1172881,0,0,597005,0,0,0,0,946714,0,0,266992,0,0,251220,0,0,0,0,0,10000,0,0,84.79,15.21,0.0,194921,34966,0,0,229887
TX-38,house,TX,38,Melissa McDonough,Jon Bonck,DEM,REP,,REP,-14.16,7.9,92.1,Likely R,-16.93,5.5,-13.62,-2.01,-0.55,0.37,-21.3,7.13,False,False,GRN,0,,0.0,,0.0,0.0,,,0.0,confirmed,confirmed,,,0,,0.0,66929,1644127,0,43939,89133,0,43939,662527,45689,1554994,0,12712,25840,0,1500,173125,0,28042,351231,0,113240,330000,0,41.98,55.84,2.18,104126,138487,5407,0,248020
UT-01,house,UT,01,Ben McAdams,Riley Owen,DEM,REP,,REP,35.99,100.0,0.0,Safe D,24.91,5.5,35.99,2.13,3.35,0.1,24.33,11.66,False,False,,0,,0.0,,0.0,0.0,,,0.0,confirmed,confirmed,,,0,,0.0,2262255,132533,0,299350,9568,0,2434219,0,1977908,122965,0,223153,3234,0,193291,4000,0,0,30000,0,0,0,0,67.99,32.01,0.0,155783,73327,0,0,229110
UT-02,house,UT,02,Peter Crosby,Blake Moore,DEM,REP,REP,REP,-35.91,0.0,100.0,Safe R,-30.59,5.5,-35.91,-1.71,-8.71,-0.41,-29.9,-6.01,False,False,,0,,0.0,,0.0,0.0,,,0.0,confirmed,confirmed,,,0,,0.0,60225,2536636,0,23283,1886962,0,520898,521354,31698,2183697,0,22930,6329,0,0,1421500,0,175,0,0,0,0,0,32.04,67.96,0.0,82785,175575,0,0,258360
UT-03,house,UT,03,Kent Udell,Celeste Maloy,DEM,REP,REP,REP,-44.07,0.0,100.0,Safe R,-42.81,5.5,-44.07,-1.72,-4.59,-0.46,-42.42,-1.65,False,False,,0,,0.0,,0.0,0.0,,,0.0,confirmed,confirmed,,,0,,0.0,47533,1453861,0,13335,322379,0,300000,1328557,34198,1238503,0,0,7393,0,131,672923,0,20,0,0,1534,0,0,27.96,72.04,0.0,75538,194598,0,0,270136
UT-04,house,UT,04,Jonny Larsen,Mike Kennedy,DEM,REP,REP,REP,-42.29,0.0,100.0,Safe R,-34.05,5.5,-42.29,-1.72,-11.49,-0.53,-33.43,-8.86,False,False,,0,,0.0,,0.0,0.0,,,0.0,confirmed,confirmed,,,0,,0.0,53579,971392,0,1129,391557,0,0,0,52450,705038,0,7510,3919,0,450,494000,0,36155,0,0,35222,225000,0,28.85,71.15,0.0,81902,201946,0,0,283848
VA-01,house,VA,01,Shannon Taylor,Rob Wittman,DEM,REP,REP,REP,-3.4,36.4,63.6,Lean R,-2.85,5.5,-3.82,-0.24,-5.6,-0.63,-5.0,1.6,False,False,,0,,0.0,,0.0,0.0,,,0.0,confirmed,confirmed,41.97,45.92,2,0.75,0.15,2140980,4053142,0,1004227,4292789,0,2389676,0,1136753,1136232,0,331552,54324,0,342015,1169350,0,0,0,0,0,0,0,48.3,51.7,0.0,164511,176105,0,0,340616
VA-02,house,VA,02,Elaine Luria,Jen Kiggans,DEM,REP,REP,REP,4.77,68.5,31.5,Lean D,2.9,5.5,6.14,-0.19,-1.67,-0.4,-0.27,5.04,False,False,,0,,0.0,,0.0,0.0,,,0.0,confirmed,confirmed,47.0,47.0,1,-1.92,0.15,4659795,5954338,0,3582723,3391740,0,55619,289363,1077072,2608075,0,562196,784112,0,405663,1255601,0,8010,0,0,0,38101,0,52.39,47.61,0.0,151862,138027,0,0,289890
VA-03,house,VA,03,Bobby Scott,Edwin Rivera,DEM,REP,DEM,DEM,51.2,100.0,0.0,Safe D,38.99,5.5,51.2,1.93,4.81,-0.03,35.17,16.03,False,False,,0,,0.0,,0.0,0.0,,,0.0,confirmed,confirmed,,,0,,0.0,688200,6555,0,191843,1762,0,0,0,659220,4793,0,26802,1305,0,305381,500,0,0,4100,0,3191,0,0,75.6,24.4,0.0,169870,54820,0,0,224690
VA-04,house,VA,04,Jennifer McClellan,Robert Murray,DEM,REP,DEM,DEM,47.62,100.0,0.0,Safe D,36.88,5.5,47.62,0.0,5.25,-0.01,33.18,14.44,False,False,,0,,0.0,,0.0,0.0,,,0.0,confirmed,confirmed,,,0,,0.0,1135225,0,0,197426,0,0,0,0,991901,0,0,79210,0,0,607800,0,0,0,0,0,0,0,0,73.81,26.19,0.0,198260,70351,0,0,268611
VA-05,house,VA,05,Tom Perriello,John McGuire,DEM,REP,REP,REP,-5.14,30.2,69.8,Lean R,-8.49,5.5,-4.96,0.26,-1.67,-0.56,-12.41,7.27,False,False,,0,,0.0,,0.0,0.0,,,0.0,confirmed,confirmed,44.0,47.0,1,-5.34,0.174,2140402,1781840,0,1511291,524346,0,1215529,0,629110,1291713,0,211452,449073,0,106850,415801,0,13111,0,0,0,41488,0,47.43,52.57,0.0,147445,163418,0,0,310863
VA-06,house,VA,06,Beth Macy,Ben Cline,DEM,REP,REP,REP,-20.35,2.2,97.8,Safe R,-21.16,5.5,-20.35,0.11,-4.2,-0.61,-24.47,4.11,False,False,,0,,0.0,,0.0,0.0,,,0.0,confirmed,confirmed,,,0,,0.0,1686322,1441436,0,847470,711442,0,0,6348,838852,1058317,0,445062,46824,0,39250,597760,0,0,0,0,0,0,0,39.82,60.18,0.0,114543,173091,0,0,287634
VA-07,house,VA,07,Eugene Vindman,Doug Ollivant,DEM,REP,DEM,DEM,18.78,96.8,3.2,Safe D,6.74,5.5,18.78,2.75,3.73,0.06,2.91,15.87,False,False,,0,,0.0,,0.0,0.0,,,0.0,confirmed,confirmed,,,0,,0.0,12355664,251134,0,6573093,65801,0,180667,48024,5917504,185334,0,6484357,29179,0,821234,7250,0,716,0,0,0,0,0,59.39,40.61,0.0,167985,114858,0,0,282843
VA-08,house,VA,08,Don Beyer,Tony Sabio,DEM,REP,DEM,DEM,63.86,100.0,0.0,Safe D,55.47,5.5,63.86,2.56,0.24,0.1,50.9,12.96,False,False,,0,,0.0,,0.0,0.0,,,0.0,confirmed,confirmed,,,0,,0.0,2125761,21917,0,838934,17903,0,0,0,1843890,4014,0,100225,3439,0,573250,6000,0,0,3712,0,0,0,0,81.93,18.07,0.0,223797,49351,0,0,273148
VA-09,house,VA,09,Joy Powers,Morgan Griffith,DEM,REP,REP,REP,-39.6,0.0,100.0,Safe R,-40.82,5.5,-39.6,-1.97,-1.45,-0.85,-44.43,4.83,False,False,,0,,0.0,,0.0,0.0,,,0.0,confirmed,confirmed,,,0,,0.0,85335,1828839,0,13941,973867,0,0,0,71395,1318861,0,17512,18255,0,3,1224589,0,2587,0,0,0,0,0,30.2,69.8,0.0,86374,199609,0,0,285983
VA-10,house,VA,10,Suhas Subramanyam,Dave Beckwith,DEM,REP,DEM,DEM,20.89,98.0,2.0,Safe D,13.43,5.5,20.89,1.54,0.51,-0.09,8.58,12.32,False,False,,0,,0.0,,0.0,0.0,,,0.0,confirmed,confirmed,,,0,,0.0,1170446,107334,0,582812,54260,0,0,0,678467,53073,0,86553,6365,0,320985,2000,0,2171,50000,0,0,50000,0,60.45,39.55,0.0,177937,116437,0,0,294374
VA-11,house,VA,11,James Walkinshaw,Arthur Purves,DEM,REP,DEM,DEM,49.63,100.0,0.0,Safe D,39.71,5.5,49.63,3.01,1.67,-0.26,35.29,14.34,False,False,,0,,0.0,,0.0,0.0,,,0.0,confirmed,confirmed,,,0,,0.0,2758961,5637,0,979176,200,0,1012792,2790,1779785,5437,0,392033,1155,0,932069,0,0,0,3982,0,0,3982,0,74.82,25.18,0.0,219696,73955,0,0,293651
VT-01,house,VT,01,Rebecca Balint,Gerald Malloy,DEM,REP,DEM,DEM,35.55,100.0,0.0,Safe D,19.6,5.5,35.53,1.67,9.71,-0.95,32.77,2.78,False,False,,0,,0.0,,0.0,0.0,,,0.0,confirmed,confirmed,60.96,25.34,2,36.38,0.165,956339,58280,0,626332,19707,0,0,0,475768,38573,0,206782,6258,0,280029,0,0,0,5055,0,0,16500,0,67.77,32.23,0.0,175259,83336,0,0,258595
WA-01,house,WA,01,Suzan DelBene,Mary Silva,DEM,REP,DEM,DEM,38.47,100.0,0.0,Safe D,30.07,5.5,38.47,3.17,0.33,-0.6,29.71,8.76,False,False,,0,,0.0,,0.0,0.0,,,0.0,confirmed,confirmed,,,0,,0.0,3550452,3186,0,1109685,820,0,113120,0,3504488,2622,0,776471,442,0,1479993,0,0,0,2244,0,495000,0,0,69.24,30.76,0.0,181456,80628,0,0,262083
WA-02,house,WA,02,Rick Larsen,Edwin H. Feller,DEM,REP,DEM,DEM,33.61,100.0,0.0,Safe D,24.1,5.5,33.61,0.0,4.54,-0.53,24.45,9.16,False,False,,0,,0.0,,0.0,0.0,,,0.0,confirmed,confirmed,,,0,,0.0,2038786,0,0,652100,0,0,0,0,1634123,0,0,118658,0,0,1157275,0,0,0,0,0,0,0,0,66.8,33.2,0.0,198793,98790,0,0,297583
WA-03,house,WA,03,Marie Gluesenkamp Perez,John Braun,DEM,REP,DEM,DEM,7.63,77.8,22.2,Likely D,-3.74,5.5,9.68,0.77,7.75,-0.59,-3.4,11.03,False,False,,0,,0.0,,0.0,0.0,,,0.0,confirmed,confirmed,41.67,42.92,2,-3.08,0.15,6292683,2214441,0,2064820,1267035,0,247821,116909,4254323,947406,0,278709,205710,0,864716,279845,0,0,11434,0,8500,600,0,53.82,46.18,0.0,159800,137142,0,0,296942
WA-04,house,WA,04,John Duresky,Amanda McKinney,DEM,REP,,REP,-15.84,5.8,94.2,Likely R,-20.54,5.5,-15.84,-1.52,0.0,0.72,-21.24,5.39,False,False,,0,,0.0,,0.0,0.0,,,0.0,confirmed,confirmed,,,0,,0.0,179020,981820,0,34309,215447,0,0,2125940,144711,766373,0,50216,192066,0,7000,110500,0,887,63792,0,600,0,0,42.08,57.92,0.0,91993,126633,0,0,218627
WA-05,house,WA,05,Carmela Conroy,Michael Baumgartner,DEM,REP,REP,REP,-24.33,0.8,99.2,Safe R,-11.1,5.5,-27.04,-0.75,-19.99,-0.7,-11.11,-13.22,False,False,,0,,0.0,,0.0,0.0,,,0.0,confirmed,confirmed,47.0,53.0,1,-8.46,0.15,396217,1738226,0,74463,953784,0,686438,121058,334896,976007,0,88416,186660,0,13100,366950,0,9941,0,0,23421,0,0,37.83,62.17,0.0,107479,176596,0,0,284075
WA-06,house,WA,06,Emily Randall,Teresa Fox,DEM,REP,DEM,DEM,26.61,99.6,0.4,Safe D,19.18,5.5,26.61,2.08,0.51,-0.66,19.89,6.72,False,False,,0,,0.0,,0.0,0.0,,,0.0,confirmed,confirmed,,,0,,0.0,1195247,27615,0,241631,2836,0,0,0,981488,24779,0,231651,8476,0,311706,1000,0,0,7535,0,0,12344,0,63.31,36.69,0.0,193351,112073,0,0,305424
WA-07,house,WA,07,Pramila Jayapal,Nirav Sheth,DEM,REP,DEM,DEM,82.46,100.0,0.0,Safe D,77.58,5.5,82.46,2.79,-2.85,-0.56,77.56,4.9,False,False,,0,,0.0,,0.0,0.0,,,0.0,confirmed,confirmed,,,0,,0.0,2502816,11811,0,1766786,5044,0,0,0,2748755,10525,0,1008781,661,0,281113,0,0,0,5900,0,0,0,0,91.23,8.77,0.0,279467,26870,0,0,306337
WA-08,house,WA,08,Kim Schrier,Spencer Meline,DEM,REP,DEM,DEM,16.98,95.4,4.6,Safe D,6.12,5.5,16.98,2.15,3.8,-0.59,5.97,11.01,False,False,,0,,0.0,,0.0,0.0,,,0.0,confirmed,confirmed,,,0,,0.0,3016894,126517,0,3508751,89862,0,105040,0,1329765,36655,0,197673,2560,0,900550,0,0,0,85000,0,0,85000,0,58.49,41.51,0.0,175482,124533,0,0,300016
WA-09,house,WA,09,Adam Smith,Doug Basler,DEM,REP,DEM,DEM,51.39,100.0,0.0,Safe D,43.74,5.5,51.39,1.92,0.47,-0.25,42.69,8.69,False,False,,0,,0.0,,0.0,0.0,,,0.0,confirmed,confirmed,,,0,,0.0,1882001,99242,0,869549,5021,0,0,0,1583206,94764,0,94878,3317,0,563165,0,0,0,72760,0,0,760,0,75.69,24.31,0.0,169873,54551,0,0,224424
WA-10,house,WA,10,Marilyn Strickland,Chris D. Chung,DEM,REP,DEM,DEM,25.42,99.4,0.6,Safe D,18.4,5.5,25.42,0.0,1.92,-0.4,18.6,6.81,False,False,,0,,0.0,,0.0,0.0,,,0.0,confirmed,confirmed,,,0,,0.0,1511304,0,0,677498,0,0,391134,0,1414394,0,0,65724,0,0,667380,0,0,0,0,0,50000,0,0,62.71,37.29,0.0,157688,93771,0,0,251460
WI-01,house,WI,01,Mitchell Berman,Bryan Steil,DEM,REP,REP,REP,-4.16,33.7,66.3,Lean R,-2.89,5.5,-4.19,-1.49,-4.89,-0.42,-4.58,0.41,False,False,,0,,0.0,,0.0,0.0,,,0.0,confirmed,confirmed,47.88,49.02,2,-3.35,0.17,712984,5467777,0,151644,6327099,0,17093,324186,561340,1359849,0,345825,253363,0,19500,1634675,0,0,0,0,0,0,0,47.92,52.08,0.0,135591,147370,0,0,282961
WI-02,house,WI,02,Mark Pocan,(no Republican filed),DEM,REP,DEM,DEM,49.55,100.0,0.0,Safe D,42.1,5.5,49.55,0.0,2.65,-0.7,40.75,8.8,False,False,,0,,0.0,,0.0,0.0,,,0.0,confirmed,,,,0,,0.0,814874,0,0,884043,0,0,0,0,933048,0,0,124620,0,0,401660,0,0,0,0,0,0,0,0,74.77,25.23,0.0,245796,82929,0,0,328725
WI-03,house,WI,03,Rebecca Cooke,Derrick Van Orden,DEM,REP,REP,REP,5.2,70.0,30.0,Lean D,-5.72,5.5,6.24,0.09,7.27,-0.91,-7.51,12.71,False,False,,0,,0.0,,0.0,0.0,,,0.0,confirmed,confirmed,49.96,46.05,5,1.71,0.194,8601146,7526052,0,1826605,4677029,0,27821,345201,6784680,3365829,0,2645733,1592300,0,523475,1009742,0,0,0,0,0,181867,0,52.6,47.4,0.0,155284,139935,0,0,295219
WI-04,house,WI,04,Gwen Moore,Tim Rogers,DEM,REP,DEM,DEM,62.96,100.0,0.0,Safe D,53.82,5.5,62.96,0.0,3.43,0.2,52.47,10.49,False,False,,0,,0.0,,0.0,0.0,,,0.0,confirmed,confirmed,,,0,,0.0,1070659,0,0,28561,0,0,25000,0,1064346,0,0,35303,0,0,682991,0,0,668,0,0,4000,0,0,81.48,18.52,0.0,197172,44820,0,0,241993
WI-05,house,WI,05,Andrew Beck,Scott Fitzgerald,DEM,REP,REP,REP,-24.21,0.9,99.1,Safe R,-21.95,5.5,-24.21,-2.32,-4.66,-0.78,-22.45,-1.76,False,False,,0,,0.0,,0.0,0.0,,,0.0,confirmed,confirmed,,,0,,0.0,14612,1376100,0,3158,1327087,0,0,0,11590,886619,0,3829,45262,0,0,872850,0,1625,0,0,425,0,0,37.89,62.11,0.0,127731,209345,0,0,337076
WI-06,house,WI,06,Brad Smith,Glenn Grothman,DEM,REP,REP,REP,-18.06,3.7,96.3,Safe R,-15.56,5.5,-16.84,-1.13,-4.83,-0.81,-16.7,-1.37,False,False,,0,,0.0,,0.0,0.0,,,0.0,confirmed,confirmed,39.0,61.0,1,-24.36,0.15,166061,929020,0,60280,829736,0,0,0,105780,621774,0,53620,96789,0,1000,277750,0,11286,0,0,0,139110,0,40.97,59.03,0.0,122695,176790,0,0,299484
WI-07,house,WI,07,Fred Clark,Michael Alfonso,DEM,REP,,REP,-17.82,3.9,96.1,Safe R,-21.18,5.5,-17.82,-1.15,0.0,-0.99,-22.84,5.02,False,False,,0,,0.0,,0.0,0.0,,,0.0,confirmed,confirmed,,,0,,0.0,423041,1351546,0,173977,663408,0,199405,3289705,249064,688138,0,115985,63888,0,6500,211000,0,5030,0,0,5000,0,0,41.09,58.91,0.0,127077,182190,0,0,309267
WI-08,house,WI,08,Rick Crosson,Tony Wied,DEM,REP,REP,REP,-14.15,8.0,92.0,Likely R,-15.36,5.5,-14.15,-1.66,-1.81,-0.83,-16.46,2.32,False,False,,0,,0.0,,0.0,0.0,,,0.0,confirmed,confirmed,,,0,,0.0,75430,1090216,0,23332,515561,0,0,0,39307,619885,0,19451,96766,0,6661,596900,0,1960,0,0,0,634225,0,42.93,57.07,0.0,129344,171974,0,0,301318
WV-01,house,WV,01,Vince George,Carol Miller,DEM,REP,REP,REP,-41.25,0.0,100.0,Safe R,-44.25,5.5,-41.25,-1.33,-0.22,-0.95,-45.2,3.95,False,False,,0,,0.0,,0.0,0.0,,,0.0,confirmed,confirmed,,,0,,0.0,258330,1746898,0,258330,604379,0,0,25515,0,1382061,0,1480,2971,0,0,1232139,0,240000,0,0,240000,417993,0,29.38,70.62,0.0,74989,180274,0,0,255263
WV-02,house,WV,02,Ace Parsi,Riley Moore,DEM,REP,REP,REP,-40.75,0.0,100.0,Safe R,-39.81,5.5,-40.75,-1.51,-4.03,-0.91,-40.38,-0.37,False,False,,0,,0.0,,0.0,0.0,,,0.0,confirmed,confirmed,,,0,,0.0,134245,1325162,0,43669,751072,0,0,0,90575,697053,0,33670,204309,0,1000,522450,0,60,0,0,0,60882,0,29.62,70.38,0.0,82478,195932,0,0,278410
WY-01,house,WY,01,Lisa Kinney,Chuck Gray,DEM,REP,,REP,-41.46,0.0,100.0,Safe R,-45.05,5.5,-41.46,-1.27,0.0,-0.64,-46.96,5.5,False,False,,0,,0.0,,0.0,0.0,,,0.0,confirmed,confirmed,,,0,,0.0,17946,1621197,0,2010,240146,0,723633,36970,15936,1381051,0,6081,11618,0,0,2500,0,0,1377000,0,11223,1377000,0,29.27,70.73,0.0,55128,133206,0,0,188334
