race_code,race_type,state,district,dem_name,rep_name,dem_party,rep_party,incumbent_party,seat_holder,margin,dem_prob,rep_prob,rating,lean,gcb,fundamentals,fundraising,candidates,demo_env,pres_2024,swing_24_26,rcv,threeway,oth_party,ind_name,ind_pct,ind_prob,same_party,cand2_name,cand1_prob,dem_status,rep_status,poll_dem,poll_rep,poll_count,polling_avg,polling_weight,dem_funds,rep_funds,ind_funds,dem_coh,rep_coh,ind_coh,dem_outside,rep_outside,dem_spent,rep_spent,ind_spent,dem_small,rep_small,ind_small,dem_pac,rep_pac,ind_pac,dem_self,rep_self,ind_self,dem_debt,rep_debt,ind_debt,dem_pct,rep_pct,oth_pct,dem_votes,rep_votes,oth_votes,ind_votes,total_votes
AK-GOV,governor,AK,GOV,Tom Begich,Bernadette Wilson,DEM,REP,,REP,-6.22,34.5,65.5,Lean R,-13.27,5.22,-9.11,0.0,0.0,-1.06,-13.8,7.57,True,False,,,0.0,0.0,,,0.0,presumptive,projected,46.99,37.94,3,8.06,0.15,0,0,0,0,0,0,0,0,0,0,0,0,0,0,0,0,0,0,0,0,0,0,0,42.99,49.01,8.0,101648,115882,18916,0,236446
AL-GOV,governor,AL,GOV,Doug Jones,Tommy Tuberville,DEM,REP,,REP,-20.64,2.3,97.7,Safe R,-29.66,5.22,-21.55,0.0,3.37,-0.48,-30.88,10.24,False,False,,,0.0,0.0,,,0.0,confirmed,confirmed,40.99,49.01,2,-8.01,0.15,0,13792994,0,0,0,0,0,0,0,0,0,0,0,0,0,0,0,0,0,0,0,0,0,39.68,60.32,0.0,629139,956424,0,0,1585563
AR-GOV,governor,AR,GOV,Fredrick Love,Sarah Huckabee Sanders,DEM,REP,REP,REP,-26.03,0.6,99.4,Safe R,-30.62,5.22,-26.03,0.0,-0.13,-0.51,-31.57,5.53,False,False,,,0.0,0.0,,,0.0,confirmed,confirmed,,,0,,0.0,0,0,0,0,0,0,0,0,0,0,0,0,0,0,0,0,0,0,0,0,0,0,0,36.98,63.02,0.0,310461,528996,0,0,839457
AZ-GOV,governor,AZ,GOV,Katie Hobbs,Andy Biggs,DEM,REP,DEM,DEM,7.86,77.7,22.3,Likely D,-4.25,5.22,8.28,0.94,6.01,0.36,-5.59,13.45,False,False,,,0.0,0.0,,,0.0,presumptive,presumptive,50.0,43.89,12,6.28,0.262,9827820,2787170,0,0,0,0,0,0,0,0,0,0,0,0,0,0,0,0,0,0,0,0,0,53.93,46.07,0.0,1279494,1093029,0,0,2372523
CA-GOV,governor,CA,GOV,Xavier Becerra,Steve Hilton,DEM,REP,,DEM,28.41,99.7,0.3,Safe D,23.42,5.22,29.44,-0.1,0.0,0.89,20.82,7.59,False,False,,,0.0,0.0,,,0.0,confirmed,confirmed,57.29,33.73,4,23.57,0.175,11283904,12875324,0,5129836,1724547,0,0,0,0,0,0,0,0,0,0,0,0,0,0,0,0,0,0,64.2,35.8,0.0,7125781,3972763,0,0,11098543
CO-GOV,governor,CO,GOV,Phil Weiser,Victor Marx,DEM,REP,,DEM,17.74,95.8,4.2,Safe D,11.48,5.22,17.32,0.64,0.0,-0.01,11.29,6.45,False,False,IND,Greg Lopez,3.6,0.0,,,0.0,confirmed,confirmed,50.1,37.8,1,12.3,0.15,6951032,2935521,84692,0,0,0,0,0,0,0,0,0,0,0,0,0,0,0,0,0,0,0,0,56.75,39.65,0.0,1268342,886122,0,80457,2234922
CT-GOV,governor,CT,GOV,Ned Lamont,Ryan Fazio,DEM,REP,DEM,DEM,19.61,97.2,2.8,Safe D,15.88,5.22,19.99,0.0,-1.03,-0.09,14.76,4.85,False,False,,,0.0,0.0,,,0.0,presumptive,confirmed,49.61,31.46,2,18.15,0.204,0,0,0,0,0,0,0,0,0,0,0,0,0,0,0,0,0,0,0,0,0,0,0,59.81,40.19,0.0,736300,494839,0,0,1231140
FL-GOV,governor,FL,GOV,David Jolly,Byron Donalds,DEM,REP,,REP,-6.59,26.1,73.9,Lean R,-10.43,5.22,-7.51,-2.35,-0.47,0.51,-13.22,6.63,False,False,,,0.0,0.0,,,0.0,presumptive,presumptive,38.12,42.8,16,-4.84,0.28,2814312,65627327,0,0,0,0,0,0,0,0,0,0,0,0,0,0,0,0,0,0,0,0,0,46.7,53.3,0.0,3575120,4079706,0,0,7654826
GA-GOV,governor,GA,GOV,Keisha Lance Bottoms,Rick Jackson,DEM,REP,,REP,1.6,56.2,43.8,Toss-up,-1.84,5.22,0.79,-2.47,0.0,-0.12,-2.21,3.81,False,False,,,0.0,0.0,,,0.0,confirmed,confirmed,50.2,45.86,7,4.64,0.225,2665880,73526815,0,0,0,0,0,0,0,0,0,0,0,0,0,0,0,0,0,0,0,0,0,50.8,49.2,0.0,1866924,1808122,0,0,3675046
HI-GOV,governor,HI,GOV,Josh Green,Gary Cordery,DEM,REP,DEM,DEM,32.15,99.9,0.1,Safe D,25.72,5.22,32.15,0.0,1.67,-0.46,23.56,8.59,False,False,,,0.0,0.0,,,0.0,presumptive,presumptive,,,0,,0.0,0,0,0,0,0,0,0,0,0,0,0,0,0,0,0,0,0,0,0,0,0,0,0,66.07,33.93,0.0,238986,122705,0,0,361691
IA-GOV,governor,IA,GOV,Rob Sand,Zach Lahn,DEM,REP,,REP,5.94,71.8,28.2,Lean D,-12.13,5.22,6.09,2.86,10.86,-0.71,-13.45,19.39,False,False,,,0.0,0.0,,,0.0,confirmed,confirmed,50.38,45.25,4,5.22,0.175,9572747,163603,0,0,0,0,0,0,0,0,0,0,0,0,0,0,0,0,0,0,0,0,0,52.97,47.03,0.0,616810,547644,0,0,1164454
ID-GOV,governor,ID,GOV,Terri Pickens,Brad Little,DEM,REP,REP,REP,-45.73,0.0,100.0,Safe R,-36.27,5.22,-45.73,-1.82,-12.37,-0.49,-37.52,-8.2,False,False,,,0.0,0.0,,,0.0,confirmed,confirmed,29.0,50.5,1,-24.5,0.223,136953,2057743,0,0,0,0,0,0,0,0,0,0,0,0,0,0,0,0,0,0,0,0,0,27.14,72.86,0.0,171925,461617,0,0,633543
IL-GOV,governor,IL,GOV,JB Pritzker,Darren Bailey,DEM,REP,DEM,DEM,20.0,97.4,2.6,Safe D,12.91,5.22,19.95,1.84,-0.02,0.0,11.14,8.86,False,False,,,0.0,0.0,,,0.0,confirmed,confirmed,54.3,34.0,1,20.3,0.15,25619035,2166962,0,3141018,127990,0,0,0,0,0,0,0,0,0,0,0,0,0,0,0,0,0,0,60.0,40.0,0.0,2372836,1581901,0,0,3954737
KS-GOV,governor,KS,GOV,Cindy Holscher,Ty Masterson,DEM,REP,,DEM,-11.63,12.9,87.1,Likely R,-16.42,5.22,-11.63,0.0,0.0,-0.43,-16.41,4.78,False,False,,,0.0,0.0,,,0.0,projected,presumptive,,,0,,0.0,0,0,0,0,0,0,0,0,0,0,0,0,0,0,0,0,0,0,0,0,0,0,0,44.18,55.82,0.0,410601,518713,0,0,929314
MA-GOV,governor,MA,GOV,Maura Healey,Mike Minogue,DEM,REP,DEM,DEM,31.41,99.9,0.1,Safe D,27.8,5.22,33.8,0.0,1.13,-0.34,25.91,5.5,False,False,,,0.0,0.0,,,0.0,confirmed,presumptive,53.79,31.4,6,22.39,0.21,0,0,0,0,0,0,0,0,0,0,0,0,0,0,0,0,0,0,0,0,0,0,0,65.7,34.3,0.0,1597611,833956,0,0,2431568
MD-GOV,governor,MD,GOV,Wes Moore,Dan Cox,DEM,REP,DEM,DEM,36.38,100.0,0.0,Safe D,30.37,5.22,38.94,0.0,3.43,-0.08,29.51,6.87,False,False,,,0.0,0.0,,,0.0,confirmed,confirmed,58.0,31.0,1,24.0,0.24,0,0,0,0,0,0,0,0,0,0,0,0,0,0,0,0,0,0,0,0,0,0,0,68.19,31.81,0.0,1450294,676540,0,0,2126834
ME-GOV,governor,ME,GOV,Hannah Pingree,Robert Charles,DEM,REP,,DEM,11.8,87.4,12.6,Likely D,7.36,5.22,11.61,0.0,0.0,-0.97,7.09,4.71,False,False,IND,Rick Bennett,3.21,0.0,,,0.0,confirmed,confirmed,52.17,38.68,3,13.48,0.185,0,0,0,0,0,0,0,0,0,0,0,0,0,0,0,0,0,0,0,0,0,0,0,54.11,42.68,0.0,314871,248411,0,18681,581962
MI-GOV,governor,MI,GOV,Jocelyn Benson,John James,DEM,REP,,DEM,12.08,88.0,12.0,Likely D,-0.43,5.22,14.35,0.21,9.97,-0.63,-1.44,13.52,False,False,,,0.0,0.0,,,0.0,presumptive,presumptive,45.32,38.9,19,6.59,0.289,5958887,4492470,0,0,0,0,0,0,0,0,0,0,0,0,0,0,0,0,0,0,0,0,0,56.04,43.96,0.0,2221581,1742681,0,0,3964262
MN-GOV,governor,MN,GOV,Amy Klobuchar,Mike Lindell,DEM,REP,,DEM,11.74,87.3,12.7,Likely D,4.83,5.22,10.64,1.43,-0.12,-0.72,4.34,7.4,False,False,,,0.0,0.0,,,0.0,presumptive,projected,48.65,38.98,3,9.67,0.15,7053950,1001473,0,3859683,11704,0,0,0,0,0,0,0,0,0,0,0,0,0,0,0,0,0,0,55.87,44.13,0.0,1272604,1005140,0,0,2277744
NE-GOV,governor,NE,GOV,Lynne Walz,Jim Pillen,DEM,REP,REP,REP,-13.81,9.0,91.0,Likely R,-20.91,5.22,-19.42,0.0,-3.25,-0.48,-20.84,7.03,False,False,IND,Brett Lindstrom,12.0,0.0,,,0.0,confirmed,confirmed,33.0,38.0,1,-8.0,0.15,0,0,0,0,0,0,0,0,0,0,0,0,0,0,0,0,0,0,0,0,0,0,0,37.93,50.07,0.0,251448,332002,0,79561,663011
NH-GOV,governor,NH,GOV,Cinde Warmington,Kelly Ayotte,DEM,REP,REP,REP,-11.83,12.5,87.5,Likely R,3.63,5.22,-13.11,-1.31,-19.79,-0.86,2.82,-14.66,False,False,,,0.0,0.0,,,0.0,confirmed,presumptive,38.17,44.73,4,-6.56,0.175,606192,3694856,0,0,0,0,0,0,0,0,0,0,0,0,0,0,0,0,0,0,0,0,0,44.08,55.92,0.0,254945,323387,0,0,578332
NM-GOV,governor,NM,GOV,Deb Haaland,Gregg Hull,DEM,REP,,DEM,8.41,79.3,20.7,Likely D,7.41,5.22,9.31,1.95,-6.39,1.12,6.14,2.27,False,False,,,0.0,0.0,,,0.0,confirmed,confirmed,46.0,45.0,1,4.0,0.169,13910580,987856,0,0,0,0,0,0,0,0,0,0,0,0,0,0,0,0,0,0,0,0,0,54.21,45.79,0.0,350384,295993,0,0,646377
NV-GOV,governor,NV,GOV,Aaron Ford,Joe Lombardo,DEM,REP,REP,REP,3.48,63.2,36.8,Lean D,-1.57,5.22,5.37,0.47,0.85,0.4,-3.15,6.63,False,False,,,0.0,0.0,,,0.0,confirmed,confirmed,43.14,49.05,10,-4.94,0.25,4285307,2275075,0,0,0,0,0,0,0,0,0,0,0,0,0,0,0,0,0,0,0,0,0,51.74,48.26,0.0,537594,501473,0,0,1039067
NY-GOV,governor,NY,GOV,Kathy Hochul,Bruce Blakeman,DEM,REP,DEM,DEM,13.86,91.1,8.9,Likely D,15.56,5.22,13.57,0.16,-7.5,0.13,12.68,1.18,False,False,,,0.0,0.0,,,0.0,confirmed,confirmed,49.64,36.09,15,14.66,0.276,16594119,13445025,0,0,0,0,0,0,0,0,0,0,0,0,0,0,0,0,0,0,0,0,0,56.93,43.07,0.0,3309701,2503798,0,0,5813499
OH-GOV,governor,OH,GOV,Amy Acton,Vivek Ramaswamy,DEM,REP,,REP,-4.55,32.9,67.1,Lean R,-10.38,5.22,-6.51,-0.66,0.0,-0.69,-11.31,6.76,False,False,,,0.0,0.0,,,0.0,confirmed,confirmed,47.65,47.15,16,0.48,0.28,10552470,25555956,0,0,0,0,0,0,0,0,0,0,0,0,0,0,0,0,0,0,0,0,0,47.72,52.28,0.0,1925910,2109602,0,0,4035512
OK-GOV,governor,OK,GOV,Cyndi Munson,Gentner Drummond,DEM,REP,,REP,-31.04,0.1,99.9,Safe R,-34.86,5.22,-31.04,0.0,-0.7,-0.7,-34.95,3.91,False,False,,,0.0,0.0,,,0.0,confirmed,projected,,,0,,0.0,0,0,0,0,0,0,0,0,0,0,0,0,0,0,0,0,0,0,0,0,0,0,0,34.48,65.52,0.0,377974,718249,0,0,1096222
OR-GOV,governor,OR,GOV,Tina Kotek,Christine Drazan,DEM,REP,DEM,DEM,5.64,70.8,29.2,Lean D,15.18,5.22,6.65,0.0,-13.29,-0.46,14.89,-9.25,False,False,,,0.0,0.0,,,0.0,confirmed,confirmed,44.2,47.13,3,-0.1,0.15,0,0,0,0,0,0,0,0,0,0,0,0,0,0,0,0,0,0,0,0,0,0,0,52.82,47.18,0.0,830215,741560,0,0,1571774
PA-GOV,governor,PA,GOV,Josh Shapiro,Stacy Garrity,DEM,REP,DEM,DEM,17.22,95.3,4.7,Safe D,-0.99,5.22,17.27,1.95,11.61,-0.53,-1.75,18.97,False,False,,,0.0,0.0,,,0.0,confirmed,confirmed,52.77,35.68,11,17.09,0.257,34960533,2545436,0,0,0,0,0,0,0,0,0,0,0,0,0,0,0,0,0,0,0,0,0,58.61,41.39,0.0,2885763,2037855,0,0,4923617
RI-GOV,governor,RI,GOV,Helena Foulkes,Elaine Pelino,DEM,REP,,DEM,20.26,97.5,2.5,Safe D,15.75,5.22,20.77,0.0,0.0,-0.2,14.16,6.1,False,False,,,0.0,0.0,,,0.0,presumptive,projected,38.59,21.21,2,17.38,0.15,0,0,0,0,0,0,0,0,0,0,0,0,0,0,0,0,0,0,0,0,0,0,0,60.13,39.87,0.0,216080,143268,0,0,359348
SC-GOV,governor,SC,GOV,Jermaine Johnson,Alan Wilson,DEM,REP,,REP,-10.37,15.7,84.3,Likely R,-16.61,5.22,-10.23,1.47,0.07,-0.39,-18.12,7.76,False,False,,,0.0,0.0,,,0.0,confirmed,confirmed,37.0,45.0,1,-11.0,0.175,753609,62585,0,0,0,0,0,0,0,0,0,0,0,0,0,0,0,0,0,0,0,0,0,44.82,55.18,0.0,799380,984318,0,0,1783698
SD-GOV,governor,SD,GOV,Dan Ahlers,Toby Doeden,DEM,REP,,REP,-25.21,0.7,99.3,Safe R,-29.41,5.22,-25.21,0.0,0.0,-1.02,-29.98,4.77,False,False,,,0.0,0.0,,,0.0,confirmed,projected,,,0,,0.0,0,0,0,0,0,0,0,0,0,0,0,0,0,0,0,0,0,0,0,0,0,0,0,37.4,62.6,0.0,111616,186857,0,0,298473
TN-GOV,governor,TN,GOV,Jerri Green,Marsha Blackburn,DEM,REP,,REP,-20.76,2.2,97.8,Safe R,-28.6,5.22,-20.19,0.0,3.73,-0.54,-30.12,9.36,False,False,,,0.0,0.0,,,0.0,projected,presumptive,27.0,51.0,2,-24.0,0.15,0,0,0,0,0,0,0,0,0,0,0,0,0,0,0,0,0,0,0,0,0,0,0,39.62,60.38,0.0,849787,1294973,0,0,2144759
TX-GOV,governor,TX,GOV,Gina Hinojosa,Greg Abbott,DEM,REP,REP,REP,-8.77,19.7,80.3,Likely R,-11.93,5.22,-10.59,-1.58,-3.33,1.04,-13.88,5.11,False,False,,,0.0,0.0,,,0.0,confirmed,confirmed,44.63,48.81,19,-4.17,0.289,8589462,71434049,0,3002416,67461299,0,0,0,0,0,0,0,0,0,0,0,0,0,0,0,0,0,0,45.62,54.38,0.0,3641698,4341472,0,0,7983170
VT-GOV,governor,VT,GOV,Amanda Janoo,Phil Scott,DEM,REP,REP,REP,-22.65,1.4,98.6,Safe R,33.44,5.22,-24.87,0.0,-62.58,-0.95,32.77,-55.42,False,False,,,0.0,0.0,,,0.0,projected,confirmed,30.95,43.32,2,-12.37,0.178,0,0,0,0,0,0,0,0,0,0,0,0,0,0,0,0,0,0,0,0,0,0,0,38.68,61.32,0.0,100012,158583,0,0,258595
WI-GOV,governor,WI,GOV,Francesca Hong,Tom Tiffany,DEM,REP,,DEM,3.42,63.0,37.0,Lean D,-0.43,5.22,4.59,0.18,0.28,-0.66,-0.87,4.3,False,False,,,0.0,0.0,,,0.0,projected,presumptive,46.36,43.45,3,2.03,0.18,13951,1,0,0,0,0,0,0,0,0,0,0,0,0,0,0,0,0,0,0,0,0,0,51.71,48.29,0.0,1239044,1156999,0,0,2396043
WY-GOV,governor,WY,GOV,Kenneth Casner,Megan Degenfelder,DEM,REP,,REP,-39.68,0.0,100.0,Safe R,-46.77,5.22,-39.68,0.0,2.51,-0.64,-46.96,7.28,False,False,,,0.0,0.0,,,0.0,presumptive,presumptive,,,0,,0.0,0,5226,0,0,0,0,0,0,0,0,0,0,0,0,0,0,0,0,0,0,0,0,0,30.16,69.84,0.0,56800,131534,0,0,188334
AK-SEN,senate,AK,SEN,Mary Peltola,Dan Sullivan,DEM,REP,REP,REP,-1.08,46.6,53.4,Toss-up,-11.38,5.22,-2.74,0.37,4.11,-1.06,-13.8,12.72,True,False,,,0.0,0.0,,,0.0,presumptive,confirmed,46.31,46.61,11,-0.31,0.257,15575539,8501665,0,6094872,8303687,0,15476,3017435,9480668,2288882,0,5719757,470900,0,561746,1875800,0,0,0,0,0,0,0,45.03,46.97,8.0,106472,111059,18916,0,236446
AL-SEN,senate,AL,SEN,Everett Wess,Barry Moore,DEM,REP,,REP,-24.63,0.8,99.2,Safe R,-27.1,5.22,-24.63,-3.2,0.93,-0.48,-30.88,6.25,False,False,,,0.0,0.0,,,0.0,confirmed,confirmed,32.0,47.0,1,-15.0,0.158,83341,3787330,0,-10011,627788,0,3019,17094132,94747,3284673,0,4247,346554,0,0,881598,0,70643,50000,0,0,360928,0,37.68,62.32,0.0,597501,988062,0,0,1585563
AR-SEN,senate,AR,SEN,Hallie Shoffner,Tom Cotton,DEM,REP,REP,REP,-25.83,0.6,99.4,Safe R,-29.23,5.22,-27.03,-0.84,-1.67,-0.51,-31.57,5.74,False,False,,,0.0,0.0,,,0.0,confirmed,confirmed,42.86,46.25,2,-6.27,0.15,2269114,6233117,0,863578,9931885,0,0,2510176,1405536,3752101,0,807603,552197,0,20060,1191500,0,0,0,0,0,73959,0,37.09,62.91,0.0,311325,528132,0,0,839457
CO-SEN,senate,CO,SEN,John Hickenlooper,Mark Baisley,DEM,REP,DEM,DEM,24.69,99.2,0.8,Safe D,13.09,5.22,24.69,2.84,3.55,-0.01,11.29,13.4,False,False,,,0.0,0.0,,,0.0,confirmed,confirmed,,,0,,0.0,8119380,138597,0,2083870,50021,0,510004,0,7471143,88913,0,1302169,28371,0,958273,999,0,0,2200,0,0,0,0,62.35,37.65,0.0,1393395,841527,0,0,2234922
DE-SEN,senate,DE,SEN,Chris Coons,Michael Katz,DEM,REP,DEM,DEM,24.8,99.2,0.8,Safe D,15.57,5.22,24.8,2.63,1.67,-0.28,14.84,9.96,False,False,,,0.0,0.0,,,0.0,presumptive,presumptive,,,0,,0.0,3940137,70152,0,4705684,38004,0,0,0,1419652,32148,0,52510,3182,0,1310377,300,0,0,54260,0,0,54250,0,62.4,37.6,0.0,223109,134434,0,0,357542
FL-SEN,senate,FL,SEN,Alexander Vindman,Ashley Moody,DEM,REP,REP,REP,-5.1,31.0,69.0,Lean R,-8.77,5.22,-4.49,0.21,-1.67,0.51,-13.22,8.12,False,False,,,0.0,0.0,,,0.0,presumptive,presumptive,40.04,49.3,4,-9.25,0.175,14595387,10802230,0,7307305,8421236,0,26675,545860,7288082,2380993,0,8963209,1383579,0,215105,2039500,0,20,0,0,2517,0,0,47.45,52.55,0.0,3632251,4022575,0,0,7654826
GA-SEN,senate,GA,SEN,Jon Ossoff,Mike Collins,DEM,REP,DEM,DEM,12.27,88.3,11.7,Likely D,-0.88,5.22,12.65,1.71,6.73,-0.12,-2.21,14.48,False,False,,,0.0,0.0,,,0.0,confirmed,confirmed,53.98,43.02,10,11.17,0.25,77279766,7409350,0,42587451,2079981,0,886293,1568662,39682882,5932539,0,39110515,2087144,0,931316,495632,0,0,65000,0,0,461916,0,56.13,43.87,0.0,2062974,1612072,0,0,3675046
IA-SEN,senate,IA,SEN,Josh Turek,Ashley Hinson,DEM,REP,,REP,-2.37,40.9,59.1,Toss-up,-7.29,5.22,-3.81,-0.1,-0.93,-0.71,-13.45,11.08,False,False,LIB,,0.0,0.0,,,0.0,confirmed,confirmed,47.62,47.09,8,0.37,0.233,6276527,10217845,0,2362314,6749491,0,11513181,3883175,3914213,5396429,0,2726556,1052135,0,440127,2232367,0,0,0,0,0,0,0,47.53,49.84,2.63,553487,580342,30625,0,1164454
ID-SEN,senate,ID,SEN,(No Democrat),Jim Risch,DEM,REP,REP,REP,-27.79,0.3,99.7,Safe R,-32.32,5.22,-30.4,-1.14,-1.67,-0.49,-37.52,9.73,False,True,IND,Todd Achilles,36.1,0.3,,,0.0,,confirmed,33.75,41.67,3,-10.92,0.165,8642,3357516,692245,1051,3535956,194226,0,0,8186,2241925,506311,1936,139910,115721,1400,959329,10000,3156,0,10500,10846,0,0,0.0,63.9,0.0,0,404810,0,228733,633543
IL-SEN,senate,IL,SEN,Juliana Stratton,Don Tracy,DEM,REP,,DEM,20.66,97.8,2.2,Safe D,15.12,5.22,20.66,0.32,0.0,0.0,11.14,9.52,False,False,,,0.0,0.0,,,0.0,confirmed,confirmed,,,0,,0.0,5906599,2459890,0,1107958,1512424,0,10437456,11068156,4798641,947466,0,1182892,27050,0,426634,12325,0,0,2000000,0,0,2000000,0,60.33,39.67,0.0,2385890,1568847,0,0,3954737
KS-SEN,senate,KS,SEN,Adam Hamilton,Roger Marshall,DEM,REP,REP,REP,-11.05,14.2,85.8,Likely R,-15.23,5.22,-11.59,-0.07,-1.09,-0.43,-16.41,5.36,False,False,,,0.0,0.0,,,0.0,presumptive,presumptive,43.05,47.11,2,-7.06,0.15,3678710,3943411,0,2597698,5326447,0,0,227327,1081012,321983,0,631218,147889,0,15000,1532750,0,50050,0,0,50000,0,0,44.47,55.53,0.0,413302,516011,0,0,929314
KY-SEN,senate,KY,SEN,Charles Booker,Andy Barr,DEM,REP,,REP,-28.95,0.2,99.8,Safe R,-30.07,5.22,-31.32,-0.86,-4.86,-0.75,-31.03,2.08,False,False,,,0.0,0.0,,,0.0,confirmed,confirmed,38.0,49.0,1,-14.0,0.15,1099509,9981055,0,309623,2305546,0,8306596,6980575,789887,11368587,0,654554,729552,0,24750,1995311,0,0,0,0,89868,0,0,35.53,64.47,0.0,515913,936256,0,0,1452169
LA-SEN,senate,LA,SEN,Jamie Davis,Julia Letlow,DEM,REP,,REP,-24.04,1.0,99.0,Safe R,-21.43,5.22,-24.04,-0.45,-7.1,-0.28,-22.36,-1.68,False,False,,,0.0,0.0,,,0.0,confirmed,confirmed,,,0,,0.0,1983548,6210122,0,479104,1427072,0,10861766,12093658,1504444,4783049,0,1699034,127995,0,0,824000,0,10000,0,0,10000,0,0,37.98,62.02,0.0,533569,871313,0,0,1404882
MA-SEN,senate,MA,SEN,Ed Markey,John Deaton,DEM,REP,DEM,DEM,32.83,99.9,0.1,Safe D,29.17,5.22,36.37,0.66,1.67,-0.34,25.91,6.92,False,False,,,0.0,0.0,,,0.0,presumptive,presumptive,52.51,32.08,7,20.45,0.223,4848657,1498561,0,2227617,726604,0,0,1482275,4431727,771958,0,757410,61944,0,548650,425,0,0,1053414,0,0,1005000,0,66.41,33.59,0.0,1614888,816679,0,0,2431568
ME-SEN,senate,ME,SEN,Troy Jackson,Susan Collins,DEM,REP,REP,REP,0.28,51.1,48.9,Toss-up,8.54,5.22,-0.76,0.0,-13.55,-0.97,7.09,-6.81,False,False,,,0.0,0.0,,,0.0,projected,confirmed,48.83,44.9,4,2.6,0.237,0,16169827,0,0,11038115,0,86250,2629499,0,7708021,0,0,1425763,0,0,1263550,0,0,0,0,0,0,0,50.14,49.86,0.0,291782,290180,0,0,581962
MI-SEN,senate,MI,SEN,Abdul El-Sayed,Mike Rogers,DEM,REP,,DEM,5.14,69.1,30.9,Lean D,2.95,5.22,7.7,-0.28,0.44,-0.63,-1.44,6.58,False,False,,,0.0,0.0,,,0.0,projected,presumptive,43.55,44.9,18,-1.23,0.286,12222407,10582463,0,2730129,5723827,0,1242864,23320703,9492277,5114340,0,3236075,2129550,0,67845,844227,0,14000,0,0,0,0,0,52.57,47.43,0.0,2084111,1880151,0,0,3964262
MN-SEN,senate,MN,SEN,Peggy Flanagan,Michele Tafoya,DEM,REP,,DEM,10.19,83.9,16.1,Likely D,6.68,5.22,11.13,-0.05,0.0,-0.72,4.34,5.84,False,False,,,0.0,0.0,,,0.0,projected,presumptive,49.71,42.88,4,4.82,0.175,6044163,4669609,0,1565604,2080632,0,105478,5514766,4478560,2588978,0,2701933,2064245,0,169917,224000,0,7000,7878,0,0,331512,0,55.09,44.91,0.0,1254890,1022854,0,0,2277744
MS-SEN,senate,MS,SEN,Scott Colom,Cindy Hyde-Smith,DEM,REP,REP,REP,-13.37,9.7,90.3,Likely R,-21.48,5.22,-14.32,-0.31,2.62,-0.37,-23.15,9.77,False,False,IND,Ty Pinkins,6.0,0.0,,,0.0,confirmed,confirmed,39.0,42.0,1,-6.0,0.15,2384921,3825455,90225,847046,2535896,632,471544,98645,1537875,1759323,95208,351461,98642,57151,312330,1182050,0,25193,0,0,61083,60000,0,40.71,53.29,0.0,349988,458041,0,51576,859605
MT-SEN,senate,MT,SEN,Alani Bankhead,Kurt Alme,DEM,REP,,REP,-24.67,0.8,99.1,Safe R,-13.86,5.22,-9.26,0.39,0.0,-1.01,-20.58,-4.09,False,True,IND,Seth Bodnar,13.9,0.0,,,0.0,confirmed,confirmed,30.62,43.35,5,-13.0,0.227,58829,1984861,3238151,21485,1450719,977779,4700046,2502674,37011,534142,2260371,18727,88310,369366,6627,639500,93050,6522,0,0,0,0,0,28.88,53.56,3.66,121898,226042,15448,58685,422074
NC-SEN,senate,NC,SEN,Roy Cooper,Michael Whatley,DEM,REP,,REP,5.42,70.1,29.9,Lean D,-2.8,5.22,4.72,0.7,1.9,-0.3,-3.27,8.69,False,False,GRN,,0.0,0.0,,,0.0,confirmed,confirmed,50.47,39.19,24,11.07,0.3,34975789,11272504,0,20717567,3461698,0,46380,7097104,14258222,7810806,0,4748620,1775437,0,820563,936330,0,0,0,0,0,46928,0,51.73,46.4,1.87,2062587,1850315,74566,0,3987467
NE-SEN,senate,NE,SEN,(No Democrat),Pete Ricketts,DEM,REP,REP,REP,-4.94,31.6,68.4,Lean R,-19.16,5.22,-6.31,-0.53,8.63,-0.48,-20.84,15.9,False,True,IND,Dan Osborn,47.53,31.6,,,0.0,,confirmed,47.0,42.8,3,1.2,0.15,0,11233507,5751951,0,6910970,2421487,201261,1732682,0,4809506,3393630,0,232136,2195423,0,1701815,139868,0,5295888,0,0,0,0,0.0,52.47,0.0,0,347881,0,315130,663011
NH-SEN,senate,NH,SEN,Chris Pappas,John E. Sununu,DEM,REP,,DEM,7.86,77.7,22.3,Likely D,-0.03,5.22,9.28,0.75,4.2,-0.86,2.82,5.04,False,False,,,0.0,0.0,,,0.0,presumptive,presumptive,46.63,42.63,16,4.2,0.28,13371607,3662252,0,5183321,2672646,0,130636,3645658,8595871,989605,0,4138690,395965,0,1045873,462000,0,0,0,0,0,0,0,53.93,46.07,0.0,311890,266442,0,0,578332
NJ-SEN,senate,NJ,SEN,Cory Booker,Justin Murphy,DEM,REP,DEM,DEM,19.73,97.2,2.8,Safe D,8.31,5.22,19.73,4.13,1.88,0.19,5.63,14.1,False,False,,,0.0,0.0,,,0.0,confirmed,confirmed,,,0,,0.0,18869341,27316,0,23060940,123,0,0,0,7000887,26297,0,8440493,7240,0,500530,650,0,0,4932,0,0,8782,0,59.86,40.14,0.0,1744219,1169468,0,0,2913686
NM-SEN,senate,NM,SEN,Ben Ray Lujan,Larry Marker,DEM,REP,DEM,DEM,19.15,96.9,3.1,Safe D,7.98,5.22,19.15,3.16,1.67,1.12,6.14,13.01,False,False,,,0.0,0.0,,,0.0,confirmed,confirmed,,,0,,0.0,5626629,33525,0,4396754,11850,0,0,0,2443668,21675,0,1158566,1065,0,1738346,5000,0,0,0,0,0,0,0,59.57,40.43,0.0,385075,261302,0,0,646377
OH-SEN,senate,OH,SEN,Sherrod Brown,Jon Husted,DEM,REP,REP,REP,-1.04,46.0,54.0,Toss-up,-8.69,5.22,-2.16,0.6,1.39,-0.69,-11.31,10.27,False,False,LIB,,0.0,0.0,,,0.0,confirmed,confirmed,48.69,47.86,14,0.8,0.272,38566234,14360028,0,16229741,9419311,0,34727,8605576,22336493,4940716,0,13527788,1843640,0,861223,2382560,0,0,0,0,0,0,0,48.7,49.73,1.57,1965429,2006726,63358,0,4035512
OK-SEN,senate,OK,SEN,Jasmine Thomas,Kevin Hern,DEM,REP,,REP,-35.64,0.0,100.0,Safe R,-33.88,5.22,-35.64,-3.49,-2.78,-0.7,-34.95,-0.69,False,False,,,0.0,0.0,,,0.0,presumptive,confirmed,,,0,,0.0,52402,9953579,0,254,2491910,0,0,2379644,53084,7461669,0,38213,132138,0,0,761500,0,0,5050000,0,0,0,0,32.18,67.82,0.0,352782,743440,0,0,1096222
OR-SEN,senate,OR,SEN,Jeff Merkley,David Brock Smith,DEM,REP,DEM,DEM,21.76,98.3,1.7,Safe D,12.87,5.22,21.76,2.47,1.67,-0.46,14.89,6.87,False,False,,,0.0,0.0,,,0.0,confirmed,confirmed,,,0,,0.0,4540974,120760,0,6828404,28980,0,0,0,1979569,91781,0,1059223,34621,0,477520,11000,0,0,0,0,0,8156,0,60.88,39.12,0.0,956920,614855,0,0,1571774
RI-SEN,senate,RI,SEN,Jack Reed,Raymond McKay,DEM,REP,DEM,DEM,24.64,99.2,0.8,Safe D,17.28,5.22,25.99,2.03,1.67,-0.2,14.16,10.48,False,False,,,0.0,0.0,,,0.0,presumptive,presumptive,52.0,34.82,2,17.18,0.15,3126485,163439,0,3642761,2745,0,0,0,1071915,161032,0,27532,66814,0,1028500,1600,0,0,1,0,0,690,0,62.32,37.68,0.0,223945,135403,0,0,359348
SC-SEN,senate,SC,SEN,Annie Andrews,Generic Republican,DEM,REP,,REP,-6.99,24.9,75.1,Likely R,-14.67,5.22,-6.59,0.0,3.25,-0.39,-18.12,11.14,False,False,LIB,,0.0,0.0,,,0.0,confirmed,projected,39.0,47.0,1,-11.0,0.175,10804040,0,0,4119295,0,0,0,145756,6684746,0,0,6474403,0,0,104955,0,0,0,0,0,1025357,0,0,45.64,52.49,1.87,814023,936319,33355,0,1783698
SD-SEN,senate,SD,SEN,Julian Beaudion,Mike Rounds,DEM,REP,REP,REP,-30.88,0.1,99.9,Safe R,-28.22,5.22,-30.29,-1.88,-4.39,-1.02,-29.98,-0.9,False,False,IND,Brian Bengs,20.81,0.0,,,0.0,confirmed,confirmed,35.08,52.22,5,-16.07,0.194,228295,3176451,782050,3078,2736664,51406,0,565848,225217,2309816,730644,63214,36975,474153,9398,1443800,5000,3655,0,0,14458,0,0,27.37,51.82,0.0,81686,154675,0,62112,298473
TN-SEN,senate,TN,SEN,Marquita Bradshaw,Bill Hagerty,DEM,REP,REP,REP,-31.55,0.1,99.9,Safe R,-26.26,5.22,-31.55,-3.72,-6.25,-0.54,-30.12,-1.43,False,False,,,0.0,0.0,,,0.0,presumptive,confirmed,,,0,,0.0,1502,7010097,0,669,5649494,0,0,746984,911,3288072,0,1502,931531,0,0,1481700,0,0,0,0,0,0,0,34.23,65.77,0.0,734050,1410710,0,0,2144759
TX-SEN,senate,TX,SEN,James Talarico,Ken Paxton,DEM,REP,,REP,0.4,51.6,48.4,Toss-up,-10.65,5.22,-0.84,1.51,2.05,1.04,-13.88,14.28,False,False,LIB,,0.0,0.0,,,0.0,confirmed,confirmed,47.41,45.23,24,2.18,0.3,68555930,9248699,0,21548155,1755783,0,31388295,3791205,47007775,7492915,0,36717034,1764118,0,343408,219500,0,0,0,0,0,0,0,49.19,48.8,2.01,3926955,3895752,160462,0,7983170
VA-SEN,senate,VA,SEN,Mark Warner,Bert Mizusawa,DEM,REP,DEM,DEM,17.75,95.8,4.2,Safe D,6.82,5.22,17.75,2.86,3.15,-0.3,5.89,11.86,False,False,,,0.0,0.0,,,0.0,confirmed,projected,,,0,,0.0,17651762,341219,0,16154714,51419,0,0,0,7050282,289799,0,2893949,82291,0,2069150,0,0,0,171454,0,0,20000,0,58.87,41.13,0.0,1855868,1296434,0,0,3152302
WV-SEN,senate,WV,SEN,Rachel Fetty Anderson,Shelley Moore Capito,DEM,REP,REP,REP,-42.61,0.0,100.0,Safe R,-42.1,5.22,-42.61,-3.14,-1.67,-0.93,-42.69,0.07,False,False,,,0.0,0.0,,,0.0,confirmed,confirmed,,,0,,0.0,22447,4624145,0,12552,4377201,0,0,337585,16891,2558310,0,4153,84240,0,0,1742755,0,7890,0,0,0,0,0,28.69,71.31,0.0,153125,380548,0,0,533673
WY-SEN,senate,WY,SEN,James Byrd,Harriet Hageman,DEM,REP,,REP,-42.93,0.0,100.0,Safe R,-44.95,5.22,-42.93,-2.56,0.0,-0.64,-46.96,4.03,False,False,,,0.0,0.0,,,0.0,projected,presumptive,,,0,,0.0,19576,2023908,0,1689,963842,0,0,113461,18376,1943029,0,4856,591287,0,0,531500,0,0,0,0,0,0,0,28.54,71.46,0.0,53743,134591,0,0,188334
AK-01,house,AK,01,(No Democrat),Nick Begich III,DEM,REP,REP,REP,-2.44,40.6,59.4,Toss-up,-3.21,5.22,-1.82,-1.1,-1.67,-1.06,-13.8,11.36,False,True,IND,Bill Hill,48.78,40.6,,,0.0,,presumptive,46.17,50.17,2,-7.0,0.15,0,5261611,1170869,0,3280417,702626,0,18611,0,2085524,468242,0,1046826,198912,0,984577,51050,0,0,0,0,275764,0,0.0,51.22,0.0,0,121114,0,115332,236446
AL-01,house,AL,01,Clyde Jones,Jerry Carl,DEM,REP,,REP,-28.64,0.3,99.7,Safe R,-31.53,5.22,-28.64,-1.77,0.0,-0.56,-36.34,7.71,False,False,,,0.0,0.0,,,0.0,projected,projected,,,0,,0.0,55423,1065922,0,15347,438428,0,0,0,40076,696785,0,22840,44843,0,2000,279059,0,0,0,0,0,254536,0,35.68,64.32,0.0,81943,147705,0,0,229648
AL-02,house,AL,02,Shomari Figures,Rhett Marques,DEM,REP,DEM,DEM,-2.84,39.1,60.9,Lean R,-9.74,5.22,-2.63,-0.31,2.48,-0.28,-14.46,11.63,False,False,,,0.0,0.0,,,0.0,confirmed,presumptive,45.09,45.55,2,-3.45,0.199,1295921,1300076,0,655662,449417,0,100000,2219826,663368,850659,0,153147,8516,0,822880,181469,0,0,0,0,12000,0,0,48.58,51.42,0.0,99700,105522,0,0,205222
AL-03,house,AL,03,Victor McInnis,Mike Rogers,DEM,REP,REP,REP,-41.58,0.0,100.0,Safe R,-42.29,5.22,-41.58,-2.23,-1.67,-0.61,-47.04,5.46,False,False,,,0.0,0.0,,,0.0,projected,projected,,,0,,0.0,60787,2133554,0,9462,2590964,0,3435,0,28900,1464925,0,17227,8029,0,0,735704,0,0,0,0,0,0,0,29.21,70.79,0.0,64699,156788,0,0,221487
AL-04,house,AL,04,Amanda Pusczek,Robert Aderholt,DEM,REP,REP,REP,-61.76,0.0,100.0,Safe R,-62.54,5.22,-61.76,-2.1,-1.67,-0.67,-66.99,5.23,False,False,,,0.0,0.0,,,0.0,projected,projected,,,0,,0.0,15591,1022664,0,396,749660,0,0,0,14624,1239901,0,7452,9102,0,0,422278,0,0,0,0,12000,0,0,19.12,80.88,0.0,43349,183354,0,0,226703
AL-05,house,AL,05,Andrew Sneed,Dale Strong,DEM,REP,REP,REP,-23.68,1.1,98.9,Safe R,-26.09,5.22,-23.68,-0.59,-1.67,-0.56,-29.51,5.83,False,False,,,0.0,0.0,,,0.0,projected,projected,,,0,,0.0,646512,1477819,0,169720,1424334,0,0,0,476792,682462,0,73555,6635,0,2350,631300,0,20000,0,0,0,240000,0,38.16,61.84,0.0,94453,153067,0,0,247520
AL-06,house,AL,06,Elizabeth Anderson,Gary Palmer,DEM,REP,REP,REP,-29.76,0.2,99.8,Safe R,-31.61,5.22,-29.76,-2.11,-0.72,-0.54,-34.79,5.03,False,False,,,0.0,0.0,,,0.0,projected,projected,,,0,,0.0,15899,1011566,0,2787,257661,0,0,131018,48622,907144,0,2451,806,0,0,442500,0,0,0,0,0,0,0,35.12,64.88,0.0,85914,158717,0,0,244631
AL-07,house,AL,07,Terri Sewell,Republican candidate (AL-07),DEM,REP,DEM,DEM,32.04,99.9,0.1,Safe D,22.63,5.22,32.04,0.0,4.31,-0.12,17.99,14.05,False,False,,,0.0,0.0,,,0.0,projected,projected,,,0,,0.0,1933864,0,0,3768636,0,0,0,0,1635788,0,0,66012,0,0,1577250,0,0,0,0,0,0,0,0,66.02,33.98,0.0,138878,71474,0,0,210352
AR-01,house,AR,01,Terri Green,Rick Crawford,DEM,REP,REP,REP,-43.85,0.0,100.0,Safe R,-42.5,5.22,-43.85,-1.62,-4.28,-0.68,-46.4,2.54,False,False,,,0.0,0.0,,,0.0,confirmed,confirmed,,,0,,0.0,65149,944302,0,11958,1031631,0,0,0,53192,743498,0,13695,12107,0,4900,557750,0,14395,0,0,17838,0,0,28.07,71.93,0.0,54975,140850,0,0,195826
AR-02,house,AR,02,Chris Jones,French Hill,DEM,REP,REP,REP,-10.71,14.9,85.1,Likely R,-13.29,5.22,-10.71,-0.99,-1.12,-0.52,-16.22,5.51,False,False,,,0.0,0.0,,,0.0,projected,projected,46.5,42.0,1,1.5,0.15,1174414,4421510,0,191398,2967541,0,0,418058,983016,2830321,0,303345,28686,0,27750,1457367,0,0,0,0,17801,0,0,44.65,55.35,0.0,100668,124808,0,0,225476
AR-03,house,AR,03,Robb Ryerse,Steve Womack,DEM,REP,REP,REP,-26.71,0.5,99.5,Safe R,-23.48,5.22,-26.71,-1.82,-6.29,-0.34,-25.81,-0.9,False,False,,,0.0,0.0,,,0.0,projected,projected,,,0,,0.0,120526,1871761,0,5951,2404276,0,0,0,114576,1183378,0,57841,27541,0,5886,877500,0,250,0,0,20588,0,0,36.64,63.36,0.0,81202,140396,0,0,221598
AR-04,house,AR,04,James Russell,Bruce Westerman,DEM,REP,REP,REP,-39.97,0.0,100.0,Safe R,-36.85,5.22,-39.97,-2.88,-4.96,-0.49,-40.73,0.77,False,False,,,0.0,0.0,,,0.0,projected,projected,,,0,,0.0,5853,2562973,0,907,4668447,0,0,0,5628,928087,0,1762,38088,0,1500,1053550,0,0,0,0,1052,0,0,30.02,69.98,0.0,58999,137559,0,0,196558
AZ-01,house,AZ,01,Amish Shah,Jay Feely,DEM,REP,,REP,4.93,68.4,31.6,Lean D,1.1,5.22,5.53,-0.5,0.0,-0.3,-3.14,8.07,False,False,LIB,,0.0,0.0,,,0.0,presumptive,projected,42.71,42.94,2,-0.94,0.15,1830193,2525520,0,401745,794475,0,155688,3543753,1520251,1731045,0,205293,28573,0,146250,328330,0,430655,330000,0,210070,330000,0,51.48,46.64,1.88,162425,147157,5932,0,315514
AZ-02,house,AZ,02,Jonathan Nez,Eli Crane,DEM,REP,REP,REP,0.49,51.9,48.1,Toss-up,-10.03,5.22,1.63,-0.7,7.81,-0.67,-15.12,15.61,False,False,,,0.0,0.0,,,0.0,presumptive,presumptive,41.0,44.0,1,-6.0,0.15,3519760,9481428,0,1910990,2841745,0,510040,40754,1674073,6957053,0,1473633,3385826,0,213271,86500,0,0,0,0,0,0,0,50.24,49.76,0.0,146477,145057,0,0,291534
AZ-03,house,AZ,03,Yassamin Ansari,Kirt Burgess,DEM,REP,DEM,DEM,60.59,100.0,0.0,Safe D,46.81,5.22,60.59,0.0,6.47,2.1,40.31,20.28,False,False,,,0.0,0.0,,,0.0,projected,projected,,,0,,0.0,1435713,0,0,549683,0,0,0,0,896441,0,0,145331,0,0,226033,0,0,65705,0,0,70000,0,0,80.3,19.7,0.0,119846,29409,0,0,149255
AZ-04,house,AZ,04,Greg Stanton,Zuhdi Jasser,DEM,REP,DEM,DEM,20.09,97.4,2.6,Safe D,10.65,5.22,20.09,0.99,3.02,0.21,6.76,13.33,False,False,,,0.0,0.0,,,0.0,projected,projected,,,0,,0.0,2117114,564641,0,2020289,341651,0,422716,0,1112556,222990,0,90792,24225,0,638763,5000,0,0,10000,0,0,0,0,60.05,39.95,0.0,146062,97192,0,0,243254
AZ-05,house,AZ,05,Christopher James,Daniel Keenan,DEM,REP,,REP,-12.98,10.4,89.6,Likely R,-16.25,5.22,-12.98,-1.75,0.0,-0.2,-20.19,7.21,False,False,,,0.0,0.0,,,0.0,projected,projected,,,0,,0.0,134852,1851302,0,6933,46776,0,0,0,127919,1804527,0,25837,8102,0,19415,9000,0,23388,1650620,0,12522,1650620,0,43.51,56.49,0.0,135540,175977,0,0,311518
AZ-06,house,AZ,06,JoAnna Mendoza,Juan Ciscomani,DEM,REP,REP,REP,5.63,70.8,29.2,Lean D,2.56,5.22,6.11,0.13,-1.91,0.11,-0.76,6.39,False,False,LIB,,0.0,0.0,,,0.0,presumptive,presumptive,46.96,44.87,3,-0.29,0.15,7354599,6172867,0,3260752,4135163,0,17093,0,4093848,2274265,0,2800233,500509,0,579418,1655410,0,0,0,0,3300,0,0,51.7,46.18,2.12,159288,142302,6532,0,308122
AZ-07,house,AZ,07,Adelita Grijalva,Daniel Butierez,DEM,REP,DEM,DEM,39.51,100.0,0.0,Safe D,28.85,5.22,39.51,1.53,2.05,1.86,22.39,17.12,False,False,,,0.0,0.0,,,0.0,projected,projected,,,0,,0.0,2285639,224367,0,427977,11399,0,817317,195587,1857663,213560,0,1015921,16901,0,435939,2000,0,0,175207,0,0,144120,0,69.76,30.24,0.0,137545,59635,0,0,197180
AZ-08,house,AZ,08,Bernadette Greene Placentia,Abraham Hamadeh,DEM,REP,REP,REP,-9.71,17.3,82.7,Likely R,-12.75,5.22,-9.71,-1.18,-0.95,-0.05,-16.48,6.77,False,False,,,0.0,0.0,,,0.0,projected,projected,,,0,,0.0,209358,1206361,0,190394,384185,0,0,0,17589,858585,0,165308,213882,0,100,269960,0,0,0,0,0,103414,0,45.15,54.85,0.0,123892,150524,0,0,274416
AZ-09,house,AZ,09,Danielle Sterbinsky,Paul Gosar,DEM,REP,REP,REP,-22.84,1.3,98.7,Safe R,-26.87,5.22,-22.84,-0.33,-1.21,0.35,-31.34,8.51,False,False,,,0.0,0.0,,,0.0,projected,projected,,,0,,0.0,354383,580042,0,25745,303214,0,0,0,332316,368426,0,306781,127935,0,0,85000,0,250,0,0,0,6958,0,38.58,61.42,0.0,108695,173035,0,0,281730
CA-01,house,CA,01,Mike McGuire,James Gallagher,DEM,REP,REP,DEM,19.73,97.2,2.8,Safe D,15.86,5.22,19.73,0.21,-1.67,0.11,12.63,7.11,False,False,,,0.0,0.0,,,0.0,projected,projected,,,0,,0.0,1827711,1488906,0,152606,332899,0,474065,0,1675105,1156006,0,483160,74465,0,300070,282863,0,0,0,0,0,33633,0,59.87,40.13,0.0,143171,95979,0,0,239151
CA-02,house,CA,02,Jared Huffman,Robin Littau,DEM,REP,DEM,DEM,33.81,99.9,0.1,Safe D,28.24,5.22,33.81,0.0,0.77,-0.42,25.45,8.36,False,False,,,0.0,0.0,,,0.0,projected,projected,,,0,,0.0,978277,0,0,1075956,0,0,0,0,886964,0,0,55524,0,0,316245,0,0,0,0,0,2375,0,0,66.9,33.1,0.0,182328,90193,0,0,272520
CA-03,house,CA,03,Amerish Bera,Robb Tucker,DEM,REP,DEM,DEM,21.62,98.2,1.8,Safe D,13.22,5.22,21.62,1.08,2.23,-0.13,10.55,11.07,False,False,,,0.0,0.0,,,0.0,projected,projected,,,0,,0.0,1250126,258139,0,1830338,16000,0,0,0,1293160,242139,0,51066,6749,0,649068,0,0,0,205000,0,105000,205000,0,60.81,39.19,0.0,156063,100581,0,0,256644
CA-04,house,CA,04,Mike Thompson,(no Republican — top-two),DEM,REP,DEM,DEM,40.0,100.0,0.0,Safe D,18.69,5.22,27.04,0.0,2.74,0.39,14.96,25.04,False,False,,,0.0,0.0,DEM,Eric Jones,80.0,confirmed,,,,0,,0.0,4203207,0,0,1075631,0,0,1150453,1714969,4337065,0,0,197766,0,0,1850146,0,0,0,0,0,37712,0,0,100.0,0.0,0.0,240754,0,0,0,240754
CA-05,house,CA,05,Michael Masuda,Tom McClintock,DEM,REP,REP,REP,-17.74,4.2,95.8,Safe R,-17.83,5.22,-17.74,-0.65,-4.77,0.28,-21.2,3.46,False,False,,,0.0,0.0,,,0.0,projected,projected,,,0,,0.0,361735,928788,0,89452,201472,0,0,0,272284,875521,0,141932,112113,0,18750,156551,0,0,0,0,27146,5106,0,41.13,58.87,0.0,104353,149369,0,0,253723
CA-06,house,CA,06,Richard Pan,Kevin Kiley,DEM,IND,IND,IND,12.89,89.5,10.5,Likely D,11.66,5.22,12.89,-0.35,-3.7,0.06,8.67,4.22,False,False,,,0.0,0.0,,,0.0,projected,confirmed,,,0,,0.0,1098283,2988805,0,359132,2123953,0,2301713,75888,739151,1245831,0,241251,433049,0,308198,361391,0,0,15,0,117141,6225,0,56.44,43.56,0.0,132890,102551,0,0,235441
CA-07,house,CA,07,Doris Matsui,(no Republican — top-two),DEM,REP,DEM,DEM,40.0,100.0,0.0,Safe D,17.04,5.22,25.91,0.0,3.51,0.13,13.26,26.74,False,False,,,0.0,0.0,DEM,Mai Vang,80.0,confirmed,,,,0,,0.0,3192087,0,0,467456,0,0,0,140000,3031300,0,0,27576,0,0,936964,0,0,1415100,0,0,1400563,0,0,100.0,0.0,0.0,242835,0,0,0,242835
CA-08,house,CA,08,John Garamendi,Rudy Recile,DEM,REP,DEM,DEM,49.46,100.0,0.0,Safe D,39.59,5.22,49.46,1.66,2.41,0.58,35.19,14.28,False,False,,,0.0,0.0,,,0.0,projected,projected,,,0,,0.0,489135,8576,0,1196018,1541,0,0,0,557834,8073,0,7559,1628,0,334500,0,0,0,25,0,0,31273,0,74.73,25.27,0.0,163397,55246,0,0,218644
CA-09,house,CA,09,Josh Harder,John McBride,DEM,REP,DEM,DEM,31.2,99.9,0.1,Safe D,17.72,5.22,31.2,2.78,4.61,0.87,11.8,19.4,False,False,,,0.0,0.0,,,0.0,projected,projected,,,0,,0.0,4083528,52178,0,4739488,18738,0,0,0,1032871,33569,0,377932,3149,0,508815,19882,0,0,0,0,0,23491,0,65.6,34.4,0.0,123288,64652,0,0,187940
CA-10,house,CA,10,Mark DeSaulnier,Jeff Frese,DEM,REP,DEM,DEM,43.37,100.0,0.0,Safe D,37.89,5.22,43.37,0.0,0.33,-0.07,34.75,8.62,False,False,,,0.0,0.0,,,0.0,projected,projected,,,0,,0.0,567258,0,0,586497,0,0,0,0,609748,0,0,40092,0,0,304983,0,0,0,0,0,0,0,0,71.68,28.32,0.0,189591,74890,0,0,264480
CA-11,house,CA,11,Scott Wiener,(no Republican — top-two),DEM,REP,,DEM,40.0,100.0,0.0,Safe D,74.45,5.22,79.36,0.0,0.0,-0.31,70.62,-30.62,False,False,,,0.0,0.0,DEM,Connie Chan,58.0,confirmed,,,,0,,0.0,4561120,0,0,1237192,0,0,1657500,41145,3323928,0,0,159240,0,0,91176,0,0,0,0,0,66638,0,0,100.0,0.0,0.0,252827,0,0,0,252827
CA-12,house,CA,12,Lateefah Simon,(no Republican — top-two),DEM,REP,DEM,DEM,40.0,100.0,0.0,Safe D,81.19,5.22,88.34,0.0,1.67,0.26,77.64,-37.64,False,False,,,0.0,0.0,DEM,Jamie Joyce,80.0,confirmed,,,,0,,0.0,1449191,0,0,777590,0,0,111599,0,957256,0,0,85221,0,0,261421,0,0,0,0,0,0,0,0,100.0,0.0,0.0,222860,0,0,0,222860
CA-13,house,CA,13,Adam Gray,Kevin Lincoln,DEM,REP,DEM,DEM,22.09,98.4,1.6,Safe D,7.29,5.22,22.09,0.46,7.04,2.08,0.51,21.58,False,False,,,0.0,0.0,,,0.0,confirmed,confirmed,,,0,,0.0,4191397,2237084,0,2072111,837885,0,991,54907,2311244,1423323,0,482042,445085,0,1269883,251621,0,0,0,0,0,126125,0,61.04,38.96,0.0,88862,56707,0,0,145569
CA-14,house,CA,14,Aisha Wahab,(no Republican — top-two),DEM,REP,,DEM,40.0,100.0,0.0,Safe D,41.12,5.22,46.46,0.0,0.0,0.12,36.2,3.8,False,False,,,0.0,0.0,DEM,Melissa Hernandez,58.0,confirmed,,,,0,,0.0,575282,0,0,227893,0,0,0,0,347389,0,0,23424,0,0,142483,0,0,38500,0,0,41030,0,0,100.0,0.0,0.0,199910,0,0,0,199910
CA-15,house,CA,15,Kevin Mullin,Charles Hoelter,DEM,REP,DEM,DEM,58.7,100.0,0.0,Safe D,54.21,5.22,58.7,0.0,-0.99,0.26,49.64,9.06,False,False,,,0.0,0.0,,,0.0,projected,projected,,,0,,0.0,822012,0,0,220935,0,0,0,0,651698,0,0,15060,0,0,472712,0,0,0,0,0,5325,0,0,79.35,20.65,0.0,169721,44168,0,0,213889
CA-16,house,CA,16,Sam Liccardo,Peter Sundin Soulé,DEM,REP,DEM,DEM,60.11,100.0,0.0,Safe D,53.33,5.22,60.11,0.0,1.67,-0.1,49.91,10.21,False,False,,,0.0,0.0,,,0.0,projected,projected,,,0,,0.0,3489798,0,0,2153446,0,0,0,0,1426744,0,0,15733,0,0,662750,0,0,0,0,0,840,0,0,80.06,19.94,0.0,190596,47478,0,0,238075
CA-17,house,CA,17,Rohit Khanna,Ritesh Tandon,DEM,REP,DEM,DEM,49.47,100.0,0.0,Safe D,45.56,5.22,49.47,3.69,-4.76,-0.25,40.75,8.72,False,False,,,0.0,0.0,,,0.0,projected,projected,,,0,,0.0,13761491,37653,0,16929752,891,0,0,37500,7540830,36763,0,1650809,2226,0,1000,0,0,0,25,0,89348,0,0,74.73,25.27,0.0,138233,46733,0,0,184966
CA-18,house,CA,18,Zoe Lofgren,Shane Lewis,DEM,REP,DEM,DEM,44.41,100.0,0.0,Safe D,35.49,5.22,44.41,2.1,-0.49,2.08,29.37,15.04,False,False,,,0.0,0.0,,,0.0,projected,projected,,,0,,0.0,1721916,60180,0,643341,3307,0,109274,0,1318327,56873,0,436598,2664,0,438813,0,0,0,41958,0,0,40225,0,72.2,27.8,0.0,120010,46203,0,0,166214
CA-19,house,CA,19,Jimmy Panetta,Peter Verbica,DEM,REP,DEM,DEM,49.76,100.0,0.0,Safe D,39.06,5.22,50.68,2.46,3.85,0.1,35.64,14.12,False,False,GRN,,0.0,0.0,,,0.0,projected,projected,,,0,,0.0,2887610,76324,0,5109558,24682,0,1198560,0,1492690,51642,0,88768,4624,0,1559107,3500,0,0,505,0,0,0,0,72.14,24.2,3.66,190079,63762,9644,0,263484
CA-20,house,CA,20,Sandra Van Scotter,Vince Fong,DEM,REP,REP,REP,-28.13,0.3,99.7,Safe R,-29.91,5.22,-28.13,-2.51,-1.67,0.73,-32.98,4.85,False,False,,,0.0,0.0,,,0.0,confirmed,confirmed,,,0,,0.0,17086,1849356,0,-2017,453750,0,0,0,16701,1434838,0,5369,17074,0,0,894497,0,9907,0,0,0,0,0,35.93,64.07,0.0,79341,141462,0,0,220803
CA-21,house,CA,21,Jim Costa,Kyle Kirkland,DEM,REP,DEM,DEM,21.37,98.1,1.9,Safe D,12.2,5.22,21.37,0.95,0.92,2.08,6.17,15.2,False,False,,,0.0,0.0,,,0.0,projected,projected,,,0,,0.0,1337630,338971,0,937778,17934,0,0,0,608734,321037,0,11086,38714,0,796717,0,0,0,127459,0,0,33141,0,60.69,39.31,0.0,85726,55537,0,0,141263
CA-22,house,CA,22,Randy Villegas,David Valadao,DEM,REP,REP,REP,6.65,74.1,25.9,Lean D,5.36,5.22,7.65,-0.32,-5.26,2.65,-1.86,8.51,False,False,,,0.0,0.0,,,0.0,confirmed,confirmed,48.0,44.0,1,1.0,0.15,2645560,4927602,0,571792,3365587,0,3227686,2352829,2073768,1607550,0,778710,97100,0,190098,1921533,0,0,0,0,0,0,0,53.33,46.67,0.0,63892,55920,0,0,119812
CA-23,house,CA,23,Tessa Lynn Hodge,Jay Obernolte,DEM,REP,REP,REP,-15.91,6.1,93.9,Likely R,-16.33,5.22,-15.91,-1.89,-3.99,1.07,-19.9,3.99,False,False,,,0.0,0.0,,,0.0,projected,projected,,,0,,0.0,79499,1455868,0,10237,1644222,0,18690,519365,69262,809486,0,28040,1363,0,0,863371,0,9080,0,0,3770,1125000,0,42.05,57.95,0.0,81398,112196,0,0,193594
CA-24,house,CA,24,Salud Carbajal,Robert Smith,DEM,REP,DEM,DEM,37.12,100.0,0.0,Safe D,28.61,5.22,37.12,1.43,1.13,0.73,25.76,11.36,False,False,,,0.0,0.0,,,0.0,projected,projected,,,0,,0.0,1650355,203264,0,3383604,47128,0,0,0,910621,156136,0,28020,31687,0,571016,1286,0,0,22492,0,5416,29373,0,68.56,31.44,0.0,168628,77328,0,0,245955
CA-25,house,CA,25,Raul Ruiz,Joe Males,DEM,REP,DEM,DEM,20.22,97.5,2.5,Safe D,10.83,5.22,20.22,0.58,1.67,1.92,5.97,14.25,False,False,,,0.0,0.0,,,0.0,projected,projected,,,0,,0.0,2093907,936496,0,2556494,14847,0,0,0,1240152,921649,0,88212,686618,0,969251,450,0,0,0,0,0,24964,0,60.11,39.89,0.0,113643,75414,0,0,189057
CA-26,house,CA,26,Jacqui Irwin,Samuel Gallucci,DEM,REP,,DEM,26.29,99.5,0.5,Safe D,19.48,5.22,26.29,0.63,0.0,0.95,15.73,10.55,False,False,,,0.0,0.0,,,0.0,projected,projected,,,0,,0.0,822382,377078,0,295478,33681,0,366028,0,526904,343397,0,17494,9352,0,164050,0,0,0,232520,0,0,125000,0,63.14,36.86,0.0,151771,88591,0,0,240362
CA-27,house,CA,27,George Whitesides,Jason Gibbs,DEM,REP,DEM,DEM,27.29,99.6,0.4,Safe D,14.61,5.22,27.29,1.74,4.43,1.29,10.06,17.24,False,False,,,0.0,0.0,,,0.0,projected,projected,,,0,,0.0,3963530,379440,0,2554917,201877,0,1074903,0,1735347,177563,0,359853,5780,0,635983,10000,0,0,0,0,1310000,0,0,63.65,36.35,0.0,131909,75341,0,0,207250
CA-28,house,CA,28,Judy Chu,April Verlato,DEM,REP,DEM,DEM,40.25,100.0,0.0,Safe D,30.2,5.22,40.25,2.23,2.3,0.3,26.17,14.08,False,False,,,0.0,0.0,,,0.0,projected,projected,,,0,,0.0,930123,250,0,3674296,205,0,0,0,857832,7882,0,37156,250,0,379775,0,0,0,0,0,0,0,0,70.12,29.88,0.0,160401,68342,0,0,228743
CA-29,house,CA,29,Luz Rivas,(no Republican — top-two),DEM,REP,DEM,DEM,40.0,100.0,0.0,Safe D,41.76,5.22,53.81,0.0,4.75,2.09,34.71,5.29,False,False,,,0.0,0.0,DEM,Angélica Dueñas,80.0,confirmed,,,,0,,0.0,670678,0,0,377476,0,0,0,0,557465,0,0,13006,0,0,356790,0,0,0,0,0,0,0,0,100.0,0.0,0.0,167318,0,0,0,167318
CA-30,house,CA,30,Laura Friedman,Scott Alan Meyers,DEM,REP,DEM,DEM,52.15,100.0,0.0,Safe D,45.21,5.22,52.15,1.57,0.0,0.15,41.41,10.74,False,False,,,0.0,0.0,,,0.0,projected,projected,,,0,,0.0,827895,58294,0,469254,2616,0,0,0,655389,55678,0,55622,1544,0,286550,0,0,0,40000,0,0,40000,0,76.07,23.93,0.0,181856,57195,0,0,239051
CA-31,house,CA,31,Gilbert Cisneros,Eric Ching,DEM,REP,DEM,DEM,16.52,94.6,5.4,Likely D,18.29,5.22,16.52,1.31,-10.02,1.72,12.61,3.92,False,False,,,0.0,0.0,,,0.0,projected,projected,,,0,,0.0,705263,81571,0,259803,64913,0,0,0,485536,56899,0,24198,5020,0,453650,0,0,6616,0,0,5452550,0,0,58.26,41.74,0.0,119058,85290,0,0,204348
CA-32,house,CA,32,Brad Sherman,Larry Thompson,DEM,REP,DEM,DEM,40.0,100.0,0.0,Safe D,30.32,5.22,40.0,2.65,1.61,0.2,25.76,14.24,False,False,,,0.0,0.0,,,0.0,projected,projected,,,0,,0.0,2514330,34316,0,2668480,2174,0,974078,0,3767794,32142,0,11439,814,0,703424,0,0,0,27452,0,265,19291,0,70.0,30.0,0.0,176240,75530,0,0,251770
CA-33,house,CA,33,Pete Aguilar,Stephanie Vargas,DEM,REP,DEM,DEM,28.84,99.7,0.3,Safe D,16.67,5.22,28.84,0.0,4.9,2.05,10.12,18.71,False,False,,,0.0,0.0,,,0.0,projected,projected,,,0,,0.0,4722835,0,0,3457642,0,0,0,0,3914264,0,0,259702,0,0,2091001,0,0,0,0,0,0,0,0,64.42,35.58,0.0,112004,61864,0,0,173868
CA-34,house,CA,34,Jimmy Gomez,(no Republican — top-two),DEM,REP,DEM,DEM,40.0,100.0,0.0,Safe D,59.23,5.22,68.25,0.0,1.67,2.14,53.04,-13.04,False,False,,,0.0,0.0,DEM,Angela Gonzales-Torres,80.0,confirmed,,,,0,,0.0,1175128,0,0,781726,0,0,0,0,482161,0,0,12050,0,0,521144,0,0,0,0,0,76784,0,0,100.0,0.0,0.0,150165,0,0,0,150165
CA-35,house,CA,35,Norma Torres,Mike Cargile,DEM,REP,DEM,DEM,26.75,99.5,0.5,Safe D,14.5,5.22,26.75,2.03,3.11,1.89,8.0,18.75,False,False,,,0.0,0.0,,,0.0,projected,projected,,,0,,0.0,769061,4759,0,339247,2873,0,0,0,733128,2357,0,43080,1559,0,498820,0,0,0,0,0,889,12960,0,63.37,36.63,0.0,115514,66761,0,0,182276
CA-36,house,CA,36,Ted Lieu,Houston Brignano,DEM,REP,DEM,DEM,51.53,100.0,0.0,Safe D,43.82,5.22,51.53,2.66,0.02,-0.19,40.42,11.1,False,False,,,0.0,0.0,,,0.0,projected,projected,,,0,,0.0,1832769,5139,0,1188399,801,0,106348,0,1319377,4338,0,35142,678,0,570479,0,0,0,0,0,27711,773,0,75.76,24.24,0.0,204507,65418,0,0,269925
CA-37,house,CA,37,Sydney Kamlager-Dove,(no Republican — top-two),DEM,REP,DEM,DEM,40.0,100.0,0.0,Safe D,68.23,5.22,77.02,0.0,1.67,1.9,62.31,-22.31,False,False,,,0.0,0.0,DEM,Samantha Mota,80.0,confirmed,,,,0,,0.0,1150468,0,0,185491,0,0,0,0,1026975,0,0,387951,0,0,385235,0,0,0,0,0,0,0,0,100.0,0.0,0.0,164586,0,0,0,164586
CA-38,house,CA,38,Hilda Solis,Pedro Casas,DEM,REP,,DEM,26.46,99.5,0.5,Safe D,19.37,5.22,26.46,0.0,0.0,1.87,12.8,13.67,False,False,,,0.0,0.0,,,0.0,projected,projected,,,0,,0.0,1049534,0,0,154503,0,0,367531,0,895031,0,0,22180,0,0,124249,0,0,0,0,0,178,0,0,63.23,36.77,0.0,115832,67353,0,0,183185
CA-39,house,CA,39,Mark Takano,Steve Manos,DEM,REP,DEM,DEM,25.77,99.4,0.6,Safe D,16.39,5.22,25.77,0.0,2.05,2.11,9.85,15.92,False,False,,,0.0,0.0,,,0.0,projected,projected,,,0,,0.0,893848,0,0,186224,0,0,0,0,976794,0,0,107176,0,0,404800,0,0,0,0,0,0,0,0,62.89,37.11,0.0,103500,61085,0,0,164585
CA-40,house,CA,40,(no Democrat — top-two),Ken Calvert,DEM,REP,REP,REP,-40.0,0.0,100.0,Safe R,-9.83,5.22,-4.25,0.0,-0.16,0.52,-12.6,-27.4,False,False,,,0.0,0.0,REP,Young Kim,80.0,,confirmed,,,0,,0.0,0,6142469,0,0,1497001,0,577540,90780,0,4907604,0,0,265201,0,0,1379327,0,0,0,0,0,2370,0,0.0,100.0,0.0,0,266738,0,0,266738
CA-41,house,CA,41,Linda Sanchez,Mitch Clemmons,DEM,REP,DEM,DEM,31.6,99.9,0.1,Safe D,19.93,5.22,31.6,2.64,1.82,1.98,14.61,16.98,False,False,,,0.0,0.0,,,0.0,projected,projected,,,0,,0.0,1602790,1709,0,415746,1659,0,300000,0,1612831,50,0,26484,209,0,1243209,0,0,0,500,0,12116,0,0,65.8,34.2,0.0,143146,74407,0,0,217554
CA-42,house,CA,42,Robert Garcia,Brian Burley,DEM,REP,DEM,DEM,26.7,99.5,0.5,Safe D,17.17,5.22,26.7,1.69,2.11,0.51,13.57,13.13,False,False,,,0.0,0.0,,,0.0,projected,projected,,,0,,0.0,2615120,231371,0,1381467,5509,0,0,0,1646081,231639,0,1109602,22656,0,625683,0,0,0,186000,0,0,132309,0,63.35,36.65,0.0,155052,89708,0,0,244759
CA-43,house,CA,43,Maxine Waters,Cristian Morales,DEM,REP,DEM,DEM,63.91,100.0,0.0,Safe D,57.14,5.22,63.91,0.0,-0.56,2.11,50.59,13.32,False,False,,,0.0,0.0,,,0.0,projected,projected,,,0,,0.0,863683,0,0,269669,0,0,0,0,710470,0,0,20299,0,0,400500,0,0,0,0,0,211525,0,0,81.96,18.04,0.0,128159,28214,0,0,156374
CA-44,house,CA,44,Nanette Barragan,Genevieve Angel,DEM,REP,DEM,DEM,59.35,100.0,0.0,Safe D,43.91,5.22,59.35,1.93,5.72,2.57,36.32,23.02,False,False,,,0.0,0.0,,,0.0,projected,projected,,,0,,0.0,785765,13898,0,1088423,8746,0,0,0,1178896,5152,0,3847,1705,0,606750,0,0,0,3000,0,0,3000,0,79.67,20.33,0.0,122564,31268,0,0,153833
CA-45,house,CA,45,Derek Tran,Chuong Vo,DEM,REP,DEM,DEM,20.73,97.8,2.2,Safe D,8.61,5.22,20.73,1.39,4.91,0.6,4.07,16.66,False,False,,,0.0,0.0,,,0.0,projected,projected,,,0,,0.0,4981277,756510,0,3257398,0,0,294010,0,2051202,756510,0,796121,6920,0,1107439,0,0,0,720000,0,25000,0,0,60.36,39.64,0.0,126904,83325,0,0,210230
CA-46,house,CA,46,Lou Correa,David Pan,DEM,REP,DEM,DEM,39.85,100.0,0.0,Safe D,22.37,5.22,39.85,1.73,8.5,2.03,16.7,23.15,False,False,,,0.0,0.0,,,0.0,projected,projected,,,0,,0.0,1226104,80726,0,2479554,6238,0,107387,0,613912,77368,0,4351,3814,0,666283,250,0,0,9000,0,8132,33477,0,69.92,30.08,0.0,111369,47902,0,0,159271
CA-47,house,CA,47,Dave Min,Jenny Rae Le Roux,DEM,REP,DEM,DEM,23.66,98.9,1.1,Safe D,13.7,5.22,22.94,1.61,2.57,-0.17,10.47,13.19,False,False,LIB,,0.0,0.0,,,0.0,projected,projected,,,0,,0.0,3381161,375883,0,1889360,128533,0,697088,0,1664867,247351,0,346683,31946,0,599642,0,0,0,150500,0,0,157500,0,59.6,36.79,3.61,149251,92137,9040,0,250428
CA-48,house,CA,48,Marni von Wilpert,Jim Desmond,DEM,REP,,DEM,10.01,83.4,16.6,Likely D,5.99,5.22,12.2,0.13,0.0,0.86,3.52,6.48,False,False,,,0.0,0.0,,,0.0,confirmed,confirmed,48.0,46.0,1,-1.0,0.166,2174872,2258836,0,825012,1230031,0,2439978,705909,1349861,1028804,0,326383,250752,0,443335,145099,0,1975,0,0,67000,7170,0,55.0,45.0,0.0,126307,103331,0,0,229638
CA-49,house,CA,49,Mike Levin,Armen Kurdian,DEM,REP,DEM,DEM,22.39,98.5,1.5,Safe D,14.9,5.22,22.39,2.54,-0.29,0.01,12.48,9.91,False,False,,,0.0,0.0,,,0.0,projected,projected,,,0,,0.0,3164023,58784,0,1418237,17916,0,60445,0,2015523,40867,0,216738,7064,0,392785,1000,0,0,13613,0,0,28967,0,61.2,38.8,0.0,166349,105482,0,0,271831
CA-50,house,CA,50,Scott Peters,Steve Cohen,DEM,REP,DEM,DEM,26.67,99.5,0.5,Safe D,21.15,5.22,26.67,0.0,0.44,-0.14,18.83,7.84,False,False,,,0.0,0.0,,,0.0,projected,projected,,,0,,0.0,1810961,0,0,2598276,0,0,0,0,1363206,0,0,16263,0,0,1066750,0,0,1641,0,0,170760,0,0,63.33,36.67,0.0,164813,95413,0,0,260226
CA-51,house,CA,51,Sara Jacobs,Ricardo Cabrera,DEM,REP,DEM,DEM,27.9,99.7,0.3,Safe D,21.8,5.22,27.9,0.0,0.56,0.32,18.79,9.11,False,False,,,0.0,0.0,,,0.0,projected,projected,,,0,,0.0,1639893,0,0,269452,0,0,0,0,1447813,0,0,153441,0,0,207250,0,0,929347,0,0,350000,0,0,63.95,36.05,0.0,159197,89749,0,0,248947
CA-52,house,CA,52,Juan Vargas,Jeff Belle,DEM,REP,DEM,DEM,40.15,100.0,0.0,Safe D,24.88,5.22,40.15,1.58,6.46,2.01,18.06,22.09,False,False,,,0.0,0.0,,,0.0,projected,projected,,,0,,0.0,568520,25498,0,163676,1364,0,0,0,495684,24134,0,153,572,0,431200,0,0,0,0,0,0,7000,0,70.07,29.93,0.0,133755,57121,0,0,190877
CO-01,house,CO,01,Melat Kiros,Christy Peterson,DEM,REP,,DEM,69.51,100.0,0.0,Safe D,62.76,5.22,69.51,1.19,0.0,0.34,57.61,11.9,False,False,,,0.0,0.0,,,0.0,confirmed,confirmed,,,0,,0.0,1091198,2057,0,126406,1703,0,627215,675000,964792,354,0,460978,713,0,26890,150,0,4953,0,0,1100,0,0,84.75,15.25,0.0,217350,39098,0,0,256448
CO-02,house,CO,02,Joe Neguse,Kelley Dennison,DEM,REP,DEM,DEM,52.0,100.0,0.0,Safe D,44.5,5.22,52.0,0.0,2.69,-0.4,40.92,11.09,False,False,,,0.0,0.0,,,0.0,confirmed,confirmed,,,0,,0.0,2742281,0,0,3092918,0,0,0,0,1640260,0,0,222945,0,0,983752,0,0,0,0,0,0,0,0,76.0,24.0,0.0,229797,72559,0,0,302356
CO-03,house,CO,03,Dwayne Romero,Jeffrey Hurd,DEM,REP,REP,REP,-2.06,42.1,57.9,Toss-up,-5.96,5.22,-1.7,-1.17,0.11,0.11,-9.98,7.92,False,False,,,0.0,0.0,,,0.0,confirmed,confirmed,45.0,46.0,1,-4.0,0.195,716276,3552599,0,84208,1760849,0,0,115849,632067,1800885,0,30253,76384,0,12000,568651,0,350000,0,0,350000,0,0,48.97,51.03,0.0,139436,145301,0,0,284736
CO-04,house,CO,04,Eileen Laubacher,Lauren Boebert,DEM,REP,REP,REP,-5.48,29.7,70.3,Lean R,-15.46,5.22,-5.48,1.71,3.47,-0.42,-18.71,13.24,False,False,,,0.0,0.0,,,0.0,confirmed,confirmed,,,0,,0.0,10349940,1010297,0,3610909,247202,0,0,0,6739031,922240,0,7575504,393909,0,17510,130500,0,0,0,0,0,0,0,47.26,52.74,0.0,152702,170402,0,0,323105
CO-05,house,CO,05,Jessica Killin,Jeff Crank,DEM,REP,REP,REP,-6.86,25.3,74.7,Lean R,-6.51,5.22,-7.36,0.27,-6.17,-0.17,-9.34,2.48,False,False,,,0.0,0.0,,,0.0,confirmed,confirmed,43.99,45.0,2,-4.0,0.15,3143744,2177288,0,1592642,1465048,0,0,0,1551102,778793,0,176908,141653,0,269345,837000,0,632433,0,0,0,0,0,46.57,53.43,0.0,122402,140429,0,0,262831
CO-06,house,CO,06,Jason Crow,Khaleb Dammen,DEM,REP,DEM,DEM,32.85,99.9,0.1,Safe D,24.77,5.22,32.85,0.0,2.76,0.1,20.36,12.49,False,False,,,0.0,0.0,,,0.0,confirmed,confirmed,,,0,,0.0,3177447,0,0,2707899,0,0,0,0,2217842,0,0,1102428,0,0,208550,0,0,0,0,0,0,0,0,66.43,33.57,0.0,167566,84692,0,0,252258
CO-07,house,CO,07,Brittany Pettersen,Amanda Capobianco,DEM,REP,DEM,DEM,26.39,99.5,0.5,Safe D,18.5,5.22,26.39,0.0,3.03,-0.36,15.41,10.98,False,False,,,0.0,0.0,,,0.0,confirmed,presumptive,,,0,,0.0,1866765,0,0,1105388,0,0,0,0,1322310,0,0,186392,0,0,997205,0,0,0,0,0,0,0,0,63.2,36.8,0.0,197197,114840,0,0,312038
CO-08,house,CO,08,Manny Rutinel,Gabe Evans,DEM,REP,REP,REP,7.74,77.4,22.6,Likely D,3.41,5.22,7.74,0.02,-1.67,0.76,-1.88,9.62,False,False,,,0.0,0.0,,,0.0,confirmed,confirmed,,,0,,0.0,4336988,5393673,0,601232,3880463,0,4617913,975647,3735756,1588203,0,2065691,784602,0,92650,1427927,0,0,0,0,0,154186,0,53.87,46.13,0.0,129912,111238,0,0,241150
CT-01,house,CT,01,John Larson,Amy Chai,DEM,REP,DEM,DEM,37.28,100.0,0.0,Safe D,25.65,5.22,37.28,2.93,3.47,0.01,23.27,14.01,False,False,,,0.0,0.0,,,0.0,projected,projected,,,0,,0.0,2460386,840,0,1080106,-669,0,58000,0,1629010,1608,0,124766,104,0,1210768,0,0,0,736,0,11992,36,0,68.64,31.36,0.0,165271,75508,0,0,240779
CT-02,house,CT,02,Joe Courtney,Mike France,DEM,REP,DEM,DEM,27.75,99.6,0.4,Safe D,9.6,5.22,27.75,1.43,12.1,-0.59,7.86,19.9,False,False,,,0.0,0.0,,,0.0,projected,projected,,,0,,0.0,760424,70790,0,603234,0,0,0,0,508302,70790,0,93731,15671,0,433000,7000,0,0,2500,0,0,0,0,63.88,36.12,0.0,173754,98258,0,0,272012
CT-03,house,CT,03,Rosa Delauro,Christopher Lancia,DEM,REP,DEM,DEM,28.8,99.7,0.3,Safe D,16.72,5.22,28.8,2.19,4.74,-0.08,14.34,14.45,False,False,,,0.0,0.0,,,0.0,projected,projected,,,0,,0.0,1152007,14649,0,349418,4028,0,0,0,1028036,4446,0,60128,7163,0,520762,0,0,0,1000,0,0,0,0,64.4,35.6,0.0,154189,85241,0,0,239430
CT-04,house,CT,04,Jim Himes,Michael Goldstein,DEM,REP,DEM,DEM,35.29,100.0,0.0,Safe D,26.63,5.22,35.29,2.06,1.17,0.21,23.73,11.56,False,False,,,0.0,0.0,,,0.0,projected,projected,,,0,,0.0,1379560,42112,0,2517677,41743,0,0,0,968702,369,0,43822,2572,0,830500,0,0,0,25000,0,0,34860,0,67.65,32.35,0.0,160270,76653,0,0,236923
CT-05,house,CT,05,Jahana Hayes,Michele Botelho,DEM,REP,DEM,DEM,15.71,93.6,6.4,Likely D,7.88,5.22,15.71,1.9,0.67,0.04,5.68,10.03,False,False,,,0.0,0.0,,,0.0,projected,projected,,,0,,0.0,1290078,56497,0,1084158,0,0,0,0,728471,51015,0,151428,3405,0,578355,0,0,0,31892,0,0,0,0,57.85,42.15,0.0,140004,101992,0,0,241996
DE-01,house,DE,01,Sarah McBride,Donyale Hall,DEM,REP,DEM,DEM,30.78,99.9,0.1,Safe D,18.06,5.22,30.78,3.4,4.39,-0.28,14.84,15.94,False,False,,,0.0,0.0,,,0.0,projected,projected,,,0,,0.0,4659086,769,0,2657928,241,0,0,0,2208285,528,0,1215997,669,0,413400,0,0,0,0,0,0,0,0,65.39,34.61,0.0,233800,123743,0,0,357542
FL-01,house,FL,01,Marcel Davis,Jimmy Patronis,DEM,REP,REP,REP,-30.77,0.1,99.9,Safe R,-33.79,5.22,-30.77,0.0,-1.67,-0.54,-37.53,6.76,False,False,,,0.0,0.0,,,0.0,projected,projected,,,0,,0.0,0,3603374,0,0,788386,0,45893,2099774,0,2814987,0,0,592786,0,0,559300,0,0,12000,0,0,0,0,34.61,65.39,0.0,102397,193431,0,0,295828
FL-02,house,FL,02,Nicholas Zateslo,Keith Gross,DEM,REP,,REP,-12.1,12.0,88.0,Likely R,-13.49,5.22,-10.98,-2.31,0.0,-0.4,-18.33,6.23,False,False,,,0.0,0.0,,,0.0,presumptive,presumptive,,,0,,0.0,440861,10654949,0,55928,4014433,0,0,0,384752,6646293,0,58788,6379,0,0,7000,0,147118,10550070,0,44500,7979105,0,43.95,56.05,0.0,127102,162092,0,0,289194
FL-03,house,FL,03,Seth Harp,Kat Cammack,DEM,REP,REP,REP,-17.31,4.6,95.4,Safe R,-16.47,5.22,-17.31,-2.37,-3.43,-0.27,-21.26,3.95,False,False,,,0.0,0.0,,,0.0,projected,projected,,,0,,0.0,32195,1886103,0,2322,871927,0,0,0,29873,1569726,0,14750,368970,0,0,702500,0,1155,0,0,735,0,0,41.34,58.66,0.0,115981,164549,0,0,280531
FL-04,house,FL,04,Michael Kirwan,Aaron Bean,DEM,REP,REP,REP,-6.85,25.3,74.7,Lean R,-7.86,5.22,-6.85,-0.74,-3.29,-0.19,-11.96,5.12,False,False,,,0.0,0.0,,,0.0,presumptive,presumptive,,,0,,0.0,719152,2001447,0,291691,1538124,0,0,0,427461,938044,0,66090,6075,0,7000,1048650,0,210928,0,0,100000,6509,0,46.58,53.42,0.0,130005,149118,0,0,279123
FL-05,house,FL,05,Rachel Grage,John Rutherford,DEM,REP,REP,REP,-17.77,4.2,95.8,Safe R,-17.67,5.22,-17.77,-0.69,-4.34,-0.3,-21.69,3.92,False,False,,,0.0,0.0,,,0.0,projected,projected,,,0,,0.0,248286,696207,0,112827,475360,0,0,0,135459,398516,0,53806,759,0,0,441000,0,1191,0,0,0,0,0,41.11,58.89,0.0,126361,180991,0,0,307352
FL-06,house,FL,06,Democratic candidate (FL-06),Randy Fine,DEM,REP,REP,REP,-22.44,1.5,98.5,Safe R,-25.61,5.22,-22.44,0.0,-1.67,-0.38,-30.31,7.87,False,False,,,0.0,0.0,,,0.0,projected,confirmed,,,0,,0.0,0,4236072,0,0,1148821,0,59551,3651452,0,3087251,0,0,557337,0,0,463360,0,0,950000,0,0,950000,0,38.78,61.22,0.0,120147,189653,0,0,309800
FL-07,house,FL,07,Bale Dalton,Cory Mills,DEM,REP,REP,REP,-4.46,33.2,66.8,Lean R,-7.92,5.22,-5.07,0.25,-2.73,0.1,-12.62,8.15,False,False,,,0.0,0.0,,,0.0,projected,presumptive,,,0,,0.0,1201455,864851,0,763409,81082,0,99902,0,438047,824661,0,118981,480743,0,156600,46500,0,0,0,0,0,2032101,0,47.77,52.23,0.0,143320,156712,0,0,300032
FL-08,house,FL,08,Jennifer Jenkins,Mike Haridopolos,DEM,REP,REP,REP,-9.84,17.0,83.0,Likely R,-12.12,5.22,-9.37,-0.65,-1.67,-0.15,-16.4,6.56,False,False,,,0.0,0.0,,,0.0,presumptive,confirmed,35.0,44.0,1,-12.0,0.178,697539,1718546,0,132765,1182065,0,0,0,564774,794643,0,455482,37013,0,8000,663750,0,0,0,0,0,14236,0,45.08,54.92,0.0,136440,166207,0,0,302647
FL-09,house,FL,09,Darren Soto,Thomas Chalifoux,DEM,REP,DEM,DEM,3.05,61.7,38.3,Lean D,-11.69,5.22,3.05,-0.34,8.83,1.03,-17.93,20.98,False,False,,,0.0,0.0,,,0.0,presumptive,presumptive,,,0,,0.0,1973450,3127529,0,1268860,2716704,0,0,0,718709,1014033,0,10337,20680,0,1305544,0,0,0,3003928,0,0,4912816,0,51.52,48.48,0.0,135449,127431,0,0,262880
FL-10,house,FL,10,Maxwell Frost,Stuart Farber,DEM,REP,DEM,DEM,38.15,100.0,0.0,Safe D,29.85,5.22,38.15,0.0,2.11,0.97,24.29,13.86,False,False,,,0.0,0.0,,,0.0,projected,projected,,,0,,0.0,3373929,0,0,1332681,0,0,0,0,3132974,0,0,1804242,0,0,277500,0,0,8250,0,0,0,0,0,69.08,30.92,0.0,145022,64919,0,0,209940
FL-11,house,FL,11,Barbie Harden Hall,Carey Baker,DEM,REP,,REP,-7.66,22.8,77.2,Likely R,-11.4,5.22,-7.66,-0.81,-0.83,0.17,-15.84,8.18,False,False,,,0.0,0.0,,,0.0,projected,projected,41.8,42.1,1,-3.3,0.223,23989,167570,0,10581,105162,0,0,0,21490,62408,0,12460,4370,0,200,0,0,4760,12000,0,2705,12000,0,46.17,53.83,0.0,145658,169813,0,0,315471
FL-12,house,FL,12,Christopher Irizarry,Gus Bilirakis,DEM,REP,REP,REP,-10.75,14.8,85.2,Likely R,-9.91,5.22,-10.75,0.0,-6.47,0.41,-15.55,4.8,False,False,,,0.0,0.0,,,0.0,projected,projected,,,0,,0.0,0,1489323,0,0,586860,0,0,0,0,1023880,0,0,6712,0,0,781000,0,0,0,0,0,0,0,44.62,55.38,0.0,120085,149024,0,0,269109
FL-13,house,FL,13,Leela Gray,Anna Paulina Luna,DEM,REP,REP,REP,-5.31,30.3,69.7,Lean R,-9.06,5.22,-5.37,-0.74,-0.35,-0.43,-13.46,8.14,False,False,,,0.0,0.0,,,0.0,presumptive,presumptive,39.0,41.0,1,-5.0,0.15,1084672,2988238,0,765143,1455366,0,0,3279,319530,1664288,0,158603,977290,0,52000,93000,0,7000,0,0,7000,0,0,47.34,52.66,0.0,135643,150862,0,0,286505
FL-14,house,FL,14,Kathy Castor,John Peters,DEM,REP,DEM,DEM,7.18,75.7,24.3,Likely D,-5.77,5.22,7.18,1.67,5.55,0.51,-10.62,17.8,False,False,,,0.0,0.0,,,0.0,confirmed,presumptive,46.2,37.5,1,8.7,0.169,1954817,166022,0,1501762,101646,0,0,0,679785,64376,0,148680,506,0,798950,0,0,0,155649,0,0,147949,0,53.59,46.41,0.0,146099,126517,0,0,272616
FL-15,house,FL,15,Darren McAuley,Laurel Lee,DEM,REP,REP,REP,-13.11,10.1,89.9,Likely R,-14.59,5.22,-13.11,0.0,-3.69,-0.05,-20.09,6.98,False,False,,,0.0,0.0,,,0.0,projected,projected,,,0,,0.0,0,2289998,0,0,1943656,0,0,0,0,781113,0,0,3276,0,0,810500,0,0,0,0,0,0,0,43.45,56.55,0.0,121718,158446,0,0,280164
FL-16,house,FL,16,Kelly Kirschner,Sydney Gruters,DEM,REP,,REP,-4.76,32.2,67.8,Lean R,-8.64,5.22,-4.76,-1.15,0.0,-0.19,-13.81,9.05,False,False,,,0.0,0.0,,,0.0,projected,presumptive,,,0,,0.0,223280,971068,0,166281,838262,0,0,747553,56999,132806,0,23687,3437,0,0,96500,0,0,7000,0,0,0,0,47.62,52.38,0.0,144388,158826,0,0,303214
FL-17,house,FL,17,Matthew Montavon,Greg Steube,DEM,REP,REP,REP,-18.38,3.7,96.3,Safe R,-17.15,5.22,-18.38,-1.69,-4.39,-0.37,-22.24,3.86,False,False,,,0.0,0.0,,,0.0,projected,projected,,,0,,0.0,90660,1285468,0,29947,2166212,0,0,0,60673,710552,0,15621,121858,0,0,555000,0,38454,0,0,33000,0,0,40.81,59.19,0.0,129548,187907,0,0,317455
FL-18,house,FL,18,Tiffanie Luong,Scott Franklin,DEM,REP,REP,REP,-9.16,18.7,81.3,Likely R,-12.21,5.22,-9.16,0.0,-2.65,0.48,-17.1,7.94,False,False,,,0.0,0.0,,,0.0,projected,projected,,,0,,0.0,0,827754,0,0,945704,0,0,0,0,363945,0,0,2432,0,0,359500,0,0,0,0,0,298500,0,45.42,54.58,0.0,118302,142172,0,0,260473
FL-19,house,FL,19,Howard Sapp,Madison Cawthorn,DEM,REP,,REP,-21.77,1.7,98.3,Safe R,-25.39,5.22,-21.77,-1.64,0.0,0.04,-30.42,8.64,False,False,,,0.0,0.0,,,0.0,projected,presumptive,,,0,,0.0,52432,861654,0,-682,339119,0,0,0,53115,522535,0,6793,6888,0,0,0,0,15700,800000,0,0,811888,0,39.11,60.89,0.0,116143,180795,0,0,296938
FL-20,house,FL,20,Elijah Manley,Rodenay Joseph,DEM,REP,,DEM,51.25,100.0,0.0,Safe D,43.71,5.22,51.25,1.49,0.0,0.83,37.5,13.75,False,False,,,0.0,0.0,,,0.0,projected,projected,,,0,,0.0,955386,88417,0,35998,12127,0,0,0,919388,76289,0,736804,14875,0,0,0,0,0,0,0,33382,0,0,75.62,24.38,0.0,172255,55525,0,0,227780
FL-21,house,FL,21,Adam Aarons,Brian Mast,DEM,REP,REP,REP,-12.76,10.8,89.2,Likely R,-11.45,5.22,-12.76,0.0,-6.47,-0.06,-16.36,3.6,False,False,,,0.0,0.0,,,0.0,projected,projected,,,0,,0.0,0,4090032,0,0,2903162,0,0,44600,0,2958247,0,0,1085342,0,0,355200,0,0,0,0,0,0,0,43.62,56.38,0.0,137973,178337,0,0,316310
FL-22,house,FL,22,Pia Dandiya,Michael Carbonara,DEM,REP,,REP,0.51,52.0,48.0,Toss-up,-3.8,5.22,1.48,-0.76,0.0,0.83,-10.6,11.11,False,False,,,0.0,0.0,,,0.0,presumptive,projected,43.0,45.0,1,-5.0,0.15,2095603,5867349,0,1365384,1342487,0,0,65615,730219,4524861,0,255963,20105,0,34001,5000,0,247000,3772598,0,247000,4526098,0,50.26,49.74,0.0,136553,135166,0,0,271719
FL-23,house,FL,23,Lois Frankel,Raven Harrison,DEM,REP,DEM,DEM,29.91,99.8,0.2,Safe D,20.61,5.22,29.91,0.0,3.42,0.66,13.94,15.97,False,False,,,0.0,0.0,,,0.0,projected,projected,,,0,,0.0,2215066,0,0,1575364,0,0,0,0,927145,0,0,464083,0,0,510250,0,0,0,0,0,0,0,0,64.95,35.05,0.0,154571,83401,0,0,237972
FL-24,house,FL,24,Shevrin Jones,Patricia Gonzalez,DEM,REP,,DEM,55.95,100.0,0.0,Safe D,47.72,5.22,55.95,1.23,0.0,1.78,39.08,16.88,False,False,,,0.0,0.0,,,0.0,projected,projected,,,0,,0.0,148029,1333,0,57272,96,0,597878,77507,90757,1237,0,16153,126,0,12500,0,0,0,1200,0,0,1200,0,77.98,22.02,0.0,152038,42940,0,0,194978
FL-25,house,FL,25,Jared Moskowitz,Scott Singer,DEM,REP,DEM,DEM,6.89,74.8,25.2,Lean D,-2.0,5.22,6.66,0.19,2.65,0.59,-9.22,16.11,False,False,,,0.0,0.0,,,0.0,presumptive,projected,42.9,32.7,1,7.2,0.15,2657093,1994943,0,1888446,957798,0,0,158500,1117934,1037145,0,479181,162810,0,548392,31000,0,0,574010,0,25700,575687,0,53.44,46.56,0.0,141801,123525,0,0,265327
FL-26,house,FL,26,Yurina Gil,Mario Diaz-Balart,DEM,REP,REP,REP,-11.62,12.9,87.1,Likely R,-9.42,5.22,-11.62,-2.32,-8.17,3.07,-18.5,6.88,False,False,,,0.0,0.0,,,0.0,projected,projected,,,0,,0.0,38588,1902246,0,17079,2452430,0,0,0,22727,1269136,0,0,2622,0,1988,800650,0,10000,0,0,181,0,0,44.19,55.81,0.0,101160,127771,0,0,228932
FL-27,house,FL,27,Richard Lamondin,Maria Salazar,DEM,REP,REP,REP,-6.85,25.3,74.7,Lean R,-6.58,5.22,-6.12,-0.69,-7.1,3.03,-14.7,7.84,False,False,,,0.0,0.0,,,0.0,presumptive,presumptive,43.0,46.0,1,-3.0,0.15,743712,1951030,0,0,2266603,0,0,0,743712,1095254,0,53431,17360,0,6500,506679,0,145450,2493,0,0,14300,0,46.57,53.43,0.0,110332,126564,0,0,236896
FL-28,house,FL,28,Phil Ehr,Carlos Gimenez,DEM,REP,REP,REP,-14.16,8.5,91.5,Likely R,-16.06,5.22,-15.95,-0.2,-7.91,3.0,-25.63,11.47,False,False,,,0.0,0.0,,,0.0,projected,projected,41.0,45.0,1,-4.0,0.15,424189,567482,0,454610,699517,0,0,0,76322,443993,0,9365,1885,0,0,257250,0,343200,0,0,644084,0,0,42.92,57.08,0.0,101141,134499,0,0,235640
GA-01,house,GA,01,Amanda Hollowell,James Kingston,DEM,REP,,REP,-8.75,19.8,80.2,Likely R,-11.76,5.22,-8.75,-1.91,0.0,-0.3,-15.92,7.17,False,False,,,0.0,0.0,,,0.0,confirmed,confirmed,,,0,,0.0,162500,1944528,0,7389,294093,0,0,2151837,155572,1650436,0,44845,24117,0,1000,202450,0,32512,0,0,32512,0,0,45.63,54.37,0.0,116227,138505,0,0,254732
GA-02,house,GA,02,Sanford Bishop,Matt Day,DEM,REP,DEM,DEM,24.11,99.0,1.0,Safe D,12.1,5.22,24.11,1.36,5.49,-0.06,7.66,16.45,False,False,,,0.0,0.0,,,0.0,projected,projected,,,0,,0.0,1126530,142715,0,447808,1768,0,0,0,861583,140947,0,19920,0,0,738750,0,0,0,118659,0,0,50000,0,62.05,37.95,0.0,137546,84114,0,0,221660
GA-03,house,GA,03,Maura Keller,Brian Jack,DEM,REP,REP,REP,-29.3,0.2,99.8,Safe R,-26.66,5.22,-29.3,-1.75,-5.67,-0.45,-29.88,0.58,False,False,,,0.0,0.0,,,0.0,projected,projected,,,0,,0.0,150514,2009763,0,87576,1076948,0,0,0,65894,1172991,0,47952,213654,0,4000,836640,0,0,0,0,25520,8770,0,35.35,64.65,0.0,103543,189383,0,0,292926
GA-04,house,GA,04,Henry Johnson,Jim Duffie,DEM,REP,DEM,DEM,65.2,100.0,0.0,Safe D,58.1,5.22,65.2,0.0,1.33,0.56,53.04,12.16,False,False,,,0.0,0.0,,,0.0,projected,projected,,,0,,0.0,402315,0,0,117906,0,0,0,0,396085,0,0,19345,0,0,317529,0,0,0,0,0,5211,0,0,82.6,17.4,0.0,178800,37659,0,0,216459
GA-05,house,GA,05,Nikema Williams,Republican candidate (GA-05),DEM,REP,DEM,DEM,83.66,100.0,0.0,Safe D,76.5,5.22,83.66,0.0,1.79,0.14,72.33,11.33,False,False,,,0.0,0.0,,,0.0,projected,projected,,,0,,0.0,599715,0,0,76092,0,0,0,0,536865,0,0,26128,0,0,402755,0,0,0,0,0,0,0,0,91.83,8.17,0.0,226278,20136,0,0,246414
GA-06,house,GA,06,Lucia McBath,Kevin Martin,DEM,REP,DEM,DEM,62.96,100.0,0.0,Safe D,53.63,5.22,62.96,2.07,1.78,0.26,50.34,12.62,False,False,,,0.0,0.0,,,0.0,projected,projected,,,0,,0.0,896856,10320,0,676349,100,0,0,0,1173781,10220,0,53943,0,0,344217,0,0,0,10320,0,0,10320,0,81.48,18.52,0.0,214361,48730,0,0,263091
GA-07,house,GA,07,Haiden Moburg,Rich McCormick,DEM,REP,REP,REP,-20.07,2.6,97.4,Safe R,-18.64,5.22,-20.07,0.0,-6.18,-0.47,-22.27,2.2,False,False,,,0.0,0.0,,,0.0,projected,projected,,,0,,0.0,0,1642413,0,0,1007984,0,0,0,0,1332251,0,0,32851,0,0,435500,0,0,0,0,0,1000,0,39.96,60.04,0.0,120913,181644,0,0,302558
GA-08,house,GA,08,James Cooper,Austin Scott,DEM,REP,REP,REP,-29.93,0.2,99.8,Safe R,-26.48,5.22,-29.93,-2.36,-6.01,-0.3,-30.76,0.83,False,False,,,0.0,0.0,,,0.0,projected,projected,,,0,,0.0,123,1124952,0,1,1349452,0,1748,0,122,755665,0,92,1338,0,0,703250,0,31,0,0,1230,0,0,35.04,64.96,0.0,84785,157202,0,0,241986
GA-09,house,GA,09,Nicholas Alex,Andrew Clyde,DEM,REP,REP,REP,-30.22,0.2,99.8,Safe R,-30.8,5.22,-30.22,-0.9,-3.57,-0.17,-34.33,4.11,False,False,,,0.0,0.0,,,0.0,projected,projected,,,0,,0.0,155052,671072,0,14433,176253,0,44440,35522,140619,590804,0,32480,44424,0,350,118711,0,1140,0,0,0,1298864,0,34.89,65.11,0.0,98085,183053,0,0,281138
GA-10,house,GA,10,Pamela DeLancy,Houston Gaines,DEM,REP,,REP,-16.39,5.6,94.4,Likely R,-17.74,5.22,-16.39,-2.86,-0.63,-0.38,-20.93,4.55,False,False,,,0.0,0.0,,,0.0,confirmed,confirmed,,,0,,0.0,23080,2303880,0,8705,703420,0,0,2841837,11121,1600460,0,3980,35638,0,0,214510,0,7600,0,0,4100,0,0,41.81,58.19,0.0,121149,168645,0,0,289794
GA-11,house,GA,11,Chris Harden,John Cowan,DEM,REP,,REP,-17.49,4.5,95.5,Safe R,-20.17,5.22,-17.49,-2.21,0.0,-0.33,-23.52,6.03,False,False,,,0.0,0.0,,,0.0,confirmed,confirmed,,,0,,0.0,76330,2347796,0,3578,17630,0,40096,815942,63995,2330167,0,14275,6233,0,2000,120000,0,17,1750020,0,0,1774962,0,41.26,58.74,0.0,121499,173002,0,0,294500
GA-12,house,GA,12,Ceretta Smith,Rick Allen,DEM,REP,REP,REP,-11.82,12.5,87.5,Likely R,-9.63,5.22,-11.82,-1.96,-5.19,-0.27,-14.2,2.38,False,False,,,0.0,0.0,,,0.0,projected,projected,,,0,,0.0,26696,993220,0,3502,1320958,0,0,0,23291,847219,0,13242,30510,0,0,510750,0,1753,0,0,0,1639945,0,44.09,55.91,0.0,107658,136531,0,0,244189
GA-13,house,GA,13,Jasmine Clark,Jonathan Chavez,DEM,REP,,DEM,50.75,100.0,0.0,Safe D,45.26,5.22,50.75,0.0,-0.08,0.35,42.65,8.1,False,False,,,0.0,0.0,,,0.0,projected,projected,,,0,,0.0,1619079,0,0,229145,0,0,4218293,0,1389935,0,0,1022238,0,0,55173,0,0,0,0,0,0,0,0,75.37,24.63,0.0,192458,62882,0,0,255340
GA-14,house,GA,14,Shawn Harris,Clay Fuller,DEM,REP,REP,REP,-21.88,1.7,98.3,Safe R,-34.08,5.22,-21.88,0.62,6.73,-0.37,-37.03,15.15,False,False,,,0.0,0.0,,,0.0,projected,projected,,,0,,0.0,8098514,1846892,0,18230,70518,0,44069,5002827,8080284,1776374,0,6218091,173151,0,13688,305481,0,0,450000,0,0,411902,0,39.06,60.94,0.0,105566,164693,0,0,270259
HI-01,house,HI,01,Ed Case,Maxwell Frazier,DEM,REP,DEM,DEM,48.06,100.0,0.0,Safe D,29.05,5.22,48.06,0.0,14.37,-0.58,25.17,22.89,False,False,,,0.0,0.0,,,0.0,projected,projected,,,0,,0.0,1038814,0,0,773638,0,0,0,0,581834,0,0,16969,0,0,501597,0,0,0,0,0,0,0,0,74.03,25.97,0.0,128947,45239,0,0,174187
HI-02,house,HI,02,Jill Tokuda,Brenton Awa,DEM,REP,DEM,DEM,43.56,100.0,0.0,Safe D,26.77,5.22,43.56,1.2,10.72,-0.35,22.06,21.5,False,False,,,0.0,0.0,,,0.0,projected,projected,,,0,,0.0,801957,122390,0,604526,18721,0,0,0,680871,103668,0,78062,12587,0,179849,1000,0,0,0,0,0,0,0,71.78,28.22,0.0,134589,52915,0,0,187504
IA-01,house,IA,01,Christina Bohannan,Mariannette Miller-Meeks,DEM,REP,REP,REP,12.33,88.5,11.5,Likely D,-0.94,5.22,13.63,-0.01,10.1,-0.75,-8.59,20.93,False,False,,,0.0,0.0,,,0.0,confirmed,confirmed,40.0,35.0,2,5.0,0.15,7051745,7208271,0,5425318,4691481,0,431548,125167,1733644,2890534,0,1094239,936090,0,502648,2421207,0,7000,0,0,0,0,0,56.17,43.83,0.0,166975,130306,0,0,297282
IA-02,house,IA,02,Lindsay James,Joe Mitchell,DEM,REP,,REP,1.55,56.0,44.0,Toss-up,-2.48,5.22,1.83,-0.08,0.0,-0.83,-10.13,11.68,False,False,,,0.0,0.0,,,0.0,confirmed,confirmed,38.62,36.14,2,-0.52,0.15,1628201,1938593,0,755838,895564,0,308849,10803,872363,1043029,0,178865,284402,0,210505,412850,0,0,100000,0,0,50000,0,50.78,49.22,0.0,149737,145161,0,0,294897
IA-03,house,IA,03,Sarah Trone Garriott,Zach Nunn,DEM,REP,REP,REP,5.22,69.4,30.6,Lean D,2.61,5.22,6.23,0.06,-1.03,-0.64,-4.46,9.69,False,False,,,0.0,0.0,,,0.0,confirmed,confirmed,42.0,48.0,1,-3.0,0.15,5293773,4869249,0,3859683,3568369,0,12898,22998,1434089,1353713,0,894587,143418,0,450786,1726477,0,120,0,0,0,0,0,52.61,47.39,0.0,156159,140660,0,0,296818
IA-04,house,IA,04,Dave Dawson,Chris McGowan,DEM,REP,,REP,-20.94,2.1,97.9,Safe R,-24.46,5.22,-20.94,-1.08,0.0,-0.62,-31.9,10.96,False,False,,,0.0,0.0,,,0.0,projected,projected,,,0,,0.0,135722,679844,0,49762,328850,0,0,172669,85959,350993,0,43002,4236,0,10800,116500,0,0,0,0,0,0,0,39.53,60.47,0.0,108886,166571,0,0,275457
ID-01,house,ID,01,Kaylee Peterson,Russ Fulcher,DEM,REP,REP,REP,-36.52,0.0,100.0,Safe R,-44.33,5.22,-41.81,-0.84,-1.29,-0.56,-46.2,9.68,False,False,,,0.0,0.0,,,0.0,projected,projected,34.89,45.01,2,-10.16,0.221,181024,662615,0,14616,244700,0,0,0,171799,597924,0,68061,15894,0,12050,302350,0,0,0,0,0,0,0,31.74,68.26,0.0,107174,230503,0,0,337677
ID-02,house,ID,02,Elinor Gilbreath,Mike Simpson,DEM,REP,REP,REP,-28.44,0.3,99.7,Safe R,-26.52,5.22,-28.44,-1.51,-5.22,-0.42,-27.56,-0.88,False,False,,,0.0,0.0,,,0.0,projected,projected,,,0,,0.0,106892,1118093,0,71163,429359,0,0,0,35729,793940,0,20551,2343,0,0,611500,0,0,0,0,0,0,0,35.78,64.22,0.0,105858,190008,0,0,295866
IL-01,house,IL,01,Jonathan Jackson,Christian Maxwell,DEM,REP,DEM,DEM,46.64,100.0,0.0,Safe D,39.32,5.22,46.64,1.1,0.87,0.13,32.27,14.37,False,False,,,0.0,0.0,,,0.0,projected,projected,,,0,,0.0,418350,58502,0,47163,63873,0,0,0,424875,1066,0,10569,32010,0,142500,0,0,0,0,0,27000,0,0,73.32,26.68,0.0,169267,61600,0,0,230867
IL-02,house,IL,02,Donna Miller,Calvin Coleman,DEM,REP,,DEM,48.2,100.0,0.0,Safe D,39.46,5.22,48.2,3.15,0.0,0.36,33.6,14.59,False,False,,,0.0,0.0,,,0.0,projected,projected,,,0,,0.0,2452894,7994,0,40546,0,0,4379243,3843,2412349,7994,0,63263,460,0,125750,0,0,0,6034,0,13750,0,0,74.1,25.9,0.0,155338,54302,0,0,209640
IL-03,house,IL,03,Delia Ramirez,Angel Oakley,DEM,REP,DEM,DEM,50.55,100.0,0.0,Safe D,38.67,5.22,50.55,2.45,2.93,1.28,31.81,18.74,False,False,,,0.0,0.0,,,0.0,projected,projected,,,0,,0.0,1465280,8080,0,946222,3738,0,0,0,986630,4341,0,148641,1880,0,371847,0,0,0,0,0,0,600,0,75.27,24.73,0.0,141721,46554,0,0,188275
IL-04,house,IL,04,Patty Garcia,Lupe Castillo,DEM,REP,,DEM,45.2,100.0,0.0,Safe D,37.75,5.22,45.2,0.0,0.0,2.23,28.79,16.41,False,False,,,0.0,0.0,,,0.0,projected,projected,34.0,15.0,1,19.0,0.24,358667,0,0,185499,0,0,0,0,173168,0,0,25300,0,0,172800,0,0,0,0,0,0,0,0,72.6,27.4,0.0,108532,40960,0,0,149491
IL-05,house,IL,05,Mike Quigley,Tom Hanson,DEM,REP,DEM,DEM,48.83,100.0,0.0,Safe D,42.18,5.22,48.83,0.0,1.88,-0.45,37.55,11.29,False,False,,,0.0,0.0,,,0.0,projected,projected,,,0,,0.0,725695,0,0,1187818,0,0,0,0,719060,0,0,7552,0,0,480608,0,0,0,0,0,0,0,0,74.42,25.58,0.0,196529,67562,0,0,264090
IL-06,house,IL,06,Sean Casten,Niki Conforti,DEM,REP,DEM,DEM,20.23,97.5,2.5,Safe D,10.71,5.22,20.23,1.34,3.32,-0.35,5.67,14.57,False,False,,,0.0,0.0,,,0.0,projected,projected,,,0,,0.0,2108920,313038,0,1285018,22661,0,12087,0,1518045,295578,0,188937,194487,0,724183,4950,0,0,0,0,455694,0,0,60.12,39.88,0.0,157931,104775,0,0,262706
IL-07,house,IL,07,La Shawn Ford,Chad Koppie,DEM,REP,,DEM,75.78,100.0,0.0,Safe D,72.36,5.22,75.78,-0.15,-1.95,0.3,66.13,9.66,False,False,,,0.0,0.0,,,0.0,confirmed,confirmed,,,0,,0.0,722009,55451,0,112588,42,0,0,2527703,609421,55408,0,37545,0,0,57250,0,0,175000,53154,0,175000,0,0,87.89,12.11,0.0,172026,23701,0,0,195727
IL-08,house,IL,08,Melissa Bean,Jennifer Davis,DEM,REP,,DEM,19.22,96.9,3.1,Safe D,13.11,5.22,19.22,0.8,0.0,0.08,7.01,12.2,False,False,,,0.0,0.0,,,0.0,projected,projected,,,0,,0.0,2071076,1476009,0,144530,730401,0,7177655,59974,1926546,745608,0,26412,30552,0,275750,14000,0,323000,1000000,0,396373,1000000,0,59.61,40.39,0.0,129797,87952,0,0,217748
IL-09,house,IL,09,Daniel Biss,John Elleson,DEM,REP,,DEM,47.27,100.0,0.0,Safe D,42.37,5.22,47.27,0.0,0.0,-0.32,37.04,10.24,False,False,,,0.0,0.0,,,0.0,projected,projected,,,0,,0.0,2946675,0,0,262130,0,0,1219420,1426379,2684545,0,0,147064,0,0,205684,0,0,3205,0,0,0,0,0,73.64,26.36,0.0,181211,64880,0,0,246091
IL-10,house,IL,10,Bradley Schneider,Republican candidate (IL-10),DEM,REP,DEM,DEM,33.44,99.9,0.1,Safe D,27.06,5.22,33.44,0.0,1.01,0.15,22.34,11.1,False,False,,,0.0,0.0,,,0.0,projected,projected,,,0,,0.0,3006862,0,0,1699007,0,0,11342,0,2279282,0,0,96126,0,0,1266239,0,0,0,0,0,0,0,0,66.72,33.28,0.0,155786,77707,0,0,233493
IL-11,house,IL,11,Bill Foster,Jeffrey Walter,DEM,REP,DEM,DEM,24.93,99.2,0.8,Safe D,16.15,5.22,24.93,1.37,2.3,-0.1,11.6,13.33,False,False,,,0.0,0.0,,,0.0,projected,projected,,,0,,0.0,2180937,311439,0,2505288,22765,0,0,0,1226214,288674,0,131182,56740,0,833000,2354,0,0,167592,0,1017995,165085,0,62.47,37.53,0.0,159991,96136,0,0,256126
IL-12,house,IL,12,Julie Fortier,Mike Bost,DEM,REP,REP,REP,-41.67,0.0,100.0,Safe R,-40.24,5.22,-41.67,-1.73,-4.05,-0.87,-44.13,2.45,False,False,,,0.0,0.0,,,0.0,projected,projected,,,0,,0.0,88060,1327225,0,59815,789999,0,0,0,28244,889522,0,43410,39507,0,8293,811237,0,0,0,0,0,0,0,29.16,70.84,0.0,76386,185537,0,0,261922
IL-13,house,IL,13,Nikki Budzinski,Jeff Wilson,DEM,REP,DEM,DEM,27.1,99.6,0.4,Safe D,14.5,5.22,27.1,1.67,6.25,-0.55,10.63,16.47,False,False,,,0.0,0.0,,,0.0,projected,projected,,,0,,0.0,2885018,267865,0,2625565,-10525,0,83860,0,2044185,278390,0,107319,9480,0,1174794,3150,0,0,178600,0,0,136600,0,63.55,36.45,0.0,149591,85805,0,0,235397
IL-14,house,IL,14,Lauren Underwood,James Marter,DEM,REP,DEM,DEM,23.58,98.9,1.1,Safe D,10.54,5.22,23.58,1.92,5.77,0.14,5.26,18.32,False,False,,,0.0,0.0,,,0.0,projected,projected,,,0,,0.0,2417082,140848,0,1106564,31898,0,0,0,2365620,112994,0,289569,25185,0,365000,100,0,0,382,0,0,31741,0,61.79,38.21,0.0,146502,90590,0,0,237091
IL-15,house,IL,15,Jennifer Todd,Mary Miller,DEM,REP,REP,REP,-35.43,0.0,100.0,Safe R,-36.52,5.22,-35.43,-1.56,-1.67,-0.9,-40.5,5.08,False,False,,,0.0,0.0,,,0.0,projected,projected,,,0,,0.0,122996,1331399,0,34290,810427,0,1771,3705,82735,1167229,0,55362,754616,0,6710,144500,0,0,100,0,0,1525,0,32.29,67.71,0.0,86497,181400,0,0,267896
IL-16,house,IL,16,Paul Nolley,Darin LaHood,DEM,REP,REP,REP,-17.99,4.0,96.0,Safe R,-19.24,5.22,-17.99,-1.56,-1.67,-0.75,-23.07,5.08,False,False,,,0.0,0.0,,,0.0,projected,projected,,,0,,0.0,415748,3672739,0,230141,6748621,0,0,0,185607,2445401,0,110128,88213,0,63476,1749222,0,1585,0,0,0,0,0,41.0,59.0,0.0,112696,162153,0,0,274849
IL-17,house,IL,17,Eric Sorensen,Dillan Vancil,DEM,REP,DEM,DEM,20.49,97.7,2.3,Safe D,9.39,5.22,20.49,1.39,4.85,-0.36,4.81,15.68,False,False,,,0.0,0.0,,,0.0,projected,projected,,,0,,0.0,2233676,308832,0,1325642,56689,0,0,0,1020828,272464,0,185874,76538,0,848250,10700,0,0,16542,0,0,12700,0,60.25,39.75,0.0,134546,88779,0,0,223324
IN-01,house,IN,01,Frank Mrvan,Barb Regnitz,DEM,REP,DEM,DEM,14.76,92.4,7.6,Likely D,2.9,5.22,14.76,0.0,6.67,-0.03,0.4,14.36,False,False,,,0.0,0.0,,,0.0,projected,projected,,,0,,0.0,2386268,2376256,0,1336696,1800689,0,0,0,1138032,575567,0,179981,18850,0,1023820,39610,0,0,2156925,0,0,2000000,0,57.38,42.62,0.0,131379,97579,0,0,228958
IN-02,house,IN,02,Jamee Decio,Rudy Yakym,DEM,REP,REP,REP,-25.97,0.6,99.4,Safe R,-26.05,5.22,-25.97,-1.93,-2.73,-0.48,-26.92,0.95,False,False,,,0.0,0.0,,,0.0,projected,projected,,,0,,0.0,355589,5246030,0,104496,855313,0,0,0,251093,5000296,0,15296,1170154,0,0,1286014,0,302694,0,0,225039,0,0,37.02,62.98,0.0,77632,132092,0,0,209724
IN-03,house,IN,03,Kelly Thompson,Marlin Stutzman,DEM,REP,REP,REP,-30.0,0.2,99.8,Safe R,-31.69,5.22,-30.0,-1.17,-1.67,-0.69,-31.73,1.73,False,False,,,0.0,0.0,,,0.0,projected,projected,,,0,,0.0,136340,839565,0,6039,101923,0,0,0,130301,786959,0,0,88046,0,0,367700,0,17908,0,0,0,60000,0,35.0,65.0,0.0,78690,146129,0,0,224818
IN-04,house,IN,04,Joseph MacKey,Jim Baird,DEM,REP,REP,REP,-30.71,0.1,99.9,Safe R,-30.19,5.22,-30.71,-1.14,-3.91,-0.7,-29.88,-0.84,False,False,,,0.0,0.0,,,0.0,projected,projected,,,0,,0.0,11234,358293,0,1328,91561,0,200000,531743,9906,481342,0,5169,68518,0,100,197200,0,2495,0,0,15494,383899,0,34.64,65.36,0.0,80992,152800,0,0,233792
IN-05,house,IN,05,James Ford,Victoria Spartz,DEM,REP,REP,REP,-15.54,6.6,93.4,Likely R,-17.4,5.22,-15.54,-0.58,-2.0,-0.78,-17.13,1.58,False,False,,,0.0,0.0,,,0.0,projected,projected,46.0,48.0,1,-5.0,0.185,582087,1327228,0,314652,230004,0,0,0,267434,1355274,0,107719,403303,0,49904,118750,0,616,25000,0,0,200000,0,42.23,57.77,0.0,109127,149292,0,0,258419
IN-06,house,IN,06,Cynthia Wirth,Jefferson Shreve,DEM,REP,REP,REP,-34.8,0.0,100.0,Safe R,-33.34,5.22,-34.8,-2.51,-3.38,-0.79,-33.1,-1.7,False,False,,,0.0,0.0,,,0.0,projected,projected,,,0,,0.0,37046,2426805,0,7151,1608235,0,0,0,30400,950285,0,10487,2220,0,0,291000,0,4919,2000000,0,0,3900000,0,32.6,67.4,0.0,74303,153624,0,0,227927
IN-07,house,IN,07,Andre Carson,Felipe Rios,DEM,REP,DEM,DEM,48.73,100.0,0.0,Safe D,42.2,5.22,48.73,0.0,1.24,0.07,42.16,6.57,False,False,,,0.0,0.0,,,0.0,projected,projected,,,0,,0.0,1006177,0,0,621351,0,0,0,0,834249,0,0,33892,0,0,506242,0,0,730,0,0,0,0,0,74.36,25.64,0.0,141196,48677,0,0,189873
IN-08,house,IN,08,Mary Allen,Mark Messmer,DEM,REP,REP,REP,-37.68,0.0,100.0,Safe R,-35.75,5.22,-37.68,-0.95,-5.33,-0.88,-36.49,-1.19,False,False,,,0.0,0.0,,,0.0,projected,projected,,,0,,0.0,294502,1171366,0,179308,713500,0,0,0,115194,664972,0,107411,5915,0,23845,421375,0,1929,3500,0,0,6250,0,31.16,68.84,0.0,72497,160181,0,0,232678
IN-09,house,IN,09,James Graham,Erin Houchin,DEM,REP,REP,REP,-29.85,0.2,99.8,Safe R,-29.74,5.22,-29.85,-1.78,-2.69,-0.86,-30.39,0.54,False,False,,,0.0,0.0,,,0.0,projected,projected,,,0,,0.0,128179,1856572,0,0,1183066,0,0,0,128179,1415551,0,15431,23017,0,0,1041193,0,72193,931,0,66000,0,0,35.08,64.92,0.0,86795,160649,0,0,247444
KS-01,house,KS,01,Kenneth McRoberts,Tracey Mann,DEM,REP,REP,REP,-31.95,0.1,99.9,Safe R,-29.71,5.22,-31.95,-1.71,-5.4,-0.35,-31.85,-0.1,False,False,,,0.0,0.0,,,0.0,projected,projected,,,0,,0.0,105413,1467439,0,22877,2721165,0,0,0,82536,499971,0,40240,9864,0,0,586040,0,349,0,0,1249,0,0,34.03,65.97,0.0,73969,143416,0,0,217385
KS-02,house,KS,02,Don Coover,Derek Schmidt,DEM,REP,REP,REP,-18.12,3.9,96.1,Safe R,-17.28,5.22,-18.12,-0.47,-5.18,-0.41,-20.06,1.93,False,False,,,0.0,0.0,,,0.0,projected,projected,,,0,,0.0,727521,1404518,0,241519,1015793,0,0,0,486002,427227,0,224833,52939,0,33500,474000,0,7000,0,0,0,51752,0,40.94,59.06,0.0,88238,127294,0,0,215532
KS-03,house,KS,03,Sharice Davids,Chase LaPorte,DEM,REP,DEM,DEM,17.66,95.7,4.3,Safe D,5.69,5.22,17.66,0.0,7.29,-0.55,4.17,13.48,False,False,,,0.0,0.0,,,0.0,projected,projected,,,0,,0.0,3594654,0,0,1695944,0,0,0,0,2301966,0,0,1105907,0,0,758731,0,0,0,0,0,0,0,0,58.83,41.17,0.0,163725,114588,0,0,278313
KS-04,house,KS,04,Chris Carmichael,Ron Estes,DEM,REP,REP,REP,-24.09,1.0,99.0,Safe R,-21.67,5.22,-24.09,-1.94,-5.29,-0.42,-23.7,-0.39,False,False,,,0.0,0.0,,,0.0,projected,projected,,,0,,0.0,93010,1841348,0,16343,1766575,0,0,0,76667,1273049,0,19786,8930,0,0,1076600,0,2543,0,0,2543,0,0,37.96,62.04,0.0,82775,135309,0,0,218084
KY-01,house,KY,01,Drew Williams,James Comer,DEM,REP,REP,REP,-46.21,0.0,100.0,Safe R,-46.29,5.22,-46.21,-1.84,-2.5,-0.8,-47.91,1.7,False,False,,,0.0,0.0,,,0.0,projected,projected,,,0,,0.0,118755,1899533,0,20182,3041112,0,0,0,98532,2067643,0,69518,692697,0,5000,426900,0,1700,0,0,1700,0,0,26.9,73.1,0.0,64546,175429,0,0,239975
KY-02,house,KY,02,Megan Wingfield,Brett Guthrie,DEM,REP,REP,REP,-43.88,0.0,100.0,Safe R,-40.4,5.22,-43.88,-3.32,-4.58,-0.81,-41.93,-1.95,False,False,,,0.0,0.0,,,0.0,projected,projected,,,0,,0.0,7539,4707593,0,1197,1718271,0,0,80276,6342,3355566,0,6104,8727,0,0,3025480,0,0,0,0,0,2295,0,28.06,71.94,0.0,69023,176978,0,0,246001
KY-03,house,KY,03,Morgan McGarvey,Maria Rodriguez,DEM,REP,DEM,DEM,33.07,99.9,0.1,Safe D,20.35,5.22,33.07,2.21,5.67,-0.38,19.27,13.8,False,False,,,0.0,0.0,,,0.0,projected,projected,,,0,,0.0,1633684,38069,0,1813760,15672,0,0,0,1083341,22297,0,157955,4269,0,538001,5500,0,0,0,0,0,0,0,66.54,33.46,0.0,154938,77924,0,0,232862
KY-04,house,KY,04,Melissa Strange,Ed Gallrein,DEM,REP,,REP,-31.25,0.1,99.9,Safe R,-35.17,5.22,-31.25,-0.46,0.0,-0.84,-36.16,4.91,False,False,,,0.0,0.0,,,0.0,projected,projected,,,0,,0.0,94464,3567324,0,11145,179309,0,8366952,5378133,83319,3388014,0,12513,396242,0,0,56130,0,20000,0,0,20000,0,0,34.38,65.62,0.0,90237,172271,0,0,262508
KY-05,house,KY,05,Ned Pillersdorf,Harold Rogers,DEM,REP,REP,REP,-61.4,0.0,100.0,Safe R,-62.96,5.22,-61.4,-1.02,-1.67,-0.98,-64.67,3.27,False,False,,,0.0,0.0,,,0.0,projected,projected,,,0,,0.0,182256,849758,0,91274,874716,0,0,0,91006,946293,0,29935,1147,0,250,314150,0,62875,0,0,0,0,0,19.3,80.7,0.0,42797,178957,0,0,221754
KY-06,house,KY,06,Zach Dembo,Ralph Alvarado,DEM,REP,,REP,-8.66,20.0,80.0,Likely R,-14.15,5.22,-9.61,-0.01,0.0,-0.67,-15.31,6.66,False,False,,,0.0,0.0,,,0.0,projected,projected,44.9,44.95,3,-3.05,0.182,1463855,1521813,0,491275,398018,0,286464,168599,972579,1123795,0,161118,11113,0,58150,263541,0,3665,57245,0,0,0,0,45.67,54.33,0.0,113753,135316,0,0,249069
LA-01,house,LA,01,Lauren Jewett,Steve Scalise,DEM,REP,REP,REP,-47.1,0.0,100.0,Safe R,-39.88,5.22,-47.1,-3.08,-9.01,-0.35,-39.08,-8.02,False,False,,,0.0,0.0,,,0.0,projected,projected,,,0,,0.0,126085,10590473,0,16224,4011458,0,0,0,109861,10710168,0,49050,308377,0,1250,171500,0,1221,0,0,0,0,0,26.45,73.55,0.0,66807,185761,0,0,252568
LA-02,house,LA,02,Troy Carter,Republican candidate (LA-02),DEM,REP,DEM,DEM,63.24,100.0,0.0,Safe D,49.56,5.22,63.24,0.0,8.23,0.23,48.71,14.53,False,False,,,0.0,0.0,,,0.0,projected,projected,,,0,,0.0,1383847,0,0,407274,0,0,0,0,1485982,0,0,3150,0,0,943792,0,0,0,0,0,24914,0,0,81.62,18.38,0.0,179343,40389,0,0,219732
LA-03,house,LA,03,Tia Lebrun,Clay Higgins,DEM,REP,REP,REP,-37.0,0.0,100.0,Safe R,-36.02,5.22,-37.0,-2.04,-3.74,-0.41,-36.65,-0.35,False,False,,,0.0,0.0,,,0.0,projected,projected,,,0,,0.0,6968,816186,0,3465,603233,0,0,0,4102,537521,0,1043,84051,0,0,132500,0,2350,0,0,2350,0,0,31.5,68.5,0.0,74667,162354,0,0,237021
LA-04,house,LA,04,Matthew Gromlich,Mike Johnson,DEM,REP,REP,REP,-39.89,0.0,100.0,Safe R,-33.75,5.22,-39.89,-3.21,-7.75,-0.41,-34.59,-5.31,False,False,,,0.0,0.0,,,0.0,projected,projected,,,0,,0.0,234784,20548480,0,8265,9839636,0,0,0,226519,11961220,0,25742,3770787,0,0,1753700,0,188058,0,0,185000,0,0,30.05,69.95,0.0,67228,156468,0,0,223696
LA-05,house,LA,05,Dan McKay,Blake Miguez,DEM,REP,,REP,-31.14,0.1,99.9,Safe R,-33.37,5.22,-31.14,-2.6,0.0,-0.39,-34.39,3.25,False,False,,,0.0,0.0,,,0.0,projected,projected,,,0,,0.0,83511,6564561,0,-20919,2052733,0,222328,0,104449,4511827,0,22672,399437,0,0,68409,0,39238,3013458,0,39238,2012356,0,34.43,65.57,0.0,77341,147282,0,0,224623
LA-06,house,LA,06,Democratic candidate (LA-06),Peter Williams,DEM,REP,,DEM,-28.04,0.3,99.7,Safe R,-32.89,5.22,-28.04,0.0,0.0,-0.37,-32.4,4.35,False,False,,,0.0,0.0,,,0.0,projected,projected,,,0,,0.0,832825,0,0,436705,0,0,0,0,433560,0,0,279769,0,0,177000,0,0,0,0,0,0,0,0,35.98,64.02,0.0,88953,158290,0,0,247243
MA-01,house,MA,01,Richard Neal,Republican candidate (MA-01),DEM,REP,DEM,DEM,25.15,99.3,0.7,Safe D,18.38,5.22,25.15,0.0,1.67,-0.12,13.91,11.24,False,False,,,0.0,0.0,,,0.0,projected,projected,,,0,,0.0,2288096,0,0,4055460,0,0,0,0,2120507,0,0,8786,0,0,1445000,0,0,0,0,0,0,0,0,62.57,37.43,0.0,167045,99907,0,0,266951
MA-02,house,MA,02,Jim McGovern,Republican candidate (MA-02),DEM,REP,DEM,DEM,34.77,100.0,0.0,Safe D,28.33,5.22,34.77,0.0,1.67,-0.45,24.29,10.48,False,False,,,0.0,0.0,,,0.0,projected,projected,,,0,,0.0,759435,0,0,332100,0,0,0,0,821499,0,0,147188,0,0,198600,0,0,0,0,0,0,0,0,67.38,32.62,0.0,181580,87890,0,0,269471
MA-03,house,MA,03,Lori Trahan,Gary Grossi,DEM,REP,DEM,DEM,33.32,99.9,0.1,Safe D,23.84,5.22,33.32,2.52,1.67,0.08,19.39,13.93,False,False,,,0.0,0.0,,,0.0,projected,projected,,,0,,0.0,1580068,6716,0,1777088,6650,0,0,0,1258131,66,0,0,931,0,775250,600,0,0,4000,0,0,4000,0,66.66,33.34,0.0,167475,83756,0,0,251231
MA-04,house,MA,04,Jake Auchincloss,Republican candidate (MA-04),DEM,REP,DEM,DEM,30.82,99.9,0.1,Safe D,24.66,5.22,30.82,0.0,1.67,-0.72,20.13,10.69,False,False,,,0.0,0.0,,,0.0,projected,projected,,,0,,0.0,3535358,0,0,7408604,0,0,0,0,1109981,0,0,31877,0,0,669750,0,0,0,0,0,0,0,0,65.41,34.59,0.0,186273,98494,0,0,284768
MA-05,house,MA,05,Katherine Clark,Republican candidate (MA-05),DEM,REP,DEM,DEM,56.44,100.0,0.0,Safe D,50.02,5.22,56.44,0.0,1.67,-0.46,46.35,10.1,False,False,,,0.0,0.0,,,0.0,projected,projected,,,0,,0.0,4236009,0,0,2212416,0,0,0,0,3349484,0,0,81953,0,0,1725007,0,0,0,0,0,0,0,0,78.22,21.78,0.0,205269,57150,0,0,262420
MA-06,house,MA,06,Daniel Koh,John Field,DEM,REP,,DEM,29.58,99.8,0.2,Safe D,24.86,5.22,29.58,0.0,0.0,-0.5,21.09,8.49,False,False,,,0.0,0.0,,,0.0,projected,projected,,,0,,0.0,4547693,0,0,3604718,0,0,330297,0,944314,0,0,187692,0,0,95300,0,0,93505,0,0,69000,0,0,64.79,35.21,0.0,196460,106757,0,0,303217
MA-07,house,MA,07,Ayanna Pressley,Republican candidate (MA-07),DEM,REP,DEM,DEM,77.24,100.0,0.0,Safe D,70.03,5.22,77.24,0.0,1.67,0.32,65.14,12.1,False,False,,,0.0,0.0,,,0.0,projected,projected,,,0,,0.0,1125853,0,0,113018,0,0,0,0,1131056,0,0,314273,0,0,72255,0,0,0,0,0,0,0,0,88.62,11.38,0.0,173908,22338,0,0,196246
MA-08,house,MA,08,Stephen Lynch,Gavin Solomon,DEM,REP,DEM,DEM,46.55,100.0,0.0,Safe D,31.43,5.22,46.55,0.0,10.45,-0.55,26.99,19.57,False,False,,,0.0,0.0,,,0.0,projected,projected,,,0,,0.0,817344,0,0,1241118,0,0,0,61550,664950,0,0,22081,0,0,308600,0,0,0,0,0,0,0,0,73.28,26.72,0.0,201643,73538,0,0,275181
MA-09,house,MA,09,Bill Keating,Robert MacAllister,DEM,REP,DEM,DEM,23.57,98.9,1.1,Safe D,14.9,5.22,23.57,0.51,3.67,-0.73,10.94,12.63,False,False,,,0.0,0.0,,,0.0,projected,projected,,,0,,0.0,371290,163494,0,510082,38853,0,0,0,527075,124641,0,45029,22156,0,154600,1250,0,0,1005,0,0,1005,0,61.79,38.21,0.0,199001,123083,0,0,322083
MD-01,house,MD,01,Daniel Schwartz,Andy Harris,DEM,REP,REP,REP,-15.35,6.8,93.2,Likely R,-15.52,5.22,-15.35,-0.86,-3.57,-0.61,-17.31,1.96,False,False,,,0.0,0.0,,,0.0,projected,projected,,,0,,0.0,695170,2319668,0,72575,1853603,0,14398,15256,622594,1221001,0,292096,527134,0,11600,443459,0,15568,0,0,34175,0,0,42.33,57.67,0.0,126530,172404,0,0,298934
MD-02,house,MD,02,John Olszewski,David Wallace,DEM,REP,DEM,DEM,31.77,99.9,0.1,Safe D,20.71,5.22,31.77,2.06,4.22,-0.44,18.95,12.82,False,False,,,0.0,0.0,,,0.0,projected,projected,,,0,,0.0,1040390,20194,0,614275,3073,0,0,0,592706,17122,0,26185,3334,0,334224,0,0,0,1200,0,0,1000,0,65.88,34.12,0.0,182322,94413,0,0,276734
MD-03,house,MD,03,Sarah Elfreth,Penny Kennedy,DEM,REP,DEM,DEM,33.32,99.9,0.1,Safe D,25.92,5.22,33.32,0.0,2.59,-0.41,24.49,8.83,False,False,,,0.0,0.0,,,0.0,projected,projected,,,0,,0.0,1139858,0,0,335826,0,0,0,0,834771,0,0,64297,0,0,440223,0,0,649,0,0,0,0,0,66.66,33.34,0.0,194579,97318,0,0,291896
MD-04,house,MD,04,Glenn Ivey,Republican candidate (MD-04),DEM,REP,,DEM,85.56,100.0,0.0,Safe D,79.41,5.22,85.56,0.0,0.0,0.93,75.67,9.89,False,False,,,0.0,0.0,,,0.0,projected,projected,,,0,,0.0,674406,0,0,459226,0,0,0,0,520568,0,0,31930,0,0,338250,0,0,0,0,0,0,0,0,92.78,7.22,0.0,184051,14327,0,0,198379
MD-05,house,MD,05,Adrian Boafo,Chris Chaffee,DEM,REP,,DEM,40.46,100.0,0.0,Safe D,35.82,5.22,40.46,0.0,-0.45,-0.13,34.05,6.41,False,False,,,0.0,0.0,,,0.0,confirmed,confirmed,,,0,,0.0,1676916,0,0,91867,0,0,12093528,0,1585049,0,0,21486,0,0,116745,0,0,0,0,0,7400,0,0,70.23,29.77,0.0,212111,89916,0,0,302027
MD-06,house,MD,06,April Delaney,Robin Ficker,DEM,REP,DEM,DEM,19.79,97.3,2.7,Safe D,8.19,5.22,19.79,2.47,4.17,-0.26,5.93,13.86,False,False,,,0.0,0.0,,,0.0,projected,projected,,,0,,0.0,12308220,403934,0,307611,401,0,516368,42387,12013488,403533,0,34837,1072,0,377303,0,0,11000000,402862,0,14873000,402862,0,59.89,40.11,0.0,163666,109591,0,0,273257
MD-07,house,MD,07,Kweisi Mfume,Republican candidate (MD-07),DEM,REP,DEM,DEM,72.53,100.0,0.0,Safe D,63.29,5.22,72.53,0.0,3.9,0.12,60.49,12.03,False,False,,,0.0,0.0,,,0.0,projected,projected,,,0,,0.0,415174,0,0,702810,0,0,0,0,406290,0,0,8064,0,0,233750,0,0,0,0,0,0,0,0,86.26,13.74,0.0,183551,29228,0,0,212779
MD-08,house,MD,08,Jamie Raskin,Cheryl Riley,DEM,REP,DEM,DEM,70.02,100.0,0.0,Safe D,61.14,5.22,70.02,3.54,-0.02,0.14,58.06,11.96,False,False,,,0.0,0.0,,,0.0,projected,projected,,,0,,0.0,7425389,16590,0,7893447,1806,0,0,0,4497145,15372,0,3050018,4483,0,395799,0,0,0,0,0,0,0,0,85.01,14.99,0.0,231927,40901,0,0,272827
ME-01,house,ME,01,Chellie Pingree,Ronald Russell,DEM,REP,DEM,DEM,30.06,99.2,0.8,Safe D,21.77,5.22,30.82,1.0,3.77,-0.95,22.33,7.73,True,False,,,0.0,0.0,,,0.0,confirmed,confirmed,,,0,,0.0,429634,75680,0,423112,20023,0,0,0,422200,69878,0,69003,7445,0,237050,6819,0,0,1000,0,20000,4537,0,62.14,32.86,5.0,189882,100411,15279,0,305572
ME-02,house,ME,02,Matthew Dunlap,Paul LePage,DEM,REP,,DEM,-5.51,36.5,63.5,Lean R,-9.38,5.22,-5.63,-0.48,0.0,-1.0,-9.72,4.21,True,False,,,0.0,0.0,,,0.0,confirmed,confirmed,47.91,48.13,3,-2.42,0.15,1205432,2563901,0,228649,1685710,0,384759,16616,976783,878191,0,646576,167616,0,13500,408301,0,10000,0,0,0,0,0,45.04,49.96,5.0,124486,138084,13820,0,276390
MI-01,house,MI,01,Callie Barr,John Bergman,DEM,REP,REP,REP,-12.73,10.8,89.2,Likely R,-17.31,5.22,-12.73,-0.61,1.0,-1.03,-21.52,8.79,False,False,,,0.0,0.0,,,0.0,projected,projected,,,0,,0.0,803423,1877392,0,571163,849951,0,0,0,239901,1138391,0,95852,142860,0,62250,737925,0,0,0,0,0,0,0,43.64,56.36,0.0,148389,191673,0,0,340063
MI-02,house,MI,02,Benjamin Ambrose,John Moolenaar,DEM,REP,REP,REP,-27.67,0.4,99.6,Safe R,-25.97,5.22,-27.67,-1.9,-4.17,-0.85,-30.54,2.86,False,False,,,0.0,0.0,,,0.0,projected,projected,,,0,,0.0,84011,1648987,0,26232,1928265,0,0,0,57392,1002666,0,18351,35196,0,250,546873,0,0,0,0,0,28498,0,36.16,63.84,0.0,111798,197343,0,0,309141
MI-03,house,MI,03,Hillary Scholten,Allen Fiorletta,DEM,REP,DEM,DEM,20.76,97.8,2.2,Safe D,11.69,5.22,20.76,0.0,4.28,-0.43,7.95,12.81,False,False,,,0.0,0.0,,,0.0,projected,projected,,,0,,0.0,2287558,0,0,1395805,0,0,0,0,1241468,0,0,167197,0,0,670870,0,0,0,0,0,0,0,0,60.38,39.62,0.0,180735,118598,0,0,299333
MI-04,house,MI,04,Sean McCann,Bill Huizenga,DEM,REP,REP,REP,-1.74,43.3,56.7,Toss-up,-1.47,5.22,-2.02,-0.31,-4.89,-0.57,-5.61,3.88,False,False,,,0.0,0.0,,,0.0,presumptive,presumptive,47.46,45.22,3,-0.29,0.15,2508603,4003831,0,1657935,2606060,0,368204,0,850668,1506810,0,433083,207580,0,300050,1531550,0,0,0,0,0,0,0,49.13,50.87,0.0,149236,154506,0,0,303743
MI-05,house,MI,05,Christian Vukasovich,Timothy Walberg,DEM,REP,REP,REP,-25.47,0.7,99.3,Safe R,-22.68,5.22,-25.47,-2.14,-5.07,-0.8,-27.41,1.94,False,False,,,0.0,0.0,,,0.0,projected,projected,,,0,,0.0,51717,1717295,0,21286,1037289,0,0,0,30432,1589457,0,12178,63994,0,3000,775898,0,0,0,0,0,0,0,37.26,62.74,0.0,110174,185486,0,0,295660
MI-06,house,MI,06,Debbie Dingell,Republican candidate (MI-06),DEM,REP,DEM,DEM,38.71,100.0,0.0,Safe D,28.5,5.22,38.71,0.0,5.67,-0.69,23.92,14.79,False,False,,,0.0,0.0,,,0.0,projected,projected,,,0,,0.0,1155234,0,0,447144,0,0,0,0,1051463,0,0,64829,0,0,681093,0,0,0,0,0,0,0,0,69.35,30.65,0.0,225393,99597,0,0,324990
MI-07,house,MI,07,Bridget Brink,Tom Barrett,DEM,REP,REP,REP,2.11,58.1,41.9,Toss-up,3.07,5.22,3.14,-0.62,-3.8,-0.73,-1.33,3.44,False,False,,,0.0,0.0,,,0.0,projected,presumptive,48.0,46.0,1,-1.0,0.15,2893770,6180398,0,1106758,2957329,0,4965,1373148,1787012,3245468,0,685397,1604384,0,56523,1560904,0,20000,0,0,20000,2809,0,51.06,48.94,0.0,165515,158661,0,0,324176
MI-08,house,MI,08,Kristen McDonald Rivet,Amir Hassan,DEM,REP,DEM,DEM,19.11,96.8,3.2,Safe D,3.13,5.22,19.11,1.52,9.86,-0.62,-2.01,21.12,False,False,,,0.0,0.0,,,0.0,confirmed,projected,,,0,,0.0,5540175,687295,0,4213977,136687,0,12898,0,1343229,550608,0,387161,311841,0,1509740,104500,0,0,28500,0,0,10000,0,59.56,40.44,0.0,180844,122806,0,0,303650
MI-09,house,MI,09,Steven Pooley,Lisa McClain,DEM,REP,REP,REP,-32.45,0.1,99.9,Safe R,-28.21,5.22,-32.45,-3.38,-5.22,-0.87,-32.75,0.3,False,False,,,0.0,0.0,,,0.0,projected,projected,,,0,,0.0,7579,5146490,0,4437,1476336,0,0,0,3142,4277012,0,3790,945684,0,0,1415798,0,0,0,0,0,0,0,33.77,66.23,0.0,115040,225591,0,0,340631
MI-10,house,MI,10,Christina Hines,Michael Bouchard,DEM,REP,,REP,2.35,59.1,40.9,Toss-up,-1.42,5.22,2.95,-0.11,0.0,-0.75,-6.68,9.04,False,False,,,0.0,0.0,,,0.0,projected,presumptive,44.0,42.0,1,-1.0,0.15,1161111,1386621,0,192615,1077901,0,249516,172592,968496,308720,0,262756,98136,0,73763,123500,0,0,0,0,0,35503,0,51.18,48.82,0.0,156275,149085,0,0,305360
MI-11,house,MI,11,Jeremy Moss,Mike Steger,DEM,REP,,DEM,27.82,99.7,0.3,Safe D,21.13,5.22,27.82,2.12,0.0,-0.64,16.42,11.4,False,False,,,0.0,0.0,,,0.0,projected,projected,,,0,,0.0,1235233,28616,0,414639,7368,0,104882,0,820595,21248,0,90282,1276,0,135950,0,0,7000,13,0,0,0,0,63.91,36.09,0.0,205972,116309,0,0,322281
MI-12,house,MI,12,Rashida Tlaib,Republican candidate (MI-12),DEM,REP,DEM,DEM,56.37,100.0,0.0,Safe D,46.17,5.22,56.37,0.0,5.22,-0.24,39.62,16.75,False,False,,,0.0,0.0,,,0.0,projected,projected,,,0,,0.0,2713214,0,0,3909639,0,0,0,0,3067129,0,0,777252,0,0,37100,0,0,0,0,0,0,0,0,78.19,21.81,0.0,203903,56890,0,0,260793
MI-13,house,MI,13,Shri Thanedar,Andrew Lorenz,DEM,REP,DEM,DEM,59.07,100.0,0.0,Safe D,48.67,5.22,59.07,0.0,5.11,0.08,42.28,16.79,False,False,,,0.0,0.0,,,0.0,projected,projected,,,0,,0.0,-1103507,0,0,4682993,0,0,877913,278074,1118068,0,0,18400,0,0,85500,0,0,800300,0,0,12270000,0,0,79.54,20.46,0.0,186468,47973,0,0,234440
MN-01,house,MN,01,Jake Johnson,Brad Finstad,DEM,REP,REP,REP,-6.12,27.6,72.4,Lean R,-9.14,5.22,-6.32,-0.02,-1.67,-0.71,-12.23,6.11,False,False,,,0.0,0.0,,,0.0,presumptive,presumptive,41.49,47.93,2,-6.49,0.15,1872308,1916146,0,957225,1210804,0,0,0,915083,766751,0,700337,136882,0,100000,886250,0,5372,0,0,0,0,0,46.94,53.06,0.0,128001,144689,0,0,272690
MN-02,house,MN,02,Matt Little,Eric Pratt,DEM,REP,,DEM,12.7,89.1,10.9,Likely D,8.48,5.22,13.53,0.47,0.0,-0.64,5.95,6.75,False,False,,,0.0,0.0,,,0.0,projected,confirmed,45.0,40.0,1,8.0,0.15,892676,461815,0,254789,268903,0,61395,17393,638388,192912,0,140529,28457,0,30370,45000,0,162000,112100,0,131000,105000,0,56.35,43.65,0.0,168290,130368,0,0,298658
MN-03,house,MN,03,Kelly Morrison,Tyler Bass,DEM,REP,DEM,DEM,29.94,99.8,0.2,Safe D,23.76,5.22,29.94,0.0,1.67,-0.71,21.72,8.22,False,False,,,0.0,0.0,,,0.0,projected,projected,,,0,,0.0,1278346,0,0,413021,0,0,0,0,890714,0,0,92425,0,0,192283,0,0,7000,0,0,0,0,0,64.97,35.03,0.0,193244,104195,0,0,297440
MN-04,house,MN,04,Betty McCollum,Paul Wikstrom,DEM,REP,DEM,DEM,47.72,100.0,0.0,Safe D,39.46,5.22,47.72,2.14,1.5,-0.6,36.47,11.25,False,False,,,0.0,0.0,,,0.0,projected,projected,,,0,,0.0,1217732,23031,0,568721,18609,0,0,0,1203929,8186,0,42342,3864,0,442300,5000,0,0,0,0,0,0,0,73.86,26.14,0.0,195744,69278,0,0,265021
MN-05,house,MN,05,Ilhan Omar,Dalia Al-Aqidi,DEM,REP,DEM,DEM,65.85,100.0,0.0,Safe D,66.29,5.22,65.85,1.22,-6.48,-0.4,63.54,2.31,False,False,,,0.0,0.0,,,0.0,projected,projected,,,0,,0.0,5715729,1078205,0,1572633,31853,0,0,0,4467317,1085272,0,3628754,834632,0,64828,0,0,0,0,0,0,6821,0,82.93,17.07,0.0,214429,44152,0,0,258581
MN-06,house,MN,06,Democratic candidate (MN-06),Tom Emmer,DEM,REP,REP,REP,-14.63,7.8,92.2,Likely R,-17.33,5.22,-14.63,0.0,-1.67,-0.85,-20.07,5.44,False,False,,,0.0,0.0,,,0.0,projected,projected,,,0,,0.0,0,9631580,0,0,4535592,0,0,0,0,6784441,0,0,656210,0,0,2183251,0,0,0,0,0,0,0,42.69,57.31,0.0,129083,173309,0,0,302392
MN-07,house,MN,07,Democratic candidate (MN-07),Michelle Fischbach,DEM,REP,REP,REP,-30.96,0.1,99.9,Safe R,-33.68,5.22,-30.96,0.0,-1.67,-0.84,-37.1,6.13,False,False,,,0.0,0.0,,,0.0,projected,projected,,,0,,0.0,0,1239373,0,0,902668,0,0,0,0,747786,0,0,150284,0,0,690299,0,0,0,0,0,0,0,34.52,65.48,0.0,96895,183811,0,0,280706
MN-08,house,MN,08,Democratic candidate (MN-08),Peter Stauber,DEM,REP,REP,REP,-8.64,20.1,79.9,Likely R,-11.14,5.22,-8.64,0.0,-1.67,-1.06,-14.53,5.89,False,False,,,0.0,0.0,,,0.0,projected,projected,,,0,,0.0,0,1940297,0,0,1208605,0,0,0,0,1260185,0,0,133076,0,0,900660,0,0,0,0,0,0,0,45.68,54.32,0.0,138064,164191,0,0,302256
MO-01,house,MO,01,Wesley Bell,Republican candidate (MO-01),DEM,REP,DEM,DEM,68.07,100.0,0.0,Safe D,58.87,5.22,68.07,0.0,4.17,-0.19,58.61,9.46,False,False,,,0.0,0.0,,,0.0,projected,projected,,,0,,0.0,3295182,0,0,1908027,0,0,628945,0,1821076,0,0,51422,0,0,526296,0,0,0,0,0,0,0,0,84.04,15.96,0.0,186186,35371,0,0,221556
MO-02,house,MO,02,Frederick Wellman,Ann Wagner,DEM,REP,REP,REP,-11.03,14.2,85.8,Likely R,-11.95,5.22,-11.82,-0.83,-3.37,-0.9,-11.57,0.54,False,False,,,0.0,0.0,,,0.0,projected,projected,41.0,44.0,1,-6.0,0.15,1119886,3478123,0,261457,4399245,0,0,0,858429,2190107,0,500996,634089,0,52750,1128739,0,410,0,0,0,0,0,44.49,55.51,0.0,131078,163564,0,0,294642
MO-03,house,MO,03,Bethany Mann,Bob Onder,DEM,REP,REP,REP,-19.65,2.8,97.2,Safe R,-20.24,5.22,-19.65,-1.79,-2.01,-0.83,-20.27,0.62,False,False,,,0.0,0.0,,,0.0,projected,projected,,,0,,0.0,41591,940192,0,3975,485084,0,0,0,42043,605552,0,24481,73609,0,125,369980,0,0,0,0,542,894000,0,40.17,59.83,0.0,114437,170422,0,0,284859
MO-04,house,MO,04,Hartzell Gray,Mark Alford,DEM,REP,REP,REP,-21.02,2.1,97.9,Safe R,-21.08,5.22,-21.02,-1.17,-3.26,-0.73,-21.37,0.35,False,False,,,0.0,0.0,,,0.0,projected,projected,,,0,,0.0,250118,1370433,0,44969,779509,0,0,0,205149,808792,0,168151,16601,0,1000,550561,0,0,0,0,4091,0,0,39.49,60.51,0.0,109201,167311,0,0,276512
MO-05,house,MO,05,Emanuel Cleaver,Bradley Patty,DEM,REP,DEM,DEM,-7.23,24.1,75.9,Likely R,-17.47,5.22,-7.23,2.36,3.1,-0.45,-18.62,11.39,False,False,,,0.0,0.0,,,0.0,projected,projected,,,0,,0.0,1298255,7774,0,1143055,1721,0,0,0,1044827,6052,0,137923,2756,0,834391,0,0,0,0,0,0,1916,0,46.38,53.62,0.0,108083,124941,0,0,233024
MO-06,house,MO,06,Matthew Levine,Chris Stigall,DEM,REP,,REP,-23.37,1.2,98.8,Safe R,-26.78,5.22,-23.37,-1.06,0.0,-0.75,-27.0,3.62,False,False,,,0.0,0.0,,,0.0,projected,presumptive,,,0,,0.0,51046,546096,0,6000,269802,0,138220,21679,45046,276294,0,14726,17409,0,0,47500,0,4032,0,0,0,73061,0,38.31,61.69,0.0,101148,162850,0,0,263998
MO-07,house,MO,07,Missi Hesketh,Eric Burlison,DEM,REP,REP,REP,-43.38,0.0,100.0,Safe R,-43.17,5.22,-43.38,-1.97,-2.63,-0.83,-43.18,-0.2,False,False,,,0.0,0.0,,,0.0,projected,projected,,,0,,0.0,50540,1339538,0,33543,908427,0,0,12107,22134,1032498,0,26365,594974,0,8500,232750,0,0,0,0,0,0,0,28.31,71.69,0.0,74619,188948,0,0,263567
MO-08,house,MO,08,Clayton Harbison,Jason Smith,DEM,REP,REP,REP,-54.68,0.0,100.0,Safe R,-53.72,5.22,-54.68,-3.43,-1.83,-0.93,-54.42,-0.26,False,False,,,0.0,0.0,,,0.0,projected,projected,,,0,,0.0,4251,5211627,0,1768,5155711,0,0,0,2017,3073060,0,3376,270553,0,0,2715775,0,0,0,0,0,0,0,22.66,77.34,0.0,58588,199984,0,0,258572
MS-01,house,MS,01,Cliff Johnson,Trent Kelly,DEM,REP,REP,REP,-32.43,0.1,99.9,Safe R,-33.75,5.22,-32.43,-0.42,-2.99,-0.5,-37.53,5.1,False,False,,,0.0,0.0,,,0.0,confirmed,confirmed,,,0,,0.0,551243,1004205,0,149645,863664,0,0,0,401599,749399,0,137251,16080,0,2500,500635,0,21869,0,0,0,0,0,33.78,66.22,0.0,76632,150204,0,0,226836
MS-02,house,MS,02,Bennie Thompson,Ron Eller,DEM,REP,DEM,DEM,35.51,100.0,0.0,Safe D,24.65,5.22,35.51,1.61,4.05,-0.02,20.59,14.92,False,False,,,0.0,0.0,,,0.0,projected,projected,,,0,,0.0,770971,45390,0,1449522,35874,0,0,0,947613,46245,0,6419,6118,0,566744,150,0,0,2921,0,0,2500,0,67.75,32.25,0.0,135954,64704,0,0,200658
MS-03,house,MS,03,Michael Chiaradio,Mike Guest,DEM,REP,REP,REP,-23.93,1.0,99.0,Safe R,-25.93,5.22,-23.93,-1.09,-1.67,-0.47,-29.5,5.57,False,False,,,0.0,0.0,,,0.0,projected,projected,,,0,,0.0,155400,822761,0,23208,962515,0,0,0,132191,371591,0,69218,5410,0,2800,370000,0,17776,0,0,17149,0,0,38.03,61.97,0.0,86108,140288,0,0,226395
MS-04,house,MS,04,Jeffrey Hulum,Mike Ezell,DEM,REP,REP,REP,-41.53,0.0,100.0,Safe R,-39.56,5.22,-41.53,-1.93,-4.75,-0.51,-43.01,1.47,False,False,,,0.0,0.0,,,0.0,confirmed,confirmed,,,0,,0.0,29045,990106,0,6534,123359,0,0,0,22864,1018212,0,5890,12096,0,500,477000,0,3500,0,0,3500,0,0,29.23,70.77,0.0,60137,145578,0,0,205715
MT-01,house,MT,01,Sam Forstag,Aaron Flint,DEM,REP,,REP,-7.25,24.1,75.9,Likely R,-11.98,5.22,-7.89,-0.14,0.0,-0.98,-11.92,4.67,False,False,,,0.0,0.0,,,0.0,projected,projected,43.87,44.5,2,-3.63,0.15,1382873,1303394,0,550079,502201,0,260465,1468950,832794,801193,0,495944,290173,0,140650,330600,0,1267,0,0,0,246238,0,46.37,53.63,0.0,104551,120897,0,0,225448
MT-02,house,MT,02,Brian Miller,Troy Downing,DEM,REP,REP,REP,-33.63,0.1,99.9,Safe R,-30.95,5.22,-33.63,-2.59,-4.27,-1.04,-30.51,-3.12,False,False,,,0.0,0.0,,,0.0,projected,projected,,,0,,0.0,19174,2127927,0,3166,650464,0,0,0,14573,1588993,0,4916,496243,0,1000,681678,0,4832,0,0,0,2026506,0,33.19,66.81,0.0,65254,131371,0,0,196626
NC-01,house,NC,01,Don Davis,Laurie Buckhout,DEM,REP,DEM,DEM,2.89,61.1,38.9,Lean D,-8.01,5.22,3.26,0.04,6.36,-0.35,-11.71,14.61,False,False,,,0.0,0.0,,,0.0,confirmed,confirmed,44.29,40.94,3,1.29,0.15,4287386,3793077,0,3570366,1829661,0,167771,920003,987862,1989720,0,367550,83111,0,1530112,351704,0,0,2402740,0,0,3501000,0,51.45,48.55,0.0,150117,141675,0,0,291792
NC-02,house,NC,02,Deborah Ross,Eugene Douglass,DEM,REP,DEM,DEM,45.19,100.0,0.0,Safe D,36.77,5.22,45.19,0.0,3.34,-0.14,34.41,10.78,False,False,,,0.0,0.0,,,0.0,projected,projected,,,0,,0.0,1675978,0,0,1337687,0,0,0,0,1075801,0,0,65366,0,0,689413,0,0,0,0,0,9555,0,0,72.59,27.41,0.0,209905,79247,0,0,289152
NC-03,house,NC,03,Raymond Smith,Greg Murphy,DEM,REP,REP,REP,-8.15,21.4,78.6,Likely R,-10.05,5.22,-8.15,-1.57,-1.67,-0.08,-13.76,5.61,False,False,,,0.0,0.0,,,0.0,projected,projected,,,0,,0.0,223119,2357956,0,73711,2697820,0,68780,0,137467,1243599,0,70520,28721,0,27250,1036299,0,100,0,0,0,0,0,45.92,54.08,0.0,111256,131000,0,0,242256
NC-04,house,NC,04,Valerie Foushee,Mahesh Ganorkar,DEM,REP,DEM,DEM,58.7,100.0,0.0,Safe D,48.46,5.22,58.7,1.88,3.37,-0.24,46.04,12.66,False,False,,,0.0,0.0,,,0.0,projected,projected,,,0,,0.0,912011,11917,0,47788,16967,0,2382171,241900,949918,10302,0,86347,1095,0,495618,1000,0,0,4569,0,4000,0,0,79.35,20.65,0.0,242667,63161,0,0,305827
NC-05,house,NC,05,Chuck Hubbard,Virginia Foxx,DEM,REP,REP,REP,-10.99,14.3,85.7,Likely R,-14.91,5.22,-10.99,-0.98,0.13,-0.46,-17.92,6.93,False,False,,,0.0,0.0,,,0.0,projected,projected,,,0,,0.0,394695,1662604,0,99815,3369069,0,61981,0,302276,1204804,0,181733,25085,0,3350,419516,0,0,0,0,20000,0,0,44.5,55.5,0.0,127186,158602,0,0,285788
NC-06,house,NC,06,Cyril Jefferson,Addison McDowell,DEM,REP,REP,REP,-13.08,10.2,89.8,Likely R,-15.08,5.22,-13.08,-1.22,-1.67,-0.33,-17.36,4.28,False,False,,,0.0,0.0,,,0.0,projected,projected,,,0,,0.0,199881,1226408,0,13898,381728,0,0,0,185984,852003,0,37641,16395,0,7400,515505,0,0,0,0,0,28602,0,43.46,56.54,0.0,119161,155023,0,0,274184
NC-07,house,NC,07,Kimberly Hardy,David Rouzer,DEM,REP,REP,REP,-10.78,14.7,85.3,Likely R,-11.1,5.22,-11.11,-1.34,-3.43,-0.47,-14.02,3.23,False,False,LIB,,0.0,0.0,,,0.0,projected,projected,,,0,,0.0,293818,1990423,0,65017,2301487,0,0,0,228801,1124461,0,99168,6705,0,9411,1209699,0,0,0,0,0,0,0,43.89,54.49,1.62,136150,169066,5026,0,310241
NC-08,house,NC,08,Colby Watson,Mark Harris,DEM,REP,REP,REP,-17.16,4.8,95.2,Safe R,-17.13,5.22,-17.16,-1.86,-2.87,-0.52,-19.62,2.46,False,False,,,0.0,0.0,,,0.0,projected,projected,,,0,,0.0,39569,1019134,0,2343,517853,0,0,0,37232,608814,0,7059,74543,0,3700,200500,0,25460,0,0,0,0,0,41.42,58.58,0.0,118786,168009,0,0,286796
NC-09,house,NC,09,Richard Ojeda,Richard Hudson,DEM,REP,REP,REP,-11.7,12.8,87.2,Likely R,-13.43,5.22,-11.7,-0.26,-3.02,-0.21,-16.03,4.34,False,False,,,0.0,0.0,,,0.0,projected,projected,,,0,,0.0,2237508,3215341,0,163673,1335132,0,63762,0,2073836,2511943,0,1666772,214005,0,18842,1605397,0,0,0,0,0,0,0,44.15,55.85,0.0,118271,149603,0,0,267874
NC-10,house,NC,10,Ashley Bell,Pat Harrigan,DEM,REP,REP,REP,-15.76,6.3,93.7,Likely R,-15.25,5.22,-16.6,-1.6,-4.63,-0.34,-17.89,2.13,False,False,,,0.0,0.0,,,0.0,projected,projected,37.0,52.0,1,-12.0,0.15,84024,1081821,0,26174,451275,0,0,0,57805,683387,0,30263,81411,0,3050,359925,0,14948,0,0,8486,0,0,42.12,57.88,0.0,122764,168683,0,0,291447
NC-11,house,NC,11,Jamie Ager,Chuck Edwards,DEM,REP,REP,REP,-5.06,31.2,68.8,Lean R,-8.07,5.22,-5.6,0.88,-2.91,-0.72,-9.61,4.56,False,False,,,0.0,0.0,,,0.0,confirmed,confirmed,,,0,,0.0,3052354,939985,0,2184778,485744,0,307847,0,867576,563005,0,556269,20397,0,231570,369750,0,0,0,0,0,10500,0,47.47,52.53,0.0,146624,162242,0,0,308866
NC-12,house,NC,12,Alma Adams,John Codiga,DEM,REP,DEM,DEM,59.6,100.0,0.0,Safe D,50.18,5.22,59.6,1.26,2.65,0.29,47.04,12.57,False,False,,,0.0,0.0,,,0.0,projected,projected,,,0,,0.0,370506,28704,0,456594,3,0,0,0,487322,28701,0,12384,1857,0,274275,0,0,0,3053,0,0,3000,0,79.8,20.2,0.0,198674,50289,0,0,248963
NC-13,house,NC,13,Paul Barringer,Brad Knott,DEM,REP,REP,REP,-13.68,9.2,90.8,Likely R,-14.79,5.22,-13.22,-0.19,-3.23,-0.22,-16.71,3.02,False,False,GRN,,0.0,0.0,,,0.0,projected,projected,,,0,,0.0,1022610,1339161,0,514555,707795,0,0,0,508054,648627,0,76837,28235,0,8100,657718,0,461846,0,0,320000,760483,0,42.36,55.79,1.85,126209,166225,5512,0,297946
NC-14,house,NC,14,Lakesha Womack,Tim Moore,DEM,REP,REP,REP,-13.17,10.1,89.9,Likely R,-13.59,5.22,-14.52,-2.3,-3.38,-0.46,-15.22,2.05,False,False,,,0.0,0.0,,,0.0,projected,projected,40.0,48.0,1,-5.0,0.15,24888,1538952,0,-376,1581992,0,0,80948,26124,880526,0,11823,22782,0,2200,435700,0,0,0,0,0,0,0,43.42,56.58,0.0,124320,162017,0,0,286337
ND-01,house,ND,01,Trygve Hammer,Julie Fedorchak,DEM,REP,REP,REP,-35.73,0.0,100.0,Safe R,-36.86,5.22,-35.73,-1.5,-1.67,-0.92,-37.39,1.66,False,False,,,0.0,0.0,,,0.0,projected,projected,,,0,,0.0,190064,1730663,0,67391,1055571,0,0,0,122672,1004420,0,98864,7624,0,2900,962475,0,15,0,0,0,0,0,32.13,67.87,0.0,82811,174898,0,0,257708
NE-01,house,NE,01,Christopher Backemeyer,Mike Flood,DEM,REP,REP,REP,-9.45,17.9,82.1,Likely R,-8.61,5.22,-9.89,-0.99,-4.96,-0.54,-13.23,3.77,False,False,,,0.0,0.0,,,0.0,projected,projected,38.0,45.0,1,-7.0,0.15,592233,2368910,0,290611,1560751,0,0,0,301622,1028941,0,98457,36065,0,25000,1127179,0,104319,0,0,100000,6046,0,45.27,54.73,0.0,100873,121937,0,0,222811
NE-02,house,NE,02,Denise Powell,Brinker Harding,DEM,REP,,REP,12.81,89.3,10.7,Likely D,9.25,5.22,14.54,0.43,0.0,-0.36,4.68,8.12,False,False,,,0.0,0.0,,,0.0,confirmed,confirmed,46.5,40.5,1,3.0,0.15,2668287,2034386,0,997390,1070769,0,3102987,100001,1670897,963618,0,493969,52231,0,310406,255800,0,65033,3500,0,75000,0,0,56.4,43.6,0.0,125036,96649,0,0,221685
NE-03,house,NE,03,Becky Stille,Adrian Smith,DEM,REP,REP,REP,-52.43,0.0,100.0,Safe R,-49.56,5.22,-52.43,-2.18,-5.38,-0.53,-54.43,2.0,False,False,,,0.0,0.0,,,0.0,projected,projected,,,0,,0.0,55101,1777414,0,14834,1023354,0,0,282975,40268,1682292,0,11451,3630,0,50,1298250,0,36731,0,0,36731,0,0,23.78,76.22,0.0,51971,166545,0,0,218516
NH-01,house,NH,01,Stefany Shaheen,Anthony DiLorenzo,DEM,REP,,DEM,5.06,68.9,31.1,Lean D,0.69,5.22,5.06,0.01,0.0,-0.85,2.02,3.04,False,False,,,0.0,0.0,,,0.0,projected,projected,,,0,,0.0,2208010,2326786,0,1200445,1187441,0,409774,0,1007564,1139345,0,366546,52850,0,85305,7000,0,7000,1650000,0,0,1650000,0,52.53,47.47,0.0,152212,137546,0,0,289758
NH-02,house,NH,02,Maggie Goodlander,Lily Williams,DEM,REP,DEM,DEM,15.59,93.5,6.5,Likely D,2.74,5.22,14.91,0.88,6.93,-0.86,3.63,11.97,False,False,,,0.0,0.0,,,0.0,projected,projected,49.87,31.71,6,18.16,0.21,3709390,1108535,0,2514390,664220,0,0,0,1252998,573795,0,209243,599501,0,311303,0,0,0,120000,0,0,120000,0,57.8,42.2,0.0,166787,121787,0,0,288574
NJ-01,house,NJ,01,Donald Norcross,Damon Galdo,DEM,REP,DEM,DEM,33.79,99.9,0.1,Safe D,24.1,5.22,33.79,2.5,2.11,-0.14,19.0,14.79,False,False,,,0.0,0.0,,,0.0,projected,projected,,,0,,0.0,1657743,11125,0,2365599,5056,0,0,0,999633,6138,0,11139,6233,0,791232,500,0,0,100,0,0,100,0,66.89,33.11,0.0,176686,87443,0,0,264130
NJ-02,house,NJ,02,Zack Mullock,Jeff Van Drew,DEM,REP,REP,REP,-9.15,18.7,81.3,Likely R,-7.71,5.22,-8.47,-1.01,-4.87,-0.1,-13.29,4.14,False,False,,,0.0,0.0,,,0.0,projected,projected,36.0,46.0,1,-13.0,0.15,462863,1930058,0,120210,1538041,0,0,0,342653,1154447,0,76814,219043,0,6000,327471,0,110000,0,0,110000,11668,0,45.42,54.58,0.0,119759,143886,0,0,263645
NJ-03,house,NJ,03,Herb Conaway,Michael McGuire,DEM,REP,DEM,DEM,23.16,98.8,1.2,Safe D,12.88,5.22,23.16,1.52,3.88,-0.34,7.92,15.24,False,False,,,0.0,0.0,,,0.0,projected,projected,,,0,,0.0,934660,79190,0,439329,807,0,0,0,532745,78383,0,54194,5115,0,500874,0,0,0,21000,0,0,94594,0,61.58,38.42,0.0,166112,103633,0,0,269745
NJ-04,house,NJ,04,Rachel Peace,Chris Smith,DEM,REP,REP,REP,-28.41,0.3,99.7,Safe R,-25.71,5.22,-28.41,-1.52,-5.89,-0.51,-31.01,2.6,False,False,,,0.0,0.0,,,0.0,projected,projected,,,0,,0.0,34352,592016,0,5363,488316,0,0,0,28989,467765,0,14725,85452,0,0,216783,0,6712,0,0,25692,0,0,35.79,64.21,0.0,101141,181428,0,0,282569
NJ-05,house,NJ,05,Josh Gottheimer,Sean Kirrane,DEM,REP,DEM,DEM,22.41,98.5,1.5,Safe D,7.46,5.22,22.41,2.86,7.03,-0.17,1.29,21.12,False,False,,,0.0,0.0,,,0.0,projected,projected,,,0,,0.0,4765145,55656,0,12773075,8034,0,0,0,12704564,47622,0,20739,3603,0,882050,0,0,0,25054,0,0,24325,0,61.2,38.8,0.0,168432,106765,0,0,275197
NJ-06,house,NJ,06,Frank Pallone,Hillary Herzig,DEM,REP,DEM,DEM,28.38,99.7,0.3,Safe D,13.34,5.22,28.38,2.75,6.79,0.28,6.23,22.14,False,False,,,0.0,0.0,,,0.0,projected,projected,,,0,,0.0,2214837,7645,0,3066966,1866,0,0,0,2219781,5779,0,7797,1190,0,1455707,0,0,0,2786,0,0,4351,0,64.19,35.81,0.0,142656,79592,0,0,222248
NJ-07,house,NJ,07,Rebecca Bennett,Tom Kean Jr.,DEM,REP,REP,REP,4.91,68.3,31.7,Lean D,2.48,5.22,5.6,-0.04,-1.67,-0.4,-1.9,6.81,False,False,,,0.0,0.0,,,0.0,confirmed,confirmed,47.0,43.0,1,1.0,0.15,4272034,4892807,0,1445694,3634205,0,1799932,725906,2826340,1306888,0,632513,220555,0,272746,1194427,0,0,0,0,0,0,0,52.45,47.55,0.0,161183,146101,0,0,307284
NJ-08,house,NJ,08,Rob Menendez,Republican candidate (NJ-08),DEM,REP,DEM,DEM,45.99,100.0,0.0,Safe D,37.44,5.22,45.99,0.0,1.67,1.66,28.85,17.13,False,False,,,0.0,0.0,,,0.0,confirmed,projected,,,0,,0.0,1958766,0,0,679737,0,0,34890,0,1555715,0,0,13337,0,0,734489,0,0,0,0,0,0,0,0,72.99,27.01,0.0,110902,41032,0,0,151934
NJ-09,house,NJ,09,Nelida Pou,Rosemary Pino,DEM,REP,DEM,DEM,21.6,98.2,1.8,Safe D,7.94,5.22,21.6,1.29,6.01,1.14,-1.3,22.9,False,False,,,0.0,0.0,,,0.0,projected,projected,,,0,,0.0,2661928,437829,0,1793359,39624,0,0,0,1021043,398205,0,231971,251372,0,1024879,0,0,0,0,0,0,157218,0,60.8,39.2,0.0,116488,75100,0,0,191587
NJ-10,house,NJ,10,Lamonica McIver,Carmen Bucco,DEM,REP,DEM,DEM,66.57,100.0,0.0,Safe D,56.28,5.22,66.57,2.8,1.49,0.77,48.73,17.84,False,False,,,0.0,0.0,,,0.0,projected,projected,,,0,,0.0,2136938,2270,0,814120,1018,0,0,0,1486031,1252,0,1072110,360,0,553383,0,0,0,910,0,0,0,0,83.28,16.72,0.0,148136,29734,0,0,177870
NJ-11,house,NJ,11,Analilia Mejia,Joe Hathaway,DEM,REP,DEM,DEM,21.02,97.9,2.1,Safe D,13.46,5.22,21.02,0.81,1.67,-0.14,7.93,13.09,False,False,,,0.0,0.0,,,0.0,projected,projected,,,0,,0.0,1823436,657711,0,27475,5036,0,648446,0,1795960,652675,0,633740,71416,0,336506,40500,0,7000,0,0,111426,11452,0,60.51,39.49,0.0,167133,109084,0,0,276216
NJ-12,house,NJ,12,Adam Hamawy,Gregg Mele,DEM,REP,,DEM,37.46,100.0,0.0,Safe D,29.91,5.22,37.46,2.13,0.0,0.2,23.58,13.88,False,False,,,0.0,0.0,,,0.0,projected,projected,,,0,,0.0,1533852,79425,0,91930,3084,0,1900174,0,1441921,76341,0,263767,16648,0,56806,0,0,0,53746,0,0,98552,0,68.73,31.27,0.0,158942,72320,0,0,231262
NM-01,house,NM,01,Melanie Stansbury,Ndidiamaka Okpareke,DEM,REP,DEM,DEM,26.36,99.5,0.5,Safe D,16.26,5.22,26.36,1.68,2.33,0.87,13.0,13.36,False,False,,,0.0,0.0,,,0.0,projected,projected,,,0,,0.0,1353564,100340,0,416711,42741,0,0,0,1082562,57599,0,467355,15340,0,202335,1900,0,0,0,0,0,0,0,63.18,36.82,0.0,156415,91160,0,0,247575
NM-02,house,NM,02,Gabriel Vasquez,Greg Cunningham,DEM,REP,DEM,DEM,14.85,92.5,7.5,Likely D,3.41,5.22,16.77,0.67,5.64,1.83,-1.84,16.7,False,False,,,0.0,0.0,,,0.0,projected,projected,43.0,41.0,1,5.0,0.15,3784102,1510080,0,2378703,794187,0,0,0,1444484,715893,0,385490,142850,0,990919,158100,0,0,0,0,0,0,0,57.43,42.57,0.0,109235,80979,0,0,190214
NM-03,house,NM,03,Teresa Leger Fernandez,Martin Zamora,DEM,REP,DEM,DEM,23.37,98.8,1.2,Safe D,10.01,5.22,23.37,0.73,6.72,0.69,5.32,18.05,False,False,,,0.0,0.0,,,0.0,projected,projected,,,0,,0.0,1249949,440623,0,666975,242569,0,0,0,990899,198054,0,114676,23608,0,212450,14200,0,0,0,0,0,0,0,61.69,38.31,0.0,128670,79918,0,0,208588
NV-01,house,NV,01,Dina Titus,Carrie Buck,DEM,REP,DEM,DEM,16.76,94.8,5.2,Likely D,5.89,5.22,16.76,-0.16,5.03,0.79,2.3,14.46,False,False,,,0.0,0.0,,,0.0,projected,projected,,,0,,0.0,1537358,1915058,0,1337525,653588,0,0,0,355197,1261470,0,50654,526707,0,766723,138100,0,0,3732,0,4000,24440,0,58.38,41.62,0.0,137000,97665,0,0,234665
NV-02,house,NV,02,Teresa Benitez-Thompson,David Flippo,DEM,REP,,REP,-6.44,26.6,73.4,Lean R,-11.94,5.22,-8.05,-1.32,0.0,-0.02,-14.26,7.82,False,False,,,0.0,0.0,,,0.0,confirmed,confirmed,48.0,46.0,1,2.0,0.16,257087,2275392,0,140607,117883,0,399937,653802,116479,2172225,0,57268,16480,0,23100,66500,0,20000,1675000,0,27163,1614965,0,46.78,53.22,0.0,137840,156812,0,0,294652
NV-03,house,NV,03,Susie Lee,Marty O'Donnell,DEM,REP,DEM,DEM,12.23,88.3,11.7,Likely D,2.99,5.22,12.23,0.06,3.88,0.08,-0.75,12.98,False,False,,,0.0,0.0,,,0.0,projected,projected,,,0,,0.0,4401421,4055410,0,3689228,2409434,0,0,0,1178847,1645976,0,246965,189257,0,1306593,271905,0,0,3007000,0,0,3000000,0,56.12,43.88,0.0,151290,118306,0,0,269595
NV-04,house,NV,04,Steven Horsford,Cody Whipple,DEM,REP,DEM,DEM,18.02,96.0,4.0,Safe D,5.92,5.22,18.02,0.97,5.12,0.79,2.37,15.65,False,False,,,0.0,0.0,,,0.0,confirmed,confirmed,,,0,,0.0,3350563,884687,0,1496222,285221,0,0,0,1860631,599467,0,209416,215816,0,1788353,7000,0,0,320119,0,22500,430235,0,59.01,40.99,0.0,141717,98438,0,0,240155
NY-01,house,NY,01,Christopher Gallant,Nick LaLota,DEM,REP,REP,REP,-3.06,38.3,61.7,Lean R,-8.25,5.22,-2.54,0.0,0.78,-0.29,-10.19,7.13,False,False,,,0.0,0.0,,,0.0,confirmed,confirmed,38.0,41.0,1,-6.0,0.15,647598,0,0,172217,0,0,0,0,475381,0,0,100617,0,0,11100,0,0,3500,0,0,0,0,0,48.47,51.53,0.0,145712,154913,0,0,300624
NY-02,house,NY,02,Patrick Halpin,Andrew Garbarino,DEM,REP,REP,REP,-11.17,13.9,86.1,Likely R,-11.11,5.22,-11.17,-1.46,-4.23,0.4,-14.08,2.9,False,False,,,0.0,0.0,,,0.0,projected,projected,,,0,,0.0,461848,3513016,0,89408,3458915,0,0,0,372440,1599708,0,50667,5584,0,9950,1805000,0,7000,0,0,0,0,0,44.41,55.59,0.0,112588,140908,0,0,253496
NY-03,house,NY,03,Tom Suozzi,Mike LiPetri,DEM,REP,DEM,DEM,15.15,92.9,7.1,Likely D,-0.15,5.22,15.15,0.87,9.48,-0.28,-4.35,19.49,False,False,,,0.0,0.0,,,0.0,projected,projected,,,0,,0.0,5456698,1666542,0,5679950,724376,0,0,0,1811089,957956,0,203262,199352,0,1584043,209500,0,0,0,0,0,56746,0,57.57,42.43,0.0,152457,112347,0,0,264804
NY-04,house,NY,04,Laura Gillen,Marvin Suber Williams,DEM,REP,DEM,REP,14.89,92.6,7.4,Likely D,4.95,5.22,17.16,2.49,4.21,0.3,1.29,13.59,False,False,,,0.0,0.0,,,0.0,projected,projected,46.0,41.0,1,2.0,0.15,5097222,137263,0,3843824,1036,0,0,0,1276602,136228,0,325671,956,0,1032059,0,0,0,121000,0,0,0,0,57.44,42.56,0.0,156273,115775,0,0,272049
NY-05,house,NY,05,Gregory Meeks,Aaron Cherry,DEM,REP,DEM,DEM,58.63,100.0,0.0,Safe D,48.87,5.22,58.63,0.0,3.89,0.65,42.8,15.83,False,False,,,0.0,0.0,,,0.0,projected,projected,,,0,,0.0,1744888,0,0,2010350,0,0,0,0,1963090,0,0,1965,0,0,928255,0,0,0,0,0,0,0,0,79.32,20.68,0.0,134363,35037,0,0,169400
NY-06,house,NY,06,Grace Meng,Juan Pagan,DEM,REP,DEM,DEM,29.34,99.8,0.2,Safe D,13.64,5.22,29.34,0.0,10.25,0.22,6.53,22.81,False,False,,,0.0,0.0,,,0.0,projected,projected,,,0,,0.0,2033045,0,0,1034068,0,0,0,0,1967862,0,0,22020,0,0,574800,0,0,0,0,0,0,0,0,64.67,35.33,0.0,94766,51777,0,0,146543
NY-07,house,NY,07,Claire Valdez,Republican candidate (NY-07),DEM,REP,,DEM,58.27,100.0,0.0,Safe D,52.11,5.22,58.27,0.0,0.0,0.94,47.19,11.08,False,False,,,0.0,0.0,,,0.0,confirmed,projected,,,0,,0.0,1693312,0,0,206842,0,0,956361,0,1486470,0,0,620052,0,0,44750,0,0,0,0,0,0,0,0,79.13,20.87,0.0,130182,34327,0,0,164509
NY-08,house,NY,08,Hakeem Jeffries,Richard Simmons,DEM,REP,DEM,DEM,60.87,100.0,0.0,Safe D,48.58,5.22,60.87,0.0,6.67,0.4,44.77,16.09,False,False,,,0.0,0.0,,,0.0,projected,projected,,,0,,0.0,14899981,0,0,5000460,0,0,0,0,14854086,0,0,7235721,0,0,2079150,0,0,0,0,0,0,0,0,80.43,19.57,0.0,134778,32788,0,0,167566
NY-09,house,NY,09,Yvette Clarke,Jean Depalis,DEM,REP,DEM,DEM,61.86,100.0,0.0,Safe D,45.33,5.22,61.86,2.27,8.81,0.23,41.39,20.47,False,False,,,0.0,0.0,,,0.0,projected,projected,,,0,,0.0,1013953,6202,0,30978,1055,0,289695,0,1093030,4169,0,27671,0,0,581951,0,0,0,2301,0,95704,3552,0,80.93,19.07,0.0,141860,33427,0,0,175286
NY-10,house,NY,10,Brad Lander,Gavin Solomon,DEM,REP,,DEM,70.39,100.0,0.0,Safe D,65.16,5.22,70.39,0.0,0.0,0.01,61.89,8.5,False,False,,,0.0,0.0,,,0.0,confirmed,projected,,,0,,0.0,2455130,0,0,55336,0,0,432138,219039,2399794,0,0,659707,0,0,49000,0,0,0,0,0,0,0,0,85.2,14.8,0.0,165177,28699,0,0,193876
NY-11,house,NY,11,Troy McGhie,Nicole Malliotakis,DEM,REP,REP,REP,-20.11,2.5,97.5,Safe R,-20.11,5.22,-20.11,-2.3,-2.82,-0.1,-24.83,4.71,False,False,,,0.0,0.0,,,0.0,projected,projected,,,0,,0.0,79597,2750505,0,0,2767340,0,0,0,79597,1329411,0,34279,210566,0,1500,1072300,0,250,0,0,0,0,0,39.94,60.06,0.0,76255,114652,0,0,190908
NY-12,house,NY,12,Micah Lasher,Amy Jordan,DEM,REP,,DEM,73.51,100.0,0.0,Safe D,67.27,5.22,73.51,1.42,0.0,-0.39,64.9,8.61,False,False,,,0.0,0.0,,,0.0,confirmed,projected,,,0,,0.0,3315975,58897,0,1088073,0,0,11999039,3017410,2232656,58897,0,90223,1095,0,22000,0,0,500000,53500,0,500000,0,0,86.76,13.24,0.0,205904,31433,0,0,237337
NY-13,house,NY,13,Darializa Avila Chevalier,Republican candidate (NY-13),DEM,REP,,DEM,73.01,100.0,0.0,Safe D,65.95,5.22,73.01,0.0,0.0,1.84,60.27,12.74,False,False,,,0.0,0.0,,,0.0,confirmed,projected,,,0,,0.0,1354602,0,0,222087,0,0,1887856,1530657,1132514,0,0,416612,0,0,26603,0,0,0,0,0,0,0,0,86.51,13.49,0.0,145052,22626,0,0,167678
NY-14,house,NY,14,Alexandria Ocasio-Cortez,Tina Forte,DEM,REP,DEM,DEM,48.74,100.0,0.0,Safe D,39.54,5.22,48.74,2.73,-0.49,1.73,32.37,16.38,False,False,,,0.0,0.0,,,0.0,projected,projected,,,0,,0.0,32607754,803141,0,15960932,2738,0,0,0,20381469,882618,0,21547856,570124,0,28050,0,0,0,0,0,0,15000,0,74.37,25.63,0.0,105745,36441,0,0,142186
NY-15,house,NY,15,Ritchie Torres,Republican candidate (NY-15),DEM,REP,DEM,DEM,69.47,100.0,0.0,Safe D,55.76,5.22,69.47,0.0,6.49,1.99,48.81,20.66,False,False,,,0.0,0.0,,,0.0,projected,projected,,,0,,0.0,6908655,0,0,13986721,0,0,3857427,0,4345916,0,0,129722,0,0,700550,0,0,0,0,0,0,0,0,84.73,15.27,0.0,110822,19966,0,0,130788
NY-16,house,NY,16,George Latimer,Republican candidate (NY-16),DEM,REP,DEM,DEM,50.18,100.0,0.0,Safe D,36.73,5.22,50.18,0.0,7.51,0.71,33.31,16.87,False,False,,,0.0,0.0,,,0.0,projected,projected,,,0,,0.0,513967,0,0,100662,0,0,0,0,605959,0,0,47572,0,0,189650,0,0,0,0,0,0,0,0,75.09,24.91,0.0,171509,56899,0,0,228409
NY-17,house,NY,17,Cait Conley,Mike Lawler,DEM,REP,REP,REP,3.39,62.9,37.1,Lean D,3.3,5.22,4.07,-0.42,-4.09,0.06,0.56,2.83,False,False,,,0.0,0.0,,,0.0,confirmed,confirmed,47.37,48.02,2,-0.02,0.189,4317457,8172046,0,1319156,4841306,0,1749553,1500000,2998301,3500108,0,707036,426203,0,422990,1926075,0,7000,0,0,0,0,0,51.69,48.31,0.0,140888,131652,0,0,272540
NY-18,house,NY,18,Pat Ryan,Sharanjit Thind,DEM,REP,DEM,DEM,16.46,94.5,5.5,Likely D,4.71,5.22,18.65,0.0,8.76,-0.04,3.35,13.1,False,False,,,0.0,0.0,,,0.0,projected,projected,53.0,39.0,1,11.0,0.206,4723627,0,0,3116479,0,0,0,0,1774339,0,0,245625,0,0,526547,0,0,0,0,0,0,0,0,58.23,41.77,0.0,151388,108604,0,0,259993
NY-19,house,NY,19,Josh Riley,Peter Oberacker,DEM,REP,DEM,DEM,13.48,90.5,9.5,Likely D,2.46,5.22,13.48,1.0,5.47,-0.68,1.8,11.68,False,False,,,0.0,0.0,,,0.0,projected,projected,,,0,,0.0,4825666,1237179,0,3190954,392868,0,60445,0,1703032,844311,0,437652,240815,0,743543,259000,0,0,130000,0,0,100000,0,56.74,43.26,0.0,152874,116558,0,0,269432
NY-20,house,NY,20,Paul Tonko,Ralph Ambrosio,DEM,REP,DEM,DEM,29.45,99.8,0.2,Safe D,15.58,5.22,29.45,1.91,7.34,-0.6,14.32,15.13,False,False,,,0.0,0.0,,,0.0,projected,projected,,,0,,0.0,957587,29026,0,404327,8119,0,0,0,1152761,20907,0,97613,7657,0,616955,1335,0,0,0,0,0,0,0,64.73,35.27,0.0,169424,92329,0,0,261754
NY-21,house,NY,21,Blake Gendebien,Anthony Constantino,DEM,REP,,REP,-13.74,9.1,90.9,Likely R,-19.4,5.22,-15.45,-0.4,0.0,-0.87,-20.76,7.02,False,False,,,0.0,0.0,,,0.0,confirmed,confirmed,44.0,45.0,1,-4.0,0.15,5461528,9460254,0,2622585,3036386,0,121618,40000,3091285,8730755,0,2589744,0,0,60400,7000,0,125,9400000,0,0,12000000,0,43.13,56.87,0.0,107814,142147,0,0,249961
NY-22,house,NY,22,John Mannion,John Lemondes,DEM,REP,DEM,DEM,24.17,99.1,0.9,Safe D,8.73,5.22,24.17,2.56,8.35,-0.69,7.69,16.47,False,False,,,0.0,0.0,,,0.0,projected,projected,,,0,,0.0,2694739,41022,0,1842997,409,0,71377,0,979983,40613,0,301510,4553,0,831621,5025,0,0,0,0,0,0,0,62.08,37.92,0.0,157546,96218,0,0,253764
NY-23,house,NY,23,Aaron Gies,Nick Langworthy,DEM,REP,REP,REP,-21.73,1.7,98.3,Safe R,-20.68,5.22,-21.73,-1.61,-3.78,-0.88,-21.19,-0.54,False,False,,,0.0,0.0,,,0.0,projected,projected,,,0,,0.0,227174,2326405,0,17795,2477498,0,0,0,203235,942715,0,64461,58551,0,0,1032142,0,0,0,0,0,0,0,39.14,60.86,0.0,108245,168337,0,0,276581
NY-24,house,NY,24,Alissa Ellman,Claudia Tenney,DEM,REP,REP,REP,-22.28,1.5,98.5,Safe R,-22.54,5.22,-22.28,-1.84,-2.27,-0.85,-23.24,0.96,False,False,,,0.0,0.0,,,0.0,projected,projected,,,0,,0.0,193088,2763139,0,12850,1373087,0,0,0,180238,1745055,0,76636,296718,0,7600,1220160,0,27597,0,0,17597,0,0,38.86,61.14,0.0,102202,160794,0,0,262996
NY-25,house,NY,25,Joe Morelle,Virginia McIntyre,DEM,REP,DEM,DEM,27.9,99.7,0.3,Safe D,19.31,5.22,27.9,2.4,1.39,-0.42,18.65,9.25,False,False,,,0.0,0.0,,,0.0,projected,projected,,,0,,0.0,1786904,32416,0,408038,12261,0,571931,0,1759070,20155,0,61270,6308,0,853475,2000,0,0,0,0,0,0,0,63.95,36.05,0.0,168298,94871,0,0,263169
NY-26,house,NY,26,Timothy Kennedy,Republican candidate (NY-26),DEM,REP,DEM,DEM,36.68,100.0,0.0,Safe D,21.0,5.22,36.68,0.0,10.93,-0.48,19.56,17.12,False,False,,,0.0,0.0,,,0.0,projected,projected,,,0,,0.0,2310288,0,0,1213878,0,0,0,0,1435475,0,0,57306,0,0,575739,0,0,0,0,0,0,0,0,68.34,31.66,0.0,162544,75306,0,0,237850
OH-01,house,OH,01,Greg Landsman,Eric Conroy,DEM,REP,DEM,DEM,11.35,86.5,13.5,Likely D,1.39,5.22,11.35,0.77,4.61,-0.64,-2.62,13.97,False,False,,,0.0,0.0,,,0.0,projected,projected,,,0,,0.0,4633250,1513614,0,3610214,474156,0,0,351300,1203152,1039457,0,242861,300934,0,976688,282647,0,0,326142,0,0,394102,0,55.68,44.32,0.0,154817,123254,0,0,278071
OH-02,house,OH,02,Jennifer Mazzuckelli,David Taylor,DEM,REP,REP,REP,-36.6,0.0,100.0,Safe R,-38.22,5.22,-36.6,0.0,-2.62,-0.98,-42.48,5.88,False,False,,,0.0,0.0,,,0.0,projected,projected,,,0,,0.0,0,1095248,0,0,442977,0,0,0,0,780078,0,0,151894,0,0,429000,0,0,0,0,0,1707300,0,31.7,68.3,0.0,83444,179772,0,0,263215
OH-03,house,OH,03,Joyce Beatty,Republican candidate (OH-03),DEM,REP,DEM,DEM,52.3,100.0,0.0,Safe D,44.86,5.22,52.3,0.0,2.61,-0.39,40.65,11.65,False,False,,,0.0,0.0,,,0.0,projected,projected,,,0,,0.0,1201451,0,0,2776821,0,0,0,0,1137204,0,0,25836,0,0,889517,0,0,0,0,0,2500,0,0,76.15,23.85,0.0,191017,59825,0,0,250842
OH-04,house,OH,04,Tamara Wilson,Jim Jordan,DEM,REP,REP,REP,-38.99,0.0,100.0,Safe R,-38.98,5.22,-38.99,-3.15,-1.21,-0.87,-43.01,4.02,False,False,,,0.0,0.0,,,0.0,projected,projected,,,0,,0.0,22050,4774322,0,520820,6030301,0,0,0,0,6230902,0,16879,1950436,0,0,529815,0,0,0,0,0,0,0,30.5,69.5,0.0,84629,192805,0,0,277434
OH-05,house,OH,05,Daniel Burket,Bob Latta,DEM,REP,REP,REP,-22.79,1.3,98.7,Safe R,-19.66,5.22,-22.79,-2.45,-5.23,-0.66,-23.97,1.19,False,False,,,0.0,0.0,,,0.0,projected,projected,,,0,,0.0,7551,1461648,0,0,1040964,0,0,0,7551,1038450,0,4752,34441,0,0,810650,0,1299,0,0,0,0,0,38.61,61.39,0.0,104730,166540,0,0,271270
OH-06,house,OH,06,Malcolm Ritchie,Michael Rulli,DEM,REP,REP,REP,-28.85,0.3,99.7,Safe R,-29.89,5.22,-28.85,-2.12,-1.23,-0.84,-34.9,6.04,False,False,,,0.0,0.0,,,0.0,projected,projected,,,0,,0.0,19728,1127553,0,0,284711,0,0,0,19728,913479,0,5531,9740,0,250,705286,0,11415,0,0,0,0,0,35.57,64.43,0.0,91019,164843,0,0,255863
OH-07,house,OH,07,Brian Poindexter,Max Miller,DEM,REP,REP,REP,-5.33,30.2,69.8,Lean R,-7.41,5.22,-5.57,-0.51,-2.0,-0.86,-11.15,5.82,False,False,,,0.0,0.0,,,0.0,projected,projected,43.5,41.49,2,2.02,0.194,603156,2142562,0,312290,1379132,0,1386913,41674,290865,937959,0,148902,165677,0,162073,656841,0,1421,0,0,0,970000,0,47.33,52.67,0.0,141168,157065,0,0,298234
OH-08,house,OH,08,Vanessa Enoch,Warren Davidson,DEM,REP,REP,REP,-9.1,18.8,81.2,Likely R,-12.42,5.22,-9.1,0.0,-1.23,-0.67,-15.78,6.68,False,False,,,0.0,0.0,,,0.0,projected,projected,,,0,,0.0,0,661353,0,2987,529910,0,0,0,0,526145,0,11204,6597,0,14192,273950,0,0,0,0,0,0,0,45.45,54.55,0.0,128090,153721,0,0,281811
OH-09,house,OH,09,Marcy Kaptur,Derek Merrin,DEM,REP,DEM,DEM,8.99,80.9,19.1,Likely D,-6.01,5.22,10.76,0.77,11.37,-0.59,-10.68,19.67,False,False,,,0.0,0.0,,,0.0,projected,projected,43.0,47.0,1,-1.0,0.15,4303416,1508953,0,3491668,531214,0,86000,37000,1260674,1054389,0,448413,88590,0,1126725,116900,0,0,310000,0,0,88352,0,54.5,45.5,0.0,145394,121403,0,0,266797
OH-10,house,OH,10,Kristina Knickerbocker,Mike Turner,DEM,REP,REP,REP,-9.83,17.0,83.0,Likely R,-4.01,5.22,-10.06,-0.62,-9.99,-0.65,-7.86,-1.97,False,False,,,0.0,0.0,,,0.0,projected,projected,41.0,47.01,2,-9.01,0.21,362666,894595,0,125160,556284,0,0,0,237506,768735,0,75520,48775,0,26500,399000,0,7028,0,0,48362,0,0,45.08,54.92,0.0,119655,145747,0,0,265403
OH-11,house,OH,11,Shontel Brown,Mike Kirchner,DEM,REP,DEM,DEM,70.2,100.0,0.0,Safe D,60.04,5.22,70.2,0.0,4.98,-0.04,55.47,14.73,False,False,,,0.0,0.0,,,0.0,projected,projected,,,0,,0.0,1183643,0,0,1156556,0,0,0,0,882901,0,0,39308,0,0,723196,0,0,0,0,0,0,0,0,85.1,14.9,0.0,190934,33431,0,0,224365
OH-12,house,OH,12,Jerrad Christian,Troy Balderson,DEM,REP,REP,REP,-26.17,0.6,99.4,Safe R,-26.72,5.22,-26.17,-1.94,-1.79,-0.93,-30.36,4.19,False,False,,,0.0,0.0,,,0.0,projected,projected,,,0,,0.0,84378,1743281,0,18925,1982352,0,0,0,69210,767354,0,54369,16715,0,2250,1040300,0,0,0,0,0,0,0,36.92,63.08,0.0,105985,181116,0,0,287101
OH-13,house,OH,13,Emilia Sykes,Carey Coleman,DEM,REP,DEM,DEM,18.33,96.2,3.8,Safe D,7.54,5.22,18.33,2.17,4.16,-0.76,3.32,15.0,False,False,,,0.0,0.0,,,0.0,projected,projected,,,0,,0.0,3135891,127109,0,1897462,77727,0,0,0,1361107,49382,0,414239,32140,0,1006777,8000,0,0,51000,0,0,57778,0,59.16,40.84,0.0,161663,111585,0,0,273248
OH-14,house,OH,14,Maria Jukic,David Joyce,DEM,REP,REP,REP,-20.31,2.4,97.6,Safe R,-16.08,5.22,-20.31,-1.93,-6.65,-0.87,-20.53,0.23,False,False,,,0.0,0.0,,,0.0,projected,projected,,,0,,0.0,61678,1410643,0,33693,3121595,0,0,12000,19515,1031924,0,23317,20291,0,0,967101,0,80,0,0,9012,0,0,39.85,60.15,0.0,115318,174087,0,0,289404
OH-15,house,OH,15,Don Leonard,Mike Carey,DEM,REP,REP,REP,-6.14,27.6,72.4,Lean R,-6.14,5.22,-6.14,-1.22,-3.35,-0.65,-10.11,3.98,False,False,,,0.0,0.0,,,0.0,confirmed,confirmed,,,0,,0.0,606658,3299678,0,252402,2056713,0,0,0,354256,1404260,0,90488,51245,0,11250,1742650,0,11920,0,0,10000,0,0,46.93,53.07,0.0,118481,133972,0,0,252454
OK-01,house,OK,01,John Croisant,Jackson Lahmeyer,DEM,REP,,REP,-17.93,4.1,95.9,Safe R,-21.73,5.22,-17.93,-0.85,0.0,-0.56,-22.0,4.08,False,False,,,0.0,0.0,,,0.0,projected,projected,,,0,,0.0,141972,415914,0,36579,10742,0,24500,478722,105393,405172,0,46686,47089,0,0,30000,0,1000,108078,0,0,60000,0,41.04,58.96,0.0,90486,130010,0,0,220496
OK-02,house,OK,02,Erik Terwey,Josh Brecheen,DEM,REP,REP,REP,-52.47,0.0,100.0,Safe R,-54.99,5.22,-52.47,-1.1,-0.28,-1.31,-56.51,4.05,False,False,,,0.0,0.0,,,0.0,projected,projected,,,0,,0.0,11759,218894,0,2507,76064,0,0,0,9252,213526,0,7038,4729,0,0,110008,0,600,0,0,0,0,0,23.77,76.23,0.0,54173,173761,0,0,227935
OK-03,house,OK,03,Jules Roberson,Frank Lucas,DEM,REP,REP,REP,-46.4,0.0,100.0,Safe R,-44.7,5.22,-46.4,-2.2,-4.46,-0.26,-45.69,-0.7,False,False,,,0.0,0.0,,,0.0,projected,projected,,,0,,0.0,945,907279,0,511,532512,0,0,0,434,993052,0,340,4066,0,0,674481,0,105,0,0,0,0,0,26.8,73.2,0.0,51567,140833,0,0,192401
OK-04,house,OK,04,Mitchell Jacob,Tom Cole,DEM,REP,REP,REP,-35.74,0.0,100.0,Safe R,-32.72,5.22,-35.74,-2.65,-4.87,-0.71,-33.57,-2.17,False,False,,,0.0,0.0,,,0.0,projected,projected,,,0,,0.0,65289,3827891,0,4166,2599733,0,0,250000,61123,3008432,0,15682,109109,0,0,1568079,0,23231,0,0,22500,0,0,32.13,67.87,0.0,70018,147904,0,0,217922
OK-05,house,OK,05,Jena Nelson,Stephanie Bice,DEM,REP,REP,REP,-17.79,4.2,95.8,Safe R,-18.48,5.22,-17.79,-1.04,-2.87,-0.62,-18.66,0.87,False,False,,,0.0,0.0,,,0.0,projected,projected,,,0,,0.0,449421,1943507,0,17334,2021981,0,0,0,432087,1007476,0,174155,41602,0,3500,973750,0,0,0,0,38312,0,0,41.11,58.89,0.0,97616,139853,0,0,237469
OR-01,house,OR,01,Suzanne Bonamici,Barbara Kahl,DEM,REP,DEM,DEM,49.68,100.0,0.0,Safe D,38.91,5.22,49.68,2.08,3.85,-0.38,39.2,10.47,False,False,,,0.0,0.0,,,0.0,projected,projected,,,0,,0.0,816770,4466,0,572435,212,0,0,0,790299,3555,0,58564,1246,0,423600,500,0,0,0,0,0,10870,0,74.84,25.16,0.0,192806,64820,0,0,257626
OR-02,house,OR,02,Chris Beck,Cliff Bentz,DEM,REP,REP,REP,-28.8,0.3,99.7,Safe R,-27.91,5.22,-28.8,-1.49,-4.12,-0.49,-27.9,-0.9,False,False,,,0.0,0.0,,,0.0,projected,projected,,,0,,0.0,94774,1011413,0,53777,1420775,0,0,0,40996,646983,0,20945,44713,0,7850,561542,0,0,0,0,1307,0,0,35.6,64.4,0.0,91568,165629,0,0,257197
OR-03,house,OR,03,Maxine Dexter,Loran Ayles,DEM,REP,DEM,DEM,55.39,100.0,0.0,Safe D,47.48,5.22,55.39,0.0,3.05,-0.37,47.61,7.78,False,False,,,0.0,0.0,,,0.0,projected,projected,,,0,,0.0,1038514,0,0,173687,0,0,0,0,887314,0,0,92790,0,0,350972,0,0,0,0,0,0,0,0,77.69,22.31,0.0,191235,54908,0,0,246143
OR-04,house,OR,04,Valerie Hoyle,Monique Despain,DEM,REP,DEM,DEM,17.23,95.3,4.7,Safe D,11.99,5.22,17.23,0.47,0.25,-0.71,12.44,4.78,False,False,,,0.0,0.0,,,0.0,projected,projected,,,0,,0.0,1222922,677571,0,520840,387695,0,292419,0,791472,289876,0,65059,93427,0,609627,24999,0,0,30434,0,0,30000,0,58.61,41.39,0.0,160550,113365,0,0,273916
OR-05,house,OR,05,Janelle Bynum,Patti Adair,DEM,REP,DEM,REP,16.84,94.9,5.1,Likely D,8.21,5.22,16.84,1.57,2.47,-0.63,8.92,7.93,False,False,,,0.0,0.0,,,0.0,confirmed,confirmed,,,0,,0.0,3760212,423922,0,2715860,135365,0,60445,0,1089484,288556,0,476165,103182,0,1145915,3750,0,0,7144,0,0,27361,0,58.42,41.58,0.0,169955,120957,0,0,290912
OR-06,house,OR,06,Andrea Salinas,David Russ,DEM,REP,DEM,DEM,18.21,96.2,3.8,Safe D,11.44,5.22,18.21,2.46,-0.75,-0.15,11.74,6.48,False,False,,,0.0,0.0,,,0.0,projected,projected,,,0,,0.0,1613394,12791,0,611103,1855,0,0,0,1063766,25206,0,183489,284,0,669120,5000,0,7,2000,0,0,2000,0,59.11,40.89,0.0,145391,100589,0,0,245980
PA-01,house,PA,01,Robert Harvie,Brian Fitzpatrick,DEM,REP,REP,REP,-1.67,43.6,56.4,Toss-up,6.04,5.22,-0.4,-0.89,-10.04,-0.73,0.33,-2.0,False,False,,,0.0,0.0,,,0.0,confirmed,confirmed,41.97,47.81,2,-8.83,0.15,2007499,6734931,0,794921,6355534,0,18922,10609,1212578,4801927,0,411567,116186,0,225963,2240827,0,0,0,0,0,24750,0,49.17,50.83,0.0,163050,168575,0,0,331625
PA-02,house,PA,02,Brendan Boyle,Jessica Arriaga,DEM,REP,DEM,DEM,55.86,100.0,0.0,Safe D,43.32,5.22,55.86,0.0,6.83,0.49,36.13,19.73,False,False,,,0.0,0.0,,,0.0,projected,projected,,,0,,0.0,2451958,0,0,5560518,0,0,0,0,729723,0,0,18411,0,0,970785,0,0,0,0,0,0,0,0,77.93,22.07,0.0,160803,45537,0,0,206340
PA-03,house,PA,03,Chris Rabb,Alexander Schnell,DEM,REP,,DEM,92.13,100.0,0.0,Safe D,84.09,5.22,92.13,2.85,0.0,-0.04,78.22,13.91,False,False,,,0.0,0.0,,,0.0,projected,projected,,,0,,0.0,1329253,81,0,21452,22,0,2602769,0,1307802,59,0,310928,0,0,87864,0,0,0,81,0,42000,0,0,96.06,3.94,0.0,263749,10809,0,0,274558
PA-04,house,PA,04,Madeleine Dean,Aurora Stuski,DEM,REP,DEM,DEM,29.64,99.8,0.2,Safe D,21.33,5.22,29.64,0.0,3.75,-0.67,15.97,13.66,False,False,,,0.0,0.0,,,0.0,projected,projected,,,0,,0.0,1371536,0,0,1184807,0,0,0,0,1155470,0,0,140831,0,0,725200,0,0,0,0,0,0,0,0,64.82,35.18,0.0,212260,115211,0,0,327471
PA-05,house,PA,05,Mary Scanlon,Melvin Johnakin,DEM,REP,DEM,DEM,42.44,100.0,0.0,Safe D,34.56,5.22,42.44,0.0,3.07,-0.42,28.94,13.5,False,False,,,0.0,0.0,,,0.0,projected,projected,,,0,,0.0,990586,0,0,448590,0,0,0,0,859742,0,0,73979,0,0,449092,0,0,0,0,0,0,0,0,71.22,28.78,0.0,208739,84362,0,0,293101
PA-06,house,PA,06,Chrissy Houlahan,Martin Young,DEM,REP,DEM,DEM,25.93,99.4,0.6,Safe D,16.86,5.22,25.93,1.03,3.03,-0.21,11.53,14.41,False,False,,,0.0,0.0,,,0.0,projected,projected,,,0,,0.0,1763415,411270,0,4037759,213449,0,0,0,1131269,197822,0,131686,10915,0,523250,3548,0,0,100000,0,0,25000,0,62.97,37.03,0.0,187358,110197,0,0,297555
PA-07,house,PA,07,Bob Brooks,Ryan Mackenzie,DEM,REP,REP,REP,3.01,61.5,38.5,Lean D,2.38,5.22,3.36,-0.22,-3.92,-0.09,-3.24,6.25,False,False,,,0.0,0.0,,,0.0,confirmed,confirmed,47.0,43.0,1,1.0,0.15,2392215,4357405,0,1018423,2938717,0,2726491,312372,1373792,1521928,0,599387,554134,0,408000,1047913,0,3500,0,0,15000,22583,0,51.5,48.5,0.0,148168,139513,0,0,287681
PA-08,house,PA,08,Paige Cognetti,Rob Bresnahan,DEM,REP,REP,DEM,0.72,52.8,47.2,Toss-up,-2.65,5.22,1.11,-0.09,-1.0,-0.37,-8.58,9.29,False,False,,,0.0,0.0,,,0.0,confirmed,confirmed,46.51,45.0,3,-1.49,0.15,4609589,5234586,0,3406710,2608048,0,104423,0,1202879,2679690,0,620354,608239,0,436327,1383927,0,0,55536,0,0,777068,0,50.36,49.64,0.0,137810,135847,0,0,273657
PA-09,house,PA,09,Rachel Wallace,Dan Meuser,DEM,REP,REP,REP,-32.5,0.1,99.9,Safe R,-33.36,5.22,-32.5,-0.72,-2.87,-0.77,-38.27,5.77,False,False,,,0.0,0.0,,,0.0,projected,projected,,,0,,0.0,697865,1903078,0,386883,170733,0,0,0,310982,1765991,0,171661,6655,0,42800,792000,0,0,0,0,0,250000,0,33.75,66.25,0.0,94150,184793,0,0,278943
PA-10,house,PA,10,Janelle Stelson,Scott Perry,DEM,REP,REP,REP,9.55,82.3,17.7,Likely D,-0.56,5.22,10.73,0.15,6.4,-0.48,-5.29,14.84,False,False,,,0.0,0.0,,,0.0,projected,projected,50.81,44.94,3,2.87,0.15,6364069,5194925,0,4478639,2845976,0,97404,107526,1900667,2430869,0,1057743,1408838,0,495435,655127,0,0,0,0,0,335158,0,54.78,45.22,0.0,157904,130371,0,0,288275
PA-11,house,PA,11,Nancy Mannion,Lloyd Smucker,DEM,REP,REP,REP,-16.73,5.2,94.8,Likely R,-17.05,5.22,-16.73,-1.34,-2.99,-0.58,-21.57,4.84,False,False,,,0.0,0.0,,,0.0,projected,projected,,,0,,0.0,214230,1524161,0,47150,810787,0,0,0,167079,1617466,0,51165,5708,0,7250,803667,0,47457,0,0,0,0,0,41.63,58.37,0.0,120225,168543,0,0,288768
PA-12,house,PA,12,Summer Lee,Leonard Fechter,DEM,REP,DEM,DEM,29.89,99.8,0.2,Safe D,24.32,5.22,29.89,2.34,-1.29,-0.71,19.36,10.53,False,False,,,0.0,0.0,,,0.0,projected,projected,,,0,,0.0,1466287,17477,0,1649288,6805,0,43068,0,828578,10672,0,381058,979,0,207105,0,0,0,0,0,0,0,0,64.94,35.06,0.0,195155,105339,0,0,300494
PA-13,house,PA,13,Elizabeth Farnham,John Joyce,DEM,REP,REP,REP,-40.71,0.0,100.0,Safe R,-41.12,5.22,-40.71,-2.37,-1.57,-0.87,-45.91,5.2,False,False,,,0.0,0.0,,,0.0,projected,projected,,,0,,0.0,55347,2418119,0,16053,3759995,0,0,0,40056,1258262,0,22129,1699,0,2217,1402618,0,168,0,0,0,0,0,29.64,70.36,0.0,85744,203501,0,0,289246
PA-14,house,PA,14,David Bradstock,Guy Reschenthaler,DEM,REP,REP,REP,-27.19,0.4,99.6,Safe R,-28.34,5.22,-27.19,-2.12,-1.01,-0.94,-33.59,6.4,False,False,,,0.0,0.0,,,0.0,projected,projected,,,0,,0.0,201421,4209644,0,34707,990681,0,0,0,166713,3768044,0,56725,1004693,0,17908,1167150,0,2000,0,0,0,0,0,36.4,63.6,0.0,107431,187683,0,0,295114
PA-15,house,PA,15,Raymond Bilger,Glenn Thompson,DEM,REP,REP,REP,-34.71,0.0,100.0,Safe R,-33.22,5.22,-34.71,-1.73,-4.07,-0.92,-38.3,3.59,False,False,,,0.0,0.0,,,0.0,projected,projected,,,0,,0.0,139521,1851459,0,87343,829752,0,1788,0,52178,1813501,0,41802,38674,0,2250,1037568,0,1100,0,0,0,0,0,32.64,67.36,0.0,90868,187498,0,0,278366
PA-16,house,PA,16,Justin Wagner,George Kelly,DEM,REP,REP,REP,-17.87,4.1,95.9,Safe R,-17.7,5.22,-17.87,-1.76,-2.74,-0.89,-22.97,5.1,False,False,,,0.0,0.0,,,0.0,projected,projected,,,0,,0.0,66591,1168433,0,37534,1329347,0,0,0,34058,881774,0,30195,2279,0,50,874667,0,620,0,0,0,90000,0,41.06,58.94,0.0,120088,172348,0,0,292436
PA-17,house,PA,17,Chris Deluzio,Jesse Vodvarka,DEM,REP,DEM,DEM,21.92,98.3,1.7,Safe D,10.2,5.22,21.92,2.76,4.58,-0.84,5.56,16.36,False,False,,,0.0,0.0,,,0.0,projected,projected,,,0,,0.0,2776943,21506,0,1073975,839,0,0,0,2056640,20667,0,749578,424,0,512370,0,0,0,19000,0,0,19000,0,60.96,39.04,0.0,195063,124923,0,0,319987
RI-01,house,RI,01,Gabriel Amo,Republican candidate (RI-01),DEM,REP,DEM,DEM,40.98,100.0,0.0,Safe D,27.61,5.22,40.98,0.0,8.21,-0.06,22.62,18.36,False,False,,,0.0,0.0,,,0.0,projected,projected,,,0,,0.0,1507413,0,0,1734227,0,0,0,0,707833,0,0,35234,0,0,577922,0,0,0,0,0,0,0,0,70.49,29.51,0.0,116389,48725,0,0,165114
RI-02,house,RI,02,Seth Magaziner,Victor Mellor,DEM,REP,DEM,DEM,17.69,95.7,4.3,Safe D,11.75,5.22,17.69,-0.61,1.67,-0.33,6.97,10.72,False,False,,,0.0,0.0,,,0.0,projected,projected,,,0,,0.0,1249772,2893809,0,1588340,1440657,0,0,0,538397,1453152,0,48493,13634,0,471500,0,0,0,2845019,0,0,2175000,0,58.85,41.15,0.0,114299,79935,0,0,194234
SC-01,house,SC,01,Nancy Lacore,Jenny Costa Honeycutt,DEM,REP,,REP,-3.13,38.0,62.0,Lean R,-8.72,5.22,-3.23,0.72,0.0,-0.45,-13.29,10.15,False,False,LIB,,0.0,0.0,,,0.0,confirmed,confirmed,44.5,46.5,1,-5.0,0.192,2279585,556418,0,412020,78533,0,770636,1155075,1867565,477885,0,1066621,12145,0,75250,74500,0,0,13500,0,0,10000,0,47.38,50.44,2.18,133039,141643,6122,0,280804
SC-02,house,SC,02,Zyon Khalifa,Joe Wilson,DEM,REP,REP,REP,-11.48,13.2,86.8,Likely R,-9.9,5.22,-11.48,-2.01,-4.4,-0.39,-14.16,2.68,False,False,,,0.0,0.0,,,0.0,confirmed,confirmed,,,0,,0.0,12410,861105,0,218,182912,0,0,0,12192,722706,0,1827,15147,0,0,261000,0,0,200000,0,2000,0,0,44.26,55.74,0.0,113286,142674,0,0,255960
SC-03,house,SC,03,Eunice Lehmacher,Sheri Biggs,DEM,REP,REP,REP,-41.49,0.0,100.0,Safe R,-38.36,5.22,-41.49,-1.36,-6.42,-0.56,-43.62,2.13,False,False,,,0.0,0.0,,,0.0,projected,projected,,,0,,0.0,40413,505333,0,17299,218741,0,0,5979,23114,390677,0,19631,6400,0,333,291476,0,100,0,0,100,395000,0,29.26,70.74,0.0,73022,176563,0,0,249586
SC-04,house,SC,04,Courtney McClain,William Timmons,DEM,REP,REP,REP,-17.94,4.1,95.9,Safe R,-19.2,5.22,-17.94,-2.32,-1.32,-0.31,-23.95,6.01,False,False,,,0.0,0.0,,,0.0,projected,projected,,,0,,0.0,31787,1598225,0,-3075,77225,0,0,487316,37392,1541115,0,31787,2566,0,0,637500,0,0,650000,0,0,0,0,41.03,58.97,0.0,101725,146194,0,0,247920
SC-05,house,SC,05,Mallory Dittmer,Wes Climer,DEM,REP,,REP,-14.62,7.8,92.2,Likely R,-18.18,5.22,-14.62,-1.2,0.0,-0.47,-23.1,8.48,False,False,,,0.0,0.0,,,0.0,projected,projected,,,0,,0.0,139717,884284,0,74508,599621,0,0,0,65209,284663,0,41306,11650,0,100,236000,0,1209,5630,0,0,0,0,42.69,57.31,0.0,111470,149656,0,0,261126
SC-06,house,SC,06,Jim Clyburn,Republican candidate (SC-06),DEM,REP,DEM,DEM,36.28,100.0,0.0,Safe D,29.55,5.22,36.28,0.0,1.6,-0.09,23.24,13.04,False,False,,,0.0,0.0,,,0.0,projected,projected,,,0,,0.0,1225051,0,0,1634793,0,0,0,0,1429385,0,0,164655,0,0,720491,0,0,0,0,0,0,0,0,68.14,31.86,0.0,149210,69765,0,0,218975
SC-07,house,SC,07,John Vincent,Russell Fry,DEM,REP,REP,REP,-21.38,1.9,98.1,Safe R,-20.77,5.22,-21.38,-1.22,-4.12,-0.48,-26.62,5.25,False,False,,,0.0,0.0,,,0.0,projected,projected,36.7,41.1,1,-7.4,0.214,297264,1720803,0,62378,1038817,0,0,0,234885,1243169,0,146296,88678,0,3500,697914,0,10750,0,0,0,0,0,39.31,60.69,0.0,105878,163449,0,0,269328
SD-01,house,SD,01,Nicole Gronli,Marty Jackley,DEM,REP,,REP,-25.63,0.6,99.4,Safe R,-28.63,5.22,-25.63,-1.2,0.0,-1.02,-29.98,4.35,False,False,,,0.0,0.0,,,0.0,confirmed,confirmed,,,0,,0.0,261764,1438706,0,110978,1062725,0,0,149680,150786,375981,0,88621,17640,0,12933,181250,0,1500,1000,0,0,0,0,37.18,62.82,0.0,110985,187488,0,0,298473
TN-01,house,TN,01,Kristi Burke,Diana Harshbarger,DEM,REP,REP,REP,-55.95,0.0,100.0,Safe R,-56.16,5.22,-55.95,-1.65,-2.51,-0.85,-58.44,2.49,False,False,,,0.0,0.0,,,0.0,projected,projected,,,0,,0.0,92445,1228936,0,22462,2002792,0,0,13375,69983,676913,0,66015,91691,0,250,674250,0,10,0,0,0,1456793,0,22.02,77.98,0.0,53700,190137,0,0,243837
TN-02,house,TN,02,Michaela Barnett,Tim Burchett,DEM,REP,REP,REP,-33.29,0.1,99.9,Safe R,-32.0,5.22,-33.29,-1.3,-4.43,-0.77,-34.33,1.04,False,False,,,0.0,0.0,,,0.0,projected,projected,,,0,,0.0,363437,2302907,0,70914,1052623,0,0,0,292523,1978474,0,147163,1307165,0,250,137525,0,6415,0,0,6000,14486,0,33.36,66.64,0.0,85641,171103,0,0,256744
TN-03,house,TN,03,Joel Hawn,Chuck Fleischmann,DEM,REP,REP,REP,-35.61,0.0,100.0,Safe R,-33.81,5.22,-35.61,-2.9,-3.43,-0.69,-36.21,0.6,False,False,,,0.0,0.0,,,0.0,projected,projected,,,0,,0.0,140,2330803,0,70,4835525,0,0,0,70,752331,0,110,4395,0,0,642250,0,30,0,0,0,0,0,32.2,67.8,0.0,81860,172388,0,0,254248
TN-04,house,TN,04,Victoria Broderick,Scott Desjarlais,DEM,REP,REP,REP,-17.45,4.5,95.5,Safe R,-20.78,5.22,-17.45,-1.3,-0.33,-0.26,-24.28,6.83,False,False,,,0.0,0.0,,,0.0,projected,projected,,,0,,0.0,52227,524813,0,3646,524597,0,0,0,56273,366235,0,32696,1422,0,1250,301000,0,500,0,0,0,0,0,41.27,58.73,0.0,88016,125229,0,0,213245
TN-05,house,TN,05,Chaz Molder,Andy Ogles,DEM,REP,REP,REP,-13.81,9.0,91.0,Likely R,-18.87,5.22,-14.65,0.93,-1.53,-0.41,-23.39,9.59,False,False,,,0.0,0.0,,,0.0,projected,projected,,,0,,0.0,2490106,590480,0,1556521,67235,0,0,284593,933585,585166,0,276422,113404,0,207071,128000,0,0,0,0,16500,70369,0,43.1,56.9,0.0,94735,125082,0,0,219818
TN-06,house,TN,06,Chaney Mosley,Van Hilleary,DEM,REP,,REP,-21.05,2.0,98.0,Safe R,-23.82,5.22,-21.05,-1.82,0.0,-0.63,-26.87,5.83,False,False,,,0.0,0.0,,,0.0,projected,presumptive,,,0,,0.0,77511,1502905,0,29240,952186,0,34023,38251,48271,550719,0,28186,12060,0,0,43000,0,20,0,0,0,0,0,39.48,60.52,0.0,100060,153408,0,0,253469
TN-07,house,TN,07,Darden Copeland,Matt Van Epps,DEM,REP,REP,REP,-17.84,4.2,95.8,Safe R,-20.2,5.22,-17.84,-0.63,-1.67,-0.56,-22.73,4.89,False,False,,,0.0,0.0,,,0.0,projected,projected,,,0,,0.0,794111,2262074,0,76888,276506,0,1658286,2781936,717223,1985567,0,101545,416742,0,3000,578005,0,190336,0,0,165000,111317,0,41.08,58.92,0.0,103989,149140,0,0,253129
TN-08,house,TN,08,William Wicker,David Kustoff,DEM,REP,REP,REP,-18.63,3.5,96.5,Safe R,-18.0,5.22,-18.63,0.0,-5.48,-0.37,-20.43,1.8,False,False,,,0.0,0.0,,,0.0,projected,projected,,,0,,0.0,0,2220455,0,0,3118534,0,0,0,0,1161382,0,0,3180,0,0,1022100,0,0,0,0,0,146500,0,40.69,59.31,0.0,91525,133432,0,0,224958
TN-09,house,TN,09,Justin Pearson,Brent Taylor,DEM,REP,,REP,-11.69,12.8,87.2,Likely R,-16.85,5.22,-11.69,0.24,0.0,-0.3,-21.42,9.74,False,False,,,0.0,0.0,,,0.0,projected,projected,,,0,,0.0,2201980,1426525,0,798929,856613,0,22222,467582,1403052,569912,0,1135358,2534,0,32694,67300,0,278,1000000,0,0,1000000,0,44.16,55.84,0.0,99491,125822,0,0,225313
TX-01,house,TX,01,Democratic candidate (TX-01),Nathaniel Moran,DEM,REP,REP,REP,-41.2,0.0,100.0,Safe R,-44.71,5.22,-41.2,0.0,-1.67,-0.04,-49.91,8.71,False,False,,,0.0,0.0,,,0.0,projected,projected,,,0,,0.0,0,1797848,0,0,777546,0,0,0,0,1401248,0,0,259260,0,0,779600,0,0,0,0,0,0,0,29.4,70.6,0.0,67036,160975,0,0,228011
TX-02,house,TX,02,Shaun Finnie,Steve Toth,DEM,REP,,REP,-12.94,10.4,89.6,Likely R,-19.51,5.22,-12.94,0.88,0.0,0.47,-23.13,10.2,False,False,,,0.0,0.0,,,0.0,projected,projected,,,0,,0.0,2729677,824450,0,1469201,152935,0,1842767,519477,1260476,671515,0,58184,48980,0,1000,67800,0,1961000,13000,0,1961000,0,0,43.53,56.47,0.0,102715,133241,0,0,235956
TX-03,house,TX,03,Evan Hunt,Keith Self,DEM,REP,REP,REP,-16.02,6.0,94.0,Likely R,-19.31,5.22,-16.02,-0.25,-1.67,-0.01,-23.98,7.96,False,False,,,0.0,0.0,,,0.0,projected,projected,,,0,,0.0,446506,645503,0,43878,212694,0,0,0,402628,542149,0,189126,130447,0,5500,178673,0,75000,1851,0,75581,0,0,41.99,58.01,0.0,108856,150391,0,0,259246
TX-04,house,TX,04,Jason Pearce,Pat Fallon,DEM,REP,REP,REP,-21.46,1.9,98.1,Safe R,-20.16,5.22,-21.46,-1.91,-4.23,-0.38,-25.16,3.7,False,False,,,0.0,0.0,,,0.0,projected,projected,,,0,,0.0,16271,790505,0,2086,1097026,0,0,0,14185,353558,0,4774,2939,0,0,300080,0,8797,0,0,8797,25000,0,39.27,60.73,0.0,101094,156327,0,0,257421
TX-05,house,TX,05,Ruth Torres,Lance Gooden,DEM,REP,REP,REP,-13.98,8.7,91.3,Likely R,-17.0,5.22,-13.98,-2.23,-0.52,0.55,-21.84,7.86,False,False,,,0.0,0.0,,,0.0,projected,projected,,,0,,0.0,20748,1341647,0,4035,1329417,0,0,0,16989,729587,0,298,5258,0,0,523533,0,20000,0,0,38040,0,0,43.01,56.99,0.0,88332,117047,0,0,205379
TX-06,house,TX,06,Danny Minton,Jake Ellzey,DEM,REP,REP,REP,-19.36,3.0,97.0,Safe R,-19.08,5.22,-19.36,-2.94,-3.17,0.6,-23.28,3.91,False,False,,,0.0,0.0,,,0.0,projected,projected,,,0,,0.0,44283,4660385,0,13638,2483402,0,0,34293,30645,3272431,0,15583,447295,0,0,743635,0,3125,0,0,3125,0,0,40.32,59.68,0.0,87442,129436,0,0,216878
TX-07,house,TX,07,Elizabeth Fletcher,Alexander Hale,DEM,REP,DEM,DEM,40.4,100.0,0.0,Safe D,30.25,5.22,40.4,1.84,2.19,0.9,24.12,16.28,False,False,,,0.0,0.0,,,0.0,projected,projected,,,0,,0.0,1426057,76578,0,1702706,6342,0,0,0,1040012,70236,0,33174,4337,0,601600,2500,0,0,3615,0,0,5077,0,70.2,29.8,0.0,124868,53009,0,0,177877
TX-08,house,TX,08,Keith Coleman,Jessica Steinmann,DEM,REP,,REP,-18.57,3.6,96.4,Safe R,-21.79,5.22,-18.57,-2.83,0.0,0.83,-27.99,9.43,False,False,,,0.0,0.0,,,0.0,projected,projected,,,0,,0.0,11974,2064033,0,410,122187,0,0,1744167,11565,1941845,0,1203,65062,0,0,297050,0,414,650000,0,0,425000,0,40.72,59.28,0.0,87881,127950,0,0,215831
TX-09,house,TX,09,Leticia Gutierrez,Alexandra Mealer,DEM,REP,,REP,-7.28,24.0,76.0,Likely R,-12.76,5.22,-7.28,-1.92,0.0,2.18,-20.07,12.79,False,False,,,0.0,0.0,,,0.0,projected,projected,,,0,,0.0,55358,2080514,0,18658,362040,0,567688,5110648,36700,1718474,0,9882,46719,0,0,259300,0,500,4850,0,500,0,0,46.36,53.64,0.0,64444,74571,0,0,139016
TX-10,house,TX,10,Caitlin Rourk,Chris Gober,DEM,REP,,REP,-13.67,9.2,90.8,Likely R,-17.44,5.22,-13.67,-1.52,0.0,0.07,-22.93,9.26,False,False,,,0.0,0.0,,,0.0,projected,projected,,,0,,0.0,363959,2559185,0,92140,119627,0,0,1574333,271819,2439558,0,124564,9828,0,7850,129146,0,28061,1649822,0,0,750000,0,43.16,56.84,0.0,106823,140660,0,0,247484
TX-11,house,TX,11,Claire Reynolds,August Pfluger,DEM,REP,REP,REP,-28.03,0.3,99.7,Safe R,-30.13,5.22,-28.03,-2.36,-1.67,0.91,-34.78,6.75,False,False,,,0.0,0.0,,,0.0,projected,projected,,,0,,0.0,89281,3189023,0,46790,2881724,0,0,0,42491,2631404,0,23743,269143,0,5000,182500,0,5,0,0,3317,0,0,35.98,64.02,0.0,73777,131248,0,0,205024
TX-12,house,TX,12,Heli Rodriguez-Prilliman,Craig Goldman,DEM,REP,REP,REP,-19.39,3.0,97.0,Safe R,-19.08,5.22,-19.39,0.0,-6.17,0.65,-24.15,4.76,False,False,,,0.0,0.0,,,0.0,projected,projected,,,0,,0.0,0,1756535,0,0,1508861,0,0,0,0,783571,0,0,6852,0,0,607300,0,0,0,0,0,0,0,40.31,59.69,0.0,88652,131292,0,0,219944
TX-13,house,TX,13,Mark Nair,Ronny Jackson,DEM,REP,REP,REP,-41.33,0.0,100.0,Safe R,-42.73,5.22,-41.33,-2.49,-1.67,0.33,-46.67,5.33,False,False,,,0.0,0.0,,,0.0,projected,projected,,,0,,0.0,98355,4036265,0,10918,5410801,0,0,0,87537,2027412,0,23994,1387595,0,750,240600,0,11132,0,0,0,0,0,29.33,70.67,0.0,62402,150335,0,0,212736
TX-14,house,TX,14,Richard Davis,Randy Weber,DEM,REP,REP,REP,-20.26,2.5,97.5,Safe R,-20.14,5.22,-20.26,-1.89,-3.76,0.31,-24.57,4.31,False,False,,,0.0,0.0,,,0.0,projected,projected,,,0,,0.0,31761,972561,0,0,921878,0,0,0,31761,671255,0,2031,2196,0,0,435611,0,27161,0,0,0,0,0,39.87,60.13,0.0,93603,141177,0,0,234780
TX-15,house,TX,15,Bobby Pulido,Monica De La Cruz,DEM,REP,REP,REP,-2.39,40.8,59.2,Toss-up,-8.83,5.22,-2.19,-0.33,-1.43,3.18,-18.02,15.63,False,False,,,0.0,0.0,,,0.0,confirmed,confirmed,48.36,45.85,3,-0.49,0.156,2960462,5273960,0,1155936,2463323,0,1197935,0,1804526,3424607,0,538742,1334572,0,243771,705285,0,150300,84,0,0,0,0,48.8,51.2,0.0,77849,81662,0,0,159511
TX-16,house,TX,16,Veronica Escobar,Republican candidate (TX-16),DEM,REP,DEM,DEM,35.94,100.0,0.0,Safe D,26.22,5.22,35.94,0.0,1.25,3.26,16.63,19.31,False,False,,,0.0,0.0,,,0.0,projected,projected,,,0,,0.0,858766,0,0,270455,0,0,0,0,704156,0,0,20769,0,0,366368,0,0,0,0,0,0,0,0,67.97,32.03,0.0,109325,51512,0,0,160838
TX-17,house,TX,17,Democratic candidate (TX-17),Pete Sessions,DEM,REP,REP,REP,-15.45,6.7,93.3,Likely R,-16.91,5.22,-15.45,0.0,-3.99,0.23,-21.95,6.5,False,False,,,0.0,0.0,,,0.0,projected,projected,,,0,,0.0,0,1050237,0,0,933956,0,0,0,0,557216,0,0,3848,0,0,516176,0,0,10,0,0,0,0,42.27,57.73,0.0,94924,129619,0,0,224542
TX-18,house,TX,18,Christian Menefee,Republican candidate (TX-18),DEM,REP,DEM,DEM,70.48,100.0,0.0,Safe D,62.31,5.22,70.48,0.0,1.67,1.28,55.72,14.76,False,False,,,0.0,0.0,,,0.0,projected,projected,,,0,,0.0,3637579,0,0,156016,0,0,7061640,0,3481563,0,0,700826,0,0,234868,0,0,100,0,0,0,0,0,85.24,14.76,0.0,145287,25158,0,0,170445
TX-19,house,TX,19,Kyle Rable,Tom Sell,DEM,REP,,REP,-43.38,0.0,100.0,Safe R,-47.09,5.22,-43.38,-2.39,0.0,0.89,-52.17,8.79,False,False,,,0.0,0.0,,,0.0,projected,projected,,,0,,0.0,31276,2143025,0,7631,384766,0,80633,1282423,20811,1758259,0,15290,8966,0,1000,524039,0,200,0,0,0,7624,0,28.31,71.69,0.0,55955,141679,0,0,197634
TX-20,house,TX,20,Joaquin Castro,Edgardo Baez,DEM,REP,DEM,DEM,48.62,100.0,0.0,Safe D,36.06,5.22,48.62,1.31,3.44,2.59,28.88,19.74,False,False,,,0.0,0.0,,,0.0,projected,projected,,,0,,0.0,514776,48536,0,154380,21462,0,0,0,499054,27073,0,40347,4530,0,141000,500,0,0,31985,0,0,30135,0,74.31,25.69,0.0,118193,40865,0,0,159059
TX-21,house,TX,21,Kristin Hook,Mark Teixeira,DEM,REP,,REP,-12.94,10.4,89.6,Likely R,-17.42,5.22,-12.94,-2.06,0.63,0.69,-22.09,9.15,False,False,,,0.0,0.0,,,0.0,projected,projected,,,0,,0.0,243839,4177191,0,104069,461164,0,0,1118370,144128,3716028,0,61473,12621,0,4370,299830,0,0,2750000,0,131,2750000,0,43.53,56.47,0.0,126378,163946,0,0,290324
TX-22,house,TX,22,Marquette Greene-Scott,Trever Nehls,DEM,REP,,REP,-13.65,9.2,90.8,Likely R,-18.0,5.22,-13.65,-0.81,-0.6,0.53,-22.66,9.0,False,False,,,0.0,0.0,,,0.0,confirmed,confirmed,,,0,,0.0,53761,206463,0,127,23258,0,0,141263,53615,183205,0,20722,1658,0,6634,86250,0,0,0,0,0,0,0,43.17,56.83,0.0,101485,133583,0,0,235068
TX-23,house,TX,23,Katy Padilla Stout,Brandon Herrera,DEM,REP,,REP,-3.0,38.5,61.5,Lean R,-9.0,5.22,-2.65,-0.91,0.0,2.04,-14.97,11.97,False,False,,,0.0,0.0,,,0.0,confirmed,confirmed,40.0,42.0,1,-5.0,0.15,484915,1937719,0,171373,309023,0,173119,40724,313542,1636736,0,190351,17445,0,23000,62500,0,9792,420000,0,0,570000,0,48.5,51.5,0.0,108314,115020,0,0,223334
TX-24,house,TX,24,Democratic candidate (TX-24),Elizabeth Van Duyne,DEM,REP,REP,REP,-11.58,13.0,87.0,Likely R,-12.33,5.22,-11.58,0.0,-4.34,-0.13,-16.39,4.8,False,False,,,0.0,0.0,,,0.0,projected,projected,,,0,,0.0,0,2540738,0,0,2873013,0,0,0,0,1628596,0,0,78488,0,0,1102311,0,0,0,0,0,0,0,44.21,55.79,0.0,115446,145699,0,0,261145
TX-25,house,TX,25,Dione Sims,Roger Williams,DEM,REP,REP,REP,-14.53,7.9,92.1,Likely R,-18.56,5.22,-14.53,0.0,-1.67,0.48,-24.34,9.82,False,False,,,0.0,0.0,,,0.0,projected,projected,,,0,,0.0,0,1424050,0,0,1076189,0,0,0,0,919362,0,0,871,0,0,454978,0,0,0,0,0,0,0,42.74,57.26,0.0,92503,123948,0,0,216450
TX-26,house,TX,26,Steven Shook,Brandon Gill,DEM,REP,REP,REP,-23.26,1.2,98.8,Safe R,-19.68,5.22,-23.26,-3.11,-5.71,0.02,-24.12,0.86,False,False,,,0.0,0.0,,,0.0,projected,projected,,,0,,0.0,17227,4217213,0,3807,1411512,0,0,0,14623,2933524,0,6426,1986111,0,0,378890,0,0,0,0,0,46734,0,38.37,61.63,0.0,104055,167138,0,0,271193
TX-27,house,TX,27,Tanya Lloyd,Michael Cloud,DEM,REP,REP,REP,-14.53,7.9,92.1,Likely R,-16.92,5.22,-14.53,-1.33,-2.71,1.2,-21.44,6.91,False,False,,,0.0,0.0,,,0.0,projected,projected,,,0,,0.0,139788,1062241,0,11311,271133,0,0,0,128665,927985,0,97140,323624,0,0,209250,0,72,0,0,29277,0,0,42.73,57.27,0.0,96981,129958,0,0,226939
TX-28,house,TX,28,Henry Cuellar,Tano Tijerina,DEM,REP,DEM,DEM,15.75,93.7,6.3,Likely D,0.74,5.22,19.5,0.34,9.43,3.77,-10.45,26.2,False,False,,,0.0,0.0,,,0.0,projected,projected,35.5,44.0,1,-5.5,0.15,2231952,1399881,0,1129604,768188,0,10387,0,1150307,631693,0,44637,121323,0,676066,243000,0,314500,0,0,301000,0,0,57.88,42.12,0.0,80624,58683,0,0,139306
TX-29,house,TX,29,Sylvia Garcia,Martha Fierro,DEM,REP,DEM,DEM,53.41,100.0,0.0,Safe D,38.58,5.22,53.41,0.0,7.38,2.23,30.84,22.56,False,False,,,0.0,0.0,,,0.0,projected,projected,,,0,,0.0,987402,0,0,200973,0,0,522942,0,1158184,0,0,16198,0,0,650850,0,0,0,0,0,0,0,0,76.7,23.3,0.0,96513,29314,0,0,125826
TX-30,house,TX,30,Frederick Haynes,Sholdon Daniels,DEM,REP,,DEM,61.03,100.0,0.0,Safe D,54.29,5.22,61.03,0.21,0.0,1.31,47.81,13.22,False,False,,,0.0,0.0,,,0.0,projected,projected,,,0,,0.0,420153,357415,0,119776,-21795,0,200000,0,300377,379210,0,43295,191921,0,47515,691,0,0,2076,0,0,0,0,80.51,19.49,0.0,137517,33284,0,0,170801
TX-31,house,TX,31,Justin Early,John Carter,DEM,REP,REP,REP,-19.41,3.0,97.0,Safe R,-17.84,5.22,-18.82,-1.61,-4.82,0.23,-22.14,2.73,False,False,GRN,,0.0,0.0,,,0.0,projected,projected,,,0,,0.0,123522,1419042,0,17400,170827,0,0,55000,106122,1289654,0,29233,2908,0,7000,482311,0,42642,0,0,58737,0,0,39.35,58.31,2.34,96796,143422,5756,0,245974
TX-32,house,TX,32,Dan Barrios,Jace Yarbrough,DEM,REP,,REP,-9.13,18.7,81.3,Likely R,-12.69,5.22,-9.13,-1.93,0.0,0.26,-18.11,8.98,False,False,,,0.0,0.0,,,0.0,confirmed,projected,,,0,,0.0,58931,865911,0,0,125412,0,2125,1542372,104350,740499,0,0,64980,0,0,184000,0,0,207000,0,0,207000,0,45.43,54.57,0.0,103098,123823,0,0,226921
TX-33,house,TX,33,Colin Allred,Patrick Gillespie,DEM,REP,,DEM,45.5,100.0,0.0,Safe D,40.45,5.22,45.5,0.0,-1.97,1.8,33.34,12.15,False,False,,,0.0,0.0,,,0.0,projected,projected,,,0,,0.0,7431941,0,0,159887,0,0,50000,0,7272054,0,0,1572614,0,0,62550,0,0,0,0,0,0,0,0,72.75,27.25,0.0,106533,39908,0,0,146441
TX-34,house,TX,34,Vicente Gonzalez,Eric Flores,DEM,REP,DEM,DEM,9.03,81.0,19.0,Likely D,-2.11,5.22,10.59,0.16,4.39,2.93,-10.22,19.25,False,False,,,0.0,0.0,,,0.0,projected,projected,40.79,43.36,2,0.43,0.15,3773915,2874990,0,2532412,686332,0,1606,524573,1523563,2188633,0,179284,457943,0,1311850,361479,0,0,577245,0,425000,591622,0,54.51,45.49,0.0,91774,76578,0,0,168351
TX-35,house,TX,35,Johnny Garcia,Carlos De La Cruz,DEM,REP,,REP,2.58,59.9,40.1,Toss-up,-4.6,5.22,2.58,0.08,0.0,1.88,-10.56,13.15,False,False,,,0.0,0.0,,,0.0,confirmed,confirmed,,,0,,0.0,931699,1048751,0,323108,272389,0,3507019,2465913,608591,776362,0,282789,241683,0,214729,195000,0,0,53000,0,0,116500,0,51.29,48.71,0.0,108371,102914,0,0,211285
TX-36,house,TX,36,Rhonda Hart,Brian Babin,DEM,REP,REP,REP,-16.59,5.4,94.6,Likely R,-19.72,5.22,-16.59,0.0,-2.56,0.47,-25.28,8.69,False,False,,,0.0,0.0,,,0.0,projected,projected,,,0,,0.0,0,1006944,0,0,908646,0,0,0,0,744500,0,0,3949,0,0,432302,0,0,0,0,4797,0,0,41.71,58.29,0.0,91041,127248,0,0,218289
TX-37,house,TX,37,Greg Casar,Lauren Pena,DEM,REP,DEM,DEM,70.56,100.0,0.0,Safe D,63.07,5.22,70.56,1.49,-0.07,0.85,57.7,12.86,False,False,,,0.0,0.0,,,0.0,projected,projected,,,0,,0.0,1172881,117890,0,597005,770,0,0,0,946714,117120,0,266992,99745,0,251220,0,0,0,0,0,10000,0,0,85.28,14.72,0.0,196051,33836,0,0,229887
TX-38,house,TX,38,Melissa McDonough,Jon Bonck,DEM,REP,,REP,-14.67,7.7,92.3,Likely R,-17.16,5.22,-14.12,-2.01,-0.55,0.37,-21.3,6.63,False,False,GRN,,0.0,0.0,,,0.0,projected,projected,,,0,,0.0,66929,1644127,0,43939,89133,0,43939,662527,45689,1554994,0,12712,25840,0,1500,173125,0,28042,351231,0,113240,330000,0,41.74,56.08,2.18,103513,139101,5407,0,248020
UT-01,house,UT,01,Ben McAdams,Riley Owen,DEM,REP,,DEM,35.71,100.0,0.0,Safe D,24.91,5.22,35.71,2.13,3.35,0.1,24.33,11.38,False,False,,,0.0,0.0,,,0.0,projected,projected,,,0,,0.0,2262255,132533,0,299350,9568,0,2434219,0,1977908,122965,0,223153,3234,0,193291,4000,0,0,30000,0,0,0,0,67.85,32.15,0.0,155462,73648,0,0,229110
UT-02,house,UT,02,Peter Crosby,Blake Moore,DEM,REP,REP,REP,-36.19,0.0,100.0,Safe R,-30.59,5.22,-36.19,-1.71,-8.71,-0.41,-29.9,-6.29,False,False,,,0.0,0.0,,,0.0,confirmed,confirmed,,,0,,0.0,60225,2536636,0,23283,1886962,0,520898,521354,31698,2183697,0,22930,6329,0,0,1421500,0,175,0,0,0,0,0,31.9,68.1,0.0,82424,175937,0,0,258360
UT-03,house,UT,03,Kent Udell,Celeste Maloy,DEM,REP,REP,REP,-44.35,0.0,100.0,Safe R,-42.81,5.22,-44.35,-1.72,-4.59,-0.46,-42.42,-1.93,False,False,,,0.0,0.0,,,0.0,projected,projected,,,0,,0.0,47533,1453861,0,13335,322379,0,300000,1328557,34198,1238503,0,0,7393,0,131,672923,0,20,0,0,1534,0,0,27.82,72.18,0.0,75160,194976,0,0,270136
UT-04,house,UT,04,Jonathan Larsen,Mike Kennedy,DEM,REP,REP,REP,-42.57,0.0,100.0,Safe R,-34.05,5.22,-42.57,-1.72,-11.49,-0.53,-33.43,-9.14,False,False,,,0.0,0.0,,,0.0,projected,projected,,,0,,0.0,53579,971392,0,1129,391557,0,0,0,52450,705038,0,7510,3919,0,450,494000,0,36155,0,0,35222,225000,0,28.71,71.29,0.0,81504,202344,0,0,283848
VA-01,house,VA,01,Shannon Taylor,Rob Wittman,DEM,REP,REP,REP,-3.4,37.1,62.9,Lean R,-2.89,5.22,-4.34,-0.44,-5.6,-0.63,-5.0,1.6,False,False,,,0.0,0.0,,,0.0,projected,presumptive,41.97,45.92,2,-1.05,0.15,2054507,4016190,0,1181300,4269831,0,466204,0,873207,1122239,0,315253,53727,0,335015,1169350,0,0,0,0,0,0,0,48.3,51.7,0.0,164517,176099,0,0,340616
VA-02,house,VA,02,Elaine Luria,Jen Kiggans,DEM,REP,REP,REP,4.37,66.5,33.5,Lean D,2.86,5.22,5.81,-0.21,-1.67,-0.4,-0.27,4.64,False,False,,,0.0,0.0,,,0.0,presumptive,presumptive,47.0,47.0,1,-3.0,0.163,4443281,5843429,0,3565596,3592183,0,0,90978,877685,2296724,0,535422,766026,0,385658,1254101,0,8010,0,0,5526,153170,0,52.19,47.81,0.0,151282,138608,0,0,289890
VA-03,house,VA,03,Bobby Scott,Republican candidate (VA-03),DEM,REP,DEM,DEM,48.96,100.0,0.0,Safe D,38.96,5.22,48.96,0.0,4.81,-0.03,35.17,13.79,False,False,,,0.0,0.0,,,0.0,projected,projected,,,0,,0.0,659665,0,0,169258,0,0,0,0,653271,0,0,26417,0,0,299381,0,0,0,0,0,3191,0,0,74.48,25.52,0.0,167349,57341,0,0,224690
VA-04,house,VA,04,Jennifer McClellan,Republican candidate (VA-04),DEM,REP,DEM,DEM,47.3,100.0,0.0,Safe D,36.84,5.22,47.3,0.0,5.25,-0.01,33.18,14.12,False,False,,,0.0,0.0,,,0.0,projected,projected,,,0,,0.0,1124945,0,0,192447,0,0,0,0,986600,0,0,77595,0,0,603300,0,0,0,0,0,0,0,0,73.65,26.35,0.0,197833,70778,0,0,268611
VA-05,house,VA,05,Thomas Perriello,John McGuire,DEM,REP,REP,REP,-5.4,30.0,70.0,Lean R,-8.53,5.22,-5.4,0.13,-1.67,-0.56,-12.41,7.01,False,False,,,0.0,0.0,,,0.0,presumptive,presumptive,44.0,47.0,1,-6.0,0.231,2095712,1746971,0,1536941,565242,0,0,0,558771,1215947,0,202562,437911,0,101850,410887,0,13111,0,0,0,41488,0,47.3,52.7,0.0,147036,163827,0,0,310863
VA-06,house,VA,06,Beth MacY,Ben Cline,DEM,REP,REP,REP,-20.7,2.2,97.8,Safe R,-21.2,5.22,-20.7,0.08,-4.2,-0.61,-24.47,3.77,False,False,,,0.0,0.0,,,0.0,projected,projected,,,0,,0.0,1590045,1413562,0,830689,769639,0,0,6348,762356,972245,0,428204,39499,0,39250,596760,0,0,0,0,0,0,0,39.65,60.35,0.0,114045,173588,0,0,287634
VA-07,house,VA,07,Yevgeny Vindman,Tara Durant,DEM,REP,DEM,DEM,18.2,96.1,3.9,Safe D,6.7,5.22,18.2,2.49,3.73,0.06,2.91,15.28,False,False,,,0.0,0.0,,,0.0,projected,projected,,,0,,0.0,12056375,392454,0,6661974,102338,0,180667,0,5529335,290116,0,6305885,18093,0,810699,9500,0,716,0,0,0,0,0,59.1,40.9,0.0,167157,115686,0,0,282843
VA-08,house,VA,08,Don Beyer,Heerak Kim,DEM,REP,DEM,DEM,63.76,100.0,0.0,Safe D,55.43,5.22,63.76,2.77,0.24,0.1,50.9,12.85,False,False,,,0.0,0.0,,,0.0,projected,projected,,,0,,0.0,2086520,3300,0,864385,1317,0,0,0,1779198,2262,0,97725,800,0,562250,0,0,0,2500,0,0,0,0,81.88,18.12,0.0,223652,49497,0,0,273148
VA-09,house,VA,09,Adam Murphy,Morgan Griffith,DEM,REP,REP,REP,-40.12,0.0,100.0,Safe R,-40.86,5.22,-40.12,-2.18,-1.45,-0.85,-44.43,4.31,False,False,,,0.0,0.0,,,0.0,projected,projected,,,0,,0.0,53280,1828839,0,5343,973867,0,0,0,47937,1318861,0,13409,18255,0,3600,1224589,0,2975,0,0,0,0,0,29.94,70.06,0.0,85630,200353,0,0,285983
VA-10,house,VA,10,Suhas Subramanyam,Michelle Wong,DEM,REP,DEM,DEM,20.15,97.5,2.5,Safe D,13.39,5.22,20.15,1.11,0.51,-0.09,8.58,11.57,False,False,,,0.0,0.0,,,0.0,projected,projected,,,0,,0.0,1153226,223056,0,609264,2832,0,0,0,634796,220224,0,84375,1244,0,320985,0,0,2171,213621,0,0,221828,0,60.07,39.93,0.0,176845,117529,0,0,294374
VA-11,house,VA,11,James Walkinshaw,Stewart Whitson,DEM,REP,DEM,DEM,48.0,100.0,0.0,Safe D,39.67,5.22,48.0,1.71,1.67,-0.26,35.29,12.71,False,False,,,0.0,0.0,,,0.0,projected,projected,,,0,,0.0,2725747,268077,0,968203,0,0,1012792,6880,1757544,268077,0,386987,33810,0,928069,13250,0,0,6427,0,0,0,0,74.0,26.0,0.0,217309,76342,0,0,293651
VT-01,house,VT,01,Rebecca Balint,Mark Coester,DEM,REP,DEM,DEM,35.55,100.0,0.0,Safe D,19.58,5.22,35.38,1.82,9.71,-0.95,32.77,2.78,False,False,,,0.0,0.0,,,0.0,projected,projected,60.96,25.34,2,35.62,0.178,911064,34786,0,598648,9649,0,0,0,458178,16067,0,202105,2909,0,263029,0,0,0,20897,0,1958,114000,0,67.77,32.23,0.0,175257,83338,0,0,258595
WA-01,house,WA,01,Suzan Delbene,Republican candidate (WA-01),DEM,REP,DEM,DEM,35.02,100.0,0.0,Safe D,30.07,5.22,35.02,0.0,0.33,-0.6,29.71,5.31,False,False,,,0.0,0.0,,,0.0,projected,projected,,,0,,0.0,3472358,0,0,1595476,0,0,56560,0,2940603,0,0,746909,0,0,1453493,0,0,0,0,0,495000,0,0,67.51,32.49,0.0,176936,85148,0,0,262083
WA-02,house,WA,02,Rick Larsen,Republican candidate (WA-02),DEM,REP,DEM,DEM,33.33,99.9,0.1,Safe D,24.1,5.22,33.33,0.0,4.54,-0.53,24.45,8.88,False,False,,,0.0,0.0,,,0.0,projected,projected,,,0,,0.0,1992847,0,0,669645,0,0,0,0,1570639,0,0,117741,0,0,1131325,0,0,0,0,0,0,0,0,66.66,33.34,0.0,198376,99206,0,0,297583
WA-03,house,WA,03,Marie Gluesenkamp Perez,John Braun,DEM,REP,DEM,DEM,7.51,76.7,23.3,Likely D,-3.74,5.22,9.48,0.85,7.75,-0.59,-3.4,10.9,False,False,,,0.0,0.0,,,0.0,confirmed,projected,41.67,42.92,2,-4.0,0.15,6183270,1980862,0,3905263,1450415,0,232898,0,2304467,530448,0,269673,195667,0,833083,276345,0,0,11434,0,0,600,0,53.75,46.25,0.0,159618,137324,0,0,296942
WA-04,house,WA,04,John Duresky,Jerrod Sessler,DEM,REP,,REP,-15.38,6.8,93.2,Likely R,-20.54,5.22,-15.38,-0.78,0.0,0.72,-21.24,5.85,False,False,,,0.0,0.0,,,0.0,projected,projected,,,0,,0.0,168109,565896,0,51014,129704,0,0,0,117032,511195,0,50216,140371,0,7000,1000,0,887,309468,0,600,483236,0,42.31,57.69,0.0,92499,126128,0,0,218627
WA-05,house,WA,05,Carmela Conroy,Michael Baumgartner,DEM,REP,REP,REP,-24.22,0.9,99.1,Safe R,-11.1,5.22,-27.43,-0.86,-19.99,-0.7,-11.11,-13.11,False,False,,,0.0,0.0,,,0.0,projected,projected,47.0,53.0,1,-9.0,0.15,387475,1709514,0,167895,1084882,0,372080,49205,232722,816197,0,85575,181662,0,13100,358450,0,9941,0,0,5938,0,0,37.89,62.11,0.0,107640,176435,0,0,284075
WA-06,house,WA,06,Emily Randall,Teresa Fox,DEM,REP,DEM,DEM,26.37,99.5,0.5,Safe D,19.18,5.22,26.37,2.12,0.51,-0.66,19.89,6.48,False,False,,,0.0,0.0,,,0.0,projected,projected,,,0,,0.0,1175421,22907,0,233739,957,0,0,0,969554,21950,0,226023,6789,0,310706,1000,0,0,7025,0,0,11624,0,63.18,36.82,0.0,192977,112447,0,0,305424
WA-07,house,WA,07,Pramila Jayapal,Republican candidate (WA-07),DEM,REP,DEM,DEM,79.39,100.0,0.0,Safe D,77.58,5.22,79.39,0.0,-2.85,-0.56,77.56,1.83,False,False,,,0.0,0.0,,,0.0,projected,projected,,,0,,0.0,2474297,0,0,1884718,0,0,0,0,2602304,0,0,992779,0,0,279613,0,0,0,0,0,0,0,0,89.69,10.31,0.0,274764,31573,0,0,306337
WA-08,house,WA,08,Kim Schrier,Trinh Ha,DEM,REP,DEM,DEM,16.57,94.6,5.4,Likely D,6.12,5.22,16.57,2.01,3.8,-0.59,5.97,10.6,False,False,,,0.0,0.0,,,0.0,projected,projected,,,0,,0.0,2931993,154590,0,3450508,37815,0,52520,0,1303108,116775,0,197673,42405,0,886050,0,0,0,28479,0,0,17935,0,58.28,41.72,0.0,174859,125157,0,0,300016
WA-09,house,WA,09,Adam Smith,Janis Clark,DEM,REP,DEM,DEM,49.19,100.0,0.0,Safe D,43.74,5.22,49.19,0.0,0.47,-0.25,42.69,6.49,False,False,,,0.0,0.0,,,0.0,projected,projected,,,0,,0.0,1812862,0,0,1170946,0,0,0,0,1212669,0,0,90638,0,0,557165,0,0,0,0,0,0,0,0,74.59,25.41,0.0,167403,57020,0,0,224424
WA-10,house,WA,10,Marilyn Strickland,Republican candidate (WA-10),DEM,REP,DEM,DEM,25.14,99.3,0.7,Safe D,18.4,5.22,25.14,0.0,1.92,-0.4,18.6,6.53,False,False,,,0.0,0.0,,,0.0,projected,projected,,,0,,0.0,1511304,0,0,677498,0,0,51510,0,1414394,0,0,65724,0,0,667380,0,0,0,0,0,50000,0,0,62.57,37.43,0.0,157336,94123,0,0,251460
WI-01,house,WI,01,Mitchell Berman,Bryan Steil,DEM,REP,REP,REP,-3.78,35.7,64.3,Lean R,-2.75,5.22,-4.36,-1.52,-4.89,-0.42,-4.58,0.79,False,False,,,0.0,0.0,,,0.0,projected,presumptive,41.0,50.0,1,-6.0,0.15,653922,5302289,0,220682,6177414,0,0,0,433240,1344045,0,323307,237976,0,19500,1601877,0,0,0,0,0,0,0,48.11,51.89,0.0,136132,146829,0,0,282961
WI-02,house,WI,02,Mark Pocan,Erik Olsen,DEM,REP,DEM,DEM,50.61,100.0,0.0,Safe D,42.24,5.22,50.61,2.06,1.79,-0.7,40.75,9.87,False,False,,,0.0,0.0,,,0.0,projected,projected,,,0,,0.0,777289,2840,0,863539,0,0,0,0,915967,3415,0,122378,50,0,378160,0,0,0,2790,0,0,0,0,75.31,24.69,0.0,247550,81175,0,0,328725
WI-03,house,WI,03,Rebecca Cooke,Derrick Van Orden,DEM,REP,REP,REP,5.09,68.9,31.1,Lean D,-5.58,5.22,6.1,0.09,7.27,-0.91,-7.51,12.6,False,False,,,0.0,0.0,,,0.0,presumptive,presumptive,49.96,46.05,5,0.9,0.194,8305020,7289146,0,2456680,4684610,0,12898,153880,5858479,3121342,0,2571458,1521194,0,517475,982742,0,0,0,0,0,210098,0,52.54,47.46,0.0,155118,140100,0,0,295219
WI-04,house,WI,04,Gwen Moore,Purnima Nath,DEM,REP,DEM,DEM,62.81,100.0,0.0,Safe D,53.96,5.22,62.81,0.0,3.43,0.2,52.47,10.35,False,False,,,0.0,0.0,,,0.0,projected,projected,,,0,,0.0,1029973,0,0,45491,4718,0,0,0,1006730,1893,0,34632,0,0,652491,0,0,668,0,0,6000,0,0,81.41,18.59,0.0,197000,44993,0,0,241993
WI-05,house,WI,05,Andrew Beck,Scott Fitzgerald,DEM,REP,REP,REP,-24.34,0.9,99.1,Safe R,-21.81,5.22,-24.34,-2.3,-4.66,-0.78,-22.45,-1.88,False,False,,,0.0,0.0,,,0.0,projected,projected,,,0,,0.0,14612,1345665,0,3158,1314848,0,0,0,11590,868423,0,3829,44770,0,0,857100,0,1625,0,0,425,0,0,37.83,62.17,0.0,127518,209558,0,0,337076
WI-06,house,WI,06,Aaron Wojciechowski,Glenn Grothman,DEM,REP,REP,REP,-18.22,3.8,96.2,Safe R,-15.42,5.22,-17.55,-1.71,-4.83,-0.81,-16.7,-1.53,False,False,,,0.0,0.0,,,0.0,projected,projected,39.0,61.0,1,-25.0,0.15,44015,865241,0,0,803602,0,0,0,44015,584128,0,16501,91013,0,1250,271500,0,22050,0,0,19143,139110,0,40.89,59.11,0.0,122457,177027,0,0,299484
WI-07,house,WI,07,Frederic Clark,Paul Wassgren,DEM,REP,,REP,-18.35,3.7,96.3,Safe R,-21.04,5.22,-18.35,-1.54,0.0,-0.99,-22.84,4.49,False,False,,,0.0,0.0,,,0.0,projected,projected,,,0,,0.0,392760,3403946,0,165680,0,0,0,0,227080,3403946,0,107517,4639,0,6500,0,0,5030,3240366,0,5000,0,0,40.82,59.18,0.0,126252,183015,0,0,309267
WI-08,house,WI,08,Mark Scheffler,Tony Wied,DEM,REP,REP,REP,-13.98,8.7,91.3,Likely R,-15.22,5.22,-13.98,-1.34,-1.81,-0.83,-16.46,2.49,False,False,,,0.0,0.0,,,0.0,projected,projected,,,0,,0.0,132784,1044881,0,18853,500919,0,0,0,113931,589193,0,42007,91948,0,0,576150,0,40100,0,0,25000,614226,0,43.01,56.99,0.0,129601,171717,0,0,301318
WV-01,house,WV,01,Vince George,Carol Miller,DEM,REP,REP,REP,-41.65,0.0,100.0,Safe R,-44.38,5.22,-41.65,-1.32,-0.22,-0.95,-45.2,3.55,False,False,,,0.0,0.0,,,0.0,confirmed,confirmed,,,0,,0.0,258330,1746898,0,258330,604379,0,0,0,0,1382061,0,1480,2971,0,0,1232139,0,240000,0,0,240000,417993,0,29.17,70.83,0.0,74471,180793,0,0,255263
WV-02,house,WV,02,Ahsan Parsi,Riley Moore,DEM,REP,REP,REP,-41.16,0.0,100.0,Safe R,-39.94,5.22,-41.16,-1.51,-4.03,-0.91,-40.38,-0.78,False,False,,,0.0,0.0,,,0.0,projected,projected,,,0,,0.0,134245,1325162,0,43669,751072,0,0,0,90575,697053,0,33670,204309,0,1000,522450,0,60,0,0,0,60882,0,29.42,70.58,0.0,81907,196503,0,0,278410
WY-01,house,WY,01,Lisa Kinney,Chuck Gray,DEM,REP,,REP,-42.27,0.0,100.0,Safe R,-44.51,5.22,-42.27,-2.34,0.0,-0.64,-46.96,4.69,False,False,,,0.0,0.0,,,0.0,projected,projected,,,0,,0.0,13270,1378842,0,2686,526477,0,0,36970,11214,852365,0,4555,10563,0,0,2500,0,0,1147000,0,7360,1147000,0,28.86,71.14,0.0,54362,133972,0,0,188334
