race_code,race_type,state,district,dem_name,rep_name,dem_party,rep_party,incumbent_party,seat_holder,margin,dem_prob,rep_prob,rating,lean,gcb,fundamentals,fundraising,candidates,demo_env,pres_2024,swing_24_26,rcv,threeway,oth_party,ind_name,ind_pct,ind_prob,same_party,cand2_name,cand1_prob,dem_status,rep_status,poll_dem,poll_rep,poll_count,polling_avg,polling_weight,dem_funds,rep_funds,ind_funds,dem_coh,rep_coh,ind_coh,dem_outside,rep_outside,dem_spent,rep_spent,ind_spent,dem_small,rep_small,ind_small,dem_pac,rep_pac,ind_pac,dem_self,rep_self,ind_self,dem_debt,rep_debt,ind_debt,dem_pct,rep_pct,oth_pct,dem_votes,rep_votes,oth_votes,ind_votes,total_votes
AK-GOV,governor,AK,GOV,Tom Begich,Bernadette Wilson,DEM,REP,,REP,-5.62,35.2,64.8,Lean R,-13.27,5.16,-9.17,0.0,0.0,-1.06,-13.8,8.17,True,False,,,0.0,0.0,,,0.0,presumptive,projected,46.99,37.94,3,8.06,0.15,0,0,0,0,0,0,0,0,0,0,0,0,0,0,0,0,0,0,0,0,0,0,0,42.97,49.03,8.0,101601,115929,18916,0,236446
AL-GOV,governor,AL,GOV,Doug Jones,Tommy Tuberville,DEM,REP,,REP,-19.57,2.8,97.2,Safe R,-29.66,5.16,-21.61,0.0,3.37,-0.48,-30.88,11.31,False,False,,,0.0,0.0,,,0.0,confirmed,confirmed,40.99,49.01,2,-8.01,0.15,0,13792994,0,0,0,0,0,0,0,0,0,0,0,0,0,0,0,0,0,0,0,0,0,40.22,59.78,0.0,637642,947921,0,0,1585563
AR-GOV,governor,AR,GOV,Fredrick Love,Sarah Huckabee Sanders,DEM,REP,REP,REP,-21.02,2.0,98.0,Safe R,-30.62,5.16,-26.09,0.0,-0.13,-0.51,-31.57,10.54,False,False,,,0.0,0.0,,,0.0,confirmed,confirmed,40.0,45.0,1,-5.0,0.24,0,0,0,0,0,0,0,0,0,0,0,0,0,0,0,0,0,0,0,0,0,0,0,39.49,60.51,0.0,331484,507973,0,0,839457
AZ-GOV,governor,AZ,GOV,Katie Hobbs,Andy Biggs,DEM,REP,DEM,DEM,8.41,79.5,20.5,Likely D,-4.25,5.16,8.22,0.94,6.01,0.36,-5.59,14.0,False,False,,,0.0,0.0,,,0.0,presumptive,presumptive,45.96,37.29,17,8.91,0.283,9827820,2787170,0,0,0,0,0,0,0,0,0,0,0,0,0,0,0,0,0,0,0,0,0,54.21,45.79,0.0,1286065,1086458,0,0,2372523
CA-GOV,governor,CA,GOV,Xavier Becerra,Steve Hilton,DEM,REP,,DEM,27.8,99.7,0.3,Safe D,23.42,5.16,29.72,0.25,0.0,0.89,20.82,6.98,False,False,,,0.0,0.0,,,0.0,confirmed,confirmed,56.04,35.51,5,20.53,0.209,24217949,17445485,0,10580853,2163517,0,0,0,0,0,0,0,0,0,0,0,0,0,0,0,0,0,0,63.9,36.1,0.0,7091721,4006823,0,0,11098543
CO-GOV,governor,CO,GOV,Phil Weiser,Victor Marx,DEM,REP,,DEM,17.69,95.8,4.2,Safe D,11.48,5.16,17.26,0.64,0.0,-0.01,11.29,6.4,False,False,IND,Greg Lopez,3.6,0.0,,,0.0,confirmed,confirmed,50.1,37.8,1,12.3,0.15,6951032,2935521,84692,0,0,0,0,0,0,0,0,0,0,0,0,0,0,0,0,0,0,0,0,56.73,39.67,0.0,1267792,886672,0,80457,2234922
CT-GOV,governor,CT,GOV,Ned Lamont,Ryan Fazio,DEM,REP,DEM,DEM,19.59,97.2,2.8,Safe D,15.88,5.16,19.93,0.0,-1.03,-0.09,14.76,4.84,False,False,,,0.0,0.0,,,0.0,confirmed,confirmed,49.61,31.46,2,18.15,0.187,0,0,0,0,0,0,0,0,0,0,0,0,0,0,0,0,0,0,0,0,0,0,0,59.8,40.2,0.0,736185,494955,0,0,1231140
FL-GOV,governor,FL,GOV,David Jolly,Byron Donalds,DEM,REP,,REP,-6.53,26.1,73.9,Lean R,-10.43,5.16,-7.39,-2.16,-0.47,0.51,-13.22,6.69,False,False,,,0.0,0.0,,,0.0,confirmed,confirmed,39.39,43.16,17,-4.38,0.283,5531882,99442171,0,0,0,0,0,0,0,0,0,0,0,0,0,0,0,0,0,0,0,0,0,46.73,53.27,0.0,3577341,4077485,0,0,7654826
GA-GOV,governor,GA,GOV,Keisha Lance Bottoms,Rick Jackson,DEM,REP,,REP,1.85,57.2,42.8,Toss-up,-1.84,5.16,0.94,-2.26,0.0,-0.12,-2.21,4.06,False,False,,,0.0,0.0,,,0.0,confirmed,confirmed,49.9,45.89,8,4.51,0.255,5774631,118984243,0,0,0,0,0,0,0,0,0,0,0,0,0,0,0,0,0,0,0,0,0,50.93,49.07,0.0,1871519,1803527,0,0,3675046
HI-GOV,governor,HI,GOV,Josh Green,Gary Cordery,DEM,REP,DEM,DEM,32.09,99.9,0.1,Safe D,25.72,5.16,32.09,0.0,1.67,-0.46,23.56,8.53,False,False,,,0.0,0.0,,,0.0,presumptive,presumptive,,,0,,0.0,0,0,0,0,0,0,0,0,0,0,0,0,0,0,0,0,0,0,0,0,0,0,0,66.04,33.96,0.0,238877,122813,0,0,361691
IA-GOV,governor,IA,GOV,Rob Sand,Zach Lahn,DEM,REP,,REP,5.28,69.8,30.2,Lean D,-12.13,5.16,5.24,2.06,10.86,-0.71,-13.45,18.73,False,False,,,0.0,0.0,,,0.0,confirmed,confirmed,49.43,44.02,5,5.45,0.207,19860206,1218702,0,0,0,0,0,0,0,0,0,0,0,0,0,0,0,0,0,0,0,0,0,52.64,47.36,0.0,612996,551458,0,0,1164454
ID-GOV,governor,ID,GOV,Terri Pickens,Brad Little,DEM,REP,REP,REP,-41.73,0.0,100.0,Safe R,-36.27,5.16,-45.79,-1.82,-12.37,-0.49,-37.52,-4.21,False,False,,,0.0,0.0,,,0.0,confirmed,confirmed,29.0,50.5,1,-24.5,0.191,136953,2057743,0,0,0,0,0,0,0,0,0,0,0,0,0,0,0,0,0,0,0,0,0,29.13,70.87,0.0,184581,448962,0,0,633543
IL-GOV,governor,IL,GOV,JB Pritzker,Darren Bailey,DEM,REP,DEM,DEM,19.95,97.4,2.6,Safe D,12.91,5.16,19.89,1.84,-0.02,0.0,11.14,8.81,False,False,,,0.0,0.0,,,0.0,confirmed,confirmed,54.3,34.0,1,20.3,0.15,25619035,2166962,0,3141018,127990,0,0,0,0,0,0,0,0,0,0,0,0,0,0,0,0,0,0,59.97,40.03,0.0,2371827,1582910,0,0,3954737
KS-GOV,governor,KS,GOV,Cindy Holscher,Ty Masterson,DEM,REP,,DEM,-11.69,12.6,87.4,Likely R,-16.42,5.16,-11.69,0.0,0.0,-0.43,-16.41,4.72,False,False,,,0.0,0.0,,,0.0,confirmed,confirmed,,,0,,0.0,0,0,0,0,0,0,0,0,0,0,0,0,0,0,0,0,0,0,0,0,0,0,0,44.15,55.85,0.0,410322,518992,0,0,929314
MA-GOV,governor,MA,GOV,Maura Healey,Mike Minogue,DEM,REP,DEM,DEM,30.77,99.9,0.1,Safe D,27.8,5.16,33.74,0.0,1.13,-0.34,25.91,4.86,False,False,,,0.0,0.0,,,0.0,confirmed,presumptive,53.13,32.73,7,20.41,0.223,0,0,0,0,0,0,0,0,0,0,0,0,0,0,0,0,0,0,0,0,0,0,0,65.39,34.61,0.0,1589917,841651,0,0,2431568
MD-GOV,governor,MD,GOV,Wes Moore,Dan Cox,DEM,REP,DEM,DEM,35.84,100.0,0.0,Safe D,30.37,5.16,38.88,0.0,3.43,-0.08,29.51,6.33,False,False,,,0.0,0.0,,,0.0,confirmed,confirmed,58.0,31.0,1,24.0,0.204,0,0,0,0,0,0,0,0,0,0,0,0,0,0,0,0,0,0,0,0,0,0,0,67.92,32.08,0.0,1444515,682318,0,0,2126834
ME-GOV,governor,ME,GOV,Hannah Pingree,Robert Charles,DEM,REP,,DEM,11.46,86.9,13.1,Likely D,7.36,5.16,11.55,0.0,0.0,-0.97,7.09,4.37,False,False,IND,Rick Bennett,5.69,0.0,,,0.0,confirmed,confirmed,50.81,38.39,4,12.42,0.219,0,0,0,0,0,0,0,0,0,0,0,0,0,0,0,0,0,0,0,0,0,0,0,52.56,41.75,0.0,305873,242976,0,33114,581962
MI-GOV,governor,MI,GOV,Jocelyn Benson,John James,DEM,REP,,DEM,12.2,88.4,11.6,Likely D,-0.43,5.16,14.29,0.21,9.97,-0.63,-1.44,13.64,False,False,,,0.0,0.0,,,0.0,confirmed,confirmed,49.47,42.67,22,7.25,0.296,5958887,4492470,0,0,0,0,0,0,0,0,0,0,0,0,0,0,0,0,0,0,0,0,0,56.1,43.9,0.0,2223986,1740275,0,0,3964262
MN-GOV,governor,MN,GOV,Amy Klobuchar,Lisa Demuth,DEM,REP,,DEM,11.61,87.2,12.8,Likely D,4.83,5.16,10.72,1.57,-0.12,-0.72,4.34,7.27,False,False,,,0.0,0.0,,,0.0,confirmed,confirmed,51.72,36.25,4,15.46,0.187,9312380,1102119,0,4480911,457944,0,0,0,0,0,0,0,0,0,0,0,0,0,0,0,0,0,0,55.8,44.2,0.0,1271082,1006662,0,0,2277744
NE-GOV,governor,NE,GOV,Lynne Walz,Jim Pillen,DEM,REP,REP,REP,-13.86,8.8,91.2,Likely R,-20.91,5.16,-19.48,0.0,-3.25,-0.48,-20.84,6.98,False,False,IND,Brett Lindstrom,12.0,0.0,,,0.0,confirmed,confirmed,33.0,38.0,1,-8.0,0.15,0,0,0,0,0,0,0,0,0,0,0,0,0,0,0,0,0,0,0,0,0,0,0,37.9,50.1,0.0,251300,332150,0,79561,663011
NH-GOV,governor,NH,GOV,Cinde Warmington,Kelly Ayotte,DEM,REP,REP,REP,-12.33,11.4,88.6,Likely R,3.63,5.16,-13.17,-1.31,-19.79,-0.86,2.82,-15.15,False,False,,,0.0,0.0,,,0.0,confirmed,presumptive,38.07,47.19,5,-9.12,0.207,606192,3694856,0,0,0,0,0,0,0,0,0,0,0,0,0,0,0,0,0,0,0,0,0,43.84,56.16,0.0,253516,324816,0,0,578332
NM-GOV,governor,NM,GOV,Deb Haaland,Gregg Hull,DEM,REP,,DEM,8.47,79.6,20.4,Likely D,7.41,5.16,9.25,1.95,-6.39,1.12,6.14,2.32,False,False,,,0.0,0.0,,,0.0,confirmed,confirmed,46.0,45.0,1,4.0,0.15,13910580,987856,0,0,0,0,0,0,0,0,0,0,0,0,0,0,0,0,0,0,0,0,0,54.23,45.77,0.0,350547,295830,0,0,646377
NV-GOV,governor,NV,GOV,Aaron Ford,Joe Lombardo,DEM,REP,REP,REP,2.74,60.6,39.4,Lean D,-1.57,5.16,5.31,0.47,0.85,0.4,-3.15,5.9,False,False,,,0.0,0.0,,,0.0,confirmed,confirmed,43.14,49.05,10,-4.94,0.25,4285307,2275075,0,0,0,0,0,0,0,0,0,0,0,0,0,0,0,0,0,0,0,0,0,51.37,48.63,0.0,533794,505273,0,0,1039067
NY-GOV,governor,NY,GOV,Kathy Hochul,Bruce Blakeman,DEM,REP,DEM,DEM,13.24,90.2,9.8,Likely D,15.56,5.16,13.51,0.16,-7.5,0.13,12.68,0.56,False,False,,,0.0,0.0,,,0.0,confirmed,confirmed,49.35,37.41,16,12.56,0.28,16594119,13445025,0,0,0,0,0,0,0,0,0,0,0,0,0,0,0,0,0,0,0,0,0,56.62,43.38,0.0,3291631,2521867,0,0,5813499
OH-GOV,governor,OH,GOV,Amy Acton,Vivek Ramaswamy,DEM,REP,,REP,-4.75,32.1,67.9,Lean R,-10.38,5.16,-6.39,-0.48,0.0,-0.69,-11.31,6.57,False,False,,,0.0,0.0,,,0.0,confirmed,confirmed,47.69,48.29,19,-0.71,0.289,15928993,30306297,0,0,0,0,0,0,0,0,0,0,0,0,0,0,0,0,0,0,0,0,0,47.63,52.37,0.0,1921977,2113535,0,0,4035512
OK-GOV,governor,OK,GOV,Cyndi Munson,Gentner Drummond,DEM,REP,,REP,-31.1,0.1,99.9,Safe R,-34.86,5.16,-31.1,0.0,-0.7,-0.7,-34.95,3.85,False,False,,,0.0,0.0,,,0.0,confirmed,projected,,,0,,0.0,0,0,0,0,0,0,0,0,0,0,0,0,0,0,0,0,0,0,0,0,0,0,0,34.45,65.55,0.0,377645,718577,0,0,1096222
OR-GOV,governor,OR,GOV,Tina Kotek,Christine Drazan,DEM,REP,DEM,DEM,5.59,70.8,29.2,Lean D,15.18,5.16,6.59,0.0,-13.29,-0.46,14.89,-9.3,False,False,,,0.0,0.0,,,0.0,confirmed,confirmed,44.2,47.13,3,-0.1,0.15,0,0,0,0,0,0,0,0,0,0,0,0,0,0,0,0,0,0,0,0,0,0,0,52.79,47.21,0.0,829814,741961,0,0,1571774
PA-GOV,governor,PA,GOV,Josh Shapiro,Stacy Garrity,DEM,REP,DEM,DEM,17.18,95.3,4.7,Safe D,-0.99,5.16,17.21,1.95,11.61,-0.53,-1.75,18.93,False,False,,,0.0,0.0,,,0.0,confirmed,confirmed,52.77,35.68,11,17.09,0.257,34960533,2545436,0,0,0,0,0,0,0,0,0,0,0,0,0,0,0,0,0,0,0,0,0,58.59,41.41,0.0,2884665,2038953,0,0,4923617
RI-GOV,governor,RI,GOV,Helena Foulkes,Elaine Pelino,DEM,REP,,DEM,20.21,97.6,2.4,Safe D,15.75,5.16,20.71,0.0,0.0,-0.2,14.16,6.05,False,False,,,0.0,0.0,,,0.0,presumptive,projected,38.59,21.21,2,17.38,0.15,0,0,0,0,0,0,0,0,0,0,0,0,0,0,0,0,0,0,0,0,0,0,0,60.11,39.89,0.0,215988,143359,0,0,359348
SC-GOV,governor,SC,GOV,Jermaine Johnson,Alan Wilson,DEM,REP,,REP,-10.4,15.4,84.6,Likely R,-16.61,5.16,-10.29,1.47,0.07,-0.39,-18.12,7.72,False,False,,,0.0,0.0,,,0.0,confirmed,confirmed,37.0,45.0,1,-11.0,0.154,753609,62585,0,0,0,0,0,0,0,0,0,0,0,0,0,0,0,0,0,0,0,0,0,44.8,55.2,0.0,799075,984623,0,0,1783698
SD-GOV,governor,SD,GOV,Dan Ahlers,Larry Rhoden,DEM,REP,REP,REP,-25.91,0.6,99.4,Safe R,-29.41,5.16,-25.91,0.0,-0.64,-1.02,-29.98,4.07,False,False,,,0.0,0.0,,,0.0,confirmed,confirmed,,,0,,0.0,0,0,0,0,0,0,0,0,0,0,0,0,0,0,0,0,0,0,0,0,0,0,0,37.05,62.95,0.0,110572,187901,0,0,298473
TN-GOV,governor,TN,GOV,Jerri Green,Marsha Blackburn,DEM,REP,,REP,-20.81,2.1,97.9,Safe R,-28.6,5.16,-20.25,0.0,3.73,-0.54,-30.12,9.31,False,False,,,0.0,0.0,,,0.0,confirmed,confirmed,27.0,51.0,2,-24.0,0.15,0,0,0,0,0,0,0,0,0,0,0,0,0,0,0,0,0,0,0,0,0,0,0,39.6,60.4,0.0,849224,1295536,0,0,2144759
TX-GOV,governor,TX,GOV,Gina Hinojosa,Greg Abbott,DEM,REP,REP,REP,-8.69,19.8,80.2,Likely R,-11.93,5.16,-10.65,-1.58,-3.33,1.04,-13.88,5.19,False,False,,,0.0,0.0,,,0.0,confirmed,confirmed,44.88,48.73,21,-3.97,0.294,8589462,71434049,0,3002416,67461299,0,0,0,0,0,0,0,0,0,0,0,0,0,0,0,0,0,0,45.66,54.34,0.0,3644882,4338288,0,0,7983170
VT-GOV,governor,VT,GOV,Amanda Janoo,Phil Scott,DEM,REP,REP,REP,-22.83,1.3,98.7,Safe R,33.44,5.16,-24.93,0.0,-62.58,-0.95,32.77,-55.6,False,False,,,0.0,0.0,,,0.0,confirmed,confirmed,30.95,43.32,2,-12.37,0.167,0,0,0,0,0,0,0,0,0,0,0,0,0,0,0,0,0,0,0,0,0,0,0,38.58,61.42,0.0,99775,158821,0,0,258595
WI-GOV,governor,WI,GOV,David Crowley,Tom Tiffany,DEM,REP,,DEM,3.04,61.7,38.3,Lean D,-0.43,5.16,2.59,-1.76,0.28,-0.66,-0.87,3.91,False,False,,,0.0,0.0,,,0.0,confirmed,confirmed,46.11,43.04,5,4.25,0.267,1426778,15315779,0,0,0,0,0,0,0,0,0,0,0,0,0,0,0,0,0,0,0,0,0,51.52,48.48,0.0,1234393,1161650,0,0,2396043
WY-GOV,governor,WY,GOV,Kenneth Casner,Eric Barlow,DEM,REP,,REP,-42.25,0.0,100.0,Safe R,-46.77,5.16,-42.25,0.0,0.0,-0.64,-46.96,4.71,False,False,,,0.0,0.0,,,0.0,confirmed,confirmed,,,0,,0.0,0,1673103,0,0,0,0,0,0,0,0,0,0,0,0,0,0,0,0,0,0,0,0,0,28.88,71.12,0.0,54383,133951,0,0,188334
AK-SEN,senate,AK,SEN,Mary Peltola,Dan Sullivan,DEM,REP,REP,REP,-1.37,46.9,53.1,Toss-up,-11.23,5.16,-2.6,0.41,4.11,-1.06,-13.8,12.43,True,False,,,0.0,0.0,,,0.0,presumptive,confirmed,48.47,47.4,13,0.67,0.268,18545132,9136967,0,4636755,7295069,0,4125533,6897588,13908377,3932803,0,6750626,558386,0,603646,1998758,0,0,0,0,0,0,0,45.21,46.79,8.0,106897,110633,18916,0,236446
AL-SEN,senate,AL,SEN,Everett Wess,Barry Moore,DEM,REP,,REP,-23.01,1.2,98.8,Safe R,-26.83,5.16,-24.43,-3.2,0.93,-0.48,-30.88,7.87,False,False,,,0.0,0.0,,,0.0,confirmed,confirmed,32.0,47.0,1,-15.0,0.15,83341,3787330,0,-10011,627788,0,3019,17107589,94747,3284673,0,4247,346554,0,0,881598,0,70643,50000,0,0,360928,0,38.49,61.51,0.0,610352,975211,0,0,1585563
AR-SEN,senate,AR,SEN,Hallie Shoffner,Tom Cotton,DEM,REP,REP,REP,-21.51,1.8,98.2,Safe R,-27.98,5.16,-25.86,-0.87,-1.67,-0.51,-31.57,10.05,False,False,,,0.0,0.0,,,0.0,confirmed,confirmed,39.64,48.37,4,-8.89,0.256,2269114,6233117,0,863578,9931885,0,0,3244245,1405536,3752101,0,807603,552197,0,20060,1191500,0,0,0,0,0,73959,0,39.24,60.76,0.0,329433,510024,0,0,839457
CO-SEN,senate,CO,SEN,John Hickenlooper,Mark Baisley,DEM,REP,DEM,DEM,24.62,99.2,0.8,Safe D,13.08,5.16,24.62,2.84,3.55,-0.01,11.29,13.33,False,False,,,0.0,0.0,,,0.0,confirmed,confirmed,,,0,,0.0,8119380,138147,0,2083870,50021,0,510004,0,7471143,88913,0,1302169,28371,0,958273,999,0,0,2200,0,0,0,0,62.31,37.69,0.0,1392605,842317,0,0,2234922
DE-SEN,senate,DE,SEN,Chris Coons,Michael Katz,DEM,REP,DEM,DEM,24.74,99.2,0.8,Safe D,15.57,5.16,24.74,2.63,1.67,-0.28,14.84,9.9,False,False,,,0.0,0.0,,,0.0,presumptive,presumptive,,,0,,0.0,3940137,70152,0,4705684,38004,0,0,0,1419652,32148,0,52510,3182,0,1310377,300,0,0,54260,0,0,54250,0,62.37,37.63,0.0,223001,134541,0,0,357542
FL-SEN,senate,FL,SEN,Angie Nixon,Ashley Moody,DEM,REP,REP,REP,-7.03,24.6,75.4,Likely R,-8.76,5.16,-6.55,-1.8,-1.67,0.51,-13.22,6.2,False,False,,,0.0,0.0,,,0.0,confirmed,confirmed,40.04,49.3,4,-9.25,0.175,974845,11270805,0,264978,8491175,0,52168,569106,709866,2779629,0,576840,1529142,0,0,2083000,0,0,0,0,0,0,0,46.49,53.51,0.0,3558517,4096310,0,0,7654826
GA-SEN,senate,GA,SEN,Jon Ossoff,Mike Collins,DEM,REP,DEM,DEM,12.25,88.5,11.5,Likely D,-0.82,5.16,12.65,1.7,6.73,-0.12,-2.21,14.46,False,False,,,0.0,0.0,,,0.0,confirmed,confirmed,53.62,42.98,11,11.11,0.257,77279766,7409350,0,42587451,2079981,0,906052,1627073,39682882,5932539,0,39110515,2085895,0,931316,495632,0,0,65000,0,0,461916,0,56.13,43.87,0.0,2062701,1612345,0,0,3675046
IA-SEN,senate,IA,SEN,Josh Turek,Ashley Hinson,DEM,REP,,REP,-2.74,39.4,60.6,Lean R,-7.45,5.16,-4.02,-0.08,-0.93,-0.71,-13.45,10.7,False,False,LIB,,0.0,0.0,,,0.0,confirmed,confirmed,46.43,47.28,9,-0.94,0.242,6276527,10217845,0,2362314,6749491,0,12820151,4676055,3914213,5396429,0,2726556,1052135,0,440127,2232367,0,0,0,0,0,0,0,47.35,50.02,2.63,551353,582476,30625,0,1164454
ID-SEN,senate,ID,SEN,(No Democrat),Jim Risch,DEM,REP,REP,REP,-24.65,0.8,99.2,Safe R,-31.32,5.16,-29.46,-1.14,-1.67,-0.49,-37.52,12.87,False,True,IND,Todd Achilles,37.68,0.8,,,0.0,,confirmed,29.96,39.02,5,-10.56,0.255,0,3357516,692245,0,3535956,194226,0,0,0,2241925,506311,0,139910,115721,0,959329,10000,0,0,10500,0,0,0,0.0,62.32,0.0,0,394843,0,238700,633543
IL-SEN,senate,IL,SEN,Juliana Stratton,Don Tracy,DEM,REP,,DEM,20.59,97.8,2.2,Safe D,15.11,5.16,20.59,0.32,0.0,0.0,11.14,9.45,False,False,,,0.0,0.0,,,0.0,confirmed,confirmed,,,0,,0.0,5906599,2459890,0,1107958,1512424,0,10437456,11068156,4798641,947466,0,1182892,27050,0,426634,12325,0,0,2000000,0,0,2000000,0,60.29,39.71,0.0,2384457,1570280,0,0,3954737
KS-SEN,senate,KS,SEN,Adam Hamilton,Roger Marshall,DEM,REP,REP,REP,-10.72,14.7,85.3,Likely R,-15.24,5.16,-11.65,-0.05,-1.09,-0.43,-16.41,5.7,False,False,,,0.0,0.0,,,0.0,confirmed,confirmed,43.2,47.03,3,-6.83,0.195,4169078,4009075,0,1730621,5388078,0,0,1432299,2438457,326015,0,767189,151384,0,17500,1555250,0,50050,0,0,50000,0,0,44.64,55.36,0.0,414867,514447,0,0,929314
KY-SEN,senate,KY,SEN,Charles Booker,Andy Barr,DEM,REP,,REP,-28.77,0.3,99.7,Safe R,-30.07,5.16,-31.38,-0.86,-4.86,-0.75,-31.03,2.26,False,False,,,0.0,0.0,,,0.0,confirmed,confirmed,38.0,49.0,1,-14.0,0.15,1099509,9981055,0,309623,2305546,0,8306596,6980575,789887,11368587,0,654554,729356,0,24750,1995311,0,0,0,0,89868,0,0,35.61,64.39,0.0,517177,934992,0,0,1452169
LA-SEN,senate,LA,SEN,Jamie Davis,Julia Letlow,DEM,REP,,REP,-24.1,0.9,99.1,Safe R,-21.43,5.16,-24.1,-0.45,-7.1,-0.28,-22.36,-1.74,False,False,,,0.0,0.0,,,0.0,confirmed,confirmed,,,0,,0.0,1983548,6210122,0,479104,1427072,0,10861766,12093658,1504444,4783049,0,1699034,127995,0,0,824000,0,10000,0,0,10000,0,0,37.95,62.05,0.0,533148,871735,0,0,1404882
MA-SEN,senate,MA,SEN,Ed Markey,John Deaton,DEM,REP,DEM,DEM,32.51,99.9,0.1,Safe D,29.01,5.16,36.04,0.54,1.67,-0.34,25.91,6.6,False,False,,,0.0,0.0,,,0.0,presumptive,presumptive,51.23,30.31,8,20.92,0.233,4848657,1561360,0,2227617,712417,0,17917,2281805,4431727,848943,0,757410,71926,0,548650,5775,0,0,1053414,0,0,1005000,0,66.26,33.74,0.0,1611081,820486,0,0,2431568
ME-SEN,senate,ME,SEN,Troy Jackson,Susan Collins,DEM,REP,REP,REP,-0.11,49.5,50.5,Toss-up,8.46,5.16,-0.91,0.0,-13.55,-0.97,7.09,-7.2,False,False,,,0.0,0.0,,,0.0,projected,confirmed,48.26,45.65,5,2.19,0.256,0,16169827,0,0,11038115,0,2839416,15555305,0,7708021,0,0,1425763,0,0,1263550,0,0,0,0,0,0,0,49.94,50.06,0.0,290654,291309,0,0,581962
MI-SEN,senate,MI,SEN,Abdul El-Sayed,Mike Rogers,DEM,REP,,DEM,5.3,69.8,30.2,Lean D,2.98,5.16,7.63,-0.32,0.44,-0.63,-1.44,6.73,False,False,,,0.0,0.0,,,0.0,confirmed,confirmed,45.75,46.15,23,-0.21,0.298,14514336,10898177,0,2552763,4473237,0,5511180,42322382,11961573,6680643,0,4142626,2220167,0,71845,849227,0,0,0,0,0,0,0,52.65,47.35,0.0,2087096,1877165,0,0,3964262
MN-SEN,senate,MN,SEN,Peggy Flanagan,Michele Tafoya,DEM,REP,,DEM,9.83,83.2,16.8,Likely D,6.65,5.16,11.0,-0.09,0.0,-0.72,4.34,5.49,False,False,,,0.0,0.0,,,0.0,confirmed,confirmed,46.18,41.09,5,4.99,0.194,6516273,5337942,0,1058604,1372728,0,1746564,7920529,5457669,3965545,0,2913200,2464154,0,176917,229000,0,7000,7878,0,0,294847,0,54.92,45.08,0.0,1250849,1026895,0,0,2277744
MS-SEN,senate,MS,SEN,Scott Colom,Cindy Hyde-Smith,DEM,REP,REP,REP,-13.32,9.6,90.4,Likely R,-21.48,5.16,-14.26,-0.19,2.62,-0.37,-23.15,9.82,False,False,IND,Ty Pinkins,6.0,0.0,,,0.0,confirmed,confirmed,39.0,42.0,1,-6.0,0.15,2384921,3825455,98038,847046,2535896,5352,1791266,98645,1537875,1759323,98301,351461,98642,64618,312330,1182050,0,25193,0,0,61083,60000,0,40.74,53.26,0.0,350185,457843,0,51576,859605
MT-SEN,senate,MT,SEN,Alani Bankhead,Kurt Alme,DEM,REP,,REP,-26.1,0.6,99.4,Safe R,-13.86,5.16,-9.35,0.36,0.0,-1.01,-20.58,-5.52,False,True,IND,Seth Bodnar,14.72,0.0,,,0.0,confirmed,confirmed,29.54,44.7,6,-16.15,0.249,58829,1984861,3238151,21485,1450719,977779,5394980,3314938,37011,534142,2260371,18727,88310,369366,6627,639500,93050,6522,0,0,0,0,0,27.76,53.86,3.66,117166,227326,15448,62134,422074
NC-SEN,senate,NC,SEN,Roy Cooper,Michael Whatley,DEM,REP,,REP,5.59,70.8,29.2,Lean D,-2.8,5.16,4.56,0.6,1.9,-0.3,-3.27,8.86,False,False,GRN,,0.0,0.0,,,0.0,confirmed,confirmed,50.06,40.36,27,9.49,0.305,34975789,11272504,0,20717567,3461698,0,6715477,16291842,14258222,7810806,0,4748620,1775437,0,820563,936330,0,0,0,0,0,46928,0,51.81,46.32,1.87,2065899,1847003,74566,0,3987467
NE-SEN,senate,NE,SEN,(No Democrat),Pete Ricketts,DEM,REP,REP,REP,-5.22,30.5,69.5,Lean R,-19.17,5.16,-6.35,-0.5,8.63,-0.48,-20.84,15.62,False,True,IND,Dan Osborn,47.39,30.5,,,0.0,,confirmed,47.0,42.8,3,1.2,0.15,0,11233507,5751951,0,6910970,2421487,916461,1732682,0,4809506,3393630,0,232136,2195423,0,1701815,139868,0,5295888,0,0,0,0,0.0,52.61,0.0,0,348808,0,314203,663011
NH-SEN,senate,NH,SEN,Chris Pappas,John E. Sununu,DEM,REP,,DEM,8.09,78.6,21.4,Likely D,-0.16,5.16,9.05,0.7,4.2,-0.86,2.82,5.27,False,False,,,0.0,0.0,,,0.0,presumptive,presumptive,47.34,41.78,17,5.66,0.283,13371607,3662252,0,5183321,2672646,0,130636,4655490,8595871,989605,0,4138690,395965,0,1045873,462000,0,0,0,0,0,0,0,54.04,45.96,0.0,312556,265776,0,0,578332
NJ-SEN,senate,NJ,SEN,Cory Booker,Justin Murphy,DEM,REP,DEM,DEM,19.67,97.3,2.7,Safe D,8.31,5.16,19.67,4.13,1.88,0.19,5.63,14.04,False,False,,,0.0,0.0,,,0.0,confirmed,confirmed,,,0,,0.0,18869341,27316,0,23060940,123,0,0,0,7000887,26297,0,8440493,7240,0,500530,650,0,0,4932,0,0,8782,0,59.83,40.17,0.0,1743345,1170342,0,0,2913686
NM-SEN,senate,NM,SEN,Ben Ray Lujan,Larry Marker,DEM,REP,DEM,DEM,19.1,96.9,3.1,Safe D,7.99,5.16,19.1,3.16,1.67,1.12,6.14,12.96,False,False,,,0.0,0.0,,,0.0,confirmed,confirmed,,,0,,0.0,5626629,33525,0,4396754,11850,0,0,0,2443668,21675,0,1158566,1065,0,1738346,5000,0,0,0,0,0,0,0,59.55,40.45,0.0,384922,261455,0,0,646377
OH-SEN,senate,OH,SEN,Sherrod Brown,Jon Husted,DEM,REP,REP,REP,0.01,50.1,49.9,Toss-up,-8.73,5.16,-2.3,0.58,1.39,-0.69,-11.31,11.32,False,False,LIB,,0.0,0.0,,,0.0,confirmed,confirmed,50.65,45.83,17,4.72,0.283,38566234,14360028,0,16229741,9419311,0,34727,10602630,22336493,4940716,0,13527788,1843640,0,861223,2382560,0,0,0,0,0,0,0,49.22,49.21,1.57,1986186,1985969,63358,0,4035512
OK-SEN,senate,OK,SEN,Jasmine Thomas,Kevin Hern,DEM,REP,,REP,-33.16,0.1,99.9,Safe R,-33.9,5.16,-35.68,-3.46,-2.78,-0.7,-34.95,1.79,False,False,,,0.0,0.0,,,0.0,presumptive,confirmed,25.0,49.0,1,-24.0,0.215,57159,9953579,0,456,2491910,0,0,2393207,57639,7461669,0,41107,132138,0,0,761500,0,0,5050000,0,0,0,0,33.42,66.58,0.0,366348,729874,0,0,1096222
OR-SEN,senate,OR,SEN,Jeff Merkley,David Brock Smith,DEM,REP,DEM,DEM,21.69,98.3,1.7,Safe D,12.86,5.16,21.69,2.47,1.67,-0.46,14.89,6.8,False,False,,,0.0,0.0,,,0.0,confirmed,confirmed,,,0,,0.0,4540974,120760,0,6828404,28980,0,0,0,1979569,91781,0,1059223,34621,0,477520,11000,0,0,0,0,0,8156,0,60.85,39.15,0.0,956350,615425,0,0,1571774
RI-SEN,senate,RI,SEN,Jack Reed,Raymond McKay,DEM,REP,DEM,DEM,24.61,99.2,0.8,Safe D,17.26,5.16,25.92,2.03,1.67,-0.2,14.16,10.44,False,False,,,0.0,0.0,,,0.0,presumptive,presumptive,52.0,34.82,2,17.18,0.15,3127031,163439,0,3642761,2745,0,0,0,1072461,161032,0,27532,66814,0,1028500,1600,0,0,1,0,0,690,0,62.3,37.7,0.0,223883,135465,0,0,359348
SC-SEN,senate,SC,SEN,Annie Andrews,Generic Republican,DEM,REP,,REP,-6.95,24.8,75.2,Likely R,-14.68,5.16,-6.66,0.0,3.25,-0.39,-18.12,11.17,False,False,LIB,,0.0,0.0,,,0.0,confirmed,projected,39.0,47.0,1,-11.0,0.154,10804040,0,0,4119295,0,0,0,145756,6684746,0,0,6474403,0,0,104955,0,0,0,0,0,1025357,0,0,45.65,52.48,1.87,814337,936006,33355,0,1783698
SD-SEN,senate,SD,SEN,(No Democrat),Mike Rounds,DEM,REP,REP,REP,-22.22,1.5,98.5,Safe R,-22.39,5.16,-23.7,-1.06,-4.39,-1.02,-29.98,7.76,False,True,IND,Brian Bengs,38.89,1.5,,,0.0,,confirmed,35.08,52.22,5,-16.07,0.194,0,3176451,782050,0,2736664,51406,0,586948,0,2309816,730644,0,36975,474153,0,1443800,5000,0,0,0,0,0,0,0.0,61.11,0.0,0,182397,0,116076,298473
TN-SEN,senate,TN,SEN,Marquita Bradshaw,Bill Hagerty,DEM,REP,REP,REP,-31.63,0.1,99.9,Safe R,-26.27,5.16,-31.63,-3.72,-6.25,-0.54,-30.12,-1.51,False,False,,,0.0,0.0,,,0.0,confirmed,confirmed,,,0,,0.0,2257,7162897,0,1043,5234429,0,0,760435,1293,3855937,0,2007,958119,0,0,1545200,0,0,0,0,0,0,0,34.19,65.81,0.0,733218,1411541,0,0,2144759
TX-SEN,senate,TX,SEN,James Talarico,Ken Paxton,DEM,REP,,REP,0.18,50.8,49.2,Toss-up,-10.63,5.16,-0.89,1.5,2.05,1.04,-13.88,14.06,False,False,LIB,,0.0,0.0,,,0.0,confirmed,confirmed,47.09,45.76,25,1.33,0.302,68555930,9248699,0,21548155,1755783,0,31389295,4272708,47007775,7492915,0,36717034,1764118,0,343408,219500,0,0,0,0,0,0,0,49.08,48.91,2.01,3918497,3904211,160462,0,7983170
VA-SEN,senate,VA,SEN,Mark Warner,Bert Mizusawa,DEM,REP,DEM,DEM,17.56,95.7,4.3,Safe D,6.82,5.16,17.56,2.74,3.15,-0.3,5.89,11.67,False,False,,,0.0,0.0,,,0.0,confirmed,confirmed,,,0,,0.0,17889335,418742,0,16114725,90328,0,150000,0,7327844,328750,0,2953209,122597,0,2117795,5000,0,0,171454,0,0,50783,0,58.78,41.22,0.0,1852976,1299326,0,0,3152302
WV-SEN,senate,WV,SEN,Rachel Fetty Anderson,Shelley Moore Capito,DEM,REP,REP,REP,-42.43,0.0,100.0,Safe R,-42.1,5.16,-42.43,-2.9,-1.67,-0.93,-42.69,0.25,False,False,,,0.0,0.0,,,0.0,confirmed,confirmed,,,0,,0.0,49913,4624145,0,22129,4377201,0,0,337585,34780,2558310,0,14901,84240,0,100,1742755,0,7890,0,0,0,0,0,28.78,71.22,0.0,153608,380065,0,0,533673
WY-SEN,senate,WY,SEN,James Byrd,Harriet Hageman,DEM,REP,,REP,-43.82,0.0,100.0,Safe R,-45.59,5.16,-43.82,-2.75,0.0,-0.64,-46.96,3.14,False,False,,,0.0,0.0,,,0.0,confirmed,confirmed,,,0,,0.0,22559,2435023,0,356,915369,0,0,1008675,23293,2402617,0,5589,598315,0,0,581700,0,1000,0,0,0,0,0,28.09,71.91,0.0,52907,135427,0,0,188334
AK-01,house,AK,01,(No Democrat),Nick Begich III,DEM,REP,REP,REP,-3.54,36.4,63.6,Lean R,-3.15,5.16,-1.76,-1.04,-1.67,-1.06,-13.8,10.26,False,True,IND,Bill Hill,48.23,36.4,,,0.0,,presumptive,39.51,46.77,4,-10.25,0.21,0,5470446,1336292,0,3119158,515886,125000,534443,0,2455619,820406,0,1108897,233665,0,1033577,62050,0,0,0,0,225764,0,0.0,51.77,0.0,0,122413,0,114033,236446
AL-01,house,AL,01,Clyde Jones,Jerry Carl,DEM,REP,,REP,-28.13,0.3,99.7,Safe R,-30.99,5.16,-28.13,-1.75,0.0,-0.56,-36.34,8.21,False,False,,,0.0,0.0,,,0.0,confirmed,confirmed,,,0,,0.0,85968,1162583,0,28030,366616,0,0,547042,57938,865257,0,44055,45133,0,2000,303059,0,0,0,0,0,254536,0,35.93,64.07,0.0,82519,147129,0,0,229648
AL-02,house,AL,02,Shomari Figures,Rhett Marques,DEM,REP,DEM,DEM,-2.5,40.3,59.7,Toss-up,-9.2,5.16,-2.29,-0.45,2.48,-0.28,-14.46,11.96,False,False,,,0.0,0.0,,,0.0,confirmed,confirmed,45.09,45.55,2,-3.45,0.183,1355789,1318574,0,662600,187718,0,100000,3738607,716297,1130856,0,167493,8808,0,830380,188469,0,0,0,0,12000,0,0,48.75,51.25,0.0,100043,105179,0,0,205222
AL-03,house,AL,03,Lee McInnis,Mike Rogers,DEM,REP,REP,REP,-41.1,0.0,100.0,Safe R,-41.76,5.16,-41.1,-2.23,-1.67,-0.61,-47.04,5.94,False,False,,,0.0,0.0,,,0.0,confirmed,confirmed,,,0,,0.0,60787,2133554,0,9462,2590964,0,3435,0,28900,1464925,0,17227,8029,0,0,735704,0,0,0,0,0,0,0,29.45,70.55,0.0,65228,156259,0,0,221487
AL-04,house,AL,04,Amanda Pusczek,Robert Aderholt,DEM,REP,REP,REP,-61.28,0.0,100.0,Safe R,-62.01,5.16,-61.28,-2.1,-1.67,-0.67,-66.99,5.71,False,False,,,0.0,0.0,,,0.0,confirmed,confirmed,,,0,,0.0,15591,1022664,0,396,749660,0,0,0,14624,1239901,0,7452,9102,0,0,422278,0,0,0,0,12000,0,0,19.36,80.64,0.0,43891,182812,0,0,226703
AL-05,house,AL,05,Andrew Sneed,Dale Strong,DEM,REP,REP,REP,-23.2,1.2,98.8,Safe R,-25.55,5.16,-23.2,-0.59,-1.67,-0.56,-29.51,6.31,False,False,,,0.0,0.0,,,0.0,confirmed,confirmed,,,0,,0.0,646512,1477819,0,169720,1424334,0,0,0,476792,682462,0,73555,6635,0,2350,631300,0,20000,0,0,0,240000,0,38.4,61.6,0.0,95044,152476,0,0,247520
AL-06,house,AL,06,Keith Pilkington,Gary Palmer,DEM,REP,REP,REP,-28.64,0.3,99.7,Safe R,-31.07,5.16,-28.64,0.0,-2.19,-0.54,-34.79,6.15,False,False,,,0.0,0.0,,,0.0,confirmed,confirmed,,,0,,0.0,0,1053566,0,0,260721,0,0,131018,0,946083,0,0,806,0,0,464000,0,0,0,0,0,0,0,35.68,64.32,0.0,87283,157348,0,0,244631
AL-07,house,AL,07,Terri Sewell,Ammie Akin,DEM,REP,DEM,DEM,34.25,100.0,0.0,Safe D,23.17,5.16,34.25,1.73,4.31,-0.12,17.99,16.26,False,False,,,0.0,0.0,,,0.0,confirmed,confirmed,,,0,,0.0,1961991,150730,0,3754350,115936,0,0,0,1678202,34794,0,67584,522,0,1589750,0,0,0,100000,0,0,100000,0,67.13,32.87,0.0,141199,69153,0,0,210352
AR-01,house,AR,01,Terri Green,Rick Crawford,DEM,REP,REP,REP,-42.05,0.0,100.0,Safe R,-40.63,5.16,-42.05,-1.62,-4.28,-0.68,-46.4,4.35,False,False,,,0.0,0.0,,,0.0,confirmed,confirmed,,,0,,0.0,65149,944302,0,11958,1031631,0,0,0,53192,743498,0,13695,12107,0,4900,557750,0,14395,0,0,17838,0,0,28.98,71.02,0.0,56742,139084,0,0,195826
AR-02,house,AR,02,Chris Jones,French Hill,DEM,REP,REP,REP,-6.86,25.1,74.9,Lean R,-11.43,5.16,-8.9,-0.99,-1.12,-0.52,-16.22,9.36,False,False,,,0.0,0.0,,,0.0,projected,projected,48.0,44.0,2,3.99,0.159,1174414,4421510,0,191398,2967541,0,0,418058,983016,2830321,0,303345,28686,0,27750,1457367,0,0,0,0,17801,0,0,46.57,53.43,0.0,105005,120470,0,0,225476
AR-03,house,AR,03,Robb Ryerse,Steve Womack,DEM,REP,REP,REP,-24.91,0.8,99.2,Safe R,-21.62,5.16,-24.91,-1.82,-6.29,-0.34,-25.81,0.9,False,False,,,0.0,0.0,,,0.0,projected,projected,,,0,,0.0,120526,1871761,0,5951,2404276,0,0,0,114576,1183378,0,57841,27541,0,5886,877500,0,250,0,0,20588,0,0,37.55,62.45,0.0,83201,138397,0,0,221598
AR-04,house,AR,04,James Russell,Bruce Westerman,DEM,REP,REP,REP,-38.16,0.0,100.0,Safe R,-34.99,5.16,-38.16,-2.88,-4.96,-0.49,-40.73,2.57,False,False,,,0.0,0.0,,,0.0,projected,projected,,,0,,0.0,5853,2562973,0,907,4668447,0,0,0,5628,928087,0,1762,38088,0,1500,1053550,0,0,0,0,1052,0,0,30.92,69.08,0.0,60772,135786,0,0,196558
AZ-01,house,AZ,01,Amish Shah,Jay Feely,DEM,REP,,REP,5.0,68.8,31.2,Lean D,1.24,5.16,5.61,-0.5,0.0,-0.3,-3.14,8.14,False,False,LIB,,0.0,0.0,,,0.0,presumptive,projected,42.71,42.94,2,-0.94,0.15,1830193,2528497,0,401745,794475,0,183453,3543753,1520251,1734022,0,205293,28573,0,146250,328330,0,430655,330000,0,210070,330000,0,51.51,46.61,1.88,162531,147052,5932,0,315514
AZ-02,house,AZ,02,Jonathan Nez,Eli Crane,DEM,REP,REP,REP,0.57,52.3,47.7,Toss-up,-9.89,5.16,1.73,-0.68,7.81,-0.67,-15.12,15.69,False,False,,,0.0,0.0,,,0.0,presumptive,presumptive,41.0,44.0,1,-6.0,0.15,3519760,9481428,0,1910990,2841745,0,883973,40754,1674073,6957053,0,1473633,3385826,0,213271,86500,0,0,0,0,0,0,0,50.29,49.71,0.0,146604,144930,0,0,291534
AZ-03,house,AZ,03,Yassamin Ansari,Kirt Burgess,DEM,REP,DEM,DEM,60.67,100.0,0.0,Safe D,46.94,5.16,60.67,0.0,6.47,2.1,40.31,20.36,False,False,,,0.0,0.0,,,0.0,projected,projected,,,0,,0.0,1436333,0,0,547321,0,0,0,0,899423,0,0,145331,0,0,226033,0,0,65705,0,0,70000,0,0,80.33,19.67,0.0,119904,29351,0,0,149255
AZ-04,house,AZ,04,Greg Stanton,Zuhdi Jasser,DEM,REP,DEM,DEM,20.17,97.6,2.4,Safe D,10.79,5.16,20.17,0.99,3.02,0.21,6.76,13.41,False,False,,,0.0,0.0,,,0.0,projected,projected,,,0,,0.0,2117114,564641,0,2020289,341651,0,422716,0,1112556,222990,0,90792,24225,0,638763,5000,0,0,10000,0,0,0,0,60.08,39.92,0.0,146157,97097,0,0,243254
AZ-05,house,AZ,05,Christopher James,Daniel Keenan,DEM,REP,,REP,-12.9,10.4,89.6,Likely R,-16.12,5.16,-12.9,-1.75,0.0,-0.2,-20.19,7.29,False,False,,,0.0,0.0,,,0.0,projected,projected,,,0,,0.0,134852,1851302,0,6933,46776,0,0,0,127919,1804527,0,25837,8102,0,19415,9000,0,23388,1650620,0,12522,1650620,0,43.55,56.45,0.0,135661,175857,0,0,311518
AZ-06,house,AZ,06,JoAnna Mendoza,Juan Ciscomani,DEM,REP,REP,REP,5.64,71.0,29.0,Lean D,2.69,5.16,6.19,0.13,-1.91,0.11,-0.76,6.4,False,False,LIB,,0.0,0.0,,,0.0,presumptive,presumptive,46.96,44.87,3,-0.29,0.15,7354599,6172867,0,3260752,4135163,0,72849,0,4093848,2274265,0,2800233,500509,0,579418,1655410,0,0,0,0,3300,0,0,51.7,46.18,2.12,159302,142289,6532,0,308122
AZ-07,house,AZ,07,Adelita Grijalva,Daniel Butierez,DEM,REP,DEM,DEM,39.59,100.0,0.0,Safe D,28.99,5.16,39.59,1.53,2.05,1.86,22.39,17.2,False,False,,,0.0,0.0,,,0.0,projected,projected,,,0,,0.0,2285639,224367,0,427977,11399,0,817317,195587,1857663,213560,0,1015921,16901,0,435939,2000,0,0,175207,0,0,144120,0,69.79,30.21,0.0,137621,59558,0,0,197180
AZ-08,house,AZ,08,Bernadette Greene Placentia,Abraham Hamadeh,DEM,REP,REP,REP,-9.63,17.3,82.7,Likely R,-12.61,5.16,-9.63,-1.18,-0.95,-0.05,-16.48,6.85,False,False,,,0.0,0.0,,,0.0,projected,projected,,,0,,0.0,209358,1206361,0,190394,384185,0,0,0,17589,858585,0,165308,213882,0,100,269960,0,0,0,0,0,103414,0,45.19,54.81,0.0,123998,150418,0,0,274416
AZ-09,house,AZ,09,Danielle Sterbinsky,Paul Gosar,DEM,REP,REP,REP,-22.76,1.3,98.7,Safe R,-26.73,5.16,-22.76,-0.33,-1.21,0.35,-31.34,8.58,False,False,,,0.0,0.0,,,0.0,projected,projected,,,0,,0.0,354383,580042,0,25745,303214,0,0,0,332316,368426,0,306781,127935,0,0,85000,0,250,0,0,0,6958,0,38.62,61.38,0.0,108805,172926,0,0,281730
CA-01,house,CA,01,Mike McGuire,James Gallagher,DEM,REP,REP,DEM,19.52,97.2,2.8,Safe D,15.71,5.16,19.52,0.21,-1.67,0.11,12.63,6.89,False,False,,,0.0,0.0,,,0.0,projected,projected,,,0,,0.0,1827711,1488906,0,152606,332899,0,474065,0,1675105,1156006,0,483160,74465,0,300070,282863,0,0,0,0,0,33633,0,59.76,40.24,0.0,142917,96233,0,0,239151
CA-02,house,CA,02,Jared Huffman,Robin Littau,DEM,REP,DEM,DEM,33.6,99.9,0.1,Safe D,28.08,5.16,33.6,0.0,0.77,-0.42,25.45,8.15,False,False,,,0.0,0.0,,,0.0,projected,projected,,,0,,0.0,978277,0,0,1075956,0,0,0,0,886964,0,0,55444,0,0,316245,0,0,0,0,0,2375,0,0,66.8,33.2,0.0,182038,90482,0,0,272520
CA-03,house,CA,03,Amerish Bera,Robb Tucker,DEM,REP,DEM,DEM,21.41,98.2,1.8,Safe D,13.07,5.16,21.41,1.08,2.23,-0.13,10.55,10.86,False,False,,,0.0,0.0,,,0.0,projected,projected,,,0,,0.0,1250126,258139,0,1830338,16000,0,0,0,1293160,242139,0,51066,6749,0,649068,0,0,0,205000,0,105000,205000,0,60.7,39.3,0.0,155790,100854,0,0,256644
CA-04,house,CA,04,Mike Thompson,(no Republican — top-two),DEM,REP,DEM,DEM,40.0,100.0,0.0,Safe D,18.54,5.16,26.83,0.0,2.74,0.39,14.96,25.04,False,False,,,0.0,0.0,DEM,Eric Jones,80.0,confirmed,,,,0,,0.0,4203207,0,0,1075631,0,0,1150453,1714969,4337065,0,0,197766,0,0,1850146,0,0,0,0,0,37712,0,0,100.0,0.0,0.0,240754,0,0,0,240754
CA-05,house,CA,05,Michael Masuda,Tom McClintock,DEM,REP,REP,REP,-17.95,4.0,96.0,Safe R,-17.98,5.16,-17.95,-0.65,-4.77,0.28,-21.2,3.25,False,False,,,0.0,0.0,,,0.0,projected,projected,,,0,,0.0,361735,928788,0,89452,201472,0,0,0,272284,875521,0,141932,112113,0,18750,156551,0,0,0,0,27146,5106,0,41.02,58.98,0.0,104084,149639,0,0,253723
CA-06,house,CA,06,Richard Pan,Kevin Kiley,DEM,IND,IND,IND,12.67,89.2,10.8,Likely D,11.51,5.16,12.67,-0.35,-3.7,0.06,8.67,4.0,False,False,,,0.0,0.0,,,0.0,projected,confirmed,,,0,,0.0,1098283,2988805,0,359132,2123953,0,2301713,75888,739151,1245831,0,241251,433049,0,308198,361391,0,0,15,0,117141,6225,0,56.34,43.66,0.0,132640,102801,0,0,235441
CA-07,house,CA,07,Doris Matsui,(no Republican — top-two),DEM,REP,DEM,DEM,40.0,100.0,0.0,Safe D,16.89,5.16,25.7,0.0,3.51,0.13,13.26,26.74,False,False,,,0.0,0.0,DEM,Mai Vang,80.0,confirmed,,,,0,,0.0,3192087,0,0,467456,0,0,200000,140000,3031300,0,0,27576,0,0,936964,0,0,1415100,0,0,1400563,0,0,100.0,0.0,0.0,242835,0,0,0,242835
CA-08,house,CA,08,John Garamendi,Rudy Recile,DEM,REP,DEM,DEM,49.25,100.0,0.0,Safe D,39.43,5.16,49.25,1.66,2.41,0.58,35.19,14.06,False,False,,,0.0,0.0,,,0.0,projected,projected,,,0,,0.0,489135,8576,0,1196018,1541,0,0,0,557834,8073,0,7559,1628,0,334500,0,0,0,25,0,0,31273,0,74.63,25.37,0.0,163165,55478,0,0,218644
CA-09,house,CA,09,Josh Harder,John McBride,DEM,REP,DEM,DEM,30.99,99.9,0.1,Safe D,17.57,5.16,30.99,2.78,4.61,0.87,11.8,19.19,False,False,,,0.0,0.0,,,0.0,projected,projected,,,0,,0.0,4083528,52178,0,4739488,18738,0,0,0,1032871,33569,0,377932,3149,0,508815,19882,0,0,0,0,0,23491,0,65.49,34.51,0.0,123088,64852,0,0,187940
CA-10,house,CA,10,Mark DeSaulnier,Jeff Frese,DEM,REP,DEM,DEM,43.16,100.0,0.0,Safe D,37.74,5.16,43.16,0.0,0.33,-0.07,34.75,8.41,False,False,,,0.0,0.0,,,0.0,projected,projected,,,0,,0.0,567258,0,0,586497,0,0,0,0,609748,0,0,40092,0,0,304983,0,0,0,0,0,0,0,0,71.58,28.42,0.0,189310,75171,0,0,264480
CA-11,house,CA,11,Scott Wiener,(no Republican — top-two),DEM,REP,,DEM,40.0,100.0,0.0,Safe D,74.29,5.16,79.14,0.0,0.0,-0.31,70.62,-30.62,False,False,,,0.0,0.0,DEM,Connie Chan,58.0,confirmed,,,,0,,0.0,4561120,0,0,1237192,0,0,1657500,41145,3323928,0,0,159240,0,0,91176,0,0,0,0,0,66638,0,0,100.0,0.0,0.0,252827,0,0,0,252827
CA-12,house,CA,12,Lateefah Simon,(no Republican — top-two),DEM,REP,DEM,DEM,40.0,100.0,0.0,Safe D,81.04,5.16,88.13,0.0,1.67,0.26,77.64,-37.64,False,False,,,0.0,0.0,DEM,Jamie Joyce,80.0,confirmed,,,,0,,0.0,1449191,0,0,777590,0,0,111599,0,957256,0,0,85221,0,0,261421,0,0,0,0,0,0,0,0,100.0,0.0,0.0,222860,0,0,0,222860
CA-13,house,CA,13,Adam Gray,Kevin Lincoln,DEM,REP,DEM,DEM,21.87,98.4,1.6,Safe D,7.14,5.16,21.87,0.46,7.04,2.08,0.51,21.37,False,False,,,0.0,0.0,,,0.0,confirmed,confirmed,,,0,,0.0,4191397,2237084,0,2072111,837885,0,991,70830,2311244,1423323,0,482042,445085,0,1269883,251621,0,0,0,0,0,126125,0,60.94,39.06,0.0,88706,56863,0,0,145569
CA-14,house,CA,14,Aisha Wahab,(no Republican — top-two),DEM,REP,,DEM,40.0,100.0,0.0,Safe D,40.97,5.16,46.25,0.0,0.0,0.12,36.2,3.8,False,False,,,0.0,0.0,DEM,Melissa Hernandez,58.0,confirmed,,,,0,,0.0,631749,0,0,146906,0,0,260366,2892831,484843,0,0,26791,0,0,155983,0,0,38500,0,0,43900,0,0,100.0,0.0,0.0,199910,0,0,0,199910
CA-15,house,CA,15,Kevin Mullin,Charles Hoelter,DEM,REP,DEM,DEM,58.49,100.0,0.0,Safe D,54.06,5.16,58.49,0.0,-0.99,0.26,49.64,8.85,False,False,,,0.0,0.0,,,0.0,projected,projected,,,0,,0.0,819662,0,0,219735,0,0,0,0,651698,0,0,15210,0,0,470712,0,0,0,0,0,5325,0,0,79.24,20.76,0.0,169494,44395,0,0,213889
CA-16,house,CA,16,Sam Liccardo,Peter Sundin Soulé,DEM,REP,DEM,DEM,59.9,100.0,0.0,Safe D,53.18,5.16,59.9,0.0,1.67,-0.1,49.91,9.99,False,False,,,0.0,0.0,,,0.0,projected,projected,,,0,,0.0,3489298,0,0,2152957,0,0,0,0,1426732,0,0,15733,0,0,662750,0,0,0,0,0,840,0,0,79.95,20.05,0.0,190344,47731,0,0,238075
CA-17,house,CA,17,Rohit Khanna,Ritesh Tandon,DEM,REP,DEM,DEM,49.26,100.0,0.0,Safe D,45.41,5.16,49.26,3.69,-4.76,-0.25,40.75,8.51,False,False,,,0.0,0.0,,,0.0,projected,projected,,,0,,0.0,13761491,37653,0,16929752,891,0,0,37500,7540830,36763,0,1650809,2226,0,1000,0,0,0,25,0,89348,0,0,74.63,25.37,0.0,138037,46929,0,0,184966
CA-18,house,CA,18,Zoe Lofgren,Shane Lewis,DEM,REP,DEM,DEM,44.19,100.0,0.0,Safe D,35.34,5.16,44.19,2.1,-0.49,2.08,29.37,14.82,False,False,,,0.0,0.0,,,0.0,projected,projected,,,0,,0.0,1721916,60180,0,643341,3307,0,109274,0,1318327,56873,0,436598,2664,0,438813,0,0,0,41958,0,0,40225,0,72.1,27.9,0.0,119834,46380,0,0,166214
CA-19,house,CA,19,Jimmy Panetta,Peter Verbica,DEM,REP,DEM,DEM,49.55,100.0,0.0,Safe D,38.9,5.16,50.47,2.46,3.85,0.1,35.64,13.91,False,False,GRN,,0.0,0.0,,,0.0,projected,projected,,,0,,0.0,2887610,76324,0,5109558,24682,0,1198560,0,1492690,51642,0,88768,4624,0,1559107,3500,0,0,505,0,0,0,0,72.04,24.3,3.66,189809,64031,9644,0,263484
CA-20,house,CA,20,Sandra Van Scotter,Vince Fong,DEM,REP,REP,REP,-28.35,0.3,99.7,Safe R,-30.06,5.16,-28.35,-2.51,-1.67,0.73,-32.98,4.64,False,False,,,0.0,0.0,,,0.0,confirmed,confirmed,,,0,,0.0,17086,1849356,0,-2017,453750,0,0,0,16701,1434838,0,5369,17074,0,0,894497,0,9907,0,0,0,0,0,35.83,64.17,0.0,79106,141697,0,0,220803
CA-21,house,CA,21,Jim Costa,Kyle Kirkland,DEM,REP,DEM,DEM,21.16,98.1,1.9,Safe D,12.04,5.16,21.16,0.95,0.92,2.08,6.17,14.99,False,False,,,0.0,0.0,,,0.0,projected,projected,,,0,,0.0,1337630,338971,0,937778,17934,0,0,0,608734,321037,0,11086,38714,0,796717,0,0,0,127459,0,0,33141,0,60.58,39.42,0.0,85576,55687,0,0,141263
CA-22,house,CA,22,Randy Villegas,David Valadao,DEM,REP,REP,REP,6.47,73.7,26.3,Lean D,5.21,5.16,7.44,-0.32,-5.26,2.65,-1.86,8.33,False,False,,,0.0,0.0,,,0.0,confirmed,confirmed,48.0,44.0,1,1.0,0.15,2645560,4927602,0,571792,3365587,0,3227686,2378344,2073768,1607550,0,778710,97100,0,190098,1921533,0,0,0,0,0,0,0,53.24,46.76,0.0,63783,56029,0,0,119812
CA-23,house,CA,23,Tessa Lynn Hodge,Jay Obernolte,DEM,REP,REP,REP,-16.12,5.8,94.2,Likely R,-16.48,5.16,-16.12,-1.89,-3.99,1.07,-19.9,3.78,False,False,,,0.0,0.0,,,0.0,projected,projected,,,0,,0.0,79499,1455868,0,10237,1644222,0,18690,519365,69262,809486,0,28040,1363,0,0,863371,0,9080,0,0,3770,1125000,0,41.94,58.06,0.0,81192,112402,0,0,193594
CA-24,house,CA,24,Salud Carbajal,Robert Smith,DEM,REP,DEM,DEM,36.91,100.0,0.0,Safe D,28.46,5.16,36.91,1.43,1.13,0.73,25.76,11.15,False,False,,,0.0,0.0,,,0.0,projected,projected,,,0,,0.0,1650355,203264,0,3383604,47128,0,0,0,910621,156136,0,28020,31687,0,571016,1286,0,0,22492,0,5416,29373,0,68.45,31.55,0.0,168366,77589,0,0,245955
CA-25,house,CA,25,Raul Ruiz,Joe Males,DEM,REP,DEM,DEM,20.01,97.5,2.5,Safe D,10.68,5.16,20.01,0.58,1.67,1.92,5.97,14.04,False,False,,,0.0,0.0,,,0.0,projected,projected,,,0,,0.0,2093907,936496,0,2556494,14847,0,0,0,1240152,921649,0,88212,686618,0,969251,450,0,0,0,0,0,24964,0,60.0,40.0,0.0,113442,75615,0,0,189057
CA-26,house,CA,26,Jacqui Irwin,Samuel Gallucci,DEM,REP,,DEM,26.07,99.5,0.5,Safe D,19.33,5.16,26.07,0.63,0.0,0.95,15.73,10.34,False,False,,,0.0,0.0,,,0.0,projected,projected,,,0,,0.0,822382,377078,0,295478,33681,0,366028,0,526904,343397,0,17494,9352,0,164050,0,0,0,232520,0,0,125000,0,63.04,36.96,0.0,151516,88846,0,0,240362
CA-27,house,CA,27,George Whitesides,Jason Gibbs,DEM,REP,DEM,DEM,27.08,99.6,0.4,Safe D,14.46,5.16,27.08,1.74,4.43,1.29,10.06,17.02,False,False,,,0.0,0.0,,,0.0,projected,projected,,,0,,0.0,3963530,379440,0,2554917,201877,0,1074903,0,1735347,177563,0,359853,5780,0,635983,10000,0,0,0,0,1310000,0,0,63.54,36.46,0.0,131688,75561,0,0,207250
CA-28,house,CA,28,Judy Chu,April Verlato,DEM,REP,DEM,DEM,40.03,100.0,0.0,Safe D,30.04,5.16,40.03,2.23,2.3,0.3,26.17,13.87,False,False,,,0.0,0.0,,,0.0,projected,projected,,,0,,0.0,930123,250,0,3674296,205,0,0,0,857832,7882,0,37156,250,0,379775,0,0,0,0,0,0,0,0,70.02,29.98,0.0,160158,68585,0,0,228743
CA-29,house,CA,29,Luz Rivas,(no Republican — top-two),DEM,REP,DEM,DEM,40.0,100.0,0.0,Safe D,41.6,5.16,53.6,0.0,4.75,2.09,34.71,5.29,False,False,,,0.0,0.0,DEM,Angélica Dueñas,80.0,confirmed,,,,0,,0.0,670678,0,0,377476,0,0,0,0,557465,0,0,13006,0,0,356790,0,0,0,0,0,0,0,0,100.0,0.0,0.0,167318,0,0,0,167318
CA-30,house,CA,30,Laura Friedman,Scott Alan Meyers,DEM,REP,DEM,DEM,51.94,100.0,0.0,Safe D,45.06,5.16,51.94,1.57,0.0,0.15,41.41,10.53,False,False,,,0.0,0.0,,,0.0,projected,projected,,,0,,0.0,827895,58294,0,469254,2616,0,0,0,655389,55678,0,55622,1544,0,286550,0,0,0,40000,0,0,40000,0,75.97,24.03,0.0,181602,57449,0,0,239051
CA-31,house,CA,31,Gilbert Cisneros,Eric Ching,DEM,REP,DEM,DEM,16.31,94.4,5.6,Likely D,18.14,5.16,16.31,1.31,-10.02,1.72,12.61,3.7,False,False,,,0.0,0.0,,,0.0,projected,projected,,,0,,0.0,705263,81571,0,259803,64913,0,0,0,485536,56899,0,24198,5020,0,453650,0,0,6616,0,0,5452550,0,0,58.16,41.84,0.0,118841,85507,0,0,204348
CA-32,house,CA,32,Brad Sherman,Larry Thompson,DEM,REP,DEM,DEM,39.79,100.0,0.0,Safe D,30.16,5.16,39.79,2.65,1.61,0.2,25.76,14.03,False,False,,,0.0,0.0,,,0.0,projected,projected,,,0,,0.0,2514330,34316,0,2668480,2174,0,974078,0,3767794,32142,0,11439,814,0,703424,0,0,0,27452,0,265,19291,0,69.89,30.11,0.0,175972,75798,0,0,251770
CA-33,house,CA,33,Pete Aguilar,Stephanie Vargas,DEM,REP,DEM,DEM,28.62,99.7,0.3,Safe D,16.51,5.16,28.62,0.0,4.9,2.05,10.12,18.5,False,False,,,0.0,0.0,,,0.0,projected,projected,,,0,,0.0,4722835,0,0,3457642,0,0,0,0,3914264,0,0,259702,0,0,2091001,0,0,0,0,0,0,0,0,64.31,35.69,0.0,111819,62049,0,0,173868
CA-34,house,CA,34,Jimmy Gomez,(no Republican — top-two),DEM,REP,DEM,DEM,40.0,100.0,0.0,Safe D,59.07,5.16,68.04,0.0,1.67,2.14,53.04,-13.04,False,False,,,0.0,0.0,DEM,Angela Gonzales-Torres,80.0,confirmed,,,,0,,0.0,1175128,0,0,781726,0,0,0,0,482161,0,0,12050,0,0,521144,0,0,0,0,0,76784,0,0,100.0,0.0,0.0,150165,0,0,0,150165
CA-35,house,CA,35,Norma Torres,Mike Cargile,DEM,REP,DEM,DEM,26.53,99.5,0.5,Safe D,14.35,5.16,26.53,2.03,3.11,1.89,8.0,18.54,False,False,,,0.0,0.0,,,0.0,projected,projected,,,0,,0.0,769061,4759,0,339247,2873,0,0,0,733128,2357,0,43080,1559,0,498820,0,0,0,0,0,889,12960,0,63.27,36.73,0.0,115321,66955,0,0,182276
CA-36,house,CA,36,Ted Lieu,Houston Brignano,DEM,REP,DEM,DEM,51.32,100.0,0.0,Safe D,43.66,5.16,51.32,2.66,0.02,-0.19,40.42,10.89,False,False,,,0.0,0.0,,,0.0,projected,projected,,,0,,0.0,1832769,5139,0,1188399,801,0,106348,0,1319377,4338,0,35142,678,0,570479,0,0,0,0,0,27711,773,0,75.66,24.34,0.0,204220,65705,0,0,269925
CA-37,house,CA,37,Sydney Kamlager-Dove,(no Republican — top-two),DEM,REP,DEM,DEM,40.0,100.0,0.0,Safe D,68.08,5.16,76.8,0.0,1.67,1.9,62.31,-22.31,False,False,,,0.0,0.0,DEM,Samantha Mota,80.0,confirmed,,,,0,,0.0,1150468,0,0,185491,0,0,0,0,1026975,0,0,387951,0,0,385235,0,0,0,0,0,0,0,0,100.0,0.0,0.0,164586,0,0,0,164586
CA-38,house,CA,38,Hilda Solis,Pedro Casas,DEM,REP,,DEM,26.25,99.5,0.5,Safe D,19.22,5.16,26.25,0.0,0.0,1.87,12.8,13.46,False,False,,,0.0,0.0,,,0.0,projected,projected,,,0,,0.0,1049534,0,0,154503,0,0,367531,0,895031,0,0,22180,0,0,124249,0,0,0,0,0,178,0,0,63.13,36.87,0.0,115638,67548,0,0,183185
CA-39,house,CA,39,Mark Takano,Steve Manos,DEM,REP,DEM,DEM,25.56,99.4,0.6,Safe D,16.24,5.16,25.56,0.0,2.05,2.11,9.85,15.71,False,False,,,0.0,0.0,,,0.0,projected,projected,,,0,,0.0,893848,0,0,186224,0,0,0,0,976794,0,0,107176,0,0,404800,0,0,0,0,0,0,0,0,62.78,37.22,0.0,103325,61260,0,0,164585
CA-40,house,CA,40,(no Democrat — top-two),Ken Calvert,DEM,REP,REP,REP,-40.0,0.0,100.0,Safe R,-9.98,5.16,-4.46,0.0,-0.16,0.52,-12.6,-27.4,False,False,,,0.0,0.0,REP,Young Kim,80.0,,confirmed,,,0,,0.0,0,6142469,0,0,1497001,0,577540,451180,0,4907604,0,0,265201,0,0,1379327,0,0,0,0,0,2370,0,0.0,100.0,0.0,0,266738,0,0,266738
CA-41,house,CA,41,Linda Sanchez,Mitch Clemmons,DEM,REP,DEM,DEM,31.38,99.9,0.1,Safe D,19.78,5.16,31.38,2.64,1.82,1.98,14.61,16.77,False,False,,,0.0,0.0,,,0.0,projected,projected,,,0,,0.0,1602790,1709,0,415746,1659,0,300000,0,1612831,50,0,26484,209,0,1243209,0,0,0,500,0,12116,0,0,65.69,34.31,0.0,142915,74639,0,0,217554
CA-42,house,CA,42,Robert Garcia,Brian Burley,DEM,REP,DEM,DEM,26.48,99.5,0.5,Safe D,17.02,5.16,26.48,1.69,2.11,0.51,13.57,12.91,False,False,,,0.0,0.0,,,0.0,projected,projected,,,0,,0.0,2615120,231371,0,1381467,5509,0,0,0,1646081,231639,0,1109602,22656,0,625683,0,0,0,186000,0,0,132309,0,63.24,36.76,0.0,154791,89968,0,0,244759
CA-43,house,CA,43,Maxine Waters,Cristian Morales,DEM,REP,DEM,DEM,63.7,100.0,0.0,Safe D,56.99,5.16,63.7,0.0,-0.56,2.11,50.59,13.11,False,False,,,0.0,0.0,,,0.0,projected,projected,,,0,,0.0,863683,0,0,269669,0,0,0,0,710470,0,0,20299,0,0,400500,0,0,0,0,0,211525,0,0,81.85,18.15,0.0,127993,28381,0,0,156374
CA-44,house,CA,44,Nanette Barragan,Genevieve Angel,DEM,REP,DEM,DEM,59.13,100.0,0.0,Safe D,43.76,5.16,59.13,1.93,5.72,2.57,36.32,22.81,False,False,,,0.0,0.0,,,0.0,projected,projected,,,0,,0.0,785765,13898,0,1088423,8746,0,0,0,1178896,5152,0,3847,1705,0,606750,0,0,0,3000,0,0,3000,0,79.57,20.43,0.0,122401,31432,0,0,153833
CA-45,house,CA,45,Derek Tran,Chuong Vo,DEM,REP,DEM,DEM,20.52,97.7,2.3,Safe D,8.46,5.16,20.52,1.39,4.91,0.6,4.07,16.45,False,False,,,0.0,0.0,,,0.0,projected,projected,,,0,,0.0,4981277,756510,0,3257398,0,0,394010,0,2051202,756510,0,796121,6920,0,1107439,0,0,0,720000,0,25000,0,0,60.26,39.74,0.0,126686,83544,0,0,210230
CA-46,house,CA,46,Lou Correa,David Pan,DEM,REP,DEM,DEM,39.64,100.0,0.0,Safe D,22.22,5.16,39.64,1.73,8.5,2.03,16.7,22.94,False,False,,,0.0,0.0,,,0.0,projected,projected,,,0,,0.0,1226104,80726,0,2479554,6238,0,107387,0,613912,77368,0,4351,3264,0,666283,250,0,0,9000,0,8132,33477,0,69.82,30.18,0.0,111200,48071,0,0,159271
CA-47,house,CA,47,Dave Min,Jenny Rae Le Roux,DEM,REP,DEM,DEM,23.45,98.9,1.1,Safe D,13.55,5.16,22.73,1.61,2.57,-0.17,10.47,12.98,False,False,LIB,,0.0,0.0,,,0.0,projected,projected,,,0,,0.0,3381161,375883,0,1889360,128533,0,697088,0,1664867,247351,0,346683,31946,0,599642,0,0,0,150500,0,0,157500,0,59.5,36.89,3.61,148994,92393,9040,0,250428
CA-48,house,CA,48,Marni von Wilpert,Jim Desmond,DEM,REP,,DEM,10.04,83.7,16.3,Likely D,5.83,5.16,11.99,0.13,0.0,0.86,3.52,6.52,False,False,,,0.0,0.0,,,0.0,confirmed,confirmed,48.0,46.0,1,-1.0,0.15,2174872,2258836,0,825012,1230031,0,2439978,705909,1349861,1028804,0,326383,250752,0,443335,145099,0,1975,0,0,67000,7170,0,55.02,44.98,0.0,126344,103294,0,0,229638
CA-49,house,CA,49,Mike Levin,Armen Kurdian,DEM,REP,DEM,DEM,22.18,98.5,1.5,Safe D,14.75,5.16,22.18,2.54,-0.29,0.01,12.48,9.7,False,False,,,0.0,0.0,,,0.0,projected,projected,,,0,,0.0,3164023,58784,0,1418237,17916,0,60445,0,2015523,40867,0,216738,7064,0,392785,1000,0,0,13613,0,0,28967,0,61.09,38.91,0.0,166060,105771,0,0,271831
CA-50,house,CA,50,Scott Peters,Steve Cohen,DEM,REP,DEM,DEM,26.46,99.5,0.5,Safe D,21.0,5.16,26.46,0.0,0.44,-0.14,18.83,7.63,False,False,,,0.0,0.0,,,0.0,projected,projected,,,0,,0.0,1810961,0,0,2598276,0,0,0,0,1363206,0,0,16263,0,0,1066750,0,0,1641,0,0,170760,0,0,63.23,36.77,0.0,164537,95689,0,0,260226
CA-51,house,CA,51,Sara Jacobs,Ricardo Cabrera,DEM,REP,DEM,DEM,27.68,99.7,0.3,Safe D,21.64,5.16,27.68,0.0,0.56,0.32,18.79,8.9,False,False,,,0.0,0.0,,,0.0,projected,projected,,,0,,0.0,1639893,0,0,269452,0,0,0,0,1447813,0,0,153441,0,0,207250,0,0,929347,0,0,350000,0,0,63.84,36.16,0.0,158933,90014,0,0,248947
CA-52,house,CA,52,Juan Vargas,Jeff Belle,DEM,REP,DEM,DEM,39.94,100.0,0.0,Safe D,24.73,5.16,39.94,1.58,6.46,2.01,18.06,21.88,False,False,,,0.0,0.0,,,0.0,projected,projected,,,0,,0.0,568520,25498,0,163676,1364,0,0,0,495684,24134,0,153,572,0,431200,0,0,0,0,0,0,7000,0,69.97,30.03,0.0,133553,57324,0,0,190877
CO-01,house,CO,01,Melat Kiros,Christy Peterson,DEM,REP,,DEM,69.42,100.0,0.0,Safe D,62.74,5.16,69.42,1.19,0.0,0.34,57.61,11.81,False,False,,,0.0,0.0,,,0.0,confirmed,confirmed,,,0,,0.0,1091198,2057,0,126406,1703,0,627215,675000,964792,354,0,460978,713,0,26890,150,0,4953,0,0,1100,0,0,84.71,15.29,0.0,217243,39205,0,0,256448
CO-02,house,CO,02,Joe Neguse,Kelley Dennison,DEM,REP,DEM,DEM,51.92,100.0,0.0,Safe D,44.47,5.16,51.92,0.0,2.69,-0.4,40.92,11.0,False,False,,,0.0,0.0,,,0.0,confirmed,confirmed,,,0,,0.0,2742281,0,0,3092918,0,0,0,0,1640260,0,0,222945,0,0,983752,0,0,0,0,0,0,0,0,75.96,24.04,0.0,229670,72686,0,0,302356
CO-03,house,CO,03,Dwayne Romero,Jeffrey Hurd,DEM,REP,REP,REP,-2.16,41.6,58.4,Toss-up,-5.99,5.16,-1.78,-1.17,0.11,0.11,-9.98,7.82,False,False,,,0.0,0.0,,,0.0,confirmed,confirmed,45.0,46.0,1,-4.0,0.169,716576,3552599,0,84208,1760849,0,0,115849,632367,1800885,0,30053,76384,0,12000,568651,0,350000,0,0,350000,0,0,48.92,51.08,0.0,139299,145437,0,0,284736
CO-04,house,CO,04,Eileen Laubacher,Lauren Boebert,DEM,REP,REP,REP,-5.56,29.3,70.7,Lean R,-15.49,5.16,-5.56,1.71,3.47,-0.42,-18.71,13.15,False,False,,,0.0,0.0,,,0.0,confirmed,confirmed,,,0,,0.0,10349940,1010297,0,3610909,247202,0,0,0,6739031,922240,0,7575504,393909,0,17510,130500,0,0,0,0,0,0,0,47.22,52.78,0.0,152566,170538,0,0,323105
CO-05,house,CO,05,Jessica Killin,Jeff Crank,DEM,REP,REP,REP,-6.92,24.9,75.1,Likely R,-6.53,5.16,-7.44,0.28,-6.17,-0.17,-9.34,2.42,False,False,,,0.0,0.0,,,0.0,confirmed,confirmed,43.99,45.0,2,-4.0,0.15,3143744,2177288,0,1592642,1465048,0,148204,0,1551102,778793,0,176908,141653,0,269345,837000,0,632433,0,0,0,0,0,46.54,53.46,0.0,122321,140510,0,0,262831
CO-06,house,CO,06,Jason Crow,Khaleb Dammen,DEM,REP,DEM,DEM,32.77,99.9,0.1,Safe D,24.75,5.16,32.77,0.0,2.76,0.1,20.36,12.41,False,False,,,0.0,0.0,,,0.0,confirmed,confirmed,,,0,,0.0,3177447,0,0,2707899,0,0,0,0,2217842,0,0,1102428,0,0,208550,0,0,0,0,0,0,0,0,66.38,33.62,0.0,167461,84798,0,0,252258
CO-07,house,CO,07,Brittany Pettersen,Amanda Capobianco,DEM,REP,DEM,DEM,26.31,99.5,0.5,Safe D,18.48,5.16,26.31,0.0,3.03,-0.36,15.41,10.89,False,False,,,0.0,0.0,,,0.0,confirmed,presumptive,,,0,,0.0,1866765,0,0,1105388,0,0,0,0,1322310,0,0,186392,0,0,997205,0,0,0,0,0,0,0,0,63.15,36.85,0.0,197066,114971,0,0,312038
CO-08,house,CO,08,Manny Rutinel,Gabe Evans,DEM,REP,REP,REP,7.65,77.3,22.7,Likely D,3.39,5.16,7.65,0.01,-1.67,0.76,-1.88,9.53,False,False,,,0.0,0.0,,,0.0,confirmed,confirmed,,,0,,0.0,4336988,5393673,0,601232,3880463,0,4699993,1271061,3735756,1588203,0,2065691,784602,0,92650,1427927,0,0,0,0,0,154186,0,53.83,46.17,0.0,129800,111350,0,0,241150
CT-01,house,CT,01,Luke Bronin,Amy Chai,DEM,REP,,DEM,32.41,99.9,0.1,Safe D,25.65,5.16,32.41,1.59,0.0,0.01,23.27,9.14,False,False,,,0.0,0.0,,,0.0,confirmed,confirmed,,,0,,0.0,3070151,20827,0,600894,344,0,1755666,1125106,2469257,16227,0,122156,1860,0,22500,0,0,0,16736,0,0,0,0,66.2,33.8,0.0,159407,81372,0,0,240779
CT-02,house,CT,02,Joe Courtney,George Austin,DEM,REP,DEM,DEM,22.71,98.7,1.3,Safe D,9.59,5.16,22.71,0.66,7.88,-0.59,7.86,14.85,False,False,,,0.0,0.0,,,0.0,confirmed,confirmed,,,0,,0.0,760424,283997,0,603234,199951,0,0,0,508302,84046,0,93731,20447,0,433000,3600,0,0,240000,0,0,240000,0,61.35,38.65,0.0,166892,105120,0,0,272012
CT-03,house,CT,03,Rosa Delauro,Christopher Lancia,DEM,REP,DEM,DEM,28.73,99.7,0.3,Safe D,16.72,5.16,28.73,2.19,4.74,-0.08,14.34,14.39,False,False,,,0.0,0.0,,,0.0,confirmed,confirmed,,,0,,0.0,1152007,14649,0,349418,4028,0,0,0,1028036,4446,0,60128,7163,0,520762,0,0,0,1000,0,0,0,0,64.37,35.63,0.0,154115,85316,0,0,239430
CT-04,house,CT,04,Jim Himes,Michael Goldstein,DEM,REP,DEM,DEM,35.19,100.0,0.0,Safe D,26.63,5.16,35.19,2.02,1.17,0.21,23.73,11.46,False,False,,,0.0,0.0,,,0.0,confirmed,confirmed,,,0,,0.0,1379560,46809,0,2517677,41042,0,0,0,968702,5768,0,43822,2778,0,830500,0,0,0,25000,0,0,29518,0,67.6,32.4,0.0,160151,76771,0,0,236923
CT-05,house,CT,05,Jahana Hayes,Chris Shea,DEM,REP,DEM,DEM,14.73,92.5,7.5,Likely D,7.88,5.16,14.73,0.98,0.67,0.04,5.68,9.05,False,False,,,0.0,0.0,,,0.0,confirmed,confirmed,,,0,,0.0,1290078,311676,0,1084158,145617,0,0,0,728471,166059,0,151428,61525,0,578355,13947,0,0,600,0,0,31450,0,57.36,42.64,0.0,138819,103177,0,0,241996
DE-01,house,DE,01,Sarah McBride,Donyale Hall,DEM,REP,DEM,DEM,30.71,99.9,0.1,Safe D,18.04,5.16,30.71,3.4,4.39,-0.28,14.84,15.87,False,False,,,0.0,0.0,,,0.0,projected,projected,,,0,,0.0,4659086,769,0,2657928,241,0,0,0,2208285,528,0,1215997,669,0,413400,0,0,0,0,0,0,0,0,65.35,34.65,0.0,233666,123877,0,0,357542
FL-01,house,FL,01,Gay Valimont,Jimmy Patronis,DEM,REP,REP,REP,-33.31,0.1,99.9,Safe R,-34.16,5.16,-33.31,-2.11,-1.67,-0.54,-37.53,4.22,False,False,,,0.0,0.0,,,0.0,confirmed,confirmed,,,0,,0.0,174309,3789738,0,21814,935302,0,151354,2145004,152495,2854437,0,107445,698132,0,1285,588300,0,0,12000,0,0,29943,0,33.34,66.66,0.0,98643,197185,0,0,295828
FL-02,house,FL,02,Amanda Green,Austin Rogers,DEM,REP,,REP,-10.12,16.1,83.9,Likely R,-13.86,5.16,-10.12,-1.02,0.0,-0.4,-18.33,8.21,False,False,,,0.0,0.0,,,0.0,confirmed,confirmed,,,0,,0.0,348120,1010277,0,28038,387029,0,91203,1820559,320082,623248,0,48854,16934,0,6000,6500,0,1440,375000,0,0,377218,0,44.94,55.06,0.0,129965,159229,0,0,289194
FL-03,house,FL,03,Seth Harp,Kat Cammack,DEM,REP,REP,REP,-17.75,4.1,95.9,Safe R,-16.84,5.16,-17.75,-2.38,-3.43,-0.27,-21.26,3.51,False,False,,,0.0,0.0,,,0.0,confirmed,confirmed,,,0,,0.0,37794,2045294,0,3011,876971,0,0,0,34784,1723874,0,15964,399283,0,0,727500,0,1155,0,0,735,0,0,41.12,58.88,0.0,115362,165169,0,0,280531
FL-04,house,FL,04,LaShonda Holloway,Aaron Bean,DEM,REP,REP,REP,-9.06,18.8,81.2,Likely R,-8.23,5.16,-9.06,-2.52,-3.29,-0.19,-11.96,2.9,False,False,,,0.0,0.0,,,0.0,confirmed,confirmed,,,0,,0.0,27348,2163376,0,23633,1632550,0,0,0,14155,1005547,0,9740,6600,0,488,1149650,0,0,0,0,10440,14411,0,45.47,54.53,0.0,126918,152205,0,0,279123
FL-05,house,FL,05,Rachel Grage,John Rutherford,DEM,REP,REP,REP,-18.18,3.8,96.2,Safe R,-18.04,5.16,-18.18,-0.66,-4.34,-0.3,-21.69,3.51,False,False,,,0.0,0.0,,,0.0,confirmed,confirmed,,,0,,0.0,272423,726727,0,90533,268730,0,0,0,174862,635666,0,58368,759,0,0,452500,0,1191,0,0,0,0,0,40.91,59.09,0.0,125740,181611,0,0,307352
FL-06,house,FL,06,Eric Yonce,Randy Fine,DEM,REP,REP,REP,-24.85,0.8,99.2,Safe R,-25.98,5.16,-24.85,-1.98,-1.67,-0.38,-30.31,5.45,False,False,,,0.0,0.0,,,0.0,confirmed,confirmed,,,0,,0.0,325710,4286207,0,34096,1191059,0,59551,3717099,291614,3095148,0,270159,566290,0,250,468360,0,2065,950000,0,0,950000,0,37.57,62.43,0.0,116404,193396,0,0,309800
FL-07,house,FL,07,Bale Dalton,Ryan Elijah,DEM,REP,,REP,-1.89,42.6,57.4,Toss-up,-8.29,5.16,-1.89,1.15,0.0,0.1,-12.62,10.73,False,False,,,0.0,0.0,,,0.0,confirmed,confirmed,,,0,,0.0,1378109,355955,0,475858,186155,0,1400000,13500,902251,169801,0,141692,12004,0,181100,0,0,0,134100,0,0,138193,0,49.06,50.94,0.0,147184,152848,0,0,300032
FL-08,house,FL,08,Jennifer Jenkins,Mike Haridopolos,DEM,REP,REP,REP,-10.16,16.0,84.0,Likely R,-12.5,5.16,-9.81,-0.66,-1.67,-0.15,-16.4,6.24,False,False,,,0.0,0.0,,,0.0,confirmed,confirmed,35.0,44.0,1,-12.0,0.156,725731,1824838,0,108111,1197777,0,0,0,617619,885224,0,469685,37550,0,8000,700750,0,0,0,0,0,10138,0,44.92,55.08,0.0,135957,166691,0,0,302647
FL-09,house,FL,09,Darren Soto,Dan Green,DEM,REP,DEM,DEM,0.15,50.7,49.3,Toss-up,-12.06,5.16,0.15,0.37,5.65,1.03,-17.93,18.09,False,False,,,0.0,0.0,,,0.0,confirmed,projected,,,0,,0.0,2157834,1298516,0,1187355,363243,0,37424,15570,984598,935273,0,14844,5427,0,1387044,8500,0,0,1140000,0,0,1140000,0,50.08,49.92,0.0,131643,131237,0,0,262880
FL-10,house,FL,10,Maxwell Frost,Stuart Farber,DEM,REP,DEM,DEM,37.72,100.0,0.0,Safe D,29.48,5.16,37.72,0.0,2.11,0.97,24.29,13.43,False,False,,,0.0,0.0,,,0.0,confirmed,projected,,,0,,0.0,3474867,0,0,1283056,0,0,0,0,3283537,0,0,1846965,0,0,289100,0,0,8250,0,0,0,0,0,68.86,31.14,0.0,144568,65372,0,0,209940
FL-11,house,FL,11,James Pericola,Joe Strada,DEM,REP,,REP,-7.95,21.9,78.1,Likely R,-11.78,5.16,-9.04,-2.59,0.0,0.17,-15.84,7.89,False,False,,,0.0,0.0,,,0.0,confirmed,projected,41.8,42.1,1,-3.3,0.191,119754,5248640,0,32231,2248903,0,0,244363,87523,2999737,0,2780,5630,0,0,0,0,64965,5000000,0,59965,5000000,0,46.03,53.97,0.0,145203,170268,0,0,315471
FL-12,house,FL,12,Kimberly Overman,Gus Bilirakis,DEM,REP,REP,REP,-12.64,10.8,89.2,Likely R,-10.28,5.16,-12.64,-1.45,-6.47,0.41,-15.55,2.92,False,False,,,0.0,0.0,,,0.0,confirmed,confirmed,,,0,,0.0,186813,1588538,0,4906,554070,0,0,0,181906,1155885,0,76617,7612,0,852,828700,0,14001,0,0,30748,0,0,43.68,56.32,0.0,117552,151557,0,0,269109
FL-13,house,FL,13,Leela Gray,Anna Paulina Luna,DEM,REP,REP,REP,-5.7,28.8,71.2,Lean R,-9.44,5.16,-5.77,-0.71,-0.35,-0.43,-13.46,7.76,False,False,,,0.0,0.0,,,0.0,confirmed,confirmed,42.02,46.86,3,-5.45,0.224,1223069,3233312,0,683295,1474124,0,0,3279,539774,1890603,0,198220,1125753,0,70500,103000,0,7000,0,0,7000,0,0,47.15,52.85,0.0,135089,151417,0,0,286505
FL-14,house,FL,14,Kathy Castor,Mike Beltran,DEM,REP,DEM,DEM,5.7,71.1,28.9,Lean D,-6.14,5.16,5.17,0.09,5.55,0.51,-10.62,16.32,False,False,,,0.0,0.0,,,0.0,confirmed,confirmed,46.2,37.5,1,8.7,0.15,2337125,2116747,0,1744723,1939864,0,122129,0,819132,176884,0,194116,5843,0,876367,0,0,0,2014000,0,0,2019210,0,52.85,47.15,0.0,144071,128544,0,0,272616
FL-15,house,FL,15,Robert People,Laurel Lee,DEM,REP,REP,REP,-16.0,5.9,94.1,Likely R,-14.96,5.16,-16.0,-2.46,-3.69,-0.05,-20.09,4.09,False,False,,,0.0,0.0,,,0.0,confirmed,confirmed,,,0,,0.0,40108,2346664,0,3474,1960682,0,0,0,36634,820753,0,11851,3293,0,200,852500,0,17072,0,0,10440,0,0,42.0,58.0,0.0,117666,162498,0,0,280164
FL-16,house,FL,16,Kelly Kirschner,Sydney Gruters,DEM,REP,,REP,-5.23,30.4,69.6,Lean R,-9.01,5.16,-5.23,-1.19,0.0,-0.19,-13.81,8.58,False,False,,,0.0,0.0,,,0.0,confirmed,confirmed,,,0,,0.0,296507,1087683,0,80738,622381,0,0,1635707,215769,465301,0,35358,4074,0,0,120500,0,502,7000,0,106,0,0,47.39,52.61,0.0,143683,159531,0,0,303214
FL-17,house,FL,17,Matthew Montavon,Greg Steube,DEM,REP,REP,REP,-18.81,3.3,96.7,Safe R,-17.52,5.16,-18.81,-1.69,-4.39,-0.37,-22.24,3.43,False,False,,,0.0,0.0,,,0.0,confirmed,confirmed,,,0,,0.0,96489,1337887,0,23859,2083868,0,0,0,72590,845315,0,17810,132513,0,0,580500,0,38579,0,0,33000,0,0,40.59,59.41,0.0,128865,188590,0,0,317455
FL-18,house,FL,18,Curtis Gibson,Scott Franklin,DEM,REP,REP,REP,-11.6,12.8,87.2,Likely R,-12.58,5.16,-11.6,-2.0,-2.65,0.48,-17.1,5.51,False,False,,,0.0,0.0,,,0.0,confirmed,confirmed,,,0,,0.0,12208,850000,0,1452,960764,0,0,0,10756,371131,0,2460,2509,0,0,377500,0,9748,0,0,0,298500,0,44.2,55.8,0.0,115129,145344,0,0,260473
FL-19,house,FL,19,Victor Arias,Jim Schwartzel,DEM,REP,,REP,-22.77,1.3,98.7,Safe R,-25.77,5.16,-22.77,-2.21,0.0,0.04,-30.42,7.64,False,False,,,0.0,0.0,,,0.0,confirmed,confirmed,,,0,,0.0,45356,2065485,0,19203,181899,0,47879,0,26154,1883586,0,3106,5706,0,0,9500,0,30500,1050000,0,36454,1050000,0,38.61,61.39,0.0,114657,182281,0,0,296938
FL-20,house,FL,20,Debbie Wasserman Schultz,Brent Andersen,DEM,REP,DEM,DEM,53.42,100.0,0.0,Safe D,43.34,5.16,53.42,2.43,1.67,0.83,37.5,15.92,False,False,,,0.0,0.0,,,0.0,confirmed,confirmed,,,0,,0.0,3300107,63849,0,1861373,40623,0,306365,66500,2496043,23226,0,95739,1037,0,728500,0,0,0,0,0,0,0,0,76.71,23.29,0.0,174730,53050,0,0,227780
FL-21,house,FL,21,James Martin,Brian Mast,DEM,REP,REP,REP,-14.65,7.6,92.4,Likely R,-11.83,5.16,-14.65,-1.45,-6.47,-0.06,-16.36,1.71,False,False,,,0.0,0.0,,,0.0,projected,confirmed,,,0,,0.0,579319,4308890,0,188045,2928458,0,0,50950,391274,3151810,0,73882,1156653,0,0,389200,0,150001,0,0,150000,0,0,42.68,57.32,0.0,134990,181320,0,0,316310
FL-22,house,FL,22,Pia Dandiya,Casey Askar,DEM,REP,,REP,0.65,52.6,47.4,Toss-up,-4.18,5.16,1.8,-0.01,0.0,0.83,-10.6,11.25,False,False,,,0.0,0.0,,,0.0,confirmed,confirmed,50.0,50.0,1,-3.0,0.24,2284052,2567760,0,1296684,1048396,0,704806,0,987368,1519364,0,267274,410,0,72001,0,0,247000,2500000,0,247000,2100000,0,50.32,49.68,0.0,136738,134981,0,0,271719
FL-23,house,FL,23,Lois Frankel,Deborah Adeimy,DEM,REP,DEM,DEM,31.29,99.9,0.1,Safe D,20.23,5.16,31.29,1.81,3.42,0.66,13.94,17.35,False,False,,,0.0,0.0,,,0.0,confirmed,confirmed,,,0,,0.0,2276254,162515,0,1212162,33691,0,151713,0,1351534,132432,0,490011,6508,0,525250,0,0,0,87004,0,0,65466,0,65.64,34.36,0.0,156212,81760,0,0,237972
FL-24,house,FL,24,Oliver Gilbert,Te Brown,DEM,REP,,DEM,54.31,100.0,0.0,Safe D,47.35,5.16,54.31,0.02,0.0,1.78,39.08,15.23,False,False,,,0.0,0.0,,,0.0,confirmed,confirmed,,,0,,0.0,812143,313318,0,229093,298626,0,895056,2308884,583050,14693,0,7123,1225,0,25000,0,0,0,306068,0,0,306068,0,77.16,22.84,0.0,150436,44542,0,0,194978
FL-25,house,FL,25,Jared Moskowitz,Scott Singer,DEM,REP,DEM,DEM,6.34,73.3,26.7,Lean D,-2.37,5.16,6.19,0.15,2.65,0.59,-9.22,15.56,False,False,,,0.0,0.0,,,0.0,confirmed,confirmed,42.9,32.7,1,7.2,0.15,2998428,2245960,0,1882634,466219,0,559574,1015926,1465081,1779741,0,528039,187835,0,561392,38000,0,0,724010,0,20700,579453,0,53.17,46.83,0.0,141075,124251,0,0,265327
FL-26,house,FL,26,Nicole Locklin,Mario Diaz-Balart,DEM,REP,REP,REP,-10.99,14.1,85.9,Likely R,-9.79,5.16,-10.99,-1.25,-8.17,3.07,-18.5,7.52,False,False,,,0.0,0.0,,,0.0,confirmed,confirmed,,,0,,0.0,347681,2060782,0,198600,2538703,0,0,0,149082,1341399,0,72396,2622,0,0,845150,0,250918,0,0,250000,0,0,44.51,55.49,0.0,101888,127043,0,0,228932
FL-27,house,FL,27,Eliott Rodriguez,Maria Salazar,DEM,REP,REP,REP,-6.1,27.5,72.5,Lean R,-6.95,5.16,-6.65,-0.79,-7.1,3.03,-14.7,8.59,False,False,,,0.0,0.0,,,0.0,confirmed,confirmed,43.0,46.0,1,-3.0,0.15,661173,1999399,0,325097,2259547,0,0,0,336076,1150679,0,64968,17867,0,0,533179,0,7000,2493,0,0,14300,0,46.95,53.05,0.0,111217,125679,0,0,236896
FL-28,house,FL,28,Phil Ehr,Carlos Gimenez,DEM,REP,REP,REP,-14.54,7.8,92.2,Likely R,-16.44,5.16,-16.4,-0.22,-7.91,3.0,-25.63,11.09,False,False,,,0.0,0.0,,,0.0,confirmed,confirmed,41.0,45.0,1,-4.0,0.15,438286,601254,0,454610,692873,0,0,0,76322,484409,0,9365,2016,0,0,276750,0,343200,0,0,644084,0,0,42.73,57.27,0.0,100690,134950,0,0,235640
GA-01,house,GA,01,Amanda Hollowell,James Kingston,DEM,REP,,REP,-8.76,19.6,80.4,Likely R,-11.71,5.16,-8.76,-1.91,0.0,-0.3,-15.92,7.16,False,False,,,0.0,0.0,,,0.0,confirmed,confirmed,,,0,,0.0,162500,1944528,0,7389,294093,0,0,2151837,155572,1650436,0,44845,24117,0,1000,202450,0,32512,0,0,32512,0,0,45.62,54.38,0.0,116209,138523,0,0,254732
GA-02,house,GA,02,Sanford Bishop,Matt Day,DEM,REP,DEM,DEM,24.09,99.1,0.9,Safe D,12.15,5.16,24.09,1.36,5.49,-0.06,7.66,16.44,False,False,,,0.0,0.0,,,0.0,projected,projected,,,0,,0.0,1126530,142715,0,447808,1768,0,0,0,861583,140947,0,19920,0,0,738750,0,0,0,118659,0,0,50000,0,62.05,37.95,0.0,137531,84129,0,0,221660
GA-03,house,GA,03,Maura Keller,Brian Jack,DEM,REP,REP,REP,-29.32,0.2,99.8,Safe R,-26.61,5.16,-29.32,-1.75,-5.67,-0.45,-29.88,0.56,False,False,,,0.0,0.0,,,0.0,projected,projected,,,0,,0.0,150514,2009763,0,87576,1076948,0,0,0,65894,1172991,0,47952,213654,0,4000,836640,0,0,0,0,25520,8770,0,35.34,64.66,0.0,103522,189404,0,0,292926
GA-04,house,GA,04,Henry Johnson,Jim Duffie,DEM,REP,DEM,DEM,65.19,100.0,0.0,Safe D,58.14,5.16,65.19,0.0,1.33,0.56,53.04,12.15,False,False,,,0.0,0.0,,,0.0,projected,projected,,,0,,0.0,402315,0,0,117906,0,0,0,0,396085,0,0,19345,0,0,317529,0,0,0,0,0,5211,0,0,82.6,17.4,0.0,178784,37674,0,0,216459
GA-05,house,GA,05,Nikema Williams,Republican candidate (GA-05),DEM,REP,DEM,DEM,83.64,100.0,0.0,Safe D,76.55,5.16,83.64,0.0,1.79,0.14,72.33,11.32,False,False,,,0.0,0.0,,,0.0,projected,projected,,,0,,0.0,599715,0,0,76092,0,0,0,0,536865,0,0,26128,0,0,402755,0,0,0,0,0,0,0,0,91.82,8.18,0.0,226261,20153,0,0,246414
GA-06,house,GA,06,Lucia McBath,Kevin Martin,DEM,REP,DEM,DEM,62.94,100.0,0.0,Safe D,53.68,5.16,62.94,2.07,1.78,0.26,50.34,12.6,False,False,,,0.0,0.0,,,0.0,projected,projected,,,0,,0.0,896856,10320,0,676349,100,0,0,0,1173781,10220,0,53943,0,0,344217,0,0,0,10320,0,0,10320,0,81.47,18.53,0.0,214342,48749,0,0,263091
GA-07,house,GA,07,Haiden Moburg,Rich McCormick,DEM,REP,REP,REP,-20.09,2.5,97.5,Safe R,-18.6,5.16,-20.09,0.0,-6.18,-0.47,-22.27,2.18,False,False,,,0.0,0.0,,,0.0,projected,projected,,,0,,0.0,0,1642413,0,0,1007984,0,0,0,0,1332251,0,0,32851,0,0,435500,0,0,0,0,0,1000,0,39.96,60.04,0.0,120892,181665,0,0,302558
GA-08,house,GA,08,James Cooper,Austin Scott,DEM,REP,REP,REP,-29.94,0.2,99.8,Safe R,-26.43,5.16,-29.94,-2.36,-6.01,-0.3,-30.76,0.82,False,False,,,0.0,0.0,,,0.0,projected,projected,,,0,,0.0,142,1124952,0,0,1349452,0,1748,0,142,755665,0,93,1338,0,0,703250,0,49,0,0,1230,0,0,35.03,64.97,0.0,84768,157218,0,0,241986
GA-09,house,GA,09,Nicholas Alex,Andrew Clyde,DEM,REP,REP,REP,-30.23,0.2,99.8,Safe R,-30.75,5.16,-30.23,-0.9,-3.57,-0.17,-34.33,4.1,False,False,,,0.0,0.0,,,0.0,projected,projected,,,0,,0.0,156067,671072,0,167,176253,0,44440,35522,155900,590804,0,32480,44424,0,350,118711,0,1140,0,0,0,1298864,0,34.88,65.12,0.0,98070,183068,0,0,281138
GA-10,house,GA,10,Pamela DeLancy,Houston Gaines,DEM,REP,,REP,-16.4,5.5,94.5,Likely R,-17.69,5.16,-16.4,-2.86,-0.63,-0.38,-20.93,4.53,False,False,,,0.0,0.0,,,0.0,confirmed,confirmed,,,0,,0.0,23080,2303880,0,8705,703420,0,0,2841837,11121,1600460,0,3980,35638,0,0,214510,0,7600,0,0,4100,0,0,41.8,58.2,0.0,121129,168666,0,0,289794
GA-11,house,GA,11,Chris Harden,John Cowan,DEM,REP,,REP,-17.5,4.4,95.6,Safe R,-20.12,5.16,-17.5,-2.21,0.0,-0.33,-23.52,6.02,False,False,,,0.0,0.0,,,0.0,confirmed,confirmed,,,0,,0.0,76330,2347796,0,2237,17630,0,40096,815942,63995,2330167,0,14075,6233,0,2000,120000,0,17,1750020,0,87,1774962,0,41.25,58.75,0.0,121478,173022,0,0,294500
GA-12,house,GA,12,Ceretta Smith,Rick Allen,DEM,REP,REP,REP,-11.84,12.3,87.7,Likely R,-9.58,5.16,-11.84,-1.96,-5.19,-0.27,-14.2,2.36,False,False,,,0.0,0.0,,,0.0,projected,projected,,,0,,0.0,26696,993220,0,3502,1320958,0,0,0,23291,847219,0,13242,30510,0,0,510750,0,1753,0,0,0,1639945,0,44.08,55.92,0.0,107641,136548,0,0,244189
GA-13,house,GA,13,Jasmine Clark,Jonathan Chavez,DEM,REP,,DEM,50.73,100.0,0.0,Safe D,45.3,5.16,50.73,0.0,-0.08,0.35,42.65,8.08,False,False,,,0.0,0.0,,,0.0,projected,projected,,,0,,0.0,1619079,0,0,229145,0,0,4218293,0,1389935,0,0,1022238,0,0,55173,0,0,0,0,0,0,0,0,75.37,24.63,0.0,192441,62900,0,0,255340
GA-14,house,GA,14,Shawn Harris,Clay Fuller,DEM,REP,REP,REP,-21.89,1.6,98.4,Safe R,-34.04,5.16,-21.89,0.62,6.73,-0.37,-37.03,15.14,False,False,,,0.0,0.0,,,0.0,projected,projected,,,0,,0.0,8098514,1846892,0,18230,70518,0,44069,5002827,8080284,1776374,0,6218091,173151,0,13688,305481,0,0,450000,0,0,411902,0,39.05,60.95,0.0,105547,164712,0,0,270259
HI-01,house,HI,01,Ed Case,Maxwell Frazier,DEM,REP,DEM,DEM,47.98,100.0,0.0,Safe D,29.03,5.16,47.98,0.0,14.37,-0.58,25.17,22.82,False,False,,,0.0,0.0,,,0.0,projected,projected,,,0,,0.0,1093795,0,0,599649,0,0,0,0,810804,0,0,18123,0,0,522597,0,0,0,0,0,0,0,0,73.99,26.01,0.0,128882,45305,0,0,174187
HI-02,house,HI,02,Jill Tokuda,Brenton Awa,DEM,REP,DEM,DEM,43.5,100.0,0.0,Safe D,26.76,5.16,43.5,1.21,10.72,-0.35,22.06,21.44,False,False,,,0.0,0.0,,,0.0,projected,projected,,,0,,0.0,820678,122615,0,570355,16101,0,0,0,733764,106514,0,81576,12812,0,183349,1000,0,0,0,0,0,0,0,71.75,28.25,0.0,134533,52971,0,0,187504
IA-01,house,IA,01,Christina Bohannan,Mariannette Miller-Meeks,DEM,REP,REP,REP,12.12,88.2,11.8,Likely D,-1.14,5.16,13.37,0.0,10.1,-0.75,-8.59,20.71,False,False,,,0.0,0.0,,,0.0,confirmed,confirmed,40.0,35.0,2,5.0,0.15,7051745,7208271,0,5425318,4691481,0,887368,295434,1733644,2890534,0,1094239,936090,0,502648,2421207,0,7000,0,0,0,0,0,56.06,43.94,0.0,166649,130633,0,0,297282
IA-02,house,IA,02,Lindsay James,Joe Mitchell,DEM,REP,,REP,1.35,55.3,44.7,Toss-up,-2.69,5.16,1.69,0.04,0.0,-0.83,-10.13,11.48,False,False,,,0.0,0.0,,,0.0,confirmed,confirmed,38.62,36.14,2,-0.52,0.15,1628201,1938593,0,755838,895564,0,1300118,10803,872363,1043029,0,178865,284402,0,210505,412850,0,0,100000,0,0,50000,0,50.68,49.32,0.0,149446,145452,0,0,294897
IA-03,house,IA,03,Sarah Trone Garriott,Zach Nunn,DEM,REP,REP,REP,4.62,67.4,32.6,Lean D,2.41,5.16,5.96,0.06,-1.03,-0.64,-4.46,9.08,False,False,,,0.0,0.0,,,0.0,confirmed,confirmed,42.0,48.0,1,-3.0,0.15,5293773,4869249,0,3859683,3568369,0,27821,38921,1434089,1353713,0,894587,143418,0,450786,1726477,0,120,0,0,0,0,0,52.31,47.69,0.0,155259,141559,0,0,296818
IA-04,house,IA,04,Dave Dawson,Chris McGowan,DEM,REP,,REP,-21.21,1.9,98.1,Safe R,-24.67,5.16,-21.21,-1.08,0.0,-0.62,-31.9,10.69,False,False,,,0.0,0.0,,,0.0,projected,projected,,,0,,0.0,135722,679844,0,49762,328850,0,0,172669,85959,350993,0,43002,4236,0,10800,116500,0,0,0,0,0,0,0,39.4,60.6,0.0,108517,166940,0,0,275457
ID-01,house,ID,01,Kaylee Peterson,Russ Fulcher,DEM,REP,REP,REP,-34.36,0.0,100.0,Safe R,-42.9,5.16,-40.44,-0.84,-1.29,-0.56,-46.2,11.84,False,False,,,0.0,0.0,,,0.0,projected,projected,34.89,45.01,2,-10.16,0.201,181024,662615,0,14616,244700,0,0,0,171799,597924,0,68061,15894,0,12050,302350,0,0,0,0,0,0,0,32.82,67.18,0.0,110824,226853,0,0,337677
ID-02,house,ID,02,Elinor Gilbreath,Mike Simpson,DEM,REP,REP,REP,-27.08,0.4,99.6,Safe R,-25.09,5.16,-27.08,-1.51,-5.22,-0.42,-27.56,0.49,False,False,,,0.0,0.0,,,0.0,projected,projected,,,0,,0.0,106892,1118093,0,71163,429359,0,0,0,35729,793940,0,20551,2343,0,0,611500,0,0,0,0,0,0,0,36.46,63.54,0.0,107878,187987,0,0,295866
IL-01,house,IL,01,Jonathan Jackson,Christian Maxwell,DEM,REP,DEM,DEM,46.52,100.0,0.0,Safe D,39.3,5.16,46.52,1.06,0.87,0.13,32.27,14.25,False,False,,,0.0,0.0,,,0.0,projected,projected,,,0,,0.0,418350,63316,0,47163,33832,0,0,0,424875,36042,0,10569,33450,0,142500,0,0,0,0,0,27000,0,0,73.26,26.74,0.0,169132,61735,0,0,230867
IL-02,house,IL,02,Donna Miller,Calvin Coleman,DEM,REP,,DEM,48.11,100.0,0.0,Safe D,39.44,5.16,48.11,3.15,0.0,0.36,33.6,14.51,False,False,,,0.0,0.0,,,0.0,projected,projected,,,0,,0.0,2452894,7994,0,40546,0,0,4379243,3843,2412349,7994,0,63263,460,0,125750,0,0,0,6034,0,13750,0,0,74.06,25.94,0.0,155250,54390,0,0,209640
IL-03,house,IL,03,Delia Ramirez,Angel Oakley,DEM,REP,DEM,DEM,50.46,100.0,0.0,Safe D,38.64,5.16,50.46,2.45,2.93,1.28,31.81,18.65,False,False,,,0.0,0.0,,,0.0,projected,projected,,,0,,0.0,1465280,8080,0,946222,3738,0,0,0,986630,4341,0,148641,1880,0,371847,0,0,0,0,0,0,600,0,75.23,24.77,0.0,141642,46633,0,0,188275
IL-04,house,IL,04,Patty Garcia,Lupe Castillo,DEM,REP,,DEM,39.78,100.0,0.0,Safe D,37.73,5.16,45.12,0.0,0.0,2.23,28.79,10.99,False,False,,,0.0,0.0,,,0.0,projected,projected,34.0,15.0,1,19.0,0.204,358667,0,0,185499,0,0,0,0,173168,0,0,25300,0,0,172800,0,0,0,0,0,0,0,0,69.89,30.11,0.0,104481,45010,0,0,149491
IL-05,house,IL,05,Mike Quigley,Tom Hanson,DEM,REP,DEM,DEM,48.75,100.0,0.0,Safe D,42.16,5.16,48.75,0.0,1.88,-0.45,37.55,11.2,False,False,,,0.0,0.0,,,0.0,projected,projected,,,0,,0.0,725695,0,0,1187818,0,0,0,0,719060,0,0,7552,0,0,480608,0,0,0,0,0,0,0,0,74.38,25.62,0.0,196418,67673,0,0,264090
IL-06,house,IL,06,Sean Casten,Niki Conforti,DEM,REP,DEM,DEM,20.15,97.5,2.5,Safe D,10.68,5.16,20.15,1.34,3.32,-0.35,5.67,14.48,False,False,,,0.0,0.0,,,0.0,projected,projected,,,0,,0.0,2108920,313038,0,1285018,22661,0,12087,0,1518045,295578,0,188627,194487,0,724183,4950,0,0,0,0,455694,0,0,60.08,39.92,0.0,157821,104885,0,0,262706
IL-07,house,IL,07,La Shawn Ford,Chad Koppie,DEM,REP,,DEM,75.7,100.0,0.0,Safe D,72.34,5.16,75.7,-0.15,-1.95,0.3,66.13,9.57,False,False,,,0.0,0.0,,,0.0,confirmed,confirmed,,,0,,0.0,722009,55451,0,112588,42,0,0,2527703,609421,55408,0,37545,0,0,57250,0,0,175000,53154,0,175000,0,0,87.85,12.15,0.0,171944,23783,0,0,195727
IL-08,house,IL,08,Melissa Bean,Jennifer Davis,DEM,REP,,DEM,19.13,96.9,3.1,Safe D,13.09,5.16,19.13,0.8,0.0,0.08,7.01,12.12,False,False,,,0.0,0.0,,,0.0,projected,projected,,,0,,0.0,2071076,1476009,0,144530,730401,0,7177655,59974,1926546,745608,0,26412,30552,0,275750,14000,0,323000,1000000,0,396373,1000000,0,59.57,40.43,0.0,129705,88043,0,0,217748
IL-09,house,IL,09,Daniel Biss,John Elleson,DEM,REP,,DEM,47.19,100.0,0.0,Safe D,42.35,5.16,47.19,0.0,0.0,-0.32,37.04,10.15,False,False,,,0.0,0.0,,,0.0,projected,projected,,,0,,0.0,2946675,0,0,262130,0,0,1219420,1426379,2684545,0,0,147064,0,0,205684,0,0,3205,0,0,0,0,0,73.59,26.41,0.0,181108,64983,0,0,246091
IL-10,house,IL,10,Bradley Schneider,Republican candidate (IL-10),DEM,REP,DEM,DEM,33.36,99.9,0.1,Safe D,27.03,5.16,33.36,0.0,1.01,0.15,22.34,11.02,False,False,,,0.0,0.0,,,0.0,projected,projected,,,0,,0.0,3006862,0,0,1699007,0,0,11342,0,2279282,0,0,96126,0,0,1266239,0,0,0,0,0,0,0,0,66.68,33.32,0.0,155688,77805,0,0,233493
IL-11,house,IL,11,Bill Foster,Jeffrey Walter,DEM,REP,DEM,DEM,24.85,99.2,0.8,Safe D,16.12,5.16,24.85,1.37,2.3,-0.1,11.6,13.25,False,False,,,0.0,0.0,,,0.0,projected,projected,,,0,,0.0,2180937,311439,0,2505288,22765,0,0,0,1226214,288674,0,131182,56740,0,833000,2354,0,0,167592,0,1017995,165085,0,62.42,37.58,0.0,159883,96244,0,0,256126
IL-12,house,IL,12,Julie Fortier,Mike Bost,DEM,REP,REP,REP,-41.76,0.0,100.0,Safe R,-40.27,5.16,-41.76,-1.73,-4.05,-0.87,-44.13,2.37,False,False,,,0.0,0.0,,,0.0,projected,projected,,,0,,0.0,88060,1327225,0,59815,789999,0,0,0,28244,889522,0,42195,39507,0,8293,811237,0,0,0,0,0,0,0,29.12,70.88,0.0,76276,185647,0,0,261922
IL-13,house,IL,13,Nikki Budzinski,Jeff Wilson,DEM,REP,DEM,DEM,26.84,99.6,0.4,Safe D,14.48,5.16,26.84,1.51,6.25,-0.55,10.63,16.22,False,False,,,0.0,0.0,,,0.0,projected,projected,,,0,,0.0,2885018,348237,0,2625565,12241,0,83860,0,2044185,335996,0,107319,9908,0,1174794,5150,0,0,283639,0,0,195600,0,63.42,36.58,0.0,149294,86103,0,0,235397
IL-14,house,IL,14,Lauren Underwood,James Marter,DEM,REP,DEM,DEM,23.5,98.9,1.1,Safe D,10.51,5.16,23.5,1.92,5.77,0.14,5.26,18.23,False,False,,,0.0,0.0,,,0.0,projected,projected,,,0,,0.0,2417082,140848,0,1106564,31898,0,0,0,2365620,112994,0,289569,25185,0,365000,100,0,0,382,0,0,31741,0,61.75,38.25,0.0,146402,90689,0,0,237091
IL-15,house,IL,15,Jennifer Todd,Mary Miller,DEM,REP,REP,REP,-35.51,0.0,100.0,Safe R,-36.55,5.16,-35.51,-1.56,-1.67,-0.9,-40.5,4.99,False,False,,,0.0,0.0,,,0.0,projected,projected,,,0,,0.0,122996,1331399,0,34290,810427,0,1771,3705,82735,1167229,0,55362,754616,0,6710,144500,0,0,100,0,0,1525,0,32.25,67.75,0.0,86384,181512,0,0,267896
IL-16,house,IL,16,Paul Nolley,Darin LaHood,DEM,REP,REP,REP,-18.08,3.9,96.1,Safe R,-19.26,5.16,-18.08,-1.56,-1.67,-0.75,-23.07,4.99,False,False,,,0.0,0.0,,,0.0,projected,projected,,,0,,0.0,415748,3672739,0,230141,6748621,0,0,0,185607,2445401,0,110128,88213,0,63476,1749222,0,1585,0,0,0,0,0,40.96,59.04,0.0,112581,162268,0,0,274849
IL-17,house,IL,17,Eric Sorensen,Dillan Vancil,DEM,REP,DEM,DEM,20.41,97.7,2.3,Safe D,9.37,5.16,20.41,1.39,4.85,-0.36,4.81,15.6,False,False,,,0.0,0.0,,,0.0,projected,projected,,,0,,0.0,2233676,308832,0,1325642,56689,0,0,0,1020828,272464,0,185874,76538,0,848250,10700,0,0,16542,0,0,12700,0,60.2,39.8,0.0,134452,88872,0,0,223324
IN-01,house,IN,01,Frank Mrvan,Barb Regnitz,DEM,REP,DEM,DEM,14.7,92.5,7.5,Likely D,2.9,5.16,14.7,0.0,6.67,-0.03,0.4,14.3,False,False,,,0.0,0.0,,,0.0,projected,projected,,,0,,0.0,2386268,2376256,0,1336696,1800689,0,0,0,1138032,575567,0,179981,18850,0,1023820,39610,0,0,2156925,0,0,2000000,0,57.35,42.65,0.0,131311,97647,0,0,228958
IN-02,house,IN,02,Jamee Decio,Rudy Yakym,DEM,REP,REP,REP,-26.03,0.6,99.4,Safe R,-26.05,5.16,-26.03,-1.93,-2.73,-0.48,-26.92,0.89,False,False,,,0.0,0.0,,,0.0,projected,projected,,,0,,0.0,355589,5246030,0,104496,855313,0,0,0,251093,5000296,0,15296,1170154,0,0,1286014,0,302694,0,0,225039,0,0,36.99,63.01,0.0,77569,132155,0,0,209724
IN-03,house,IN,03,Kelly Thompson,Marlin Stutzman,DEM,REP,REP,REP,-30.06,0.2,99.8,Safe R,-31.69,5.16,-30.06,-1.17,-1.67,-0.69,-31.73,1.67,False,False,,,0.0,0.0,,,0.0,projected,projected,,,0,,0.0,136340,839565,0,6039,101923,0,0,0,130301,786959,0,0,88046,0,0,367700,0,17908,0,0,0,60000,0,34.97,65.03,0.0,78622,146196,0,0,224818
IN-04,house,IN,04,Joseph MacKey,Jim Baird,DEM,REP,REP,REP,-30.77,0.1,99.9,Safe R,-30.19,5.16,-30.77,-1.14,-3.91,-0.7,-29.88,-0.9,False,False,,,0.0,0.0,,,0.0,projected,projected,,,0,,0.0,11234,358293,0,1328,91561,0,200000,531743,9906,481342,0,5169,68518,0,100,197200,0,2495,0,0,15494,383899,0,34.61,65.39,0.0,80922,152870,0,0,233792
IN-05,house,IN,05,James Ford,Victoria Spartz,DEM,REP,REP,REP,-13.89,8.7,91.3,Likely R,-17.4,5.16,-15.6,-0.58,-2.0,-0.78,-17.13,3.23,False,False,,,0.0,0.0,,,0.0,projected,projected,46.0,48.0,1,-5.0,0.161,582087,1327228,0,314652,230004,0,0,0,267434,1355274,0,107719,403303,0,49904,118750,0,616,25000,0,0,200000,0,43.05,56.95,0.0,111257,147162,0,0,258419
IN-06,house,IN,06,Cynthia Wirth,Jefferson Shreve,DEM,REP,REP,REP,-34.86,0.0,100.0,Safe R,-33.34,5.16,-34.86,-2.51,-3.38,-0.79,-33.1,-1.76,False,False,,,0.0,0.0,,,0.0,projected,projected,,,0,,0.0,37046,2426805,0,7151,1608235,0,0,0,30400,950285,0,10487,2220,0,0,291000,0,4919,2000000,0,0,3900000,0,32.57,67.43,0.0,74235,153692,0,0,227927
IN-07,house,IN,07,Andre Carson,Felipe Rios,DEM,REP,DEM,DEM,48.67,100.0,0.0,Safe D,42.2,5.16,48.67,0.0,1.24,0.07,42.16,6.51,False,False,,,0.0,0.0,,,0.0,projected,projected,,,0,,0.0,1006177,0,0,621351,0,0,0,0,834249,0,0,33892,0,0,506242,0,0,730,0,0,0,0,0,74.33,25.67,0.0,141139,48734,0,0,189873
IN-08,house,IN,08,Mary Allen,Mark Messmer,DEM,REP,REP,REP,-37.74,0.0,100.0,Safe R,-35.75,5.16,-37.74,-0.95,-5.33,-0.88,-36.49,-1.25,False,False,,,0.0,0.0,,,0.0,projected,projected,,,0,,0.0,294502,1171366,0,179308,713500,0,0,0,115194,664972,0,107411,5915,0,23845,421375,0,1929,3500,0,0,6250,0,31.13,68.87,0.0,72427,160251,0,0,232678
IN-09,house,IN,09,James Graham,Erin Houchin,DEM,REP,REP,REP,-29.91,0.2,99.8,Safe R,-29.74,5.16,-29.91,-1.78,-2.69,-0.86,-30.39,0.48,False,False,,,0.0,0.0,,,0.0,projected,projected,,,0,,0.0,128179,1856572,0,0,1183066,0,0,0,128179,1415551,0,15431,23017,0,0,1041193,0,72193,931,0,66000,0,0,35.05,64.95,0.0,86721,160723,0,0,247444
KS-01,house,KS,01,Lauren Reinhold,Tracey Mann,DEM,REP,REP,REP,-32.3,0.1,99.9,Safe R,-29.65,5.16,-32.3,-2.06,-5.4,-0.35,-31.85,-0.46,False,False,,,0.0,0.0,,,0.0,confirmed,confirmed,,,0,,0.0,48261,1488465,0,4784,2713324,0,0,0,43478,528838,0,13201,10184,0,0,598040,0,4601,0,0,4000,0,0,33.85,66.15,0.0,73580,143805,0,0,217385
KS-02,house,KS,02,Don Coover,Derek Schmidt,DEM,REP,REP,REP,-18.12,3.8,96.2,Safe R,-17.23,5.16,-18.12,-0.47,-5.18,-0.41,-20.06,1.93,False,False,,,0.0,0.0,,,0.0,confirmed,confirmed,,,0,,0.0,758823,1457605,0,244286,939168,0,0,0,514537,556938,0,240192,55452,0,33500,505500,0,7000,0,0,0,2898,0,40.94,59.06,0.0,88237,127296,0,0,215532
KS-03,house,KS,03,Sharice Davids,Eric Jenkins,DEM,REP,DEM,DEM,20.65,97.8,2.2,Safe D,5.75,5.16,20.65,3.0,7.29,-0.55,4.17,16.47,False,False,,,0.0,0.0,,,0.0,confirmed,confirmed,,,0,,0.0,3690440,18916,0,1724212,12284,0,0,0,2369484,6633,0,1119972,986,0,807231,10000,0,0,1790,0,0,1790,0,60.32,39.68,0.0,167888,110425,0,0,278313
KS-04,house,KS,04,Katy Tyndell,Ron Estes,DEM,REP,REP,REP,-23.58,1.1,98.9,Safe R,-21.61,5.16,-23.58,-1.43,-5.29,-0.42,-23.7,0.12,False,False,,,0.0,0.0,,,0.0,confirmed,confirmed,,,0,,0.0,234455,1855035,0,72896,1757677,0,0,0,161558,1295634,0,38412,9091,0,0,1090100,0,600,0,0,0,0,0,38.21,61.79,0.0,83327,134756,0,0,218084
KY-01,house,KY,01,Drew Williams,James Comer,DEM,REP,REP,REP,-46.22,0.0,100.0,Safe R,-46.25,5.16,-46.22,-1.84,-2.5,-0.8,-47.91,1.69,False,False,,,0.0,0.0,,,0.0,projected,projected,,,0,,0.0,118755,1899533,0,20182,3041112,0,0,0,98532,2067643,0,69518,692697,0,5000,426900,0,1700,0,0,1700,0,0,26.89,73.11,0.0,64528,175447,0,0,239975
KY-02,house,KY,02,Megan Wingfield,Brett Guthrie,DEM,REP,REP,REP,-43.9,0.0,100.0,Safe R,-40.35,5.16,-43.9,-3.32,-4.58,-0.81,-41.93,-1.97,False,False,,,0.0,0.0,,,0.0,projected,projected,,,0,,0.0,7539,4707593,0,1197,1718271,0,0,80276,6342,3355566,0,6104,8727,0,0,3025480,0,0,0,0,0,2295,0,28.05,71.95,0.0,69004,176997,0,0,246001
KY-03,house,KY,03,Morgan McGarvey,Maria Rodriguez,DEM,REP,DEM,DEM,33.06,99.9,0.1,Safe D,20.4,5.16,33.06,2.21,5.67,-0.38,19.27,13.79,False,False,,,0.0,0.0,,,0.0,projected,projected,,,0,,0.0,1633684,38069,0,1813760,15672,0,0,0,1083341,22297,0,157955,4269,0,538001,5500,0,0,0,0,0,0,0,66.53,33.47,0.0,154921,77941,0,0,232862
KY-04,house,KY,04,Melissa Strange,Ed Gallrein,DEM,REP,,REP,-31.26,0.1,99.9,Safe R,-35.13,5.16,-31.26,-0.46,0.0,-0.84,-36.16,4.9,False,False,,,0.0,0.0,,,0.0,projected,projected,,,0,,0.0,94464,3567324,0,11145,179309,0,8366952,5378133,83319,3388014,0,12513,396242,0,0,56130,0,20000,0,0,20000,0,0,34.37,65.63,0.0,90218,172291,0,0,262508
KY-05,house,KY,05,Ned Pillersdorf,Harold Rogers,DEM,REP,REP,REP,-61.42,0.0,100.0,Safe R,-62.91,5.16,-61.42,-1.02,-1.67,-0.98,-64.67,3.25,False,False,,,0.0,0.0,,,0.0,projected,projected,,,0,,0.0,182281,849758,0,91274,874716,0,0,0,91006,946293,0,29940,1147,0,250,314150,0,62875,0,0,0,0,0,19.29,80.71,0.0,42780,178974,0,0,221754
KY-06,house,KY,06,Zach Dembo,Ralph Alvarado,DEM,REP,,REP,-8.45,20.4,79.6,Likely R,-14.11,5.16,-9.63,-0.01,0.0,-0.67,-15.31,6.86,False,False,,,0.0,0.0,,,0.0,projected,projected,44.9,44.95,3,-3.05,0.179,1463855,1521813,0,491275,398018,0,286464,168599,972579,1123795,0,161118,11113,0,58150,263541,0,3665,57245,0,0,0,0,45.77,54.23,0.0,114009,135060,0,0,249069
LA-01,house,LA,01,Lauren Jewett,Steve Scalise,DEM,REP,REP,REP,-47.11,0.0,100.0,Safe R,-39.89,5.16,-47.11,-3.01,-9.01,-0.35,-39.08,-8.03,False,False,,,0.0,0.0,,,0.0,projected,projected,,,0,,0.0,142677,10638030,0,11884,3885942,0,0,0,130793,10883241,0,55075,325922,0,1250,171500,0,1272,0,0,0,0,0,26.45,73.55,0.0,66794,185774,0,0,252568
LA-02,house,LA,02,Troy Carter,Republican candidate (LA-02),DEM,REP,DEM,DEM,63.16,100.0,0.0,Safe D,49.55,5.16,63.16,0.0,8.23,0.23,48.71,14.46,False,False,,,0.0,0.0,,,0.0,projected,projected,,,0,,0.0,1412697,0,0,382786,0,0,0,0,1539321,0,0,4075,0,0,950717,0,0,0,0,0,24914,0,0,81.58,18.42,0.0,179260,40472,0,0,219732
LA-03,house,LA,03,Tia Lebrun,Clay Higgins,DEM,REP,REP,REP,-37.08,0.0,100.0,Safe R,-36.04,5.16,-37.08,-2.05,-3.74,-0.41,-36.65,-0.43,False,False,,,0.0,0.0,,,0.0,projected,projected,,,0,,0.0,6968,822841,0,3465,595415,0,0,0,4102,551995,0,1043,87799,0,0,132500,0,2350,0,0,2350,0,0,31.46,68.54,0.0,74571,162450,0,0,237021
LA-04,house,LA,04,Matthew Gromlich,Mike Johnson,DEM,REP,REP,REP,-39.9,0.0,100.0,Safe R,-33.76,5.16,-39.9,-3.14,-7.75,-0.41,-34.59,-5.31,False,False,,,0.0,0.0,,,0.0,projected,projected,,,0,,0.0,268772,20976864,0,10175,9613157,0,0,0,258532,12616083,0,38644,3867677,0,0,1813700,0,203058,0,0,200000,0,0,30.05,69.95,0.0,67221,156475,0,0,223696
LA-05,house,LA,05,Dan McKay,Blake Miguez,DEM,REP,,REP,-28.62,0.3,99.7,Safe R,-33.39,5.16,-28.62,0.0,0.0,-0.39,-34.39,5.77,False,False,,,0.0,0.0,,,0.0,projected,projected,,,0,,0.0,90000,0,0,-19056,0,0,0,0,109075,0,0,23786,0,0,0,0,0,39238,0,0,39238,0,0,35.69,64.31,0.0,80173,144450,0,0,224623
LA-06,house,LA,06,Democratic candidate (LA-06),Peter Williams,DEM,REP,,DEM,-28.12,0.3,99.7,Safe R,-32.91,5.16,-28.12,0.0,0.0,-0.37,-32.4,4.28,False,False,,,0.0,0.0,,,0.0,projected,projected,,,0,,0.0,0,0,0,0,0,0,0,0,0,0,0,0,0,0,0,0,0,0,0,0,0,0,0,35.94,64.06,0.0,88860,158382,0,0,247243
MA-01,house,MA,01,Richard Neal,Republican candidate (MA-01),DEM,REP,DEM,DEM,24.9,99.2,0.8,Safe D,18.19,5.16,24.9,0.0,1.67,-0.12,13.91,10.98,False,False,,,0.0,0.0,,,0.0,projected,projected,,,0,,0.0,2288096,0,0,4052063,0,0,0,0,2123904,0,0,8786,0,0,1445000,0,0,0,0,0,0,0,0,62.45,37.55,0.0,166708,100243,0,0,266951
MA-02,house,MA,02,Jim McGovern,Republican candidate (MA-02),DEM,REP,DEM,DEM,34.52,100.0,0.0,Safe D,28.14,5.16,34.52,0.0,1.67,-0.45,24.29,10.23,False,False,,,0.0,0.0,,,0.0,projected,projected,,,0,,0.0,864676,0,0,348736,0,0,0,0,910105,0,0,165653,0,0,233100,0,0,0,0,0,0,0,0,67.26,32.74,0.0,181241,88230,0,0,269471
MA-03,house,MA,03,Lori Trahan,Gary Grossi,DEM,REP,DEM,DEM,33.07,99.9,0.1,Safe D,23.65,5.16,33.07,2.51,1.67,0.08,19.39,13.67,False,False,,,0.0,0.0,,,0.0,projected,projected,,,0,,0.0,1580068,7121,0,1777088,5775,0,0,0,1258131,1346,0,0,1086,0,775250,600,0,0,4000,0,0,4000,0,66.53,33.47,0.0,167152,84079,0,0,251231
MA-04,house,MA,04,Jake Auchincloss,Republican candidate (MA-04),DEM,REP,DEM,DEM,30.57,99.9,0.1,Safe D,24.47,5.16,30.57,0.0,1.67,-0.72,20.13,10.44,False,False,,,0.0,0.0,,,0.0,projected,projected,,,0,,0.0,3630329,0,0,7341766,0,0,94764,0,1271790,0,0,34036,0,0,727250,0,0,0,0,0,0,0,0,65.29,34.71,0.0,185914,98853,0,0,284768
MA-05,house,MA,05,Katherine Clark,Republican candidate (MA-05),DEM,REP,DEM,DEM,56.19,100.0,0.0,Safe D,49.83,5.16,56.19,0.0,1.67,-0.46,46.35,9.85,False,False,,,0.0,0.0,,,0.0,projected,projected,,,0,,0.0,4503671,0,0,2047792,0,0,0,0,3781770,0,0,86343,0,0,1838507,0,0,0,0,0,0,0,0,78.1,21.9,0.0,204939,57481,0,0,262420
MA-06,house,MA,06,Daniel Koh,John Field,DEM,REP,,DEM,29.33,99.8,0.2,Safe D,24.67,5.16,29.33,0.0,0.0,-0.5,21.09,8.24,False,False,,,0.0,0.0,,,0.0,projected,projected,,,0,,0.0,4547693,0,0,3604718,0,0,872764,0,944314,0,0,187692,0,0,95300,0,0,93505,0,0,69000,0,0,64.67,35.33,0.0,196078,107139,0,0,303217
MA-07,house,MA,07,Ayanna Pressley,Republican candidate (MA-07),DEM,REP,DEM,DEM,76.98,100.0,0.0,Safe D,69.84,5.16,76.98,0.0,1.67,0.32,65.14,11.84,False,False,,,0.0,0.0,,,0.0,projected,projected,,,0,,0.0,1204995,0,0,76201,0,0,0,0,1247015,0,0,330117,0,0,79755,0,0,0,0,0,0,0,0,88.49,11.51,0.0,173661,22585,0,0,196246
MA-08,house,MA,08,Stephen Lynch,Gavin Solomon,DEM,REP,DEM,DEM,46.3,100.0,0.0,Safe D,31.24,5.16,46.3,0.0,10.45,-0.55,26.99,19.31,False,False,,,0.0,0.0,,,0.0,projected,projected,,,0,,0.0,910160,0,0,642256,0,0,0,158594,1356628,0,0,30667,0,0,339200,0,0,0,0,0,0,0,0,73.15,26.85,0.0,201297,73885,0,0,275181
MA-09,house,MA,09,Bill Keating,Robert MacAllister,DEM,REP,DEM,DEM,23.37,98.9,1.1,Safe D,14.71,5.16,23.37,0.56,3.67,-0.73,10.94,12.42,False,False,,,0.0,0.0,,,0.0,projected,projected,,,0,,0.0,422462,175122,0,495522,35051,0,0,0,592807,140071,0,49162,25576,0,170100,1250,0,0,1005,0,0,1005,0,61.68,38.32,0.0,198669,123414,0,0,322083
MD-01,house,MD,01,Daniel Schwartz,Andy Harris,DEM,REP,REP,REP,-15.54,6.4,93.6,Likely R,-15.65,5.16,-15.54,-0.86,-3.57,-0.61,-17.31,1.76,False,False,,,0.0,0.0,,,0.0,projected,projected,,,0,,0.0,695170,2319668,0,72575,1853603,0,14398,15256,622594,1221001,0,292096,527134,0,11600,443459,0,15568,0,0,34175,0,0,42.23,57.77,0.0,126239,172696,0,0,298934
MD-02,house,MD,02,John Olszewski,David Wallace,DEM,REP,DEM,DEM,31.57,99.9,0.1,Safe D,20.57,5.16,31.57,2.06,4.22,-0.44,18.95,12.62,False,False,,,0.0,0.0,,,0.0,projected,projected,,,0,,0.0,1040390,20194,0,614275,3073,0,0,0,592706,17122,0,26185,3334,0,334224,0,0,0,1200,0,0,1000,0,65.79,34.21,0.0,182052,94682,0,0,276734
MD-03,house,MD,03,Sarah Elfreth,Penny Kennedy,DEM,REP,DEM,DEM,33.13,99.9,0.1,Safe D,25.79,5.16,33.13,0.0,2.59,-0.41,24.49,8.63,False,False,,,0.0,0.0,,,0.0,projected,projected,,,0,,0.0,1139858,0,0,335826,0,0,0,0,834771,0,0,64297,0,0,440223,0,0,649,0,0,0,0,0,66.56,33.44,0.0,194294,97603,0,0,291896
MD-04,house,MD,04,Glenn Ivey,Republican candidate (MD-04),DEM,REP,,DEM,85.36,100.0,0.0,Safe D,79.27,5.16,85.36,0.0,0.0,0.93,75.67,9.7,False,False,,,0.0,0.0,,,0.0,projected,projected,,,0,,0.0,674406,0,0,459226,0,0,0,0,520568,0,0,31930,0,0,338250,0,0,0,0,0,0,0,0,92.68,7.32,0.0,183858,14521,0,0,198379
MD-05,house,MD,05,Adrian Boafo,Chris Chaffee,DEM,REP,,DEM,40.26,100.0,0.0,Safe D,35.68,5.16,40.26,0.0,-0.45,-0.13,34.05,6.21,False,False,,,0.0,0.0,,,0.0,confirmed,confirmed,,,0,,0.0,1676916,0,0,91867,0,0,12093528,0,1585049,0,0,21486,0,0,116745,0,0,0,0,0,7400,0,0,70.13,29.87,0.0,211817,90210,0,0,302027
MD-06,house,MD,06,April Delaney,Robin Ficker,DEM,REP,DEM,DEM,19.59,97.2,2.8,Safe D,8.06,5.16,19.59,2.47,4.17,-0.26,5.93,13.67,False,False,,,0.0,0.0,,,0.0,projected,projected,,,0,,0.0,12308220,403934,0,307611,401,0,516368,42387,12013488,403533,0,34837,1072,0,377303,0,0,11000000,402862,0,14873000,402862,0,59.8,40.2,0.0,163400,109857,0,0,273257
MD-07,house,MD,07,Kweisi Mfume,Republican candidate (MD-07),DEM,REP,DEM,DEM,72.33,100.0,0.0,Safe D,63.15,5.16,72.33,0.0,3.9,0.12,60.49,11.84,False,False,,,0.0,0.0,,,0.0,projected,projected,,,0,,0.0,415174,0,0,702810,0,0,0,0,406290,0,0,8064,0,0,233750,0,0,0,0,0,0,0,0,86.17,13.83,0.0,183344,29435,0,0,212779
MD-08,house,MD,08,Jamie Raskin,Cheryl Riley,DEM,REP,DEM,DEM,69.82,100.0,0.0,Safe D,61.0,5.16,69.82,3.54,-0.02,0.14,58.06,11.77,False,False,,,0.0,0.0,,,0.0,projected,projected,,,0,,0.0,7425389,16590,0,7893447,1806,0,0,0,4497145,15372,0,3050018,4483,0,395799,0,0,0,0,0,0,0,0,84.91,15.09,0.0,231661,41167,0,0,272827
ME-01,house,ME,01,Chellie Pingree,Ronald Russell,DEM,REP,DEM,DEM,30.24,99.2,0.8,Safe D,21.62,5.16,30.61,1.0,3.77,-0.95,22.33,7.91,True,False,,,0.0,0.0,,,0.0,confirmed,confirmed,,,0,,0.0,429634,75680,0,423112,20023,0,0,0,422200,69878,0,69003,7445,0,237050,6819,0,0,1000,0,20000,4537,0,62.04,32.96,5.0,189577,100717,15279,0,305572
ME-02,house,ME,02,Matthew Dunlap,Paul LePage,DEM,REP,,DEM,-4.81,37.5,62.5,Lean R,-9.52,5.16,-5.84,-0.48,0.0,-1.0,-9.72,4.92,True,False,,,0.0,0.0,,,0.0,confirmed,confirmed,47.91,48.13,3,-2.42,0.15,1205432,2563901,0,228649,1685710,0,384759,16616,976783,878191,0,646576,167616,0,13500,408301,0,10000,0,0,0,0,0,44.97,50.03,5.0,124293,138278,13820,0,276390
MI-01,house,MI,01,Callie Barr,Jack Bergman,DEM,REP,REP,REP,-12.73,10.7,89.3,Likely R,-17.25,5.16,-12.73,-0.61,1.0,-1.03,-21.52,8.79,False,False,,,0.0,0.0,,,0.0,confirmed,confirmed,,,0,,0.0,824341,1917574,0,530725,660163,0,0,18250,301257,1368361,0,100309,151276,0,64250,756925,0,0,0,0,0,0,0,43.63,56.37,0.0,148380,191683,0,0,340063
MI-02,house,MI,02,Benjamin Ambrose,John Moolenaar,DEM,REP,REP,REP,-27.67,0.3,99.7,Safe R,-25.92,5.16,-27.67,-1.9,-4.17,-0.85,-30.54,2.86,False,False,,,0.0,0.0,,,0.0,confirmed,confirmed,,,0,,0.0,85094,1652235,0,21868,1905561,0,0,0,62840,1028618,0,19434,35444,0,250,549373,0,0,0,0,0,27361,0,36.16,63.84,0.0,111796,197345,0,0,309141
MI-03,house,MI,03,Hillary Scholten,Terri DeBoer,DEM,REP,DEM,DEM,21.63,98.3,1.7,Safe D,11.74,5.16,21.63,0.88,4.28,-0.43,7.95,13.68,False,False,,,0.0,0.0,,,0.0,confirmed,confirmed,,,0,,0.0,2329122,551697,0,1356573,361355,0,0,406375,1322264,190342,0,169694,7983,0,696370,12000,0,0,0,0,0,19951,0,60.82,39.18,0.0,182041,117292,0,0,299333
MI-04,house,MI,04,Sean McCann,Bill Huizenga,DEM,REP,REP,REP,-1.72,43.2,56.8,Toss-up,-1.42,5.16,-1.98,-0.26,-4.89,-0.57,-5.61,3.89,False,False,,,0.0,0.0,,,0.0,confirmed,confirmed,47.46,45.22,3,-0.29,0.15,2620011,4093991,0,1686240,2268747,0,1107704,511996,933771,1934284,0,454574,214513,0,316050,1580550,0,0,0,0,0,0,0,49.14,50.86,0.0,149253,154490,0,0,303743
MI-05,house,MI,05,Christian Vukasovich,Timothy Walberg,DEM,REP,REP,REP,-25.46,0.6,99.4,Safe R,-22.62,5.16,-25.46,-2.12,-5.07,-0.8,-27.41,1.95,False,False,,,0.0,0.0,,,0.0,confirmed,confirmed,,,0,,0.0,55756,1742399,0,13290,993833,0,0,0,42467,1658017,0,14490,66697,0,3000,786598,0,0,0,0,0,0,0,37.27,62.73,0.0,110193,185467,0,0,295660
MI-06,house,MI,06,Debbie Dingell,Heather Smiley,DEM,REP,DEM,DEM,38.7,100.0,0.0,Safe D,28.56,5.16,38.7,0.0,5.67,-0.69,23.92,14.78,False,False,,,0.0,0.0,,,0.0,confirmed,confirmed,,,0,,0.0,1193712,0,0,414935,0,0,0,0,1122149,0,0,69239,0,0,691593,0,0,0,0,0,0,0,0,69.35,30.65,0.0,225384,99607,0,0,324990
MI-07,house,MI,07,William Lawrence,Tom Barrett,DEM,REP,REP,REP,1.86,57.3,42.7,Toss-up,3.12,5.16,2.64,-1.12,-3.8,-0.73,-1.33,3.18,False,False,,,0.0,0.0,,,0.0,confirmed,confirmed,48.08,46.08,2,-1.0,0.214,1119198,6306828,0,383116,2871872,0,1264471,2035144,736082,3457356,0,290681,1642639,0,39844,1560904,0,13072,0,0,10000,2809,0,50.93,49.07,0.0,165097,159078,0,0,324176
MI-08,house,MI,08,Kristen McDonald Rivet,Thomas J. Smith,DEM,REP,DEM,DEM,19.86,97.4,2.6,Safe D,3.19,5.16,19.86,2.28,9.86,-0.62,-2.01,21.87,False,False,,,0.0,0.0,,,0.0,confirmed,confirmed,,,0,,0.0,5644876,224066,0,4254099,219799,0,27821,0,1407808,4267,0,392735,1385,0,1533240,0,0,0,7605,0,0,7600,0,59.93,40.07,0.0,181984,121666,0,0,303650
MI-09,house,MI,09,Ray Pooley,Lisa McClain,DEM,REP,REP,REP,-32.47,0.1,99.9,Safe R,-28.15,5.16,-32.47,-3.38,-5.22,-0.87,-32.75,0.29,False,False,,,0.0,0.0,,,0.0,confirmed,confirmed,,,0,,0.0,8084,5242309,0,4942,1536890,0,0,0,3142,4312277,0,4295,964623,0,0,1454798,0,0,0,0,0,0,0,33.77,66.23,0.0,115018,225613,0,0,340631
MI-10,house,MI,10,Christina Hines,Michael Bouchard Jr.,DEM,REP,,REP,2.31,59.0,41.0,Toss-up,-1.36,5.16,2.9,-0.15,0.0,-0.75,-6.68,9.0,False,False,,,0.0,0.0,,,0.0,confirmed,confirmed,44.0,42.0,1,-1.0,0.15,1211489,1623745,0,158196,1144520,0,500000,211905,1053292,479225,0,269873,108726,0,75763,124500,0,0,0,0,0,124275,0,51.16,48.84,0.0,156212,149148,0,0,305360
MI-11,house,MI,11,Jeremy Moss,Ethan Baker,DEM,REP,,DEM,27.3,99.6,0.4,Safe D,21.18,5.16,27.3,1.6,0.0,-0.64,16.42,10.87,False,False,,,0.0,0.0,,,0.0,confirmed,confirmed,,,0,,0.0,1485178,141876,0,352517,121125,0,399495,20000,1132661,21751,0,93323,6975,0,141950,1000,0,7000,0,0,0,0,0,63.65,36.35,0.0,205126,117155,0,0,322281
MI-12,house,MI,12,Rashida Tlaib,James D. Hooper,DEM,REP,DEM,DEM,59.33,100.0,0.0,Safe D,46.23,5.16,59.33,2.96,5.22,-0.24,39.62,19.71,False,False,,,0.0,0.0,,,0.0,confirmed,confirmed,,,0,,0.0,2756214,775,0,3434433,8381,0,0,10000,3585336,1411,0,793973,525,0,37150,0,0,0,0,0,0,533,0,79.66,20.34,0.0,207757,53036,0,0,260793
MI-13,house,MI,13,Donavan McKinney,T.P. Nykoriak,DEM,REP,,DEM,53.96,100.0,0.0,Safe D,48.72,5.16,53.96,0.0,0.0,0.08,42.28,11.68,False,False,,,0.0,0.0,,,0.0,confirmed,confirmed,,,0,,0.0,1372309,0,0,142854,0,0,1899568,268690,1229455,0,0,577662,0,0,91383,0,0,0,0,0,0,0,0,76.98,23.02,0.0,180475,53966,0,0,234440
MN-01,house,MN,01,Jake Johnson,Brad Finstad,DEM,REP,REP,REP,-6.47,26.3,73.7,Lean R,-9.24,5.16,-6.46,-0.01,-1.67,-0.71,-12.23,5.76,False,False,,,0.0,0.0,,,0.0,confirmed,confirmed,41.49,47.93,2,-6.49,0.15,2000547,2030569,0,1011593,1283923,0,7063,0,988953,808055,0,729421,147427,0,108500,966407,0,5372,0,0,0,0,0,46.77,53.23,0.0,127525,145165,0,0,272690
MN-02,house,MN,02,Matt Little,Eric Pratt,DEM,REP,,DEM,12.61,89.1,10.9,Likely D,8.38,5.16,13.42,0.52,0.0,-0.64,5.95,6.66,False,False,,,0.0,0.0,,,0.0,confirmed,confirmed,45.0,40.0,1,8.0,0.15,923277,511213,0,127543,254373,0,475327,17393,796236,256841,0,145833,31473,0,42370,48000,0,162000,112100,0,131000,105000,0,56.3,43.7,0.0,168159,130499,0,0,298658
MN-03,house,MN,03,Kelly Morrison,Tyler Bass,DEM,REP,DEM,DEM,29.78,99.8,0.2,Safe D,23.67,5.16,29.78,0.0,1.67,-0.71,21.72,8.06,False,False,,,0.0,0.0,,,0.0,confirmed,confirmed,,,0,,0.0,1361933,0,0,413942,0,0,0,0,973380,0,0,95446,0,0,208783,0,0,7000,0,0,0,0,0,64.89,35.11,0.0,193012,104427,0,0,297440
MN-04,house,MN,04,Betty McCollum,Paul Wikstrom,DEM,REP,DEM,DEM,47.53,100.0,0.0,Safe D,39.36,5.16,47.53,2.11,1.5,-0.6,36.47,11.07,False,False,,,0.0,0.0,,,0.0,confirmed,confirmed,,,0,,0.0,1251583,28031,0,498697,2205,0,0,0,1307805,14744,0,42962,5364,0,458800,5000,0,0,0,0,0,0,0,73.77,26.23,0.0,195497,69524,0,0,265021
MN-05,house,MN,05,Ilhan Omar,John Nagel,DEM,REP,DEM,DEM,65.97,100.0,0.0,Safe D,66.19,5.16,65.97,1.5,-6.48,-0.4,63.54,2.43,False,False,,,0.0,0.0,,,0.0,confirmed,confirmed,,,0,,0.0,5829715,747046,0,1347365,46922,0,0,0,4806570,700125,0,3688613,572704,0,73828,263,0,0,0,0,0,33270,0,82.99,17.01,0.0,214583,43997,0,0,258581
MN-06,house,MN,06,Doug Chapin,Tom Emmer,DEM,REP,REP,REP,-17.03,4.8,95.2,Safe R,-17.42,5.16,-17.03,-2.25,-1.67,-0.85,-20.07,3.03,False,False,,,0.0,0.0,,,0.0,confirmed,confirmed,,,0,,0.0,438700,9786064,0,70293,4496007,0,0,0,368407,6978508,0,163570,691336,0,8234,2244251,0,73351,0,0,50000,0,0,41.48,58.52,0.0,125443,176949,0,0,302392
MN-07,house,MN,07,Erik Osberg,Michelle Fischbach,DEM,REP,REP,REP,-32.05,0.1,99.9,Safe R,-33.77,5.16,-32.05,-0.93,-1.67,-0.84,-37.1,5.04,False,False,,,0.0,0.0,,,0.0,confirmed,confirmed,,,0,,0.0,334945,1286028,0,114432,919823,0,0,0,220512,777286,0,120827,152054,0,1000,729549,0,24237,0,0,0,0,0,33.97,66.03,0.0,95366,185340,0,0,280706
MN-08,house,MN,08,Trina Swanson,Peter Stauber,DEM,REP,REP,REP,-10.09,16.2,83.8,Likely R,-11.23,5.16,-10.09,-1.29,-1.67,-1.06,-14.53,4.44,False,False,,,0.0,0.0,,,0.0,confirmed,confirmed,,,0,,0.0,316706,1996898,0,90423,1200836,0,0,0,226283,1324555,0,119200,136304,0,10200,931660,0,0,0,0,0,0,0,44.96,55.04,0.0,135880,166376,0,0,302256
MO-01,house,MO,01,Wesley Bell,Paul Berry,DEM,REP,DEM,DEM,68.01,100.0,0.0,Safe D,58.87,5.16,68.01,0.0,4.17,-0.19,58.61,9.4,False,False,,,0.0,0.0,,,0.0,confirmed,confirmed,,,0,,0.0,3561712,0,0,1094094,0,0,986770,72583,2901538,0,0,59864,0,0,590796,0,0,0,0,0,0,0,0,84.01,15.99,0.0,186119,35437,0,0,221556
MO-02,house,MO,02,Fred Wellman,Ann Wagner,DEM,REP,REP,REP,-10.99,14.1,85.9,Likely R,-11.95,5.16,-11.87,-0.82,-3.37,-0.9,-11.57,0.58,False,False,,,0.0,0.0,,,0.0,confirmed,confirmed,41.0,44.0,1,-6.0,0.15,1155880,3528095,0,242217,4227396,0,0,0,913662,2411928,0,513808,651487,0,53250,1143239,0,410,0,0,0,0,0,44.5,55.5,0.0,131129,163513,0,0,294642
MO-03,house,MO,03,Bethany Mann,Bob Onder,DEM,REP,REP,REP,-19.71,2.7,97.3,Safe R,-20.24,5.16,-19.71,-1.78,-2.01,-0.83,-20.27,0.56,False,False,,,0.0,0.0,,,0.0,confirmed,confirmed,,,0,,0.0,43339,950350,0,2776,471459,0,0,0,44990,636335,0,24959,77804,0,125,373480,0,0,0,0,542,894000,0,40.15,59.85,0.0,114361,170498,0,0,284859
MO-04,house,MO,04,Jordan Herrera,Mark Alford,DEM,REP,REP,REP,-21.98,1.6,98.4,Safe R,-21.08,5.16,-21.98,-2.07,-3.26,-0.73,-21.37,-0.61,False,False,,,0.0,0.0,,,0.0,confirmed,confirmed,,,0,,0.0,41657,1392968,0,19366,747401,0,0,0,22674,864475,0,15561,16601,0,0,567061,0,8558,0,0,0,0,0,39.01,60.99,0.0,107872,168640,0,0,276512
MO-05,house,MO,05,Emanuel Cleaver,Rick Brattin,DEM,REP,DEM,DEM,-8.96,19.0,81.0,Likely R,-17.47,5.16,-8.96,0.69,3.1,-0.45,-18.62,9.66,False,False,,,0.0,0.0,,,0.0,confirmed,confirmed,,,0,,0.0,1336738,331764,0,1142882,222510,0,1213054,982544,1083483,109254,0,148137,4286,0,849891,39087,0,0,0,0,0,0,0,45.52,54.48,0.0,106070,126954,0,0,233024
MO-06,house,MO,06,Josh Smead,Chris Stigall,DEM,REP,,REP,-23.41,1.1,98.9,Safe R,-26.78,5.16,-23.41,-1.04,0.0,-0.75,-27.0,3.58,False,False,,,0.0,0.0,,,0.0,confirmed,confirmed,,,0,,0.0,72101,599336,0,16947,166050,0,182000,248691,55155,433286,0,31859,18699,0,0,76000,0,8353,0,0,0,63950,0,38.29,61.71,0.0,101092,162906,0,0,263998
MO-07,house,MO,07,Missi Hesketh,Eric Burlison,DEM,REP,REP,REP,-43.5,0.0,100.0,Safe R,-43.17,5.16,-43.5,-2.03,-2.63,-0.83,-43.18,-0.32,False,False,,,0.0,0.0,,,0.0,confirmed,confirmed,,,0,,0.0,50540,1460463,0,33543,953675,0,0,12107,22134,1108175,0,26365,619936,0,8500,245255,0,0,0,0,0,0,0,28.25,71.75,0.0,74458,189109,0,0,263567
MO-08,house,MO,08,Christopher Reichard,Jason Smith,DEM,REP,REP,REP,-54.73,0.0,100.0,Safe R,-53.72,5.16,-54.73,-3.42,-1.83,-0.93,-54.42,-0.31,False,False,,,0.0,0.0,,,0.0,confirmed,confirmed,,,0,,0.0,5674,5264183,0,1942,5012103,0,0,0,3732,3269224,0,4269,273782,0,0,2734275,0,109,0,0,5196,0,0,22.63,77.37,0.0,58526,200046,0,0,258572
MS-01,house,MS,01,Cliff Johnson,Trent Kelly,DEM,REP,REP,REP,-32.48,0.1,99.9,Safe R,-33.73,5.16,-32.48,-0.42,-2.99,-0.5,-37.53,5.05,False,False,,,0.0,0.0,,,0.0,confirmed,confirmed,,,0,,0.0,551243,1004205,0,149645,863664,0,0,0,401599,749399,0,137251,16080,0,2500,500635,0,21869,0,0,0,0,0,33.76,66.24,0.0,76578,150258,0,0,226836
MS-02,house,MS,02,Bennie Thompson,Ron Eller,DEM,REP,DEM,DEM,35.46,100.0,0.0,Safe D,24.66,5.16,35.46,1.61,4.05,-0.02,20.59,14.87,False,False,,,0.0,0.0,,,0.0,projected,projected,,,0,,0.0,770971,45390,0,1449522,35874,0,0,0,947613,46245,0,6419,6118,0,566744,150,0,0,2921,0,0,2500,0,67.73,32.27,0.0,135906,64752,0,0,200658
MS-03,house,MS,03,Michael Chiaradio,Mike Guest,DEM,REP,REP,REP,-23.98,1.0,99.0,Safe R,-25.92,5.16,-23.98,-1.09,-1.67,-0.47,-29.5,5.52,False,False,,,0.0,0.0,,,0.0,projected,projected,,,0,,0.0,155400,822761,0,23208,962515,0,0,0,132191,371591,0,69258,5410,0,2800,370000,0,17776,0,0,17149,0,0,38.01,61.99,0.0,86054,140341,0,0,226395
MS-04,house,MS,04,Jeffrey Hulum,Mike Ezell,DEM,REP,REP,REP,-41.58,0.0,100.0,Safe R,-39.55,5.16,-41.58,-1.93,-4.75,-0.51,-43.01,1.42,False,False,,,0.0,0.0,,,0.0,confirmed,confirmed,,,0,,0.0,29045,990106,0,6534,123359,0,0,0,22864,1018212,0,5890,12096,0,500,477000,0,3500,0,0,3500,0,0,29.21,70.79,0.0,60088,145627,0,0,205715
MT-01,house,MT,01,Sam Forstag,Aaron Flint,DEM,REP,,REP,-7.61,22.8,77.2,Likely R,-12.34,5.16,-8.31,-0.14,0.0,-0.98,-11.92,4.32,False,False,,,0.0,0.0,,,0.0,projected,projected,43.87,44.5,2,-3.63,0.15,1382873,1303394,0,550079,502201,0,260465,1468950,832794,801193,0,495944,290173,0,140650,330600,0,1267,0,0,0,246238,0,46.2,53.8,0.0,104151,121297,0,0,225448
MT-02,house,MT,02,Brian Miller,Troy Downing,DEM,REP,REP,REP,-34.04,0.0,100.0,Safe R,-31.3,5.16,-34.04,-2.59,-4.27,-1.04,-30.51,-3.54,False,False,,,0.0,0.0,,,0.0,projected,projected,,,0,,0.0,19174,2127927,0,3166,650464,0,0,0,14573,1588993,0,4916,496243,0,1000,681678,0,4832,0,0,0,2026506,0,32.98,67.02,0.0,64844,131782,0,0,196626
NC-01,house,NC,01,Don Davis,Laurie Buckhout,DEM,REP,DEM,DEM,2.95,61.4,38.6,Lean D,-7.97,5.16,3.25,0.04,6.36,-0.35,-11.71,14.67,False,False,,,0.0,0.0,,,0.0,confirmed,confirmed,44.29,40.94,3,1.29,0.15,4287386,3793077,0,3570366,1829661,0,185381,920003,987862,1989720,0,367550,83111,0,1530112,351704,0,0,2402740,0,0,3501000,0,51.48,48.52,0.0,150206,141586,0,0,291792
NC-02,house,NC,02,Deborah Ross,Eugene Douglass,DEM,REP,DEM,DEM,45.17,100.0,0.0,Safe D,36.81,5.16,45.17,0.0,3.34,-0.14,34.41,10.76,False,False,,,0.0,0.0,,,0.0,projected,projected,,,0,,0.0,1675978,0,0,1337687,0,0,0,0,1075801,0,0,65366,0,0,689413,0,0,0,0,0,9555,0,0,72.58,27.42,0.0,209880,79272,0,0,289152
NC-03,house,NC,03,Raymond Smith,Greg Murphy,DEM,REP,REP,REP,-8.0,21.7,78.3,Likely R,-10.01,5.16,-8.0,-1.41,-1.67,-0.08,-13.76,5.76,False,False,,,0.0,0.0,,,0.0,projected,projected,,,0,,0.0,223119,2357956,0,73711,2697820,0,289395,0,137467,1243599,0,70520,28721,0,27250,1037799,0,100,0,0,0,0,0,46.0,54.0,0.0,111436,130820,0,0,242256
NC-04,house,NC,04,Valerie Foushee,Mahesh Ganorkar,DEM,REP,DEM,DEM,58.68,100.0,0.0,Safe D,48.5,5.16,58.68,1.88,3.37,-0.24,46.04,12.64,False,False,,,0.0,0.0,,,0.0,projected,projected,,,0,,0.0,912011,11917,0,47788,16967,0,2382171,241900,949918,10302,0,86347,1095,0,495618,1000,0,0,4569,0,4000,0,0,79.34,20.66,0.0,242640,63187,0,0,305827
NC-05,house,NC,05,Chuck Hubbard,Virginia Foxx,DEM,REP,REP,REP,-10.91,14.3,85.7,Likely R,-14.87,5.16,-10.91,-0.88,0.13,-0.46,-17.92,7.01,False,False,,,0.0,0.0,,,0.0,projected,projected,,,0,,0.0,394695,1662604,0,99815,3369069,0,261693,0,302276,1204804,0,181733,25085,0,3350,419516,0,0,0,0,20000,0,0,44.55,55.45,0.0,127304,158483,0,0,285788
NC-06,house,NC,06,Cyril Jefferson,Addison McDowell,DEM,REP,REP,REP,-13.1,10.0,90.0,Likely R,-15.04,5.16,-13.1,-1.22,-1.67,-0.33,-17.36,4.26,False,False,,,0.0,0.0,,,0.0,projected,projected,,,0,,0.0,199881,1226408,0,13898,381728,0,0,0,185984,852003,0,37641,16395,0,7400,515505,0,0,0,0,0,28602,0,43.45,56.55,0.0,119137,155047,0,0,274184
NC-07,house,NC,07,Kimberly Hardy,David Rouzer,DEM,REP,REP,REP,-10.8,14.5,85.5,Likely R,-11.05,5.16,-11.13,-1.34,-3.43,-0.47,-14.02,3.22,False,False,LIB,,0.0,0.0,,,0.0,projected,projected,,,0,,0.0,293818,1990423,0,65017,2301487,0,0,0,228801,1124461,0,99168,6705,0,9411,1209699,0,0,0,0,0,0,0,43.88,54.5,1.62,136123,169092,5026,0,310241
NC-08,house,NC,08,Colby Watson,Mark Harris,DEM,REP,REP,REP,-17.18,4.7,95.3,Safe R,-17.09,5.16,-17.18,-1.86,-2.87,-0.52,-19.62,2.44,False,False,,,0.0,0.0,,,0.0,projected,projected,,,0,,0.0,39569,1019134,0,2343,517853,0,0,13442,37232,608814,0,7059,74493,0,3700,200500,0,25460,0,0,0,0,0,41.41,58.59,0.0,118757,168039,0,0,286796
NC-09,house,NC,09,Richard Ojeda,Richard Hudson,DEM,REP,REP,REP,-11.69,12.7,87.3,Likely R,-13.38,5.16,-11.69,-0.23,-3.02,-0.21,-16.03,4.35,False,False,,,0.0,0.0,,,0.0,projected,projected,,,0,,0.0,2237508,3215341,0,163673,1335132,0,321017,0,2073836,2511943,0,1666772,214005,0,18842,1605397,0,0,0,0,0,0,0,44.16,55.84,0.0,118284,149590,0,0,267874
NC-10,house,NC,10,Ashley Bell,Pat Harrigan,DEM,REP,REP,REP,-15.92,6.0,94.0,Likely R,-15.21,5.16,-16.61,-1.6,-4.63,-0.34,-17.89,1.96,False,False,,,0.0,0.0,,,0.0,projected,projected,37.0,52.0,1,-12.0,0.15,84024,1081821,0,26174,451275,0,0,0,57805,683387,0,30263,81411,0,3050,359925,0,14948,0,0,8486,0,0,42.04,57.96,0.0,122523,168924,0,0,291447
NC-11,house,NC,11,Jamie Ager,Jennifer Balkcom,DEM,REP,,REP,-3.59,36.2,63.8,Lean R,-8.03,5.16,-3.59,0.0,0.0,-0.72,-9.61,6.03,False,False,,,0.0,0.0,,,0.0,confirmed,confirmed,,,0,,0.0,3052354,0,0,2184778,0,0,319744,0,867576,0,0,556269,0,0,231570,0,0,0,0,0,0,0,0,48.21,51.79,0.0,148892,159974,0,0,308866
NC-12,house,NC,12,Alma Adams,John Codiga,DEM,REP,DEM,DEM,59.58,100.0,0.0,Safe D,50.22,5.16,59.58,1.26,2.65,0.29,47.04,12.55,False,False,,,0.0,0.0,,,0.0,projected,projected,,,0,,0.0,370506,28704,0,456594,3,0,0,0,487322,28701,0,12384,1857,0,274275,0,0,0,3053,0,0,3000,0,79.79,20.21,0.0,198652,50311,0,0,248963
NC-13,house,NC,13,Paul Barringer,Brad Knott,DEM,REP,REP,REP,-13.7,9.0,91.0,Likely R,-14.75,5.16,-13.24,-0.19,-3.23,-0.22,-16.71,3.0,False,False,GRN,,0.0,0.0,,,0.0,projected,projected,,,0,,0.0,1022610,1339161,0,514555,707795,0,0,0,508054,648627,0,76837,28235,0,8100,657718,0,461846,0,0,320000,760483,0,42.35,55.8,1.85,126184,166250,5512,0,297946
NC-14,house,NC,14,Lakesha Womack,Tim Moore,DEM,REP,REP,REP,-13.1,10.0,90.0,Likely R,-13.55,5.16,-14.54,-2.3,-3.38,-0.46,-15.22,2.11,False,False,,,0.0,0.0,,,0.0,projected,projected,40.0,48.0,1,-5.0,0.15,24888,1538952,0,-376,1581992,0,0,80948,26124,880526,0,11823,22782,0,2200,435700,0,0,0,0,0,0,0,43.45,56.55,0.0,124406,161931,0,0,286337
ND-01,house,ND,01,Trygve Hammer,Julie Fedorchak,DEM,REP,REP,REP,-35.79,0.0,100.0,Safe R,-36.86,5.16,-35.79,-1.5,-1.67,-0.92,-37.39,1.6,False,False,,,0.0,0.0,,,0.0,projected,projected,,,0,,0.0,190064,1730663,0,67391,1055571,0,0,0,122672,1004420,0,98864,7624,0,2900,962475,0,15,0,0,0,0,0,32.1,67.9,0.0,82733,174975,0,0,257708
NE-01,house,NE,01,Christopher Backemeyer,Mike Flood,DEM,REP,REP,REP,-9.56,17.5,82.5,Likely R,-8.68,5.16,-10.01,-0.99,-4.96,-0.54,-13.23,3.67,False,False,,,0.0,0.0,,,0.0,projected,projected,38.0,45.0,1,-7.0,0.15,592233,2368910,0,290611,1560751,0,0,0,301622,1028941,0,98457,36065,0,25000,1127179,0,104319,0,0,100000,6046,0,45.22,54.78,0.0,100754,122057,0,0,222811
NE-02,house,NE,02,Denise Powell,Brinker Harding,DEM,REP,,REP,12.7,89.3,10.7,Likely D,9.18,5.16,14.41,0.43,0.0,-0.36,4.68,8.01,False,False,,,0.0,0.0,,,0.0,confirmed,confirmed,46.5,40.5,1,3.0,0.15,2668287,2034386,0,997390,1070769,0,3102987,100001,1670897,963618,0,493969,52231,0,310406,255800,0,65033,3500,0,75000,0,0,56.35,43.65,0.0,124917,96768,0,0,221685
NE-03,house,NE,03,Becky Stille,Adrian Smith,DEM,REP,REP,REP,-52.56,0.0,100.0,Safe R,-49.63,5.16,-52.56,-2.18,-5.38,-0.53,-54.43,1.87,False,False,,,0.0,0.0,,,0.0,projected,projected,,,0,,0.0,55101,1777414,0,14834,1023354,0,0,282975,40268,1682292,0,11451,3630,0,50,1298250,0,36731,0,0,36731,0,0,23.72,76.28,0.0,51833,166682,0,0,218516
NH-01,house,NH,01,Stefany Shaheen,Anthony DiLorenzo,DEM,REP,,DEM,5.1,69.1,30.9,Lean D,0.63,5.16,5.1,0.16,0.0,-0.85,2.02,3.08,False,False,,,0.0,0.0,,,0.0,projected,projected,,,0,,0.0,2208010,2326786,0,1200445,1187441,0,2012860,0,1007564,1139345,0,366546,52850,0,85305,7000,0,7000,1650000,0,0,1650000,0,52.55,47.45,0.0,152269,137489,0,0,289758
NH-02,house,NH,02,Maggie Goodlander,Lily Williams,DEM,REP,DEM,DEM,15.03,92.9,7.1,Likely D,2.68,5.16,14.8,0.88,6.93,-0.86,3.63,11.4,False,False,,,0.0,0.0,,,0.0,projected,projected,49.97,34.15,7,15.82,0.223,3709390,1108535,0,2514390,664220,0,0,0,1252998,573795,0,209243,599501,0,311303,0,0,0,120000,0,0,120000,0,57.51,42.49,0.0,165969,122605,0,0,288574
NJ-01,house,NJ,01,Donald Norcross,Damon Galdo,DEM,REP,DEM,DEM,33.71,99.9,0.1,Safe D,24.08,5.16,33.71,2.5,2.11,-0.14,19.0,14.71,False,False,,,0.0,0.0,,,0.0,projected,projected,,,0,,0.0,1657743,11125,0,2365599,5056,0,0,0,999633,6138,0,11139,6233,0,791232,500,0,0,100,0,0,100,0,66.86,33.14,0.0,176587,87542,0,0,264130
NJ-02,house,NJ,02,Zack Mullock,Jeff Van Drew,DEM,REP,REP,REP,-9.22,18.4,81.6,Likely R,-7.72,5.16,-8.55,-1.01,-4.87,-0.1,-13.29,4.07,False,False,,,0.0,0.0,,,0.0,projected,projected,36.0,46.0,1,-13.0,0.15,462863,1930058,0,120210,1538041,0,0,0,342653,1154447,0,76814,219043,0,6000,327471,0,110000,0,0,110000,11668,0,45.39,54.61,0.0,119675,143970,0,0,263645
NJ-03,house,NJ,03,Herb Conaway,Michael McGuire,DEM,REP,DEM,DEM,23.09,98.8,1.2,Safe D,12.86,5.16,23.09,1.52,3.88,-0.34,7.92,15.17,False,False,,,0.0,0.0,,,0.0,projected,projected,,,0,,0.0,934660,79190,0,439329,807,0,0,0,532745,78383,0,54194,5115,0,500874,0,0,0,21000,0,0,94594,0,61.54,38.46,0.0,166010,103735,0,0,269745
NJ-04,house,NJ,04,Rachel Peace,Chris Smith,DEM,REP,REP,REP,-28.49,0.3,99.7,Safe R,-25.72,5.16,-28.49,-1.52,-5.89,-0.51,-31.01,2.52,False,False,,,0.0,0.0,,,0.0,projected,projected,,,0,,0.0,34352,592016,0,5363,488316,0,0,0,28989,467765,0,14725,85452,0,0,216783,0,6712,0,0,25692,0,0,35.76,64.24,0.0,101035,181534,0,0,282569
NJ-05,house,NJ,05,Josh Gottheimer,Sean Kirrane,DEM,REP,DEM,DEM,22.33,98.5,1.5,Safe D,7.45,5.16,22.33,2.86,7.03,-0.17,1.29,21.05,False,False,,,0.0,0.0,,,0.0,projected,projected,,,0,,0.0,4765145,55656,0,12773075,8034,0,0,0,12704564,47622,0,20739,3603,0,882050,0,0,0,25054,0,0,24325,0,61.17,38.83,0.0,168329,106868,0,0,275197
NJ-06,house,NJ,06,Frank Pallone,Hillary Herzig,DEM,REP,DEM,DEM,28.3,99.7,0.3,Safe D,13.32,5.16,28.3,2.75,6.79,0.28,6.23,22.07,False,False,,,0.0,0.0,,,0.0,projected,projected,,,0,,0.0,2214837,7645,0,3066966,1866,0,0,0,2219781,5779,0,7797,1190,0,1455707,0,0,0,2786,0,0,4351,0,64.15,35.85,0.0,142572,79676,0,0,222248
NJ-07,house,NJ,07,Rebecca Bennett,Tom Kean Jr.,DEM,REP,REP,REP,4.84,68.2,31.8,Lean D,2.47,5.16,5.52,-0.04,-1.67,-0.4,-1.9,6.74,False,False,,,0.0,0.0,,,0.0,confirmed,confirmed,47.0,43.0,1,1.0,0.15,4272034,4892807,0,1445694,3634205,0,1799932,738067,2826340,1306888,0,632513,220555,0,272746,1194427,0,0,0,0,0,0,0,52.42,47.58,0.0,161084,146200,0,0,307284
NJ-08,house,NJ,08,Rob Menendez,Republican candidate (NJ-08),DEM,REP,DEM,DEM,45.91,100.0,0.0,Safe D,37.43,5.16,45.91,0.0,1.67,1.66,28.85,17.06,False,False,,,0.0,0.0,,,0.0,confirmed,projected,,,0,,0.0,1958766,0,0,679737,0,0,34890,0,1555715,0,0,13337,0,0,734489,0,0,0,0,0,0,0,0,72.96,27.04,0.0,110845,41089,0,0,151934
NJ-09,house,NJ,09,Nelida Pou,Rosemary Pino,DEM,REP,DEM,DEM,21.53,98.2,1.8,Safe D,7.93,5.16,21.53,1.29,6.01,1.14,-1.3,22.82,False,False,,,0.0,0.0,,,0.0,projected,projected,,,0,,0.0,2661928,437829,0,1793359,39624,0,0,0,1021043,398205,0,231971,251372,0,1024879,0,0,0,0,0,0,157218,0,60.76,39.24,0.0,116416,75171,0,0,191587
NJ-10,house,NJ,10,Lamonica McIver,Carmen Bucco,DEM,REP,DEM,DEM,66.49,100.0,0.0,Safe D,56.27,5.16,66.49,2.8,1.49,0.77,48.73,17.77,False,False,,,0.0,0.0,,,0.0,projected,projected,,,0,,0.0,2136938,2270,0,814120,1018,0,0,0,1486031,1252,0,1072110,360,0,553383,0,0,0,910,0,0,0,0,83.25,16.75,0.0,148069,29801,0,0,177870
NJ-11,house,NJ,11,Analilia Mejia,Joe Hathaway,DEM,REP,DEM,DEM,20.94,98.0,2.0,Safe D,13.44,5.16,20.94,0.81,1.67,-0.14,7.93,13.02,False,False,,,0.0,0.0,,,0.0,projected,projected,,,0,,0.0,1823436,657711,0,27475,5036,0,648446,0,1795960,652675,0,633740,71416,0,336506,40500,0,7000,0,0,111426,11452,0,60.47,39.53,0.0,167029,109187,0,0,276216
NJ-12,house,NJ,12,Adam Hamawy,Gregg Mele,DEM,REP,,DEM,37.38,100.0,0.0,Safe D,29.89,5.16,37.38,2.13,0.0,0.2,23.58,13.8,False,False,,,0.0,0.0,,,0.0,projected,projected,,,0,,0.0,1533852,79425,0,91930,3084,0,1900174,0,1441921,76341,0,263767,16648,0,61806,0,0,0,53746,0,0,98552,0,68.69,31.31,0.0,158855,72406,0,0,231262
NM-01,house,NM,01,Melanie Stansbury,Ndidiamaka Okpareke,DEM,REP,DEM,DEM,26.3,99.5,0.5,Safe D,16.26,5.16,26.3,1.68,2.33,0.87,13.0,13.3,False,False,,,0.0,0.0,,,0.0,projected,projected,,,0,,0.0,1353564,100340,0,416711,42741,0,0,0,1082562,57599,0,467355,15340,0,202335,1900,0,0,0,0,0,0,0,63.15,36.85,0.0,156341,91235,0,0,247575
NM-02,house,NM,02,Gabriel Vasquez,Greg Cunningham,DEM,REP,DEM,DEM,14.95,92.8,7.2,Likely D,3.41,5.16,16.71,0.67,5.64,1.83,-1.84,16.8,False,False,,,0.0,0.0,,,0.0,projected,projected,43.0,41.0,1,5.0,0.15,3784102,1510080,0,2378703,794187,0,0,0,1444484,715893,0,385490,142850,0,990919,158100,0,0,0,0,0,0,0,57.48,42.52,0.0,109329,80885,0,0,190214
NM-03,house,NM,03,Teresa Leger Fernandez,Martin Zamora,DEM,REP,DEM,DEM,23.31,98.9,1.1,Safe D,10.01,5.16,23.31,0.73,6.72,0.69,5.32,17.99,False,False,,,0.0,0.0,,,0.0,projected,projected,,,0,,0.0,1249949,440623,0,666975,242569,0,0,0,990899,198054,0,114676,23608,0,212450,14200,0,0,0,0,0,0,0,61.66,38.34,0.0,128607,79981,0,0,208588
NV-01,house,NV,01,Dina Titus,Carrie Buck,DEM,REP,DEM,DEM,16.52,94.7,5.3,Likely D,5.7,5.16,16.52,-0.16,5.03,0.79,2.3,14.22,False,False,,,0.0,0.0,,,0.0,projected,projected,,,0,,0.0,1537358,1915058,0,1337525,653588,0,0,0,355197,1261470,0,50654,526707,0,766723,138100,0,0,3732,0,4000,24440,0,58.26,41.74,0.0,136716,97950,0,0,234665
NV-02,house,NV,02,Teresa Benitez-Thompson,David Flippo,DEM,REP,,REP,-6.75,25.4,74.6,Lean R,-12.12,5.16,-8.29,-1.32,0.0,-0.02,-14.26,7.51,False,False,,,0.0,0.0,,,0.0,confirmed,confirmed,48.0,46.0,1,2.0,0.15,257087,2275392,0,140607,117883,0,399937,653802,116479,2172225,0,57268,16480,0,23100,66500,0,20000,1675000,0,27163,1614965,0,46.63,53.37,0.0,137381,157270,0,0,294652
NV-03,house,NV,03,Susie Lee,Marty O'Donnell,DEM,REP,DEM,DEM,11.99,88.0,12.0,Likely D,2.81,5.16,11.99,0.06,3.88,0.08,-0.75,12.74,False,False,,,0.0,0.0,,,0.0,projected,projected,,,0,,0.0,4401421,4055410,0,3689228,2409434,0,0,0,1178847,1645976,0,246965,189257,0,1306593,271905,0,0,3007000,0,0,3000000,0,56.0,44.0,0.0,150963,118632,0,0,269595
NV-04,house,NV,04,Steven Horsford,Cody Whipple,DEM,REP,DEM,DEM,17.78,95.9,4.1,Safe D,5.74,5.16,17.78,0.97,5.12,0.79,2.37,15.41,False,False,,,0.0,0.0,,,0.0,confirmed,confirmed,,,0,,0.0,3350563,884687,0,1496222,285221,0,0,0,1860631,599467,0,209416,215816,0,1788353,7000,0,0,320119,0,22500,430235,0,58.89,41.11,0.0,141426,98729,0,0,240155
NY-01,house,NY,01,Christopher Gallant,Nick LaLota,DEM,REP,REP,REP,-3.24,37.5,62.5,Lean R,-8.41,5.16,-2.76,0.0,0.78,-0.29,-10.19,6.95,False,False,,,0.0,0.0,,,0.0,confirmed,confirmed,38.0,41.0,1,-6.0,0.15,647598,0,0,172217,0,0,0,0,475381,0,0,100617,0,0,11100,0,0,3500,0,0,0,0,0,48.38,51.62,0.0,145437,155187,0,0,300624
NY-02,house,NY,02,Patrick Halpin,Andrew Garbarino,DEM,REP,REP,REP,-11.39,13.3,86.7,Likely R,-11.26,5.16,-11.39,-1.46,-4.23,0.4,-14.08,2.69,False,False,,,0.0,0.0,,,0.0,confirmed,confirmed,,,0,,0.0,461848,3513016,0,89408,3458915,0,0,0,372440,1599708,0,50667,5584,0,9950,1805000,0,7000,0,0,0,0,0,44.31,55.69,0.0,112316,141180,0,0,253496
NY-03,house,NY,03,Tom Suozzi,Mike LiPetri,DEM,REP,DEM,DEM,14.93,92.8,7.2,Likely D,-0.3,5.16,14.93,0.87,9.48,-0.28,-4.35,19.28,False,False,,,0.0,0.0,,,0.0,confirmed,confirmed,,,0,,0.0,5456698,1666542,0,5679950,710120,0,0,0,1811089,957956,0,203262,199352,0,1584043,209500,0,0,0,0,0,56746,0,57.47,42.53,0.0,152173,112632,0,0,264804
NY-04,house,NY,04,Laura Gillen,Jeanine Driscoll,DEM,REP,DEM,REP,14.37,92.0,8.0,Likely D,4.79,5.16,16.56,2.1,4.21,0.3,1.29,13.08,False,False,,,0.0,0.0,,,0.0,confirmed,confirmed,46.0,41.0,1,2.0,0.15,5097222,264824,0,3843824,226274,0,0,0,1276602,38550,0,325671,13709,0,1032059,66250,0,0,0,0,0,0,0,57.19,42.81,0.0,155574,116475,0,0,272049
NY-05,house,NY,05,Gregory Meeks,George Marsh,DEM,REP,DEM,DEM,58.42,100.0,0.0,Safe D,48.72,5.16,58.42,0.0,3.89,0.65,42.8,15.62,False,False,,,0.0,0.0,,,0.0,confirmed,confirmed,,,0,,0.0,1744888,0,0,2010350,0,0,0,0,1963090,0,0,1965,0,0,928255,0,0,0,0,0,0,0,0,79.21,20.79,0.0,134180,35220,0,0,169400
NY-06,house,NY,06,Grace Meng,Juan Pagan,DEM,REP,DEM,DEM,29.12,99.8,0.2,Safe D,13.49,5.16,29.12,0.0,10.25,0.22,6.53,22.59,False,False,,,0.0,0.0,,,0.0,confirmed,projected,,,0,,0.0,2033045,0,0,1034068,0,0,0,0,1967862,0,0,22020,0,0,574800,0,0,0,0,0,0,0,0,64.56,35.44,0.0,94609,51934,0,0,146543
NY-07,house,NY,07,Claire Valdez,Melvin Rivera,DEM,REP,,DEM,58.05,100.0,0.0,Safe D,51.95,5.16,58.05,0.0,0.0,0.94,47.19,10.86,False,False,,,0.0,0.0,,,0.0,confirmed,confirmed,,,0,,0.0,1693312,0,0,206842,0,0,956361,0,1486470,0,0,620052,0,0,44750,0,0,0,0,0,0,0,0,79.03,20.97,0.0,130005,34504,0,0,164509
NY-08,house,NY,08,Hakeem Jeffries,Lewis Mizrahi,DEM,REP,DEM,DEM,60.65,100.0,0.0,Safe D,48.42,5.16,60.65,0.0,6.67,0.4,44.77,15.88,False,False,,,0.0,0.0,,,0.0,confirmed,confirmed,,,0,,0.0,14899981,0,0,5000460,0,0,0,32101,14854086,0,0,7235721,0,0,2079150,0,0,0,0,0,0,0,0,80.33,19.67,0.0,134598,32968,0,0,167566
NY-09,house,NY,09,Yvette Clarke,Joel Anabilah-Azumah,DEM,REP,DEM,DEM,59.37,100.0,0.0,Safe D,45.17,5.16,59.37,0.0,8.81,0.23,41.39,17.98,False,False,,,0.0,0.0,,,0.0,confirmed,confirmed,,,0,,0.0,1013953,0,0,30978,0,0,289695,0,1093030,0,0,27671,0,0,581951,0,0,0,0,0,95704,0,0,79.69,20.31,0.0,139681,35605,0,0,175286
NY-10,house,NY,10,Brad Lander,Jennifer Moore,DEM,REP,,DEM,70.18,100.0,0.0,Safe D,65.01,5.16,70.18,0.0,0.0,0.01,61.89,8.29,False,False,,,0.0,0.0,,,0.0,confirmed,confirmed,,,0,,0.0,2455130,0,0,55336,0,0,432138,219039,2399794,0,0,659707,0,0,49000,0,0,0,0,0,0,0,0,85.09,14.91,0.0,164968,28908,0,0,193876
NY-11,house,NY,11,Michael DeCillis,Nicole Malliotakis,DEM,REP,REP,REP,-20.4,2.3,97.7,Safe R,-20.26,5.16,-20.4,-2.38,-2.82,-0.1,-24.83,4.43,False,False,,,0.0,0.0,,,0.0,confirmed,confirmed,,,0,,0.0,67616,2750505,0,35290,2767340,0,0,0,32326,1329411,0,17835,210566,0,0,1072300,0,0,0,0,0,0,0,39.8,60.2,0.0,75980,114927,0,0,190908
NY-12,house,NY,12,Micah Lasher,Caroline Shinkle,DEM,REP,,DEM,73.23,100.0,0.0,Safe D,67.11,5.16,73.23,1.35,0.0,-0.39,64.9,8.34,False,False,,,0.0,0.0,,,0.0,confirmed,confirmed,,,0,,0.0,3315975,155145,0,1088073,83847,0,11999039,3017410,2232656,71298,0,90223,23887,0,22000,1995,0,500000,26379,0,500000,35527,0,86.62,13.38,0.0,205575,31762,0,0,237337
NY-13,house,NY,13,Darializa Avila Chevalier,Republican candidate (NY-13),DEM,REP,,DEM,72.8,100.0,0.0,Safe D,65.8,5.16,72.8,0.0,0.0,1.84,60.27,12.52,False,False,,,0.0,0.0,,,0.0,confirmed,projected,,,0,,0.0,1354602,0,0,222087,0,0,1887856,1542818,1132514,0,0,416612,0,0,26603,0,0,0,0,0,0,0,0,86.4,13.6,0.0,144872,22806,0,0,167678
NY-14,house,NY,14,Alexandria Ocasio-Cortez,Diamant Hysenaj,DEM,REP,DEM,DEM,51.14,100.0,0.0,Safe D,39.39,5.16,51.14,3.32,1.55,1.73,32.37,18.77,False,False,,,0.0,0.0,,,0.0,confirmed,confirmed,,,0,,0.0,32607754,342896,0,15960932,31041,0,0,0,20381469,311855,0,21547856,217527,0,28050,850,0,0,8889,0,0,27913,0,75.57,24.43,0.0,107451,34735,0,0,142186
NY-15,house,NY,15,Ritchie Torres,Republican candidate (NY-15),DEM,REP,DEM,DEM,69.25,100.0,0.0,Safe D,55.61,5.16,69.25,0.0,6.49,1.99,48.81,20.44,False,False,,,0.0,0.0,,,0.0,confirmed,projected,,,0,,0.0,6908655,0,0,13986721,0,0,3857427,0,4345916,0,0,129722,0,0,700550,0,0,0,0,0,0,0,0,84.63,15.37,0.0,110681,20107,0,0,130788
NY-16,house,NY,16,George Latimer,Joseph Cinquemani,DEM,REP,DEM,DEM,49.96,100.0,0.0,Safe D,36.58,5.16,49.96,0.0,7.51,0.71,33.31,16.65,False,False,,,0.0,0.0,,,0.0,confirmed,confirmed,,,0,,0.0,513967,0,0,100662,0,0,0,0,605959,0,0,47572,0,0,189650,0,0,0,0,0,0,0,0,74.98,25.02,0.0,171264,57145,0,0,228409
NY-17,house,NY,17,Cait Conley,Mike Lawler,DEM,REP,REP,REP,3.17,62.2,37.8,Lean D,3.15,5.16,3.85,-0.42,-4.09,0.06,0.56,2.61,False,False,,,0.0,0.0,,,0.0,confirmed,confirmed,47.37,48.02,2,-0.02,0.176,4317457,8172046,0,1319156,4841306,0,1749553,1500000,2998301,3500108,0,707036,425903,0,422990,1926075,0,7000,0,0,0,0,0,51.59,48.41,0.0,140593,131947,0,0,272540
NY-18,house,NY,18,Pat Ryan,Jackie Auringer,DEM,REP,DEM,DEM,19.29,97.0,3.0,Safe D,4.56,5.16,21.09,2.65,8.76,-0.04,3.35,15.94,False,False,,,0.0,0.0,,,0.0,confirmed,confirmed,53.0,39.0,1,11.0,0.178,4723627,89698,0,3116479,61255,0,0,0,1774339,28443,0,245625,10915,0,526547,8800,0,0,0,0,0,0,0,59.65,40.35,0.0,155075,104917,0,0,259993
NY-19,house,NY,19,Josh Riley,Peter Oberacker,DEM,REP,DEM,DEM,13.26,90.3,9.7,Likely D,2.31,5.16,13.26,1.0,5.47,-0.68,1.8,11.46,False,False,,,0.0,0.0,,,0.0,confirmed,confirmed,,,0,,0.0,4825666,1237179,0,3190954,392868,0,60445,0,1703032,844311,0,437652,240815,0,743543,259000,0,0,130000,0,0,100000,0,56.63,43.37,0.0,152585,116847,0,0,269432
NY-20,house,NY,20,Paul Tonko,Ralph Ambrosio,DEM,REP,DEM,DEM,29.24,99.8,0.2,Safe D,15.43,5.16,29.24,1.91,7.34,-0.6,14.32,14.92,False,False,,,0.0,0.0,,,0.0,confirmed,confirmed,,,0,,0.0,957587,29026,0,404327,8119,0,0,0,1152761,20907,0,97613,7657,0,616955,1335,0,0,0,0,0,0,0,64.62,35.38,0.0,169143,92611,0,0,261754
NY-21,house,NY,21,Blake Gendebien,Anthony Constantino,DEM,REP,,REP,-12.45,11.2,88.8,Likely R,-19.55,5.16,-15.67,-0.4,0.0,-0.87,-20.76,8.31,False,False,,,0.0,0.0,,,0.0,confirmed,confirmed,41.89,44.4,3,-2.58,0.246,5461528,9460254,0,2622585,3036386,0,131749,40000,3091285,8730755,0,2589744,0,0,60400,7000,0,125,9400000,0,0,12000000,0,43.77,56.23,0.0,109416,140545,0,0,249961
NY-22,house,NY,22,John Mannion,Kailee Buller,DEM,REP,DEM,DEM,23.02,98.8,1.2,Safe D,8.57,5.16,23.02,1.62,8.35,-0.69,7.69,15.32,False,False,,,0.0,0.0,,,0.0,confirmed,confirmed,,,0,,0.0,2694739,267339,0,1842997,186587,0,71377,0,979983,80751,0,301510,13944,0,831621,27350,0,0,22000,0,0,22000,0,61.51,38.49,0.0,156085,97679,0,0,253764
NY-23,house,NY,23,Aaron Gies,Nick Langworthy,DEM,REP,REP,REP,-21.94,1.6,98.4,Safe R,-20.83,5.16,-21.94,-1.61,-3.78,-0.88,-21.19,-0.75,False,False,,,0.0,0.0,,,0.0,confirmed,confirmed,,,0,,0.0,227174,2326405,0,17795,2477498,0,0,0,203235,942715,0,64461,58551,0,0,1032142,0,0,0,0,0,0,0,39.03,60.97,0.0,107947,168634,0,0,276581
NY-24,house,NY,24,Alissa Ellman,Claudia Tenney,DEM,REP,REP,REP,-22.49,1.4,98.6,Safe R,-22.69,5.16,-22.49,-1.84,-2.27,-0.85,-23.24,0.74,False,False,,,0.0,0.0,,,0.0,confirmed,confirmed,,,0,,0.0,193088,2763139,0,12850,1373087,0,0,0,180238,1745055,0,76636,296718,0,7600,1220160,0,27597,0,0,17597,0,0,38.75,61.25,0.0,101919,161076,0,0,262996
NY-25,house,NY,25,Joe Morelle,Virginia McIntyre,DEM,REP,DEM,DEM,27.69,99.7,0.3,Safe D,19.15,5.16,27.69,2.4,1.39,-0.42,18.65,9.03,False,False,,,0.0,0.0,,,0.0,confirmed,confirmed,,,0,,0.0,1786904,32416,0,408038,12261,0,571931,0,1759070,20155,0,61270,6308,0,853475,2000,0,0,0,0,0,0,0,63.84,36.16,0.0,168015,95154,0,0,263169
NY-26,house,NY,26,Timothy Kennedy,Dennis Hannon,DEM,REP,DEM,DEM,36.46,100.0,0.0,Safe D,20.85,5.16,36.46,0.0,10.93,-0.48,19.56,16.9,False,False,,,0.0,0.0,,,0.0,confirmed,confirmed,,,0,,0.0,2310288,0,0,1213878,0,0,0,0,1435475,0,0,57306,0,0,575739,0,0,0,0,0,0,0,0,68.23,31.77,0.0,162289,75561,0,0,237850
OH-01,house,OH,01,Greg Landsman,Eric Conroy,DEM,REP,DEM,DEM,11.46,86.9,13.1,Likely D,1.56,5.16,11.46,0.77,4.61,-0.64,-2.62,14.08,False,False,,,0.0,0.0,,,0.0,projected,projected,,,0,,0.0,4633250,1513614,0,3610214,474156,0,0,351300,1203152,1039457,0,242861,300934,0,976688,282647,0,0,326142,0,0,394102,0,55.73,44.27,0.0,154973,123098,0,0,278071
OH-02,house,OH,02,Jennifer Mazzuckelli,David Taylor,DEM,REP,REP,REP,-36.48,0.0,100.0,Safe R,-38.04,5.16,-36.48,0.0,-2.62,-0.98,-42.48,6.0,False,False,,,0.0,0.0,,,0.0,confirmed,confirmed,,,0,,0.0,0,1095248,0,0,442977,0,0,0,0,780078,0,0,151894,0,0,429000,0,0,0,0,0,1707300,0,31.76,68.24,0.0,83591,179624,0,0,263215
OH-03,house,OH,03,Joyce Beatty,Republican candidate (OH-03),DEM,REP,DEM,DEM,52.41,100.0,0.0,Safe D,45.04,5.16,52.41,0.0,2.61,-0.39,40.65,11.76,False,False,,,0.0,0.0,,,0.0,projected,projected,,,0,,0.0,1201451,0,0,2776821,0,0,0,0,1137204,0,0,25836,0,0,889517,0,0,0,0,0,2500,0,0,76.21,23.79,0.0,191158,59684,0,0,250842
OH-04,house,OH,04,Tamara Wilson,Jim Jordan,DEM,REP,REP,REP,-38.88,0.0,100.0,Safe R,-38.8,5.16,-38.88,-3.15,-1.21,-0.87,-43.01,4.13,False,False,,,0.0,0.0,,,0.0,projected,projected,,,0,,0.0,22050,4774322,0,520820,6030301,0,0,0,0,6230902,0,16879,1950436,0,0,529815,0,0,0,0,0,0,0,30.56,69.44,0.0,84785,192650,0,0,277434
OH-05,house,OH,05,Daniel Burket,Bob Latta,DEM,REP,REP,REP,-22.67,1.3,98.7,Safe R,-19.49,5.16,-22.67,-2.45,-5.23,-0.66,-23.97,1.3,False,False,,,0.0,0.0,,,0.0,projected,projected,,,0,,0.0,7551,1461648,0,0,1019993,0,0,0,7551,1038450,0,4752,34441,0,0,810650,0,1299,0,0,0,0,0,38.66,61.34,0.0,104882,166388,0,0,271270
OH-06,house,OH,06,Malcolm Ritchie,Michael Rulli,DEM,REP,REP,REP,-28.73,0.3,99.7,Safe R,-29.71,5.16,-28.73,-2.11,-1.23,-0.84,-34.9,6.17,False,False,,,0.0,0.0,,,0.0,projected,projected,,,0,,0.0,19728,1112553,0,0,269711,0,0,0,19728,913479,0,5531,9740,0,250,705286,0,11415,0,0,0,0,0,35.63,64.37,0.0,91175,164688,0,0,255863
OH-07,house,OH,07,Brian Poindexter,Max Miller,DEM,REP,REP,REP,-2.27,41.2,58.8,Toss-up,-7.24,5.16,-5.43,-0.48,-2.0,-0.86,-11.15,8.88,False,False,,,0.0,0.0,,,0.0,projected,projected,46.47,39.16,5,6.02,0.276,603156,2142562,0,312290,1379132,0,1581485,171674,290865,937959,0,148902,165677,0,162073,656841,0,1421,0,0,0,970000,0,48.87,51.13,0.0,145738,152496,0,0,298234
OH-08,house,OH,08,Vanessa Enoch,Warren Davidson,DEM,REP,REP,REP,-8.98,19.0,81.0,Likely R,-12.25,5.16,-8.98,0.0,-1.23,-0.67,-15.78,6.79,False,False,,,0.0,0.0,,,0.0,projected,projected,,,0,,0.0,0,661353,0,2987,529910,0,0,0,0,526145,0,11204,6597,0,14192,273950,0,0,0,0,0,0,0,45.51,54.49,0.0,128248,153563,0,0,281811
OH-09,house,OH,09,Marcy Kaptur,Derek Merrin,DEM,REP,DEM,DEM,9.09,81.3,18.7,Likely D,-5.84,5.16,10.87,0.77,11.37,-0.59,-10.68,19.77,False,False,,,0.0,0.0,,,0.0,projected,projected,43.0,47.0,1,-1.0,0.15,4303416,1508953,0,3491668,531214,0,86000,37000,1260674,1054389,0,448413,88590,0,1126725,116900,0,0,310000,0,0,88352,0,54.54,45.46,0.0,145521,121276,0,0,266797
OH-10,house,OH,10,Kristina Knickerbocker,Mike Turner,DEM,REP,REP,REP,-9.77,17.0,83.0,Likely R,-3.84,5.16,-9.95,-0.62,-9.99,-0.65,-7.86,-1.9,False,False,,,0.0,0.0,,,0.0,projected,projected,41.0,47.01,2,-9.01,0.192,362666,894595,0,125160,556284,0,0,0,237506,768735,0,75520,48775,0,26500,399000,0,7028,0,0,48362,0,0,45.12,54.88,0.0,119742,145660,0,0,265403
OH-11,house,OH,11,Shontel Brown,Mike Kirchner,DEM,REP,DEM,DEM,70.31,100.0,0.0,Safe D,60.21,5.16,70.31,0.0,4.98,-0.04,55.47,14.84,False,False,,,0.0,0.0,,,0.0,projected,projected,,,0,,0.0,1183643,0,0,1156556,0,0,0,0,882901,0,0,39308,0,0,723196,0,0,0,0,0,0,0,0,85.16,14.84,0.0,191060,33305,0,0,224365
OH-12,house,OH,12,Jerrad Christian,Troy Balderson,DEM,REP,REP,REP,-26.06,0.6,99.4,Safe R,-26.55,5.16,-26.06,-1.94,-1.79,-0.93,-30.36,4.3,False,False,,,0.0,0.0,,,0.0,projected,projected,,,0,,0.0,84378,1743281,0,18925,1982352,0,0,0,69210,767354,0,54369,16715,0,2250,1040300,0,0,0,0,0,0,0,36.97,63.03,0.0,106145,180955,0,0,287101
OH-13,house,OH,13,Emilia Sykes,Carey Coleman,DEM,REP,DEM,DEM,18.44,96.4,3.6,Safe D,7.71,5.16,18.44,2.17,4.16,-0.76,3.32,15.12,False,False,,,0.0,0.0,,,0.0,projected,projected,,,0,,0.0,3135891,127109,0,1897462,77727,0,0,0,1361107,49382,0,414239,32140,0,1006777,8000,0,0,51000,0,0,57778,0,59.22,40.78,0.0,161816,111432,0,0,273248
OH-14,house,OH,14,Maria Jukic,David Joyce,DEM,REP,REP,REP,-20.19,2.4,97.6,Safe R,-15.91,5.16,-20.19,-1.93,-6.65,-0.87,-20.53,0.34,False,False,,,0.0,0.0,,,0.0,projected,projected,,,0,,0.0,61678,1410643,0,33693,3121595,0,0,12000,19515,1031924,0,23317,20291,0,0,967101,0,80,0,0,9012,0,0,39.9,60.1,0.0,115480,173925,0,0,289404
OH-15,house,OH,15,Don Leonard,Mike Carey,DEM,REP,REP,REP,-6.28,26.9,73.1,Lean R,-5.97,5.16,-6.02,-1.22,-3.35,-0.65,-10.11,3.83,False,False,,,0.0,0.0,,,0.0,confirmed,confirmed,37.88,42.17,2,-7.29,0.202,606658,3299678,0,252402,2056713,0,0,0,354256,1404260,0,90488,51245,0,11250,1742650,0,11920,0,0,10000,0,0,46.86,53.14,0.0,118300,134153,0,0,252454
OK-01,house,OK,01,John Croisant,Jackson Lahmeyer,DEM,REP,,REP,-17.5,4.4,95.6,Safe R,-21.25,5.16,-17.5,-0.85,0.0,-0.56,-22.0,4.5,False,False,,,0.0,0.0,,,0.0,projected,projected,,,0,,0.0,141972,415914,0,36579,10742,0,24500,478722,105393,405172,0,46686,47089,0,0,30000,0,1000,108078,0,0,60000,0,41.25,58.75,0.0,90954,129543,0,0,220496
OK-02,house,OK,02,Erik Terwey,Josh Brecheen,DEM,REP,REP,REP,-52.04,0.0,100.0,Safe R,-54.51,5.16,-52.04,-1.1,-0.28,-1.31,-56.51,4.47,False,False,,,0.0,0.0,,,0.0,projected,projected,,,0,,0.0,11759,218894,0,2507,76064,0,0,0,9252,213526,0,7038,4729,0,0,110008,0,600,0,0,0,0,0,23.98,76.02,0.0,54657,173278,0,0,227935
OK-03,house,OK,03,Jules Roberson,Frank Lucas,DEM,REP,REP,REP,-45.97,0.0,100.0,Safe R,-44.21,5.16,-45.97,-2.2,-4.46,-0.26,-45.69,-0.28,False,False,,,0.0,0.0,,,0.0,projected,projected,,,0,,0.0,945,907279,0,511,532512,0,0,0,434,993052,0,340,4066,0,0,674481,0,105,0,0,0,0,0,27.01,72.99,0.0,51975,140425,0,0,192401
OK-04,house,OK,04,Mitchell Jacob,Tom Cole,DEM,REP,REP,REP,-35.32,0.0,100.0,Safe R,-32.24,5.16,-35.32,-2.65,-4.87,-0.71,-33.57,-1.74,False,False,,,0.0,0.0,,,0.0,projected,projected,,,0,,0.0,65289,3827891,0,4166,2599733,0,0,250000,61123,3008432,0,15682,109109,0,0,1568079,0,23231,0,0,22500,0,0,32.34,67.66,0.0,70480,147442,0,0,217922
OK-05,house,OK,05,Jena Nelson,Stephanie Bice,DEM,REP,REP,REP,-17.36,4.5,95.5,Safe R,-18.0,5.16,-17.36,-1.04,-2.87,-0.62,-18.66,1.3,False,False,,,0.0,0.0,,,0.0,projected,projected,,,0,,0.0,449421,1943507,0,17334,2021981,0,0,0,432087,1007476,0,174155,41602,0,3500,973750,0,0,0,0,38312,0,0,41.32,58.68,0.0,98119,139349,0,0,237469
OR-01,house,OR,01,Suzanne Bonamici,Barbara Kahl,DEM,REP,DEM,DEM,49.6,100.0,0.0,Safe D,38.89,5.16,49.6,2.08,3.85,-0.38,39.2,10.39,False,False,,,0.0,0.0,,,0.0,projected,projected,,,0,,0.0,816770,4466,0,572435,212,0,0,0,790299,3555,0,58564,1246,0,423600,500,0,0,0,0,0,10870,0,74.8,25.2,0.0,192698,64928,0,0,257626
OR-02,house,OR,02,Chris Beck,Cliff Bentz,DEM,REP,REP,REP,-28.88,0.2,99.8,Safe R,-27.94,5.16,-28.88,-1.49,-4.12,-0.49,-27.9,-0.98,False,False,,,0.0,0.0,,,0.0,projected,projected,,,0,,0.0,94774,1011413,0,53777,1420775,0,0,0,40996,646983,0,20945,44713,0,7850,561542,0,0,0,0,1307,0,0,35.56,64.44,0.0,91460,165737,0,0,257197
OR-03,house,OR,03,Maxine Dexter,Loran Ayles,DEM,REP,DEM,DEM,55.3,100.0,0.0,Safe D,47.46,5.16,55.3,0.0,3.05,-0.37,47.61,7.69,False,False,,,0.0,0.0,,,0.0,projected,projected,,,0,,0.0,1038514,0,0,173687,0,0,0,0,887314,0,0,92790,0,0,350972,0,0,0,0,0,0,0,0,77.65,22.35,0.0,191132,55012,0,0,246143
OR-04,house,OR,04,Valerie Hoyle,Monique Despain,DEM,REP,DEM,DEM,17.14,95.3,4.7,Safe D,11.96,5.16,17.14,0.47,0.25,-0.71,12.44,4.7,False,False,,,0.0,0.0,,,0.0,projected,projected,,,0,,0.0,1222922,677571,0,520840,387695,0,292419,0,791472,289876,0,65059,93427,0,609627,24999,0,0,30434,0,0,30000,0,58.57,41.43,0.0,160435,113480,0,0,273916
OR-05,house,OR,05,Janelle Bynum,Patti Adair,DEM,REP,DEM,REP,16.76,94.9,5.1,Likely D,8.19,5.16,16.76,1.57,2.47,-0.63,8.92,7.84,False,False,,,0.0,0.0,,,0.0,confirmed,confirmed,,,0,,0.0,3760212,423922,0,2715860,135365,0,60445,0,1089484,288556,0,476165,103182,0,1145915,3750,0,0,7144,0,0,27361,0,58.38,41.62,0.0,169833,121079,0,0,290912
OR-06,house,OR,06,Andrea Salinas,David Russ,DEM,REP,DEM,DEM,18.13,96.2,3.8,Safe D,11.42,5.16,18.13,2.46,-0.75,-0.15,11.74,6.39,False,False,,,0.0,0.0,,,0.0,projected,projected,,,0,,0.0,1613394,12791,0,611103,1855,0,0,0,1063766,25206,0,183489,284,0,669120,5000,0,7,2000,0,0,2000,0,59.06,40.94,0.0,145288,100692,0,0,245980
PA-01,house,PA,01,Robert Harvie,Brian Fitzpatrick,DEM,REP,REP,REP,-1.56,43.9,56.1,Toss-up,6.03,5.16,-0.47,-0.89,-10.04,-0.73,0.33,-1.9,False,False,,,0.0,0.0,,,0.0,confirmed,confirmed,42.96,47.03,3,-7.06,0.166,2007499,6734931,0,794921,6355534,0,18922,10609,1212578,4801927,0,411567,116186,0,225963,2240827,0,0,0,0,0,24750,0,49.22,50.78,0.0,163219,168406,0,0,331625
PA-02,house,PA,02,Brendan Boyle,Jessica Arriaga,DEM,REP,DEM,DEM,55.79,100.0,0.0,Safe D,43.31,5.16,55.79,0.0,6.83,0.49,36.13,19.66,False,False,,,0.0,0.0,,,0.0,projected,projected,,,0,,0.0,2451958,0,0,5560518,0,0,0,0,729723,0,0,18411,0,0,970785,0,0,0,0,0,0,0,0,77.9,22.1,0.0,160731,45609,0,0,206340
PA-03,house,PA,03,Chris Rabb,Alexander Schnell,DEM,REP,,DEM,92.06,100.0,0.0,Safe D,84.08,5.16,92.06,2.85,0.0,-0.04,78.22,13.84,False,False,,,0.0,0.0,,,0.0,projected,projected,,,0,,0.0,1329253,81,0,21452,22,0,2602769,0,1307802,59,0,310928,0,0,87864,0,0,0,81,0,42000,0,0,96.03,3.97,0.0,263653,10905,0,0,274558
PA-04,house,PA,04,Madeleine Dean,Aurora Stuski,DEM,REP,DEM,DEM,29.57,99.8,0.2,Safe D,21.32,5.16,29.57,0.0,3.75,-0.67,15.97,13.59,False,False,,,0.0,0.0,,,0.0,projected,projected,,,0,,0.0,1371536,0,0,1184807,0,0,0,0,1155470,0,0,140831,0,0,725200,0,0,0,0,0,0,0,0,64.78,35.22,0.0,212145,115326,0,0,327471
PA-05,house,PA,05,Mary Scanlon,Melvin Johnakin,DEM,REP,DEM,DEM,42.37,100.0,0.0,Safe D,34.55,5.16,42.37,0.0,3.07,-0.42,28.94,13.43,False,False,,,0.0,0.0,,,0.0,projected,projected,,,0,,0.0,990586,0,0,448590,0,0,0,0,859742,0,0,73979,0,0,449092,0,0,0,0,0,0,0,0,71.18,28.82,0.0,208637,84464,0,0,293101
PA-06,house,PA,06,Chrissy Houlahan,Martin Young,DEM,REP,DEM,DEM,25.86,99.4,0.6,Safe D,16.85,5.16,25.86,1.03,3.03,-0.21,11.53,14.34,False,False,,,0.0,0.0,,,0.0,projected,projected,,,0,,0.0,1763415,411270,0,4037759,213449,0,0,0,1131269,197822,0,131686,10915,0,523250,3548,0,0,100000,0,0,25000,0,62.93,37.07,0.0,187254,110301,0,0,297555
PA-07,house,PA,07,Bob Brooks,Ryan Mackenzie,DEM,REP,REP,REP,2.95,61.4,38.6,Lean D,2.37,5.16,3.29,-0.22,-3.92,-0.09,-3.24,6.19,False,False,,,0.0,0.0,,,0.0,confirmed,confirmed,47.0,43.0,1,1.0,0.15,2392215,4357405,0,1018423,2938717,0,2737491,312372,1373792,1521928,0,599387,554134,0,408000,1047913,0,3500,0,0,15000,22583,0,51.47,48.53,0.0,148083,139598,0,0,287681
PA-08,house,PA,08,Paige Cognetti,Rob Bresnahan,DEM,REP,REP,DEM,0.68,52.7,47.3,Toss-up,-2.66,5.16,1.07,-0.06,-1.0,-0.37,-8.58,9.26,False,False,,,0.0,0.0,,,0.0,confirmed,confirmed,46.51,45.0,3,-1.49,0.15,4609589,5234586,0,3406710,2608048,0,661202,0,1202879,2679690,0,620354,608195,0,436327,1383927,0,0,55536,0,0,777068,0,50.34,49.66,0.0,137762,135895,0,0,273657
PA-09,house,PA,09,Rachel Wallace,Dan Meuser,DEM,REP,REP,REP,-32.57,0.1,99.9,Safe R,-33.37,5.16,-32.57,-0.72,-2.87,-0.77,-38.27,5.7,False,False,,,0.0,0.0,,,0.0,projected,projected,,,0,,0.0,697865,1903078,0,386883,170733,0,0,0,310982,1765991,0,171661,6655,0,42800,792000,0,0,0,0,0,250000,0,33.72,66.28,0.0,94052,184891,0,0,278943
PA-10,house,PA,10,Janelle Stelson,Scott Perry,DEM,REP,REP,REP,9.5,82.3,17.7,Likely D,-0.57,5.16,10.67,0.16,6.4,-0.48,-5.29,14.78,False,False,,,0.0,0.0,,,0.0,projected,projected,50.81,44.94,3,2.87,0.15,6364069,5194925,0,4478639,2845976,0,247198,107977,1900667,2430869,0,1057743,1408838,0,495435,655127,0,0,0,0,0,335158,0,54.75,45.25,0.0,157825,130450,0,0,288275
PA-11,house,PA,11,Nancy Mannion,Lloyd Smucker,DEM,REP,REP,REP,-16.8,5.0,95.0,Likely R,-17.06,5.16,-16.8,-1.34,-2.99,-0.58,-21.57,4.77,False,False,,,0.0,0.0,,,0.0,projected,projected,,,0,,0.0,214230,1524161,0,47150,810787,0,0,0,167079,1617466,0,51165,5708,0,7250,803667,0,47457,0,0,0,0,0,41.6,58.4,0.0,120124,168644,0,0,288768
PA-12,house,PA,12,Summer Lee,Leonard Fechter,DEM,REP,DEM,DEM,29.82,99.8,0.2,Safe D,24.31,5.16,29.82,2.34,-1.29,-0.71,19.36,10.46,False,False,,,0.0,0.0,,,0.0,projected,projected,,,0,,0.0,1466287,17477,0,1649288,6805,0,43068,0,828578,10672,0,381058,979,0,207105,0,0,0,0,0,0,0,0,64.91,35.09,0.0,195050,105444,0,0,300494
PA-13,house,PA,13,Elizabeth Farnham,John Joyce,DEM,REP,REP,REP,-40.78,0.0,100.0,Safe R,-41.13,5.16,-40.78,-2.37,-1.57,-0.87,-45.91,5.13,False,False,,,0.0,0.0,,,0.0,projected,projected,,,0,,0.0,55347,2418119,0,16053,3759995,0,0,0,40056,1258262,0,22129,1699,0,2217,1402618,0,168,0,0,0,0,0,29.61,70.39,0.0,85643,203603,0,0,289246
PA-14,house,PA,14,David Bradstock,Guy Reschenthaler,DEM,REP,REP,REP,-27.26,0.4,99.6,Safe R,-28.35,5.16,-27.26,-2.12,-1.01,-0.94,-33.59,6.33,False,False,,,0.0,0.0,,,0.0,projected,projected,,,0,,0.0,201421,4209644,0,34707,990681,0,0,0,166713,3768044,0,56725,1004693,0,17908,1167150,0,2000,0,0,0,0,0,36.37,63.63,0.0,107327,187786,0,0,295114
PA-15,house,PA,15,Raymond Bilger,Glenn Thompson,DEM,REP,REP,REP,-34.78,0.0,100.0,Safe R,-33.23,5.16,-34.78,-1.73,-4.07,-0.92,-38.3,3.52,False,False,,,0.0,0.0,,,0.0,projected,projected,,,0,,0.0,139521,1851459,0,87343,829752,0,1788,0,52178,1813501,0,41802,38674,0,2250,1037568,0,1100,0,0,0,0,0,32.61,67.39,0.0,90771,187596,0,0,278366
PA-16,house,PA,16,Justin Wagner,George Kelly,DEM,REP,REP,REP,-17.94,4.0,96.0,Safe R,-17.71,5.16,-17.94,-1.76,-2.74,-0.89,-22.97,5.03,False,False,,,0.0,0.0,,,0.0,projected,projected,,,0,,0.0,66591,1168433,0,37534,1329347,0,0,0,34058,881774,0,30195,2279,0,50,874667,0,620,0,0,0,90000,0,41.03,58.97,0.0,119986,172450,0,0,292436
PA-17,house,PA,17,Chris Deluzio,Jesse Vodvarka,DEM,REP,DEM,DEM,21.85,98.4,1.6,Safe D,10.19,5.16,21.85,2.76,4.58,-0.84,5.56,16.29,False,False,,,0.0,0.0,,,0.0,projected,projected,,,0,,0.0,2776943,21506,0,1073975,839,0,0,0,2056640,20667,0,749578,424,0,512370,0,0,0,19000,0,0,19000,0,60.92,39.08,0.0,194951,125035,0,0,319987
RI-01,house,RI,01,Gabriel Amo,Republican candidate (RI-01),DEM,REP,DEM,DEM,40.9,100.0,0.0,Safe D,27.59,5.16,40.9,0.0,8.21,-0.06,22.62,18.28,False,False,,,0.0,0.0,,,0.0,projected,projected,,,0,,0.0,1507413,0,0,1734227,0,0,0,0,707833,0,0,35234,0,0,577922,0,0,0,0,0,0,0,0,70.45,29.55,0.0,116325,48789,0,0,165114
RI-02,house,RI,02,Seth Magaziner,Victor Mellor,DEM,REP,DEM,DEM,17.59,95.7,4.3,Safe D,11.73,5.16,17.59,-0.63,1.67,-0.33,6.97,10.62,False,False,,,0.0,0.0,,,0.0,projected,projected,,,0,,0.0,1249772,2979124,0,1588340,1440657,0,0,0,538397,1538467,0,48493,13634,0,471500,0,0,0,2930334,0,0,2175000,0,58.8,41.2,0.0,114203,80031,0,0,194234
SC-01,house,SC,01,Nancy Lacore,Jenny Costa Honeycutt,DEM,REP,,REP,-3.14,37.9,62.1,Lean R,-8.72,5.16,-3.29,0.72,0.0,-0.45,-13.29,10.15,False,False,LIB,,0.0,0.0,,,0.0,confirmed,confirmed,44.5,46.5,1,-5.0,0.167,2279585,556418,0,412020,78533,0,770636,1155075,1867565,477885,0,1066621,12145,0,75250,74500,0,0,13500,0,0,10000,0,47.37,50.45,2.18,133030,141653,6122,0,280804
SC-02,house,SC,02,Zyon Khalifa,Joe Wilson,DEM,REP,REP,REP,-11.54,12.9,87.1,Likely R,-9.9,5.16,-11.54,-2.01,-4.4,-0.39,-14.16,2.61,False,False,,,0.0,0.0,,,0.0,confirmed,confirmed,,,0,,0.0,12410,861105,0,218,182912,0,0,0,12192,722706,0,1827,15147,0,0,261000,0,0,200000,0,2000,0,0,44.23,55.77,0.0,113207,142753,0,0,255960
SC-03,house,SC,03,Eunice Lehmacher,Sheri Biggs,DEM,REP,REP,REP,-41.55,0.0,100.0,Safe R,-38.36,5.16,-41.55,-1.36,-6.42,-0.56,-43.62,2.07,False,False,,,0.0,0.0,,,0.0,projected,projected,,,0,,0.0,40413,505333,0,17299,218741,0,0,5979,23114,390677,0,19631,6400,0,333,291476,0,100,0,0,100,395000,0,29.23,70.77,0.0,72945,176641,0,0,249586
SC-04,house,SC,04,Courtney McClain,William Timmons,DEM,REP,REP,REP,-17.99,4.0,96.0,Safe R,-19.21,5.16,-17.99,-2.31,-1.32,-0.31,-23.95,5.96,False,False,,,0.0,0.0,,,0.0,projected,projected,,,0,,0.0,32993,1595725,0,1207,77225,0,0,487316,37392,1538615,0,32993,2566,0,0,637500,0,0,650000,0,0,0,0,41.01,58.99,0.0,101663,146256,0,0,247920
SC-05,house,SC,05,Mallory Dittmer,Wes Climer,DEM,REP,,REP,-14.69,7.6,92.4,Likely R,-18.18,5.16,-14.69,-1.2,0.0,-0.47,-23.1,8.41,False,False,,,0.0,0.0,,,0.0,projected,projected,,,0,,0.0,139717,884284,0,74508,599621,0,0,0,65209,284663,0,41306,11650,0,100,236000,0,1209,5630,0,0,0,0,42.66,57.34,0.0,111389,149737,0,0,261126
SC-06,house,SC,06,Jim Clyburn,John Peterson,DEM,REP,DEM,DEM,36.22,100.0,0.0,Safe D,29.55,5.16,36.22,0.0,1.6,-0.09,23.24,12.98,False,False,,,0.0,0.0,,,0.0,projected,confirmed,,,0,,0.0,1225051,0,0,1634793,0,0,0,0,1429385,0,0,164655,0,0,720491,0,0,0,0,0,0,0,0,68.11,31.89,0.0,149142,69833,0,0,218975
SC-07,house,SC,07,John Vincent,Russell Fry,DEM,REP,REP,REP,-18.85,3.3,96.7,Safe R,-20.78,5.16,-21.44,-1.22,-4.12,-0.48,-26.62,7.77,False,False,,,0.0,0.0,,,0.0,projected,projected,36.7,41.1,1,-7.4,0.184,297264,1720803,0,62378,1038817,0,0,0,234885,1243169,0,145946,88678,0,3500,697914,0,10750,0,0,0,0,0,40.57,59.43,0.0,109275,160053,0,0,269328
SD-01,house,SD,01,Nicole Gronli,Marty Jackley,DEM,REP,,REP,-24.1,0.9,99.1,Safe R,-27.04,5.16,-24.1,-1.2,0.0,-1.02,-29.98,5.88,False,False,,,0.0,0.0,,,0.0,confirmed,confirmed,,,0,,0.0,261764,1438706,0,110978,1062725,0,0,152480,150786,375981,0,88621,17640,0,12933,181250,0,1500,1000,0,0,0,0,37.95,62.05,0.0,113270,185203,0,0,298473
TN-01,house,TN,01,Kristi Burke,Diana Harshbarger,DEM,REP,REP,REP,-56.02,0.0,100.0,Safe R,-56.19,5.16,-56.02,-1.63,-2.51,-0.85,-58.44,2.42,False,False,,,0.0,0.0,,,0.0,confirmed,confirmed,,,0,,0.0,101984,1274194,0,14106,1985063,0,0,13375,87877,739900,0,71203,92875,0,250,683250,0,10,0,0,0,1456793,0,21.99,78.01,0.0,53623,190214,0,0,243837
TN-02,house,TN,02,Michaela Barnett,Tim Burchett,DEM,REP,REP,REP,-33.35,0.1,99.9,Safe R,-32.03,5.16,-33.35,-1.28,-4.43,-0.77,-34.33,0.98,False,False,,,0.0,0.0,,,0.0,confirmed,confirmed,,,0,,0.0,397584,2428734,0,56230,967447,0,0,0,341354,2189477,0,153957,1377489,0,250,141525,0,6415,0,0,6000,23687,0,33.32,66.68,0.0,85556,171188,0,0,256744
TN-03,house,TN,03,Anna Golladay,Chuck Fleischmann,DEM,REP,REP,REP,-35.13,0.0,100.0,Safe R,-33.84,5.16,-35.13,-2.34,-3.43,-0.69,-36.21,1.07,False,False,,,0.0,0.0,,,0.0,confirmed,confirmed,,,0,,0.0,55555,2330803,0,33870,4835525,0,0,0,28352,752331,0,24937,4395,0,0,642250,0,0,0,0,0,0,0,32.43,67.57,0.0,82461,171787,0,0,254248
TN-04,house,TN,04,Victoria Broderick,Scott Desjarlais,DEM,REP,REP,REP,-17.5,4.4,95.6,Safe R,-20.81,5.16,-17.5,-1.26,-0.33,-0.26,-24.28,6.78,False,False,,,0.0,0.0,,,0.0,confirmed,confirmed,,,0,,0.0,59772,536843,0,8490,495126,0,0,0,58974,407735,0,39700,1452,0,1250,307000,0,500,0,0,0,0,0,41.25,58.75,0.0,87965,125280,0,0,213245
TN-05,house,TN,05,Chaz Molder,Charlie Hatcher,DEM,REP,,REP,-13.19,9.9,90.1,Likely R,-18.89,5.16,-13.19,0.96,0.0,-0.41,-23.39,10.2,False,False,,,0.0,0.0,,,0.0,confirmed,confirmed,,,0,,0.0,2599775,719503,0,1482196,104821,0,306721,0,1117579,614682,0,296295,14584,0,215921,3500,0,0,133713,0,32786,0,0,43.41,56.59,0.0,95415,124402,0,0,219818
TN-06,house,TN,06,Mike Croley,Johnny Garrett,DEM,REP,,REP,-21.37,1.8,98.2,Safe R,-23.85,5.16,-21.37,-2.06,0.0,-0.63,-26.87,5.5,False,False,,,0.0,0.0,,,0.0,confirmed,confirmed,,,0,,0.0,35380,2380327,0,2431,287585,0,252636,600268,33199,2092742,0,18521,217059,0,0,103200,0,0,1202292,0,0,1200000,0,39.31,60.69,0.0,99648,153820,0,0,253469
TN-07,house,TN,07,Darden Copeland,Matt Van Epps,DEM,REP,REP,REP,-17.89,4.0,96.0,Safe R,-20.23,5.16,-17.89,-0.6,-1.67,-0.56,-22.73,4.84,False,False,,,0.0,0.0,,,0.0,confirmed,confirmed,,,0,,0.0,868615,2300690,0,78689,207954,0,1658286,2781936,789926,2092736,0,119534,419392,0,3000,589605,0,229136,0,0,165000,60000,0,41.05,58.95,0.0,103919,149210,0,0,253129
TN-08,house,TN,08,Heidi Kuhn,David Kustoff,DEM,REP,REP,REP,-21.14,2.0,98.0,Safe R,-18.02,5.16,-21.14,-2.43,-5.48,-0.37,-20.43,-0.71,False,False,,,0.0,0.0,,,0.0,confirmed,confirmed,,,0,,0.0,39805,2232874,0,13478,3006838,0,0,0,26327,1285497,0,5905,3350,0,1500,1028850,0,0,0,0,0,146500,0,39.43,60.57,0.0,88699,136259,0,0,224958
TN-09,house,TN,09,Justin Pearson,Brent Taylor,DEM,REP,,REP,-11.78,12.5,87.5,Likely R,-16.88,5.16,-11.78,0.24,0.0,-0.3,-21.42,9.65,False,False,,,0.0,0.0,,,0.0,confirmed,confirmed,,,0,,0.0,2344947,1549482,0,844733,417377,0,55292,475814,1500214,1132104,0,1218046,3347,0,32694,82300,0,278,1000000,0,0,1000000,0,44.11,55.89,0.0,99387,125926,0,0,225313
TX-01,house,TX,01,Democratic candidate (TX-01),Nathaniel Moran,DEM,REP,REP,REP,-41.29,0.0,100.0,Safe R,-44.74,5.16,-41.29,0.0,-1.67,-0.04,-49.91,8.62,False,False,,,0.0,0.0,,,0.0,projected,projected,,,0,,0.0,0,1797848,0,0,777546,0,0,0,0,1401248,0,0,259260,0,0,779600,0,0,0,0,0,0,0,29.36,70.64,0.0,66935,161076,0,0,228011
TX-02,house,TX,02,Shaun Finnie,Steve Toth,DEM,REP,,REP,-13.03,10.1,89.9,Likely R,-19.54,5.16,-13.03,0.88,0.0,0.47,-23.13,10.11,False,False,,,0.0,0.0,,,0.0,projected,projected,,,0,,0.0,2729677,824450,0,1469201,152935,0,1842767,519477,1260476,671515,0,58184,48980,0,1000,67800,0,1961000,13000,0,1961000,0,0,43.49,56.51,0.0,102611,133345,0,0,235956
TX-03,house,TX,03,Evan Hunt,Keith Self,DEM,REP,REP,REP,-16.11,5.8,94.2,Likely R,-19.34,5.16,-16.11,-0.25,-1.67,-0.01,-23.98,7.87,False,False,,,0.0,0.0,,,0.0,projected,projected,,,0,,0.0,446506,645503,0,43878,212694,0,0,0,402628,542149,0,189126,130447,0,5500,178673,0,75000,1851,0,75581,0,0,41.95,58.05,0.0,108742,150505,0,0,259246
TX-04,house,TX,04,Jason Pearce,Pat Fallon,DEM,REP,REP,REP,-21.54,1.8,98.2,Safe R,-20.19,5.16,-21.54,-1.91,-4.23,-0.38,-25.16,3.62,False,False,,,0.0,0.0,,,0.0,projected,projected,,,0,,0.0,16271,790505,0,2086,1097026,0,0,0,14185,353558,0,4774,2939,0,0,300080,0,8797,0,0,8797,25000,0,39.23,60.77,0.0,100981,156440,0,0,257421
TX-05,house,TX,05,Ruth Torres,Lance Gooden,DEM,REP,REP,REP,-14.07,8.5,91.5,Likely R,-17.03,5.16,-14.07,-2.23,-0.52,0.55,-21.84,7.77,False,False,,,0.0,0.0,,,0.0,projected,projected,,,0,,0.0,20748,1341647,0,4035,1329417,0,0,0,16989,729587,0,298,5258,0,0,523533,0,20000,0,0,38040,0,0,42.97,57.03,0.0,88241,117137,0,0,205379
TX-06,house,TX,06,Danny Minton,Jake Ellzey,DEM,REP,REP,REP,-19.45,2.9,97.1,Safe R,-19.11,5.16,-19.45,-2.94,-3.17,0.6,-23.28,3.83,False,False,,,0.0,0.0,,,0.0,projected,projected,,,0,,0.0,44283,4660385,0,13638,2483402,0,0,34293,30645,3272431,0,15583,447295,0,0,743635,0,3125,0,0,3125,0,0,40.27,59.73,0.0,87347,129531,0,0,216878
TX-07,house,TX,07,Elizabeth Fletcher,Alexander Hale,DEM,REP,DEM,DEM,40.31,100.0,0.0,Safe D,30.22,5.16,40.31,1.84,2.19,0.9,24.12,16.19,False,False,,,0.0,0.0,,,0.0,projected,projected,,,0,,0.0,1426057,76578,0,1702706,6342,0,0,0,1040012,70236,0,33174,4337,0,601600,2500,0,0,3615,0,0,5077,0,70.16,29.84,0.0,124790,53087,0,0,177877
TX-08,house,TX,08,Keith Coleman,Jessica Steinmann,DEM,REP,,REP,-18.65,3.4,96.6,Safe R,-21.81,5.16,-18.65,-2.83,0.0,0.83,-27.99,9.34,False,False,,,0.0,0.0,,,0.0,projected,projected,,,0,,0.0,11974,2064033,0,410,122187,0,0,1747822,11565,1941845,0,1203,65062,0,0,297050,0,414,650000,0,0,425000,0,40.67,59.33,0.0,87785,128046,0,0,215831
TX-09,house,TX,09,Leticia Gutierrez,Alexandra Mealer,DEM,REP,,REP,-7.37,23.5,76.5,Likely R,-12.79,5.16,-7.37,-1.92,0.0,2.18,-20.07,12.7,False,False,,,0.0,0.0,,,0.0,projected,projected,,,0,,0.0,55358,2080514,0,18658,362040,0,567688,5110648,36700,1718474,0,9882,46719,0,0,259300,0,500,4850,0,500,0,0,46.31,53.69,0.0,64383,74633,0,0,139016
TX-10,house,TX,10,Caitlin Rourk,Chris Gober,DEM,REP,,REP,-13.76,8.9,91.1,Likely R,-17.47,5.16,-13.76,-1.52,0.0,0.07,-22.93,9.17,False,False,,,0.0,0.0,,,0.0,projected,projected,,,0,,0.0,363959,2559185,0,92140,119627,0,0,1574333,271819,2439558,0,124564,9828,0,7850,129146,0,28061,1649822,0,0,750000,0,43.12,56.88,0.0,106714,140769,0,0,247484
TX-11,house,TX,11,Claire Reynolds,August Pfluger,DEM,REP,REP,REP,-28.12,0.3,99.7,Safe R,-30.16,5.16,-28.12,-2.36,-1.67,0.91,-34.78,6.66,False,False,,,0.0,0.0,,,0.0,projected,projected,,,0,,0.0,89281,3189023,0,46790,2881724,0,0,0,42491,2631404,0,23743,269143,0,5000,182500,0,5,0,0,3317,0,0,35.94,64.06,0.0,73686,131338,0,0,205024
TX-12,house,TX,12,Heli Rodriguez-Prilliman,Craig Goldman,DEM,REP,REP,REP,-19.47,2.9,97.1,Safe R,-19.11,5.16,-19.47,0.0,-6.17,0.65,-24.15,4.68,False,False,,,0.0,0.0,,,0.0,projected,projected,,,0,,0.0,0,1756535,0,0,1508861,0,0,0,0,783571,0,0,6852,0,0,607300,0,0,0,0,0,0,0,40.26,59.74,0.0,88555,131389,0,0,219944
TX-13,house,TX,13,Mark Nair,Ronny Jackson,DEM,REP,REP,REP,-41.42,0.0,100.0,Safe R,-42.76,5.16,-41.42,-2.49,-1.67,0.33,-46.67,5.24,False,False,,,0.0,0.0,,,0.0,projected,projected,,,0,,0.0,98404,4036265,0,10909,5410801,0,0,0,87595,2027412,0,24051,1387595,0,750,240600,0,11132,0,0,0,0,0,29.29,70.71,0.0,62308,150428,0,0,212736
TX-14,house,TX,14,Richard Davis,Randy Weber,DEM,REP,REP,REP,-20.35,2.3,97.7,Safe R,-20.17,5.16,-20.35,-1.89,-3.76,0.31,-24.57,4.22,False,False,,,0.0,0.0,,,0.0,projected,projected,,,0,,0.0,31761,972561,0,0,921878,0,0,0,31761,671255,0,2031,2196,0,0,435611,0,27161,0,0,0,0,0,39.82,60.18,0.0,93500,141280,0,0,234780
TX-15,house,TX,15,Bobby Pulido,Monica De La Cruz,DEM,REP,REP,REP,-1.98,42.3,57.7,Toss-up,-8.85,5.16,-2.26,-0.32,-1.43,3.18,-18.02,16.04,False,False,,,0.0,0.0,,,0.0,confirmed,confirmed,48.36,45.85,3,-0.49,0.158,2960462,5273960,0,1155936,2463323,0,1449024,0,1804526,3424607,0,538712,1334572,0,243771,705285,0,150300,84,0,0,0,0,49.01,50.99,0.0,78175,81336,0,0,159511
TX-16,house,TX,16,Veronica Escobar,Republican candidate (TX-16),DEM,REP,DEM,DEM,35.86,100.0,0.0,Safe D,26.19,5.16,35.86,0.0,1.25,3.26,16.63,19.22,False,False,,,0.0,0.0,,,0.0,projected,projected,,,0,,0.0,858766,0,0,270455,0,0,0,0,704156,0,0,20769,0,0,366368,0,0,0,0,0,0,0,0,67.93,32.07,0.0,109254,51583,0,0,160838
TX-17,house,TX,17,Democratic candidate (TX-17),Pete Sessions,DEM,REP,REP,REP,-15.54,6.5,93.5,Likely R,-16.94,5.16,-15.54,0.0,-3.99,0.23,-21.95,6.41,False,False,,,0.0,0.0,,,0.0,projected,projected,,,0,,0.0,0,1050237,0,0,933956,0,0,0,0,557216,0,0,3848,0,0,516176,0,0,10,0,0,0,0,42.23,57.77,0.0,94825,129717,0,0,224542
TX-18,house,TX,18,Christian Menefee,Republican candidate (TX-18),DEM,REP,DEM,DEM,70.39,100.0,0.0,Safe D,62.28,5.16,70.39,0.0,1.67,1.28,55.72,14.67,False,False,,,0.0,0.0,,,0.0,projected,projected,,,0,,0.0,3637579,0,0,156016,0,0,7061640,0,3481563,0,0,700826,0,0,234868,0,0,100,0,0,0,0,0,85.2,14.8,0.0,145212,25233,0,0,170445
TX-19,house,TX,19,Kyle Rable,Tom Sell,DEM,REP,,REP,-43.46,0.0,100.0,Safe R,-47.12,5.16,-43.46,-2.39,0.0,0.89,-52.17,8.7,False,False,,,0.0,0.0,,,0.0,projected,projected,,,0,,0.0,31276,2143025,0,7631,384766,0,80633,1282423,20811,1758259,0,15290,8966,0,1000,524039,0,200,0,0,0,7624,0,28.27,71.73,0.0,55868,141766,0,0,197634
TX-20,house,TX,20,Joaquin Castro,Edgardo Baez,DEM,REP,DEM,DEM,48.53,100.0,0.0,Safe D,36.03,5.16,48.53,1.31,3.44,2.59,28.88,19.65,False,False,,,0.0,0.0,,,0.0,projected,projected,,,0,,0.0,514776,48536,0,154380,21462,0,0,0,499054,27073,0,40347,4530,0,141000,500,0,0,31985,0,0,30135,0,74.26,25.74,0.0,118123,40935,0,0,159059
TX-21,house,TX,21,Kristin Hook,Mark Teixeira,DEM,REP,,REP,-13.03,10.1,89.9,Likely R,-17.45,5.16,-13.03,-2.06,0.63,0.69,-22.09,9.07,False,False,,,0.0,0.0,,,0.0,projected,projected,,,0,,0.0,243839,4177191,0,104069,461164,0,0,1118370,144128,3716028,0,61473,12621,0,4370,299830,0,0,2750000,0,131,2750000,0,43.49,56.51,0.0,126251,164074,0,0,290324
TX-22,house,TX,22,Marquette Greene-Scott,Trever Nehls,DEM,REP,,REP,-13.74,9.0,91.0,Likely R,-18.03,5.16,-13.74,-0.81,-0.6,0.53,-22.66,8.92,False,False,,,0.0,0.0,,,0.0,confirmed,confirmed,,,0,,0.0,53761,206463,0,127,23258,0,0,141263,53615,183205,0,20722,1658,0,6634,86250,0,0,0,0,0,0,0,43.13,56.87,0.0,101382,133687,0,0,235068
TX-23,house,TX,23,Katy Padilla Stout,Brandon Herrera,DEM,REP,,REP,-2.99,38.5,61.5,Lean R,-9.03,5.16,-2.63,-0.81,0.0,2.04,-14.97,11.98,False,False,,,0.0,0.0,,,0.0,confirmed,confirmed,40.0,42.0,1,-5.0,0.15,484915,1937719,0,171373,309023,0,441119,40724,313542,1636736,0,190351,17445,0,23000,62500,0,9792,420000,0,0,570000,0,48.51,51.49,0.0,108331,115004,0,0,223334
TX-24,house,TX,24,Democratic candidate (TX-24),Elizabeth Van Duyne,DEM,REP,REP,REP,-11.67,12.7,87.3,Likely R,-12.36,5.16,-11.67,0.0,-4.34,-0.13,-16.39,4.71,False,False,,,0.0,0.0,,,0.0,projected,projected,,,0,,0.0,0,2540738,0,0,2873013,0,0,0,0,1628596,0,0,78488,0,0,1102311,0,0,0,0,0,0,0,44.16,55.84,0.0,115331,145814,0,0,261145
TX-25,house,TX,25,Dione Sims,Roger Williams,DEM,REP,REP,REP,-14.62,7.7,92.3,Likely R,-18.59,5.16,-14.62,0.0,-1.67,0.48,-24.34,9.73,False,False,,,0.0,0.0,,,0.0,projected,projected,,,0,,0.0,0,1424050,0,0,1076189,0,0,0,0,919362,0,0,871,0,0,454978,0,0,0,0,0,0,0,42.69,57.31,0.0,92407,124043,0,0,216450
TX-26,house,TX,26,Steven Shook,Brandon Gill,DEM,REP,REP,REP,-23.35,1.1,98.9,Safe R,-19.71,5.16,-23.35,-3.11,-5.71,0.02,-24.12,0.77,False,False,,,0.0,0.0,,,0.0,projected,projected,,,0,,0.0,17227,4217213,0,3807,1411512,0,0,0,14623,2933524,0,6426,1986111,0,0,378890,0,0,0,0,0,46734,0,38.33,61.67,0.0,103936,167257,0,0,271193
TX-27,house,TX,27,Tanya Lloyd,Michael Cloud,DEM,REP,REP,REP,-14.62,7.7,92.3,Likely R,-16.95,5.16,-14.62,-1.33,-2.71,1.2,-21.44,6.82,False,False,,,0.0,0.0,,,0.0,projected,projected,,,0,,0.0,139788,1062241,0,11311,271133,0,0,0,128665,927985,0,97140,323624,0,0,209250,0,72,0,0,29277,0,0,42.69,57.31,0.0,96881,130058,0,0,226939
TX-28,house,TX,28,Henry Cuellar,Tano Tijerina,DEM,REP,DEM,DEM,15.68,93.7,6.3,Likely D,0.71,5.16,19.41,0.34,9.43,3.77,-10.45,26.12,False,False,,,0.0,0.0,,,0.0,projected,projected,35.5,44.0,1,-5.5,0.15,2231952,1399881,0,1129604,768188,0,10387,0,1150307,631693,0,44637,121323,0,676066,243000,0,314500,0,0,301000,0,0,57.84,42.16,0.0,80571,58735,0,0,139306
TX-29,house,TX,29,Sylvia Garcia,Martha Fierro,DEM,REP,DEM,DEM,53.32,100.0,0.0,Safe D,38.55,5.16,53.32,0.0,7.38,2.23,30.84,22.47,False,False,,,0.0,0.0,,,0.0,projected,projected,,,0,,0.0,987402,0,0,200973,0,0,522942,0,1158184,0,0,16198,0,0,650850,0,0,0,0,0,0,0,0,76.66,23.34,0.0,96457,29369,0,0,125826
TX-30,house,TX,30,Frederick Haynes,Sholdon Daniels,DEM,REP,,DEM,60.94,100.0,0.0,Safe D,54.26,5.16,60.94,0.21,0.0,1.31,47.81,13.13,False,False,,,0.0,0.0,,,0.0,projected,projected,,,0,,0.0,420153,357415,0,119776,-21795,0,200000,0,300377,379210,0,43295,191921,0,47515,691,0,0,2076,0,0,0,0,80.47,19.53,0.0,137441,33359,0,0,170801
TX-31,house,TX,31,Justin Early,John Carter,DEM,REP,REP,REP,-19.5,2.8,97.2,Safe R,-17.87,5.16,-18.91,-1.61,-4.82,0.23,-22.14,2.64,False,False,GRN,,0.0,0.0,,,0.0,projected,projected,,,0,,0.0,123522,1419042,0,17400,170827,0,0,55000,106122,1289654,0,29233,2908,0,7000,482311,0,42642,0,0,58737,0,0,39.31,58.35,2.34,96691,143528,5756,0,245974
TX-32,house,TX,32,Dan Barrios,Jace Yarbrough,DEM,REP,,REP,-9.01,18.9,81.1,Likely R,-12.71,5.16,-9.01,-1.72,0.0,0.26,-18.11,9.1,False,False,,,0.0,0.0,,,0.0,confirmed,projected,,,0,,0.0,94438,865911,0,6043,125412,0,2125,1542372,90572,740499,0,30105,64980,0,750,184000,0,0,207000,0,0,207000,0,45.49,54.51,0.0,103237,123684,0,0,226921
TX-33,house,TX,33,Colin Allred,Patrick Gillespie,DEM,REP,,DEM,45.41,100.0,0.0,Safe D,40.42,5.16,45.41,0.0,-1.97,1.8,33.34,12.07,False,False,,,0.0,0.0,,,0.0,projected,projected,,,0,,0.0,7431941,0,0,159887,0,0,50000,0,7272054,0,0,1572614,0,0,62550,0,0,0,0,0,0,0,0,72.7,27.3,0.0,106469,39973,0,0,146441
TX-34,house,TX,34,Vicente Gonzalez,Eric Flores,DEM,REP,DEM,DEM,8.98,81.0,19.0,Likely D,-2.13,5.16,10.48,0.14,4.39,2.93,-10.22,19.2,False,False,,,0.0,0.0,,,0.0,projected,projected,40.79,43.36,2,0.43,0.15,3773915,2874990,0,2532412,686332,0,1606,719095,1523563,2188633,0,179284,457943,0,1311850,361479,0,0,577245,0,425000,591622,0,54.49,45.51,0.0,91731,76620,0,0,168351
TX-35,house,TX,35,Johnny Garcia,Carlos De La Cruz,DEM,REP,,REP,2.49,59.7,40.3,Toss-up,-4.63,5.16,2.49,0.08,0.0,1.88,-10.56,13.06,False,False,,,0.0,0.0,,,0.0,confirmed,confirmed,,,0,,0.0,931699,1048751,0,323108,272389,0,3507019,2465913,608591,776362,0,282789,241683,0,214729,195000,0,0,53000,0,0,116500,0,51.25,48.75,0.0,108278,103007,0,0,211285
TX-36,house,TX,36,Rhonda Hart,Brian Babin,DEM,REP,REP,REP,-16.67,5.2,94.8,Likely R,-19.74,5.16,-16.67,0.0,-2.56,0.47,-25.28,8.6,False,False,,,0.0,0.0,,,0.0,projected,projected,,,0,,0.0,0,1006944,0,0,908646,0,0,0,0,744500,0,0,3949,0,0,432302,0,0,0,0,4797,0,0,41.66,58.34,0.0,90945,127344,0,0,218289
TX-37,house,TX,37,Greg Casar,Lauren Pena,DEM,REP,DEM,DEM,70.48,100.0,0.0,Safe D,63.04,5.16,70.48,1.49,-0.07,0.85,57.7,12.77,False,False,,,0.0,0.0,,,0.0,projected,projected,,,0,,0.0,1172881,117890,0,597005,770,0,0,0,946714,117120,0,266992,99745,0,251220,0,0,0,0,0,10000,0,0,85.24,14.76,0.0,195950,33937,0,0,229887
TX-38,house,TX,38,Melissa McDonough,Jon Bonck,DEM,REP,,REP,-14.76,7.5,92.5,Likely R,-17.19,5.16,-14.21,-2.01,-0.55,0.37,-21.3,6.54,False,False,GRN,,0.0,0.0,,,0.0,projected,projected,,,0,,0.0,66929,1644127,0,43939,89133,0,43939,662527,45689,1554994,0,12712,25840,0,1500,173125,0,28042,351231,0,113240,330000,0,41.69,56.13,2.18,103406,139208,5407,0,248020
UT-01,house,UT,01,Ben McAdams,Riley Owen,DEM,REP,,DEM,35.65,100.0,0.0,Safe D,24.91,5.16,35.65,2.13,3.35,0.1,24.33,11.32,False,False,,,0.0,0.0,,,0.0,projected,projected,,,0,,0.0,2262255,132533,0,299350,9568,0,2434219,0,1977908,122965,0,223153,3234,0,193291,4000,0,0,30000,0,0,0,0,67.82,32.18,0.0,155393,73717,0,0,229110
UT-02,house,UT,02,Peter Crosby,Blake Moore,DEM,REP,REP,REP,-36.25,0.0,100.0,Safe R,-30.59,5.16,-36.25,-1.71,-8.71,-0.41,-29.9,-6.35,False,False,,,0.0,0.0,,,0.0,confirmed,confirmed,,,0,,0.0,60225,2536636,0,23283,1886962,0,520898,521354,31698,2183697,0,22930,6329,0,0,1421500,0,175,0,0,0,0,0,31.87,68.13,0.0,82346,176014,0,0,258360
UT-03,house,UT,03,Kent Udell,Celeste Maloy,DEM,REP,REP,REP,-44.41,0.0,100.0,Safe R,-42.81,5.16,-44.41,-1.72,-4.59,-0.46,-42.42,-1.99,False,False,,,0.0,0.0,,,0.0,projected,projected,,,0,,0.0,47533,1453861,0,13335,322379,0,300000,1328557,34198,1238503,0,0,7393,0,131,672923,0,20,0,0,1534,0,0,27.79,72.21,0.0,75079,195057,0,0,270136
UT-04,house,UT,04,Jonathan Larsen,Mike Kennedy,DEM,REP,REP,REP,-42.63,0.0,100.0,Safe R,-34.05,5.16,-42.63,-1.72,-11.49,-0.53,-33.43,-9.2,False,False,,,0.0,0.0,,,0.0,projected,projected,,,0,,0.0,53579,971392,0,1129,391557,0,0,0,52450,705038,0,7510,3919,0,450,494000,0,36155,0,0,35222,225000,0,28.68,71.32,0.0,81419,202429,0,0,283848
VA-01,house,VA,01,Shannon Taylor,Rob Wittman,DEM,REP,REP,REP,-3.86,35.2,64.8,Lean R,-2.94,5.16,-4.36,-0.35,-5.6,-0.63,-5.0,1.14,False,False,,,0.0,0.0,,,0.0,confirmed,confirmed,41.97,45.92,2,-1.05,0.15,2140980,4053142,0,1004227,4292789,0,1127743,0,1136753,1136232,0,331552,54324,0,342015,1169350,0,0,0,0,0,0,0,48.07,51.93,0.0,163731,176885,0,0,340616
VA-02,house,VA,02,Elaine Luria,Jen Kiggans,DEM,REP,REP,REP,4.41,66.7,33.3,Lean D,2.82,5.16,5.72,-0.19,-1.67,-0.4,-0.27,4.68,False,False,,,0.0,0.0,,,0.0,confirmed,confirmed,47.0,47.0,1,-3.0,0.15,4659795,5954338,0,3582723,3391740,0,0,139002,1077072,2608075,0,562196,784112,0,405663,1255601,0,8010,0,0,0,38101,0,52.21,47.79,0.0,151342,138547,0,0,289890
VA-03,house,VA,03,Bobby Scott,Edwin Rivera,DEM,REP,DEM,DEM,50.78,100.0,0.0,Safe D,38.91,5.16,50.78,1.93,4.81,-0.03,35.17,15.61,False,False,,,0.0,0.0,,,0.0,confirmed,confirmed,,,0,,0.0,688200,6555,0,191843,1762,0,0,0,659220,4793,0,26802,1305,0,305381,500,0,0,4100,0,3191,0,0,75.39,24.61,0.0,169392,55297,0,0,224690
VA-04,house,VA,04,Jennifer McClellan,Robert Murray,DEM,REP,DEM,DEM,47.19,100.0,0.0,Safe D,36.8,5.16,47.19,0.0,5.25,-0.01,33.18,14.01,False,False,,,0.0,0.0,,,0.0,confirmed,confirmed,,,0,,0.0,1135225,0,0,197426,0,0,0,0,991901,0,0,79210,0,0,607800,0,0,0,0,0,0,0,0,73.6,26.4,0.0,197689,70922,0,0,268611
VA-05,house,VA,05,Thomas Perriello,John McGuire,DEM,REP,REP,REP,-5.58,29.2,70.8,Lean R,-8.58,5.16,-5.48,0.16,-1.67,-0.56,-12.41,6.83,False,False,,,0.0,0.0,,,0.0,confirmed,confirmed,44.0,47.0,1,-6.0,0.197,2140402,1781840,0,1511291,524346,0,246501,0,629110,1291713,0,211452,449073,0,106850,415801,0,13111,0,0,0,41488,0,47.21,52.79,0.0,146754,164109,0,0,310863
VA-06,house,VA,06,Beth Macy,Ben Cline,DEM,REP,REP,REP,-20.78,2.1,97.9,Safe R,-21.24,5.16,-20.78,0.11,-4.2,-0.61,-24.47,3.69,False,False,,,0.0,0.0,,,0.0,confirmed,confirmed,,,0,,0.0,1686322,1441436,0,847470,711442,0,0,6348,838852,1058317,0,445062,46824,0,39250,597760,0,0,0,0,0,0,0,39.61,60.39,0.0,113932,173702,0,0,287634
VA-07,house,VA,07,Eugene Vindman,Doug Ollivant,DEM,REP,DEM,DEM,18.36,96.3,3.7,Safe D,6.65,5.16,18.36,2.75,3.73,0.06,2.91,15.44,False,False,,,0.0,0.0,,,0.0,confirmed,confirmed,,,0,,0.0,12355664,251134,0,6573093,65801,0,180667,48024,5917504,185334,0,6484357,29179,0,821234,7250,0,716,0,0,0,0,0,59.18,40.82,0.0,167384,115459,0,0,282843
VA-08,house,VA,08,Don Beyer,Tony Sabio,DEM,REP,DEM,DEM,63.44,100.0,0.0,Safe D,55.38,5.16,63.44,2.56,0.24,0.1,50.9,12.54,False,False,,,0.0,0.0,,,0.0,confirmed,confirmed,,,0,,0.0,2125761,21917,0,838934,17903,0,0,0,1843890,4014,0,100225,3439,0,573250,6000,0,0,3712,0,0,0,0,81.72,18.28,0.0,223216,49932,0,0,273148
VA-09,house,VA,09,Joy Powers,Morgan Griffith,DEM,REP,REP,REP,-40.02,0.0,100.0,Safe R,-40.9,5.16,-40.02,-1.97,-1.45,-0.85,-44.43,4.41,False,False,,,0.0,0.0,,,0.0,confirmed,confirmed,,,0,,0.0,85335,1828839,0,13941,973867,0,0,0,71395,1318861,0,17512,18255,0,3,1224589,0,2587,0,0,0,0,0,29.99,70.01,0.0,85766,200217,0,0,285983
VA-10,house,VA,10,Suhas Subramanyam,Dave Beckwith,DEM,REP,DEM,DEM,20.47,97.7,2.3,Safe D,13.35,5.16,20.47,1.54,0.51,-0.09,8.58,11.89,False,False,,,0.0,0.0,,,0.0,confirmed,confirmed,,,0,,0.0,1170446,107334,0,582812,54260,0,0,0,678467,53073,0,86553,6365,0,320985,2000,0,2171,50000,0,0,50000,0,60.23,39.77,0.0,177311,117063,0,0,294374
VA-11,house,VA,11,James Walkinshaw,Arthur Purves,DEM,REP,DEM,DEM,49.21,100.0,0.0,Safe D,39.63,5.16,49.21,3.01,1.67,-0.26,35.29,13.91,False,False,,,0.0,0.0,,,0.0,confirmed,confirmed,,,0,,0.0,2758961,5637,0,979176,200,0,1012792,2790,1779785,5437,0,392033,1155,0,932069,0,0,0,3982,0,0,3982,0,74.6,25.4,0.0,219072,74579,0,0,293651
VT-01,house,VT,01,Rebecca Balint,Gerald Malloy,DEM,REP,DEM,DEM,35.21,100.0,0.0,Safe D,19.54,5.16,35.13,1.67,9.71,-0.95,32.77,2.44,False,False,,,0.0,0.0,,,0.0,confirmed,confirmed,60.96,25.34,2,35.62,0.167,956339,58280,0,626332,19707,0,0,0,475768,38573,0,206782,6258,0,280029,0,0,0,5055,0,0,16500,0,67.61,32.39,0.0,174826,83769,0,0,258595
WA-01,house,WA,01,Suzan DelBene,Mary Silva,DEM,REP,DEM,DEM,38.13,100.0,0.0,Safe D,30.07,5.16,38.13,3.17,0.33,-0.6,29.71,8.42,False,False,,,0.0,0.0,,,0.0,confirmed,confirmed,,,0,,0.0,3550452,3186,0,1109685,820,0,113120,0,3504488,2622,0,776471,442,0,1479993,0,0,0,2244,0,495000,0,0,69.07,30.93,0.0,181010,81073,0,0,262083
WA-02,house,WA,02,Rick Larsen,Edwin H. Feller,DEM,REP,DEM,DEM,33.27,99.9,0.1,Safe D,24.1,5.16,33.27,0.0,4.54,-0.53,24.45,8.82,False,False,,,0.0,0.0,,,0.0,confirmed,confirmed,,,0,,0.0,2038786,0,0,652100,0,0,0,0,1634123,0,0,118658,0,0,1157275,0,0,0,0,0,0,0,0,66.63,33.37,0.0,198287,99296,0,0,297583
WA-03,house,WA,03,Marie Gluesenkamp Perez,John Braun,DEM,REP,DEM,DEM,7.35,76.4,23.6,Likely D,-3.74,5.16,9.36,0.78,7.75,-0.59,-3.4,10.75,False,False,,,0.0,0.0,,,0.0,confirmed,confirmed,41.67,42.92,2,-4.0,0.15,6292683,2214441,0,2064820,1267035,0,247821,0,4254323,947406,0,278709,205710,0,864716,279845,0,0,11434,0,8500,600,0,53.68,46.32,0.0,159387,137555,0,0,296942
WA-04,house,WA,04,John Duresky,Amanda McKinney,DEM,REP,,REP,-16.18,5.7,94.3,Likely R,-20.54,5.16,-16.18,-1.52,0.0,0.72,-21.24,5.05,False,False,,,0.0,0.0,,,0.0,confirmed,confirmed,,,0,,0.0,179020,981820,0,34309,215447,0,0,2125940,144711,766373,0,50216,192066,0,7000,110500,0,887,63792,0,600,0,0,41.91,58.09,0.0,91622,127005,0,0,218627
WA-05,house,WA,05,Carmela Conroy,Michael Baumgartner,DEM,REP,REP,REP,-24.62,0.8,99.2,Safe R,-11.1,5.16,-27.38,-0.75,-19.99,-0.7,-11.11,-13.51,False,False,,,0.0,0.0,,,0.0,confirmed,confirmed,47.0,53.0,1,-9.0,0.15,396217,1738226,0,74463,953784,0,686438,121058,334896,976007,0,88416,186660,0,13100,366950,0,9941,0,0,23421,0,0,37.69,62.31,0.0,107069,177007,0,0,284075
WA-06,house,WA,06,Emily Randall,Teresa Fox,DEM,REP,DEM,DEM,26.27,99.5,0.5,Safe D,19.18,5.16,26.27,2.08,0.51,-0.66,19.89,6.38,False,False,,,0.0,0.0,,,0.0,confirmed,confirmed,,,0,,0.0,1195247,27615,0,241631,2836,0,0,0,981488,24779,0,231651,8476,0,311706,1000,0,0,7535,0,0,12344,0,63.14,36.86,0.0,192832,112592,0,0,305424
WA-07,house,WA,07,Pramila Jayapal,Nirav Sheth,DEM,REP,DEM,DEM,82.12,100.0,0.0,Safe D,77.58,5.16,82.12,2.79,-2.85,-0.56,77.56,4.56,False,False,,,0.0,0.0,,,0.0,confirmed,confirmed,,,0,,0.0,2502816,11811,0,1766786,5044,0,0,0,2748755,10525,0,1008781,661,0,281113,0,0,0,5900,0,0,0,0,91.06,8.94,0.0,278947,27390,0,0,306337
WA-08,house,WA,08,Kim Schrier,Spencer Meline,DEM,REP,DEM,DEM,16.64,94.8,5.2,Likely D,6.12,5.16,16.64,2.15,3.8,-0.59,5.97,10.67,False,False,,,0.0,0.0,,,0.0,confirmed,confirmed,,,0,,0.0,3016894,126517,0,3508751,89862,0,105040,0,1329765,36655,0,197673,2560,0,900550,0,0,0,85000,0,0,85000,0,58.32,41.68,0.0,174972,125043,0,0,300016
WA-09,house,WA,09,Adam Smith,Doug Basler,DEM,REP,DEM,DEM,51.05,100.0,0.0,Safe D,43.74,5.16,51.05,1.92,0.47,-0.25,42.69,8.35,False,False,,,0.0,0.0,,,0.0,confirmed,confirmed,,,0,,0.0,1882001,99242,0,869549,5021,0,0,0,1583206,94764,0,94878,3317,0,563165,0,0,0,72760,0,0,760,0,75.52,24.48,0.0,169491,54932,0,0,224424
WA-10,house,WA,10,Marilyn Strickland,Chris D. Chung,DEM,REP,DEM,DEM,25.08,99.3,0.7,Safe D,18.4,5.16,25.08,0.0,1.92,-0.4,18.6,6.47,False,False,,,0.0,0.0,,,0.0,confirmed,confirmed,,,0,,0.0,1511304,0,0,677498,0,0,391134,0,1414394,0,0,65724,0,0,667380,0,0,0,0,0,50000,0,0,62.54,37.46,0.0,157261,94199,0,0,251460
WI-01,house,WI,01,Mitchell Berman,Bryan Steil,DEM,REP,REP,REP,-4.4,33.3,66.7,Lean R,-2.85,5.16,-4.48,-1.48,-4.89,-0.42,-4.58,0.17,False,False,,,0.0,0.0,,,0.0,confirmed,confirmed,47.88,49.02,2,-4.04,0.173,712984,5467777,0,151644,6327099,0,0,0,561340,1359849,0,345825,253363,0,19500,1634675,0,0,0,0,0,0,0,47.8,52.2,0.0,135251,147710,0,0,282961
WI-02,house,WI,02,Mark Pocan,(no Republican filed),DEM,REP,DEM,DEM,49.25,100.0,0.0,Safe D,42.14,5.16,49.25,0.0,2.65,-0.7,40.75,8.5,False,False,,,0.0,0.0,,,0.0,confirmed,,,,0,,0.0,814874,0,0,884043,0,0,0,0,933048,0,0,124620,0,0,401660,0,0,0,0,0,0,0,0,74.62,25.38,0.0,245303,83422,0,0,328725
WI-03,house,WI,03,Rebecca Cooke,Derrick Van Orden,DEM,REP,REP,REP,4.96,68.7,31.3,Lean D,-5.68,5.16,5.94,0.1,7.27,-0.91,-7.51,12.48,False,False,,,0.0,0.0,,,0.0,confirmed,confirmed,49.96,46.05,5,0.9,0.194,8601146,7526052,0,1826605,4677029,0,27821,153880,6784680,3365829,0,2645733,1592300,0,523475,1009742,0,0,0,0,0,181867,0,52.48,47.52,0.0,154934,140284,0,0,295219
WI-04,house,WI,04,Gwen Moore,Tim Rogers,DEM,REP,DEM,DEM,62.66,100.0,0.0,Safe D,53.86,5.16,62.66,0.0,3.43,0.2,52.47,10.19,False,False,,,0.0,0.0,,,0.0,confirmed,confirmed,,,0,,0.0,1070659,0,0,28561,0,0,25000,0,1064346,0,0,35303,0,0,682991,0,0,668,0,0,4000,0,0,81.33,18.67,0.0,196809,45183,0,0,241993
WI-05,house,WI,05,Andrew Beck,Scott Fitzgerald,DEM,REP,REP,REP,-24.51,0.8,99.2,Safe R,-21.91,5.16,-24.51,-2.32,-4.66,-0.78,-22.45,-2.06,False,False,,,0.0,0.0,,,0.0,confirmed,confirmed,,,0,,0.0,14612,1376100,0,3158,1327087,0,0,0,11590,886619,0,3829,45262,0,0,872850,0,1625,0,0,425,0,0,37.74,62.26,0.0,127225,209851,0,0,337076
WI-06,house,WI,06,Democratic candidate (WI-06),Glenn Grothman,DEM,REP,REP,REP,-17.35,4.5,95.5,Safe R,-15.52,5.16,-16.01,0.0,-4.83,-0.81,-16.7,-0.66,False,False,,,0.0,0.0,,,0.0,projected,confirmed,39.0,61.0,1,-25.0,0.15,0,929020,0,0,829736,0,0,0,0,621774,0,0,97239,0,0,277750,0,0,0,0,0,139110,0,41.32,58.68,0.0,123755,175729,0,0,299484
WI-07,house,WI,07,Fred Clark,Michael Alfonso,DEM,REP,,REP,-18.12,3.8,96.2,Safe R,-21.14,5.16,-18.12,-1.15,0.0,-0.99,-22.84,4.72,False,False,,,0.0,0.0,,,0.0,confirmed,confirmed,,,0,,0.0,423041,1351546,0,173977,663408,0,199405,3289705,249064,688138,0,115985,63888,0,6500,211000,0,5030,0,0,5000,0,0,40.94,59.06,0.0,126613,182654,0,0,309267
WI-08,house,WI,08,Rick Crosson,Tony Wied,DEM,REP,REP,REP,-14.45,7.9,92.1,Likely R,-15.32,5.16,-14.45,-1.66,-1.81,-0.83,-16.46,2.02,False,False,,,0.0,0.0,,,0.0,confirmed,confirmed,,,0,,0.0,75430,1090216,0,23332,515561,0,0,0,39307,619885,0,19451,96766,0,6661,596900,0,1960,0,0,0,634225,0,42.78,57.22,0.0,128892,172426,0,0,301318
WV-01,house,WV,01,Vince George,Carol Miller,DEM,REP,REP,REP,-41.67,0.0,100.0,Safe R,-44.33,5.16,-41.67,-1.33,-0.22,-0.95,-45.2,3.53,False,False,,,0.0,0.0,,,0.0,confirmed,confirmed,,,0,,0.0,258330,1746898,0,258330,604379,0,0,25515,0,1382061,0,1480,2971,0,0,1232139,0,240000,0,0,240000,417993,0,29.16,70.84,0.0,74447,180816,0,0,255263
WV-02,house,WV,02,Ahsan Parsi,Riley Moore,DEM,REP,REP,REP,-41.18,0.0,100.0,Safe R,-39.89,5.16,-41.18,-1.51,-4.03,-0.91,-40.38,-0.79,False,False,,,0.0,0.0,,,0.0,projected,projected,,,0,,0.0,134245,1325162,0,43669,751072,0,0,0,90575,697053,0,33670,204309,0,1000,522450,0,60,0,0,0,60882,0,29.41,70.59,0.0,81886,196524,0,0,278410
WY-01,house,WY,01,Lisa Kinney,Chuck Gray,DEM,REP,,REP,-41.95,0.0,100.0,Safe R,-45.2,5.16,-41.95,-1.27,0.0,-0.64,-46.96,5.01,False,False,,,0.0,0.0,,,0.0,confirmed,projected,,,0,,0.0,17946,1621197,0,2532,240146,0,723633,36970,15414,1381051,0,6081,11618,0,0,2500,0,0,1377000,0,11223,1377000,0,29.03,70.97,0.0,54664,133669,0,0,188334
